

================================================================
== Synthesis Summary Report of 'cnn_core'
================================================================
+ General Information: 
    * Date:           Wed May 13 16:57:19 2026
    * Version:        2023.2 (Build 4023990 on Oct 11 2023)
    * Project:        cnn_core_prj
    * Solution:       solution1 (Vivado IP Flow Target)
    * Product family: kintexuplus
    * Target device:  xcku5p-ffvb676-2-e
    

+ Performance & Resource Estimates: 
    
    PS: '+' for module; 'o' for loop; '*' for dataflow
    +---------------------------------------------------------------------------+------+------+---------+-----------+----------+---------+------+----------+---------+----------+------------+-------------+-----+
    |                                  Modules                                  | Issue|      | Latency |  Latency  | Iteration|         | Trip |          |         |          |            |             |     |
    |                                  & Loops                                  | Type | Slack| (cycles)|    (ns)   |  Latency | Interval| Count| Pipelined|  BRAM   |    DSP   |     FF     |     LUT     | URAM|
    +---------------------------------------------------------------------------+------+------+---------+-----------+----------+---------+------+----------+---------+----------+------------+-------------+-----+
    |+ cnn_core*                                                                |     -|  0.41|     3082|  1.541e+04|         -|     3076|     -|  dataflow|  19 (1%)|  14 (~0%)|  30061 (6%)|  34994 (16%)|    -|
    | + repack_stream_array_ap_fixed_4u_array_ap_fixed_12_6_5_3_0_1u_1024_s     |     -|  1.22|     3075|  1.538e+04|         -|     3075|     -|        no|        -|         -|    86 (~0%)|    264 (~0%)|    -|
    |  o VITIS_LOOP_245_3_VITIS_LOOP_254_4                                      |    II|  3.65|     3073|  1.536e+04|         5|        3|  1024|       yes|        -|         -|           -|            -|    -|
    | + conv_2d_cl_array_ap_fixed_1u_array_ap_fixed_9_5_5_3_0_7u_config3_s      |     -|  0.73|     2051|  1.026e+04|         -|     2051|     -|        no|        -|   1 (~0%)|   533 (~0%)|   1432 (~0%)|    -|
    |  o ReadInputHeight_ReadInputWidth                                         |    II|  3.65|     2049|  1.024e+04|         4|        2|  1024|       yes|        -|         -|           -|            -|    -|
    |   + compute_output_buffer_2d_array_array_ap_fixed_9_5_5_3_0_7u_config3_s  |    II|  0.73|        2|     10.000|         -|        2|     -|       yes|        -|   1 (~0%)|   514 (~0%)|   1286 (~0%)|    -|
    |    + shift_line_buffer_array_ap_fixed_12_6_5_3_0_1u_config3_s             |    II|  0.78|        0|      0.000|         -|        1|     -|       yes|        -|         -|   257 (~0%)|    128 (~0%)|    -|
    |    + dense_latency_ap_fixed_12_6_5_3_0_ap_fixed_9_5_5_3_0_config3_mult_s  |     -|  0.73|        0|      0.000|         -|        1|     -|       yes|        -|   1 (~0%)|           -|    791 (~0%)|    -|
    | + relu_array_ap_fixed_7u_array_ap_fixed_16_6_5_3_0_7u_relu_config4_s      |     -|  1.15|      339|  1.695e+03|         -|      339|     -|        no|        -|         -|    78 (~0%)|    311 (~0%)|    -|
    |  o ReLUActLoop                                                            |     -|  3.65|      337|  1.685e+03|         3|        1|   336|       yes|        -|         -|           -|            -|    -|
    | + pooling2d_cl_array_ap_fixed_7u_array_ap_fixed_16_6_5_3_0_7u_config5_s   |     -|  0.72|      674|  3.370e+03|         -|      674|     -|        no|        -|         -|   820 (~0%)|    964 (~0%)|    -|
    |  o ReadInputHeight_ReadInputWidth                                         |    II|  3.65|      672|  3.360e+03|         3|        2|   336|       yes|        -|         -|           -|            -|    -|
    |   + shift_line_buffer_array_ap_fixed_16_6_5_3_0_7u_config5_s              |    II|  2.93|        0|      0.000|         -|        1|     -|       yes|        -|         -|   449 (~0%)|    224 (~0%)|    -|
    | + dense_array_ap_fixed_7u_array_ap_fixed_9_5_5_3_0_1u_config7_s           |     -|  0.41|      176|    880.000|         -|      176|     -|        no|        -|  13 (~0%)|  27888 (6%)|  31767 (14%)|    -|
    |  + dense_array_array_ap_fixed_9_5_5_3_0_1u_config7_Pipeline_DataPrepare   |     -|  1.91|      170|    850.000|         -|      170|     -|        no|        -|         -|  12659 (2%)|     79 (~0%)|    -|
    |   o DataPrepare                                                           |     -|  3.65|      168|    840.000|         2|        1|   168|       yes|        -|         -|           -|            -|    -|
    |  + dense_latency_wrapper_ap_fixed_ap_fixed_9_5_5_3_0_config7_s            |     -|  0.41|        2|     10.000|         -|        1|     -|       yes|        -|  13 (~0%)|  15220 (3%)|  31614 (14%)|    -|
    +---------------------------------------------------------------------------+------+------+---------+-----------+----------+---------+------+----------+---------+----------+------------+-------------+-----+


================================================================
== HW Interfaces
================================================================
* AXIS
+-------------+-----------+---------------+-------+--------+--------+
| Interface   | Direction | Register Mode | TDATA | TREADY | TVALID |
+-------------+-----------+---------------+-------+--------+--------+
| input_layer | in        | both          | 64    | 1      | 1      |
| layer7_out  | out       | both          | 16    | 1      | 1      |
+-------------+-----------+---------------+-------+--------+--------+

* TOP LEVEL CONTROL
+-----------+------------+-----------------------------------+
| Interface | Type       | Ports                             |
+-----------+------------+-----------------------------------+
| ap_clk    | clock      | ap_clk                            |
| ap_rst_n  | reset      | ap_rst_n                          |
| ap_ctrl   | ap_ctrl_hs | ap_done ap_idle ap_ready ap_start |
+-----------+------------+-----------------------------------+


================================================================
== SW I/O Information
================================================================
* Top Function Arguments
+-------------+-----------+-----------------------------------------------------------------+
| Argument    | Direction | Datatype                                                        |
+-------------+-----------+-----------------------------------------------------------------+
| input_layer | in        | stream<nnet::array<ap_fixed<12, 6, AP_TRN, AP_WRAP, 0>, 4>, 0>& |
| layer7_out  | out       | stream<nnet::array<ap_fixed<9, 5, AP_TRN, AP_WRAP, 0>, 1>, 0>&  |
+-------------+-----------+-----------------------------------------------------------------+

* SW-to-HW Mapping
+-------------+--------------+-----------+
| Argument    | HW Interface | HW Type   |
+-------------+--------------+-----------+
| input_layer | input_layer  | interface |
| layer7_out  | layer7_out   | interface |
+-------------+--------------+-----------+


================================================================
== Bind Op Report
================================================================
+--------------------------------------------------------------------------+-----+--------+--------------+-----+--------+---------+
| Name                                                                     | DSP | Pragma | Variable     | Op  | Impl   | Latency |
+--------------------------------------------------------------------------+-----+--------+--------------+-----+--------+---------+
| + cnn_core                                                               | 14  |        |              |     |        |         |
|  + repack_stream_array_ap_fixed_4u_array_ap_fixed_12_6_5_3_0_1u_1024_s   | 0   |        |              |     |        |         |
|    add_ln245_fu_177_p2                                                   |     |        | add_ln245    | add | fabric | 0       |
|    add_ln254_fu_242_p2                                                   |     |        | add_ln254    | add | fabric | 0       |
|  + conv_2d_cl_array_ap_fixed_1u_array_ap_fixed_9_5_5_3_0_7u_config3_s    | 1   |        |              |     |        |         |
|    add_ln25_fu_116_p2                                                    |     |        | add_ln25     | add | fabric | 0       |
|   + compute_output_buffer_2d_array_array_ap_fixed_9_5_5_3_0_7u_config3_s | 1   |        |              |     |        |         |
|     add_ln303_fu_218_p2                                                  |     |        | add_ln303    | add | fabric | 0       |
|     add_ln307_fu_242_p2                                                  |     |        | add_ln307    | add | fabric | 0       |
|     add_ln313_fu_268_p2                                                  |     |        | add_ln313    | add | fabric | 0       |
|    + dense_latency_ap_fixed_12_6_5_3_0_ap_fixed_9_5_5_3_0_config3_mult_s | 1   |        |              |     |        |         |
|      sub_ln42_fu_299_p2                                                  |     |        | sub_ln42     | sub | fabric | 0       |
|      sub_ln42_1_fu_305_p2                                                |     |        | sub_ln42_1   | sub | fabric | 0       |
|      mul_12s_5ns_15_1_1_U12                                              | 1   |        | mul_ln42     | mul | auto   | 0       |
|      sub_ln42_2_fu_348_p2                                                |     |        | sub_ln42_2   | sub | fabric | 0       |
|      sub_ln42_7_fu_430_p2                                                |     |        | sub_ln42_7   | sub | fabric | 0       |
|      sub_ln42_8_fu_468_p2                                                |     |        | sub_ln42_8   | sub | fabric | 0       |
|      add_ln58_fu_474_p2                                                  |     |        | add_ln58     | add | fabric | 0       |
|      add_ln58_790_fu_484_p2                                              |     |        | add_ln58_790 | add | fabric | 0       |
|      add_ln58_791_fu_494_p2                                              |     |        | add_ln58_791 | add | fabric | 0       |
|      sub_ln58_fu_504_p2                                                  |     |        | sub_ln58     | sub | fabric | 0       |
|      tmp34_i_fu_510_p2                                                   |     |        | tmp34_i      | add | fabric | 0       |
|      add_ln58_792_fu_524_p2                                              |     |        | add_ln58_792 | add | fabric | 0       |
|      add_ln58_794_fu_546_p2                                              |     |        | add_ln58_794 | add | fabric | 0       |
|      add_ln58_796_fu_558_p2                                              |     |        | add_ln58_796 | add | fabric | 0       |
|      add_ln58_799_fu_576_p2                                              |     |        | add_ln58_799 | add | fabric | 0       |
|      tmp539_i_fu_598_p2                                                  |     |        | tmp539_i     | sub | fabric | 0       |
|      add_ln58_803_fu_618_p2                                              |     |        | add_ln58_803 | add | fabric | 0       |
|      tmp55_i_fu_634_p2                                                   |     |        | tmp55_i      | add | fabric | 0       |
|      tmp57_i_fu_686_p2                                                   |     |        | tmp57_i      | add | fabric | 0       |
|      tmp58_i_fu_704_p2                                                   |     |        | tmp58_i      | sub | fabric | 0       |
|  + relu_array_ap_fixed_7u_array_ap_fixed_16_6_5_3_0_7u_relu_config4_s    | 0   |        |              |     |        |         |
|    i_2_fu_115_p2                                                         |     |        | i_2          | add | fabric | 0       |
|  + pooling2d_cl_array_ap_fixed_7u_array_ap_fixed_16_6_5_3_0_7u_config5_s | 0   |        |              |     |        |         |
|    add_ln109_fu_217_p2                                                   |     |        | add_ln109    | add | fabric | 0       |
|    add_ln76_fu_273_p2                                                    |     |        | add_ln76     | add | fabric | 0       |
|    add_ln80_fu_297_p2                                                    |     |        | add_ln80     | add | fabric | 0       |
|    add_ln86_fu_323_p2                                                    |     |        | add_ln86     | add | fabric | 0       |
|  + dense_array_ap_fixed_7u_array_ap_fixed_9_5_5_3_0_1u_config7_s         | 13  |        |              |     |        |         |
|   + dense_array_array_ap_fixed_9_5_5_3_0_1u_config7_Pipeline_DataPrepare | 0   |        |              |     |        |         |
|     add_ln33_fu_10684_p2                                                 |     |        | add_ln33     | add | fabric | 0       |
|   + dense_latency_wrapper_ap_fixed_ap_fixed_9_5_5_3_0_config7_s          | 13  |        |              |     |        |         |
|     sub_ln73_fu_68822_p2                                                 |     |        | sub_ln73     | sub | fabric | 0       |
|     sub_ln73_1_fu_68846_p2                                               |     |        | sub_ln73_1   | sub | fabric | 0       |
|     sub_ln73_455_fu_68878_p2                                             |     |        | sub_ln73_455 | sub | fabric | 0       |
|     sub_ln73_2_fu_68902_p2                                               |     |        | sub_ln73_2   | sub | fabric | 0       |
|     sub_ln73_3_fu_68926_p2                                               |     |        | sub_ln73_3   | sub | fabric | 0       |
|     sub_ln73_4_fu_68950_p2                                               |     |        | sub_ln73_4   | sub | fabric | 0       |
|     sub_ln73_456_fu_68982_p2                                             |     |        | sub_ln73_456 | sub | fabric | 0       |
|     sub_ln73_5_fu_69006_p2                                               |     |        | sub_ln73_5   | sub | fabric | 0       |
|     sub_ln73_6_fu_69030_p2                                               |     |        | sub_ln73_6   | sub | fabric | 0       |
|     sub_ln73_7_fu_69054_p2                                               |     |        | sub_ln73_7   | sub | fabric | 0       |
|     sub_ln73_457_fu_69086_p2                                             |     |        | sub_ln73_457 | sub | fabric | 0       |
|     sub_ln73_8_fu_69110_p2                                               |     |        | sub_ln73_8   | sub | fabric | 0       |
|     sub_ln73_9_fu_69134_p2                                               |     |        | sub_ln73_9   | sub | fabric | 0       |
|     sub_ln73_10_fu_69158_p2                                              |     |        | sub_ln73_10  | sub | fabric | 0       |
|     sub_ln73_11_fu_69182_p2                                              |     |        | sub_ln73_11  | sub | fabric | 0       |
|     sub_ln73_12_fu_69206_p2                                              |     |        | sub_ln73_12  | sub | fabric | 0       |
|     sub_ln73_13_fu_69230_p2                                              |     |        | sub_ln73_13  | sub | fabric | 0       |
|     sub_ln73_14_fu_69254_p2                                              |     |        | sub_ln73_14  | sub | fabric | 0       |
|     sub_ln73_458_fu_69286_p2                                             |     |        | sub_ln73_458 | sub | fabric | 0       |
|     sub_ln73_15_fu_69310_p2                                              |     |        | sub_ln73_15  | sub | fabric | 0       |
|     sub_ln73_16_fu_69334_p2                                              |     |        | sub_ln73_16  | sub | fabric | 0       |
|     sub_ln73_17_fu_69358_p2                                              |     |        | sub_ln73_17  | sub | fabric | 0       |
|     sub_ln73_459_fu_69390_p2                                             |     |        | sub_ln73_459 | sub | fabric | 0       |
|     sub_ln73_18_fu_69414_p2                                              |     |        | sub_ln73_18  | sub | fabric | 0       |
|     sub_ln73_19_fu_69438_p2                                              |     |        | sub_ln73_19  | sub | fabric | 0       |
|     sub_ln73_20_fu_69462_p2                                              |     |        | sub_ln73_20  | sub | fabric | 0       |
|     sub_ln73_21_fu_69486_p2                                              |     |        | sub_ln73_21  | sub | fabric | 0       |
|     sub_ln73_22_fu_69510_p2                                              |     |        | sub_ln73_22  | sub | fabric | 0       |
|     sub_ln73_23_fu_69534_p2                                              |     |        | sub_ln73_23  | sub | fabric | 0       |
|     sub_ln73_24_fu_69558_p2                                              |     |        | sub_ln73_24  | sub | fabric | 0       |
|     sub_ln73_25_fu_69582_p2                                              |     |        | sub_ln73_25  | sub | fabric | 0       |
|     sub_ln73_460_fu_69614_p2                                             |     |        | sub_ln73_460 | sub | fabric | 0       |
|     sub_ln73_26_fu_69638_p2                                              |     |        | sub_ln73_26  | sub | fabric | 0       |
|     sub_ln73_27_fu_69676_p2                                              |     |        | sub_ln73_27  | sub | fabric | 0       |
|     sub_ln73_28_fu_69700_p2                                              |     |        | sub_ln73_28  | sub | fabric | 0       |
|     sub_ln73_29_fu_69724_p2                                              |     |        | sub_ln73_29  | sub | fabric | 0       |
|     sub_ln73_30_fu_69748_p2                                              |     |        | sub_ln73_30  | sub | fabric | 0       |
|     sub_ln73_31_fu_69772_p2                                              |     |        | sub_ln73_31  | sub | fabric | 0       |
|     sub_ln73_32_fu_69796_p2                                              |     |        | sub_ln73_32  | sub | fabric | 0       |
|     sub_ln73_33_fu_69820_p2                                              |     |        | sub_ln73_33  | sub | fabric | 0       |
|     sub_ln73_34_fu_69844_p2                                              |     |        | sub_ln73_34  | sub | fabric | 0       |
|     sub_ln73_35_fu_69882_p2                                              |     |        | sub_ln73_35  | sub | fabric | 0       |
|     sub_ln73_36_fu_69906_p2                                              |     |        | sub_ln73_36  | sub | fabric | 0       |
|     sub_ln73_461_fu_69938_p2                                             |     |        | sub_ln73_461 | sub | fabric | 0       |
|     sub_ln73_37_fu_69962_p2                                              |     |        | sub_ln73_37  | sub | fabric | 0       |
|     sub_ln73_38_fu_69986_p2                                              |     |        | sub_ln73_38  | sub | fabric | 0       |
|     sub_ln73_39_fu_70010_p2                                              |     |        | sub_ln73_39  | sub | fabric | 0       |
|     sub_ln73_462_fu_70042_p2                                             |     |        | sub_ln73_462 | sub | fabric | 0       |
|     sub_ln73_463_fu_70074_p2                                             |     |        | sub_ln73_463 | sub | fabric | 0       |
|     sub_ln73_464_fu_70106_p2                                             |     |        | sub_ln73_464 | sub | fabric | 0       |
|     sub_ln73_40_fu_70130_p2                                              |     |        | sub_ln73_40  | sub | fabric | 0       |
|     sub_ln73_465_fu_70162_p2                                             |     |        | sub_ln73_465 | sub | fabric | 0       |
|     sub_ln73_466_fu_70194_p2                                             |     |        | sub_ln73_466 | sub | fabric | 0       |
|     sub_ln73_41_fu_70218_p2                                              |     |        | sub_ln73_41  | sub | fabric | 0       |
|     sub_ln73_42_fu_70242_p2                                              |     |        | sub_ln73_42  | sub | fabric | 0       |
|     sub_ln73_467_fu_70274_p2                                             |     |        | sub_ln73_467 | sub | fabric | 0       |
|     sub_ln73_43_fu_70298_p2                                              |     |        | sub_ln73_43  | sub | fabric | 0       |
|     sub_ln73_44_fu_70322_p2                                              |     |        | sub_ln73_44  | sub | fabric | 0       |
|     sub_ln73_45_fu_70346_p2                                              |     |        | sub_ln73_45  | sub | fabric | 0       |
|     sub_ln73_46_fu_70370_p2                                              |     |        | sub_ln73_46  | sub | fabric | 0       |
|     sub_ln73_47_fu_70394_p2                                              |     |        | sub_ln73_47  | sub | fabric | 0       |
|     sub_ln73_48_fu_70432_p2                                              |     |        | sub_ln73_48  | sub | fabric | 0       |
|     sub_ln73_49_fu_70456_p2                                              |     |        | sub_ln73_49  | sub | fabric | 0       |
|     sub_ln73_468_fu_70488_p2                                             |     |        | sub_ln73_468 | sub | fabric | 0       |
|     sub_ln73_50_fu_70512_p2                                              |     |        | sub_ln73_50  | sub | fabric | 0       |
|     sub_ln73_51_fu_70536_p2                                              |     |        | sub_ln73_51  | sub | fabric | 0       |
|     sub_ln73_52_fu_70560_p2                                              |     |        | sub_ln73_52  | sub | fabric | 0       |
|     sub_ln73_53_fu_70584_p2                                              |     |        | sub_ln73_53  | sub | fabric | 0       |
|     sub_ln73_469_fu_70616_p2                                             |     |        | sub_ln73_469 | sub | fabric | 0       |
|     sub_ln73_54_fu_70640_p2                                              |     |        | sub_ln73_54  | sub | fabric | 0       |
|     sub_ln73_55_fu_70678_p2                                              |     |        | sub_ln73_55  | sub | fabric | 0       |
|     sub_ln73_56_fu_70702_p2                                              |     |        | sub_ln73_56  | sub | fabric | 0       |
|     sub_ln73_57_fu_70726_p2                                              |     |        | sub_ln73_57  | sub | fabric | 0       |
|     sub_ln73_470_fu_70758_p2                                             |     |        | sub_ln73_470 | sub | fabric | 0       |
|     sub_ln73_58_fu_70782_p2                                              |     |        | sub_ln73_58  | sub | fabric | 0       |
|     sub_ln73_59_fu_70806_p2                                              |     |        | sub_ln73_59  | sub | fabric | 0       |
|     sub_ln73_60_fu_70830_p2                                              |     |        | sub_ln73_60  | sub | fabric | 0       |
|     sub_ln73_471_fu_70862_p2                                             |     |        | sub_ln73_471 | sub | fabric | 0       |
|     sub_ln73_61_fu_70886_p2                                              |     |        | sub_ln73_61  | sub | fabric | 0       |
|     sub_ln73_62_fu_70910_p2                                              |     |        | sub_ln73_62  | sub | fabric | 0       |
|     sub_ln73_472_fu_70942_p2                                             |     |        | sub_ln73_472 | sub | fabric | 0       |
|     sub_ln73_473_fu_70974_p2                                             |     |        | sub_ln73_473 | sub | fabric | 0       |
|     sub_ln73_63_fu_70998_p2                                              |     |        | sub_ln73_63  | sub | fabric | 0       |
|     sub_ln73_64_fu_71022_p2                                              |     |        | sub_ln73_64  | sub | fabric | 0       |
|     sub_ln73_65_fu_71046_p2                                              |     |        | sub_ln73_65  | sub | fabric | 0       |
|     sub_ln73_66_fu_71070_p2                                              |     |        | sub_ln73_66  | sub | fabric | 0       |
|     sub_ln73_474_fu_71102_p2                                             |     |        | sub_ln73_474 | sub | fabric | 0       |
|     sub_ln73_67_fu_71126_p2                                              |     |        | sub_ln73_67  | sub | fabric | 0       |
|     sub_ln73_68_fu_71150_p2                                              |     |        | sub_ln73_68  | sub | fabric | 0       |
|     sub_ln73_69_fu_71174_p2                                              |     |        | sub_ln73_69  | sub | fabric | 0       |
|     sub_ln73_475_fu_71206_p2                                             |     |        | sub_ln73_475 | sub | fabric | 0       |
|     sub_ln73_70_fu_71230_p2                                              |     |        | sub_ln73_70  | sub | fabric | 0       |
|     sub_ln73_71_fu_71254_p2                                              |     |        | sub_ln73_71  | sub | fabric | 0       |
|     sub_ln73_72_fu_71278_p2                                              |     |        | sub_ln73_72  | sub | fabric | 0       |
|     sub_ln73_476_fu_71310_p2                                             |     |        | sub_ln73_476 | sub | fabric | 0       |
|     sub_ln73_73_fu_71334_p2                                              |     |        | sub_ln73_73  | sub | fabric | 0       |
|     sub_ln73_74_fu_71358_p2                                              |     |        | sub_ln73_74  | sub | fabric | 0       |
|     sub_ln73_75_fu_71382_p2                                              |     |        | sub_ln73_75  | sub | fabric | 0       |
|     sub_ln73_477_fu_71414_p2                                             |     |        | sub_ln73_477 | sub | fabric | 0       |
|     sub_ln73_76_fu_71438_p2                                              |     |        | sub_ln73_76  | sub | fabric | 0       |
|     sub_ln73_77_fu_71462_p2                                              |     |        | sub_ln73_77  | sub | fabric | 0       |
|     sub_ln73_78_fu_71486_p2                                              |     |        | sub_ln73_78  | sub | fabric | 0       |
|     sub_ln73_478_fu_71532_p2                                             |     |        | sub_ln73_478 | sub | fabric | 0       |
|     sub_ln73_79_fu_71556_p2                                              |     |        | sub_ln73_79  | sub | fabric | 0       |
|     sub_ln73_80_fu_71580_p2                                              |     |        | sub_ln73_80  | sub | fabric | 0       |
|     sub_ln73_81_fu_71604_p2                                              |     |        | sub_ln73_81  | sub | fabric | 0       |
|     sub_ln73_479_fu_71636_p2                                             |     |        | sub_ln73_479 | sub | fabric | 0       |
|     sub_ln73_82_fu_71660_p2                                              |     |        | sub_ln73_82  | sub | fabric | 0       |
|     sub_ln73_83_fu_71684_p2                                              |     |        | sub_ln73_83  | sub | fabric | 0       |
|     sub_ln73_84_fu_71708_p2                                              |     |        | sub_ln73_84  | sub | fabric | 0       |
|     sub_ln73_480_fu_71740_p2                                             |     |        | sub_ln73_480 | sub | fabric | 0       |
|     sub_ln73_85_fu_71764_p2                                              |     |        | sub_ln73_85  | sub | fabric | 0       |
|     sub_ln73_86_fu_71788_p2                                              |     |        | sub_ln73_86  | sub | fabric | 0       |
|     sub_ln73_87_fu_71812_p2                                              |     |        | sub_ln73_87  | sub | fabric | 0       |
|     sub_ln73_481_fu_71844_p2                                             |     |        | sub_ln73_481 | sub | fabric | 0       |
|     sub_ln73_482_fu_71876_p2                                             |     |        | sub_ln73_482 | sub | fabric | 0       |
|     sub_ln73_88_fu_71900_p2                                              |     |        | sub_ln73_88  | sub | fabric | 0       |
|     sub_ln73_89_fu_71924_p2                                              |     |        | sub_ln73_89  | sub | fabric | 0       |
|     sub_ln73_90_fu_71948_p2                                              |     |        | sub_ln73_90  | sub | fabric | 0       |
|     sub_ln73_91_fu_71972_p2                                              |     |        | sub_ln73_91  | sub | fabric | 0       |
|     sub_ln73_92_fu_71996_p2                                              |     |        | sub_ln73_92  | sub | fabric | 0       |
|     sub_ln73_93_fu_72020_p2                                              |     |        | sub_ln73_93  | sub | fabric | 0       |
|     sub_ln73_483_fu_72052_p2                                             |     |        | sub_ln73_483 | sub | fabric | 0       |
|     sub_ln73_94_fu_72076_p2                                              |     |        | sub_ln73_94  | sub | fabric | 0       |
|     sub_ln73_95_fu_72100_p2                                              |     |        | sub_ln73_95  | sub | fabric | 0       |
|     sub_ln73_96_fu_72124_p2                                              |     |        | sub_ln73_96  | sub | fabric | 0       |
|     sub_ln73_484_fu_72156_p2                                             |     |        | sub_ln73_484 | sub | fabric | 0       |
|     sub_ln73_97_fu_72180_p2                                              |     |        | sub_ln73_97  | sub | fabric | 0       |
|     sub_ln73_98_fu_72218_p2                                              |     |        | sub_ln73_98  | sub | fabric | 0       |
|     sub_ln73_99_fu_72242_p2                                              |     |        | sub_ln73_99  | sub | fabric | 0       |
|     sub_ln73_485_fu_72274_p2                                             |     |        | sub_ln73_485 | sub | fabric | 0       |
|     sub_ln73_100_fu_72298_p2                                             |     |        | sub_ln73_100 | sub | fabric | 0       |
|     sub_ln73_101_fu_72336_p2                                             |     |        | sub_ln73_101 | sub | fabric | 0       |
|     sub_ln73_660_fu_72372_p2                                             |     |        | sub_ln73_660 | sub | fabric | 0       |
|     sub_ln73_102_fu_72392_p2                                             |     |        | sub_ln73_102 | sub | fabric | 0       |
|     sub_ln73_661_fu_72456_p2                                             |     |        | sub_ln73_661 | sub | fabric | 0       |
|     sub_ln73_103_fu_72476_p2                                             |     |        | sub_ln73_103 | sub | fabric | 0       |
|     sub_ln73_104_fu_72528_p2                                             |     |        | sub_ln73_104 | sub | fabric | 0       |
|     sub_ln73_662_fu_72564_p2                                             |     |        | sub_ln73_662 | sub | fabric | 0       |
|     sub_ln73_105_fu_72584_p2                                             |     |        | sub_ln73_105 | sub | fabric | 0       |
|     sub_ln73_106_fu_72608_p2                                             |     |        | sub_ln73_106 | sub | fabric | 0       |
|     sub_ln73_663_fu_72658_p2                                             |     |        | sub_ln73_663 | sub | fabric | 0       |
|     sub_ln73_107_fu_72678_p2                                             |     |        | sub_ln73_107 | sub | fabric | 0       |
|     sub_ln73_486_fu_72724_p2                                             |     |        | sub_ln73_486 | sub | fabric | 0       |
|     add_ln73_fu_72756_p2                                                 |     |        | add_ln73     | add | fabric | 0       |
|     sub_ln73_487_fu_72788_p2                                             |     |        | sub_ln73_487 | sub | fabric | 0       |
|     sub_ln73_488_fu_72824_p2                                             |     |        | sub_ln73_488 | sub | fabric | 0       |
|     sub_ln73_664_fu_72856_p2                                             |     |        | sub_ln73_664 | sub | fabric | 0       |
|     sub_ln73_489_fu_72902_p2                                             |     |        | sub_ln73_489 | sub | fabric | 0       |
|     sub_ln73_490_fu_72930_p2                                             |     |        | sub_ln73_490 | sub | fabric | 0       |
|     sub_ln73_491_fu_72976_p2                                             |     |        | sub_ln73_491 | sub | fabric | 0       |
|     sub_ln73_492_fu_73012_p2                                             |     |        | sub_ln73_492 | sub | fabric | 0       |
|     sub_ln73_665_fu_73044_p2                                             |     |        | sub_ln73_665 | sub | fabric | 0       |
|     sub_ln73_493_fu_73086_p2                                             |     |        | sub_ln73_493 | sub | fabric | 0       |
|     add_ln73_1_fu_73118_p2                                               |     |        | add_ln73_1   | add | fabric | 0       |
|     sub_ln73_494_fu_73168_p2                                             |     |        | sub_ln73_494 | sub | fabric | 0       |
|     sub_ln73_666_fu_73200_p2                                             |     |        | sub_ln73_666 | sub | fabric | 0       |
|     sub_ln73_495_fu_73232_p2                                             |     |        | sub_ln73_495 | sub | fabric | 0       |
|     sub_ln73_496_fu_73260_p2                                             |     |        | sub_ln73_496 | sub | fabric | 0       |
|     sub_ln73_497_fu_73324_p2                                             |     |        | sub_ln73_497 | sub | fabric | 0       |
|     sub_ln73_498_fu_73352_p2                                             |     |        | sub_ln73_498 | sub | fabric | 0       |
|     sub_ln73_499_fu_73388_p2                                             |     |        | sub_ln73_499 | sub | fabric | 0       |
|     sub_ln73_500_fu_73420_p2                                             |     |        | sub_ln73_500 | sub | fabric | 0       |
|     sub_ln73_501_fu_73448_p2                                             |     |        | sub_ln73_501 | sub | fabric | 0       |
|     add_ln73_2_fu_73480_p2                                               |     |        | add_ln73_2   | add | fabric | 0       |
|     mul_16s_5ns_19_1_1_U851                                              | 1   |        | mul_ln42     | mul | auto   | 0       |
|     sub_ln73_502_fu_73565_p2                                             |     |        | sub_ln73_502 | sub | fabric | 0       |
|     sub_ln73_503_fu_73593_p2                                             |     |        | sub_ln73_503 | sub | fabric | 0       |
|     add_ln73_3_fu_73625_p2                                               |     |        | add_ln73_3   | add | fabric | 0       |
|     mul_16s_5ns_19_1_1_U852                                              | 1   |        | mul_ln42_1   | mul | auto   | 0       |
|     sub_ln73_504_fu_73668_p2                                             |     |        | sub_ln73_504 | sub | fabric | 0       |
|     sub_ln73_505_fu_73728_p2                                             |     |        | sub_ln73_505 | sub | fabric | 0       |
|     sub_ln73_506_fu_73756_p2                                             |     |        | sub_ln73_506 | sub | fabric | 0       |
|     add_ln73_4_fu_73788_p2                                               |     |        | add_ln73_4   | add | fabric | 0       |
|     sub_ln73_507_fu_73828_p2                                             |     |        | sub_ln73_507 | sub | fabric | 0       |
|     sub_ln73_508_fu_73898_p2                                             |     |        | sub_ln73_508 | sub | fabric | 0       |
|     sub_ln73_509_fu_73926_p2                                             |     |        | sub_ln73_509 | sub | fabric | 0       |
|     add_ln73_5_fu_73958_p2                                               |     |        | add_ln73_5   | add | fabric | 0       |
|     mul_16s_5ns_19_1_1_U847                                              | 1   |        | mul_ln42_2   | mul | auto   | 0       |
|     add_ln73_6_fu_74029_p2                                               |     |        | add_ln73_6   | add | fabric | 0       |
|     add_ln73_7_fu_74057_p2                                               |     |        | add_ln73_7   | add | fabric | 0       |
|     mul_16s_5ns_19_1_1_U848                                              | 1   |        | mul_ln42_3   | mul | auto   | 0       |
|     add_ln73_8_fu_74100_p2                                               |     |        | add_ln73_8   | add | fabric | 0       |
|     add_ln73_9_fu_74136_p2                                               |     |        | add_ln73_9   | add | fabric | 0       |
|     sub_ln73_510_fu_74172_p2                                             |     |        | sub_ln73_510 | sub | fabric | 0       |
|     sub_ln73_513_fu_74246_p2                                             |     |        | sub_ln73_513 | sub | fabric | 0       |
|     add_ln73_10_fu_74274_p2                                              |     |        | add_ln73_10  | add | fabric | 0       |
|     mul_16s_5ns_19_1_1_U849                                              | 1   |        | mul_ln42_4   | mul | auto   | 0       |
|     add_ln73_11_fu_74317_p2                                              |     |        | add_ln73_11  | add | fabric | 0       |
|     add_ln73_12_fu_74353_p2                                              |     |        | add_ln73_12  | add | fabric | 0       |
|     sub_ln73_514_fu_74389_p2                                             |     |        | sub_ln73_514 | sub | fabric | 0       |
|     sub_ln73_667_fu_74421_p2                                             |     |        | sub_ln73_667 | sub | fabric | 0       |
|     sub_ln73_515_fu_74457_p2                                             |     |        | sub_ln73_515 | sub | fabric | 0       |
|     add_ln73_13_fu_74485_p2                                              |     |        | add_ln73_13  | add | fabric | 0       |
|     mul_16s_5ns_19_1_1_U850                                              | 1   |        | mul_ln42_5   | mul | auto   | 0       |
|     add_ln73_14_fu_74546_p2                                              |     |        | add_ln73_14  | add | fabric | 0       |
|     sub_ln73_516_fu_74582_p2                                             |     |        | sub_ln73_516 | sub | fabric | 0       |
|     sub_ln73_519_fu_74656_p2                                             |     |        | sub_ln73_519 | sub | fabric | 0       |
|     add_ln73_15_fu_74684_p2                                              |     |        | add_ln73_15  | add | fabric | 0       |
|     mul_16s_5ns_19_1_1_U843                                              | 1   |        | mul_ln42_6   | mul | auto   | 0       |
|     mul_16s_5ns_19_1_1_U844                                              | 1   |        | mul_ln42_7   | mul | auto   | 0       |
|     sub_ln73_520_fu_74760_p2                                             |     |        | sub_ln73_520 | sub | fabric | 0       |
|     sub_ln73_521_fu_74788_p2                                             |     |        | sub_ln73_521 | sub | fabric | 0       |
|     sub_ln73_522_fu_74824_p2                                             |     |        | sub_ln73_522 | sub | fabric | 0       |
|     sub_ln73_523_fu_74856_p2                                             |     |        | sub_ln73_523 | sub | fabric | 0       |
|     add_ln73_16_fu_74930_p2                                              |     |        | add_ln73_16  | add | fabric | 0       |
|     sub_ln73_524_fu_74958_p2                                             |     |        | sub_ln73_524 | sub | fabric | 0       |
|     add_ln73_17_fu_74990_p2                                              |     |        | add_ln73_17  | add | fabric | 0       |
|     sub_ln73_525_fu_75022_p2                                             |     |        | sub_ln73_525 | sub | fabric | 0       |
|     mul_16s_5ns_19_1_1_U845                                              | 1   |        | mul_ln42_8   | mul | auto   | 0       |
|     add_ln73_18_fu_75117_p2                                              |     |        | add_ln73_18  | add | fabric | 0       |
|     sub_ln73_526_fu_75149_p2                                             |     |        | sub_ln73_526 | sub | fabric | 0       |
|     add_ln73_19_fu_75223_p2                                              |     |        | add_ln73_19  | add | fabric | 0       |
|     add_ln73_20_fu_75265_p2                                              |     |        | add_ln73_20  | add | fabric | 0       |
|     sub_ln73_527_fu_75297_p2                                             |     |        | sub_ln73_527 | sub | fabric | 0       |
|     mul_16s_5ns_19_1_1_U846                                              | 1   |        | mul_ln42_9   | mul | auto   | 0       |
|     add_ln73_21_fu_75392_p2                                              |     |        | add_ln73_21  | add | fabric | 0       |
|     sub_ln73_528_fu_75432_p2                                             |     |        | sub_ln73_528 | sub | fabric | 0       |
|     sub_ln73_108_fu_75452_p2                                             |     |        | sub_ln73_108 | sub | fabric | 0       |
|     sub_ln73_529_fu_75484_p2                                             |     |        | sub_ln73_529 | sub | fabric | 0       |
|     mul_16s_6ns_19_1_1_U840                                              | 1   |        | mul_ln42_10  | mul | auto   | 0       |
|     add_ln73_22_fu_75535_p2                                              |     |        | add_ln73_22  | add | fabric | 0       |
|     sub_ln73_530_fu_75595_p2                                             |     |        | sub_ln73_530 | sub | fabric | 0       |
|     sub_ln73_109_fu_75615_p2                                             |     |        | sub_ln73_109 | sub | fabric | 0       |
|     sub_ln73_531_fu_75647_p2                                             |     |        | sub_ln73_531 | sub | fabric | 0       |
|     mul_16s_6ns_19_1_1_U842                                              | 1   |        | mul_ln42_11  | mul | auto   | 0       |
|     add_ln73_23_fu_75698_p2                                              |     |        | add_ln73_23  | add | fabric | 0       |
|     sub_ln73_532_fu_75766_p2                                             |     |        | sub_ln73_532 | sub | fabric | 0       |
|     sub_ln73_533_fu_75794_p2                                             |     |        | sub_ln73_533 | sub | fabric | 0       |
|     add_ln73_24_fu_75838_p2                                              |     |        | add_ln73_24  | add | fabric | 0       |
|     add_ln73_25_fu_75870_p2                                              |     |        | add_ln73_25  | add | fabric | 0       |
|     sub_ln73_534_fu_75938_p2                                             |     |        | sub_ln73_534 | sub | fabric | 0       |
|     sub_ln73_110_fu_75958_p2                                             |     |        | sub_ln73_110 | sub | fabric | 0       |
|     sub_ln73_535_fu_75990_p2                                             |     |        | sub_ln73_535 | sub | fabric | 0       |
|     mul_16s_6ns_19_1_1_U841                                              | 1   |        | mul_ln42_12  | mul | auto   | 0       |
|     sub_ln73_536_fu_76045_p2                                             |     |        | sub_ln73_536 | sub | fabric | 0       |
|     add_ln73_26_fu_76087_p2                                              |     |        | add_ln73_26  | add | fabric | 0       |
|     sub_ln73_111_fu_76107_p2                                             |     |        | sub_ln73_111 | sub | fabric | 0       |
|     sub_ln73_537_fu_76139_p2                                             |     |        | sub_ln73_537 | sub | fabric | 0       |
|     add_ln73_27_fu_76171_p2                                              |     |        | add_ln73_27  | add | fabric | 0       |
|     sub_ln73_112_fu_76205_p2                                             |     |        | sub_ln73_112 | sub | fabric | 0       |
|     add_ln73_28_fu_76237_p2                                              |     |        | add_ln73_28  | add | fabric | 0       |
|     sub_ln73_113_fu_76257_p2                                             |     |        | sub_ln73_113 | sub | fabric | 0       |
|     sub_ln73_538_fu_76289_p2                                             |     |        | sub_ln73_538 | sub | fabric | 0       |
|     sub_ln73_114_fu_76337_p2                                             |     |        | sub_ln73_114 | sub | fabric | 0       |
|     add_ln73_29_fu_76369_p2                                              |     |        | add_ln73_29  | add | fabric | 0       |
|     sub_ln73_115_fu_76389_p2                                             |     |        | sub_ln73_115 | sub | fabric | 0       |
|     sub_ln73_539_fu_76421_p2                                             |     |        | sub_ln73_539 | sub | fabric | 0       |
|     sub_ln73_116_fu_76469_p2                                             |     |        | sub_ln73_116 | sub | fabric | 0       |
|     add_ln73_30_fu_76501_p2                                              |     |        | add_ln73_30  | add | fabric | 0       |
|     sub_ln73_117_fu_76521_p2                                             |     |        | sub_ln73_117 | sub | fabric | 0       |
|     sub_ln73_540_fu_76553_p2                                             |     |        | sub_ln73_540 | sub | fabric | 0       |
|     sub_ln73_541_fu_76585_p2                                             |     |        | sub_ln73_541 | sub | fabric | 0       |
|     sub_ln73_118_fu_76619_p2                                             |     |        | sub_ln73_118 | sub | fabric | 0       |
|     sub_ln73_542_fu_76655_p2                                             |     |        | sub_ln73_542 | sub | fabric | 0       |
|     sub_ln73_543_fu_76683_p2                                             |     |        | sub_ln73_543 | sub | fabric | 0       |
|     sub_ln73_119_fu_76707_p2                                             |     |        | sub_ln73_119 | sub | fabric | 0       |
|     sub_ln73_544_fu_76743_p2                                             |     |        | sub_ln73_544 | sub | fabric | 0       |
|     sub_ln73_120_fu_76763_p2                                             |     |        | sub_ln73_120 | sub | fabric | 0       |
|     sub_ln73_121_fu_76787_p2                                             |     |        | sub_ln73_121 | sub | fabric | 0       |
|     sub_ln73_545_fu_76823_p2                                             |     |        | sub_ln73_545 | sub | fabric | 0       |
|     sub_ln73_122_fu_76843_p2                                             |     |        | sub_ln73_122 | sub | fabric | 0       |
|     sub_ln73_123_fu_76867_p2                                             |     |        | sub_ln73_123 | sub | fabric | 0       |
|     sub_ln73_546_fu_76903_p2                                             |     |        | sub_ln73_546 | sub | fabric | 0       |
|     sub_ln73_124_fu_76923_p2                                             |     |        | sub_ln73_124 | sub | fabric | 0       |
|     sub_ln73_547_fu_76959_p2                                             |     |        | sub_ln73_547 | sub | fabric | 0       |
|     sub_ln73_125_fu_76979_p2                                             |     |        | sub_ln73_125 | sub | fabric | 0       |
|     sub_ln73_126_fu_77003_p2                                             |     |        | sub_ln73_126 | sub | fabric | 0       |
|     sub_ln73_548_fu_77039_p2                                             |     |        | sub_ln73_548 | sub | fabric | 0       |
|     sub_ln73_127_fu_77059_p2                                             |     |        | sub_ln73_127 | sub | fabric | 0       |
|     sub_ln73_549_fu_77095_p2                                             |     |        | sub_ln73_549 | sub | fabric | 0       |
|     sub_ln73_128_fu_77115_p2                                             |     |        | sub_ln73_128 | sub | fabric | 0       |
|     sub_ln73_129_fu_77139_p2                                             |     |        | sub_ln73_129 | sub | fabric | 0       |
|     sub_ln73_550_fu_77175_p2                                             |     |        | sub_ln73_550 | sub | fabric | 0       |
|     sub_ln73_130_fu_77195_p2                                             |     |        | sub_ln73_130 | sub | fabric | 0       |
|     sub_ln73_131_fu_77219_p2                                             |     |        | sub_ln73_131 | sub | fabric | 0       |
|     sub_ln73_132_fu_77243_p2                                             |     |        | sub_ln73_132 | sub | fabric | 0       |
|     sub_ln73_133_fu_77267_p2                                             |     |        | sub_ln73_133 | sub | fabric | 0       |
|     sub_ln73_134_fu_77305_p2                                             |     |        | sub_ln73_134 | sub | fabric | 0       |
|     sub_ln73_551_fu_77337_p2                                             |     |        | sub_ln73_551 | sub | fabric | 0       |
|     sub_ln73_135_fu_77361_p2                                             |     |        | sub_ln73_135 | sub | fabric | 0       |
|     sub_ln73_136_fu_77385_p2                                             |     |        | sub_ln73_136 | sub | fabric | 0       |
|     sub_ln73_552_fu_77431_p2                                             |     |        | sub_ln73_552 | sub | fabric | 0       |
|     sub_ln73_137_fu_77455_p2                                             |     |        | sub_ln73_137 | sub | fabric | 0       |
|     sub_ln73_138_fu_77493_p2                                             |     |        | sub_ln73_138 | sub | fabric | 0       |
|     sub_ln73_139_fu_77517_p2                                             |     |        | sub_ln73_139 | sub | fabric | 0       |
|     sub_ln73_553_fu_77549_p2                                             |     |        | sub_ln73_553 | sub | fabric | 0       |
|     sub_ln73_140_fu_77573_p2                                             |     |        | sub_ln73_140 | sub | fabric | 0       |
|     sub_ln73_141_fu_77611_p2                                             |     |        | sub_ln73_141 | sub | fabric | 0       |
|     sub_ln73_142_fu_77635_p2                                             |     |        | sub_ln73_142 | sub | fabric | 0       |
|     sub_ln73_554_fu_77667_p2                                             |     |        | sub_ln73_554 | sub | fabric | 0       |
|     sub_ln73_143_fu_77691_p2                                             |     |        | sub_ln73_143 | sub | fabric | 0       |
|     sub_ln73_144_fu_77715_p2                                             |     |        | sub_ln73_144 | sub | fabric | 0       |
|     sub_ln73_145_fu_77739_p2                                             |     |        | sub_ln73_145 | sub | fabric | 0       |
|     sub_ln73_555_fu_77771_p2                                             |     |        | sub_ln73_555 | sub | fabric | 0       |
|     sub_ln73_146_fu_77795_p2                                             |     |        | sub_ln73_146 | sub | fabric | 0       |
|     sub_ln73_147_fu_77819_p2                                             |     |        | sub_ln73_147 | sub | fabric | 0       |
|     sub_ln73_148_fu_77843_p2                                             |     |        | sub_ln73_148 | sub | fabric | 0       |
|     sub_ln73_556_fu_77875_p2                                             |     |        | sub_ln73_556 | sub | fabric | 0       |
|     sub_ln73_149_fu_77899_p2                                             |     |        | sub_ln73_149 | sub | fabric | 0       |
|     sub_ln73_150_fu_77923_p2                                             |     |        | sub_ln73_150 | sub | fabric | 0       |
|     sub_ln73_151_fu_77947_p2                                             |     |        | sub_ln73_151 | sub | fabric | 0       |
|     sub_ln73_152_fu_77971_p2                                             |     |        | sub_ln73_152 | sub | fabric | 0       |
|     sub_ln73_153_fu_77995_p2                                             |     |        | sub_ln73_153 | sub | fabric | 0       |
|     sub_ln73_154_fu_78019_p2                                             |     |        | sub_ln73_154 | sub | fabric | 0       |
|     sub_ln73_155_fu_78043_p2                                             |     |        | sub_ln73_155 | sub | fabric | 0       |
|     sub_ln73_557_fu_78075_p2                                             |     |        | sub_ln73_557 | sub | fabric | 0       |
|     sub_ln73_558_fu_78107_p2                                             |     |        | sub_ln73_558 | sub | fabric | 0       |
|     sub_ln73_156_fu_78131_p2                                             |     |        | sub_ln73_156 | sub | fabric | 0       |
|     sub_ln73_157_fu_78155_p2                                             |     |        | sub_ln73_157 | sub | fabric | 0       |
|     sub_ln73_559_fu_78187_p2                                             |     |        | sub_ln73_559 | sub | fabric | 0       |
|     sub_ln73_158_fu_78211_p2                                             |     |        | sub_ln73_158 | sub | fabric | 0       |
|     sub_ln73_159_fu_78235_p2                                             |     |        | sub_ln73_159 | sub | fabric | 0       |
|     sub_ln73_160_fu_78259_p2                                             |     |        | sub_ln73_160 | sub | fabric | 0       |
|     sub_ln73_560_fu_78291_p2                                             |     |        | sub_ln73_560 | sub | fabric | 0       |
|     sub_ln73_161_fu_78315_p2                                             |     |        | sub_ln73_161 | sub | fabric | 0       |
|     sub_ln73_162_fu_78339_p2                                             |     |        | sub_ln73_162 | sub | fabric | 0       |
|     sub_ln73_163_fu_78363_p2                                             |     |        | sub_ln73_163 | sub | fabric | 0       |
|     sub_ln73_561_fu_78395_p2                                             |     |        | sub_ln73_561 | sub | fabric | 0       |
|     sub_ln73_164_fu_78419_p2                                             |     |        | sub_ln73_164 | sub | fabric | 0       |
|     sub_ln73_165_fu_78457_p2                                             |     |        | sub_ln73_165 | sub | fabric | 0       |
|     sub_ln73_166_fu_78481_p2                                             |     |        | sub_ln73_166 | sub | fabric | 0       |
|     sub_ln73_167_fu_78505_p2                                             |     |        | sub_ln73_167 | sub | fabric | 0       |
|     sub_ln73_562_fu_78537_p2                                             |     |        | sub_ln73_562 | sub | fabric | 0       |
|     sub_ln73_563_fu_78569_p2                                             |     |        | sub_ln73_563 | sub | fabric | 0       |
|     sub_ln73_168_fu_78593_p2                                             |     |        | sub_ln73_168 | sub | fabric | 0       |
|     sub_ln73_169_fu_78617_p2                                             |     |        | sub_ln73_169 | sub | fabric | 0       |
|     sub_ln73_564_fu_78649_p2                                             |     |        | sub_ln73_564 | sub | fabric | 0       |
|     sub_ln73_170_fu_78673_p2                                             |     |        | sub_ln73_170 | sub | fabric | 0       |
|     sub_ln73_171_fu_78697_p2                                             |     |        | sub_ln73_171 | sub | fabric | 0       |
|     sub_ln73_172_fu_78721_p2                                             |     |        | sub_ln73_172 | sub | fabric | 0       |
|     sub_ln73_565_fu_78753_p2                                             |     |        | sub_ln73_565 | sub | fabric | 0       |
|     sub_ln73_566_fu_78785_p2                                             |     |        | sub_ln73_566 | sub | fabric | 0       |
|     sub_ln73_173_fu_78823_p2                                             |     |        | sub_ln73_173 | sub | fabric | 0       |
|     sub_ln73_174_fu_78847_p2                                             |     |        | sub_ln73_174 | sub | fabric | 0       |
|     sub_ln73_175_fu_78871_p2                                             |     |        | sub_ln73_175 | sub | fabric | 0       |
|     sub_ln73_567_fu_78903_p2                                             |     |        | sub_ln73_567 | sub | fabric | 0       |
|     sub_ln73_176_fu_78927_p2                                             |     |        | sub_ln73_176 | sub | fabric | 0       |
|     sub_ln73_177_fu_78965_p2                                             |     |        | sub_ln73_177 | sub | fabric | 0       |
|     sub_ln73_178_fu_78989_p2                                             |     |        | sub_ln73_178 | sub | fabric | 0       |
|     sub_ln73_568_fu_79021_p2                                             |     |        | sub_ln73_568 | sub | fabric | 0       |
|     sub_ln73_569_fu_79053_p2                                             |     |        | sub_ln73_569 | sub | fabric | 0       |
|     sub_ln73_179_fu_79077_p2                                             |     |        | sub_ln73_179 | sub | fabric | 0       |
|     sub_ln73_180_fu_79101_p2                                             |     |        | sub_ln73_180 | sub | fabric | 0       |
|     sub_ln73_570_fu_79133_p2                                             |     |        | sub_ln73_570 | sub | fabric | 0       |
|     sub_ln73_181_fu_79157_p2                                             |     |        | sub_ln73_181 | sub | fabric | 0       |
|     sub_ln73_182_fu_79181_p2                                             |     |        | sub_ln73_182 | sub | fabric | 0       |
|     sub_ln73_183_fu_79205_p2                                             |     |        | sub_ln73_183 | sub | fabric | 0       |
|     sub_ln73_571_fu_79237_p2                                             |     |        | sub_ln73_571 | sub | fabric | 0       |
|     sub_ln73_572_fu_79269_p2                                             |     |        | sub_ln73_572 | sub | fabric | 0       |
|     sub_ln73_184_fu_79293_p2                                             |     |        | sub_ln73_184 | sub | fabric | 0       |
|     sub_ln73_185_fu_79317_p2                                             |     |        | sub_ln73_185 | sub | fabric | 0       |
|     sub_ln73_186_fu_79341_p2                                             |     |        | sub_ln73_186 | sub | fabric | 0       |
|     sub_ln73_573_fu_79373_p2                                             |     |        | sub_ln73_573 | sub | fabric | 0       |
|     sub_ln73_187_fu_79397_p2                                             |     |        | sub_ln73_187 | sub | fabric | 0       |
|     sub_ln73_188_fu_79421_p2                                             |     |        | sub_ln73_188 | sub | fabric | 0       |
|     sub_ln73_189_fu_79459_p2                                             |     |        | sub_ln73_189 | sub | fabric | 0       |
|     sub_ln73_574_fu_79491_p2                                             |     |        | sub_ln73_574 | sub | fabric | 0       |
|     sub_ln73_190_fu_79515_p2                                             |     |        | sub_ln73_190 | sub | fabric | 0       |
|     sub_ln73_191_fu_79539_p2                                             |     |        | sub_ln73_191 | sub | fabric | 0       |
|     sub_ln73_192_fu_79563_p2                                             |     |        | sub_ln73_192 | sub | fabric | 0       |
|     sub_ln73_575_fu_79595_p2                                             |     |        | sub_ln73_575 | sub | fabric | 0       |
|     sub_ln73_193_fu_79619_p2                                             |     |        | sub_ln73_193 | sub | fabric | 0       |
|     sub_ln73_194_fu_79657_p2                                             |     |        | sub_ln73_194 | sub | fabric | 0       |
|     sub_ln73_195_fu_79681_p2                                             |     |        | sub_ln73_195 | sub | fabric | 0       |
|     sub_ln73_576_fu_79713_p2                                             |     |        | sub_ln73_576 | sub | fabric | 0       |
|     sub_ln73_196_fu_79737_p2                                             |     |        | sub_ln73_196 | sub | fabric | 0       |
|     sub_ln73_197_fu_79775_p2                                             |     |        | sub_ln73_197 | sub | fabric | 0       |
|     sub_ln73_198_fu_79799_p2                                             |     |        | sub_ln73_198 | sub | fabric | 0       |
|     sub_ln73_577_fu_79831_p2                                             |     |        | sub_ln73_577 | sub | fabric | 0       |
|     sub_ln73_199_fu_79855_p2                                             |     |        | sub_ln73_199 | sub | fabric | 0       |
|     sub_ln73_200_fu_79879_p2                                             |     |        | sub_ln73_200 | sub | fabric | 0       |
|     sub_ln73_201_fu_79903_p2                                             |     |        | sub_ln73_201 | sub | fabric | 0       |
|     sub_ln73_202_fu_79927_p2                                             |     |        | sub_ln73_202 | sub | fabric | 0       |
|     sub_ln73_578_fu_79959_p2                                             |     |        | sub_ln73_578 | sub | fabric | 0       |
|     sub_ln73_579_fu_79991_p2                                             |     |        | sub_ln73_579 | sub | fabric | 0       |
|     sub_ln73_203_fu_80015_p2                                             |     |        | sub_ln73_203 | sub | fabric | 0       |
|     sub_ln73_204_fu_80039_p2                                             |     |        | sub_ln73_204 | sub | fabric | 0       |
|     sub_ln73_580_fu_80085_p2                                             |     |        | sub_ln73_580 | sub | fabric | 0       |
|     sub_ln73_205_fu_80109_p2                                             |     |        | sub_ln73_205 | sub | fabric | 0       |
|     sub_ln73_206_fu_80133_p2                                             |     |        | sub_ln73_206 | sub | fabric | 0       |
|     sub_ln73_207_fu_80157_p2                                             |     |        | sub_ln73_207 | sub | fabric | 0       |
|     sub_ln73_581_fu_80189_p2                                             |     |        | sub_ln73_581 | sub | fabric | 0       |
|     sub_ln73_208_fu_80213_p2                                             |     |        | sub_ln73_208 | sub | fabric | 0       |
|     sub_ln73_209_fu_80237_p2                                             |     |        | sub_ln73_209 | sub | fabric | 0       |
|     sub_ln73_582_fu_80269_p2                                             |     |        | sub_ln73_582 | sub | fabric | 0       |
|     sub_ln73_583_fu_80301_p2                                             |     |        | sub_ln73_583 | sub | fabric | 0       |
|     sub_ln73_584_fu_80333_p2                                             |     |        | sub_ln73_584 | sub | fabric | 0       |
|     sub_ln73_210_fu_80357_p2                                             |     |        | sub_ln73_210 | sub | fabric | 0       |
|     sub_ln73_211_fu_80381_p2                                             |     |        | sub_ln73_211 | sub | fabric | 0       |
|     sub_ln73_585_fu_80413_p2                                             |     |        | sub_ln73_585 | sub | fabric | 0       |
|     sub_ln73_586_fu_80445_p2                                             |     |        | sub_ln73_586 | sub | fabric | 0       |
|     sub_ln73_212_fu_80469_p2                                             |     |        | sub_ln73_212 | sub | fabric | 0       |
|     sub_ln73_213_fu_80493_p2                                             |     |        | sub_ln73_213 | sub | fabric | 0       |
|     sub_ln73_214_fu_80517_p2                                             |     |        | sub_ln73_214 | sub | fabric | 0       |
|     sub_ln73_215_fu_80541_p2                                             |     |        | sub_ln73_215 | sub | fabric | 0       |
|     sub_ln73_216_fu_80565_p2                                             |     |        | sub_ln73_216 | sub | fabric | 0       |
|     sub_ln73_217_fu_80589_p2                                             |     |        | sub_ln73_217 | sub | fabric | 0       |
|     sub_ln73_587_fu_80621_p2                                             |     |        | sub_ln73_587 | sub | fabric | 0       |
|     sub_ln73_218_fu_80645_p2                                             |     |        | sub_ln73_218 | sub | fabric | 0       |
|     sub_ln73_219_fu_80669_p2                                             |     |        | sub_ln73_219 | sub | fabric | 0       |
|     sub_ln73_220_fu_80693_p2                                             |     |        | sub_ln73_220 | sub | fabric | 0       |
|     sub_ln73_588_fu_80725_p2                                             |     |        | sub_ln73_588 | sub | fabric | 0       |
|     sub_ln73_221_fu_80749_p2                                             |     |        | sub_ln73_221 | sub | fabric | 0       |
|     sub_ln73_222_fu_80773_p2                                             |     |        | sub_ln73_222 | sub | fabric | 0       |
|     sub_ln73_223_fu_80797_p2                                             |     |        | sub_ln73_223 | sub | fabric | 0       |
|     sub_ln73_589_fu_80829_p2                                             |     |        | sub_ln73_589 | sub | fabric | 0       |
|     sub_ln73_224_fu_80853_p2                                             |     |        | sub_ln73_224 | sub | fabric | 0       |
|     sub_ln73_225_fu_80891_p2                                             |     |        | sub_ln73_225 | sub | fabric | 0       |
|     sub_ln73_226_fu_80915_p2                                             |     |        | sub_ln73_226 | sub | fabric | 0       |
|     sub_ln73_590_fu_80947_p2                                             |     |        | sub_ln73_590 | sub | fabric | 0       |
|     sub_ln73_227_fu_80971_p2                                             |     |        | sub_ln73_227 | sub | fabric | 0       |
|     sub_ln73_228_fu_80995_p2                                             |     |        | sub_ln73_228 | sub | fabric | 0       |
|     sub_ln73_229_fu_81019_p2                                             |     |        | sub_ln73_229 | sub | fabric | 0       |
|     sub_ln73_230_fu_81057_p2                                             |     |        | sub_ln73_230 | sub | fabric | 0       |
|     sub_ln73_231_fu_81081_p2                                             |     |        | sub_ln73_231 | sub | fabric | 0       |
|     sub_ln73_232_fu_81119_p2                                             |     |        | sub_ln73_232 | sub | fabric | 0       |
|     sub_ln73_233_fu_81143_p2                                             |     |        | sub_ln73_233 | sub | fabric | 0       |
|     sub_ln73_234_fu_81167_p2                                             |     |        | sub_ln73_234 | sub | fabric | 0       |
|     sub_ln73_235_fu_81191_p2                                             |     |        | sub_ln73_235 | sub | fabric | 0       |
|     sub_ln73_236_fu_81215_p2                                             |     |        | sub_ln73_236 | sub | fabric | 0       |
|     sub_ln73_237_fu_81239_p2                                             |     |        | sub_ln73_237 | sub | fabric | 0       |
|     sub_ln73_591_fu_81271_p2                                             |     |        | sub_ln73_591 | sub | fabric | 0       |
|     sub_ln73_238_fu_81295_p2                                             |     |        | sub_ln73_238 | sub | fabric | 0       |
|     sub_ln73_239_fu_81319_p2                                             |     |        | sub_ln73_239 | sub | fabric | 0       |
|     sub_ln73_240_fu_81343_p2                                             |     |        | sub_ln73_240 | sub | fabric | 0       |
|     sub_ln73_241_fu_81367_p2                                             |     |        | sub_ln73_241 | sub | fabric | 0       |
|     sub_ln73_592_fu_81399_p2                                             |     |        | sub_ln73_592 | sub | fabric | 0       |
|     sub_ln73_242_fu_81423_p2                                             |     |        | sub_ln73_242 | sub | fabric | 0       |
|     sub_ln73_243_fu_81447_p2                                             |     |        | sub_ln73_243 | sub | fabric | 0       |
|     sub_ln73_244_fu_81471_p2                                             |     |        | sub_ln73_244 | sub | fabric | 0       |
|     sub_ln73_593_fu_81503_p2                                             |     |        | sub_ln73_593 | sub | fabric | 0       |
|     sub_ln73_245_fu_81527_p2                                             |     |        | sub_ln73_245 | sub | fabric | 0       |
|     sub_ln73_246_fu_81565_p2                                             |     |        | sub_ln73_246 | sub | fabric | 0       |
|     sub_ln73_247_fu_81589_p2                                             |     |        | sub_ln73_247 | sub | fabric | 0       |
|     sub_ln73_594_fu_81621_p2                                             |     |        | sub_ln73_594 | sub | fabric | 0       |
|     sub_ln73_248_fu_81645_p2                                             |     |        | sub_ln73_248 | sub | fabric | 0       |
|     sub_ln73_249_fu_81669_p2                                             |     |        | sub_ln73_249 | sub | fabric | 0       |
|     sub_ln73_595_fu_81701_p2                                             |     |        | sub_ln73_595 | sub | fabric | 0       |
|     sub_ln73_596_fu_81733_p2                                             |     |        | sub_ln73_596 | sub | fabric | 0       |
|     sub_ln73_250_fu_81757_p2                                             |     |        | sub_ln73_250 | sub | fabric | 0       |
|     sub_ln73_251_fu_81781_p2                                             |     |        | sub_ln73_251 | sub | fabric | 0       |
|     sub_ln73_252_fu_81805_p2                                             |     |        | sub_ln73_252 | sub | fabric | 0       |
|     sub_ln73_597_fu_81837_p2                                             |     |        | sub_ln73_597 | sub | fabric | 0       |
|     sub_ln73_253_fu_81861_p2                                             |     |        | sub_ln73_253 | sub | fabric | 0       |
|     sub_ln73_254_fu_81899_p2                                             |     |        | sub_ln73_254 | sub | fabric | 0       |
|     sub_ln73_255_fu_81923_p2                                             |     |        | sub_ln73_255 | sub | fabric | 0       |
|     sub_ln73_256_fu_81947_p2                                             |     |        | sub_ln73_256 | sub | fabric | 0       |
|     sub_ln73_257_fu_81971_p2                                             |     |        | sub_ln73_257 | sub | fabric | 0       |
|     sub_ln73_258_fu_81995_p2                                             |     |        | sub_ln73_258 | sub | fabric | 0       |
|     sub_ln73_259_fu_82019_p2                                             |     |        | sub_ln73_259 | sub | fabric | 0       |
|     sub_ln73_260_fu_82043_p2                                             |     |        | sub_ln73_260 | sub | fabric | 0       |
|     sub_ln73_261_fu_82067_p2                                             |     |        | sub_ln73_261 | sub | fabric | 0       |
|     sub_ln73_262_fu_82091_p2                                             |     |        | sub_ln73_262 | sub | fabric | 0       |
|     sub_ln73_263_fu_82115_p2                                             |     |        | sub_ln73_263 | sub | fabric | 0       |
|     sub_ln73_598_fu_82147_p2                                             |     |        | sub_ln73_598 | sub | fabric | 0       |
|     sub_ln73_264_fu_82171_p2                                             |     |        | sub_ln73_264 | sub | fabric | 0       |
|     sub_ln73_265_fu_82195_p2                                             |     |        | sub_ln73_265 | sub | fabric | 0       |
|     sub_ln73_266_fu_82219_p2                                             |     |        | sub_ln73_266 | sub | fabric | 0       |
|     sub_ln73_599_fu_82251_p2                                             |     |        | sub_ln73_599 | sub | fabric | 0       |
|     sub_ln73_600_fu_82283_p2                                             |     |        | sub_ln73_600 | sub | fabric | 0       |
|     sub_ln73_601_fu_82315_p2                                             |     |        | sub_ln73_601 | sub | fabric | 0       |
|     sub_ln73_267_fu_82339_p2                                             |     |        | sub_ln73_267 | sub | fabric | 0       |
|     sub_ln73_268_fu_82363_p2                                             |     |        | sub_ln73_268 | sub | fabric | 0       |
|     sub_ln73_602_fu_82395_p2                                             |     |        | sub_ln73_602 | sub | fabric | 0       |
|     sub_ln73_269_fu_82419_p2                                             |     |        | sub_ln73_269 | sub | fabric | 0       |
|     sub_ln73_270_fu_82443_p2                                             |     |        | sub_ln73_270 | sub | fabric | 0       |
|     sub_ln73_271_fu_82467_p2                                             |     |        | sub_ln73_271 | sub | fabric | 0       |
|     sub_ln73_603_fu_82499_p2                                             |     |        | sub_ln73_603 | sub | fabric | 0       |
|     sub_ln73_272_fu_82523_p2                                             |     |        | sub_ln73_272 | sub | fabric | 0       |
|     sub_ln73_273_fu_82547_p2                                             |     |        | sub_ln73_273 | sub | fabric | 0       |
|     sub_ln73_274_fu_82571_p2                                             |     |        | sub_ln73_274 | sub | fabric | 0       |
|     sub_ln73_604_fu_82603_p2                                             |     |        | sub_ln73_604 | sub | fabric | 0       |
|     sub_ln73_605_fu_82635_p2                                             |     |        | sub_ln73_605 | sub | fabric | 0       |
|     sub_ln73_275_fu_82659_p2                                             |     |        | sub_ln73_275 | sub | fabric | 0       |
|     sub_ln73_276_fu_82683_p2                                             |     |        | sub_ln73_276 | sub | fabric | 0       |
|     sub_ln73_606_fu_82715_p2                                             |     |        | sub_ln73_606 | sub | fabric | 0       |
|     sub_ln73_277_fu_82739_p2                                             |     |        | sub_ln73_277 | sub | fabric | 0       |
|     sub_ln73_278_fu_82763_p2                                             |     |        | sub_ln73_278 | sub | fabric | 0       |
|     sub_ln73_279_fu_82787_p2                                             |     |        | sub_ln73_279 | sub | fabric | 0       |
|     sub_ln73_607_fu_82819_p2                                             |     |        | sub_ln73_607 | sub | fabric | 0       |
|     sub_ln73_280_fu_82843_p2                                             |     |        | sub_ln73_280 | sub | fabric | 0       |
|     sub_ln73_281_fu_82867_p2                                             |     |        | sub_ln73_281 | sub | fabric | 0       |
|     sub_ln73_282_fu_82891_p2                                             |     |        | sub_ln73_282 | sub | fabric | 0       |
|     sub_ln73_608_fu_82923_p2                                             |     |        | sub_ln73_608 | sub | fabric | 0       |
|     sub_ln73_609_fu_82955_p2                                             |     |        | sub_ln73_609 | sub | fabric | 0       |
|     sub_ln73_283_fu_82979_p2                                             |     |        | sub_ln73_283 | sub | fabric | 0       |
|     sub_ln73_284_fu_83003_p2                                             |     |        | sub_ln73_284 | sub | fabric | 0       |
|     sub_ln73_610_fu_83035_p2                                             |     |        | sub_ln73_610 | sub | fabric | 0       |
|     sub_ln73_285_fu_83059_p2                                             |     |        | sub_ln73_285 | sub | fabric | 0       |
|     sub_ln73_286_fu_83083_p2                                             |     |        | sub_ln73_286 | sub | fabric | 0       |
|     sub_ln73_287_fu_83107_p2                                             |     |        | sub_ln73_287 | sub | fabric | 0       |
|     sub_ln73_611_fu_83139_p2                                             |     |        | sub_ln73_611 | sub | fabric | 0       |
|     sub_ln73_288_fu_83163_p2                                             |     |        | sub_ln73_288 | sub | fabric | 0       |
|     sub_ln73_289_fu_83187_p2                                             |     |        | sub_ln73_289 | sub | fabric | 0       |
|     sub_ln73_290_fu_83211_p2                                             |     |        | sub_ln73_290 | sub | fabric | 0       |
|     sub_ln73_291_fu_83235_p2                                             |     |        | sub_ln73_291 | sub | fabric | 0       |
|     sub_ln73_292_fu_83259_p2                                             |     |        | sub_ln73_292 | sub | fabric | 0       |
|     sub_ln73_612_fu_83291_p2                                             |     |        | sub_ln73_612 | sub | fabric | 0       |
|     sub_ln73_293_fu_83315_p2                                             |     |        | sub_ln73_293 | sub | fabric | 0       |
|     sub_ln73_294_fu_83339_p2                                             |     |        | sub_ln73_294 | sub | fabric | 0       |
|     sub_ln73_613_fu_83371_p2                                             |     |        | sub_ln73_613 | sub | fabric | 0       |
|     sub_ln73_295_fu_83395_p2                                             |     |        | sub_ln73_295 | sub | fabric | 0       |
|     sub_ln73_296_fu_83419_p2                                             |     |        | sub_ln73_296 | sub | fabric | 0       |
|     sub_ln73_297_fu_83443_p2                                             |     |        | sub_ln73_297 | sub | fabric | 0       |
|     sub_ln73_298_fu_83467_p2                                             |     |        | sub_ln73_298 | sub | fabric | 0       |
|     sub_ln73_299_fu_83491_p2                                             |     |        | sub_ln73_299 | sub | fabric | 0       |
|     sub_ln73_300_fu_83515_p2                                             |     |        | sub_ln73_300 | sub | fabric | 0       |
|     sub_ln73_301_fu_83539_p2                                             |     |        | sub_ln73_301 | sub | fabric | 0       |
|     sub_ln73_614_fu_83571_p2                                             |     |        | sub_ln73_614 | sub | fabric | 0       |
|     sub_ln73_302_fu_83595_p2                                             |     |        | sub_ln73_302 | sub | fabric | 0       |
|     sub_ln73_303_fu_83619_p2                                             |     |        | sub_ln73_303 | sub | fabric | 0       |
|     sub_ln73_304_fu_83643_p2                                             |     |        | sub_ln73_304 | sub | fabric | 0       |
|     sub_ln73_305_fu_83667_p2                                             |     |        | sub_ln73_305 | sub | fabric | 0       |
|     sub_ln73_306_fu_83691_p2                                             |     |        | sub_ln73_306 | sub | fabric | 0       |
|     sub_ln73_307_fu_83715_p2                                             |     |        | sub_ln73_307 | sub | fabric | 0       |
|     sub_ln73_308_fu_83739_p2                                             |     |        | sub_ln73_308 | sub | fabric | 0       |
|     sub_ln73_615_fu_83771_p2                                             |     |        | sub_ln73_615 | sub | fabric | 0       |
|     sub_ln73_309_fu_83795_p2                                             |     |        | sub_ln73_309 | sub | fabric | 0       |
|     sub_ln73_310_fu_83819_p2                                             |     |        | sub_ln73_310 | sub | fabric | 0       |
|     sub_ln73_311_fu_83843_p2                                             |     |        | sub_ln73_311 | sub | fabric | 0       |
|     sub_ln73_312_fu_83867_p2                                             |     |        | sub_ln73_312 | sub | fabric | 0       |
|     sub_ln73_313_fu_83891_p2                                             |     |        | sub_ln73_313 | sub | fabric | 0       |
|     sub_ln73_314_fu_83915_p2                                             |     |        | sub_ln73_314 | sub | fabric | 0       |
|     sub_ln73_315_fu_83939_p2                                             |     |        | sub_ln73_315 | sub | fabric | 0       |
|     sub_ln73_316_fu_83963_p2                                             |     |        | sub_ln73_316 | sub | fabric | 0       |
|     sub_ln73_616_fu_83995_p2                                             |     |        | sub_ln73_616 | sub | fabric | 0       |
|     sub_ln73_317_fu_84019_p2                                             |     |        | sub_ln73_317 | sub | fabric | 0       |
|     sub_ln73_318_fu_84043_p2                                             |     |        | sub_ln73_318 | sub | fabric | 0       |
|     sub_ln73_319_fu_84067_p2                                             |     |        | sub_ln73_319 | sub | fabric | 0       |
|     sub_ln73_320_fu_84091_p2                                             |     |        | sub_ln73_320 | sub | fabric | 0       |
|     sub_ln73_321_fu_84115_p2                                             |     |        | sub_ln73_321 | sub | fabric | 0       |
|     sub_ln73_322_fu_84139_p2                                             |     |        | sub_ln73_322 | sub | fabric | 0       |
|     sub_ln73_323_fu_84163_p2                                             |     |        | sub_ln73_323 | sub | fabric | 0       |
|     sub_ln73_324_fu_84187_p2                                             |     |        | sub_ln73_324 | sub | fabric | 0       |
|     sub_ln73_325_fu_84211_p2                                             |     |        | sub_ln73_325 | sub | fabric | 0       |
|     sub_ln73_326_fu_84235_p2                                             |     |        | sub_ln73_326 | sub | fabric | 0       |
|     sub_ln73_327_fu_84259_p2                                             |     |        | sub_ln73_327 | sub | fabric | 0       |
|     sub_ln73_617_fu_84291_p2                                             |     |        | sub_ln73_617 | sub | fabric | 0       |
|     sub_ln73_328_fu_84315_p2                                             |     |        | sub_ln73_328 | sub | fabric | 0       |
|     sub_ln73_329_fu_84339_p2                                             |     |        | sub_ln73_329 | sub | fabric | 0       |
|     sub_ln73_330_fu_84363_p2                                             |     |        | sub_ln73_330 | sub | fabric | 0       |
|     sub_ln73_618_fu_84395_p2                                             |     |        | sub_ln73_618 | sub | fabric | 0       |
|     sub_ln73_331_fu_84419_p2                                             |     |        | sub_ln73_331 | sub | fabric | 0       |
|     sub_ln73_332_fu_84443_p2                                             |     |        | sub_ln73_332 | sub | fabric | 0       |
|     sub_ln73_333_fu_84467_p2                                             |     |        | sub_ln73_333 | sub | fabric | 0       |
|     sub_ln73_619_fu_84499_p2                                             |     |        | sub_ln73_619 | sub | fabric | 0       |
|     sub_ln73_334_fu_84523_p2                                             |     |        | sub_ln73_334 | sub | fabric | 0       |
|     sub_ln73_335_fu_84547_p2                                             |     |        | sub_ln73_335 | sub | fabric | 0       |
|     sub_ln73_620_fu_84579_p2                                             |     |        | sub_ln73_620 | sub | fabric | 0       |
|     sub_ln73_621_fu_84611_p2                                             |     |        | sub_ln73_621 | sub | fabric | 0       |
|     sub_ln73_336_fu_84635_p2                                             |     |        | sub_ln73_336 | sub | fabric | 0       |
|     sub_ln73_337_fu_84659_p2                                             |     |        | sub_ln73_337 | sub | fabric | 0       |
|     sub_ln73_338_fu_84683_p2                                             |     |        | sub_ln73_338 | sub | fabric | 0       |
|     sub_ln73_339_fu_84707_p2                                             |     |        | sub_ln73_339 | sub | fabric | 0       |
|     sub_ln73_340_fu_84731_p2                                             |     |        | sub_ln73_340 | sub | fabric | 0       |
|     sub_ln73_341_fu_84755_p2                                             |     |        | sub_ln73_341 | sub | fabric | 0       |
|     sub_ln73_342_fu_84779_p2                                             |     |        | sub_ln73_342 | sub | fabric | 0       |
|     sub_ln73_343_fu_84803_p2                                             |     |        | sub_ln73_343 | sub | fabric | 0       |
|     sub_ln73_622_fu_84835_p2                                             |     |        | sub_ln73_622 | sub | fabric | 0       |
|     sub_ln73_344_fu_84859_p2                                             |     |        | sub_ln73_344 | sub | fabric | 0       |
|     sub_ln73_345_fu_84883_p2                                             |     |        | sub_ln73_345 | sub | fabric | 0       |
|     sub_ln73_346_fu_84907_p2                                             |     |        | sub_ln73_346 | sub | fabric | 0       |
|     sub_ln73_623_fu_84939_p2                                             |     |        | sub_ln73_623 | sub | fabric | 0       |
|     sub_ln73_624_fu_84971_p2                                             |     |        | sub_ln73_624 | sub | fabric | 0       |
|     sub_ln73_347_fu_85009_p2                                             |     |        | sub_ln73_347 | sub | fabric | 0       |
|     sub_ln73_348_fu_85033_p2                                             |     |        | sub_ln73_348 | sub | fabric | 0       |
|     sub_ln73_625_fu_85065_p2                                             |     |        | sub_ln73_625 | sub | fabric | 0       |
|     sub_ln73_626_fu_85097_p2                                             |     |        | sub_ln73_626 | sub | fabric | 0       |
|     sub_ln73_349_fu_85135_p2                                             |     |        | sub_ln73_349 | sub | fabric | 0       |
|     sub_ln73_350_fu_85159_p2                                             |     |        | sub_ln73_350 | sub | fabric | 0       |
|     sub_ln73_351_fu_85183_p2                                             |     |        | sub_ln73_351 | sub | fabric | 0       |
|     sub_ln73_627_fu_85215_p2                                             |     |        | sub_ln73_627 | sub | fabric | 0       |
|     sub_ln73_352_fu_85239_p2                                             |     |        | sub_ln73_352 | sub | fabric | 0       |
|     sub_ln73_353_fu_85263_p2                                             |     |        | sub_ln73_353 | sub | fabric | 0       |
|     sub_ln73_628_fu_85295_p2                                             |     |        | sub_ln73_628 | sub | fabric | 0       |
|     sub_ln73_354_fu_85319_p2                                             |     |        | sub_ln73_354 | sub | fabric | 0       |
|     sub_ln73_355_fu_85343_p2                                             |     |        | sub_ln73_355 | sub | fabric | 0       |
|     sub_ln73_356_fu_85367_p2                                             |     |        | sub_ln73_356 | sub | fabric | 0       |
|     sub_ln73_629_fu_85399_p2                                             |     |        | sub_ln73_629 | sub | fabric | 0       |
|     sub_ln73_357_fu_85423_p2                                             |     |        | sub_ln73_357 | sub | fabric | 0       |
|     sub_ln73_358_fu_85447_p2                                             |     |        | sub_ln73_358 | sub | fabric | 0       |
|     sub_ln73_359_fu_85471_p2                                             |     |        | sub_ln73_359 | sub | fabric | 0       |
|     sub_ln73_630_fu_85503_p2                                             |     |        | sub_ln73_630 | sub | fabric | 0       |
|     sub_ln73_360_fu_85527_p2                                             |     |        | sub_ln73_360 | sub | fabric | 0       |
|     sub_ln73_361_fu_85551_p2                                             |     |        | sub_ln73_361 | sub | fabric | 0       |
|     sub_ln73_362_fu_85575_p2                                             |     |        | sub_ln73_362 | sub | fabric | 0       |
|     sub_ln73_631_fu_85607_p2                                             |     |        | sub_ln73_631 | sub | fabric | 0       |
|     sub_ln73_363_fu_85631_p2                                             |     |        | sub_ln73_363 | sub | fabric | 0       |
|     sub_ln73_364_fu_85655_p2                                             |     |        | sub_ln73_364 | sub | fabric | 0       |
|     sub_ln73_365_fu_85679_p2                                             |     |        | sub_ln73_365 | sub | fabric | 0       |
|     sub_ln73_632_fu_85711_p2                                             |     |        | sub_ln73_632 | sub | fabric | 0       |
|     sub_ln73_633_fu_85743_p2                                             |     |        | sub_ln73_633 | sub | fabric | 0       |
|     sub_ln73_366_fu_85767_p2                                             |     |        | sub_ln73_366 | sub | fabric | 0       |
|     sub_ln73_367_fu_85791_p2                                             |     |        | sub_ln73_367 | sub | fabric | 0       |
|     sub_ln73_634_fu_85823_p2                                             |     |        | sub_ln73_634 | sub | fabric | 0       |
|     sub_ln73_368_fu_85847_p2                                             |     |        | sub_ln73_368 | sub | fabric | 0       |
|     sub_ln73_369_fu_85871_p2                                             |     |        | sub_ln73_369 | sub | fabric | 0       |
|     sub_ln73_370_fu_85895_p2                                             |     |        | sub_ln73_370 | sub | fabric | 0       |
|     sub_ln73_635_fu_85927_p2                                             |     |        | sub_ln73_635 | sub | fabric | 0       |
|     sub_ln73_371_fu_85951_p2                                             |     |        | sub_ln73_371 | sub | fabric | 0       |
|     sub_ln73_372_fu_85975_p2                                             |     |        | sub_ln73_372 | sub | fabric | 0       |
|     sub_ln73_373_fu_85999_p2                                             |     |        | sub_ln73_373 | sub | fabric | 0       |
|     sub_ln73_374_fu_86023_p2                                             |     |        | sub_ln73_374 | sub | fabric | 0       |
|     sub_ln73_375_fu_86047_p2                                             |     |        | sub_ln73_375 | sub | fabric | 0       |
|     sub_ln73_376_fu_86071_p2                                             |     |        | sub_ln73_376 | sub | fabric | 0       |
|     sub_ln73_377_fu_86095_p2                                             |     |        | sub_ln73_377 | sub | fabric | 0       |
|     sub_ln73_378_fu_86119_p2                                             |     |        | sub_ln73_378 | sub | fabric | 0       |
|     sub_ln73_379_fu_86143_p2                                             |     |        | sub_ln73_379 | sub | fabric | 0       |
|     sub_ln73_380_fu_86167_p2                                             |     |        | sub_ln73_380 | sub | fabric | 0       |
|     sub_ln73_381_fu_86191_p2                                             |     |        | sub_ln73_381 | sub | fabric | 0       |
|     sub_ln73_636_fu_86223_p2                                             |     |        | sub_ln73_636 | sub | fabric | 0       |
|     sub_ln73_382_fu_86247_p2                                             |     |        | sub_ln73_382 | sub | fabric | 0       |
|     sub_ln73_383_fu_86271_p2                                             |     |        | sub_ln73_383 | sub | fabric | 0       |
|     sub_ln73_384_fu_86295_p2                                             |     |        | sub_ln73_384 | sub | fabric | 0       |
|     sub_ln73_637_fu_86327_p2                                             |     |        | sub_ln73_637 | sub | fabric | 0       |
|     sub_ln73_385_fu_86351_p2                                             |     |        | sub_ln73_385 | sub | fabric | 0       |
|     sub_ln73_386_fu_86375_p2                                             |     |        | sub_ln73_386 | sub | fabric | 0       |
|     sub_ln73_387_fu_86399_p2                                             |     |        | sub_ln73_387 | sub | fabric | 0       |
|     sub_ln73_388_fu_86423_p2                                             |     |        | sub_ln73_388 | sub | fabric | 0       |
|     sub_ln73_638_fu_86455_p2                                             |     |        | sub_ln73_638 | sub | fabric | 0       |
|     sub_ln73_389_fu_86479_p2                                             |     |        | sub_ln73_389 | sub | fabric | 0       |
|     sub_ln73_390_fu_86503_p2                                             |     |        | sub_ln73_390 | sub | fabric | 0       |
|     sub_ln73_391_fu_86527_p2                                             |     |        | sub_ln73_391 | sub | fabric | 0       |
|     sub_ln73_639_fu_86559_p2                                             |     |        | sub_ln73_639 | sub | fabric | 0       |
|     sub_ln73_392_fu_86583_p2                                             |     |        | sub_ln73_392 | sub | fabric | 0       |
|     sub_ln73_393_fu_86607_p2                                             |     |        | sub_ln73_393 | sub | fabric | 0       |
|     sub_ln73_640_fu_86639_p2                                             |     |        | sub_ln73_640 | sub | fabric | 0       |
|     sub_ln73_394_fu_86663_p2                                             |     |        | sub_ln73_394 | sub | fabric | 0       |
|     sub_ln73_641_fu_86695_p2                                             |     |        | sub_ln73_641 | sub | fabric | 0       |
|     sub_ln73_395_fu_86719_p2                                             |     |        | sub_ln73_395 | sub | fabric | 0       |
|     sub_ln73_396_fu_86743_p2                                             |     |        | sub_ln73_396 | sub | fabric | 0       |
|     sub_ln73_642_fu_86775_p2                                             |     |        | sub_ln73_642 | sub | fabric | 0       |
|     sub_ln73_643_fu_86807_p2                                             |     |        | sub_ln73_643 | sub | fabric | 0       |
|     sub_ln73_397_fu_86831_p2                                             |     |        | sub_ln73_397 | sub | fabric | 0       |
|     sub_ln73_398_fu_86855_p2                                             |     |        | sub_ln73_398 | sub | fabric | 0       |
|     sub_ln73_644_fu_86887_p2                                             |     |        | sub_ln73_644 | sub | fabric | 0       |
|     sub_ln73_645_fu_86919_p2                                             |     |        | sub_ln73_645 | sub | fabric | 0       |
|     sub_ln73_399_fu_86943_p2                                             |     |        | sub_ln73_399 | sub | fabric | 0       |
|     sub_ln73_400_fu_86967_p2                                             |     |        | sub_ln73_400 | sub | fabric | 0       |
|     sub_ln73_401_fu_86991_p2                                             |     |        | sub_ln73_401 | sub | fabric | 0       |
|     sub_ln73_646_fu_87023_p2                                             |     |        | sub_ln73_646 | sub | fabric | 0       |
|     sub_ln73_402_fu_87047_p2                                             |     |        | sub_ln73_402 | sub | fabric | 0       |
|     sub_ln73_403_fu_87071_p2                                             |     |        | sub_ln73_403 | sub | fabric | 0       |
|     sub_ln73_404_fu_87095_p2                                             |     |        | sub_ln73_404 | sub | fabric | 0       |
|     sub_ln73_405_fu_87119_p2                                             |     |        | sub_ln73_405 | sub | fabric | 0       |
|     sub_ln73_647_fu_87151_p2                                             |     |        | sub_ln73_647 | sub | fabric | 0       |
|     sub_ln73_406_fu_87175_p2                                             |     |        | sub_ln73_406 | sub | fabric | 0       |
|     sub_ln73_407_fu_87199_p2                                             |     |        | sub_ln73_407 | sub | fabric | 0       |
|     sub_ln73_408_fu_87223_p2                                             |     |        | sub_ln73_408 | sub | fabric | 0       |
|     sub_ln73_409_fu_87247_p2                                             |     |        | sub_ln73_409 | sub | fabric | 0       |
|     sub_ln73_410_fu_87271_p2                                             |     |        | sub_ln73_410 | sub | fabric | 0       |
|     sub_ln73_411_fu_87309_p2                                             |     |        | sub_ln73_411 | sub | fabric | 0       |
|     sub_ln73_412_fu_87333_p2                                             |     |        | sub_ln73_412 | sub | fabric | 0       |
|     sub_ln73_648_fu_87365_p2                                             |     |        | sub_ln73_648 | sub | fabric | 0       |
|     sub_ln73_649_fu_87397_p2                                             |     |        | sub_ln73_649 | sub | fabric | 0       |
|     sub_ln73_413_fu_87435_p2                                             |     |        | sub_ln73_413 | sub | fabric | 0       |
|     sub_ln73_414_fu_87459_p2                                             |     |        | sub_ln73_414 | sub | fabric | 0       |
|     sub_ln73_650_fu_87491_p2                                             |     |        | sub_ln73_650 | sub | fabric | 0       |
|     sub_ln73_415_fu_87515_p2                                             |     |        | sub_ln73_415 | sub | fabric | 0       |
|     sub_ln73_416_fu_87539_p2                                             |     |        | sub_ln73_416 | sub | fabric | 0       |
|     sub_ln73_417_fu_87563_p2                                             |     |        | sub_ln73_417 | sub | fabric | 0       |
|     sub_ln73_418_fu_87587_p2                                             |     |        | sub_ln73_418 | sub | fabric | 0       |
|     sub_ln73_419_fu_87611_p2                                             |     |        | sub_ln73_419 | sub | fabric | 0       |
|     sub_ln73_420_fu_87649_p2                                             |     |        | sub_ln73_420 | sub | fabric | 0       |
|     sub_ln73_421_fu_87673_p2                                             |     |        | sub_ln73_421 | sub | fabric | 0       |
|     sub_ln73_651_fu_87705_p2                                             |     |        | sub_ln73_651 | sub | fabric | 0       |
|     sub_ln73_422_fu_87729_p2                                             |     |        | sub_ln73_422 | sub | fabric | 0       |
|     sub_ln73_423_fu_87753_p2                                             |     |        | sub_ln73_423 | sub | fabric | 0       |
|     sub_ln73_424_fu_87777_p2                                             |     |        | sub_ln73_424 | sub | fabric | 0       |
|     sub_ln73_652_fu_87809_p2                                             |     |        | sub_ln73_652 | sub | fabric | 0       |
|     sub_ln73_653_fu_87841_p2                                             |     |        | sub_ln73_653 | sub | fabric | 0       |
|     sub_ln73_425_fu_87865_p2                                             |     |        | sub_ln73_425 | sub | fabric | 0       |
|     sub_ln73_426_fu_87889_p2                                             |     |        | sub_ln73_426 | sub | fabric | 0       |
|     sub_ln73_427_fu_87913_p2                                             |     |        | sub_ln73_427 | sub | fabric | 0       |
|     sub_ln73_428_fu_87937_p2                                             |     |        | sub_ln73_428 | sub | fabric | 0       |
|     sub_ln73_429_fu_87961_p2                                             |     |        | sub_ln73_429 | sub | fabric | 0       |
|     sub_ln73_430_fu_87985_p2                                             |     |        | sub_ln73_430 | sub | fabric | 0       |
|     sub_ln73_431_fu_88009_p2                                             |     |        | sub_ln73_431 | sub | fabric | 0       |
|     sub_ln73_432_fu_88033_p2                                             |     |        | sub_ln73_432 | sub | fabric | 0       |
|     sub_ln73_433_fu_88057_p2                                             |     |        | sub_ln73_433 | sub | fabric | 0       |
|     sub_ln73_434_fu_88081_p2                                             |     |        | sub_ln73_434 | sub | fabric | 0       |
|     sub_ln73_435_fu_88105_p2                                             |     |        | sub_ln73_435 | sub | fabric | 0       |
|     sub_ln73_654_fu_88137_p2                                             |     |        | sub_ln73_654 | sub | fabric | 0       |
|     sub_ln73_436_fu_88161_p2                                             |     |        | sub_ln73_436 | sub | fabric | 0       |
|     sub_ln73_437_fu_88185_p2                                             |     |        | sub_ln73_437 | sub | fabric | 0       |
|     sub_ln73_655_fu_88217_p2                                             |     |        | sub_ln73_655 | sub | fabric | 0       |
|     sub_ln73_438_fu_88241_p2                                             |     |        | sub_ln73_438 | sub | fabric | 0       |
|     sub_ln73_439_fu_88265_p2                                             |     |        | sub_ln73_439 | sub | fabric | 0       |
|     sub_ln73_440_fu_88289_p2                                             |     |        | sub_ln73_440 | sub | fabric | 0       |
|     sub_ln73_441_fu_88313_p2                                             |     |        | sub_ln73_441 | sub | fabric | 0       |
|     sub_ln73_656_fu_88345_p2                                             |     |        | sub_ln73_656 | sub | fabric | 0       |
|     sub_ln73_442_fu_88369_p2                                             |     |        | sub_ln73_442 | sub | fabric | 0       |
|     sub_ln73_443_fu_88393_p2                                             |     |        | sub_ln73_443 | sub | fabric | 0       |
|     sub_ln73_444_fu_88417_p2                                             |     |        | sub_ln73_444 | sub | fabric | 0       |
|     sub_ln73_445_fu_88441_p2                                             |     |        | sub_ln73_445 | sub | fabric | 0       |
|     sub_ln73_657_fu_88473_p2                                             |     |        | sub_ln73_657 | sub | fabric | 0       |
|     sub_ln73_446_fu_88497_p2                                             |     |        | sub_ln73_446 | sub | fabric | 0       |
|     sub_ln73_447_fu_88521_p2                                             |     |        | sub_ln73_447 | sub | fabric | 0       |
|     sub_ln73_448_fu_88545_p2                                             |     |        | sub_ln73_448 | sub | fabric | 0       |
|     sub_ln73_449_fu_88569_p2                                             |     |        | sub_ln73_449 | sub | fabric | 0       |
|     sub_ln73_658_fu_88601_p2                                             |     |        | sub_ln73_658 | sub | fabric | 0       |
|     sub_ln73_659_fu_88633_p2                                             |     |        | sub_ln73_659 | sub | fabric | 0       |
|     sub_ln73_450_fu_88657_p2                                             |     |        | sub_ln73_450 | sub | fabric | 0       |
|     sub_ln73_451_fu_88681_p2                                             |     |        | sub_ln73_451 | sub | fabric | 0       |
|     sub_ln73_452_fu_88705_p2                                             |     |        | sub_ln73_452 | sub | fabric | 0       |
|     sub_ln73_453_fu_88729_p2                                             |     |        | sub_ln73_453 | sub | fabric | 0       |
|     sub_ln73_454_fu_88753_p2                                             |     |        | sub_ln73_454 | sub | fabric | 0       |
|     add_ln58_5_fu_88803_p2                                               |     |        | add_ln58_5   | add | fabric | 0       |
|     add_ln58_16_fu_88869_p2                                              |     |        | add_ln58_16  | add | fabric | 0       |
|     add_ln58_23_fu_88905_p2                                              |     |        | add_ln58_23  | add | fabric | 0       |
|     add_ln58_28_fu_88923_p2                                              |     |        | add_ln58_28  | add | fabric | 0       |
|     add_ln58_39_fu_88977_p2                                              |     |        | add_ln58_39  | add | fabric | 0       |
|     add_ln58_42_fu_88989_p2                                              |     |        | add_ln58_42  | add | fabric | 0       |
|     add_ln58_53_fu_89025_p2                                              |     |        | add_ln58_53  | add | fabric | 0       |
|     add_ln58_64_fu_89067_p2                                              |     |        | add_ln58_64  | add | fabric | 0       |
|     add_ln58_71_fu_89097_p2                                              |     |        | add_ln58_71  | add | fabric | 0       |
|     add_ln58_76_fu_89115_p2                                              |     |        | add_ln58_76  | add | fabric | 0       |
|     add_ln58_87_fu_89169_p2                                              |     |        | add_ln58_87  | add | fabric | 0       |
|     add_ln58_90_fu_89181_p2                                              |     |        | add_ln58_90  | add | fabric | 0       |
|     add_ln58_97_fu_89193_p2                                              |     |        | add_ln58_97  | add | fabric | 0       |
|     add_ln58_102_fu_89211_p2                                             |     |        | add_ln58_102 | add | fabric | 0       |
|     add_ln58_113_fu_89271_p2                                             |     |        | add_ln58_113 | add | fabric | 0       |
|     add_ln58_120_fu_89307_p2                                             |     |        | add_ln58_120 | add | fabric | 0       |
|     add_ln58_125_fu_89337_p2                                             |     |        | add_ln58_125 | add | fabric | 0       |
|     add_ln58_136_fu_89391_p2                                             |     |        | add_ln58_136 | add | fabric | 0       |
|     add_ln58_139_fu_89409_p2                                             |     |        | add_ln58_139 | add | fabric | 0       |
|     add_ln58_150_fu_89457_p2                                             |     |        | add_ln58_150 | add | fabric | 0       |
|     add_ln58_161_fu_89517_p2                                             |     |        | add_ln58_161 | add | fabric | 0       |
|     add_ln58_164_fu_89535_p2                                             |     |        | add_ln58_164 | add | fabric | 0       |
|     add_ln58_169_fu_89553_p2                                             |     |        | add_ln58_169 | add | fabric | 0       |
|     add_ln58_174_fu_89583_p2                                             |     |        | add_ln58_174 | add | fabric | 0       |
|     add_ln58_185_fu_89637_p2                                             |     |        | add_ln58_185 | add | fabric | 0       |
|     add_ln58_188_fu_89655_p2                                             |     |        | add_ln58_188 | add | fabric | 0       |
|     add_ln58_201_fu_89703_p2                                             |     |        | add_ln58_201 | add | fabric | 0       |
|     add_ln58_212_fu_89769_p2                                             |     |        | add_ln58_212 | add | fabric | 0       |
|     add_ln58_219_fu_89805_p2                                             |     |        | add_ln58_219 | add | fabric | 0       |
|     add_ln58_224_fu_89835_p2                                             |     |        | add_ln58_224 | add | fabric | 0       |
|     add_ln58_235_fu_89889_p2                                             |     |        | add_ln58_235 | add | fabric | 0       |
|     add_ln58_238_fu_89907_p2                                             |     |        | add_ln58_238 | add | fabric | 0       |
|     add_ln58_249_fu_89955_p2                                             |     |        | add_ln58_249 | add | fabric | 0       |
|     add_ln58_260_fu_90015_p2                                             |     |        | add_ln58_260 | add | fabric | 0       |
|     add_ln58_263_fu_90033_p2                                             |     |        | add_ln58_263 | add | fabric | 0       |
|     add_ln58_268_fu_90051_p2                                             |     |        | add_ln58_268 | add | fabric | 0       |
|     add_ln58_270_fu_90063_p2                                             |     |        | add_ln58_270 | add | fabric | 0       |
|     add_ln58_271_fu_90073_p2                                             |     |        | add_ln58_271 | add | fabric | 0       |
|     add_ln58_273_fu_90085_p2                                             |     |        | add_ln58_273 | add | fabric | 0       |
|     add_ln58_275_fu_90101_p2                                             |     |        | add_ln58_275 | add | fabric | 0       |
|     add_ln58_276_fu_90111_p2                                             |     |        | add_ln58_276 | add | fabric | 0       |
|     add_ln58_279_fu_90123_p2                                             |     |        | add_ln58_279 | add | fabric | 0       |
|     add_ln58_280_fu_90133_p2                                             |     |        | add_ln58_280 | add | fabric | 0       |
|     add_ln58_281_fu_90139_p2                                             |     |        | add_ln58_281 | add | fabric | 0       |
|     add_ln58_282_fu_90149_p2                                             |     |        | add_ln58_282 | add | fabric | 0       |
|     add_ln58_284_fu_90155_p2                                             |     |        | add_ln58_284 | add | fabric | 0       |
|     add_ln58_286_fu_90171_p2                                             |     |        | add_ln58_286 | add | fabric | 0       |
|     add_ln58_287_fu_90181_p2                                             |     |        | add_ln58_287 | add | fabric | 0       |
|     add_ln58_288_fu_90191_p2                                             |     |        | add_ln58_288 | add | fabric | 0       |
|     add_ln58_294_fu_90203_p2                                             |     |        | add_ln58_294 | add | fabric | 0       |
|     add_ln58_296_fu_90219_p2                                             |     |        | add_ln58_296 | add | fabric | 0       |
|     add_ln58_297_fu_90229_p2                                             |     |        | add_ln58_297 | add | fabric | 0       |
|     add_ln58_299_fu_90241_p2                                             |     |        | add_ln58_299 | add | fabric | 0       |
|     add_ln58_301_fu_90257_p2                                             |     |        | add_ln58_301 | add | fabric | 0       |
|     add_ln58_302_fu_90267_p2                                             |     |        | add_ln58_302 | add | fabric | 0       |
|     add_ln58_305_fu_90279_p2                                             |     |        | add_ln58_305 | add | fabric | 0       |
|     add_ln58_306_fu_90289_p2                                             |     |        | add_ln58_306 | add | fabric | 0       |
|     add_ln58_307_fu_90295_p2                                             |     |        | add_ln58_307 | add | fabric | 0       |
|     add_ln58_308_fu_90305_p2                                             |     |        | add_ln58_308 | add | fabric | 0       |
|     add_ln58_310_fu_90311_p2                                             |     |        | add_ln58_310 | add | fabric | 0       |
|     add_ln58_312_fu_90327_p2                                             |     |        | add_ln58_312 | add | fabric | 0       |
|     add_ln58_313_fu_90337_p2                                             |     |        | add_ln58_313 | add | fabric | 0       |
|     add_ln58_317_fu_90349_p2                                             |     |        | add_ln58_317 | add | fabric | 0       |
|     add_ln58_319_fu_90365_p2                                             |     |        | add_ln58_319 | add | fabric | 0       |
|     add_ln58_320_fu_90375_p2                                             |     |        | add_ln58_320 | add | fabric | 0       |
|     add_ln58_322_fu_90387_p2                                             |     |        | add_ln58_322 | add | fabric | 0       |
|     add_ln58_324_fu_90403_p2                                             |     |        | add_ln58_324 | add | fabric | 0       |
|     add_ln58_325_fu_90413_p2                                             |     |        | add_ln58_325 | add | fabric | 0       |
|     add_ln58_328_fu_90425_p2                                             |     |        | add_ln58_328 | add | fabric | 0       |
|     add_ln58_329_fu_90435_p2                                             |     |        | add_ln58_329 | add | fabric | 0       |
|     add_ln58_330_fu_90441_p2                                             |     |        | add_ln58_330 | add | fabric | 0       |
|     add_ln58_331_fu_90451_p2                                             |     |        | add_ln58_331 | add | fabric | 0       |
|     add_ln58_333_fu_90457_p2                                             |     |        | add_ln58_333 | add | fabric | 0       |
|     add_ln58_335_fu_90473_p2                                             |     |        | add_ln58_335 | add | fabric | 0       |
|     add_ln58_336_fu_90483_p2                                             |     |        | add_ln58_336 | add | fabric | 0       |
|     add_ln58_337_fu_90493_p2                                             |     |        | add_ln58_337 | add | fabric | 0       |
|     add_ln58_342_fu_90505_p2                                             |     |        | add_ln58_342 | add | fabric | 0       |
|     add_ln58_343_fu_90515_p2                                             |     |        | add_ln58_343 | add | fabric | 0       |
|     add_ln58_344_fu_90521_p2                                             |     |        | add_ln58_344 | add | fabric | 0       |
|     add_ln58_345_fu_90531_p2                                             |     |        | add_ln58_345 | add | fabric | 0       |
|     add_ln58_347_fu_90537_p2                                             |     |        | add_ln58_347 | add | fabric | 0       |
|     add_ln58_349_fu_90553_p2                                             |     |        | add_ln58_349 | add | fabric | 0       |
|     add_ln58_350_fu_90563_p2                                             |     |        | add_ln58_350 | add | fabric | 0       |
|     add_ln58_353_fu_90575_p2                                             |     |        | add_ln58_353 | add | fabric | 0       |
|     add_ln58_354_fu_90585_p2                                             |     |        | add_ln58_354 | add | fabric | 0       |
|     add_ln58_355_fu_90591_p2                                             |     |        | add_ln58_355 | add | fabric | 0       |
|     add_ln58_356_fu_90601_p2                                             |     |        | add_ln58_356 | add | fabric | 0       |
|     add_ln58_358_fu_90607_p2                                             |     |        | add_ln58_358 | add | fabric | 0       |
|     add_ln58_360_fu_90623_p2                                             |     |        | add_ln58_360 | add | fabric | 0       |
|     add_ln58_361_fu_90633_p2                                             |     |        | add_ln58_361 | add | fabric | 0       |
|     add_ln58_362_fu_90643_p2                                             |     |        | add_ln58_362 | add | fabric | 0       |
|     add_ln58_366_fu_90655_p2                                             |     |        | add_ln58_366 | add | fabric | 0       |
|     add_ln58_368_fu_90671_p2                                             |     |        | add_ln58_368 | add | fabric | 0       |
|     add_ln58_369_fu_90681_p2                                             |     |        | add_ln58_369 | add | fabric | 0       |
|     add_ln58_371_fu_90693_p2                                             |     |        | add_ln58_371 | add | fabric | 0       |
|     add_ln58_373_fu_90709_p2                                             |     |        | add_ln58_373 | add | fabric | 0       |
|     add_ln58_374_fu_90719_p2                                             |     |        | add_ln58_374 | add | fabric | 0       |
|     add_ln58_377_fu_90731_p2                                             |     |        | add_ln58_377 | add | fabric | 0       |
|     add_ln58_378_fu_90741_p2                                             |     |        | add_ln58_378 | add | fabric | 0       |
|     add_ln58_379_fu_90747_p2                                             |     |        | add_ln58_379 | add | fabric | 0       |
|     add_ln58_380_fu_90757_p2                                             |     |        | add_ln58_380 | add | fabric | 0       |
|     add_ln58_382_fu_90763_p2                                             |     |        | add_ln58_382 | add | fabric | 0       |
|     add_ln58_384_fu_90779_p2                                             |     |        | add_ln58_384 | add | fabric | 0       |
|     add_ln58_385_fu_90789_p2                                             |     |        | add_ln58_385 | add | fabric | 0       |
|     add_ln58_386_fu_90799_p2                                             |     |        | add_ln58_386 | add | fabric | 0       |
|     add_ln58_394_fu_90811_p2                                             |     |        | add_ln58_394 | add | fabric | 0       |
|     add_ln58_396_fu_90827_p2                                             |     |        | add_ln58_396 | add | fabric | 0       |
|     add_ln58_397_fu_90837_p2                                             |     |        | add_ln58_397 | add | fabric | 0       |
|     add_ln58_399_fu_90849_p2                                             |     |        | add_ln58_399 | add | fabric | 0       |
|     add_ln58_401_fu_90865_p2                                             |     |        | add_ln58_401 | add | fabric | 0       |
|     add_ln58_402_fu_90875_p2                                             |     |        | add_ln58_402 | add | fabric | 0       |
|     add_ln58_405_fu_90887_p2                                             |     |        | add_ln58_405 | add | fabric | 0       |
|     add_ln58_406_fu_90897_p2                                             |     |        | add_ln58_406 | add | fabric | 0       |
|     add_ln58_407_fu_90903_p2                                             |     |        | add_ln58_407 | add | fabric | 0       |
|     add_ln58_408_fu_90913_p2                                             |     |        | add_ln58_408 | add | fabric | 0       |
|     add_ln58_410_fu_90919_p2                                             |     |        | add_ln58_410 | add | fabric | 0       |
|     add_ln58_412_fu_90935_p2                                             |     |        | add_ln58_412 | add | fabric | 0       |
|     add_ln58_413_fu_90945_p2                                             |     |        | add_ln58_413 | add | fabric | 0       |
|     add_ln58_417_fu_90957_p2                                             |     |        | add_ln58_417 | add | fabric | 0       |
|     add_ln58_419_fu_90973_p2                                             |     |        | add_ln58_419 | add | fabric | 0       |
|     add_ln58_420_fu_90983_p2                                             |     |        | add_ln58_420 | add | fabric | 0       |
|     add_ln58_422_fu_90995_p2                                             |     |        | add_ln58_422 | add | fabric | 0       |
|     add_ln58_424_fu_91011_p2                                             |     |        | add_ln58_424 | add | fabric | 0       |
|     add_ln58_425_fu_91021_p2                                             |     |        | add_ln58_425 | add | fabric | 0       |
|     add_ln58_428_fu_91033_p2                                             |     |        | add_ln58_428 | add | fabric | 0       |
|     add_ln58_429_fu_91043_p2                                             |     |        | add_ln58_429 | add | fabric | 0       |
|     add_ln58_430_fu_91049_p2                                             |     |        | add_ln58_430 | add | fabric | 0       |
|     add_ln58_431_fu_91059_p2                                             |     |        | add_ln58_431 | add | fabric | 0       |
|     add_ln58_433_fu_91065_p2                                             |     |        | add_ln58_433 | add | fabric | 0       |
|     add_ln58_435_fu_91081_p2                                             |     |        | add_ln58_435 | add | fabric | 0       |
|     add_ln58_436_fu_91091_p2                                             |     |        | add_ln58_436 | add | fabric | 0       |
|     add_ln58_437_fu_91101_p2                                             |     |        | add_ln58_437 | add | fabric | 0       |
|     add_ln58_442_fu_91113_p2                                             |     |        | add_ln58_442 | add | fabric | 0       |
|     add_ln58_443_fu_91123_p2                                             |     |        | add_ln58_443 | add | fabric | 0       |
|     add_ln58_444_fu_91129_p2                                             |     |        | add_ln58_444 | add | fabric | 0       |
|     add_ln58_445_fu_91139_p2                                             |     |        | add_ln58_445 | add | fabric | 0       |
|     add_ln58_447_fu_91145_p2                                             |     |        | add_ln58_447 | add | fabric | 0       |
|     add_ln58_449_fu_91161_p2                                             |     |        | add_ln58_449 | add | fabric | 0       |
|     add_ln58_450_fu_91171_p2                                             |     |        | add_ln58_450 | add | fabric | 0       |
|     add_ln58_453_fu_91183_p2                                             |     |        | add_ln58_453 | add | fabric | 0       |
|     add_ln58_454_fu_91193_p2                                             |     |        | add_ln58_454 | add | fabric | 0       |
|     add_ln58_455_fu_91199_p2                                             |     |        | add_ln58_455 | add | fabric | 0       |
|     add_ln58_456_fu_91209_p2                                             |     |        | add_ln58_456 | add | fabric | 0       |
|     add_ln58_458_fu_91215_p2                                             |     |        | add_ln58_458 | add | fabric | 0       |
|     add_ln58_460_fu_91231_p2                                             |     |        | add_ln58_460 | add | fabric | 0       |
|     add_ln58_461_fu_91241_p2                                             |     |        | add_ln58_461 | add | fabric | 0       |
|     add_ln58_462_fu_91251_p2                                             |     |        | add_ln58_462 | add | fabric | 0       |
|     add_ln58_466_fu_91263_p2                                             |     |        | add_ln58_466 | add | fabric | 0       |
|     add_ln58_468_fu_91279_p2                                             |     |        | add_ln58_468 | add | fabric | 0       |
|     add_ln58_469_fu_91289_p2                                             |     |        | add_ln58_469 | add | fabric | 0       |
|     add_ln58_471_fu_91301_p2                                             |     |        | add_ln58_471 | add | fabric | 0       |
|     add_ln58_473_fu_91317_p2                                             |     |        | add_ln58_473 | add | fabric | 0       |
|     add_ln58_474_fu_91327_p2                                             |     |        | add_ln58_474 | add | fabric | 0       |
|     add_ln58_477_fu_91339_p2                                             |     |        | add_ln58_477 | add | fabric | 0       |
|     add_ln58_478_fu_91349_p2                                             |     |        | add_ln58_478 | add | fabric | 0       |
|     add_ln58_479_fu_91355_p2                                             |     |        | add_ln58_479 | add | fabric | 0       |
|     add_ln58_480_fu_91365_p2                                             |     |        | add_ln58_480 | add | fabric | 0       |
|     add_ln58_482_fu_91371_p2                                             |     |        | add_ln58_482 | add | fabric | 0       |
|     add_ln58_484_fu_91387_p2                                             |     |        | add_ln58_484 | add | fabric | 0       |
|     add_ln58_485_fu_91397_p2                                             |     |        | add_ln58_485 | add | fabric | 0       |
|     add_ln58_486_fu_91407_p2                                             |     |        | add_ln58_486 | add | fabric | 0       |
|     add_ln58_492_fu_91419_p2                                             |     |        | add_ln58_492 | add | fabric | 0       |
|     add_ln58_494_fu_91435_p2                                             |     |        | add_ln58_494 | add | fabric | 0       |
|     add_ln58_495_fu_91445_p2                                             |     |        | add_ln58_495 | add | fabric | 0       |
|     add_ln58_497_fu_91457_p2                                             |     |        | add_ln58_497 | add | fabric | 0       |
|     add_ln58_499_fu_91473_p2                                             |     |        | add_ln58_499 | add | fabric | 0       |
|     add_ln58_500_fu_91483_p2                                             |     |        | add_ln58_500 | add | fabric | 0       |
|     add_ln58_503_fu_91495_p2                                             |     |        | add_ln58_503 | add | fabric | 0       |
|     add_ln58_504_fu_91505_p2                                             |     |        | add_ln58_504 | add | fabric | 0       |
|     add_ln58_505_fu_91511_p2                                             |     |        | add_ln58_505 | add | fabric | 0       |
|     add_ln58_506_fu_91521_p2                                             |     |        | add_ln58_506 | add | fabric | 0       |
|     add_ln58_508_fu_91527_p2                                             |     |        | add_ln58_508 | add | fabric | 0       |
|     add_ln58_510_fu_91543_p2                                             |     |        | add_ln58_510 | add | fabric | 0       |
|     add_ln58_511_fu_91553_p2                                             |     |        | add_ln58_511 | add | fabric | 0       |
|     add_ln58_515_fu_91565_p2                                             |     |        | add_ln58_515 | add | fabric | 0       |
|     add_ln58_517_fu_91581_p2                                             |     |        | add_ln58_517 | add | fabric | 0       |
|     add_ln58_518_fu_91591_p2                                             |     |        | add_ln58_518 | add | fabric | 0       |
|     add_ln58_520_fu_91603_p2                                             |     |        | add_ln58_520 | add | fabric | 0       |
|     add_ln58_522_fu_91619_p2                                             |     |        | add_ln58_522 | add | fabric | 0       |
|     add_ln58_523_fu_91629_p2                                             |     |        | add_ln58_523 | add | fabric | 0       |
|     add_ln58_526_fu_91641_p2                                             |     |        | add_ln58_526 | add | fabric | 0       |
|     add_ln58_527_fu_91651_p2                                             |     |        | add_ln58_527 | add | fabric | 0       |
|     add_ln58_528_fu_91657_p2                                             |     |        | add_ln58_528 | add | fabric | 0       |
|     add_ln58_529_fu_91667_p2                                             |     |        | add_ln58_529 | add | fabric | 0       |
|     add_ln58_531_fu_91673_p2                                             |     |        | add_ln58_531 | add | fabric | 0       |
|     add_ln58_533_fu_91689_p2                                             |     |        | add_ln58_533 | add | fabric | 0       |
|     add_ln58_534_fu_91699_p2                                             |     |        | add_ln58_534 | add | fabric | 0       |
|     add_ln58_535_fu_91709_p2                                             |     |        | add_ln58_535 | add | fabric | 0       |
|     add_ln58_540_fu_91721_p2                                             |     |        | add_ln58_540 | add | fabric | 0       |
|     add_ln58_541_fu_91731_p2                                             |     |        | add_ln58_541 | add | fabric | 0       |
|     add_ln58_542_fu_91737_p2                                             |     |        | add_ln58_542 | add | fabric | 0       |
|     add_ln58_543_fu_91747_p2                                             |     |        | add_ln58_543 | add | fabric | 0       |
|     add_ln58_545_fu_91753_p2                                             |     |        | add_ln58_545 | add | fabric | 0       |
|     add_ln58_547_fu_91769_p2                                             |     |        | add_ln58_547 | add | fabric | 0       |
|     add_ln58_548_fu_91779_p2                                             |     |        | add_ln58_548 | add | fabric | 0       |
|     add_ln58_551_fu_91791_p2                                             |     |        | add_ln58_551 | add | fabric | 0       |
|     add_ln58_552_fu_91801_p2                                             |     |        | add_ln58_552 | add | fabric | 0       |
|     add_ln58_553_fu_91807_p2                                             |     |        | add_ln58_553 | add | fabric | 0       |
|     add_ln58_554_fu_91817_p2                                             |     |        | add_ln58_554 | add | fabric | 0       |
|     add_ln58_556_fu_91823_p2                                             |     |        | add_ln58_556 | add | fabric | 0       |
|     add_ln58_558_fu_91839_p2                                             |     |        | add_ln58_558 | add | fabric | 0       |
|     add_ln58_559_fu_91849_p2                                             |     |        | add_ln58_559 | add | fabric | 0       |
|     add_ln58_560_fu_91859_p2                                             |     |        | add_ln58_560 | add | fabric | 0       |
|     add_ln58_564_fu_91871_p2                                             |     |        | add_ln58_564 | add | fabric | 0       |
|     add_ln58_566_fu_91887_p2                                             |     |        | add_ln58_566 | add | fabric | 0       |
|     add_ln58_567_fu_91897_p2                                             |     |        | add_ln58_567 | add | fabric | 0       |
|     add_ln58_569_fu_91909_p2                                             |     |        | add_ln58_569 | add | fabric | 0       |
|     add_ln58_571_fu_91925_p2                                             |     |        | add_ln58_571 | add | fabric | 0       |
|     add_ln58_572_fu_91935_p2                                             |     |        | add_ln58_572 | add | fabric | 0       |
|     add_ln58_575_fu_91947_p2                                             |     |        | add_ln58_575 | add | fabric | 0       |
|     add_ln58_576_fu_91957_p2                                             |     |        | add_ln58_576 | add | fabric | 0       |
|     add_ln58_577_fu_91963_p2                                             |     |        | add_ln58_577 | add | fabric | 0       |
|     add_ln58_578_fu_91973_p2                                             |     |        | add_ln58_578 | add | fabric | 0       |
|     add_ln58_580_fu_91979_p2                                             |     |        | add_ln58_580 | add | fabric | 0       |
|     add_ln58_582_fu_91995_p2                                             |     |        | add_ln58_582 | add | fabric | 0       |
|     add_ln58_583_fu_92005_p2                                             |     |        | add_ln58_583 | add | fabric | 0       |
|     add_ln58_584_fu_92015_p2                                             |     |        | add_ln58_584 | add | fabric | 0       |
|     add_ln58_591_fu_92027_p2                                             |     |        | add_ln58_591 | add | fabric | 0       |
|     add_ln58_592_fu_92037_p2                                             |     |        | add_ln58_592 | add | fabric | 0       |
|     add_ln58_593_fu_92043_p2                                             |     |        | add_ln58_593 | add | fabric | 0       |
|     add_ln58_594_fu_92053_p2                                             |     |        | add_ln58_594 | add | fabric | 0       |
|     add_ln58_596_fu_92059_p2                                             |     |        | add_ln58_596 | add | fabric | 0       |
|     add_ln58_598_fu_92075_p2                                             |     |        | add_ln58_598 | add | fabric | 0       |
|     add_ln58_599_fu_92085_p2                                             |     |        | add_ln58_599 | add | fabric | 0       |
|     add_ln58_602_fu_92097_p2                                             |     |        | add_ln58_602 | add | fabric | 0       |
|     add_ln58_603_fu_92107_p2                                             |     |        | add_ln58_603 | add | fabric | 0       |
|     add_ln58_604_fu_92113_p2                                             |     |        | add_ln58_604 | add | fabric | 0       |
|     add_ln58_605_fu_92123_p2                                             |     |        | add_ln58_605 | add | fabric | 0       |
|     add_ln58_607_fu_92129_p2                                             |     |        | add_ln58_607 | add | fabric | 0       |
|     add_ln58_609_fu_92145_p2                                             |     |        | add_ln58_609 | add | fabric | 0       |
|     add_ln58_610_fu_92155_p2                                             |     |        | add_ln58_610 | add | fabric | 0       |
|     add_ln58_614_fu_92167_p2                                             |     |        | add_ln58_614 | add | fabric | 0       |
|     add_ln58_616_fu_92183_p2                                             |     |        | add_ln58_616 | add | fabric | 0       |
|     add_ln58_617_fu_92193_p2                                             |     |        | add_ln58_617 | add | fabric | 0       |
|     add_ln58_619_fu_92205_p2                                             |     |        | add_ln58_619 | add | fabric | 0       |
|     add_ln58_621_fu_92221_p2                                             |     |        | add_ln58_621 | add | fabric | 0       |
|     add_ln58_622_fu_92231_p2                                             |     |        | add_ln58_622 | add | fabric | 0       |
|     add_ln58_625_fu_92243_p2                                             |     |        | add_ln58_625 | add | fabric | 0       |
|     add_ln58_626_fu_92253_p2                                             |     |        | add_ln58_626 | add | fabric | 0       |
|     add_ln58_627_fu_92259_p2                                             |     |        | add_ln58_627 | add | fabric | 0       |
|     add_ln58_628_fu_92269_p2                                             |     |        | add_ln58_628 | add | fabric | 0       |
|     add_ln58_630_fu_92275_p2                                             |     |        | add_ln58_630 | add | fabric | 0       |
|     add_ln58_632_fu_92291_p2                                             |     |        | add_ln58_632 | add | fabric | 0       |
|     add_ln58_633_fu_92301_p2                                             |     |        | add_ln58_633 | add | fabric | 0       |
|     add_ln58_634_fu_92311_p2                                             |     |        | add_ln58_634 | add | fabric | 0       |
|     add_ln58_639_fu_92323_p2                                             |     |        | add_ln58_639 | add | fabric | 0       |
|     add_ln58_640_fu_92333_p2                                             |     |        | add_ln58_640 | add | fabric | 0       |
|     add_ln58_641_fu_92339_p2                                             |     |        | add_ln58_641 | add | fabric | 0       |
|     add_ln58_642_fu_92349_p2                                             |     |        | add_ln58_642 | add | fabric | 0       |
|     add_ln58_644_fu_92355_p2                                             |     |        | add_ln58_644 | add | fabric | 0       |
|     add_ln58_646_fu_92371_p2                                             |     |        | add_ln58_646 | add | fabric | 0       |
|     add_ln58_647_fu_92381_p2                                             |     |        | add_ln58_647 | add | fabric | 0       |
|     add_ln58_650_fu_92393_p2                                             |     |        | add_ln58_650 | add | fabric | 0       |
|     add_ln58_651_fu_92403_p2                                             |     |        | add_ln58_651 | add | fabric | 0       |
|     add_ln58_652_fu_92409_p2                                             |     |        | add_ln58_652 | add | fabric | 0       |
|     add_ln58_653_fu_92419_p2                                             |     |        | add_ln58_653 | add | fabric | 0       |
|     add_ln58_655_fu_92425_p2                                             |     |        | add_ln58_655 | add | fabric | 0       |
|     add_ln58_657_fu_92441_p2                                             |     |        | add_ln58_657 | add | fabric | 0       |
|     add_ln58_658_fu_92451_p2                                             |     |        | add_ln58_658 | add | fabric | 0       |
|     add_ln58_659_fu_92461_p2                                             |     |        | add_ln58_659 | add | fabric | 0       |
|     add_ln58_663_fu_92473_p2                                             |     |        | add_ln58_663 | add | fabric | 0       |
|     add_ln58_665_fu_92489_p2                                             |     |        | add_ln58_665 | add | fabric | 0       |
|     add_ln58_666_fu_92499_p2                                             |     |        | add_ln58_666 | add | fabric | 0       |
|     add_ln58_668_fu_92511_p2                                             |     |        | add_ln58_668 | add | fabric | 0       |
|     add_ln58_670_fu_92527_p2                                             |     |        | add_ln58_670 | add | fabric | 0       |
|     add_ln58_671_fu_92537_p2                                             |     |        | add_ln58_671 | add | fabric | 0       |
|     add_ln58_674_fu_92549_p2                                             |     |        | add_ln58_674 | add | fabric | 0       |
|     add_ln58_675_fu_92559_p2                                             |     |        | add_ln58_675 | add | fabric | 0       |
|     add_ln58_676_fu_92565_p2                                             |     |        | add_ln58_676 | add | fabric | 0       |
|     add_ln58_677_fu_92575_p2                                             |     |        | add_ln58_677 | add | fabric | 0       |
|     add_ln58_679_fu_92581_p2                                             |     |        | add_ln58_679 | add | fabric | 0       |
|     add_ln58_681_fu_92597_p2                                             |     |        | add_ln58_681 | add | fabric | 0       |
|     add_ln58_682_fu_92607_p2                                             |     |        | add_ln58_682 | add | fabric | 0       |
|     add_ln58_683_fu_92617_p2                                             |     |        | add_ln58_683 | add | fabric | 0       |
|     add_ln58_689_fu_92629_p2                                             |     |        | add_ln58_689 | add | fabric | 0       |
|     add_ln58_691_fu_92645_p2                                             |     |        | add_ln58_691 | add | fabric | 0       |
|     add_ln58_692_fu_92655_p2                                             |     |        | add_ln58_692 | add | fabric | 0       |
|     add_ln58_694_fu_92667_p2                                             |     |        | add_ln58_694 | add | fabric | 0       |
|     add_ln58_696_fu_92683_p2                                             |     |        | add_ln58_696 | add | fabric | 0       |
|     add_ln58_697_fu_92693_p2                                             |     |        | add_ln58_697 | add | fabric | 0       |
|     add_ln58_700_fu_92705_p2                                             |     |        | add_ln58_700 | add | fabric | 0       |
|     add_ln58_701_fu_92715_p2                                             |     |        | add_ln58_701 | add | fabric | 0       |
|     add_ln58_702_fu_92721_p2                                             |     |        | add_ln58_702 | add | fabric | 0       |
|     add_ln58_703_fu_92731_p2                                             |     |        | add_ln58_703 | add | fabric | 0       |
|     add_ln58_705_fu_92737_p2                                             |     |        | add_ln58_705 | add | fabric | 0       |
|     add_ln58_707_fu_92753_p2                                             |     |        | add_ln58_707 | add | fabric | 0       |
|     add_ln58_708_fu_92763_p2                                             |     |        | add_ln58_708 | add | fabric | 0       |
|     add_ln58_712_fu_92775_p2                                             |     |        | add_ln58_712 | add | fabric | 0       |
|     add_ln58_714_fu_92791_p2                                             |     |        | add_ln58_714 | add | fabric | 0       |
|     add_ln58_715_fu_92801_p2                                             |     |        | add_ln58_715 | add | fabric | 0       |
|     add_ln58_717_fu_92813_p2                                             |     |        | add_ln58_717 | add | fabric | 0       |
|     add_ln58_719_fu_92829_p2                                             |     |        | add_ln58_719 | add | fabric | 0       |
|     add_ln58_720_fu_92839_p2                                             |     |        | add_ln58_720 | add | fabric | 0       |
|     add_ln58_723_fu_92851_p2                                             |     |        | add_ln58_723 | add | fabric | 0       |
|     add_ln58_724_fu_92861_p2                                             |     |        | add_ln58_724 | add | fabric | 0       |
|     add_ln58_725_fu_92867_p2                                             |     |        | add_ln58_725 | add | fabric | 0       |
|     add_ln58_726_fu_92877_p2                                             |     |        | add_ln58_726 | add | fabric | 0       |
|     add_ln58_728_fu_92883_p2                                             |     |        | add_ln58_728 | add | fabric | 0       |
|     add_ln58_730_fu_92899_p2                                             |     |        | add_ln58_730 | add | fabric | 0       |
|     add_ln58_731_fu_92909_p2                                             |     |        | add_ln58_731 | add | fabric | 0       |
|     add_ln58_732_fu_92919_p2                                             |     |        | add_ln58_732 | add | fabric | 0       |
|     add_ln58_737_fu_92931_p2                                             |     |        | add_ln58_737 | add | fabric | 0       |
|     add_ln58_738_fu_92941_p2                                             |     |        | add_ln58_738 | add | fabric | 0       |
|     add_ln58_739_fu_92951_p2                                             |     |        | add_ln58_739 | add | fabric | 0       |
|     add_ln58_740_fu_92961_p2                                             |     |        | add_ln58_740 | add | fabric | 0       |
|     add_ln58_742_fu_92977_p2                                             |     |        | add_ln58_742 | add | fabric | 0       |
|     add_ln58_743_fu_92987_p2                                             |     |        | add_ln58_743 | add | fabric | 0       |
|     add_ln58_744_fu_92997_p2                                             |     |        | add_ln58_744 | add | fabric | 0       |
|     add_ln58_745_fu_93007_p2                                             |     |        | add_ln58_745 | add | fabric | 0       |
|     add_ln58_746_fu_93017_p2                                             |     |        | add_ln58_746 | add | fabric | 0       |
|     add_ln58_748_fu_93029_p2                                             |     |        | add_ln58_748 | add | fabric | 0       |
|     add_ln58_749_fu_93039_p2                                             |     |        | add_ln58_749 | add | fabric | 0       |
|     add_ln58_750_fu_93049_p2                                             |     |        | add_ln58_750 | add | fabric | 0       |
|     add_ln58_751_fu_93059_p2                                             |     |        | add_ln58_751 | add | fabric | 0       |
|     add_ln58_753_fu_93075_p2                                             |     |        | add_ln58_753 | add | fabric | 0       |
|     add_ln58_754_fu_93085_p2                                             |     |        | add_ln58_754 | add | fabric | 0       |
|     add_ln58_755_fu_93095_p2                                             |     |        | add_ln58_755 | add | fabric | 0       |
|     add_ln58_756_fu_93105_p2                                             |     |        | add_ln58_756 | add | fabric | 0       |
|     add_ln58_757_fu_93115_p2                                             |     |        | add_ln58_757 | add | fabric | 0       |
|     add_ln58_758_fu_93125_p2                                             |     |        | add_ln58_758 | add | fabric | 0       |
|     add_ln58_761_fu_93137_p2                                             |     |        | add_ln58_761 | add | fabric | 0       |
|     add_ln58_762_fu_93147_p2                                             |     |        | add_ln58_762 | add | fabric | 0       |
|     add_ln58_763_fu_93157_p2                                             |     |        | add_ln58_763 | add | fabric | 0       |
|     add_ln58_764_fu_93167_p2                                             |     |        | add_ln58_764 | add | fabric | 0       |
|     add_ln58_765_fu_93177_p2                                             |     |        | add_ln58_765 | add | fabric | 0       |
|     add_ln58_766_fu_93183_p2                                             |     |        | add_ln58_766 | add | fabric | 0       |
|     add_ln58_767_fu_93193_p2                                             |     |        | add_ln58_767 | add | fabric | 0       |
|     add_ln58_768_fu_93203_p2                                             |     |        | add_ln58_768 | add | fabric | 0       |
|     add_ln58_769_fu_93213_p2                                             |     |        | add_ln58_769 | add | fabric | 0       |
|     add_ln58_770_fu_93223_p2                                             |     |        | add_ln58_770 | add | fabric | 0       |
|     add_ln58_772_fu_93229_p2                                             |     |        | add_ln58_772 | add | fabric | 0       |
|     add_ln58_773_fu_93239_p2                                             |     |        | add_ln58_773 | add | fabric | 0       |
|     add_ln58_774_fu_93249_p2                                             |     |        | add_ln58_774 | add | fabric | 0       |
|     add_ln58_775_fu_93259_p2                                             |     |        | add_ln58_775 | add | fabric | 0       |
|     add_ln58_777_fu_93275_p2                                             |     |        | add_ln58_777 | add | fabric | 0       |
|     add_ln58_778_fu_93285_p2                                             |     |        | add_ln58_778 | add | fabric | 0       |
|     add_ln58_779_fu_93295_p2                                             |     |        | add_ln58_779 | add | fabric | 0       |
|     add_ln58_780_fu_93305_p2                                             |     |        | add_ln58_780 | add | fabric | 0       |
|     add_ln58_781_fu_93315_p2                                             |     |        | add_ln58_781 | add | fabric | 0       |
|     add_ln58_782_fu_93325_p2                                             |     |        | add_ln58_782 | add | fabric | 0       |
+--------------------------------------------------------------------------+-----+--------+--------------+-----+--------+---------+


================================================================
== Storage Report
================================================================
+-----------------------------------------------------------------------------------+---------------+--------+------+------+--------+----------------------------------------------------------------------------+--------+---------+------------------+
| Name                                                                              | Usage         | Type   | BRAM | URAM | Pragma | Variable                                                                   | Impl   | Latency | Bitwidth, Depth, |
|                                                                                   |               |        |      |      |        |                                                                            |        |         | Banks            |
+-----------------------------------------------------------------------------------+---------------+--------+------+------+--------+----------------------------------------------------------------------------+--------+---------+------------------+
| + cnn_core                                                                        |               |        | 19   | 0    |        |                                                                            |        |         |                  |
|   layer8_out_U                                                                    | fifo channel  | stream | 1    |      |        | layer8_out                                                                 | memory | 0       | 12, 1024, 1      |
|   layer3_out_U                                                                    | fifo channel  | stream | 4    |      |        | layer3_out                                                                 | memory | 0       | 63, 336, 1       |
|   layer4_out_U                                                                    | fifo channel  | stream | 7    |      |        | layer4_out                                                                 | memory | 0       | 112, 336, 1      |
|   layer5_out_U                                                                    | fifo channel  | stream | 7    |      |        | layer5_out                                                                 | memory | 0       | 112, 168, 1      |
|  + repack_stream_array_ap_fixed_4u_array_ap_fixed_12_6_5_3_0_1u_1024_s            |               |        | 0    | 0    |        |                                                                            |        |         |                  |
|    in_data_U                                                                      | ram_t2p array |        |      |      |        | in_data                                                                    | auto   | 1       | 12, 4, 1         |
|  + conv_2d_cl_array_ap_fixed_1u_array_ap_fixed_9_5_5_3_0_7u_config3_s             |               |        | 0    | 0    |        |                                                                            |        |         |                  |
|   + compute_output_buffer_2d_array_array_ap_fixed_9_5_5_3_0_7u_config3_s          |               |        | 0    | 0    |        |                                                                            |        |         |                  |
|    + shift_line_buffer_array_ap_fixed_12_6_5_3_0_1u_config3_s                     |               |        | 0    | 0    |        |                                                                            |        |         |                  |
|      void_conv_2d_buffer_latency_cl_stream_stream_weight_t_bias_t_line_buffer_3_U | ram_1p        |        |      |      |        | void_conv_2d_buffer_latency_cl_stream_stream_weight_t_bias_t_line_buffer_3 | auto   | 0       | 12, 4, 1         |
|      void_conv_2d_buffer_latency_cl_stream_stream_weight_t_bias_t_line_buffer_2_U | ram_1p        |        |      |      |        | void_conv_2d_buffer_latency_cl_stream_stream_weight_t_bias_t_line_buffer_2 | auto   | 0       | 12, 4, 1         |
|      void_conv_2d_buffer_latency_cl_stream_stream_weight_t_bias_t_line_buffer_1_U | ram_1p        |        |      |      |        | void_conv_2d_buffer_latency_cl_stream_stream_weight_t_bias_t_line_buffer_1 | auto   | 0       | 12, 4, 1         |
|      void_conv_2d_buffer_latency_cl_stream_stream_weight_t_bias_t_line_buffer_U   | ram_1p        |        |      |      |        | void_conv_2d_buffer_latency_cl_stream_stream_weight_t_bias_t_line_buffer   | auto   | 0       | 12, 4, 1         |
|  + pooling2d_cl_array_ap_fixed_7u_array_ap_fixed_16_6_5_3_0_7u_config5_s          |               |        | 0    | 0    |        |                                                                            |        |         |                  |
|   + shift_line_buffer_array_ap_fixed_16_6_5_3_0_7u_config5_s                      |               |        | 0    | 0    |        |                                                                            |        |         |                  |
|     void_pooling2d_cl_stream_stream_array_ap_fixed_7u_0_line_buffer_6_U           | ram_1p        |        |      |      |        | void_pooling2d_cl_stream_stream_array_ap_fixed_7u_0_line_buffer_6          | auto   | 0       | 16, 4, 1         |
|     void_pooling2d_cl_stream_stream_array_ap_fixed_7u_0_line_buffer_5_U           | ram_1p        |        |      |      |        | void_pooling2d_cl_stream_stream_array_ap_fixed_7u_0_line_buffer_5          | auto   | 0       | 16, 4, 1         |
|     void_pooling2d_cl_stream_stream_array_ap_fixed_7u_0_line_buffer_4_U           | ram_1p        |        |      |      |        | void_pooling2d_cl_stream_stream_array_ap_fixed_7u_0_line_buffer_4          | auto   | 0       | 16, 4, 1         |
|     void_pooling2d_cl_stream_stream_array_ap_fixed_7u_0_line_buffer_3_U           | ram_1p        |        |      |      |        | void_pooling2d_cl_stream_stream_array_ap_fixed_7u_0_line_buffer_3          | auto   | 0       | 16, 4, 1         |
|     void_pooling2d_cl_stream_stream_array_ap_fixed_7u_0_line_buffer_2_U           | ram_1p        |        |      |      |        | void_pooling2d_cl_stream_stream_array_ap_fixed_7u_0_line_buffer_2          | auto   | 0       | 16, 4, 1         |
|     void_pooling2d_cl_stream_stream_array_ap_fixed_7u_0_line_buffer_1_U           | ram_1p        |        |      |      |        | void_pooling2d_cl_stream_stream_array_ap_fixed_7u_0_line_buffer_1          | auto   | 0       | 16, 4, 1         |
|     void_pooling2d_cl_stream_stream_array_ap_fixed_7u_0_line_buffer_U             | ram_1p        |        |      |      |        | void_pooling2d_cl_stream_stream_array_ap_fixed_7u_0_line_buffer            | auto   | 0       | 16, 4, 1         |
+-----------------------------------------------------------------------------------+---------------+--------+------+------+--------+----------------------------------------------------------------------------+--------+---------+------------------+


================================================================
== Pragma Report
================================================================
* Ignored Pragmas
+------------+---------------------+---------------------------------------------------------------+------------------------------------------------------------------+
| Type       | Options             | Location                                                      | Messages                                                         |
+------------+---------------------+---------------------------------------------------------------+------------------------------------------------------------------+
| allocation | instances = softmax | firmware/nnet_utils/nnet_activation.h:402 in softmax_multidim | unexpected pragma argument 'softmax', expects function/operation |
+------------+---------------------+---------------------------------------------------------------+------------------------------------------------------------------+

* Pragmas with Warnings
+----------+-----------------------------------+-----------------------------------------------------------------------------------------+----------------------------------------------------------------------------+
| Type     | Options                           | Location                                                                                | Messages                                                                   |
+----------+-----------------------------------+-----------------------------------------------------------------------------------------+----------------------------------------------------------------------------+
| resource | variable=weights core=ROM_nP_BRAM | firmware/nnet_utils/nnet_dense_resource.h:33 in dense_resource_rf_leq_nin, weights      | 'Resource pragma' is deprecated, use 'bind_op/bind_storage pragma' instead |
| resource | variable=weights core=ROM_nP_BRAM | firmware/nnet_utils/nnet_dense_resource.h:107 in dense_resource_rf_gt_nin_rem0, weights | 'Resource pragma' is deprecated, use 'bind_op/bind_storage pragma' instead |
| resource | variable=weights core=ROM_nP_BRAM | firmware/nnet_utils/nnet_dense_resource.h:189 in dense_resource_rf_gt_nin, weights      | 'Resource pragma' is deprecated, use 'bind_op/bind_storage pragma' instead |
| pipeline |                                   | firmware/nnet_utils/nnet_stream.h:247 in repack_stream                                  | Only for/while/do loop or function body support the pipeline pragma        |
+----------+-----------------------------------+-----------------------------------------------------------------------------------------+----------------------------------------------------------------------------+

* Valid Pragma Syntax
+----------------------+---------------------------------------------------------------------------------------------------------------------------------------------+------------------------------------------------------------------------------------------------+
| Type                 | Options                                                                                                                                     | Location                                                                                       |
+----------------------+---------------------------------------------------------------------------------------------------------------------------------------------+------------------------------------------------------------------------------------------------+
| interface            | axis port=input_layer,layer7_out                                                                                                            | firmware/cnn_core.cpp:13 in cnn_core, input_layer,layer7_out                                   |
| dataflow             |                                                                                                                                             | firmware/cnn_core.cpp:14 in cnn_core                                                           |
| stream               | variable=layer8_out depth=1024                                                                                                              | firmware/cnn_core.cpp:33 in cnn_core, layer8_out                                               |
| stream               | variable=layer3_out depth=336                                                                                                               | firmware/cnn_core.cpp:36 in cnn_core, layer3_out                                               |
| stream               | variable=layer4_out depth=336                                                                                                               | firmware/cnn_core.cpp:39 in cnn_core, layer4_out                                               |
| stream               | variable=layer5_out depth=168                                                                                                               | firmware/cnn_core.cpp:42 in cnn_core, layer5_out                                               |
| pipeline             |                                                                                                                                             | firmware/nnet_utils/nnet_activation.h:29 in linear                                             |
| pipeline             |                                                                                                                                             | firmware/nnet_utils/nnet_activation.h:40 in relu                                               |
| pipeline             |                                                                                                                                             | firmware/nnet_utils/nnet_activation.h:54 in relu_max                                           |
| pipeline             |                                                                                                                                             | firmware/nnet_utils/nnet_activation.h:109 in sigmoid                                           |
| pipeline             |                                                                                                                                             | firmware/nnet_utils/nnet_activation.h:176 in softmax_latency                                   |
| array_partition      | variable=exp_res complete                                                                                                                   | firmware/nnet_utils/nnet_activation.h:198 in softmax_latency, exp_res                          |
| unroll               |                                                                                                                                             | firmware/nnet_utils/nnet_activation.h:201 in softmax_latency                                   |
| unroll               |                                                                                                                                             | firmware/nnet_utils/nnet_activation.h:214 in softmax_latency                                   |
| pipeline             |                                                                                                                                             | firmware/nnet_utils/nnet_activation.h:221 in softmax_stable                                    |
| unroll               |                                                                                                                                             | firmware/nnet_utils/nnet_activation.h:247 in softmax_stable                                    |
| array_partition      | variable=exp_res complete                                                                                                                   | firmware/nnet_utils/nnet_activation.h:253 in softmax_stable, exp_res                           |
| unroll               |                                                                                                                                             | firmware/nnet_utils/nnet_activation.h:256 in softmax_stable                                    |
| unroll               |                                                                                                                                             | firmware/nnet_utils/nnet_activation.h:269 in softmax_stable                                    |
| pipeline             |                                                                                                                                             | firmware/nnet_utils/nnet_activation.h:317 in softmax_legacy                                    |
| unroll               |                                                                                                                                             | firmware/nnet_utils/nnet_activation.h:362 in softmax_argmax                                    |
| pipeline             |                                                                                                                                             | firmware/nnet_utils/nnet_activation.h:370 in softmax_argmax                                    |
| inline               |                                                                                                                                             | firmware/nnet_utils/nnet_activation.h:382 in softmax                                           |
| inline               |                                                                                                                                             | firmware/nnet_utils/nnet_activation.h:401 in softmax_multidim                                  |
| unroll               |                                                                                                                                             | firmware/nnet_utils/nnet_activation.h:406 in softmax_multidim                                  |
| unroll               |                                                                                                                                             | firmware/nnet_utils/nnet_activation.h:408 in softmax_multidim                                  |
| unroll               |                                                                                                                                             | firmware/nnet_utils/nnet_activation.h:410 in softmax_multidim                                  |
| unroll               |                                                                                                                                             | firmware/nnet_utils/nnet_activation.h:415 in softmax_multidim                                  |
| pipeline             |                                                                                                                                             | firmware/nnet_utils/nnet_activation.h:452 in tanh                                              |
| function_instantiate | variable=table                                                                                                                              | firmware/nnet_utils/nnet_activation.h:481 in unary_lut, table                                  |
| array_partition      | variable=table                                                                                                                              | firmware/nnet_utils/nnet_activation.h:482 in unary_lut, table                                  |
| unroll               |                                                                                                                                             | firmware/nnet_utils/nnet_activation.h:485 in unary_lut                                         |
| pipeline             |                                                                                                                                             | firmware/nnet_utils/nnet_activation.h:496 in hard_sigmoid                                      |
| pipeline             |                                                                                                                                             | firmware/nnet_utils/nnet_activation.h:511 in hard_tanh                                         |
| pipeline             |                                                                                                                                             | firmware/nnet_utils/nnet_activation.h:529 in leaky_relu                                        |
| pipeline             |                                                                                                                                             | firmware/nnet_utils/nnet_activation.h:546 in thresholded_relu                                  |
| pipeline             |                                                                                                                                             | firmware/nnet_utils/nnet_activation.h:591 in softplus                                          |
| pipeline             |                                                                                                                                             | firmware/nnet_utils/nnet_activation.h:640 in softsign                                          |
| pipeline             |                                                                                                                                             | firmware/nnet_utils/nnet_activation.h:689 in elu                                               |
| pipeline             |                                                                                                                                             | firmware/nnet_utils/nnet_activation.h:748 in selu                                              |
| pipeline             |                                                                                                                                             | firmware/nnet_utils/nnet_activation.h:776 in prelu                                             |
| pipeline             |                                                                                                                                             | firmware/nnet_utils/nnet_activation.h:804 in binary_tanh                                       |
| pipeline             |                                                                                                                                             | firmware/nnet_utils/nnet_activation.h:824 in ternary_tanh                                      |
| pipeline             |                                                                                                                                             | firmware/nnet_utils/nnet_activation_stream.h:20 in linear                                      |
| unroll               |                                                                                                                                             | firmware/nnet_utils/nnet_activation_stream.h:28 in linear                                      |
| pipeline             |                                                                                                                                             | firmware/nnet_utils/nnet_activation_stream.h:42 in relu                                        |
| unroll               |                                                                                                                                             | firmware/nnet_utils/nnet_activation_stream.h:50 in relu                                        |
| pipeline             |                                                                                                                                             | firmware/nnet_utils/nnet_activation_stream.h:81 in sigmoid                                     |
| unroll               |                                                                                                                                             | firmware/nnet_utils/nnet_activation_stream.h:89 in sigmoid                                     |
| array_partition      | variable=exp_res complete                                                                                                                   | firmware/nnet_utils/nnet_activation_stream.h:133 in softmax_latency, exp_res                   |
| pipeline             | II=ii                                                                                                                                       | firmware/nnet_utils/nnet_activation_stream.h:137 in softmax_latency                            |
| unroll               |                                                                                                                                             | firmware/nnet_utils/nnet_activation_stream.h:142 in softmax_latency                            |
| unroll               |                                                                                                                                             | firmware/nnet_utils/nnet_activation_stream.h:160 in softmax_latency                            |
| allocation           | operation instances=mul limit=multiplier_limit                                                                                              | firmware/nnet_utils/nnet_activation_stream.h:161 in softmax_latency                            |
| array_partition      | variable=data_array complete                                                                                                                | firmware/nnet_utils/nnet_activation_stream.h:193 in softmax_stable, data_array                 |
| pipeline             | II=ii                                                                                                                                       | firmware/nnet_utils/nnet_activation_stream.h:196 in softmax_stable                             |
| unroll               |                                                                                                                                             | firmware/nnet_utils/nnet_activation_stream.h:201 in softmax_stable                             |
| unroll               |                                                                                                                                             | firmware/nnet_utils/nnet_activation_stream.h:212 in softmax_stable                             |
| array_partition      | variable=exp_res complete                                                                                                                   | firmware/nnet_utils/nnet_activation_stream.h:218 in softmax_stable, exp_res                    |
| unroll               |                                                                                                                                             | firmware/nnet_utils/nnet_activation_stream.h:221 in softmax_stable                             |
| unroll               |                                                                                                                                             | firmware/nnet_utils/nnet_activation_stream.h:239 in softmax_stable                             |
| allocation           | operation instances=mul limit=multiplier_limit                                                                                              | firmware/nnet_utils/nnet_activation_stream.h:240 in softmax_stable                             |
| pipeline             |                                                                                                                                             | firmware/nnet_utils/nnet_activation_stream.h:272 in softmax_legacy                             |
| unroll               |                                                                                                                                             | firmware/nnet_utils/nnet_activation_stream.h:276 in softmax_legacy                             |
| unroll               |                                                                                                                                             | firmware/nnet_utils/nnet_activation_stream.h:283 in softmax_legacy                             |
| unroll               |                                                                                                                                             | firmware/nnet_utils/nnet_activation_stream.h:286 in softmax_legacy                             |
| unroll               |                                                                                                                                             | firmware/nnet_utils/nnet_activation_stream.h:309 in softmax_legacy                             |
| pipeline             |                                                                                                                                             | firmware/nnet_utils/nnet_activation_stream.h:326 in softmax_argmax                             |
| unroll               |                                                                                                                                             | firmware/nnet_utils/nnet_activation_stream.h:331 in softmax_argmax                             |
| pipeline             |                                                                                                                                             | firmware/nnet_utils/nnet_activation_stream.h:339 in softmax_argmax                             |
| pipeline             |                                                                                                                                             | firmware/nnet_utils/nnet_activation_stream.h:390 in tanh                                       |
| unroll               |                                                                                                                                             | firmware/nnet_utils/nnet_activation_stream.h:398 in tanh                                       |
| function_instantiate | variable=table                                                                                                                              | firmware/nnet_utils/nnet_activation_stream.h:418 in unary_lut, table                           |
| array_partition      | variable=table complete                                                                                                                     | firmware/nnet_utils/nnet_activation_stream.h:419 in unary_lut, table                           |
| pipeline             | II=CONFIG_T::reuse_factor rewind                                                                                                            | firmware/nnet_utils/nnet_activation_stream.h:423 in unary_lut                                  |
| unroll               |                                                                                                                                             | firmware/nnet_utils/nnet_activation_stream.h:431 in unary_lut                                  |
| pipeline             |                                                                                                                                             | firmware/nnet_utils/nnet_activation_stream.h:449 in hard_sigmoid                               |
| unroll               |                                                                                                                                             | firmware/nnet_utils/nnet_activation_stream.h:457 in hard_sigmoid                               |
| pipeline             |                                                                                                                                             | firmware/nnet_utils/nnet_activation_stream.h:474 in hard_tanh                                  |
| unroll               |                                                                                                                                             | firmware/nnet_utils/nnet_activation_stream.h:482 in hard_tanh                                  |
| pipeline             |                                                                                                                                             | firmware/nnet_utils/nnet_activation_stream.h:503 in leaky_relu                                 |
| unroll               |                                                                                                                                             | firmware/nnet_utils/nnet_activation_stream.h:511 in leaky_relu                                 |
| pipeline             |                                                                                                                                             | firmware/nnet_utils/nnet_activation_stream.h:529 in thresholded_relu                           |
| unroll               |                                                                                                                                             | firmware/nnet_utils/nnet_activation_stream.h:537 in thresholded_relu                           |
| pipeline             |                                                                                                                                             | firmware/nnet_utils/nnet_activation_stream.h:568 in softplus                                   |
| unroll               |                                                                                                                                             | firmware/nnet_utils/nnet_activation_stream.h:576 in softplus                                   |
| pipeline             |                                                                                                                                             | firmware/nnet_utils/nnet_activation_stream.h:609 in softsign                                   |
| unroll               |                                                                                                                                             | firmware/nnet_utils/nnet_activation_stream.h:617 in softsign                                   |
| pipeline             |                                                                                                                                             | firmware/nnet_utils/nnet_activation_stream.h:650 in elu                                        |
| unroll               |                                                                                                                                             | firmware/nnet_utils/nnet_activation_stream.h:658 in elu                                        |
| pipeline             |                                                                                                                                             | firmware/nnet_utils/nnet_activation_stream.h:698 in selu                                       |
| unroll               |                                                                                                                                             | firmware/nnet_utils/nnet_activation_stream.h:706 in selu                                       |
| pipeline             |                                                                                                                                             | firmware/nnet_utils/nnet_activation_stream.h:730 in prelu                                      |
| unroll               |                                                                                                                                             | firmware/nnet_utils/nnet_activation_stream.h:738 in prelu                                      |
| pipeline             |                                                                                                                                             | firmware/nnet_utils/nnet_activation_stream.h:756 in binary_tanh                                |
| unroll               |                                                                                                                                             | firmware/nnet_utils/nnet_activation_stream.h:765 in binary_tanh                                |
| pipeline             |                                                                                                                                             | firmware/nnet_utils/nnet_activation_stream.h:784 in ternary_tanh                               |
| unroll               |                                                                                                                                             | firmware/nnet_utils/nnet_activation_stream.h:792 in ternary_tanh                               |
| array_partition      | variable=data_buf complete dim=0                                                                                                            | firmware/nnet_utils/nnet_conv1d_latency.h:19 in conv_1d_latency_cl, data_buf                   |
| array_partition      | variable=mult complete                                                                                                                      | firmware/nnet_utils/nnet_conv1d_latency.h:22 in conv_1d_latency_cl, mult                       |
| array_partition      | variable=acc complete                                                                                                                       | firmware/nnet_utils/nnet_conv1d_latency.h:25 in conv_1d_latency_cl, acc                        |
| array_partition      | variable=weights complete                                                                                                                   | firmware/nnet_utils/nnet_conv1d_latency.h:27 in conv_1d_latency_cl, weights                    |
| array_partition      | variable=biases complete                                                                                                                    | firmware/nnet_utils/nnet_conv1d_latency.h:28 in conv_1d_latency_cl, biases                     |
| allocation           | operation instances=mul limit=CONFIG_T::mult_config::multiplier_limit                                                                       | firmware/nnet_utils/nnet_conv1d_latency.h:31 in conv_1d_latency_cl                             |
| pipeline             | II=CONFIG_T::reuse_factor rewind                                                                                                            | firmware/nnet_utils/nnet_conv1d_latency.h:35 in conv_1d_latency_cl                             |
| unroll               |                                                                                                                                             | firmware/nnet_utils/nnet_conv1d_latency.h:41 in conv_1d_latency_cl                             |
| unroll               |                                                                                                                                             | firmware/nnet_utils/nnet_conv1d_latency.h:48 in conv_1d_latency_cl                             |
| unroll               |                                                                                                                                             | firmware/nnet_utils/nnet_conv1d_latency.h:52 in conv_1d_latency_cl                             |
| unroll               |                                                                                                                                             | firmware/nnet_utils/nnet_conv1d_latency.h:62 in conv_1d_latency_cl                             |
| unroll               |                                                                                                                                             | firmware/nnet_utils/nnet_conv1d_latency.h:69 in conv_1d_latency_cl                             |
| unroll               |                                                                                                                                             | firmware/nnet_utils/nnet_conv1d_latency.h:72 in conv_1d_latency_cl                             |
| unroll               |                                                                                                                                             | firmware/nnet_utils/nnet_conv1d_latency.h:80 in conv_1d_latency_cl                             |
| array_partition      | variable=mult complete dim=0                                                                                                                | firmware/nnet_utils/nnet_conv1d_latency.h:98 in pointwise_conv_1d_latency_cl, mult             |
| array_partition      | variable=acc complete dim=0                                                                                                                 | firmware/nnet_utils/nnet_conv1d_latency.h:99 in pointwise_conv_1d_latency_cl, acc              |
| function_instantiate | variable=weights,biases                                                                                                                     | firmware/nnet_utils/nnet_conv1d_latency.h:102 in pointwise_conv_1d_latency_cl, weights,biases  |
| pipeline             | II=CONFIG_T::reuse_factor                                                                                                                   | firmware/nnet_utils/nnet_conv1d_latency.h:105 in pointwise_conv_1d_latency_cl                  |
| array_partition      | variable=weights complete dim=0                                                                                                             | firmware/nnet_utils/nnet_conv1d_latency.h:106 in pointwise_conv_1d_latency_cl, weights         |
| array_partition      | variable=biases complete dim=0                                                                                                              | firmware/nnet_utils/nnet_conv1d_latency.h:107 in pointwise_conv_1d_latency_cl, biases          |
| allocation           | operation instances=mul limit=CONFIG_T::mult_config::multiplier_limit                                                                       | firmware/nnet_utils/nnet_conv1d_latency.h:110 in pointwise_conv_1d_latency_cl                  |
| unroll               |                                                                                                                                             | firmware/nnet_utils/nnet_conv1d_latency.h:119 in pointwise_conv_1d_latency_cl                  |
| unroll               |                                                                                                                                             | firmware/nnet_utils/nnet_conv1d_latency.h:138 in pointwise_conv_1d_latency_cl                  |
| unroll               |                                                                                                                                             | firmware/nnet_utils/nnet_conv1d_latency.h:160 in pointwise_conv_1d_latency_cl                  |
| inline               | recursive                                                                                                                                   | firmware/nnet_utils/nnet_conv2d.h:51 in conv_2d_cl                                             |
| inline               | recursive                                                                                                                                   | firmware/nnet_utils/nnet_conv2d.h:73 in pointwise_conv_2d_cl                                   |
| array_partition      | variable=data_buf complete dim=0                                                                                                            | firmware/nnet_utils/nnet_conv2d_latency.h:20 in conv_2d_latency_cl, data_buf                   |
| array_partition      | variable=mult complete                                                                                                                      | firmware/nnet_utils/nnet_conv2d_latency.h:23 in conv_2d_latency_cl, mult                       |
| array_partition      | variable=acc complete                                                                                                                       | firmware/nnet_utils/nnet_conv2d_latency.h:26 in conv_2d_latency_cl, acc                        |
| array_partition      | variable=weights complete                                                                                                                   | firmware/nnet_utils/nnet_conv2d_latency.h:28 in conv_2d_latency_cl, weights                    |
| array_partition      | variable=biases complete                                                                                                                    | firmware/nnet_utils/nnet_conv2d_latency.h:29 in conv_2d_latency_cl, biases                     |
| allocation           | operation instances=mul limit=CONFIG_T::mult_config::multiplier_limit                                                                       | firmware/nnet_utils/nnet_conv2d_latency.h:32 in conv_2d_latency_cl                             |
| pipeline             | II=CONFIG_T::reuse_factor rewind                                                                                                            | firmware/nnet_utils/nnet_conv2d_latency.h:36 in conv_2d_latency_cl                             |
| unroll               |                                                                                                                                             | firmware/nnet_utils/nnet_conv2d_latency.h:42 in conv_2d_latency_cl                             |
| unroll               |                                                                                                                                             | firmware/nnet_utils/nnet_conv2d_latency.h:49 in conv_2d_latency_cl                             |
| unroll               |                                                                                                                                             | firmware/nnet_utils/nnet_conv2d_latency.h:53 in conv_2d_latency_cl                             |
| unroll               |                                                                                                                                             | firmware/nnet_utils/nnet_conv2d_latency.h:63 in conv_2d_latency_cl                             |
| unroll               |                                                                                                                                             | firmware/nnet_utils/nnet_conv2d_latency.h:70 in conv_2d_latency_cl                             |
| unroll               |                                                                                                                                             | firmware/nnet_utils/nnet_conv2d_latency.h:73 in conv_2d_latency_cl                             |
| unroll               |                                                                                                                                             | firmware/nnet_utils/nnet_conv2d_latency.h:81 in conv_2d_latency_cl                             |
| array_partition      | variable=data_buf complete dim=0                                                                                                            | firmware/nnet_utils/nnet_conv2d_resource.h:33 in conv_2d_resource_cl, data_buf                 |
| array_partition      | variable=biases complete                                                                                                                    | firmware/nnet_utils/nnet_conv2d_resource.h:35 in conv_2d_resource_cl, biases                   |
| array_partition      | variable=acc complete dim=0                                                                                                                 | firmware/nnet_utils/nnet_conv2d_resource.h:38 in conv_2d_resource_cl, acc                      |
| unroll               |                                                                                                                                             | firmware/nnet_utils/nnet_conv2d_resource.h:48 in conv_2d_resource_cl                           |
| unroll               |                                                                                                                                             | firmware/nnet_utils/nnet_conv2d_resource.h:52 in conv_2d_resource_cl                           |
| pipeline             | II=1 rewind                                                                                                                                 | firmware/nnet_utils/nnet_conv2d_resource.h:59 in conv_2d_resource_cl                           |
| unroll               |                                                                                                                                             | firmware/nnet_utils/nnet_conv2d_resource.h:67 in conv_2d_resource_cl                           |
| unroll               |                                                                                                                                             | firmware/nnet_utils/nnet_conv2d_resource.h:71 in conv_2d_resource_cl                           |
| unroll               |                                                                                                                                             | firmware/nnet_utils/nnet_conv2d_resource.h:95 in conv_2d_resource_cl                           |
| unroll               |                                                                                                                                             | firmware/nnet_utils/nnet_conv2d_resource.h:99 in conv_2d_resource_cl                           |
| array_partition      | variable = line_buffer complete dim = 2                                                                                                     | firmware/nnet_utils/nnet_conv2d_stream.h:22 in conv_2d_buffer_latency_cl                       |
| loop_flatten         |                                                                                                                                             | firmware/nnet_utils/nnet_conv2d_stream.h:28 in conv_2d_buffer_latency_cl                       |
| pipeline             | II=CONFIG_T::reuse_factor                                                                                                                   | firmware/nnet_utils/nnet_conv2d_stream.h:29 in conv_2d_buffer_latency_cl                       |
| array_partition      | variable = line_buffer complete dim = 2                                                                                                     | firmware/nnet_utils/nnet_conv2d_stream.h:49 in conv_2d_buffer_resource_cl                      |
| loop_flatten         |                                                                                                                                             | firmware/nnet_utils/nnet_conv2d_stream.h:55 in conv_2d_buffer_resource_cl                      |
| inline               | recursive                                                                                                                                   | firmware/nnet_utils/nnet_conv2d_stream.h:74 in conv_2d_cl                                      |
| inline               |                                                                                                                                             | firmware/nnet_utils/nnet_conv_stream.h:17 in scale_index_k_gte_s                               |
| inline               |                                                                                                                                             | firmware/nnet_utils/nnet_conv_stream.h:38 in scale_index_k_lt_s                                |
| inline               |                                                                                                                                             | firmware/nnet_utils/nnet_conv_stream.h:61 in scale_index                                       |
| inline               |                                                                                                                                             | firmware/nnet_utils/nnet_conv_stream.h:74 in scale_index                                       |
| inline               |                                                                                                                                             | firmware/nnet_utils/nnet_conv_stream.h:84 in mult_buffer                                       |
| array_partition      | variable = data complete                                                                                                                    | firmware/nnet_utils/nnet_conv_stream.h:87 in mult_buffer                                       |
| array_partition      | variable = res complete                                                                                                                     | firmware/nnet_utils/nnet_conv_stream.h:89 in mult_buffer                                       |
| unroll               |                                                                                                                                             | firmware/nnet_utils/nnet_conv_stream.h:93 in mult_buffer                                       |
| inline               | recursive                                                                                                                                   | firmware/nnet_utils/nnet_conv_stream.h:97 in mult_buffer                                       |
| unroll               |                                                                                                                                             | firmware/nnet_utils/nnet_conv_stream.h:103 in mult_buffer                                      |
| inline               |                                                                                                                                             | firmware/nnet_utils/nnet_conv_stream.h:129 in compute_output_encoded                           |
| pipeline             | II = CONFIG_T::reuse_factor                                                                                                                 | firmware/nnet_utils/nnet_conv_stream.h:133 in compute_output_encoded                           |
| unroll               |                                                                                                                                             | firmware/nnet_utils/nnet_conv_stream.h:136 in compute_output_encoded                           |
| unroll               |                                                                                                                                             | firmware/nnet_utils/nnet_conv_stream.h:139 in compute_output_encoded                           |
| inline               |                                                                                                                                             | firmware/nnet_utils/nnet_conv_stream.h:156 in kernel_shift_1d                                  |
| pipeline             | II = 1                                                                                                                                      | firmware/nnet_utils/nnet_conv_stream.h:162 in kernel_shift_1d                                  |
| unroll               |                                                                                                                                             | firmware/nnet_utils/nnet_conv_stream.h:165 in kernel_shift_1d                                  |
| unroll               |                                                                                                                                             | firmware/nnet_utils/nnet_conv_stream.h:175 in kernel_shift_1d                                  |
| inline               |                                                                                                                                             | firmware/nnet_utils/nnet_conv_stream.h:184 in kernel_shift_2d                                  |
| pipeline             | II = 1                                                                                                                                      | firmware/nnet_utils/nnet_conv_stream.h:190 in kernel_shift_2d                                  |
| unroll               |                                                                                                                                             | firmware/nnet_utils/nnet_conv_stream.h:206 in kernel_shift_2d                                  |
| pipeline             |                                                                                                                                             | firmware/nnet_utils/nnet_conv_stream.h:221 in shift_line_buffer                                |
| array_partition      | variable = shift_buffer complete dim = 0                                                                                                    | firmware/nnet_utils/nnet_conv_stream.h:225 in shift_line_buffer                                |
| unroll               |                                                                                                                                             | firmware/nnet_utils/nnet_conv_stream.h:229 in shift_line_buffer                                |
| unroll               |                                                                                                                                             | firmware/nnet_utils/nnet_conv_stream.h:240 in shift_line_buffer                                |
| inline               | OFF                                                                                                                                         | firmware/nnet_utils/nnet_conv_stream.h:258 in compute_output_buffer_2d                         |
| array_partition      | variable = kernel_data complete                                                                                                             | firmware/nnet_utils/nnet_conv_stream.h:272 in compute_output_buffer_2d                         |
| array_partition      | variable = res_out complete dim = 0                                                                                                         | firmware/nnet_utils/nnet_conv_stream.h:275 in compute_output_buffer_2d                         |
| unroll               |                                                                                                                                             | firmware/nnet_utils/nnet_conv_stream.h:294 in compute_output_buffer_2d                         |
| inline               | OFF                                                                                                                                         | firmware/nnet_utils/nnet_conv_stream.h:328 in compute_output_buffer_1d                         |
| array_partition      | variable = kernel_data complete                                                                                                             | firmware/nnet_utils/nnet_conv_stream.h:338 in compute_output_buffer_1d                         |
| array_partition      | variable = res_out complete dim = 0                                                                                                         | firmware/nnet_utils/nnet_conv_stream.h:341 in compute_output_buffer_1d                         |
| unroll               |                                                                                                                                             | firmware/nnet_utils/nnet_conv_stream.h:360 in compute_output_buffer_1d                         |
| inline               |                                                                                                                                             | firmware/nnet_utils/nnet_dense.h:44 in dense                                                   |
| inline               |                                                                                                                                             | firmware/nnet_utils/nnet_dense.h:53 in dense                                                   |
| inline               |                                                                                                                                             | firmware/nnet_utils/nnet_dense.h:64 in dense                                                   |
| inline               |                                                                                                                                             | firmware/nnet_utils/nnet_dense.h:75 in dense                                                   |
| unroll               |                                                                                                                                             | firmware/nnet_utils/nnet_dense_compressed.h:15 in fill_mult                                    |
| array_partition      | variable=acc complete                                                                                                                       | firmware/nnet_utils/nnet_dense_compressed.h:29 in dense_compressed, acc                        |
| array_partition      | variable=biases complete                                                                                                                    | firmware/nnet_utils/nnet_dense_compressed.h:30 in dense_compressed, biases                     |
| array_reshape        | variable=weights block factor=multiplier_limit                                                                                              | firmware/nnet_utils/nnet_dense_compressed.h:31 in dense_compressed, weights                    |
| aggregate            | variable=weights                                                                                                                            | firmware/nnet_utils/nnet_dense_compressed.h:34 in dense_compressed, weights                    |
| unroll               |                                                                                                                                             | firmware/nnet_utils/nnet_dense_compressed.h:41 in dense_compressed                             |
| pipeline             | II=1 rewind                                                                                                                                 | firmware/nnet_utils/nnet_dense_compressed.h:49 in dense_compressed                             |
| array_partition      | variable=mult complete                                                                                                                      | firmware/nnet_utils/nnet_dense_compressed.h:52 in dense_compressed, mult                       |
| unroll               |                                                                                                                                             | firmware/nnet_utils/nnet_dense_compressed.h:56 in dense_compressed                             |
| unroll               |                                                                                                                                             | firmware/nnet_utils/nnet_dense_compressed.h:62 in dense_compressed                             |
| unroll               |                                                                                                                                             | firmware/nnet_utils/nnet_dense_compressed.h:82 in dense_compressed                             |
| function_instantiate | variable=weights,biases                                                                                                                     | firmware/nnet_utils/nnet_dense_latency.h:21 in dense_latency, weights,biases                   |
| pipeline             | II=CONFIG_T::reuse_factor                                                                                                                   | firmware/nnet_utils/nnet_dense_latency.h:26 in dense_latency                                   |
| array_partition      | variable=biases complete                                                                                                                    | firmware/nnet_utils/nnet_dense_latency.h:29 in dense_latency, biases                           |
| array_partition      | variable=mult complete                                                                                                                      | firmware/nnet_utils/nnet_dense_latency.h:30 in dense_latency, mult                             |
| array_partition      | variable=acc complete                                                                                                                       | firmware/nnet_utils/nnet_dense_latency.h:31 in dense_latency, acc                              |
| allocation           | operation instances=mul limit=CONFIG_T::multiplier_limit                                                                                    | firmware/nnet_utils/nnet_dense_latency.h:33 in dense_latency                                   |
| function_instantiate | variable=weights,biases                                                                                                                     | firmware/nnet_utils/nnet_dense_resource.h:28 in dense_resource_rf_leq_nin, weights,biases      |
| array_reshape        | variable=weights block factor=block_factor                                                                                                  | firmware/nnet_utils/nnet_dense_resource.h:29 in dense_resource_rf_leq_nin, weights             |
| array_partition      | variable=biases complete                                                                                                                    | firmware/nnet_utils/nnet_dense_resource.h:30 in dense_resource_rf_leq_nin, biases              |
| array_partition      | variable=acc complete                                                                                                                       | firmware/nnet_utils/nnet_dense_resource.h:37 in dense_resource_rf_leq_nin, acc                 |
| unroll               |                                                                                                                                             | firmware/nnet_utils/nnet_dense_resource.h:41 in dense_resource_rf_leq_nin                      |
| pipeline             | II=1 rewind                                                                                                                                 | firmware/nnet_utils/nnet_dense_resource.h:47 in dense_resource_rf_leq_nin                      |
| unroll               |                                                                                                                                             | firmware/nnet_utils/nnet_dense_resource.h:56 in dense_resource_rf_leq_nin                      |
| unroll               |                                                                                                                                             | firmware/nnet_utils/nnet_dense_resource.h:81 in dense_resource_rf_leq_nin                      |
| function_instantiate | variable=weights,biases                                                                                                                     | firmware/nnet_utils/nnet_dense_resource.h:102 in dense_resource_rf_gt_nin_rem0, weights,biases |
| array_reshape        | variable=weights block factor=block_factor                                                                                                  | firmware/nnet_utils/nnet_dense_resource.h:103 in dense_resource_rf_gt_nin_rem0, weights        |
| array_partition      | variable=biases complete                                                                                                                    | firmware/nnet_utils/nnet_dense_resource.h:104 in dense_resource_rf_gt_nin_rem0, biases         |
| array_partition      | variable=acc complete                                                                                                                       | firmware/nnet_utils/nnet_dense_resource.h:111 in dense_resource_rf_gt_nin_rem0, acc            |
| unroll               |                                                                                                                                             | firmware/nnet_utils/nnet_dense_resource.h:115 in dense_resource_rf_gt_nin_rem0                 |
| pipeline             | II=1 rewind                                                                                                                                 | firmware/nnet_utils/nnet_dense_resource.h:136 in dense_resource_rf_gt_nin_rem0                 |
| unroll               |                                                                                                                                             | firmware/nnet_utils/nnet_dense_resource.h:143 in dense_resource_rf_gt_nin_rem0                 |
| unroll               |                                                                                                                                             | firmware/nnet_utils/nnet_dense_resource.h:163 in dense_resource_rf_gt_nin_rem0                 |
| function_instantiate | variable=weights,biases                                                                                                                     | firmware/nnet_utils/nnet_dense_resource.h:184 in dense_resource_rf_gt_nin, weights,biases      |
| array_reshape        | variable=weights block factor=block_factor                                                                                                  | firmware/nnet_utils/nnet_dense_resource.h:185 in dense_resource_rf_gt_nin, weights             |
| array_partition      | variable=biases complete                                                                                                                    | firmware/nnet_utils/nnet_dense_resource.h:186 in dense_resource_rf_gt_nin, biases              |
| array_partition      | variable=acc complete                                                                                                                       | firmware/nnet_utils/nnet_dense_resource.h:193 in dense_resource_rf_gt_nin, acc                 |
| unroll               |                                                                                                                                             | firmware/nnet_utils/nnet_dense_resource.h:197 in dense_resource_rf_gt_nin                      |
| pipeline             | II=1 rewind                                                                                                                                 | firmware/nnet_utils/nnet_dense_resource.h:203 in dense_resource_rf_gt_nin                      |
| array_partition      | variable=tmpmult complete                                                                                                                   | firmware/nnet_utils/nnet_dense_resource.h:205 in dense_resource_rf_gt_nin, tmpmult             |
| unroll               |                                                                                                                                             | firmware/nnet_utils/nnet_dense_resource.h:209 in dense_resource_rf_gt_nin                      |
| array_partition      | variable=mult complete                                                                                                                      | firmware/nnet_utils/nnet_dense_resource.h:219 in dense_resource_rf_gt_nin, mult                |
| unroll               |                                                                                                                                             | firmware/nnet_utils/nnet_dense_resource.h:223 in dense_resource_rf_gt_nin                      |
| unroll               |                                                                                                                                             | firmware/nnet_utils/nnet_dense_resource.h:229 in dense_resource_rf_gt_nin                      |
| unroll               |                                                                                                                                             | firmware/nnet_utils/nnet_dense_resource.h:239 in dense_resource_rf_gt_nin                      |
| unroll               |                                                                                                                                             | firmware/nnet_utils/nnet_dense_resource.h:249 in dense_resource_rf_gt_nin                      |
| inline               | recursive                                                                                                                                   | firmware/nnet_utils/nnet_dense_resource.h:259 in dense_resource                                |
| pipeline             | II=CONFIG_T::reuse_factor                                                                                                                   | firmware/nnet_utils/nnet_dense_stream.h:16 in dense_latency_wrapper                            |
| inline               |                                                                                                                                             | firmware/nnet_utils/nnet_dense_stream.h:29 in data_prepare                                     |
| pipeline             |                                                                                                                                             | firmware/nnet_utils/nnet_dense_stream.h:34 in data_prepare                                     |
| unroll               |                                                                                                                                             | firmware/nnet_utils/nnet_dense_stream.h:38 in data_prepare                                     |
| unroll               |                                                                                                                                             | firmware/nnet_utils/nnet_dense_stream.h:46 in data_prepare                                     |
| inline               |                                                                                                                                             | firmware/nnet_utils/nnet_dense_stream.h:54 in res_write                                        |
| pipeline             |                                                                                                                                             | firmware/nnet_utils/nnet_dense_stream.h:59 in res_write                                        |
| unroll               |                                                                                                                                             | firmware/nnet_utils/nnet_dense_stream.h:64 in res_write                                        |
| unroll               |                                                                                                                                             | firmware/nnet_utils/nnet_dense_stream.h:74 in res_write                                        |
| inline               | recursive                                                                                                                                   | firmware/nnet_utils/nnet_dense_stream.h:85 in dense                                            |
| array_partition      | variable=data complete                                                                                                                      | firmware/nnet_utils/nnet_dense_stream.h:88 in dense, data                                      |
| array_partition      | variable=res complete                                                                                                                       | firmware/nnet_utils/nnet_dense_stream.h:91 in dense, res                                       |
| inline               |                                                                                                                                             | firmware/nnet_utils/nnet_function_stubs.h:59 in bit_shift                                      |
| inline               |                                                                                                                                             | firmware/nnet_utils/nnet_function_stubs.h:66 in bit_shift                                      |
| inline               |                                                                                                                                             | firmware/nnet_utils/nnet_function_stubs.h:73 in bit_shift                                      |
| inline               |                                                                                                                                             | firmware/nnet_utils/nnet_function_stubs.h:80 in bit_shift                                      |
| inline               |                                                                                                                                             | firmware/nnet_utils/nnet_mult.h:25 in product                                                  |
| inline               |                                                                                                                                             | firmware/nnet_utils/nnet_mult.h:34 in product                                                  |
| inline               |                                                                                                                                             | firmware/nnet_utils/nnet_mult.h:46 in product                                                  |
| inline               |                                                                                                                                             | firmware/nnet_utils/nnet_mult.h:58 in product                                                  |
| inline               |                                                                                                                                             | firmware/nnet_utils/nnet_mult.h:72 in product                                                  |
| inline               |                                                                                                                                             | firmware/nnet_utils/nnet_mult.h:82 in product                                                  |
| pipeline             | II=CONFIG_T::reuse_factor                                                                                                                   | firmware/nnet_utils/nnet_pooling.h:84 in pooling1d_cl                                          |
| allocation           | function instances=pool_op<data_T, CONFIG_T::pool_width, CONFIG_T::pool_op, typename CONFIG_T::accum_t> limit=limit                         | firmware/nnet_utils/nnet_pooling.h:88 in pooling1d_cl                                          |
| array_partition      | variable=pool complete dim=0                                                                                                                | firmware/nnet_utils/nnet_pooling.h:102 in pooling1d_cl, pool                                   |
| pipeline             | II=CONFIG_T::reuse_factor                                                                                                                   | firmware/nnet_utils/nnet_pooling.h:122 in global_pooling1d_cl                                  |
| allocation           | function instances=pool_op<data_T, CONFIG_T::pool_width, CONFIG_T::pool_op, typename CONFIG_T::accum_t> limit=limit                         | firmware/nnet_utils/nnet_pooling.h:129 in global_pooling1d_cl                                  |
| array_partition      | variable=pool complete dim=0                                                                                                                | firmware/nnet_utils/nnet_pooling.h:134 in global_pooling1d_cl, pool                            |
| pipeline             | II=CONFIG_T::reuse_factor                                                                                                                   | firmware/nnet_utils/nnet_pooling.h:176 in pooling2d_cl                                         |
| allocation           | function instances=pool_op<data_T, CONFIG_T::pool_height*CONFIG_T::pool_width, CONFIG_T::pool_op, typename CONFIG_T::accum_t> limit=limit   | firmware/nnet_utils/nnet_pooling.h:180 in pooling2d_cl                                         |
| array_partition      | variable=pool complete dim=0                                                                                                                | firmware/nnet_utils/nnet_pooling.h:196 in pooling2d_cl, pool                                   |
| pipeline             | II=CONFIG_T::reuse_factor                                                                                                                   | firmware/nnet_utils/nnet_pooling.h:232 in pooling2d_cf                                         |
| allocation           | function instances=pool_op<data_T, CONFIG_T::pool_height*CONFIG_T::pool_width, CONFIG_T::pool_op, typename CONFIG_T::accum_t> limit=limit   | firmware/nnet_utils/nnet_pooling.h:236 in pooling2d_cf                                         |
| array_partition      | variable=pool complete dim=0                                                                                                                | firmware/nnet_utils/nnet_pooling.h:250 in pooling2d_cf, pool                                   |
| pipeline             | II=CONFIG_T::reuse_factor                                                                                                                   | firmware/nnet_utils/nnet_pooling.h:298 in global_pooling2d_cl                                  |
| allocation           | function instances=pool_op<data_T, CONFIG_T::pool_width * CONFIG_T::pool_height, CONFIG_T::pool_op, typename CONFIG_T::accum_t> limit=limit | firmware/nnet_utils/nnet_pooling.h:301 in global_pooling2d_cl                                  |
| inline               |                                                                                                                                             | firmware/nnet_utils/nnet_pooling_stream.h:18 in reduce_pool                                    |
| inline               |                                                                                                                                             | firmware/nnet_utils/nnet_pooling_stream.h:34 in compute_pool_buffer_2d                         |
| array_partition      | variable=pool_window complete                                                                                                               | firmware/nnet_utils/nnet_pooling_stream.h:43 in compute_pool_buffer_2d, pool_window            |
| array_partition      | variable = kernel_data complete dim = 0                                                                                                     | firmware/nnet_utils/nnet_pooling_stream.h:46 in compute_pool_buffer_2d                         |
| pipeline             |                                                                                                                                             | firmware/nnet_utils/nnet_pooling_stream.h:58 in compute_pool_buffer_2d                         |
| inline               | recursive                                                                                                                                   | firmware/nnet_utils/nnet_pooling_stream.h:100 in pooling2d_cl                                  |
| array_partition      | variable = line_buffer complete dim = 2                                                                                                     | firmware/nnet_utils/nnet_pooling_stream.h:106 in pooling2d_cl                                  |
| loop_flatten         |                                                                                                                                             | firmware/nnet_utils/nnet_pooling_stream.h:112 in pooling2d_cl                                  |
| pipeline             |                                                                                                                                             | firmware/nnet_utils/nnet_pooling_stream.h:113 in pooling2d_cl                                  |
| inline               |                                                                                                                                             | firmware/nnet_utils/nnet_pooling_stream.h:125 in compute_pool_buffer_1d                        |
| array_partition      | variable=pool_window complete                                                                                                               | firmware/nnet_utils/nnet_pooling_stream.h:132 in compute_pool_buffer_1d, pool_window           |
| array_partition      | variable = kernel_data complete dim = 0                                                                                                     | firmware/nnet_utils/nnet_pooling_stream.h:135 in compute_pool_buffer_1d                        |
| pipeline             |                                                                                                                                             | firmware/nnet_utils/nnet_pooling_stream.h:148 in compute_pool_buffer_1d                        |
| inline               | recursive                                                                                                                                   | firmware/nnet_utils/nnet_pooling_stream.h:182 in pooling1d_cl                                  |
| pipeline             |                                                                                                                                             | firmware/nnet_utils/nnet_pooling_stream.h:186 in pooling1d_cl                                  |
| inline               |                                                                                                                                             | firmware/nnet_utils/nnet_pooling_stream.h:196 in reduce_global_pool                            |
| unroll               |                                                                                                                                             | firmware/nnet_utils/nnet_pooling_stream.h:212 in compute_global_pool                           |
| array_partition      | variable=data_pack complete dim=0                                                                                                           | firmware/nnet_utils/nnet_pooling_stream.h:215 in compute_global_pool, data_pack                |
| unroll               |                                                                                                                                             | firmware/nnet_utils/nnet_pooling_stream.h:219 in compute_global_pool                           |
| array_partition      | variable=data_window complete                                                                                                               | firmware/nnet_utils/nnet_pooling_stream.h:233 in global_pooling2d_cl, data_window              |
| unroll               |                                                                                                                                             | firmware/nnet_utils/nnet_pooling_stream.h:242 in global_pooling2d_cl                           |
| loop_flatten         |                                                                                                                                             | firmware/nnet_utils/nnet_pooling_stream.h:250 in global_pooling2d_cl                           |
| pipeline             |                                                                                                                                             | firmware/nnet_utils/nnet_pooling_stream.h:258 in global_pooling2d_cl                           |
| unroll               |                                                                                                                                             | firmware/nnet_utils/nnet_pooling_stream.h:264 in global_pooling2d_cl                           |
| pipeline             |                                                                                                                                             | firmware/nnet_utils/nnet_pooling_stream.h:272 in global_pooling2d_cl                           |
| unroll               |                                                                                                                                             | firmware/nnet_utils/nnet_pooling_stream.h:278 in global_pooling2d_cl                           |
| array_partition      | variable=data_window complete                                                                                                               | firmware/nnet_utils/nnet_pooling_stream.h:292 in global_pooling1d_cl, data_window              |
| unroll               |                                                                                                                                             | firmware/nnet_utils/nnet_pooling_stream.h:301 in global_pooling1d_cl                           |
| loop_flatten         |                                                                                                                                             | firmware/nnet_utils/nnet_pooling_stream.h:307 in global_pooling1d_cl                           |
| pipeline             |                                                                                                                                             | firmware/nnet_utils/nnet_pooling_stream.h:314 in global_pooling1d_cl                           |
| unroll               |                                                                                                                                             | firmware/nnet_utils/nnet_pooling_stream.h:320 in global_pooling1d_cl                           |
| pipeline             |                                                                                                                                             | firmware/nnet_utils/nnet_pooling_stream.h:328 in global_pooling1d_cl                           |
| unroll               |                                                                                                                                             | firmware/nnet_utils/nnet_pooling_stream.h:334 in global_pooling1d_cl                           |
| pipeline             |                                                                                                                                             | firmware/nnet_utils/nnet_stream.h:23 in clone_stream                                           |
| unroll               |                                                                                                                                             | firmware/nnet_utils/nnet_stream.h:33 in clone_stream                                           |
| pipeline             |                                                                                                                                             | firmware/nnet_utils/nnet_stream.h:47 in clone_stream                                           |
| unroll               |                                                                                                                                             | firmware/nnet_utils/nnet_stream.h:59 in clone_stream                                           |
| pipeline             |                                                                                                                                             | firmware/nnet_utils/nnet_stream.h:76 in clone_stream                                           |
| unroll               |                                                                                                                                             | firmware/nnet_utils/nnet_stream.h:90 in clone_stream                                           |
| pipeline             |                                                                                                                                             | firmware/nnet_utils/nnet_stream.h:109 in clone_stream                                          |
| unroll               |                                                                                                                                             | firmware/nnet_utils/nnet_stream.h:125 in clone_stream                                          |
| pipeline             |                                                                                                                                             | firmware/nnet_utils/nnet_stream.h:146 in clone_stream                                          |
| unroll               |                                                                                                                                             | firmware/nnet_utils/nnet_stream.h:164 in clone_stream                                          |
| pipeline             |                                                                                                                                             | firmware/nnet_utils/nnet_stream.h:187 in clone_stream                                          |
| unroll               |                                                                                                                                             | firmware/nnet_utils/nnet_stream.h:207 in clone_stream                                          |
| pipeline             |                                                                                                                                             | firmware/nnet_utils/nnet_stream.h:230 in repack_stream                                         |
| unroll               |                                                                                                                                             | firmware/nnet_utils/nnet_stream.h:237 in repack_stream                                         |
| pipeline             |                                                                                                                                             | firmware/nnet_utils/nnet_stream.h:255 in repack_stream                                         |
| unroll               |                                                                                                                                             | firmware/nnet_utils/nnet_stream.h:259 in repack_stream                                         |
| pipeline             |                                                                                                                                             | firmware/nnet_utils/nnet_stream.h:270 in repack_stream                                         |
| unroll               |                                                                                                                                             | firmware/nnet_utils/nnet_stream.h:274 in repack_stream                                         |
| pipeline             |                                                                                                                                             | firmware/nnet_utils/nnet_stream.h:295 in broadcast_stream_1x1xc                                |
| pipeline             |                                                                                                                                             | firmware/nnet_utils/nnet_stream.h:298 in broadcast_stream_1x1xc                                |
| unroll               |                                                                                                                                             | firmware/nnet_utils/nnet_stream.h:302 in broadcast_stream_1x1xc                                |
| pipeline             |                                                                                                                                             | firmware/nnet_utils/nnet_stream.h:316 in broadcast_stream_hxwx1                                |
| unroll               |                                                                                                                                             | firmware/nnet_utils/nnet_stream.h:321 in broadcast_stream_hxwx1                                |
| unroll               |                                                                                                                                             | firmware/nnet_utils/nnet_types.h:28 in operator=                                               |
+----------------------+---------------------------------------------------------------------------------------------------------------------------------------------+------------------------------------------------------------------------------------------------+


