
****** Vitis HLS - High-Level Synthesis from C, C++ and OpenCL v2023.2 (64-bit)
  **** SW Build 4023990 on Oct 11 2023
  **** IP Build 4028589 on Sat Oct 14 00:45:43 MDT 2023
  **** SharedData Build 4025554 on Tue Oct 10 17:18:54 MDT 2023
    ** Copyright 1986-2022 Xilinx, Inc. All Rights Reserved.
    ** Copyright 2022-2023 Advanced Micro Devices, Inc. All Rights Reserved.

source /tools/Xilinx/Vitis_HLS/2023.2/scripts/vitis_hls/hls.tcl -notrace
INFO: [HLS 200-10] Running '/tools/Xilinx/Vitis_HLS/2023.2/bin/unwrapped/lnx64.o/vitis_hls'
INFO: [HLS 200-10] For user 'work1' on host 'AlbertsUbuntu' (Linux_x86_64 version 6.8.0-90-generic) on Wed May 13 16:56:16 PDT 2026
INFO: [HLS 200-10] On os Ubuntu 22.04.5 LTS
INFO: [HLS 200-10] In directory '/home/work1/Works/CNN-Core-Generator/cnn_core_project'
INFO: [HLS 200-2053] The vitis_hls executable is being deprecated. Consider using vitis-run --mode hls --tcl
Sourcing Tcl script 'build_prj.tcl'
INFO: [HLS 200-1510] Running: open_project cnn_core_prj 
INFO: [HLS 200-10] Creating and opening project '/home/work1/Works/CNN-Core-Generator/cnn_core_project/cnn_core_prj'.
INFO: [HLS 200-1510] Running: set_top cnn_core 
INFO: [HLS 200-1510] Running: add_files firmware/cnn_core.cpp -cflags -std=c++0x 
INFO: [HLS 200-10] Adding design file 'firmware/cnn_core.cpp' to the project
INFO: [HLS 200-1510] Running: add_files -tb cnn_core_test.cpp -cflags -std=c++0x 
INFO: [HLS 200-10] Adding test bench file 'cnn_core_test.cpp' to the project
INFO: [HLS 200-1510] Running: add_files -tb firmware/weights 
INFO: [HLS 200-10] Adding test bench file 'firmware/weights' to the project
INFO: [HLS 200-1510] Running: add_files -tb tb_data 
INFO: [HLS 200-10] Adding test bench file 'tb_data' to the project
INFO: [HLS 200-1510] Running: open_solution solution1 
INFO: [HLS 200-10] Creating and opening solution '/home/work1/Works/CNN-Core-Generator/cnn_core_project/cnn_core_prj/solution1'.
INFO: [HLS 200-1505] Using default flow_target 'vivado'
Resolution: For help on HLS 200-1505 see docs.xilinx.com/access/sources/dita/topic?Doc_Version=2023.2%20English&url=ug1448-hls-guidance&resourceid=200-1505.html
INFO: [HLS 200-1510] Running: config_array_partition -maximum_size 4096 
INFO: [XFORM 203-101] Allowed max sub elements number after partition is 4096.
ERROR: [HLS 200-642] The 'config_array_partition -maximum_size' command is not supported.
INFO: [HLS 200-1510] Running: config_compile -name_max_length 80 
INFO: [XFORM 203-1161] The maximum of name length is set to 80.
INFO: [HLS 200-1510] Running: set_part xcku5p-ffvb676-2-e 
INFO: [HLS 200-1611] Setting target device to 'xcku5p-ffvb676-2-e'
INFO: [XFORM 203-1161] The maximum of name length is set to 80.
INFO: [HLS 200-1510] Running: config_schedule -enable_dsp_full_reg=false 
INFO: [HLS 200-1510] Running: create_clock -period 5 -name default 
INFO: [SYN 201-201] Setting up clock 'default' with a period of 5ns.
INFO: [HLS 200-1510] Running: set_clock_uncertainty 27% default 
INFO: [SYN 201-201] Setting up clock 'default' with an uncertainty of 1.35ns.
***** C SIMULATION *****
INFO: [HLS 200-1510] Running: csim_design 
INFO: [SIM 211-2] *************** CSIM start ***************
INFO: [SIM 211-4] CSIM will launch GCC as the compiler.
INFO: [HLS 200-2036] Building debug C Simulation binaries
   Compiling ../../../../cnn_core_test.cpp in debug mode
   Compiling ../../../../firmware/cnn_core.cpp in debug mode
   Generating csim.exe
INFO: Unable to open input/predictions file, using default input.
-6.0625 
-6.0625 
-6.0625 
-6.0625 
-6.0625 
INFO: Saved inference results to file: tb_data/csim_results.log
INFO [HLS SIM]: The maximum depth reached by any hls::stream() instance in the design is 1024
INFO: [SIM 211-1] CSim done with 0 errors.
INFO: [SIM 211-3] *************** CSIM finish ***************
INFO: [HLS 200-111] Finished Command csim_design CPU user time: 3.9 seconds. CPU system time: 0.37 seconds. Elapsed time: 4.33 seconds; current allocated memory: 0.000 MB.
***** C SIMULATION COMPLETED IN 0h0m4s *****
***** C/RTL SYNTHESIS *****
INFO: [HLS 200-1510] Running: csynth_design 
INFO: [HLS 200-111] Finished File checks and directory preparation: CPU user time: 0.04 seconds. CPU system time: 0.01 seconds. Elapsed time: 0.04 seconds; current allocated memory: 282.605 MB.
INFO: [HLS 200-10] Analyzing design file 'firmware/cnn_core.cpp' ... 
WARNING: [HLS 207-5566] unexpected pragma argument 'softmax', expects function/operation (firmware/nnet_utils/nnet_activation.h:402:36)
WARNING: [HLS 207-5536] 'Resource pragma' is deprecated, use 'bind_op/bind_storage pragma' instead (firmware/nnet_utils/nnet_dense_resource.h:33:9)
WARNING: [HLS 207-5536] 'Resource pragma' is deprecated, use 'bind_op/bind_storage pragma' instead (firmware/nnet_utils/nnet_dense_resource.h:107:9)
WARNING: [HLS 207-5536] 'Resource pragma' is deprecated, use 'bind_op/bind_storage pragma' instead (firmware/nnet_utils/nnet_dense_resource.h:189:9)
WARNING: [HLS 207-5571] Only for/while/do loop or function body support the pipeline pragma (firmware/nnet_utils/nnet_stream.h:247:9)
WARNING: [HLS 214-113] Either use an argument of the function or declare the variable inside the dataflow loop body (firmware/cnn_core.cpp:47:75)
Resolution: For help on HLS 214-113 see docs.xilinx.com/access/sources/dita/topic?Doc_Version=2023.2%20English&url=ug1448-hls-guidance&resourceid=214-113.html
WARNING: [HLS 214-113] Either use an argument of the function or declare the variable inside the dataflow loop body (firmware/cnn_core.cpp:47:79)
Resolution: For help on HLS 214-113 see docs.xilinx.com/access/sources/dita/topic?Doc_Version=2023.2%20English&url=ug1448-hls-guidance&resourceid=214-113.html
WARNING: [HLS 214-113] Either use an argument of the function or declare the variable inside the dataflow loop body (firmware/cnn_core.cpp:53:70)
Resolution: For help on HLS 214-113 see docs.xilinx.com/access/sources/dita/topic?Doc_Version=2023.2%20English&url=ug1448-hls-guidance&resourceid=214-113.html
WARNING: [HLS 214-113] Either use an argument of the function or declare the variable inside the dataflow loop body (firmware/cnn_core.cpp:53:74)
Resolution: For help on HLS 214-113 see docs.xilinx.com/access/sources/dita/topic?Doc_Version=2023.2%20English&url=ug1448-hls-guidance&resourceid=214-113.html
WARNING: [HLS 200-471] Dataflow form checks found 4 issue(s) in file firmware/cnn_core.cpp
Resolution: For help on HLS 200-471 see docs.xilinx.com/access/sources/dita/topic?Doc_Version=2023.2%20English&url=ug1448-hls-guidance&resourceid=200-471.html
WARNING: [HLS 207-5292] unused parameter 'keep' (firmware/nnet_utils/nnet_helpers.h:285:99)
WARNING: [HLS 207-5292] unused parameter 'data' (firmware/nnet_utils/nnet_function_stubs.h:14:36)
WARNING: [HLS 207-5292] unused parameter 'buffer' (firmware/nnet_utils/nnet_function_stubs.h:15:36)
WARNING: [HLS 207-5292] unused parameter 'partition' (firmware/nnet_utils/nnet_function_stubs.h:16:44)
WARNING: [HLS 207-5292] unused parameter 'data' (firmware/nnet_utils/nnet_function_stubs.h:24:24)
WARNING: [HLS 207-5292] unused parameter 'buffer' (firmware/nnet_utils/nnet_function_stubs.h:25:24)
WARNING: [HLS 207-5292] unused parameter 'partition' (firmware/nnet_utils/nnet_function_stubs.h:26:32)
WARNING: [HLS 207-5292] unused parameter 'data' (firmware/nnet_utils/nnet_function_stubs.h:33:30)
WARNING: [HLS 207-5292] unused parameter 'res' (firmware/nnet_utils/nnet_function_stubs.h:33:58)
WARNING: [HLS 207-5292] unused parameter 'weights' (firmware/nnet_utils/nnet_function_stubs.h:34:51)
WARNING: [HLS 207-5292] unused parameter 'biases' (firmware/nnet_utils/nnet_function_stubs.h:35:49)
WARNING: [HLS 207-5292] unused parameter 'data' (firmware/nnet_utils/nnet_function_stubs.h:42:30)
WARNING: [HLS 207-5292] unused parameter 'res' (firmware/nnet_utils/nnet_function_stubs.h:42:58)
WARNING: [HLS 207-5292] unused parameter 'weights' (firmware/nnet_utils/nnet_function_stubs.h:43:51)
WARNING: [HLS 207-5292] unused parameter 'biases' (firmware/nnet_utils/nnet_function_stubs.h:44:49)
WARNING: [HLS 207-5292] unused parameter 'data' (firmware/nnet_utils/nnet_function_stubs.h:51:29)
WARNING: [HLS 207-5292] unused parameter 'res' (firmware/nnet_utils/nnet_function_stubs.h:51:80)
WARNING: [HLS 207-5292] unused parameter 'weights' (firmware/nnet_utils/nnet_function_stubs.h:52:50)
WARNING: [HLS 207-5292] unused parameter 'biases' (firmware/nnet_utils/nnet_function_stubs.h:53:48)
WARNING: [HLS 207-5292] unused parameter 'data' (firmware/nnet_utils/nnet_code_gen.h:16:39)
WARNING: [HLS 207-5292] unused parameter 'res' (firmware/nnet_utils/nnet_code_gen.h:17:38)
WARNING: [HLS 207-5292] unused parameter 'weights' (firmware/nnet_utils/nnet_code_gen.h:18:60)
WARNING: [HLS 207-5292] unused parameter 'biases' (firmware/nnet_utils/nnet_code_gen.h:19:58)
INFO: [HLS 200-111] Finished Source Code Analysis and Preprocessing: CPU user time: 5.01 seconds. CPU system time: 0.51 seconds. Elapsed time: 5.64 seconds; current allocated memory: 291.512 MB.
INFO: [HLS 200-777] Using interface defaults for 'Vivado' flow target.
INFO: [HLS 200-1995] There were 2,681 instructions in the design after the 'Compile/Link' phase of compilation. See the Design Size Report for more details: /home/work1/Works/CNN-Core-Generator/cnn_core_project/cnn_core_prj/solution1/syn/report/csynth_design_size.rpt
INFO: [HLS 200-1995] There were 82,469 instructions in the design after the 'Unroll/Inline (step 1)' phase of compilation. See the Design Size Report for more details: /home/work1/Works/CNN-Core-Generator/cnn_core_project/cnn_core_prj/solution1/syn/report/csynth_design_size.rpt
INFO: [HLS 200-1995] There were 26,124 instructions in the design after the 'Unroll/Inline (step 2)' phase of compilation. See the Design Size Report for more details: /home/work1/Works/CNN-Core-Generator/cnn_core_project/cnn_core_prj/solution1/syn/report/csynth_design_size.rpt
INFO: [HLS 200-1995] There were 26,018 instructions in the design after the 'Unroll/Inline (step 3)' phase of compilation. See the Design Size Report for more details: /home/work1/Works/CNN-Core-Generator/cnn_core_project/cnn_core_prj/solution1/syn/report/csynth_design_size.rpt
INFO: [HLS 200-1995] There were 25,827 instructions in the design after the 'Unroll/Inline (step 4)' phase of compilation. See the Design Size Report for more details: /home/work1/Works/CNN-Core-Generator/cnn_core_project/cnn_core_prj/solution1/syn/report/csynth_design_size.rpt
INFO: [HLS 200-1995] There were 22,274 instructions in the design after the 'Array/Struct (step 1)' phase of compilation. See the Design Size Report for more details: /home/work1/Works/CNN-Core-Generator/cnn_core_project/cnn_core_prj/solution1/syn/report/csynth_design_size.rpt
INFO: [HLS 200-1995] There were 14,997 instructions in the design after the 'Array/Struct (step 2)' phase of compilation. See the Design Size Report for more details: /home/work1/Works/CNN-Core-Generator/cnn_core_project/cnn_core_prj/solution1/syn/report/csynth_design_size.rpt
INFO: [HLS 200-1995] There were 15,013 instructions in the design after the 'Array/Struct (step 3)' phase of compilation. See the Design Size Report for more details: /home/work1/Works/CNN-Core-Generator/cnn_core_project/cnn_core_prj/solution1/syn/report/csynth_design_size.rpt
INFO: [HLS 200-1995] There were 15,369 instructions in the design after the 'Array/Struct (step 4)' phase of compilation. See the Design Size Report for more details: /home/work1/Works/CNN-Core-Generator/cnn_core_project/cnn_core_prj/solution1/syn/report/csynth_design_size.rpt
INFO: [HLS 200-1995] There were 17,742 instructions in the design after the 'Array/Struct (step 5)' phase of compilation. See the Design Size Report for more details: /home/work1/Works/CNN-Core-Generator/cnn_core_project/cnn_core_prj/solution1/syn/report/csynth_design_size.rpt
INFO: [HLS 200-1995] There were 13,815 instructions in the design after the 'Performance' phase of compilation. See the Design Size Report for more details: /home/work1/Works/CNN-Core-Generator/cnn_core_project/cnn_core_prj/solution1/syn/report/csynth_design_size.rpt
INFO: [HLS 200-1995] There were 13,773 instructions in the design after the 'Performance (step 2)' phase of compilation. See the Design Size Report for more details: /home/work1/Works/CNN-Core-Generator/cnn_core_project/cnn_core_prj/solution1/syn/report/csynth_design_size.rpt
INFO: [HLS 200-1995] There were 13,728 instructions in the design after the 'Performance (step 3)' phase of compilation. See the Design Size Report for more details: /home/work1/Works/CNN-Core-Generator/cnn_core_project/cnn_core_prj/solution1/syn/report/csynth_design_size.rpt
INFO: [HLS 200-1995] There were 13,728 instructions in the design after the 'Performance (step 4)' phase of compilation. See the Design Size Report for more details: /home/work1/Works/CNN-Core-Generator/cnn_core_project/cnn_core_prj/solution1/syn/report/csynth_design_size.rpt
INFO: [HLS 200-1995] There were 13,629 instructions in the design after the 'HW Transforms (step 1)' phase of compilation. See the Design Size Report for more details: /home/work1/Works/CNN-Core-Generator/cnn_core_project/cnn_core_prj/solution1/syn/report/csynth_design_size.rpt
INFO: [HLS 200-1995] There were 13,719 instructions in the design after the 'HW Transforms (step 2)' phase of compilation. See the Design Size Report for more details: /home/work1/Works/CNN-Core-Generator/cnn_core_project/cnn_core_prj/solution1/syn/report/csynth_design_size.rpt
INFO: [HLS 214-415] Performing recursive inline in function 'nnet::conv_2d_cl<nnet::array<ap_fixed<12, 6, (ap_q_mode)5, (ap_o_mode)3, 0>, 1u>, nnet::array<ap_fixed<9, 5, (ap_q_mode)5, (ap_o_mode)3, 0>, 7u>, config3>' (firmware/nnet_utils/nnet_conv2d_stream.h:74:9)
INFO: [HLS 214-415] Performing recursive inline in function 'nnet::pooling2d_cl<nnet::array<ap_fixed<16, 6, (ap_q_mode)5, (ap_o_mode)3, 0>, 7u>, nnet::array<ap_fixed<16, 6, (ap_q_mode)5, (ap_o_mode)3, 0>, 7u>, config5>' (firmware/nnet_utils/nnet_pooling_stream.h:100:9)
INFO: [HLS 214-415] Performing recursive inline in function 'nnet::dense<nnet::array<ap_fixed<16, 6, (ap_q_mode)5, (ap_o_mode)3, 0>, 7u>, nnet::array<ap_fixed<9, 5, (ap_q_mode)5, (ap_o_mode)3, 0>, 1u>, config7>' (firmware/nnet_utils/nnet_dense_stream.h:85:9)
WARNING: [HLS 214-273] In function 'void nnet::dense_latency_wrapper<ap_fixed<16, 6, (ap_q_mode)5, (ap_o_mode)3, 0>, ap_fixed<9, 5, (ap_q_mode)5, (ap_o_mode)3, 0>, config7>(ap_fixed<16, 6, (ap_q_mode)5, (ap_o_mode)3, 0>*, ap_fixed<9, 5, (ap_q_mode)5, (ap_o_mode)3, 0>*, config7::weight_t*, config7::bias_t*)', Pragma conflict happens on 'INLINE' and 'PIPELINE' pragmas: same function (firmware/nnet_utils/nnet_dense_stream.h:15:0)
WARNING: [HLS 214-273] In function 'void nnet::shift_line_buffer<nnet::array<ap_fixed<16, 6, (ap_q_mode)5, (ap_o_mode)3, 0>, 7u>, config5>(nnet::array<ap_fixed<16, 6, (ap_q_mode)5, (ap_o_mode)3, 0>, 7u> const&, ap_shift_reg<nnet::array<ap_fixed<16, 6, (ap_q_mode)5, (ap_o_mode)3, 0>, 7u>::value_type, config5::in_width> (*) [config5::n_chan], nnet::array<ap_fixed<16, 6, (ap_q_mode)5, (ap_o_mode)3, 0>, 7u>::value_type*)', Pragma conflict happens on 'INLINE' and 'PIPELINE' pragmas: same function (firmware/nnet_utils/nnet_conv_stream.h:219:0)
INFO: [HLS 214-131] Inlining function 'void nnet::kernel_shift_2d<nnet::array<ap_fixed<12, 6, (ap_q_mode)5, (ap_o_mode)3, 0>, 1u>, config3>(nnet::array<ap_fixed<12, 6, (ap_q_mode)5, (ap_o_mode)3, 0>, 1u>::value_type (*) [config3::n_chan], nnet::array<ap_fixed<12, 6, (ap_q_mode)5, (ap_o_mode)3, 0>, 1u>::value_type*)' into 'void nnet::shift_line_buffer<nnet::array<ap_fixed<12, 6, (ap_q_mode)5, (ap_o_mode)3, 0>, 1u>, config3>(nnet::array<ap_fixed<12, 6, (ap_q_mode)5, (ap_o_mode)3, 0>, 1u> const&, ap_shift_reg<nnet::array<ap_fixed<12, 6, (ap_q_mode)5, (ap_o_mode)3, 0>, 1u>::value_type, config3::in_width> (*) [config3::n_chan], nnet::array<ap_fixed<12, 6, (ap_q_mode)5, (ap_o_mode)3, 0>, 1u>::value_type*)' (firmware/nnet_utils/nnet_conv_stream.h:247:5)
INFO: [HLS 214-131] Inlining function 'nnet::product::mult<ap_fixed<12, 6, (ap_q_mode)5, (ap_o_mode)3, 0>, ap_fixed<9, 5, (ap_q_mode)5, (ap_o_mode)3, 0> >::product(ap_fixed<12, 6, (ap_q_mode)5, (ap_o_mode)3, 0>, ap_fixed<9, 5, (ap_q_mode)5, (ap_o_mode)3, 0>)' into 'void nnet::dense_latency<ap_fixed<12, 6, (ap_q_mode)5, (ap_o_mode)3, 0>, ap_fixed<9, 5, (ap_q_mode)5, (ap_o_mode)3, 0>, config3_mult>(ap_fixed<12, 6, (ap_q_mode)5, (ap_o_mode)3, 0>*, ap_fixed<9, 5, (ap_q_mode)5, (ap_o_mode)3, 0>*, config3_mult::weight_t*, config3_mult::bias_t*)' (firmware/nnet_utils/nnet_dense_latency.h:42:27)
INFO: [HLS 214-131] Inlining function 'nnet::DenseLatency<ap_fixed<12, 6, (ap_q_mode)5, (ap_o_mode)3, 0>, ap_fixed<9, 5, (ap_q_mode)5, (ap_o_mode)3, 0>, config3_mult>::dense(ap_fixed<12, 6, (ap_q_mode)5, (ap_o_mode)3, 0>*, ap_fixed<9, 5, (ap_q_mode)5, (ap_o_mode)3, 0>*, ap_fixed<9, 5, (ap_q_mode)5, (ap_o_mode)3, 0>*, ap_fixed<9, 5, (ap_q_mode)5, (ap_o_mode)3, 0>*)' into 'void nnet::compute_output_buffer_2d<nnet::array<ap_fixed<12, 6, (ap_q_mode)5, (ap_o_mode)3, 0>, 1u>, nnet::array<ap_fixed<9, 5, (ap_q_mode)5, (ap_o_mode)3, 0>, 7u>, config3>(nnet::array<ap_fixed<12, 6, (ap_q_mode)5, (ap_o_mode)3, 0>, 1u> const&, ap_shift_reg<nnet::array<ap_fixed<12, 6, (ap_q_mode)5, (ap_o_mode)3, 0>, 1u>::value_type, config3::in_width> (*) [config3::n_chan], hls::stream<nnet::array<ap_fixed<9, 5, (ap_q_mode)5, (ap_o_mode)3, 0>, 7u>, 0>&, config3::weight_t*, config3::bias_t*)' (firmware/nnet_utils/nnet_conv_stream.h:288:9)
INFO: [HLS 214-131] Inlining function 'void nnet::conv_2d_buffer_latency_cl<nnet::array<ap_fixed<12, 6, (ap_q_mode)5, (ap_o_mode)3, 0>, 1u>, nnet::array<ap_fixed<9, 5, (ap_q_mode)5, (ap_o_mode)3, 0>, 7u>, config3>(hls::stream<nnet::array<ap_fixed<12, 6, (ap_q_mode)5, (ap_o_mode)3, 0>, 1u>, 0>&, hls::stream<nnet::array<ap_fixed<9, 5, (ap_q_mode)5, (ap_o_mode)3, 0>, 7u>, 0>&, config3::weight_t*, config3::bias_t*) (.15)' into 'void nnet::conv_2d_cl<nnet::array<ap_fixed<12, 6, (ap_q_mode)5, (ap_o_mode)3, 0>, 1u>, nnet::array<ap_fixed<9, 5, (ap_q_mode)5, (ap_o_mode)3, 0>, 7u>, config3>(hls::stream<nnet::array<ap_fixed<12, 6, (ap_q_mode)5, (ap_o_mode)3, 0>, 1u>, 0>&, hls::stream<nnet::array<ap_fixed<9, 5, (ap_q_mode)5, (ap_o_mode)3, 0>, 7u>, 0>&, config3::weight_t*, config3::bias_t*)' (firmware/nnet_utils/nnet_conv2d_stream.h:76:9)
INFO: [HLS 214-131] Inlining function 'void nnet::kernel_shift_2d<nnet::array<ap_fixed<16, 6, (ap_q_mode)5, (ap_o_mode)3, 0>, 7u>, config5>(nnet::array<ap_fixed<16, 6, (ap_q_mode)5, (ap_o_mode)3, 0>, 7u>::value_type (*) [config5::n_chan], nnet::array<ap_fixed<16, 6, (ap_q_mode)5, (ap_o_mode)3, 0>, 7u>::value_type*)' into 'void nnet::shift_line_buffer<nnet::array<ap_fixed<16, 6, (ap_q_mode)5, (ap_o_mode)3, 0>, 7u>, config5>(nnet::array<ap_fixed<16, 6, (ap_q_mode)5, (ap_o_mode)3, 0>, 7u> const&, ap_shift_reg<nnet::array<ap_fixed<16, 6, (ap_q_mode)5, (ap_o_mode)3, 0>, 7u>::value_type, config5::in_width> (*) [config5::n_chan], nnet::array<ap_fixed<16, 6, (ap_q_mode)5, (ap_o_mode)3, 0>, 7u>::value_type*)' (firmware/nnet_utils/nnet_conv_stream.h:247:5)
INFO: [HLS 214-131] Inlining function 'nnet::Op_max<ap_fixed<16, 6, (ap_q_mode)5, (ap_o_mode)3, 0> >::operator()(ap_fixed<16, 6, (ap_q_mode)5, (ap_o_mode)3, 0>, ap_fixed<16, 6, (ap_q_mode)5, (ap_o_mode)3, 0>) (.12)' into 'ap_fixed<16, 6, (ap_q_mode)5, (ap_o_mode)3, 0> nnet::reduce<ap_fixed<16, 6, (ap_q_mode)5, (ap_o_mode)3, 0>, 2, nnet::Op_max<ap_fixed<16, 6, (ap_q_mode)5, (ap_o_mode)3, 0> > >(ap_fixed<16, 6, (ap_q_mode)5, (ap_o_mode)3, 0> const*, nnet::Op_max<ap_fixed<16, 6, (ap_q_mode)5, (ap_o_mode)3, 0> >) (.11)' (firmware/nnet_utils/nnet_common.h:44:16)
INFO: [HLS 214-131] Inlining function 'ap_fixed<16, 6, (ap_q_mode)5, (ap_o_mode)3, 0> nnet::reduce<ap_fixed<16, 6, (ap_q_mode)5, (ap_o_mode)3, 0>, 2, nnet::Op_max<ap_fixed<16, 6, (ap_q_mode)5, (ap_o_mode)3, 0> > >(ap_fixed<16, 6, (ap_q_mode)5, (ap_o_mode)3, 0> const*, nnet::Op_max<ap_fixed<16, 6, (ap_q_mode)5, (ap_o_mode)3, 0> >) (.11)' into 'ap_fixed<16, 6, (ap_q_mode)5, (ap_o_mode)3, 0> nnet::reduce_pool<ap_fixed<16, 6, (ap_q_mode)5, (ap_o_mode)3, 0>, 2, config5>(ap_fixed<16, 6, (ap_q_mode)5, (ap_o_mode)3, 0>*) (.10)' (firmware/nnet_utils/nnet_pooling_stream.h:21:16)
INFO: [HLS 214-131] Inlining function 'ap_fixed<16, 6, (ap_q_mode)5, (ap_o_mode)3, 0> nnet::reduce_pool<ap_fixed<16, 6, (ap_q_mode)5, (ap_o_mode)3, 0>, 2, config5>(ap_fixed<16, 6, (ap_q_mode)5, (ap_o_mode)3, 0>*) (.10)' into 'void nnet::compute_pool_buffer_2d<nnet::array<ap_fixed<16, 6, (ap_q_mode)5, (ap_o_mode)3, 0>, 7u>, nnet::array<ap_fixed<16, 6, (ap_q_mode)5, (ap_o_mode)3, 0>, 7u>, config5>(nnet::array<ap_fixed<16, 6, (ap_q_mode)5, (ap_o_mode)3, 0>, 7u> const&, ap_shift_reg<nnet::array<ap_fixed<16, 6, (ap_q_mode)5, (ap_o_mode)3, 0>, 7u>::value_type, config5::in_width> (*) [config5::n_filt], hls::stream<nnet::array<ap_fixed<16, 6, (ap_q_mode)5, (ap_o_mode)3, 0>, 7u>, 0>&) (.8)' (firmware/nnet_utils/nnet_pooling_stream.h:68:17)
INFO: [HLS 214-131] Inlining function 'nnet::array<ap_fixed<16, 6, (ap_q_mode)5, (ap_o_mode)3, 0>, 7u>::operator[](unsigned long) (.5)' into 'void nnet::compute_pool_buffer_2d<nnet::array<ap_fixed<16, 6, (ap_q_mode)5, (ap_o_mode)3, 0>, 7u>, nnet::array<ap_fixed<16, 6, (ap_q_mode)5, (ap_o_mode)3, 0>, 7u>, config5>(nnet::array<ap_fixed<16, 6, (ap_q_mode)5, (ap_o_mode)3, 0>, 7u> const&, ap_shift_reg<nnet::array<ap_fixed<16, 6, (ap_q_mode)5, (ap_o_mode)3, 0>, 7u>::value_type, config5::in_width> (*) [config5::n_filt], hls::stream<nnet::array<ap_fixed<16, 6, (ap_q_mode)5, (ap_o_mode)3, 0>, 7u>, 0>&) (.8)' (firmware/nnet_utils/nnet_pooling_stream.h:67:13)
INFO: [HLS 214-131] Inlining function 'void nnet::compute_pool_buffer_2d<nnet::array<ap_fixed<16, 6, (ap_q_mode)5, (ap_o_mode)3, 0>, 7u>, nnet::array<ap_fixed<16, 6, (ap_q_mode)5, (ap_o_mode)3, 0>, 7u>, config5>(nnet::array<ap_fixed<16, 6, (ap_q_mode)5, (ap_o_mode)3, 0>, 7u> const&, ap_shift_reg<nnet::array<ap_fixed<16, 6, (ap_q_mode)5, (ap_o_mode)3, 0>, 7u>::value_type, config5::in_width> (*) [config5::n_filt], hls::stream<nnet::array<ap_fixed<16, 6, (ap_q_mode)5, (ap_o_mode)3, 0>, 7u>, 0>&) (.8)' into 'void nnet::pooling2d_cl<nnet::array<ap_fixed<16, 6, (ap_q_mode)5, (ap_o_mode)3, 0>, 7u>, nnet::array<ap_fixed<16, 6, (ap_q_mode)5, (ap_o_mode)3, 0>, 7u>, config5>(hls::stream<nnet::array<ap_fixed<16, 6, (ap_q_mode)5, (ap_o_mode)3, 0>, 7u>, 0>&, hls::stream<nnet::array<ap_fixed<16, 6, (ap_q_mode)5, (ap_o_mode)3, 0>, 7u>, 0>&)' (firmware/nnet_utils/nnet_pooling_stream.h:115:2)
INFO: [HLS 214-131] Inlining function 'nnet::array<ap_fixed<16, 6, (ap_q_mode)5, (ap_o_mode)3, 0>, 7u>::operator[](unsigned long) (.5)' into 'void nnet::data_prepare<nnet::array<ap_fixed<16, 6, (ap_q_mode)5, (ap_o_mode)3, 0>, 7u>, config7>(hls::stream<nnet::array<ap_fixed<16, 6, (ap_q_mode)5, (ap_o_mode)3, 0>, 7u>, 0>&, nnet::array<ap_fixed<16, 6, (ap_q_mode)5, (ap_o_mode)3, 0>, 7u>::value_type*) (.4)' (firmware/nnet_utils/nnet_dense_stream.h:39:39)
INFO: [HLS 214-131] Inlining function 'nnet::product::mult<ap_fixed<16, 6, (ap_q_mode)5, (ap_o_mode)3, 0>, ap_fixed<9, 5, (ap_q_mode)5, (ap_o_mode)3, 0> >::product(ap_fixed<16, 6, (ap_q_mode)5, (ap_o_mode)3, 0>, ap_fixed<9, 5, (ap_q_mode)5, (ap_o_mode)3, 0>)' into 'void nnet::dense_latency<ap_fixed<16, 6, (ap_q_mode)5, (ap_o_mode)3, 0>, ap_fixed<9, 5, (ap_q_mode)5, (ap_o_mode)3, 0>, config7>(ap_fixed<16, 6, (ap_q_mode)5, (ap_o_mode)3, 0>*, ap_fixed<9, 5, (ap_q_mode)5, (ap_o_mode)3, 0>*, config7::weight_t*, config7::bias_t*)' (firmware/nnet_utils/nnet_dense_latency.h:42:27)
INFO: [HLS 214-131] Inlining function 'nnet::array<ap_fixed<9, 5, (ap_q_mode)5, (ap_o_mode)3, 0>, 1u>::operator[](unsigned long) (.3)' into 'void nnet::res_write<nnet::array<ap_fixed<9, 5, (ap_q_mode)5, (ap_o_mode)3, 0>, 1u>, config7>(nnet::array<ap_fixed<9, 5, (ap_q_mode)5, (ap_o_mode)3, 0>, 1u>::value_type*, hls::stream<nnet::array<ap_fixed<9, 5, (ap_q_mode)5, (ap_o_mode)3, 0>, 1u>, 0>&) (.1)' (firmware/nnet_utils/nnet_dense_stream.h:75:2)
INFO: [HLS 214-131] Inlining function 'void nnet::data_prepare<nnet::array<ap_fixed<16, 6, (ap_q_mode)5, (ap_o_mode)3, 0>, 7u>, config7>(hls::stream<nnet::array<ap_fixed<16, 6, (ap_q_mode)5, (ap_o_mode)3, 0>, 7u>, 0>&, nnet::array<ap_fixed<16, 6, (ap_q_mode)5, (ap_o_mode)3, 0>, 7u>::value_type*) (.4)' into 'void nnet::dense<nnet::array<ap_fixed<16, 6, (ap_q_mode)5, (ap_o_mode)3, 0>, 7u>, nnet::array<ap_fixed<9, 5, (ap_q_mode)5, (ap_o_mode)3, 0>, 1u>, config7>(hls::stream<nnet::array<ap_fixed<16, 6, (ap_q_mode)5, (ap_o_mode)3, 0>, 7u>, 0>&, hls::stream<nnet::array<ap_fixed<9, 5, (ap_q_mode)5, (ap_o_mode)3, 0>, 1u>, 0>&, config7::weight_t*, config7::bias_t*)' (firmware/nnet_utils/nnet_dense_stream.h:93:2)
INFO: [HLS 214-131] Inlining function 'void nnet::res_write<nnet::array<ap_fixed<9, 5, (ap_q_mode)5, (ap_o_mode)3, 0>, 1u>, config7>(nnet::array<ap_fixed<9, 5, (ap_q_mode)5, (ap_o_mode)3, 0>, 1u>::value_type*, hls::stream<nnet::array<ap_fixed<9, 5, (ap_q_mode)5, (ap_o_mode)3, 0>, 1u>, 0>&) (.1)' into 'void nnet::dense<nnet::array<ap_fixed<16, 6, (ap_q_mode)5, (ap_o_mode)3, 0>, 7u>, nnet::array<ap_fixed<9, 5, (ap_q_mode)5, (ap_o_mode)3, 0>, 1u>, config7>(hls::stream<nnet::array<ap_fixed<16, 6, (ap_q_mode)5, (ap_o_mode)3, 0>, 7u>, 0>&, hls::stream<nnet::array<ap_fixed<9, 5, (ap_q_mode)5, (ap_o_mode)3, 0>, 1u>, 0>&, config7::weight_t*, config7::bias_t*)' (firmware/nnet_utils/nnet_dense_stream.h:100:5)
INFO: [HLS 214-291] Loop 'DataPackPipeline' is marked as complete unroll implied by the pipeline pragma (firmware/nnet_utils/nnet_dense_stream.h:37:13)
INFO: [HLS 214-291] Loop 'Result' is marked as complete unroll implied by the pipeline pragma (firmware/nnet_utils/nnet_dense_latency.h:64:5)
INFO: [HLS 214-291] Loop 'Accum1' is marked as complete unroll implied by the pipeline pragma (firmware/nnet_utils/nnet_dense_latency.h:54:5)
INFO: [HLS 214-291] Loop 'Accum2' is marked as complete unroll implied by the pipeline pragma (firmware/nnet_utils/nnet_dense_latency.h:56:9)
INFO: [HLS 214-291] Loop 'ResetAccum' is marked as complete unroll implied by the pipeline pragma (firmware/nnet_utils/nnet_dense_latency.h:48:5)
INFO: [HLS 214-291] Loop 'Product1' is marked as complete unroll implied by the pipeline pragma (firmware/nnet_utils/nnet_dense_latency.h:37:5)
INFO: [HLS 214-291] Loop 'Product2' is marked as complete unroll implied by the pipeline pragma (firmware/nnet_utils/nnet_dense_latency.h:40:9)
INFO: [HLS 214-291] Loop 'FiltLoop' is marked as complete unroll implied by the pipeline pragma (firmware/nnet_utils/nnet_pooling_stream.h:57:9)
INFO: [HLS 214-291] Loop 'PoolLoop' is marked as complete unroll implied by the pipeline pragma (firmware/nnet_utils/nnet_pooling_stream.h:62:13)
INFO: [HLS 214-291] Loop 'KernelPushHeight' is marked as complete unroll implied by the pipeline pragma (firmware/nnet_utils/nnet_conv_stream.h:205:5)
INFO: [HLS 214-291] Loop 'KernelPushChannel' is marked as complete unroll implied by the pipeline pragma (firmware/nnet_utils/nnet_conv_stream.h:208:9)
INFO: [HLS 214-291] Loop 'LineBufferDataIn' is marked as complete unroll implied by the pipeline pragma (firmware/nnet_utils/nnet_conv_stream.h:236:5)
INFO: [HLS 214-291] Loop 'LineBufferShift' is marked as complete unroll implied by the pipeline pragma (firmware/nnet_utils/nnet_conv_stream.h:239:9)
INFO: [HLS 214-291] Loop 'UpdateBuffer' is marked as complete unroll implied by the pipeline pragma (firmware/nnet_utils/nnet_conv_stream.h:228:5)
INFO: [HLS 214-291] Loop 'ReLUPackLoop' is marked as complete unroll implied by the pipeline pragma (firmware/nnet_utils/nnet_activation_stream.h:49:9)
INFO: [HLS 214-291] Loop 'CastLoop' is marked as complete unroll implied by the pipeline pragma (firmware/nnet_utils/nnet_conv_stream.h:293:9)
INFO: [HLS 214-291] Loop 'VITIS_LOOP_258_5' is marked as complete unroll implied by the pipeline pragma (firmware/nnet_utils/nnet_stream.h:258:35)
INFO: [HLS 214-186] Unrolling loop 'ResPackSingle' (firmware/nnet_utils/nnet_dense_stream.h:73:9) in function 'nnet::dense<nnet::array<ap_fixed<16, 6, (ap_q_mode)5, (ap_o_mode)3, 0>, 7u>, nnet::array<ap_fixed<9, 5, (ap_q_mode)5, (ap_o_mode)3, 0>, 1u>, config7>' completely with a factor of 1 (firmware/nnet_utils/nnet_dense_stream.h:84:0)
INFO: [HLS 214-186] Unrolling loop 'DataPackPipeline' (firmware/nnet_utils/nnet_dense_stream.h:37:13) in function 'nnet::dense<nnet::array<ap_fixed<16, 6, (ap_q_mode)5, (ap_o_mode)3, 0>, 7u>, nnet::array<ap_fixed<9, 5, (ap_q_mode)5, (ap_o_mode)3, 0>, 1u>, config7>' completely with a factor of 7 (firmware/nnet_utils/nnet_dense_stream.h:84:0)
INFO: [HLS 214-186] Unrolling loop 'Result' (firmware/nnet_utils/nnet_dense_latency.h:64:5) in function 'nnet::dense_latency<ap_fixed<16, 6, (ap_q_mode)5, (ap_o_mode)3, 0>, ap_fixed<9, 5, (ap_q_mode)5, (ap_o_mode)3, 0>, config7>' completely with a factor of 1 (firmware/nnet_utils/nnet_dense_latency.h:15:0)
INFO: [HLS 214-186] Unrolling loop 'Accum1' (firmware/nnet_utils/nnet_dense_latency.h:54:5) in function 'nnet::dense_latency<ap_fixed<16, 6, (ap_q_mode)5, (ap_o_mode)3, 0>, ap_fixed<9, 5, (ap_q_mode)5, (ap_o_mode)3, 0>, config7>' completely with a factor of 1176 (firmware/nnet_utils/nnet_dense_latency.h:15:0)
INFO: [HLS 214-186] Unrolling loop 'Accum2' (firmware/nnet_utils/nnet_dense_latency.h:56:9) in function 'nnet::dense_latency<ap_fixed<16, 6, (ap_q_mode)5, (ap_o_mode)3, 0>, ap_fixed<9, 5, (ap_q_mode)5, (ap_o_mode)3, 0>, config7>' completely with a factor of 1 (firmware/nnet_utils/nnet_dense_latency.h:15:0)
INFO: [HLS 214-186] Unrolling loop 'ResetAccum' (firmware/nnet_utils/nnet_dense_latency.h:48:5) in function 'nnet::dense_latency<ap_fixed<16, 6, (ap_q_mode)5, (ap_o_mode)3, 0>, ap_fixed<9, 5, (ap_q_mode)5, (ap_o_mode)3, 0>, config7>' completely with a factor of 1 (firmware/nnet_utils/nnet_dense_latency.h:15:0)
INFO: [HLS 214-186] Unrolling loop 'Product1' (firmware/nnet_utils/nnet_dense_latency.h:37:5) in function 'nnet::dense_latency<ap_fixed<16, 6, (ap_q_mode)5, (ap_o_mode)3, 0>, ap_fixed<9, 5, (ap_q_mode)5, (ap_o_mode)3, 0>, config7>' completely with a factor of 1176 (firmware/nnet_utils/nnet_dense_latency.h:15:0)
INFO: [HLS 214-186] Unrolling loop 'Product2' (firmware/nnet_utils/nnet_dense_latency.h:40:9) in function 'nnet::dense_latency<ap_fixed<16, 6, (ap_q_mode)5, (ap_o_mode)3, 0>, ap_fixed<9, 5, (ap_q_mode)5, (ap_o_mode)3, 0>, config7>' completely with a factor of 1 (firmware/nnet_utils/nnet_dense_latency.h:15:0)
INFO: [HLS 214-186] Unrolling loop 'FiltLoop' (firmware/nnet_utils/nnet_pooling_stream.h:57:9) in function 'nnet::pooling2d_cl<nnet::array<ap_fixed<16, 6, (ap_q_mode)5, (ap_o_mode)3, 0>, 7u>, nnet::array<ap_fixed<16, 6, (ap_q_mode)5, (ap_o_mode)3, 0>, 7u>, config5>' completely with a factor of 7 (firmware/nnet_utils/nnet_pooling_stream.h:96:0)
WARNING: [HLS 214-189] Pipeline directive for loop 'FiltLoop' (firmware/nnet_utils/nnet_pooling_stream.h:57:9) in function 'nnet::pooling2d_cl<nnet::array<ap_fixed<16, 6, (ap_q_mode)5, (ap_o_mode)3, 0>, 7u>, nnet::array<ap_fixed<16, 6, (ap_q_mode)5, (ap_o_mode)3, 0>, 7u>, config5>' has been removed because the loop is unrolled completely (firmware/nnet_utils/nnet_pooling_stream.h:96:0)
INFO: [HLS 214-186] Unrolling loop 'PoolLoop' (firmware/nnet_utils/nnet_pooling_stream.h:62:13) in function 'nnet::pooling2d_cl<nnet::array<ap_fixed<16, 6, (ap_q_mode)5, (ap_o_mode)3, 0>, 7u>, nnet::array<ap_fixed<16, 6, (ap_q_mode)5, (ap_o_mode)3, 0>, 7u>, config5>' completely with a factor of 2 (firmware/nnet_utils/nnet_pooling_stream.h:96:0)
INFO: [HLS 214-186] Unrolling loop 'KernelPushHeight' (firmware/nnet_utils/nnet_conv_stream.h:205:5) in function 'nnet::shift_line_buffer<nnet::array<ap_fixed<16, 6, (ap_q_mode)5, (ap_o_mode)3, 0>, 7u>, config5>' completely with a factor of 2 (firmware/nnet_utils/nnet_conv_stream.h:219:0)
INFO: [HLS 214-186] Unrolling loop 'KernelPushChannel' (firmware/nnet_utils/nnet_conv_stream.h:208:9) in function 'nnet::shift_line_buffer<nnet::array<ap_fixed<16, 6, (ap_q_mode)5, (ap_o_mode)3, 0>, 7u>, config5>' completely with a factor of 7 (firmware/nnet_utils/nnet_conv_stream.h:219:0)
INFO: [HLS 214-186] Unrolling loop 'LineBufferDataIn' (firmware/nnet_utils/nnet_conv_stream.h:236:5) in function 'nnet::shift_line_buffer<nnet::array<ap_fixed<16, 6, (ap_q_mode)5, (ap_o_mode)3, 0>, 7u>, config5>' completely with a factor of 7 (firmware/nnet_utils/nnet_conv_stream.h:219:0)
INFO: [HLS 214-186] Unrolling loop 'LineBufferShift' (firmware/nnet_utils/nnet_conv_stream.h:239:9) in function 'nnet::shift_line_buffer<nnet::array<ap_fixed<16, 6, (ap_q_mode)5, (ap_o_mode)3, 0>, 7u>, config5>' completely with a factor of 1 (firmware/nnet_utils/nnet_conv_stream.h:219:0)
INFO: [HLS 214-186] Unrolling loop 'UpdateBuffer' (firmware/nnet_utils/nnet_conv_stream.h:228:5) in function 'nnet::shift_line_buffer<nnet::array<ap_fixed<16, 6, (ap_q_mode)5, (ap_o_mode)3, 0>, 7u>, config5>' completely with a factor of 7 (firmware/nnet_utils/nnet_conv_stream.h:219:0)
INFO: [HLS 214-186] Unrolling loop 'ReLUPackLoop' (firmware/nnet_utils/nnet_activation_stream.h:49:9) in function 'nnet::relu<nnet::array<ap_fixed<9, 5, (ap_q_mode)5, (ap_o_mode)3, 0>, 7u>, nnet::array<ap_fixed<16, 6, (ap_q_mode)5, (ap_o_mode)3, 0>, 7u>, relu_config4>' completely with a factor of 7 (firmware/nnet_utils/nnet_activation_stream.h:39:0)
INFO: [HLS 214-186] Unrolling loop 'CastLoop' (firmware/nnet_utils/nnet_conv_stream.h:293:9) in function 'nnet::compute_output_buffer_2d<nnet::array<ap_fixed<12, 6, (ap_q_mode)5, (ap_o_mode)3, 0>, 1u>, nnet::array<ap_fixed<9, 5, (ap_q_mode)5, (ap_o_mode)3, 0>, 7u>, config3>' completely with a factor of 7 (firmware/nnet_utils/nnet_conv_stream.h:257:0)
INFO: [HLS 214-186] Unrolling loop 'Result' (firmware/nnet_utils/nnet_dense_latency.h:64:5) in function 'nnet::dense_latency<ap_fixed<12, 6, (ap_q_mode)5, (ap_o_mode)3, 0>, ap_fixed<9, 5, (ap_q_mode)5, (ap_o_mode)3, 0>, config3_mult>' completely with a factor of 7 (firmware/nnet_utils/nnet_dense_latency.h:15:0)
INFO: [HLS 214-186] Unrolling loop 'Accum1' (firmware/nnet_utils/nnet_dense_latency.h:54:5) in function 'nnet::dense_latency<ap_fixed<12, 6, (ap_q_mode)5, (ap_o_mode)3, 0>, ap_fixed<9, 5, (ap_q_mode)5, (ap_o_mode)3, 0>, config3_mult>' completely with a factor of 5 (firmware/nnet_utils/nnet_dense_latency.h:15:0)
INFO: [HLS 214-186] Unrolling loop 'Accum2' (firmware/nnet_utils/nnet_dense_latency.h:56:9) in function 'nnet::dense_latency<ap_fixed<12, 6, (ap_q_mode)5, (ap_o_mode)3, 0>, ap_fixed<9, 5, (ap_q_mode)5, (ap_o_mode)3, 0>, config3_mult>' completely with a factor of 7 (firmware/nnet_utils/nnet_dense_latency.h:15:0)
INFO: [HLS 214-186] Unrolling loop 'ResetAccum' (firmware/nnet_utils/nnet_dense_latency.h:48:5) in function 'nnet::dense_latency<ap_fixed<12, 6, (ap_q_mode)5, (ap_o_mode)3, 0>, ap_fixed<9, 5, (ap_q_mode)5, (ap_o_mode)3, 0>, config3_mult>' completely with a factor of 7 (firmware/nnet_utils/nnet_dense_latency.h:15:0)
INFO: [HLS 214-186] Unrolling loop 'Product1' (firmware/nnet_utils/nnet_dense_latency.h:37:5) in function 'nnet::dense_latency<ap_fixed<12, 6, (ap_q_mode)5, (ap_o_mode)3, 0>, ap_fixed<9, 5, (ap_q_mode)5, (ap_o_mode)3, 0>, config3_mult>' completely with a factor of 5 (firmware/nnet_utils/nnet_dense_latency.h:15:0)
INFO: [HLS 214-186] Unrolling loop 'Product2' (firmware/nnet_utils/nnet_dense_latency.h:40:9) in function 'nnet::dense_latency<ap_fixed<12, 6, (ap_q_mode)5, (ap_o_mode)3, 0>, ap_fixed<9, 5, (ap_q_mode)5, (ap_o_mode)3, 0>, config3_mult>' completely with a factor of 7 (firmware/nnet_utils/nnet_dense_latency.h:15:0)
INFO: [HLS 214-186] Unrolling loop 'KernelPushHeight' (firmware/nnet_utils/nnet_conv_stream.h:205:5) in function 'nnet::shift_line_buffer<nnet::array<ap_fixed<12, 6, (ap_q_mode)5, (ap_o_mode)3, 0>, 1u>, config3>' completely with a factor of 5 (firmware/nnet_utils/nnet_conv_stream.h:219:0)
INFO: [HLS 214-186] Unrolling loop 'KernelPushChannel' (firmware/nnet_utils/nnet_conv_stream.h:208:9) in function 'nnet::shift_line_buffer<nnet::array<ap_fixed<12, 6, (ap_q_mode)5, (ap_o_mode)3, 0>, 1u>, config3>' completely with a factor of 1 (firmware/nnet_utils/nnet_conv_stream.h:219:0)
INFO: [HLS 214-186] Unrolling loop 'LineBufferDataIn' (firmware/nnet_utils/nnet_conv_stream.h:236:5) in function 'nnet::shift_line_buffer<nnet::array<ap_fixed<12, 6, (ap_q_mode)5, (ap_o_mode)3, 0>, 1u>, config3>' completely with a factor of 1 (firmware/nnet_utils/nnet_conv_stream.h:219:0)
INFO: [HLS 214-186] Unrolling loop 'LineBufferShift' (firmware/nnet_utils/nnet_conv_stream.h:239:9) in function 'nnet::shift_line_buffer<nnet::array<ap_fixed<12, 6, (ap_q_mode)5, (ap_o_mode)3, 0>, 1u>, config3>' completely with a factor of 4 (firmware/nnet_utils/nnet_conv_stream.h:219:0)
INFO: [HLS 214-186] Unrolling loop 'UpdateBuffer' (firmware/nnet_utils/nnet_conv_stream.h:228:5) in function 'nnet::shift_line_buffer<nnet::array<ap_fixed<12, 6, (ap_q_mode)5, (ap_o_mode)3, 0>, 1u>, config3>' completely with a factor of 1 (firmware/nnet_utils/nnet_conv_stream.h:219:0)
INFO: [HLS 214-186] Unrolling loop 'VITIS_LOOP_258_5' (firmware/nnet_utils/nnet_stream.h:258:35) in function 'nnet::repack_stream<nnet::array<ap_fixed<12, 6, (ap_q_mode)5, (ap_o_mode)3, 0>, 4u>, nnet::array<ap_fixed<12, 6, (ap_q_mode)5, (ap_o_mode)3, 0>, 1u>, 1024>' completely with a factor of 1 (firmware/nnet_utils/nnet_stream.h:227:0)
INFO: [HLS 214-178] Inlining function 'nnet::array<ap_fixed<12, 6, (ap_q_mode)5, (ap_o_mode)3, 0>, 1u>::operator[](unsigned long)' into 'void nnet::repack_stream<nnet::array<ap_fixed<12, 6, (ap_q_mode)5, (ap_o_mode)3, 0>, 4u>, nnet::array<ap_fixed<12, 6, (ap_q_mode)5, (ap_o_mode)3, 0>, 1u>, 1024>(hls::stream<nnet::array<ap_fixed<12, 6, (ap_q_mode)5, (ap_o_mode)3, 0>, 4u>, 0>&, hls::stream<nnet::array<ap_fixed<12, 6, (ap_q_mode)5, (ap_o_mode)3, 0>, 1u>, 0>&)' (firmware/nnet_utils/nnet_stream.h:227:0)
INFO: [HLS 214-178] Inlining function 'nnet::array<ap_fixed<12, 6, (ap_q_mode)5, (ap_o_mode)3, 0>, 4u>::operator[](unsigned long)' into 'void nnet::repack_stream<nnet::array<ap_fixed<12, 6, (ap_q_mode)5, (ap_o_mode)3, 0>, 4u>, nnet::array<ap_fixed<12, 6, (ap_q_mode)5, (ap_o_mode)3, 0>, 1u>, 1024>(hls::stream<nnet::array<ap_fixed<12, 6, (ap_q_mode)5, (ap_o_mode)3, 0>, 4u>, 0>&, hls::stream<nnet::array<ap_fixed<12, 6, (ap_q_mode)5, (ap_o_mode)3, 0>, 1u>, 0>&)' (firmware/nnet_utils/nnet_stream.h:227:0)
INFO: [HLS 214-178] Inlining function 'nnet::array<ap_fixed<12, 6, (ap_q_mode)5, (ap_o_mode)3, 0>, 1u>::operator[](unsigned long) const' into 'void nnet::shift_line_buffer<nnet::array<ap_fixed<12, 6, (ap_q_mode)5, (ap_o_mode)3, 0>, 1u>, config3>(nnet::array<ap_fixed<12, 6, (ap_q_mode)5, (ap_o_mode)3, 0>, 1u> const&, ap_shift_reg<nnet::array<ap_fixed<12, 6, (ap_q_mode)5, (ap_o_mode)3, 0>, 1u>::value_type, config3::in_width> (*) [config3::n_chan], nnet::array<ap_fixed<12, 6, (ap_q_mode)5, (ap_o_mode)3, 0>, 1u>::value_type*)' (firmware/nnet_utils/nnet_conv_stream.h:219:0)
INFO: [HLS 214-178] Inlining function 'std::enable_if<!(std::is_same<ap_fixed<12, 6, (ap_q_mode)5, (ap_o_mode)3, 0>, ap_uint<1> >::value), ap_fixed<9, 5, (ap_q_mode)5, (ap_o_mode)3, 0> >::type nnet::cast<ap_fixed<12, 6, (ap_q_mode)5, (ap_o_mode)3, 0>, ap_fixed<9, 5, (ap_q_mode)5, (ap_o_mode)3, 0>, config3_mult>(config3_mult::accum_t)' into 'void nnet::dense_latency<ap_fixed<12, 6, (ap_q_mode)5, (ap_o_mode)3, 0>, ap_fixed<9, 5, (ap_q_mode)5, (ap_o_mode)3, 0>, config3_mult>(ap_fixed<12, 6, (ap_q_mode)5, (ap_o_mode)3, 0>*, ap_fixed<9, 5, (ap_q_mode)5, (ap_o_mode)3, 0>*, config3_mult::weight_t*, config3_mult::bias_t*)' (firmware/nnet_utils/nnet_dense_latency.h:15:0)
INFO: [HLS 214-178] Inlining function 'nnet::array<ap_fixed<9, 5, (ap_q_mode)5, (ap_o_mode)3, 0>, 7u>::operator[](unsigned long)' into 'void nnet::compute_output_buffer_2d<nnet::array<ap_fixed<12, 6, (ap_q_mode)5, (ap_o_mode)3, 0>, 1u>, nnet::array<ap_fixed<9, 5, (ap_q_mode)5, (ap_o_mode)3, 0>, 7u>, config3>(nnet::array<ap_fixed<12, 6, (ap_q_mode)5, (ap_o_mode)3, 0>, 1u> const&, ap_shift_reg<nnet::array<ap_fixed<12, 6, (ap_q_mode)5, (ap_o_mode)3, 0>, 1u>::value_type, config3::in_width> (*) [config3::n_chan], hls::stream<nnet::array<ap_fixed<9, 5, (ap_q_mode)5, (ap_o_mode)3, 0>, 7u>, 0>&, config3::weight_t*, config3::bias_t*)' (firmware/nnet_utils/nnet_conv_stream.h:257:0)
INFO: [HLS 214-178] Inlining function 'nnet::array<ap_fixed<9, 5, (ap_q_mode)5, (ap_o_mode)3, 0>, 7u>::operator[](unsigned long)' into 'void nnet::relu<nnet::array<ap_fixed<9, 5, (ap_q_mode)5, (ap_o_mode)3, 0>, 7u>, nnet::array<ap_fixed<16, 6, (ap_q_mode)5, (ap_o_mode)3, 0>, 7u>, relu_config4>(hls::stream<nnet::array<ap_fixed<9, 5, (ap_q_mode)5, (ap_o_mode)3, 0>, 7u>, 0>&, hls::stream<nnet::array<ap_fixed<16, 6, (ap_q_mode)5, (ap_o_mode)3, 0>, 7u>, 0>&)' (firmware/nnet_utils/nnet_activation_stream.h:39:0)
INFO: [HLS 214-178] Inlining function 'nnet::array<ap_fixed<16, 6, (ap_q_mode)5, (ap_o_mode)3, 0>, 7u>::operator[](unsigned long)' into 'void nnet::relu<nnet::array<ap_fixed<9, 5, (ap_q_mode)5, (ap_o_mode)3, 0>, 7u>, nnet::array<ap_fixed<16, 6, (ap_q_mode)5, (ap_o_mode)3, 0>, 7u>, relu_config4>(hls::stream<nnet::array<ap_fixed<9, 5, (ap_q_mode)5, (ap_o_mode)3, 0>, 7u>, 0>&, hls::stream<nnet::array<ap_fixed<16, 6, (ap_q_mode)5, (ap_o_mode)3, 0>, 7u>, 0>&)' (firmware/nnet_utils/nnet_activation_stream.h:39:0)
INFO: [HLS 214-178] Inlining function 'nnet::array<ap_fixed<16, 6, (ap_q_mode)5, (ap_o_mode)3, 0>, 7u>::operator[](unsigned long) const' into 'void nnet::shift_line_buffer<nnet::array<ap_fixed<16, 6, (ap_q_mode)5, (ap_o_mode)3, 0>, 7u>, config5>(nnet::array<ap_fixed<16, 6, (ap_q_mode)5, (ap_o_mode)3, 0>, 7u> const&, ap_shift_reg<nnet::array<ap_fixed<16, 6, (ap_q_mode)5, (ap_o_mode)3, 0>, 7u>::value_type, config5::in_width> (*) [config5::n_chan], nnet::array<ap_fixed<16, 6, (ap_q_mode)5, (ap_o_mode)3, 0>, 7u>::value_type*)' (firmware/nnet_utils/nnet_conv_stream.h:219:0)
INFO: [HLS 214-178] Inlining function 'std::enable_if<!(std::is_same<ap_fixed<16, 6, (ap_q_mode)5, (ap_o_mode)3, 0>, ap_uint<1> >::value), ap_fixed<9, 5, (ap_q_mode)5, (ap_o_mode)3, 0> >::type nnet::cast<ap_fixed<16, 6, (ap_q_mode)5, (ap_o_mode)3, 0>, ap_fixed<9, 5, (ap_q_mode)5, (ap_o_mode)3, 0>, config7>(config7::accum_t)' into 'void nnet::dense_latency<ap_fixed<16, 6, (ap_q_mode)5, (ap_o_mode)3, 0>, ap_fixed<9, 5, (ap_q_mode)5, (ap_o_mode)3, 0>, config7>(ap_fixed<16, 6, (ap_q_mode)5, (ap_o_mode)3, 0>*, ap_fixed<9, 5, (ap_q_mode)5, (ap_o_mode)3, 0>*, config7::weight_t*, config7::bias_t*)' (firmware/nnet_utils/nnet_dense_latency.h:15:0)
INFO: [HLS 214-248] Applying array_partition to '_ZZN4nnet25conv_2d_buffer_latency_clINS_5arrayI8ap_fixedILi12ELi6EL9ap_q_mode5EL9ap_o_mode3ELi0EELj1EEENS1_IS2_ILi9ELi5ELS3_5ELS4_3ELi0EELj7EEE7config3EEvRN3hls6streamIT_Li0EEERNSB_IT0_Li0EEEPNT1_8weight_tEPNSI_6bias_tEE11line_buffer': Complete partitioning on dimension 1. Complete partitioning on dimension 2. (firmware/nnet_utils/nnet_conv2d_stream.h:20:0)
INFO: [HLS 214-248] Applying array_partition to '_ZZN4nnet12pooling2d_clINS_5arrayI8ap_fixedILi16ELi6EL9ap_q_mode5EL9ap_o_mode3ELi0EELj7EEES6_7config5EEvRN3hls6streamIT_Li0EEERNS9_IT0_Li0EEEE11line_buffer': Complete partitioning on dimension 1. Complete partitioning on dimension 2. (firmware/nnet_utils/nnet_pooling_stream.h:104:0)
INFO: [HLS 214-248] Applying array_partition to 'b3': Complete partitioning on dimension 1. (firmware/weights/b3.h:12:0)
INFO: [HLS 214-248] Applying array_partition to 'b7': Complete partitioning on dimension 1. (firmware/weights/b7.h:12:0)
INFO: [HLS 214-248] Applying array_partition to '_ZZN4nnet22compute_pool_buffer_2dINS_5arrayI8ap_fixedILi16ELi6EL9ap_q_mode5EL9ap_o_mode3ELi0EELj7EEES6_7config5EEvRKT_PAsrT1_6n_filt_12ap_shift_regINS8_10value_typeEXsrSB_8in_widthEERN3hls6streamIT0_Li0EEEE11kernel_data': Complete partitioning on dimension 1. (firmware/nnet_utils/nnet_pooling_stream.h:45:0)
INFO: [HLS 214-248] Applying array_partition to '_ZZN4nnet24compute_output_buffer_2dINS_5arrayI8ap_fixedILi12ELi6EL9ap_q_mode5EL9ap_o_mode3ELi0EELj1EEENS1_IS2_ILi9ELi5ELS3_5ELS4_3ELi0EELj7EEE7config3EEvRKT_PAsrT1_6n_chan_12ap_shift_regINSA_10value_typeEXsrSD_8in_widthEERN3hls6streamIT0_Li0EEEPNSD_8weight_tEPNSD_6bias_tEE11kernel_data': Complete partitioning on dimension 1. (firmware/nnet_utils/nnet_conv_stream.h:271:0)
INFO: [HLS 214-248] Applying array_partition to 'res_out': Complete partitioning on dimension 1. (firmware/nnet_utils/nnet_conv_stream.h:274:29)
INFO: [HLS 214-248] Applying array_partition to 'mult': Complete partitioning on dimension 1. (firmware/nnet_utils/nnet_dense_latency.h:17:32)
INFO: [HLS 214-248] Applying array_partition to 'data': Complete partitioning on dimension 1. (firmware/nnet_utils/nnet_dense_stream.h:87:30)
INFO: [HLS 214-248] Applying array_partition to 'res': Complete partitioning on dimension 1. (firmware/nnet_utils/nnet_dense_stream.h:90:29)
INFO: [HLS 214-241] Aggregating fifo (hls::stream) variable 'layer5_out' with compact=bit mode in 112-bits (firmware/cnn_core.cpp:41:24)
INFO: [HLS 214-241] Aggregating fifo (hls::stream) variable 'layer4_out' with compact=bit mode in 112-bits (firmware/cnn_core.cpp:38:24)
INFO: [HLS 214-241] Aggregating fifo (hls::stream) variable 'layer3_out' with compact=bit mode in 63-bits (firmware/cnn_core.cpp:35:24)
INFO: [HLS 214-241] Aggregating fifo (hls::stream) variable 'layer8_out' with compact=bit mode in 12-bits (firmware/cnn_core.cpp:32:24)
INFO: [HLS 214-241] Aggregating bram variable 'void nnet::conv_2d_buffer_latency_cl<nnet::array<ap_fixed<12, 6, (ap_q_mode)5, (ap_o_mode)3, 0>, 1u>, nnet::array<ap_fixed<9, 5, (ap_q_mode)5, (ap_o_mode)3, 0>, 7u>, config3>(hls::stream<nnet::array<ap_fixed<12, 6, (ap_q_mode)5, (ap_o_mode)3, 0>, 1u>, 0>&, hls::stream<nnet::array<ap_fixed<9, 5, (ap_q_mode)5, (ap_o_mode)3, 0>, 7u>, 0>&, config3::weight_t*, config3::bias_t*)::line_buffer' with compact=bit mode in 12-bits
INFO: [HLS 214-241] Aggregating bram variable 'void nnet::pooling2d_cl<nnet::array<ap_fixed<16, 6, (ap_q_mode)5, (ap_o_mode)3, 0>, 7u>, nnet::array<ap_fixed<16, 6, (ap_q_mode)5, (ap_o_mode)3, 0>, 7u>, config5>(hls::stream<nnet::array<ap_fixed<16, 6, (ap_q_mode)5, (ap_o_mode)3, 0>, 7u>, 0>&, hls::stream<nnet::array<ap_fixed<16, 6, (ap_q_mode)5, (ap_o_mode)3, 0>, 7u>, 0>&)::line_buffer' with compact=bit mode in 16-bits
INFO: [HLS 214-364] Automatically inlining function 'void nnet::dense_latency<ap_fixed<16, 6, (ap_q_mode)5, (ap_o_mode)3, 0>, ap_fixed<9, 5, (ap_q_mode)5, (ap_o_mode)3, 0>, config7>(ap_fixed<16, 6, (ap_q_mode)5, (ap_o_mode)3, 0>*, ap_fixed<9, 5, (ap_q_mode)5, (ap_o_mode)3, 0>*, config7::weight_t*, config7::bias_t*)' to improve effectiveness of pipeline pragma in function 'void nnet::dense_latency_wrapper<ap_fixed<16, 6, (ap_q_mode)5, (ap_o_mode)3, 0>, ap_fixed<9, 5, (ap_q_mode)5, (ap_o_mode)3, 0>, config7>(ap_fixed<16, 6, (ap_q_mode)5, (ap_o_mode)3, 0>*, ap_fixed<9, 5, (ap_q_mode)5, (ap_o_mode)3, 0>*, config7::weight_t*, config7::bias_t*)' (firmware/nnet_utils/nnet_dense_stream.h:17:2)
INFO: [HLS 200-111] Finished Compiling Optimization and Transform: CPU user time: 25.76 seconds. CPU system time: 0.69 seconds. Elapsed time: 29.5 seconds; current allocated memory: 323.391 MB.
INFO: [HLS 200-111] Finished Checking Pragmas: CPU user time: 0 seconds. CPU system time: 0 seconds. Elapsed time: 0.01 seconds; current allocated memory: 323.391 MB.
INFO: [HLS 200-10] Starting code transformations ...
INFO: [HLS 200-111] Finished Standard Transforms: CPU user time: 0.6 seconds. CPU system time: 0.01 seconds. Elapsed time: 0.62 seconds; current allocated memory: 340.027 MB.
INFO: [HLS 200-10] Checking synthesizability ...
INFO: [HLS 200-111] Finished Checking Synthesizability: CPU user time: 0.5 seconds. CPU system time: 0.01 seconds. Elapsed time: 0.51 seconds; current allocated memory: 351.125 MB.
INFO: [XFORM 203-102] Partitioning array 'in_elem' automatically.
INFO: [XFORM 203-712] Applying dataflow to function 'cnn_core' (firmware/cnn_core.cpp:8), detected/extracted 5 process function(s): 
	 'nnet::repack_stream<nnet::array<ap_fixed<12, 6, (ap_q_mode)5, (ap_o_mode)3, 0>, 4u>, nnet::array<ap_fixed<12, 6, (ap_q_mode)5, (ap_o_mode)3, 0>, 1u>, 1024>'
	 'nnet::conv_2d_cl<nnet::array<ap_fixed<12, 6, (ap_q_mode)5, (ap_o_mode)3, 0>, 1u>, nnet::array<ap_fixed<9, 5, (ap_q_mode)5, (ap_o_mode)3, 0>, 7u>, config3>'
	 'nnet::relu<nnet::array<ap_fixed<9, 5, (ap_q_mode)5, (ap_o_mode)3, 0>, 7u>, nnet::array<ap_fixed<16, 6, (ap_q_mode)5, (ap_o_mode)3, 0>, 7u>, relu_config4>'
	 'nnet::pooling2d_cl<nnet::array<ap_fixed<16, 6, (ap_q_mode)5, (ap_o_mode)3, 0>, 7u>, nnet::array<ap_fixed<16, 6, (ap_q_mode)5, (ap_o_mode)3, 0>, 7u>, config5>'
	 'nnet::dense<nnet::array<ap_fixed<16, 6, (ap_q_mode)5, (ap_o_mode)3, 0>, 7u>, nnet::array<ap_fixed<9, 5, (ap_q_mode)5, (ap_o_mode)3, 0>, 1u>, config7>'.
INFO: [XFORM 203-11] Balancing expressions in function 'nnet::dense_latency_wrapper<ap_fixed<16, 6, (ap_q_mode)5, (ap_o_mode)3, 0>, ap_fixed<9, 5, (ap_q_mode)5, (ap_o_mode)3, 0>, config7>' (firmware/nnet_utils/nnet_mult.h:17:11)...790 expression(s) balanced.
INFO: [XFORM 203-11] Balancing expressions in function 'nnet::dense_latency<ap_fixed<12, 6, (ap_q_mode)5, (ap_o_mode)3, 0>, ap_fixed<9, 5, (ap_q_mode)5, (ap_o_mode)3, 0>, config3_mult>' (firmware/nnet_utils/nnet_dense_latency.h:33:9)...9 expression(s) balanced.
INFO: [HLS 200-111] Finished Loop, function and other optimizations: CPU user time: 3.71 seconds. CPU system time: 0.01 seconds. Elapsed time: 3.74 seconds; current allocated memory: 399.312 MB.
INFO: [HLS 200-2061] Successfully converted nested loops 'VITIS_LOOP_245_3'(firmware/nnet_utils/nnet_stream.h:245:27) and 'VITIS_LOOP_254_4'(firmware/nnet_utils/nnet_stream.h:254:31) in function 'nnet::repack_stream<nnet::array<ap_fixed<12, 6, (ap_q_mode)5, (ap_o_mode)3, 0>, 4u>, nnet::array<ap_fixed<12, 6, (ap_q_mode)5, (ap_o_mode)3, 0>, 1u>, 1024>' into perfectly nested loops.
INFO: [XFORM 203-541] Flattening a loop nest 'VITIS_LOOP_245_3' (firmware/nnet_utils/nnet_stream.h:245:27) in function 'nnet::repack_stream<nnet::array<ap_fixed<12, 6, (ap_q_mode)5, (ap_o_mode)3, 0>, 4u>, nnet::array<ap_fixed<12, 6, (ap_q_mode)5, (ap_o_mode)3, 0>, 1u>, 1024>'.
INFO: [XFORM 203-541] Flattening a loop nest 'ReadInputHeight' (firmware/nnet_utils/nnet_pooling_stream.h:109:5) in function 'nnet::pooling2d_cl<nnet::array<ap_fixed<16, 6, (ap_q_mode)5, (ap_o_mode)3, 0>, 7u>, nnet::array<ap_fixed<16, 6, (ap_q_mode)5, (ap_o_mode)3, 0>, 7u>, config5>'.
INFO: [XFORM 203-541] Flattening a loop nest 'ReadInputHeight' (firmware/nnet_utils/nnet_conv2d_stream.h:25:5) in function 'nnet::conv_2d_cl<nnet::array<ap_fixed<12, 6, (ap_q_mode)5, (ap_o_mode)3, 0>, 1u>, nnet::array<ap_fixed<9, 5, (ap_q_mode)5, (ap_o_mode)3, 0>, 7u>, config3>'.
INFO: [HLS 200-111] Finished Architecture Synthesis: CPU user time: 3.11 seconds. CPU system time: 0.03 seconds. Elapsed time: 3.15 seconds; current allocated memory: 557.379 MB.
INFO: [HLS 200-10] Starting hardware synthesis ...
INFO: [HLS 200-10] Synthesizing 'cnn_core' ...
WARNING: [SYN 201-103] Legalizing function name 'repack_stream<array<ap_fixed,4u>,array<ap_fixed<12,6,5,3,0>,1u>,1024>' to 'repack_stream_array_ap_fixed_4u_array_ap_fixed_12_6_5_3_0_1u_1024_s'.
WARNING: [SYN 201-103] Legalizing function name 'shift_line_buffer<array<ap_fixed<12, 6, 5, 3, 0>, 1u>, config3>' to 'shift_line_buffer_array_ap_fixed_12_6_5_3_0_1u_config3_s'.
WARNING: [SYN 201-103] Legalizing function name 'dense_latency<ap_fixed<12, 6, 5, 3, 0>, ap_fixed<9, 5, 5, 3, 0>, config3_mult>' to 'dense_latency_ap_fixed_12_6_5_3_0_ap_fixed_9_5_5_3_0_config3_mult_s'.
WARNING: [SYN 201-103] Legalizing function name 'compute_output_buffer_2d<array,array<ap_fixed<9,5,5,3,0>,7u>,config3>' to 'compute_output_buffer_2d_array_array_ap_fixed_9_5_5_3_0_7u_config3_s'.
WARNING: [SYN 201-103] Legalizing function name 'conv_2d_cl<array<ap_fixed,1u>,array<ap_fixed<9,5,5,3,0>,7u>,config3>' to 'conv_2d_cl_array_ap_fixed_1u_array_ap_fixed_9_5_5_3_0_7u_config3_s'.
WARNING: [SYN 201-103] Legalizing function name 'relu<array<ap_fixed,7u>,array<ap_fixed<16,6,5,3,0>,7u>,relu_config4>' to 'relu_array_ap_fixed_7u_array_ap_fixed_16_6_5_3_0_7u_relu_config4_s'.
WARNING: [SYN 201-103] Legalizing function name 'shift_line_buffer<array<ap_fixed<16, 6, 5, 3, 0>, 7u>, config5>' to 'shift_line_buffer_array_ap_fixed_16_6_5_3_0_7u_config5_s'.
WARNING: [SYN 201-103] Legalizing function name 'pooling2d_cl<array<ap_fixed,7u>,array<ap_fixed<16,6,5,3,0>,7u>,config5>' to 'pooling2d_cl_array_ap_fixed_7u_array_ap_fixed_16_6_5_3_0_7u_config5_s'.
WARNING: [SYN 201-103] Legalizing function name 'dense<array,array<ap_fixed<9,5,5,3,0>,1u>,config7>_Pipeline_DataPrepare' to 'dense_array_array_ap_fixed_9_5_5_3_0_1u_config7_Pipeline_DataPrepare'.
WARNING: [SYN 201-103] Legalizing function name 'dense_latency_wrapper<ap_fixed,ap_fixed<9,5,5,3,0>,config7>' to 'dense_latency_wrapper_ap_fixed_ap_fixed_9_5_5_3_0_config7_s'.
WARNING: [SYN 201-103] Legalizing function name 'dense<array<ap_fixed,7u>,array<ap_fixed<9,5,5,3,0>,1u>,config7>' to 'dense_array_ap_fixed_7u_array_ap_fixed_9_5_5_3_0_1u_config7_s'.
INFO: [HLS 200-10] ----------------------------------------------------------------
INFO: [HLS 200-42] -- Implementing module 'repack_stream_array_ap_fixed_4u_array_ap_fixed_12_6_5_3_0_1u_1024_s' 
INFO: [HLS 200-10] ----------------------------------------------------------------
INFO: [SCHED 204-11] Starting scheduling ...
INFO: [SCHED 204-61] Pipelining loop 'VITIS_LOOP_245_3_VITIS_LOOP_254_4'.
WARNING: [HLS 200-885] The II Violation in module 'repack_stream_array_ap_fixed_4u_array_ap_fixed_12_6_5_3_0_1u_1024_s' (loop 'VITIS_LOOP_245_3_VITIS_LOOP_254_4'): Unable to schedule 'store' operation 0 bit ('in_data_addr_2_write_ln250', firmware/nnet_utils/nnet_stream.h:250) of variable 'tmp', firmware/nnet_utils/nnet_stream.h:250 on array 'in_data', firmware/nnet_utils/nnet_stream.h:250 due to limited memory ports (II = 1). Please consider using a memory core with more ports or partitioning the array 'in_data'.
Resolution: For help on HLS 200-885 see docs.xilinx.com/access/sources/dita/topic?Doc_Version=2023.2%20English&url=ug1448-hls-guidance&resourceid=200-885.html
WARNING: [HLS 200-885] The II Violation in module 'repack_stream_array_ap_fixed_4u_array_ap_fixed_12_6_5_3_0_1u_1024_s' (loop 'VITIS_LOOP_245_3_VITIS_LOOP_254_4'): Unable to schedule 'load' operation 12 bit ('in_data_load', firmware/nnet_utils/nnet_stream.h:260) on array 'in_data', firmware/nnet_utils/nnet_stream.h:250 due to limited memory ports (II = 2). Please consider using a memory core with more ports or partitioning the array 'in_data'.
Resolution: For help on HLS 200-885 see docs.xilinx.com/access/sources/dita/topic?Doc_Version=2023.2%20English&url=ug1448-hls-guidance&resourceid=200-885.html
INFO: [HLS 200-1470] Pipelining result : Target II = NA, Final II = 3, Depth = 5, loop 'VITIS_LOOP_245_3_VITIS_LOOP_254_4'
INFO: [SCHED 204-11] Finished scheduling.
INFO: [HLS 200-111] Finished Scheduling: CPU user time: 2.27 seconds. CPU system time: 0.02 seconds. Elapsed time: 2.31 seconds; current allocated memory: 559.914 MB.
INFO: [BIND 205-100] Starting micro-architecture generation ...
INFO: [BIND 205-101] Performing variable lifetime analysis.
INFO: [BIND 205-101] Exploring resource sharing.
INFO: [BIND 205-101] Binding ...
INFO: [BIND 205-100] Finished micro-architecture generation.
INFO: [HLS 200-111] Finished Binding: CPU user time: 0.02 seconds. CPU system time: 0 seconds. Elapsed time: 0.03 seconds; current allocated memory: 559.914 MB.
INFO: [HLS 200-10] ----------------------------------------------------------------
INFO: [HLS 200-42] -- Implementing module 'shift_line_buffer_array_ap_fixed_12_6_5_3_0_1u_config3_s' 
INFO: [HLS 200-10] ----------------------------------------------------------------
INFO: [SCHED 204-11] Starting scheduling ...
INFO: [SCHED 204-61] Pipelining function 'shift_line_buffer<array<ap_fixed<12, 6, 5, 3, 0>, 1u>, config3>'.
INFO: [HLS 200-1470] Pipelining result : Target II = 1, Final II = 1, Depth = 1, function 'shift_line_buffer<array<ap_fixed<12, 6, 5, 3, 0>, 1u>, config3>'
INFO: [SCHED 204-11] Finished scheduling.
INFO: [HLS 200-111] Finished Scheduling: CPU user time: 0.02 seconds. CPU system time: 0 seconds. Elapsed time: 0.02 seconds; current allocated memory: 559.914 MB.
INFO: [BIND 205-100] Starting micro-architecture generation ...
INFO: [BIND 205-101] Performing variable lifetime analysis.
INFO: [BIND 205-101] Exploring resource sharing.
INFO: [BIND 205-101] Binding ...
INFO: [BIND 205-100] Finished micro-architecture generation.
INFO: [HLS 200-111] Finished Binding: CPU user time: 0.02 seconds. CPU system time: 0 seconds. Elapsed time: 0.02 seconds; current allocated memory: 559.914 MB.
INFO: [HLS 200-10] ----------------------------------------------------------------
INFO: [HLS 200-42] -- Implementing module 'dense_latency_ap_fixed_12_6_5_3_0_ap_fixed_9_5_5_3_0_config3_mult_s' 
INFO: [HLS 200-10] ----------------------------------------------------------------
INFO: [SCHED 204-11] Starting scheduling ...
INFO: [SCHED 204-61] Pipelining function 'dense_latency<ap_fixed<12, 6, 5, 3, 0>, ap_fixed<9, 5, 5, 3, 0>, config3_mult>'.
INFO: [HLS 200-1470] Pipelining result : Target II = 1, Final II = 1, Depth = 1, function 'dense_latency<ap_fixed<12, 6, 5, 3, 0>, ap_fixed<9, 5, 5, 3, 0>, config3_mult>'
INFO: [SCHED 204-11] Finished scheduling.
INFO: [HLS 200-111] Finished Scheduling: CPU user time: 0.07 seconds. CPU system time: 0.01 seconds. Elapsed time: 0.07 seconds; current allocated memory: 560.004 MB.
INFO: [BIND 205-100] Starting micro-architecture generation ...
INFO: [BIND 205-101] Performing variable lifetime analysis.
INFO: [BIND 205-101] Exploring resource sharing.
INFO: [BIND 205-101] Binding ...
INFO: [BIND 205-100] Starting global binding ...
INFO: [BIND 205-100] Finished micro-architecture generation.
INFO: [HLS 200-111] Finished Binding: CPU user time: 0.01 seconds. CPU system time: 0 seconds. Elapsed time: 0.02 seconds; current allocated memory: 560.207 MB.
INFO: [HLS 200-10] ----------------------------------------------------------------
INFO: [HLS 200-42] -- Implementing module 'compute_output_buffer_2d_array_array_ap_fixed_9_5_5_3_0_7u_config3_s' 
INFO: [HLS 200-10] ----------------------------------------------------------------
INFO: [SCHED 204-11] Starting scheduling ...
INFO: [SCHED 204-61] Pipelining function 'compute_output_buffer_2d<array,array<ap_fixed<9,5,5,3,0>,7u>,config3>'.
WARNING: [HLS 200-880] The II Violation in module 'compute_output_buffer_2d_array_array_ap_fixed_9_5_5_3_0_7u_config3_s' (function 'compute_output_buffer_2d<array,array<ap_fixed<9,5,5,3,0>,7u>,config3>'): Unable to enforce a carried dependence constraint (II = 1, distance = 1, offset = 1) between 'call' operation 63 bit ('tmp', firmware/nnet_utils/nnet_dense.h:54->firmware/nnet_utils/nnet_conv_stream.h:288) to 'dense_latency<ap_fixed<12, 6, 5, 3, 0>, ap_fixed<9, 5, 5, 3, 0>, config3_mult>' and 'call' operation 0 bit ('_ln281', firmware/nnet_utils/nnet_conv_stream.h:281) to 'shift_line_buffer<array<ap_fixed<12, 6, 5, 3, 0>, 1u>, config3>'.
Resolution: For help on HLS 200-880 see docs.xilinx.com/access/sources/dita/topic?Doc_Version=2023.2%20English&url=ug1448-hls-guidance&resourceid=200-880.html
INFO: [HLS 200-1470] Pipelining result : Target II = 1, Final II = 2, Depth = 3, function 'compute_output_buffer_2d<array,array<ap_fixed<9,5,5,3,0>,7u>,config3>'
INFO: [SCHED 204-11] Finished scheduling.
INFO: [HLS 200-111] Finished Scheduling: CPU user time: 0.03 seconds. CPU system time: 0 seconds. Elapsed time: 0.03 seconds; current allocated memory: 561.414 MB.
INFO: [BIND 205-100] Starting micro-architecture generation ...
INFO: [BIND 205-101] Performing variable lifetime analysis.
INFO: [BIND 205-101] Exploring resource sharing.
INFO: [BIND 205-101] Binding ...
INFO: [BIND 205-100] Finished micro-architecture generation.
INFO: [HLS 200-111] Finished Binding: CPU user time: 0.01 seconds. CPU system time: 0 seconds. Elapsed time: 0.01 seconds; current allocated memory: 561.414 MB.
INFO: [HLS 200-10] ----------------------------------------------------------------
INFO: [HLS 200-42] -- Implementing module 'conv_2d_cl_array_ap_fixed_1u_array_ap_fixed_9_5_5_3_0_7u_config3_s' 
INFO: [HLS 200-10] ----------------------------------------------------------------
INFO: [SCHED 204-11] Starting scheduling ...
INFO: [SCHED 204-61] Pipelining loop 'ReadInputHeight_ReadInputWidth'.
INFO: [HLS 200-1470] Pipelining result : Target II = 1, Final II = 2, Depth = 4, loop 'ReadInputHeight_ReadInputWidth'
INFO: [SCHED 204-11] Finished scheduling.
INFO: [HLS 200-111] Finished Scheduling: CPU user time: 0.02 seconds. CPU system time: 0.01 seconds. Elapsed time: 0.02 seconds; current allocated memory: 561.707 MB.
INFO: [BIND 205-100] Starting micro-architecture generation ...
INFO: [BIND 205-101] Performing variable lifetime analysis.
INFO: [BIND 205-101] Exploring resource sharing.
INFO: [BIND 205-101] Binding ...
INFO: [BIND 205-100] Finished micro-architecture generation.
INFO: [HLS 200-111] Finished Binding: CPU user time: 0.01 seconds. CPU system time: 0 seconds. Elapsed time: 0.02 seconds; current allocated memory: 561.707 MB.
INFO: [HLS 200-10] ----------------------------------------------------------------
INFO: [HLS 200-42] -- Implementing module 'relu_array_ap_fixed_7u_array_ap_fixed_16_6_5_3_0_7u_relu_config4_s' 
INFO: [HLS 200-10] ----------------------------------------------------------------
INFO: [SCHED 204-11] Starting scheduling ...
INFO: [SCHED 204-61] Pipelining loop 'ReLUActLoop'.
INFO: [HLS 200-1470] Pipelining result : Target II = NA, Final II = 1, Depth = 3, loop 'ReLUActLoop'
INFO: [SCHED 204-11] Finished scheduling.
INFO: [HLS 200-111] Finished Scheduling: CPU user time: 0.03 seconds. CPU system time: 0 seconds. Elapsed time: 0.03 seconds; current allocated memory: 562.141 MB.
INFO: [BIND 205-100] Starting micro-architecture generation ...
INFO: [BIND 205-101] Performing variable lifetime analysis.
INFO: [BIND 205-101] Exploring resource sharing.
INFO: [BIND 205-101] Binding ...
INFO: [BIND 205-100] Finished micro-architecture generation.
INFO: [HLS 200-111] Finished Binding: CPU user time: 0.02 seconds. CPU system time: 0 seconds. Elapsed time: 0.01 seconds; current allocated memory: 562.141 MB.
INFO: [HLS 200-10] ----------------------------------------------------------------
INFO: [HLS 200-42] -- Implementing module 'shift_line_buffer_array_ap_fixed_16_6_5_3_0_7u_config5_s' 
INFO: [HLS 200-10] ----------------------------------------------------------------
INFO: [SCHED 204-11] Starting scheduling ...
INFO: [SCHED 204-61] Pipelining function 'shift_line_buffer<array<ap_fixed<16, 6, 5, 3, 0>, 7u>, config5>'.
INFO: [HLS 200-1470] Pipelining result : Target II = NA, Final II = 1, Depth = 1, function 'shift_line_buffer<array<ap_fixed<16, 6, 5, 3, 0>, 7u>, config5>'
INFO: [SCHED 204-11] Finished scheduling.
INFO: [HLS 200-111] Finished Scheduling: CPU user time: 0.02 seconds. CPU system time: 0 seconds. Elapsed time: 0.03 seconds; current allocated memory: 562.141 MB.
INFO: [BIND 205-100] Starting micro-architecture generation ...
INFO: [BIND 205-101] Performing variable lifetime analysis.
INFO: [BIND 205-101] Exploring resource sharing.
INFO: [BIND 205-101] Binding ...
INFO: [BIND 205-100] Finished micro-architecture generation.
INFO: [HLS 200-111] Finished Binding: CPU user time: 0.01 seconds. CPU system time: 0 seconds. Elapsed time: 0.01 seconds; current allocated memory: 562.141 MB.
INFO: [HLS 200-10] ----------------------------------------------------------------
INFO: [HLS 200-42] -- Implementing module 'pooling2d_cl_array_ap_fixed_7u_array_ap_fixed_16_6_5_3_0_7u_config5_s' 
INFO: [HLS 200-10] ----------------------------------------------------------------
INFO: [SCHED 204-11] Starting scheduling ...
INFO: [SCHED 204-61] Pipelining loop 'ReadInputHeight_ReadInputWidth'.
WARNING: [HLS 200-880] The II Violation in module 'pooling2d_cl_array_ap_fixed_7u_array_ap_fixed_16_6_5_3_0_7u_config5_s' (loop 'ReadInputHeight_ReadInputWidth'): Unable to enforce a carried dependence constraint (II = 1, distance = 1, offset = 1) between 'load' operation 16 bit ('void_compute_pool_buffer_2d_array_const_ap_shift_reg_n_filt_stream_kernel_10', firmware/nnet_utils/nnet_pooling_stream.h:63->firmware/nnet_utils/nnet_pooling_stream.h:115) on static variable 'void_compute_pool_buffer_2d_array_const_ap_shift_reg_n_filt_stream_kernel_9' and 'call' operation 0 bit ('_ln52', firmware/nnet_utils/nnet_pooling_stream.h:52->firmware/nnet_utils/nnet_pooling_stream.h:115) to 'shift_line_buffer<array<ap_fixed<16, 6, 5, 3, 0>, 7u>, config5>'.
Resolution: For help on HLS 200-880 see docs.xilinx.com/access/sources/dita/topic?Doc_Version=2023.2%20English&url=ug1448-hls-guidance&resourceid=200-880.html
INFO: [HLS 200-1470] Pipelining result : Target II = NA, Final II = 2, Depth = 3, loop 'ReadInputHeight_ReadInputWidth'
INFO: [SCHED 204-11] Finished scheduling.
INFO: [HLS 200-111] Finished Scheduling: CPU user time: 0.04 seconds. CPU system time: 0.01 seconds. Elapsed time: 0.05 seconds; current allocated memory: 563.758 MB.
INFO: [BIND 205-100] Starting micro-architecture generation ...
INFO: [BIND 205-101] Performing variable lifetime analysis.
INFO: [BIND 205-101] Exploring resource sharing.
INFO: [BIND 205-101] Binding ...
INFO: [BIND 205-100] Finished micro-architecture generation.
INFO: [HLS 200-111] Finished Binding: CPU user time: 0.02 seconds. CPU system time: 0 seconds. Elapsed time: 0.02 seconds; current allocated memory: 563.758 MB.
INFO: [HLS 200-10] ----------------------------------------------------------------
INFO: [HLS 200-42] -- Implementing module 'dense_array_array_ap_fixed_9_5_5_3_0_1u_config7_Pipeline_DataPrepare' 
INFO: [HLS 200-10] ----------------------------------------------------------------
INFO: [SCHED 204-11] Starting scheduling ...
INFO: [SCHED 204-61] Pipelining loop 'DataPrepare'.
INFO: [HLS 200-1470] Pipelining result : Target II = NA, Final II = 1, Depth = 2, loop 'DataPrepare'
INFO: [SCHED 204-11] Finished scheduling.
INFO: [HLS 200-111] Finished Scheduling: CPU user time: 1.24 seconds. CPU system time: 0 seconds. Elapsed time: 1.25 seconds; current allocated memory: 584.359 MB.
INFO: [BIND 205-100] Starting micro-architecture generation ...
INFO: [BIND 205-101] Performing variable lifetime analysis.
INFO: [BIND 205-101] Exploring resource sharing.
INFO: [BIND 205-101] Binding ...
INFO: [BIND 205-100] Finished micro-architecture generation.
INFO: [HLS 200-111] Finished Binding: CPU user time: 0.23 seconds. CPU system time: 0.02 seconds. Elapsed time: 0.24 seconds; current allocated memory: 584.359 MB.
INFO: [HLS 200-10] ----------------------------------------------------------------
INFO: [HLS 200-42] -- Implementing module 'dense_latency_wrapper_ap_fixed_ap_fixed_9_5_5_3_0_config7_s' 
INFO: [HLS 200-10] ----------------------------------------------------------------
INFO: [SCHED 204-11] Starting scheduling ...
INFO: [SCHED 204-61] Pipelining function 'dense_latency_wrapper<ap_fixed,ap_fixed<9,5,5,3,0>,config7>'.
INFO: [HLS 200-1470] Pipelining result : Target II = 1, Final II = 1, Depth = 3, function 'dense_latency_wrapper<ap_fixed,ap_fixed<9,5,5,3,0>,config7>'
INFO: [SCHED 204-11] Finished scheduling.
INFO: [HLS 200-111] Finished Scheduling: CPU user time: 1.82 seconds. CPU system time: 0.01 seconds. Elapsed time: 1.83 seconds; current allocated memory: 620.324 MB.
INFO: [BIND 205-100] Starting micro-architecture generation ...
INFO: [BIND 205-101] Performing variable lifetime analysis.
INFO: [BIND 205-101] Exploring resource sharing.
INFO: [BIND 205-101] Binding ...
INFO: [BIND 205-100] Starting global binding ...
INFO: [BIND 205-100] Finished micro-architecture generation.
INFO: [HLS 200-111] Finished Binding: CPU user time: 1.19 seconds. CPU system time: 0.02 seconds. Elapsed time: 1.2 seconds; current allocated memory: 620.324 MB.
INFO: [HLS 200-10] ----------------------------------------------------------------
INFO: [HLS 200-42] -- Implementing module 'dense_array_ap_fixed_7u_array_ap_fixed_9_5_5_3_0_1u_config7_s' 
INFO: [HLS 200-10] ----------------------------------------------------------------
INFO: [SCHED 204-11] Starting scheduling ...
INFO: [SCHED 204-11] Finished scheduling.
INFO: [HLS 200-111] Finished Scheduling: CPU user time: 1.15 seconds. CPU system time: 0.02 seconds. Elapsed time: 1.18 seconds; current allocated memory: 629.348 MB.
INFO: [BIND 205-100] Starting micro-architecture generation ...
INFO: [BIND 205-101] Performing variable lifetime analysis.
INFO: [BIND 205-101] Exploring resource sharing.
INFO: [BIND 205-101] Binding ...
INFO: [BIND 205-100] Finished micro-architecture generation.
INFO: [HLS 200-111] Finished Binding: CPU user time: 0.33 seconds. CPU system time: 0 seconds. Elapsed time: 0.33 seconds; current allocated memory: 629.348 MB.
INFO: [HLS 200-10] ----------------------------------------------------------------
INFO: [HLS 200-42] -- Implementing module 'cnn_core' 
INFO: [HLS 200-10] ----------------------------------------------------------------
INFO: [SCHED 204-11] Starting scheduling ...
INFO: [SCHED 204-11] Finished scheduling.
INFO: [HLS 200-111] Finished Scheduling: CPU user time: 0.1 seconds. CPU system time: 0.01 seconds. Elapsed time: 0.11 seconds; current allocated memory: 629.820 MB.
INFO: [BIND 205-100] Starting micro-architecture generation ...
INFO: [BIND 205-101] Performing variable lifetime analysis.
INFO: [BIND 205-101] Exploring resource sharing.
INFO: [BIND 205-101] Binding ...
INFO: [BIND 205-100] Finished micro-architecture generation.
INFO: [HLS 200-111] Finished Binding: CPU user time: 0.03 seconds. CPU system time: 0 seconds. Elapsed time: 0.03 seconds; current allocated memory: 629.820 MB.
INFO: [HLS 200-10] ----------------------------------------------------------------
INFO: [HLS 200-10] -- Generating RTL for module 'repack_stream_array_ap_fixed_4u_array_ap_fixed_12_6_5_3_0_1u_1024_s' 
INFO: [HLS 200-10] ----------------------------------------------------------------
INFO: [HLS 200-1030] Apply Unified Pipeline Control on module 'repack_stream_array_ap_fixed_4u_array_ap_fixed_12_6_5_3_0_1u_1024_s' pipeline 'VITIS_LOOP_245_3_VITIS_LOOP_254_4' pipeline type 'loop pipeline'
INFO: [SYN 201-210] Renamed object name 'repack_stream_array_ap_fixed_4u_array_ap_fixed_12_6_5_3_0_1u_1024_s_in_data_RAM_AUTO_1R1W' to 'repack_stream_array_ap_fixed_4u_array_ap_fixed_12_6_5_3_0_1u_1024_s_in_data_Rbkb' due to the length limit 80
INFO: [RTGEN 206-100] Finished creating RTL model for 'repack_stream_array_ap_fixed_4u_array_ap_fixed_12_6_5_3_0_1u_1024_s'.
INFO: [RTMG 210-278] Implementing memory 'cnn_core_repack_stream_array_ap_fixed_4u_array_ap_fixed_12_6_5_3_0_1u_1024_s_in_data_Rbkb' using auto RAMs.
INFO: [HLS 200-111] Finished Creating RTL model: CPU user time: 0.07 seconds. CPU system time: 0 seconds. Elapsed time: 0.08 seconds; current allocated memory: 629.859 MB.
INFO: [HLS 200-10] ----------------------------------------------------------------
INFO: [HLS 200-10] -- Generating RTL for module 'shift_line_buffer_array_ap_fixed_12_6_5_3_0_1u_config3_s' 
INFO: [HLS 200-10] ----------------------------------------------------------------
INFO: [SYN 201-210] Renamed object name 'shift_line_buffer_array_ap_fixed_12_6_5_3_0_1u_config3_s_void_conv_2d_buffer_latency_cl_stream_stream_weight_t_bias_t_line_buffer_3_SHIFTREG_AUTO_0R0W' to 'shift_line_buffer_array_ap_fixed_12_6_5_3_0_1u_config3_s_void_conv_2d_buffer_cud' due to the length limit 80
INFO: [SYN 201-210] Renamed object name 'shift_line_buffer_array_ap_fixed_12_6_5_3_0_1u_config3_s_void_conv_2d_buffer_latency_cl_stream_stream_weight_t_bias_t_line_buffer_2_SHIFTREG_AUTO_0R0W' to 'shift_line_buffer_array_ap_fixed_12_6_5_3_0_1u_config3_s_void_conv_2d_buffer_dEe' due to the length limit 80
INFO: [SYN 201-210] Renamed object name 'shift_line_buffer_array_ap_fixed_12_6_5_3_0_1u_config3_s_void_conv_2d_buffer_latency_cl_stream_stream_weight_t_bias_t_line_buffer_1_SHIFTREG_AUTO_0R0W' to 'shift_line_buffer_array_ap_fixed_12_6_5_3_0_1u_config3_s_void_conv_2d_buffer_eOg' due to the length limit 80
INFO: [SYN 201-210] Renamed object name 'shift_line_buffer_array_ap_fixed_12_6_5_3_0_1u_config3_s_void_conv_2d_buffer_latency_cl_stream_stream_weight_t_bias_t_line_buffer_SHIFTREG_AUTO_0R0W' to 'shift_line_buffer_array_ap_fixed_12_6_5_3_0_1u_config3_s_void_conv_2d_buffer_fYi' due to the length limit 80
INFO: [RTGEN 206-100] Finished creating RTL model for 'shift_line_buffer_array_ap_fixed_12_6_5_3_0_1u_config3_s'.
INFO: [HLS 200-111] Finished Creating RTL model: CPU user time: 0.04 seconds. CPU system time: 0 seconds. Elapsed time: 0.05 seconds; current allocated memory: 630.992 MB.
INFO: [HLS 200-10] ----------------------------------------------------------------
INFO: [HLS 200-10] -- Generating RTL for module 'dense_latency_ap_fixed_12_6_5_3_0_ap_fixed_9_5_5_3_0_config3_mult_s' 
INFO: [HLS 200-10] ----------------------------------------------------------------
INFO: [RTGEN 206-100] Generating core module 'mul_12s_5ns_15_1_1': 1 instance(s).
INFO: [RTGEN 206-100] Finished creating RTL model for 'dense_latency_ap_fixed_12_6_5_3_0_ap_fixed_9_5_5_3_0_config3_mult_s'.
INFO: [HLS 200-111] Finished Creating RTL model: CPU user time: 0.04 seconds. CPU system time: 0 seconds. Elapsed time: 0.04 seconds; current allocated memory: 632.117 MB.
INFO: [HLS 200-10] ----------------------------------------------------------------
INFO: [HLS 200-10] -- Generating RTL for module 'compute_output_buffer_2d_array_array_ap_fixed_9_5_5_3_0_7u_config3_s' 
INFO: [HLS 200-10] ----------------------------------------------------------------
WARNING: [RTGEN 206-101] Register 'void_compute_output_buffer_2d_array_const_ap_shift_reg_n_chan_stream_weig_4' is power-on initialization.
WARNING: [RTGEN 206-101] Register 'void_compute_output_buffer_2d_array_const_ap_shift_reg_n_chan_stream_weig_3' is power-on initialization.
WARNING: [RTGEN 206-101] Register 'void_compute_output_buffer_2d_array_const_ap_shift_reg_n_chan_stream_weig_2' is power-on initialization.
WARNING: [RTGEN 206-101] Register 'void_compute_output_buffer_2d_array_const_ap_shift_reg_n_chan_stream_weig_1' is power-on initialization.
WARNING: [RTGEN 206-101] Register 'void_compute_output_buffer_2d_array_const_ap_shift_reg_n_chan_stream_weig' is power-on initialization.
WARNING: [RTGEN 206-101] Register 'sY_1' is power-on initialization.
WARNING: [RTGEN 206-101] Register 'pY_1' is power-on initialization.
WARNING: [RTGEN 206-101] Register 'pX_1' is power-on initialization.
INFO: [HLS 200-1030] Apply Unified Pipeline Control on module 'compute_output_buffer_2d_array_array_ap_fixed_9_5_5_3_0_7u_config3_s' pipeline 'compute_output_buffer_2d<array,array<ap_fixed<9,5,5,3,0>,7u>,config3>' pipeline type 'function pipeline'
INFO: [RTGEN 206-100] Finished creating RTL model for 'compute_output_buffer_2d_array_array_ap_fixed_9_5_5_3_0_7u_config3_s'.
INFO: [HLS 200-111] Finished Creating RTL model: CPU user time: 0.06 seconds. CPU system time: 0.01 seconds. Elapsed time: 0.06 seconds; current allocated memory: 634.430 MB.
INFO: [HLS 200-10] ----------------------------------------------------------------
INFO: [HLS 200-10] -- Generating RTL for module 'conv_2d_cl_array_ap_fixed_1u_array_ap_fixed_9_5_5_3_0_7u_config3_s' 
INFO: [HLS 200-10] ----------------------------------------------------------------
INFO: [HLS 200-1030] Apply Unified Pipeline Control on module 'conv_2d_cl_array_ap_fixed_1u_array_ap_fixed_9_5_5_3_0_7u_config3_s' pipeline 'ReadInputHeight_ReadInputWidth' pipeline type 'loop pipeline'
INFO: [RTGEN 206-100] Finished creating RTL model for 'conv_2d_cl_array_ap_fixed_1u_array_ap_fixed_9_5_5_3_0_7u_config3_s'.
INFO: [HLS 200-111] Finished Creating RTL model: CPU user time: 0.04 seconds. CPU system time: 0 seconds. Elapsed time: 0.05 seconds; current allocated memory: 635.785 MB.
INFO: [HLS 200-10] ----------------------------------------------------------------
INFO: [HLS 200-10] -- Generating RTL for module 'relu_array_ap_fixed_7u_array_ap_fixed_16_6_5_3_0_7u_relu_config4_s' 
INFO: [HLS 200-10] ----------------------------------------------------------------
INFO: [HLS 200-1030] Apply Unified Pipeline Control on module 'relu_array_ap_fixed_7u_array_ap_fixed_16_6_5_3_0_7u_relu_config4_s' pipeline 'ReLUActLoop' pipeline type 'loop pipeline'
INFO: [RTGEN 206-100] Finished creating RTL model for 'relu_array_ap_fixed_7u_array_ap_fixed_16_6_5_3_0_7u_relu_config4_s'.
INFO: [HLS 200-111] Finished Creating RTL model: CPU user time: 0.04 seconds. CPU system time: 0 seconds. Elapsed time: 0.04 seconds; current allocated memory: 636.797 MB.
INFO: [HLS 200-10] ----------------------------------------------------------------
INFO: [HLS 200-10] -- Generating RTL for module 'shift_line_buffer_array_ap_fixed_16_6_5_3_0_7u_config5_s' 
INFO: [HLS 200-10] ----------------------------------------------------------------
INFO: [SYN 201-210] Renamed object name 'shift_line_buffer_array_ap_fixed_16_6_5_3_0_7u_config5_s_void_pooling2d_cl_stream_stream_array_ap_fixed_7u_0_line_buffer_6_SHIFTREG_AUTO_0R0W' to 'shift_line_buffer_array_ap_fixed_16_6_5_3_0_7u_config5_s_void_pooling2d_cl_stg8j' due to the length limit 80
INFO: [SYN 201-210] Renamed object name 'shift_line_buffer_array_ap_fixed_16_6_5_3_0_7u_config5_s_void_pooling2d_cl_stream_stream_array_ap_fixed_7u_0_line_buffer_5_SHIFTREG_AUTO_0R0W' to 'shift_line_buffer_array_ap_fixed_16_6_5_3_0_7u_config5_s_void_pooling2d_cl_sthbi' due to the length limit 80
INFO: [SYN 201-210] Renamed object name 'shift_line_buffer_array_ap_fixed_16_6_5_3_0_7u_config5_s_void_pooling2d_cl_stream_stream_array_ap_fixed_7u_0_line_buffer_4_SHIFTREG_AUTO_0R0W' to 'shift_line_buffer_array_ap_fixed_16_6_5_3_0_7u_config5_s_void_pooling2d_cl_stibs' due to the length limit 80
INFO: [SYN 201-210] Renamed object name 'shift_line_buffer_array_ap_fixed_16_6_5_3_0_7u_config5_s_void_pooling2d_cl_stream_stream_array_ap_fixed_7u_0_line_buffer_3_SHIFTREG_AUTO_0R0W' to 'shift_line_buffer_array_ap_fixed_16_6_5_3_0_7u_config5_s_void_pooling2d_cl_stjbC' due to the length limit 80
INFO: [SYN 201-210] Renamed object name 'shift_line_buffer_array_ap_fixed_16_6_5_3_0_7u_config5_s_void_pooling2d_cl_stream_stream_array_ap_fixed_7u_0_line_buffer_2_SHIFTREG_AUTO_0R0W' to 'shift_line_buffer_array_ap_fixed_16_6_5_3_0_7u_config5_s_void_pooling2d_cl_stkbM' due to the length limit 80
INFO: [SYN 201-210] Renamed object name 'shift_line_buffer_array_ap_fixed_16_6_5_3_0_7u_config5_s_void_pooling2d_cl_stream_stream_array_ap_fixed_7u_0_line_buffer_1_SHIFTREG_AUTO_0R0W' to 'shift_line_buffer_array_ap_fixed_16_6_5_3_0_7u_config5_s_void_pooling2d_cl_stlbW' due to the length limit 80
INFO: [SYN 201-210] Renamed object name 'shift_line_buffer_array_ap_fixed_16_6_5_3_0_7u_config5_s_void_pooling2d_cl_stream_stream_array_ap_fixed_7u_0_line_buffer_SHIFTREG_AUTO_0R0W' to 'shift_line_buffer_array_ap_fixed_16_6_5_3_0_7u_config5_s_void_pooling2d_cl_stmb6' due to the length limit 80
INFO: [RTGEN 206-100] Finished creating RTL model for 'shift_line_buffer_array_ap_fixed_16_6_5_3_0_7u_config5_s'.
INFO: [HLS 200-111] Finished Creating RTL model: CPU user time: 0.05 seconds. CPU system time: 0 seconds. Elapsed time: 0.05 seconds; current allocated memory: 638.336 MB.
INFO: [HLS 200-10] ----------------------------------------------------------------
INFO: [HLS 200-10] -- Generating RTL for module 'pooling2d_cl_array_ap_fixed_7u_array_ap_fixed_16_6_5_3_0_7u_config5_s' 
INFO: [HLS 200-10] ----------------------------------------------------------------
WARNING: [RTGEN 206-101] Register 'void_compute_pool_buffer_2d_array_const_ap_shift_reg_n_filt_stream_kernel_9' is power-on initialization.
WARNING: [RTGEN 206-101] Register 'void_compute_pool_buffer_2d_array_const_ap_shift_reg_n_filt_stream_kernel_5' is power-on initialization.
WARNING: [RTGEN 206-101] Register 'void_compute_pool_buffer_2d_array_const_ap_shift_reg_n_filt_stream_kernel_2' is power-on initialization.
WARNING: [RTGEN 206-101] Register 'void_compute_pool_buffer_2d_array_const_ap_shift_reg_n_filt_stream_kernel_4' is power-on initialization.
WARNING: [RTGEN 206-101] Register 'void_compute_pool_buffer_2d_array_const_ap_shift_reg_n_filt_stream_kernel_1' is power-on initialization.
WARNING: [RTGEN 206-101] Register 'void_compute_pool_buffer_2d_array_const_ap_shift_reg_n_filt_stream_kernel_3' is power-on initialization.
WARNING: [RTGEN 206-101] Register 'void_compute_pool_buffer_2d_array_const_ap_shift_reg_n_filt_stream_kernel' is power-on initialization.
WARNING: [RTGEN 206-101] Register 'p_ZZN4nnet22compute_pool_buffer_2dINS_5arrayI8ap_fixedILi16ELi6EL9ap_q_mode5EL9ap_3' is power-on initialization.
WARNING: [RTGEN 206-101] Register 'void_compute_pool_buffer_2d_array_const_ap_shift_reg_n_filt_stream_kernel_8' is power-on initialization.
WARNING: [RTGEN 206-101] Register 'p_ZZN4nnet22compute_pool_buffer_2dINS_5arrayI8ap_fixedILi16ELi6EL9ap_q_mode5EL9ap_2' is power-on initialization.
WARNING: [RTGEN 206-101] Register 'void_compute_pool_buffer_2d_array_const_ap_shift_reg_n_filt_stream_kernel_7' is power-on initialization.
WARNING: [RTGEN 206-101] Register 'p_ZZN4nnet22compute_pool_buffer_2dINS_5arrayI8ap_fixedILi16ELi6EL9ap_q_mode5EL9ap_1' is power-on initialization.
WARNING: [RTGEN 206-101] Register 'void_compute_pool_buffer_2d_array_const_ap_shift_reg_n_filt_stream_kernel_6' is power-on initialization.
WARNING: [RTGEN 206-101] Register 'p_ZZN4nnet22compute_pool_buffer_2dINS_5arrayI8ap_fixedILi16ELi6EL9ap_q_mode5EL9ap' is power-on initialization.
WARNING: [RTGEN 206-101] Register 'pX' is power-on initialization.
WARNING: [RTGEN 206-101] Register 'pY' is power-on initialization.
WARNING: [RTGEN 206-101] Register 'sY' is power-on initialization.
INFO: [HLS 200-1030] Apply Unified Pipeline Control on module 'pooling2d_cl_array_ap_fixed_7u_array_ap_fixed_16_6_5_3_0_7u_config5_s' pipeline 'ReadInputHeight_ReadInputWidth' pipeline type 'loop pipeline'
INFO: [RTGEN 206-100] Finished creating RTL model for 'pooling2d_cl_array_ap_fixed_7u_array_ap_fixed_16_6_5_3_0_7u_config5_s'.
INFO: [HLS 200-111] Finished Creating RTL model: CPU user time: 0.07 seconds. CPU system time: 0.01 seconds. Elapsed time: 0.08 seconds; current allocated memory: 640.184 MB.
INFO: [HLS 200-10] ----------------------------------------------------------------
INFO: [HLS 200-10] -- Generating RTL for module 'dense_array_array_ap_fixed_9_5_5_3_0_1u_config7_Pipeline_DataPrepare' 
INFO: [HLS 200-10] ----------------------------------------------------------------
INFO: [HLS 200-1030] Apply Unified Pipeline Control on module 'dense_array_array_ap_fixed_9_5_5_3_0_1u_config7_Pipeline_DataPrepare' pipeline 'DataPrepare' pipeline type 'loop pipeline'
INFO: [HLS 200-1553] Disabling free running pipeline (frp) architecture on pipeline 'DataPrepare' in module 'dense_array_array_ap_fixed_9_5_5_3_0_1u_config7_Pipeline_DataPrepare', because the estimated Stream Port Number is 53, which is bigger than the frp_stream_port_number threshold of 20.
Resolution: For help on HLS 200-1553 see docs.xilinx.com/access/sources/dita/topic?Doc_Version=2023.2%20English&url=ug1448-hls-guidance&resourceid=200-1553.html
INFO: [RTGEN 206-104] Estimated max fanout for 'dense_array_array_ap_fixed_9_5_5_3_0_1u_config7_Pipeline_DataPrepare' is 12640 from HDL expression: ((icmp_ln33_fu_10678_p2 == 1'd1) & (1'b0 == ap_block_pp0_stage0_01001) & (1'b1 == ap_CS_fsm_pp0_stage0))
INFO: [RTGEN 206-100] Finished creating RTL model for 'dense_array_array_ap_fixed_9_5_5_3_0_1u_config7_Pipeline_DataPrepare'.
INFO: [HLS 200-111] Finished Creating RTL model: CPU user time: 0.35 seconds. CPU system time: 0.01 seconds. Elapsed time: 0.36 seconds; current allocated memory: 664.559 MB.
INFO: [HLS 200-10] ----------------------------------------------------------------
INFO: [HLS 200-10] -- Generating RTL for module 'dense_latency_wrapper_ap_fixed_ap_fixed_9_5_5_3_0_config7_s' 
INFO: [HLS 200-10] ----------------------------------------------------------------
INFO: [RTGEN 206-100] Generating core module 'mul_16s_5ns_19_1_1': 10 instance(s).
INFO: [RTGEN 206-100] Generating core module 'mul_16s_6ns_19_1_1': 3 instance(s).
INFO: [RTGEN 206-100] Finished creating RTL model for 'dense_latency_wrapper_ap_fixed_ap_fixed_9_5_5_3_0_config7_s'.
INFO: [HLS 200-111] Finished Creating RTL model: CPU user time: 3.3 seconds. CPU system time: 0.05 seconds. Elapsed time: 3.35 seconds; current allocated memory: 739.520 MB.
INFO: [HLS 200-10] ----------------------------------------------------------------
INFO: [HLS 200-10] -- Generating RTL for module 'dense_array_ap_fixed_7u_array_ap_fixed_9_5_5_3_0_1u_config7_s' 
INFO: [HLS 200-10] ----------------------------------------------------------------
INFO: [RTGEN 206-100] Finished creating RTL model for 'dense_array_ap_fixed_7u_array_ap_fixed_9_5_5_3_0_1u_config7_s'.
INFO: [HLS 200-111] Finished Creating RTL model: CPU user time: 1.16 seconds. CPU system time: 0.09 seconds. Elapsed time: 1.25 seconds; current allocated memory: 829.207 MB.
INFO: [HLS 200-10] ----------------------------------------------------------------
INFO: [HLS 200-10] -- Generating RTL for module 'cnn_core' 
INFO: [HLS 200-10] ----------------------------------------------------------------
WARNING: [RTGEN 206-101] Design contains AXI ports. Reset is fixed to synchronous and active low.
INFO: [RTGEN 206-500] Setting interface mode on port 'cnn_core/input_layer' to 'axis' (register, both mode).
INFO: [RTGEN 206-500] Setting interface mode on port 'cnn_core/layer7_out' to 'axis' (register, both mode).
INFO: [RTGEN 206-500] Setting interface mode on function 'cnn_core' to 'ap_ctrl_hs'.
WARNING: [HLS 200-656] Deadlocks can occur since process repack_stream<array<ap_fixed,4u>,array<ap_fixed<12,6,5,3,0>,1u>,1024> is instantiated in a dataflow region with ap_ctrl_none or without start propagation and contains an auto-rewind pipeline.
Resolution: For help on HLS 200-656 see docs.xilinx.com/access/sources/dita/topic?Doc_Version=2023.2%20English&url=ug1448-hls-guidance&resourceid=200-656.html
INFO: [SYN 201-210] Renamed object name 'start_for_pooling2d_cl_array_ap_fixed_7u_array_ap_fixed_16_6_5_3_0_7u_config5_U0' to 'start_for_pooling2d_cl_array_ap_fixed_7u_array_ap_fixed_16_6_5_3_0_7u_config5ncg' due to the length limit 80
INFO: [RTGEN 206-100] Finished creating RTL model for 'cnn_core'.
INFO: [RTMG 210-285] Implementing FIFO 'layer8_out_U(cnn_core_fifo_w12_d1024_A)' using Vivado Default RAMs.
INFO: [RTMG 210-285] Implementing FIFO 'layer3_out_U(cnn_core_fifo_w63_d336_A)' using Vivado Default RAMs.
INFO: [RTMG 210-285] Implementing FIFO 'layer4_out_U(cnn_core_fifo_w112_d336_A)' using Vivado Default RAMs.
INFO: [RTMG 210-285] Implementing FIFO 'layer5_out_U(cnn_core_fifo_w112_d168_A)' using Vivado Default RAMs.
INFO: [RTMG 210-285] Implementing FIFO 'start_for_conv_2d_cl_array_ap_fixed_1u_array_ap_fixed_9_5_5_3_0_7u_config3_U0_U(cnn_core_start_for_conv_2d_cl_array_ap_fixed_1u_array_ap_fixed_9_5_5_3_0_7u_config3_U0)' using Shift Registers.
INFO: [RTMG 210-285] Implementing FIFO 'start_for_relu_array_ap_fixed_7u_array_ap_fixed_16_6_5_3_0_7u_relu_config4_U0_U(cnn_core_start_for_relu_array_ap_fixed_7u_array_ap_fixed_16_6_5_3_0_7u_relu_config4_U0)' using Shift Registers.
INFO: [RTMG 210-285] Implementing FIFO 'start_for_pooling2d_cl_array_ap_fixed_7u_array_ap_fixed_16_6_5_3_0_7u_config5ncg_U(cnn_core_start_for_pooling2d_cl_array_ap_fixed_7u_array_ap_fixed_16_6_5_3_0_7u_config5ncg)' using Shift Registers.
INFO: [RTMG 210-285] Implementing FIFO 'start_for_dense_array_ap_fixed_7u_array_ap_fixed_9_5_5_3_0_1u_config7_U0_U(cnn_core_start_for_dense_array_ap_fixed_7u_array_ap_fixed_9_5_5_3_0_1u_config7_U0)' using Shift Registers.
INFO: [HLS 200-111] Finished Creating RTL model: CPU user time: 0.25 seconds. CPU system time: 0.02 seconds. Elapsed time: 0.27 seconds; current allocated memory: 849.121 MB.
INFO: [HLS 200-111] Finished Generating all RTL models: CPU user time: 0.29 seconds. CPU system time: 0.01 seconds. Elapsed time: 0.31 seconds; current allocated memory: 854.414 MB.
INFO: [HLS 200-111] Finished Updating report files: CPU user time: 0.7 seconds. CPU system time: 0.02 seconds. Elapsed time: 0.72 seconds; current allocated memory: 868.312 MB.
INFO: [VHDL 208-304] Generating VHDL RTL for cnn_core.
INFO: [VLOG 209-307] Generating Verilog RTL for cnn_core.
INFO: [HLS 200-790] **** Loop Constraint Status: All loop constraints were NOT satisfied.
INFO: [HLS 200-789] **** Estimated Fmax: 308.98 MHz
INFO: [HLS 200-111] Finished Command csynth_design CPU user time: 54 seconds. CPU system time: 1.64 seconds. Elapsed time: 58.88 seconds; current allocated memory: 586.609 MB.
***** C/RTL SYNTHESIS COMPLETED IN 0h0m58s *****
***** C/RTL SIMULATION *****
INFO: [HLS 200-1510] Running: add_files -tb cnn_core_test.cpp -cflags -std=c++0x -DRTL_SIM 
INFO: [HLS 200-10] Adding test bench file 'cnn_core_test.cpp' to the project
INFO: [HLS 200-1510] Running: cosim_design -trace_level all -setup 
INFO: [COSIM 212-47] Using XSIM for RTL simulation.
INFO: [COSIM 212-14] Instrumenting C test bench ...
   Build using "/tools/Xilinx/Vitis_HLS/2023.2/tps/lnx64/gcc-8.3.0/bin/g++"
   Compiling apatb_cnn_core.cpp
   Compiling apatb_cnn_core_util.cpp
   Compiling cnn_core.cpp_pre.cpp.tb.cpp
   Compiling cnn_core_test.cpp_pre.cpp.tb.cpp
   Compiling apatb_cnn_core_ir.ll
   Generating cosim.tv.exe
INFO: [COSIM 212-302] Starting C TB testing ... 
INFO: Unable to open input/predictions file, using default input.
-6.0625 
-6.0625 
-6.0625 
-6.0625 
-6.0625 
INFO: Saved inference results to file: tb_data/rtl_cosim_results.log
INFO [HLS SIM]: The maximum depth reached by any hls::stream() instance in the design is 1024
INFO: [COSIM 212-333] Generating C post check test bench ...
INFO: [COSIM 212-12] Generating RTL test bench ...
INFO: [COSIM 212-1] *** C/RTL co-simulation file generation completed. ***
INFO: [HLS 200-111] Finished Command cosim_design CPU user time: 11.31 seconds. CPU system time: 1.28 seconds. Elapsed time: 12.62 seconds; current allocated memory: 10.879 MB.
[hls4ml] - FIFO optimization started
INFO: [COSIM 212-302] Starting C TB testing ...  
INFO: Unable to open input/predictions file, using default input.
-6.0625 
-6.0625 
-6.0625 
-6.0625 
-6.0625 
INFO: Saved inference results to file: tb_data/rtl_cosim_results.log
INFO [HLS SIM]: The maximum depth reached by any hls::stream() instance in the design is 1024
INFO: [COSIM 212-323] Starting verilog simulation...
INFO: [COSIM 212-15] Starting XSIM ...
Vivado Simulator v2023.2
Copyright 1986-2022 Xilinx, Inc. All Rights Reserved.
Copyright 2022-2023 Advanced Micro Devices, Inc. All Rights Reserved.
Running: /tools/Xilinx/Vivado/2023.2/bin/unwrapped/lnx64.o/xelab xil_defaultlib.apatb_cnn_core_top glbl -Oenable_linking_all_libraries -prj cnn_core.prj -L smartconnect_v1_0 -L axi_protocol_checker_v1_1_12 -L axi_protocol_checker_v1_1_13 -L axis_protocol_checker_v1_1_11 -L axis_protocol_checker_v1_1_12 -L xil_defaultlib -L unisims_ver -L xpm -L floating_point_v7_1_16 -L floating_point_v7_0_21 --lib ieee_proposed=./ieee_proposed -s cnn_core -debug all 
Multi-threading is on. Using 30 slave threads.
WARNING: [XSIM 43-3431] One or more environment variables have been detected which affect the operation of the C compiler. These are typically not set in standard installations and are not tested by AMD, however they may be appropriate for your system, so the flow will attempt to continue.  If errors occur, try running xelab with the "-mt off -v 1" switches to see more information from the C compiler. The following environment variables have been detected:
    LIBRARY_PATH
INFO: [VRFC 10-2263] Analyzing SystemVerilog file "/home/work1/Works/CNN-Core-Generator/cnn_core_project/cnn_core_prj/solution1/sim/verilog/glbl.v" into library work
INFO: [VRFC 10-311] analyzing module glbl
INFO: [VRFC 10-2263] Analyzing SystemVerilog file "/home/work1/Works/CNN-Core-Generator/cnn_core_project/cnn_core_prj/solution1/sim/verilog/cnn_core_repack_stream_array_ap_fixed_4u_array_ap_fixed_12_6_5_3_0_1u_1024_s_in_data_Rbkb.v" into library xil_defaultlib
INFO: [VRFC 10-311] analyzing module cnn_core_repack_stream_array_ap_fixed_4u_array_ap_fixed_12_6_5_3_0_1u_1024_s_in_data_Rbkb
INFO: [VRFC 10-2263] Analyzing SystemVerilog file "/home/work1/Works/CNN-Core-Generator/cnn_core_project/cnn_core_prj/solution1/sim/verilog/cnn_core.autotb.v" into library xil_defaultlib
INFO: [VRFC 10-311] analyzing module apatb_cnn_core_top
INFO: [VRFC 10-2263] Analyzing SystemVerilog file "/home/work1/Works/CNN-Core-Generator/cnn_core_project/cnn_core_prj/solution1/sim/verilog/cnn_core_fifo_w12_d1024_A.v" into library xil_defaultlib
INFO: [VRFC 10-311] analyzing module cnn_core_fifo_w12_d1024_A
INFO: [VRFC 10-311] analyzing module cnn_core_fifo_w12_d1024_A_ram
INFO: [VRFC 10-2263] Analyzing SystemVerilog file "/home/work1/Works/CNN-Core-Generator/cnn_core_project/cnn_core_prj/solution1/sim/verilog/cnn_core_start_for_relu_array_ap_fixed_7u_array_ap_fixed_16_6_5_3_0_7u_relu_config4_U0.v" into library xil_defaultlib
INFO: [VRFC 10-311] analyzing module cnn_core_start_for_relu_array_ap_fixed_7u_array_ap_fixed_16_6_5_3_0_7u_relu_config4_U0
INFO: [VRFC 10-311] analyzing module cnn_core_start_for_relu_array_ap_fixed_7u_array_ap_fixed_16_6_5_3_0_7u_relu_config4_U0_ShiftReg
INFO: [VRFC 10-2263] Analyzing SystemVerilog file "/home/work1/Works/CNN-Core-Generator/cnn_core_project/cnn_core_prj/solution1/sim/verilog/cnn_core_shift_line_buffer_array_ap_fixed_12_6_5_3_0_1u_config3_s.v" into library xil_defaultlib
INFO: [VRFC 10-311] analyzing module cnn_core_shift_line_buffer_array_ap_fixed_12_6_5_3_0_1u_config3_s
INFO: [VRFC 10-2263] Analyzing SystemVerilog file "/home/work1/Works/CNN-Core-Generator/cnn_core_project/cnn_core_prj/solution1/sim/verilog/cnn_core_shift_line_buffer_array_ap_fixed_16_6_5_3_0_7u_config5_s_void_pooling2d_cl_stg8j.v" into library xil_defaultlib
INFO: [VRFC 10-311] analyzing module cnn_core_shift_line_buffer_array_ap_fixed_16_6_5_3_0_7u_config5_s_void_pooling2d_cl_stg8j_core
INFO: [VRFC 10-311] analyzing module cnn_core_shift_line_buffer_array_ap_fixed_16_6_5_3_0_7u_config5_s_void_pooling2d_cl_stg8j
INFO: [VRFC 10-2263] Analyzing SystemVerilog file "/home/work1/Works/CNN-Core-Generator/cnn_core_project/cnn_core_prj/solution1/sim/verilog/AESL_deadlock_detection_unit.v" into library xil_defaultlib
INFO: [VRFC 10-311] analyzing module AESL_deadlock_detect_unit
INFO: [VRFC 10-2263] Analyzing SystemVerilog file "/home/work1/Works/CNN-Core-Generator/cnn_core_project/cnn_core_prj/solution1/sim/verilog/cnn_core_dense_array_ap_fixed_7u_array_ap_fixed_9_5_5_3_0_1u_config7_s.v" into library xil_defaultlib
INFO: [VRFC 10-311] analyzing module cnn_core_dense_array_ap_fixed_7u_array_ap_fixed_9_5_5_3_0_1u_config7_s
INFO: [VRFC 10-2263] Analyzing SystemVerilog file "/home/work1/Works/CNN-Core-Generator/cnn_core_project/cnn_core_prj/solution1/sim/verilog/cnn_core_fifo_w112_d336_A.v" into library xil_defaultlib
INFO: [VRFC 10-311] analyzing module cnn_core_fifo_w112_d336_A
INFO: [VRFC 10-311] analyzing module cnn_core_fifo_w112_d336_A_ram
INFO: [VRFC 10-2263] Analyzing SystemVerilog file "/home/work1/Works/CNN-Core-Generator/cnn_core_project/cnn_core_prj/solution1/sim/verilog/cnn_core_start_for_conv_2d_cl_array_ap_fixed_1u_array_ap_fixed_9_5_5_3_0_7u_config3_U0.v" into library xil_defaultlib
INFO: [VRFC 10-311] analyzing module cnn_core_start_for_conv_2d_cl_array_ap_fixed_1u_array_ap_fixed_9_5_5_3_0_7u_config3_U0
INFO: [VRFC 10-311] analyzing module cnn_core_start_for_conv_2d_cl_array_ap_fixed_1u_array_ap_fixed_9_5_5_3_0_7u_config3_U0_ShiftReg
INFO: [VRFC 10-2263] Analyzing SystemVerilog file "/home/work1/Works/CNN-Core-Generator/cnn_core_project/cnn_core_prj/solution1/sim/verilog/cnn_core_mul_16s_6ns_19_1_1.v" into library xil_defaultlib
INFO: [VRFC 10-311] analyzing module cnn_core_mul_16s_6ns_19_1_1
INFO: [VRFC 10-2263] Analyzing SystemVerilog file "/home/work1/Works/CNN-Core-Generator/cnn_core_project/cnn_core_prj/solution1/sim/verilog/cnn_core_repack_stream_array_ap_fixed_4u_array_ap_fixed_12_6_5_3_0_1u_1024_s.v" into library xil_defaultlib
INFO: [VRFC 10-311] analyzing module cnn_core_repack_stream_array_ap_fixed_4u_array_ap_fixed_12_6_5_3_0_1u_1024_s
INFO: [VRFC 10-2263] Analyzing SystemVerilog file "/home/work1/Works/CNN-Core-Generator/cnn_core_project/cnn_core_prj/solution1/sim/verilog/cnn_core_dense_latency_wrapper_ap_fixed_ap_fixed_9_5_5_3_0_config7_s.v" into library xil_defaultlib
INFO: [VRFC 10-311] analyzing module cnn_core_dense_latency_wrapper_ap_fixed_ap_fixed_9_5_5_3_0_config7_s
INFO: [VRFC 10-2263] Analyzing SystemVerilog file "/home/work1/Works/CNN-Core-Generator/cnn_core_project/cnn_core_prj/solution1/sim/verilog/cnn_core_start_for_pooling2d_cl_array_ap_fixed_7u_array_ap_fixed_16_6_5_3_0_7u_config5ncg.v" into library xil_defaultlib
INFO: [VRFC 10-311] analyzing module cnn_core_start_for_pooling2d_cl_array_ap_fixed_7u_array_ap_fixed_16_6_5_3_0_7u_config5ncg
INFO: [VRFC 10-311] analyzing module cnn_core_start_for_pooling2d_cl_array_ap_fixed_7u_array_ap_fixed_16_6_5_3_0_7u_config5ncg_ShiftReg
INFO: [VRFC 10-2263] Analyzing SystemVerilog file "/home/work1/Works/CNN-Core-Generator/cnn_core_project/cnn_core_prj/solution1/sim/verilog/cnn_core_fifo_w112_d168_A.v" into library xil_defaultlib
INFO: [VRFC 10-311] analyzing module cnn_core_fifo_w112_d168_A
INFO: [VRFC 10-311] analyzing module cnn_core_fifo_w112_d168_A_ram
INFO: [VRFC 10-2263] Analyzing SystemVerilog file "/home/work1/Works/CNN-Core-Generator/cnn_core_project/cnn_core_prj/solution1/sim/verilog/AESL_fifo.v" into library xil_defaultlib
INFO: [VRFC 10-311] analyzing module fifo
INFO: [VRFC 10-2263] Analyzing SystemVerilog file "/home/work1/Works/CNN-Core-Generator/cnn_core_project/cnn_core_prj/solution1/sim/verilog/AESL_deadlock_detector.v" into library xil_defaultlib
INFO: [VRFC 10-311] analyzing module AESL_deadlock_detector
INFO: [VRFC 10-2263] Analyzing SystemVerilog file "/home/work1/Works/CNN-Core-Generator/cnn_core_project/cnn_core_prj/solution1/sim/verilog/cnn_core_relu_array_ap_fixed_7u_array_ap_fixed_16_6_5_3_0_7u_relu_config4_s.v" into library xil_defaultlib
INFO: [VRFC 10-311] analyzing module cnn_core_relu_array_ap_fixed_7u_array_ap_fixed_16_6_5_3_0_7u_relu_config4_s
INFO: [VRFC 10-2263] Analyzing SystemVerilog file "/home/work1/Works/CNN-Core-Generator/cnn_core_project/cnn_core_prj/solution1/sim/verilog/cnn_core_regslice_both.v" into library xil_defaultlib
INFO: [VRFC 10-311] analyzing module cnn_core_regslice_both
INFO: [VRFC 10-311] analyzing module cnn_core_regslice_both_w1
INFO: [VRFC 10-2263] Analyzing SystemVerilog file "/home/work1/Works/CNN-Core-Generator/cnn_core_project/cnn_core_prj/solution1/sim/verilog/cnn_core_shift_line_buffer_array_ap_fixed_16_6_5_3_0_7u_config5_s.v" into library xil_defaultlib
INFO: [VRFC 10-311] analyzing module cnn_core_shift_line_buffer_array_ap_fixed_16_6_5_3_0_7u_config5_s
INFO: [VRFC 10-2263] Analyzing SystemVerilog file "/home/work1/Works/CNN-Core-Generator/cnn_core_project/cnn_core_prj/solution1/sim/verilog/cnn_core_flow_control_loop_pipe.v" into library xil_defaultlib
INFO: [VRFC 10-311] analyzing module cnn_core_flow_control_loop_pipe
INFO: [VRFC 10-2263] Analyzing SystemVerilog file "/home/work1/Works/CNN-Core-Generator/cnn_core_project/cnn_core_prj/solution1/sim/verilog/cnn_core_mul_16s_5ns_19_1_1.v" into library xil_defaultlib
INFO: [VRFC 10-311] analyzing module cnn_core_mul_16s_5ns_19_1_1
INFO: [VRFC 10-2263] Analyzing SystemVerilog file "/home/work1/Works/CNN-Core-Generator/cnn_core_project/cnn_core_prj/solution1/sim/verilog/cnn_core_pooling2d_cl_array_ap_fixed_7u_array_ap_fixed_16_6_5_3_0_7u_config5_s.v" into library xil_defaultlib
INFO: [VRFC 10-311] analyzing module cnn_core_pooling2d_cl_array_ap_fixed_7u_array_ap_fixed_16_6_5_3_0_7u_config5_s
INFO: [VRFC 10-2263] Analyzing SystemVerilog file "/home/work1/Works/CNN-Core-Generator/cnn_core_project/cnn_core_prj/solution1/sim/verilog/AESL_deadlock_report_unit.v" into library xil_defaultlib
INFO: [VRFC 10-311] analyzing module AESL_deadlock_report_unit
INFO: [VRFC 10-2263] Analyzing SystemVerilog file "/home/work1/Works/CNN-Core-Generator/cnn_core_project/cnn_core_prj/solution1/sim/verilog/cnn_core_start_for_dense_array_ap_fixed_7u_array_ap_fixed_9_5_5_3_0_1u_config7_U0.v" into library xil_defaultlib
INFO: [VRFC 10-311] analyzing module cnn_core_start_for_dense_array_ap_fixed_7u_array_ap_fixed_9_5_5_3_0_1u_config7_U0
INFO: [VRFC 10-311] analyzing module cnn_core_start_for_dense_array_ap_fixed_7u_array_ap_fixed_9_5_5_3_0_1u_config7_U0_ShiftReg
INFO: [VRFC 10-2263] Analyzing SystemVerilog file "/home/work1/Works/CNN-Core-Generator/cnn_core_project/cnn_core_prj/solution1/sim/verilog/AESL_axi_s_input_layer.v" into library xil_defaultlib
INFO: [VRFC 10-311] analyzing module AESL_axi_s_input_layer
INFO: [VRFC 10-2263] Analyzing SystemVerilog file "/home/work1/Works/CNN-Core-Generator/cnn_core_project/cnn_core_prj/solution1/sim/verilog/cnn_core_shift_line_buffer_array_ap_fixed_12_6_5_3_0_1u_config3_s_void_conv_2d_buffer_cud.v" into library xil_defaultlib
INFO: [VRFC 10-311] analyzing module cnn_core_shift_line_buffer_array_ap_fixed_12_6_5_3_0_1u_config3_s_void_conv_2d_buffer_cud_core
INFO: [VRFC 10-311] analyzing module cnn_core_shift_line_buffer_array_ap_fixed_12_6_5_3_0_1u_config3_s_void_conv_2d_buffer_cud
INFO: [VRFC 10-2263] Analyzing SystemVerilog file "/home/work1/Works/CNN-Core-Generator/cnn_core_project/cnn_core_prj/solution1/sim/verilog/cnn_core_fifo_w63_d336_A.v" into library xil_defaultlib
INFO: [VRFC 10-311] analyzing module cnn_core_fifo_w63_d336_A
INFO: [VRFC 10-311] analyzing module cnn_core_fifo_w63_d336_A_ram
INFO: [VRFC 10-2263] Analyzing SystemVerilog file "/home/work1/Works/CNN-Core-Generator/cnn_core_project/cnn_core_prj/solution1/sim/verilog/AESL_deadlock_idx0_monitor.v" into library xil_defaultlib
INFO: [VRFC 10-311] analyzing module AESL_deadlock_idx0_monitor
INFO: [VRFC 10-2263] Analyzing SystemVerilog file "/home/work1/Works/CNN-Core-Generator/cnn_core_project/cnn_core_prj/solution1/sim/verilog/cnn_core_conv_2d_cl_array_ap_fixed_1u_array_ap_fixed_9_5_5_3_0_7u_config3_s.v" into library xil_defaultlib
INFO: [VRFC 10-311] analyzing module cnn_core_conv_2d_cl_array_ap_fixed_1u_array_ap_fixed_9_5_5_3_0_7u_config3_s
INFO: [VRFC 10-2263] Analyzing SystemVerilog file "/home/work1/Works/CNN-Core-Generator/cnn_core_project/cnn_core_prj/solution1/sim/verilog/cnn_core_dense_latency_ap_fixed_12_6_5_3_0_ap_fixed_9_5_5_3_0_config3_mult_s.v" into library xil_defaultlib
INFO: [VRFC 10-311] analyzing module cnn_core_dense_latency_ap_fixed_12_6_5_3_0_ap_fixed_9_5_5_3_0_config3_mult_s
INFO: [VRFC 10-2263] Analyzing SystemVerilog file "/home/work1/Works/CNN-Core-Generator/cnn_core_project/cnn_core_prj/solution1/sim/verilog/AESL_deadlock_kernel_monitor_top.v" into library xil_defaultlib
INFO: [VRFC 10-311] analyzing module AESL_deadlock_kernel_monitor_top
INFO: [VRFC 10-2263] Analyzing SystemVerilog file "/home/work1/Works/CNN-Core-Generator/cnn_core_project/cnn_core_prj/solution1/sim/verilog/cnn_core_dense_array_array_ap_fixed_9_5_5_3_0_1u_config7_Pipeline_DataPrepare.v" into library xil_defaultlib
INFO: [VRFC 10-311] analyzing module cnn_core_dense_array_array_ap_fixed_9_5_5_3_0_1u_config7_Pipeline_DataPrepare
INFO: [VRFC 10-2263] Analyzing SystemVerilog file "/home/work1/Works/CNN-Core-Generator/cnn_core_project/cnn_core_prj/solution1/sim/verilog/cnn_core_flow_control_loop_pipe_sequential_init.v" into library xil_defaultlib
INFO: [VRFC 10-311] analyzing module cnn_core_flow_control_loop_pipe_sequential_init
INFO: [VRFC 10-2263] Analyzing SystemVerilog file "/home/work1/Works/CNN-Core-Generator/cnn_core_project/cnn_core_prj/solution1/sim/verilog/cnn_core_mul_12s_5ns_15_1_1.v" into library xil_defaultlib
INFO: [VRFC 10-311] analyzing module cnn_core_mul_12s_5ns_15_1_1
INFO: [VRFC 10-2263] Analyzing SystemVerilog file "/home/work1/Works/CNN-Core-Generator/cnn_core_project/cnn_core_prj/solution1/sim/verilog/cnn_core.v" into library xil_defaultlib
INFO: [VRFC 10-311] analyzing module cnn_core
INFO: [VRFC 10-2263] Analyzing SystemVerilog file "/home/work1/Works/CNN-Core-Generator/cnn_core_project/cnn_core_prj/solution1/sim/verilog/cnn_core_compute_output_buffer_2d_array_array_ap_fixed_9_5_5_3_0_7u_config3_s.v" into library xil_defaultlib
INFO: [VRFC 10-311] analyzing module cnn_core_compute_output_buffer_2d_array_array_ap_fixed_9_5_5_3_0_7u_config3_s
INFO: [VRFC 10-2263] Analyzing SystemVerilog file "/home/work1/Works/CNN-Core-Generator/cnn_core_project/cnn_core_prj/solution1/sim/verilog/AESL_axi_s_layer7_out.v" into library xil_defaultlib
INFO: [VRFC 10-311] analyzing module AESL_axi_s_layer7_out
INFO: [VRFC 10-2263] Analyzing SystemVerilog file "/home/work1/Works/CNN-Core-Generator/cnn_core_project/cnn_core_prj/solution1/sim/verilog/dataflow_monitor.sv" into library xil_defaultlib
INFO: [VRFC 10-311] analyzing module dataflow_monitor
Starting static elaboration
Pass Through NonSizing Optimizer
WARNING: [VRFC 10-5021] port 'reset' is not connected on this instance [/home/work1/Works/CNN-Core-Generator/cnn_core_project/cnn_core_prj/solution1/sim/verilog/cnn_core_start_for_conv_2d_cl_array_ap_fixed_1u_array_ap_fixed_9_5_5_3_0_7u_config3_U0.v:46]
WARNING: [VRFC 10-5021] port 'reset' is not connected on this instance [/home/work1/Works/CNN-Core-Generator/cnn_core_project/cnn_core_prj/solution1/sim/verilog/cnn_core_start_for_relu_array_ap_fixed_7u_array_ap_fixed_16_6_5_3_0_7u_relu_config4_U0.v:46]
WARNING: [VRFC 10-5021] port 'reset' is not connected on this instance [/home/work1/Works/CNN-Core-Generator/cnn_core_project/cnn_core_prj/solution1/sim/verilog/cnn_core_start_for_pooling2d_cl_array_ap_fixed_7u_array_ap_fixed_16_6_5_3_0_7u_config5ncg.v:46]
WARNING: [VRFC 10-5021] port 'reset' is not connected on this instance [/home/work1/Works/CNN-Core-Generator/cnn_core_project/cnn_core_prj/solution1/sim/verilog/cnn_core_start_for_dense_array_ap_fixed_7u_array_ap_fixed_9_5_5_3_0_1u_config7_U0.v:46]
Completed static elaboration
Starting simulation data flow analysis
Completed simulation data flow analysis
Time Resolution for simulation is 1ps
Compiling package xil_defaultlib.$unit_dataflow_monitor_sv
Compiling module xil_defaultlib.cnn_core_repack_stream_array_ap_...
Compiling module xil_defaultlib.cnn_core_flow_control_loop_pipe
Compiling module xil_defaultlib.cnn_core_regslice_both(DataWidth...
Compiling module xil_defaultlib.cnn_core_repack_stream_array_ap_...
Compiling module xil_defaultlib.cnn_core_shift_line_buffer_array...
Compiling module xil_defaultlib.cnn_core_shift_line_buffer_array...
Compiling module xil_defaultlib.cnn_core_shift_line_buffer_array...
Compiling module xil_defaultlib.cnn_core_mul_12s_5ns_15_1_1(NUM_...
Compiling module xil_defaultlib.cnn_core_dense_latency_ap_fixed_...
Compiling module xil_defaultlib.cnn_core_compute_output_buffer_2...
Compiling module xil_defaultlib.cnn_core_conv_2d_cl_array_ap_fix...
Compiling module xil_defaultlib.cnn_core_relu_array_ap_fixed_7u_...
Compiling module xil_defaultlib.cnn_core_shift_line_buffer_array...
Compiling module xil_defaultlib.cnn_core_shift_line_buffer_array...
Compiling module xil_defaultlib.cnn_core_shift_line_buffer_array...
Compiling module xil_defaultlib.cnn_core_pooling2d_cl_array_ap_f...
Compiling module xil_defaultlib.cnn_core_flow_control_loop_pipe_...
Compiling module xil_defaultlib.cnn_core_dense_array_array_ap_fi...
Compiling module xil_defaultlib.cnn_core_mul_16s_6ns_19_1_1(NUM_...
Compiling module xil_defaultlib.cnn_core_mul_16s_5ns_19_1_1(NUM_...
Compiling module xil_defaultlib.cnn_core_dense_latency_wrapper_a...
Compiling module xil_defaultlib.cnn_core_regslice_both(DataWidth...
Compiling module xil_defaultlib.cnn_core_dense_array_ap_fixed_7u...
Compiling module xil_defaultlib.cnn_core_fifo_w12_d1024_A_ram
Compiling module xil_defaultlib.cnn_core_fifo_w12_d1024_A
Compiling module xil_defaultlib.cnn_core_fifo_w63_d336_A_ram
Compiling module xil_defaultlib.cnn_core_fifo_w63_d336_A
Compiling module xil_defaultlib.cnn_core_fifo_w112_d336_A_ram
Compiling module xil_defaultlib.cnn_core_fifo_w112_d336_A
Compiling module xil_defaultlib.cnn_core_fifo_w112_d168_A_ram
Compiling module xil_defaultlib.cnn_core_fifo_w112_d168_A
Compiling module xil_defaultlib.cnn_core_start_for_conv_2d_cl_ar...
Compiling module xil_defaultlib.cnn_core_start_for_conv_2d_cl_ar...
Compiling module xil_defaultlib.cnn_core_start_for_relu_array_ap...
Compiling module xil_defaultlib.cnn_core_start_for_relu_array_ap...
Compiling module xil_defaultlib.cnn_core_start_for_pooling2d_cl_...
Compiling module xil_defaultlib.cnn_core_start_for_pooling2d_cl_...
Compiling module xil_defaultlib.cnn_core_start_for_dense_array_a...
Compiling module xil_defaultlib.cnn_core_start_for_dense_array_a...
Compiling module xil_defaultlib.cnn_core
Compiling module xil_defaultlib.fifo(DEPTH=256,WIDTH=64)
Compiling module xil_defaultlib.AESL_axi_s_input_layer
Compiling module xil_defaultlib.fifo(DEPTH=2,WIDTH=16)
Compiling module xil_defaultlib.AESL_axi_s_layer7_out
Compiling module xil_defaultlib.AESL_deadlock_detect_unit(PROC_N...
Compiling module xil_defaultlib.AESL_deadlock_detect_unit(PROC_N...
Compiling module xil_defaultlib.AESL_deadlock_detect_unit(PROC_N...
Compiling module xil_defaultlib.AESL_deadlock_detect_unit(PROC_N...
Compiling module xil_defaultlib.AESL_deadlock_detect_unit(PROC_N...
Compiling module xil_defaultlib.AESL_deadlock_report_unit(PROC_N...
Compiling module xil_defaultlib.AESL_deadlock_detector_1
Compiling module xil_defaultlib.AESL_deadlock_idx0_monitor
Compiling module xil_defaultlib.AESL_deadlock_kernel_monitor_top...
Compiling module xil_defaultlib.df_fifo_intf
Compiling module xil_defaultlib.df_process_intf
Compiling module xil_defaultlib.nodf_module_intf
Compiling module xil_defaultlib.upc_loop_intf(FSM_WIDTH=3)
Compiling module xil_defaultlib.upc_loop_intf
Compiling module xil_defaultlib.upc_loop_intf(FSM_WIDTH=1)
Compiling module xil_defaultlib.dataflow_monitor_1
Compiling module xil_defaultlib.apatb_cnn_core_top
Compiling module work.glbl
Built simulation snapshot cnn_core

****** xsim v2023.2 (64-bit)
  **** SW Build 4029153 on Fri Oct 13 20:13:54 MDT 2023
  **** IP Build 4028589 on Sat Oct 14 00:45:43 MDT 2023
  **** SharedData Build 4025554 on Tue Oct 10 17:18:54 MDT 2023
    ** Copyright 1986-2022 Xilinx, Inc. All Rights Reserved.
    ** Copyright 2022-2023 Advanced Micro Devices, Inc. All Rights Reserved.

source xsim.dir/cnn_core/xsim_script.tcl
# xsim {cnn_core} -view {{cnn_core_dataflow_ana.wcfg}} -tclbatch {cnn_core.tcl} -protoinst {cnn_core.protoinst}
INFO: [Wavedata 42-565] Reading protoinst file cnn_core.protoinst
INFO: [Wavedata 42-564]   Found protocol instance at /apatb_cnn_core_top/AESL_inst_cnn_core//AESL_inst_cnn_core_activity
INFO: [Wavedata 42-564]   Found protocol instance at /apatb_cnn_core_top/AESL_inst_cnn_core/conv_2d_cl_array_ap_fixed_1u_array_ap_fixed_9_5_5_3_0_7u_config3_U0/conv_2d_cl_array_ap_fixed_1u_array_ap_fixed_9_5_5_3_0_7u_config3_U0_activity
INFO: [Wavedata 42-564]   Found protocol instance at /apatb_cnn_core_top/AESL_inst_cnn_core/conv_2d_cl_array_ap_fixed_1u_array_ap_fixed_9_5_5_3_0_7u_config3_U0/grp_compute_output_buffer_2d_array_array_ap_fixed_9_5_5_3_0_7u_config3_s_fu_70/call_ln281_shift_line_buffer_array_ap_fixed_12_6_5_3_0_1u_config3_s_fu_92/call_ln281_shift_line_buffer_array_ap_fixed_12_6_5_3_0_1u_config3_s_fu_92_activity
INFO: [Wavedata 42-564]   Found protocol instance at /apatb_cnn_core_top/AESL_inst_cnn_core/conv_2d_cl_array_ap_fixed_1u_array_ap_fixed_9_5_5_3_0_7u_config3_U0/grp_compute_output_buffer_2d_array_array_ap_fixed_9_5_5_3_0_7u_config3_s_fu_70/grp_compute_output_buffer_2d_array_array_ap_fixed_9_5_5_3_0_7u_config3_s_fu_70_activity
INFO: [Wavedata 42-564]   Found protocol instance at /apatb_cnn_core_top/AESL_inst_cnn_core/dense_array_ap_fixed_7u_array_ap_fixed_9_5_5_3_0_1u_config7_U0/dense_array_ap_fixed_7u_array_ap_fixed_9_5_5_3_0_1u_config7_U0_activity
INFO: [Wavedata 42-564]   Found protocol instance at /apatb_cnn_core_top/AESL_inst_cnn_core/dense_array_ap_fixed_7u_array_ap_fixed_9_5_5_3_0_1u_config7_U0/grp_dense_array_array_ap_fixed_9_5_5_3_0_1u_config7_Pipeline_DataPrepare_fu_3197/grp_dense_array_array_ap_fixed_9_5_5_3_0_1u_config7_Pipeline_DataPrepare_fu_3197_activity
INFO: [Wavedata 42-564]   Found protocol instance at /apatb_cnn_core_top/AESL_inst_cnn_core/pooling2d_cl_array_ap_fixed_7u_array_ap_fixed_16_6_5_3_0_7u_config5_U0/call_ln52_shift_line_buffer_array_ap_fixed_16_6_5_3_0_7u_config5_s_fu_150/call_ln52_shift_line_buffer_array_ap_fixed_16_6_5_3_0_7u_config5_s_fu_150_activity
INFO: [Wavedata 42-564]   Found protocol instance at /apatb_cnn_core_top/AESL_inst_cnn_core/pooling2d_cl_array_ap_fixed_7u_array_ap_fixed_16_6_5_3_0_7u_config5_U0/pooling2d_cl_array_ap_fixed_7u_array_ap_fixed_16_6_5_3_0_7u_config5_U0_activity
INFO: [Wavedata 42-564]   Found protocol instance at /apatb_cnn_core_top/AESL_inst_cnn_core/relu_array_ap_fixed_7u_array_ap_fixed_16_6_5_3_0_7u_relu_config4_U0/relu_array_ap_fixed_7u_array_ap_fixed_16_6_5_3_0_7u_relu_config4_U0_activity
INFO: [Wavedata 42-564]   Found protocol instance at /apatb_cnn_core_top/AESL_inst_cnn_core/repack_stream_array_ap_fixed_4u_array_ap_fixed_12_6_5_3_0_1u_1024_U0/repack_stream_array_ap_fixed_4u_array_ap_fixed_12_6_5_3_0_1u_1024_U0_activity
Time resolution is 1 ps
open_wave_config cnn_core_dataflow_ana.wcfg
source cnn_core.tcl
## set designtopgroup [add_wave_group "Design Top Signals"]
## set coutputgroup [add_wave_group "C Outputs" -into $designtopgroup]
## set return_group [add_wave_group return(axis) -into $coutputgroup]
## add_wave /apatb_cnn_core_top/AESL_inst_cnn_core/layer7_out_TREADY -into $return_group -color #ffff00 -radix hex
## add_wave /apatb_cnn_core_top/AESL_inst_cnn_core/layer7_out_TVALID -into $return_group -color #ffff00 -radix hex
## add_wave /apatb_cnn_core_top/AESL_inst_cnn_core/layer7_out_TDATA -into $return_group -radix hex
## set cinputgroup [add_wave_group "C Inputs" -into $designtopgroup]
## set return_group [add_wave_group return(axis) -into $cinputgroup]
## add_wave /apatb_cnn_core_top/AESL_inst_cnn_core/input_layer_TREADY -into $return_group -color #ffff00 -radix hex
## add_wave /apatb_cnn_core_top/AESL_inst_cnn_core/input_layer_TVALID -into $return_group -color #ffff00 -radix hex
## add_wave /apatb_cnn_core_top/AESL_inst_cnn_core/input_layer_TDATA -into $return_group -radix hex
## set blocksiggroup [add_wave_group "Block-level IO Handshake" -into $designtopgroup]
## add_wave /apatb_cnn_core_top/AESL_inst_cnn_core/ap_start -into $blocksiggroup
## add_wave /apatb_cnn_core_top/AESL_inst_cnn_core/ap_done -into $blocksiggroup
## add_wave /apatb_cnn_core_top/AESL_inst_cnn_core/ap_ready -into $blocksiggroup
## add_wave /apatb_cnn_core_top/AESL_inst_cnn_core/ap_idle -into $blocksiggroup
## set resetgroup [add_wave_group "Reset" -into $designtopgroup]
## add_wave /apatb_cnn_core_top/AESL_inst_cnn_core/ap_rst_n -into $resetgroup
## set clockgroup [add_wave_group "Clock" -into $designtopgroup]
## add_wave /apatb_cnn_core_top/AESL_inst_cnn_core/ap_clk -into $clockgroup
## set testbenchgroup [add_wave_group "Test Bench Signals"]
## set tbinternalsiggroup [add_wave_group "Internal Signals" -into $testbenchgroup]
## set tb_simstatus_group [add_wave_group "Simulation Status" -into $tbinternalsiggroup]
## set tb_portdepth_group [add_wave_group "Port Depth" -into $tbinternalsiggroup]
## add_wave /apatb_cnn_core_top/AUTOTB_TRANSACTION_NUM -into $tb_simstatus_group -radix hex
## add_wave /apatb_cnn_core_top/ready_cnt -into $tb_simstatus_group -radix hex
## add_wave /apatb_cnn_core_top/done_cnt -into $tb_simstatus_group -radix hex
## add_wave /apatb_cnn_core_top/LENGTH_input_layer -into $tb_portdepth_group -radix hex
## add_wave /apatb_cnn_core_top/LENGTH_layer7_out -into $tb_portdepth_group -radix hex
## set tbcoutputgroup [add_wave_group "C Outputs" -into $testbenchgroup]
## set tb_return_group [add_wave_group return(axis) -into $tbcoutputgroup]
## add_wave /apatb_cnn_core_top/layer7_out_TREADY -into $tb_return_group -color #ffff00 -radix hex
## add_wave /apatb_cnn_core_top/layer7_out_TVALID -into $tb_return_group -color #ffff00 -radix hex
## add_wave /apatb_cnn_core_top/layer7_out_TDATA -into $tb_return_group -radix hex
## set tbcinputgroup [add_wave_group "C Inputs" -into $testbenchgroup]
## set tb_return_group [add_wave_group return(axis) -into $tbcinputgroup]
## add_wave /apatb_cnn_core_top/input_layer_TREADY -into $tb_return_group -color #ffff00 -radix hex
## add_wave /apatb_cnn_core_top/input_layer_TVALID -into $tb_return_group -color #ffff00 -radix hex
## add_wave /apatb_cnn_core_top/input_layer_TDATA -into $tb_return_group -radix hex
## save_wave_config cnn_core.wcfg
## run all
////////////////////////////////////////////////////////////////////////////////////
// Inter-Transaction Progress: Completed Transaction / Total Transaction
// Intra-Transaction Progress: Measured Latency / Latency Estimation * 100%
//
// RTL Simulation : "Inter-Transaction Progress" ["Intra-Transaction Progress"] @ "Simulation Time"
////////////////////////////////////////////////////////////////////////////////////
// RTL Simulation : 0 / 5 [0.00%] @ "113000"
// RTL Simulation : 1 / 5 [100.00%] @ "15463000"
// RTL Simulation : 2 / 5 [100.00%] @ "30833000"
// RTL Simulation : 3 / 5 [100.00%] @ "46203000"
// RTL Simulation : 4 / 5 [100.00%] @ "61573000"
// RTL Simulation : 5 / 5 [100.00%] @ "76943000"
////////////////////////////////////////////////////////////////////////////////////
$finish called at time : 76972500 ps : File "/home/work1/Works/CNN-Core-Generator/cnn_core_project/cnn_core_prj/solution1/sim/verilog/cnn_core.autotb.v" Line 249
## quit
INFO: [Common 17-206] Exiting xsim at Wed May 13 16:57:46 2026...
INFO: [COSIM 212-316] Starting C post checking ...
INFO: Unable to open input/predictions file, using default input.
-6.0625 
-6.0625 
-6.0625 
-6.0625 
-6.0625 
INFO: Saved inference results to file: tb_data/rtl_cosim_results.log
INFO [HLS SIM]: The maximum depth reached by any hls::stream() instance in the design is 256
INFO:
Report time       : Wed May 13 04:57:33 PM PDT 2026.
Solution          : solution1.
Simulation tool   : xsim.

+----------+----------+-----------------------------------------------+-----------------------------------------------+----------------------+
|          |          |             Latency(Clock Cycles)             |              Interval(Clock Cycles)           | Total Execution Time |
+   RTL    +  Status  +-----------------------------------------------+-----------------------------------------------+    (Clock Cycles)    +
|          |          |      min      |      avg      |      max      |      min      |      avg      |      max      |                      |
+----------+----------+-----------------------------------------------+-----------------------------------------------+----------------------+
|      VHDL|        NA|             NA|             NA|             NA|             NA|             NA|             NA|                    NA|
|   Verilog|      Pass|             NA|             NA|             NA|             NA|             NA|             NA|                    NA|
+----------+----------+-----------------------------------------------+-----------------------------------------------+----------------------+

***** C/RTL SIMULATION COMPLETED IN 0h0m26s *****
***** C/RTL VALIDATION *****
INFO: Test PASSED
***** VIVADO SYNTHESIS *****

****** Vivado v2023.2 (64-bit)
  **** SW Build 4029153 on Fri Oct 13 20:13:54 MDT 2023
  **** IP Build 4028589 on Sat Oct 14 00:45:43 MDT 2023
  **** SharedData Build 4025554 on Tue Oct 10 17:18:54 MDT 2023
    ** Copyright 1986-2022 Xilinx, Inc. All Rights Reserved.
    ** Copyright 2022-2023 Advanced Micro Devices, Inc. All Rights Reserved.

source vivado_synth.tcl
# set tcldir [file dirname [info script]]
# source [file join $tcldir project.tcl]
## variable project_name
## set project_name "cnn_core"
## variable backend
## set backend "vitis"
## variable part
## set part "xcku5p-ffvb676-2-e"
## variable clock_period
## set clock_period 5
## variable clock_uncertainty
## set clock_uncertainty 27%
## variable version
## set version "1.0.0"
## variable maximum_size
## set maximum_size 4096
# add_files ${project_name}_prj/solution1/syn/verilog
add_files: Time (s): cpu = 00:00:05 ; elapsed = 00:00:05 . Memory (MB): peak = 1365.652 ; gain = 63.836 ; free physical = 298 ; free virtual = 39890
# synth_design -top ${project_name} -part $part
Command: synth_design -top cnn_core -part xcku5p-ffvb676-2-e
Starting synth_design
Attempting to get a license for feature 'Synthesis' and/or device 'xcku5p'
INFO: [Common 17-349] Got license for feature 'Synthesis' and/or device 'xcku5p'
INFO: [Synth 8-7079] Multithreading enabled for synth_design using a maximum of 4 processes.
INFO: [Synth 8-7078] Launching helper process for spawning children vivado processes
INFO: [Synth 8-7075] Helper process launched with PID 71681
---------------------------------------------------------------------------------
Starting Synthesize : Time (s): cpu = 00:00:02 ; elapsed = 00:00:02 . Memory (MB): peak = 1790.211 ; gain = 418.590 ; free physical = 293 ; free virtual = 39206
---------------------------------------------------------------------------------
INFO: [Synth 8-6157] synthesizing module 'cnn_core' [/home/work1/Works/CNN-Core-Generator/cnn_core_project/cnn_core_prj/solution1/syn/verilog/cnn_core.v:9]
INFO: [Synth 8-6157] synthesizing module 'cnn_core_repack_stream_array_ap_fixed_4u_array_ap_fixed_12_6_5_3_0_1u_1024_s' [/home/work1/Works/CNN-Core-Generator/cnn_core_project/cnn_core_prj/solution1/syn/verilog/cnn_core_repack_stream_array_ap_fixed_4u_array_ap_fixed_12_6_5_3_0_1u_1024_s.v:9]
INFO: [Synth 8-6157] synthesizing module 'cnn_core_repack_stream_array_ap_fixed_4u_array_ap_fixed_12_6_5_3_0_1u_1024_s_in_data_Rbkb' [/home/work1/Works/CNN-Core-Generator/cnn_core_project/cnn_core_prj/solution1/syn/verilog/cnn_core_repack_stream_array_ap_fixed_4u_array_ap_fixed_12_6_5_3_0_1u_1024_s_in_data_Rbkb.v:7]
	Parameter DataWidth bound to: 12 - type: integer 
	Parameter AddressWidth bound to: 2 - type: integer 
	Parameter AddressRange bound to: 4 - type: integer 
INFO: [Synth 8-6155] done synthesizing module 'cnn_core_repack_stream_array_ap_fixed_4u_array_ap_fixed_12_6_5_3_0_1u_1024_s_in_data_Rbkb' (0#1) [/home/work1/Works/CNN-Core-Generator/cnn_core_project/cnn_core_prj/solution1/syn/verilog/cnn_core_repack_stream_array_ap_fixed_4u_array_ap_fixed_12_6_5_3_0_1u_1024_s_in_data_Rbkb.v:7]
INFO: [Synth 8-6157] synthesizing module 'cnn_core_flow_control_loop_pipe' [/home/work1/Works/CNN-Core-Generator/cnn_core_project/cnn_core_prj/solution1/syn/verilog/cnn_core_flow_control_loop_pipe.v:11]
INFO: [Synth 8-6155] done synthesizing module 'cnn_core_flow_control_loop_pipe' (0#1) [/home/work1/Works/CNN-Core-Generator/cnn_core_project/cnn_core_prj/solution1/syn/verilog/cnn_core_flow_control_loop_pipe.v:11]
INFO: [Synth 8-6157] synthesizing module 'cnn_core_regslice_both' [/home/work1/Works/CNN-Core-Generator/cnn_core_project/cnn_core_prj/solution1/syn/verilog/cnn_core_regslice_both.v:11]
	Parameter DataWidth bound to: 64 - type: integer 
INFO: [Synth 8-6155] done synthesizing module 'cnn_core_regslice_both' (0#1) [/home/work1/Works/CNN-Core-Generator/cnn_core_project/cnn_core_prj/solution1/syn/verilog/cnn_core_regslice_both.v:11]
INFO: [Synth 8-6155] done synthesizing module 'cnn_core_repack_stream_array_ap_fixed_4u_array_ap_fixed_12_6_5_3_0_1u_1024_s' (0#1) [/home/work1/Works/CNN-Core-Generator/cnn_core_project/cnn_core_prj/solution1/syn/verilog/cnn_core_repack_stream_array_ap_fixed_4u_array_ap_fixed_12_6_5_3_0_1u_1024_s.v:9]
INFO: [Synth 8-6157] synthesizing module 'cnn_core_conv_2d_cl_array_ap_fixed_1u_array_ap_fixed_9_5_5_3_0_7u_config3_s' [/home/work1/Works/CNN-Core-Generator/cnn_core_project/cnn_core_prj/solution1/syn/verilog/cnn_core_conv_2d_cl_array_ap_fixed_1u_array_ap_fixed_9_5_5_3_0_7u_config3_s.v:9]
INFO: [Synth 8-6157] synthesizing module 'cnn_core_compute_output_buffer_2d_array_array_ap_fixed_9_5_5_3_0_7u_config3_s' [/home/work1/Works/CNN-Core-Generator/cnn_core_project/cnn_core_prj/solution1/syn/verilog/cnn_core_compute_output_buffer_2d_array_array_ap_fixed_9_5_5_3_0_7u_config3_s.v:9]
INFO: [Synth 8-6157] synthesizing module 'cnn_core_shift_line_buffer_array_ap_fixed_12_6_5_3_0_1u_config3_s' [/home/work1/Works/CNN-Core-Generator/cnn_core_project/cnn_core_prj/solution1/syn/verilog/cnn_core_shift_line_buffer_array_ap_fixed_12_6_5_3_0_1u_config3_s.v:9]
INFO: [Synth 8-6157] synthesizing module 'cnn_core_shift_line_buffer_array_ap_fixed_12_6_5_3_0_1u_config3_s_void_conv_2d_buffer_cud' [/home/work1/Works/CNN-Core-Generator/cnn_core_project/cnn_core_prj/solution1/syn/verilog/cnn_core_shift_line_buffer_array_ap_fixed_12_6_5_3_0_1u_config3_s_void_conv_2d_buffer_cud.v:50]
	Parameter DataWidth bound to: 12 - type: integer 
	Parameter AddressRange bound to: 4 - type: integer 
	Parameter AddressWidth bound to: 2 - type: integer 
INFO: [Synth 8-6157] synthesizing module 'cnn_core_shift_line_buffer_array_ap_fixed_12_6_5_3_0_1u_config3_s_void_conv_2d_buffer_cud_core' [/home/work1/Works/CNN-Core-Generator/cnn_core_project/cnn_core_prj/solution1/syn/verilog/cnn_core_shift_line_buffer_array_ap_fixed_12_6_5_3_0_1u_config3_s_void_conv_2d_buffer_cud.v:9]
	Parameter DATA_WIDTH bound to: 12 - type: integer 
	Parameter ADDR_WIDTH bound to: 2 - type: integer 
	Parameter DEPTH bound to: 4 - type: integer 
INFO: [Synth 8-6155] done synthesizing module 'cnn_core_shift_line_buffer_array_ap_fixed_12_6_5_3_0_1u_config3_s_void_conv_2d_buffer_cud_core' (0#1) [/home/work1/Works/CNN-Core-Generator/cnn_core_project/cnn_core_prj/solution1/syn/verilog/cnn_core_shift_line_buffer_array_ap_fixed_12_6_5_3_0_1u_config3_s_void_conv_2d_buffer_cud.v:9]
INFO: [Synth 8-6155] done synthesizing module 'cnn_core_shift_line_buffer_array_ap_fixed_12_6_5_3_0_1u_config3_s_void_conv_2d_buffer_cud' (0#1) [/home/work1/Works/CNN-Core-Generator/cnn_core_project/cnn_core_prj/solution1/syn/verilog/cnn_core_shift_line_buffer_array_ap_fixed_12_6_5_3_0_1u_config3_s_void_conv_2d_buffer_cud.v:50]
INFO: [Synth 8-6155] done synthesizing module 'cnn_core_shift_line_buffer_array_ap_fixed_12_6_5_3_0_1u_config3_s' (0#1) [/home/work1/Works/CNN-Core-Generator/cnn_core_project/cnn_core_prj/solution1/syn/verilog/cnn_core_shift_line_buffer_array_ap_fixed_12_6_5_3_0_1u_config3_s.v:9]
INFO: [Synth 8-6157] synthesizing module 'cnn_core_dense_latency_ap_fixed_12_6_5_3_0_ap_fixed_9_5_5_3_0_config3_mult_s' [/home/work1/Works/CNN-Core-Generator/cnn_core_project/cnn_core_prj/solution1/syn/verilog/cnn_core_dense_latency_ap_fixed_12_6_5_3_0_ap_fixed_9_5_5_3_0_config3_mult_s.v:9]
INFO: [Synth 8-6157] synthesizing module 'cnn_core_mul_12s_5ns_15_1_1' [/home/work1/Works/CNN-Core-Generator/cnn_core_project/cnn_core_prj/solution1/syn/verilog/cnn_core_mul_12s_5ns_15_1_1.v:5]
	Parameter ID bound to: 1 - type: integer 
	Parameter NUM_STAGE bound to: 1 - type: integer 
	Parameter din0_WIDTH bound to: 12 - type: integer 
	Parameter din1_WIDTH bound to: 5 - type: integer 
	Parameter dout_WIDTH bound to: 15 - type: integer 
INFO: [Synth 8-6155] done synthesizing module 'cnn_core_mul_12s_5ns_15_1_1' (0#1) [/home/work1/Works/CNN-Core-Generator/cnn_core_project/cnn_core_prj/solution1/syn/verilog/cnn_core_mul_12s_5ns_15_1_1.v:5]
INFO: [Synth 8-6155] done synthesizing module 'cnn_core_dense_latency_ap_fixed_12_6_5_3_0_ap_fixed_9_5_5_3_0_config3_mult_s' (0#1) [/home/work1/Works/CNN-Core-Generator/cnn_core_project/cnn_core_prj/solution1/syn/verilog/cnn_core_dense_latency_ap_fixed_12_6_5_3_0_ap_fixed_9_5_5_3_0_config3_mult_s.v:9]
INFO: [Synth 8-6155] done synthesizing module 'cnn_core_compute_output_buffer_2d_array_array_ap_fixed_9_5_5_3_0_7u_config3_s' (0#1) [/home/work1/Works/CNN-Core-Generator/cnn_core_project/cnn_core_prj/solution1/syn/verilog/cnn_core_compute_output_buffer_2d_array_array_ap_fixed_9_5_5_3_0_7u_config3_s.v:9]
INFO: [Synth 8-6155] done synthesizing module 'cnn_core_conv_2d_cl_array_ap_fixed_1u_array_ap_fixed_9_5_5_3_0_7u_config3_s' (0#1) [/home/work1/Works/CNN-Core-Generator/cnn_core_project/cnn_core_prj/solution1/syn/verilog/cnn_core_conv_2d_cl_array_ap_fixed_1u_array_ap_fixed_9_5_5_3_0_7u_config3_s.v:9]
INFO: [Synth 8-6157] synthesizing module 'cnn_core_relu_array_ap_fixed_7u_array_ap_fixed_16_6_5_3_0_7u_relu_config4_s' [/home/work1/Works/CNN-Core-Generator/cnn_core_project/cnn_core_prj/solution1/syn/verilog/cnn_core_relu_array_ap_fixed_7u_array_ap_fixed_16_6_5_3_0_7u_relu_config4_s.v:9]
INFO: [Synth 8-6155] done synthesizing module 'cnn_core_relu_array_ap_fixed_7u_array_ap_fixed_16_6_5_3_0_7u_relu_config4_s' (0#1) [/home/work1/Works/CNN-Core-Generator/cnn_core_project/cnn_core_prj/solution1/syn/verilog/cnn_core_relu_array_ap_fixed_7u_array_ap_fixed_16_6_5_3_0_7u_relu_config4_s.v:9]
INFO: [Synth 8-6157] synthesizing module 'cnn_core_pooling2d_cl_array_ap_fixed_7u_array_ap_fixed_16_6_5_3_0_7u_config5_s' [/home/work1/Works/CNN-Core-Generator/cnn_core_project/cnn_core_prj/solution1/syn/verilog/cnn_core_pooling2d_cl_array_ap_fixed_7u_array_ap_fixed_16_6_5_3_0_7u_config5_s.v:9]
INFO: [Synth 8-6157] synthesizing module 'cnn_core_shift_line_buffer_array_ap_fixed_16_6_5_3_0_7u_config5_s' [/home/work1/Works/CNN-Core-Generator/cnn_core_project/cnn_core_prj/solution1/syn/verilog/cnn_core_shift_line_buffer_array_ap_fixed_16_6_5_3_0_7u_config5_s.v:9]
INFO: [Synth 8-6157] synthesizing module 'cnn_core_shift_line_buffer_array_ap_fixed_16_6_5_3_0_7u_config5_s_void_pooling2d_cl_stg8j' [/home/work1/Works/CNN-Core-Generator/cnn_core_project/cnn_core_prj/solution1/syn/verilog/cnn_core_shift_line_buffer_array_ap_fixed_16_6_5_3_0_7u_config5_s_void_pooling2d_cl_stg8j.v:50]
	Parameter DataWidth bound to: 16 - type: integer 
	Parameter AddressRange bound to: 4 - type: integer 
	Parameter AddressWidth bound to: 2 - type: integer 
INFO: [Synth 8-6157] synthesizing module 'cnn_core_shift_line_buffer_array_ap_fixed_16_6_5_3_0_7u_config5_s_void_pooling2d_cl_stg8j_core' [/home/work1/Works/CNN-Core-Generator/cnn_core_project/cnn_core_prj/solution1/syn/verilog/cnn_core_shift_line_buffer_array_ap_fixed_16_6_5_3_0_7u_config5_s_void_pooling2d_cl_stg8j.v:9]
	Parameter DATA_WIDTH bound to: 16 - type: integer 
	Parameter ADDR_WIDTH bound to: 2 - type: integer 
	Parameter DEPTH bound to: 4 - type: integer 
INFO: [Synth 8-6155] done synthesizing module 'cnn_core_shift_line_buffer_array_ap_fixed_16_6_5_3_0_7u_config5_s_void_pooling2d_cl_stg8j_core' (0#1) [/home/work1/Works/CNN-Core-Generator/cnn_core_project/cnn_core_prj/solution1/syn/verilog/cnn_core_shift_line_buffer_array_ap_fixed_16_6_5_3_0_7u_config5_s_void_pooling2d_cl_stg8j.v:9]
INFO: [Synth 8-6155] done synthesizing module 'cnn_core_shift_line_buffer_array_ap_fixed_16_6_5_3_0_7u_config5_s_void_pooling2d_cl_stg8j' (0#1) [/home/work1/Works/CNN-Core-Generator/cnn_core_project/cnn_core_prj/solution1/syn/verilog/cnn_core_shift_line_buffer_array_ap_fixed_16_6_5_3_0_7u_config5_s_void_pooling2d_cl_stg8j.v:50]
INFO: [Synth 8-6155] done synthesizing module 'cnn_core_shift_line_buffer_array_ap_fixed_16_6_5_3_0_7u_config5_s' (0#1) [/home/work1/Works/CNN-Core-Generator/cnn_core_project/cnn_core_prj/solution1/syn/verilog/cnn_core_shift_line_buffer_array_ap_fixed_16_6_5_3_0_7u_config5_s.v:9]
INFO: [Synth 8-6155] done synthesizing module 'cnn_core_pooling2d_cl_array_ap_fixed_7u_array_ap_fixed_16_6_5_3_0_7u_config5_s' (0#1) [/home/work1/Works/CNN-Core-Generator/cnn_core_project/cnn_core_prj/solution1/syn/verilog/cnn_core_pooling2d_cl_array_ap_fixed_7u_array_ap_fixed_16_6_5_3_0_7u_config5_s.v:9]
INFO: [Synth 8-6157] synthesizing module 'cnn_core_dense_array_ap_fixed_7u_array_ap_fixed_9_5_5_3_0_1u_config7_s' [/home/work1/Works/CNN-Core-Generator/cnn_core_project/cnn_core_prj/solution1/syn/verilog/cnn_core_dense_array_ap_fixed_7u_array_ap_fixed_9_5_5_3_0_1u_config7_s.v:9]
INFO: [Synth 8-6157] synthesizing module 'cnn_core_dense_array_array_ap_fixed_9_5_5_3_0_1u_config7_Pipeline_DataPrepare' [/home/work1/Works/CNN-Core-Generator/cnn_core_project/cnn_core_prj/solution1/syn/verilog/cnn_core_dense_array_array_ap_fixed_9_5_5_3_0_1u_config7_Pipeline_DataPrepare.v:9]
INFO: [Synth 8-6157] synthesizing module 'cnn_core_flow_control_loop_pipe_sequential_init' [/home/work1/Works/CNN-Core-Generator/cnn_core_project/cnn_core_prj/solution1/syn/verilog/cnn_core_flow_control_loop_pipe_sequential_init.v:11]
INFO: [Synth 8-6155] done synthesizing module 'cnn_core_flow_control_loop_pipe_sequential_init' (0#1) [/home/work1/Works/CNN-Core-Generator/cnn_core_project/cnn_core_prj/solution1/syn/verilog/cnn_core_flow_control_loop_pipe_sequential_init.v:11]
INFO: [Synth 8-6155] done synthesizing module 'cnn_core_dense_array_array_ap_fixed_9_5_5_3_0_1u_config7_Pipeline_DataPrepare' (0#1) [/home/work1/Works/CNN-Core-Generator/cnn_core_project/cnn_core_prj/solution1/syn/verilog/cnn_core_dense_array_array_ap_fixed_9_5_5_3_0_1u_config7_Pipeline_DataPrepare.v:9]
INFO: [Synth 8-6157] synthesizing module 'cnn_core_dense_latency_wrapper_ap_fixed_ap_fixed_9_5_5_3_0_config7_s' [/home/work1/Works/CNN-Core-Generator/cnn_core_project/cnn_core_prj/solution1/syn/verilog/cnn_core_dense_latency_wrapper_ap_fixed_ap_fixed_9_5_5_3_0_config7_s.v:9]
INFO: [Synth 8-6157] synthesizing module 'cnn_core_mul_16s_6ns_19_1_1' [/home/work1/Works/CNN-Core-Generator/cnn_core_project/cnn_core_prj/solution1/syn/verilog/cnn_core_mul_16s_6ns_19_1_1.v:5]
	Parameter ID bound to: 1 - type: integer 
	Parameter NUM_STAGE bound to: 1 - type: integer 
	Parameter din0_WIDTH bound to: 16 - type: integer 
	Parameter din1_WIDTH bound to: 6 - type: integer 
	Parameter dout_WIDTH bound to: 19 - type: integer 
INFO: [Synth 8-6155] done synthesizing module 'cnn_core_mul_16s_6ns_19_1_1' (0#1) [/home/work1/Works/CNN-Core-Generator/cnn_core_project/cnn_core_prj/solution1/syn/verilog/cnn_core_mul_16s_6ns_19_1_1.v:5]
INFO: [Synth 8-6157] synthesizing module 'cnn_core_mul_16s_5ns_19_1_1' [/home/work1/Works/CNN-Core-Generator/cnn_core_project/cnn_core_prj/solution1/syn/verilog/cnn_core_mul_16s_5ns_19_1_1.v:5]
	Parameter ID bound to: 1 - type: integer 
	Parameter NUM_STAGE bound to: 1 - type: integer 
	Parameter din0_WIDTH bound to: 16 - type: integer 
	Parameter din1_WIDTH bound to: 5 - type: integer 
	Parameter dout_WIDTH bound to: 19 - type: integer 
INFO: [Synth 8-6155] done synthesizing module 'cnn_core_mul_16s_5ns_19_1_1' (0#1) [/home/work1/Works/CNN-Core-Generator/cnn_core_project/cnn_core_prj/solution1/syn/verilog/cnn_core_mul_16s_5ns_19_1_1.v:5]
INFO: [Synth 8-6155] done synthesizing module 'cnn_core_dense_latency_wrapper_ap_fixed_ap_fixed_9_5_5_3_0_config7_s' (0#1) [/home/work1/Works/CNN-Core-Generator/cnn_core_project/cnn_core_prj/solution1/syn/verilog/cnn_core_dense_latency_wrapper_ap_fixed_ap_fixed_9_5_5_3_0_config7_s.v:9]
INFO: [Synth 8-6157] synthesizing module 'cnn_core_regslice_both__parameterized0' [/home/work1/Works/CNN-Core-Generator/cnn_core_project/cnn_core_prj/solution1/syn/verilog/cnn_core_regslice_both.v:11]
	Parameter DataWidth bound to: 16 - type: integer 
INFO: [Synth 8-6155] done synthesizing module 'cnn_core_regslice_both__parameterized0' (0#1) [/home/work1/Works/CNN-Core-Generator/cnn_core_project/cnn_core_prj/solution1/syn/verilog/cnn_core_regslice_both.v:11]
INFO: [Synth 8-6155] done synthesizing module 'cnn_core_dense_array_ap_fixed_7u_array_ap_fixed_9_5_5_3_0_1u_config7_s' (0#1) [/home/work1/Works/CNN-Core-Generator/cnn_core_project/cnn_core_prj/solution1/syn/verilog/cnn_core_dense_array_ap_fixed_7u_array_ap_fixed_9_5_5_3_0_1u_config7_s.v:9]
INFO: [Synth 8-6157] synthesizing module 'cnn_core_fifo_w12_d1024_A' [/home/work1/Works/CNN-Core-Generator/cnn_core_project/cnn_core_prj/solution1/syn/verilog/cnn_core_fifo_w12_d1024_A.v:11]
INFO: [Synth 8-6157] synthesizing module 'cnn_core_fifo_w12_d1024_A_ram' [/home/work1/Works/CNN-Core-Generator/cnn_core_project/cnn_core_prj/solution1/syn/verilog/cnn_core_fifo_w12_d1024_A.v:188]
	Parameter MEM_STYLE bound to: auto - type: string 
	Parameter DATA_WIDTH bound to: 12 - type: integer 
	Parameter ADDR_WIDTH bound to: 10 - type: integer 
	Parameter DEPTH bound to: 1023 - type: integer 
INFO: [Synth 8-6155] done synthesizing module 'cnn_core_fifo_w12_d1024_A_ram' (0#1) [/home/work1/Works/CNN-Core-Generator/cnn_core_project/cnn_core_prj/solution1/syn/verilog/cnn_core_fifo_w12_d1024_A.v:188]
INFO: [Synth 8-6155] done synthesizing module 'cnn_core_fifo_w12_d1024_A' (0#1) [/home/work1/Works/CNN-Core-Generator/cnn_core_project/cnn_core_prj/solution1/syn/verilog/cnn_core_fifo_w12_d1024_A.v:11]
INFO: [Synth 8-6157] synthesizing module 'cnn_core_fifo_w63_d336_A' [/home/work1/Works/CNN-Core-Generator/cnn_core_project/cnn_core_prj/solution1/syn/verilog/cnn_core_fifo_w63_d336_A.v:11]
INFO: [Synth 8-6157] synthesizing module 'cnn_core_fifo_w63_d336_A_ram' [/home/work1/Works/CNN-Core-Generator/cnn_core_project/cnn_core_prj/solution1/syn/verilog/cnn_core_fifo_w63_d336_A.v:188]
	Parameter MEM_STYLE bound to: auto - type: string 
	Parameter DATA_WIDTH bound to: 63 - type: integer 
	Parameter ADDR_WIDTH bound to: 9 - type: integer 
	Parameter DEPTH bound to: 335 - type: integer 
INFO: [Synth 8-6155] done synthesizing module 'cnn_core_fifo_w63_d336_A_ram' (0#1) [/home/work1/Works/CNN-Core-Generator/cnn_core_project/cnn_core_prj/solution1/syn/verilog/cnn_core_fifo_w63_d336_A.v:188]
INFO: [Synth 8-6155] done synthesizing module 'cnn_core_fifo_w63_d336_A' (0#1) [/home/work1/Works/CNN-Core-Generator/cnn_core_project/cnn_core_prj/solution1/syn/verilog/cnn_core_fifo_w63_d336_A.v:11]
INFO: [Synth 8-6157] synthesizing module 'cnn_core_fifo_w112_d336_A' [/home/work1/Works/CNN-Core-Generator/cnn_core_project/cnn_core_prj/solution1/syn/verilog/cnn_core_fifo_w112_d336_A.v:11]
INFO: [Synth 8-6157] synthesizing module 'cnn_core_fifo_w112_d336_A_ram' [/home/work1/Works/CNN-Core-Generator/cnn_core_project/cnn_core_prj/solution1/syn/verilog/cnn_core_fifo_w112_d336_A.v:188]
	Parameter MEM_STYLE bound to: auto - type: string 
	Parameter DATA_WIDTH bound to: 112 - type: integer 
	Parameter ADDR_WIDTH bound to: 9 - type: integer 
	Parameter DEPTH bound to: 335 - type: integer 
INFO: [Synth 8-6155] done synthesizing module 'cnn_core_fifo_w112_d336_A_ram' (0#1) [/home/work1/Works/CNN-Core-Generator/cnn_core_project/cnn_core_prj/solution1/syn/verilog/cnn_core_fifo_w112_d336_A.v:188]
INFO: [Synth 8-6155] done synthesizing module 'cnn_core_fifo_w112_d336_A' (0#1) [/home/work1/Works/CNN-Core-Generator/cnn_core_project/cnn_core_prj/solution1/syn/verilog/cnn_core_fifo_w112_d336_A.v:11]
INFO: [Synth 8-6157] synthesizing module 'cnn_core_fifo_w112_d168_A' [/home/work1/Works/CNN-Core-Generator/cnn_core_project/cnn_core_prj/solution1/syn/verilog/cnn_core_fifo_w112_d168_A.v:11]
INFO: [Synth 8-6157] synthesizing module 'cnn_core_fifo_w112_d168_A_ram' [/home/work1/Works/CNN-Core-Generator/cnn_core_project/cnn_core_prj/solution1/syn/verilog/cnn_core_fifo_w112_d168_A.v:188]
	Parameter MEM_STYLE bound to: auto - type: string 
	Parameter DATA_WIDTH bound to: 112 - type: integer 
	Parameter ADDR_WIDTH bound to: 8 - type: integer 
	Parameter DEPTH bound to: 167 - type: integer 
INFO: [Synth 8-6155] done synthesizing module 'cnn_core_fifo_w112_d168_A_ram' (0#1) [/home/work1/Works/CNN-Core-Generator/cnn_core_project/cnn_core_prj/solution1/syn/verilog/cnn_core_fifo_w112_d168_A.v:188]
INFO: [Synth 8-6155] done synthesizing module 'cnn_core_fifo_w112_d168_A' (0#1) [/home/work1/Works/CNN-Core-Generator/cnn_core_project/cnn_core_prj/solution1/syn/verilog/cnn_core_fifo_w112_d168_A.v:11]
INFO: [Synth 8-6157] synthesizing module 'cnn_core_start_for_conv_2d_cl_array_ap_fixed_1u_array_ap_fixed_9_5_5_3_0_7u_config3_U0' [/home/work1/Works/CNN-Core-Generator/cnn_core_project/cnn_core_prj/solution1/syn/verilog/cnn_core_start_for_conv_2d_cl_array_ap_fixed_1u_array_ap_fixed_9_5_5_3_0_7u_config3_U0.v:11]
INFO: [Synth 8-6157] synthesizing module 'cnn_core_start_for_conv_2d_cl_array_ap_fixed_1u_array_ap_fixed_9_5_5_3_0_7u_config3_U0_ShiftReg' [/home/work1/Works/CNN-Core-Generator/cnn_core_project/cnn_core_prj/solution1/syn/verilog/cnn_core_start_for_conv_2d_cl_array_ap_fixed_1u_array_ap_fixed_9_5_5_3_0_7u_config3_U0.v:117]
	Parameter DATA_WIDTH bound to: 1 - type: integer 
	Parameter ADDR_WIDTH bound to: 1 - type: integer 
	Parameter DEPTH bound to: 2 - type: integer 
INFO: [Synth 8-6155] done synthesizing module 'cnn_core_start_for_conv_2d_cl_array_ap_fixed_1u_array_ap_fixed_9_5_5_3_0_7u_config3_U0_ShiftReg' (0#1) [/home/work1/Works/CNN-Core-Generator/cnn_core_project/cnn_core_prj/solution1/syn/verilog/cnn_core_start_for_conv_2d_cl_array_ap_fixed_1u_array_ap_fixed_9_5_5_3_0_7u_config3_U0.v:117]
WARNING: [Synth 8-7071] port 'reset' of module 'cnn_core_start_for_conv_2d_cl_array_ap_fixed_1u_array_ap_fixed_9_5_5_3_0_7u_config3_U0_ShiftReg' is unconnected for instance 'U_cnn_core_start_for_conv_2d_cl_array_ap_fixed_1u_array_ap_fixed_9_5_5_3_0_7u_config3_U0_ShiftReg' [/home/work1/Works/CNN-Core-Generator/cnn_core_project/cnn_core_prj/solution1/syn/verilog/cnn_core_start_for_conv_2d_cl_array_ap_fixed_1u_array_ap_fixed_9_5_5_3_0_7u_config3_U0.v:50]
WARNING: [Synth 8-7023] instance 'U_cnn_core_start_for_conv_2d_cl_array_ap_fixed_1u_array_ap_fixed_9_5_5_3_0_7u_config3_U0_ShiftReg' of module 'cnn_core_start_for_conv_2d_cl_array_ap_fixed_1u_array_ap_fixed_9_5_5_3_0_7u_config3_U0_ShiftReg' has 6 connections declared, but only 5 given [/home/work1/Works/CNN-Core-Generator/cnn_core_project/cnn_core_prj/solution1/syn/verilog/cnn_core_start_for_conv_2d_cl_array_ap_fixed_1u_array_ap_fixed_9_5_5_3_0_7u_config3_U0.v:50]
INFO: [Synth 8-6155] done synthesizing module 'cnn_core_start_for_conv_2d_cl_array_ap_fixed_1u_array_ap_fixed_9_5_5_3_0_7u_config3_U0' (0#1) [/home/work1/Works/CNN-Core-Generator/cnn_core_project/cnn_core_prj/solution1/syn/verilog/cnn_core_start_for_conv_2d_cl_array_ap_fixed_1u_array_ap_fixed_9_5_5_3_0_7u_config3_U0.v:11]
INFO: [Synth 8-6157] synthesizing module 'cnn_core_start_for_relu_array_ap_fixed_7u_array_ap_fixed_16_6_5_3_0_7u_relu_config4_U0' [/home/work1/Works/CNN-Core-Generator/cnn_core_project/cnn_core_prj/solution1/syn/verilog/cnn_core_start_for_relu_array_ap_fixed_7u_array_ap_fixed_16_6_5_3_0_7u_relu_config4_U0.v:11]
INFO: [Synth 8-6157] synthesizing module 'cnn_core_start_for_relu_array_ap_fixed_7u_array_ap_fixed_16_6_5_3_0_7u_relu_config4_U0_ShiftReg' [/home/work1/Works/CNN-Core-Generator/cnn_core_project/cnn_core_prj/solution1/syn/verilog/cnn_core_start_for_relu_array_ap_fixed_7u_array_ap_fixed_16_6_5_3_0_7u_relu_config4_U0.v:117]
	Parameter DATA_WIDTH bound to: 1 - type: integer 
	Parameter ADDR_WIDTH bound to: 1 - type: integer 
	Parameter DEPTH bound to: 2 - type: integer 
INFO: [Synth 8-6155] done synthesizing module 'cnn_core_start_for_relu_array_ap_fixed_7u_array_ap_fixed_16_6_5_3_0_7u_relu_config4_U0_ShiftReg' (0#1) [/home/work1/Works/CNN-Core-Generator/cnn_core_project/cnn_core_prj/solution1/syn/verilog/cnn_core_start_for_relu_array_ap_fixed_7u_array_ap_fixed_16_6_5_3_0_7u_relu_config4_U0.v:117]
WARNING: [Synth 8-7071] port 'reset' of module 'cnn_core_start_for_relu_array_ap_fixed_7u_array_ap_fixed_16_6_5_3_0_7u_relu_config4_U0_ShiftReg' is unconnected for instance 'U_cnn_core_start_for_relu_array_ap_fixed_7u_array_ap_fixed_16_6_5_3_0_7u_relu_config4_U0_ShiftReg' [/home/work1/Works/CNN-Core-Generator/cnn_core_project/cnn_core_prj/solution1/syn/verilog/cnn_core_start_for_relu_array_ap_fixed_7u_array_ap_fixed_16_6_5_3_0_7u_relu_config4_U0.v:50]
WARNING: [Synth 8-7023] instance 'U_cnn_core_start_for_relu_array_ap_fixed_7u_array_ap_fixed_16_6_5_3_0_7u_relu_config4_U0_ShiftReg' of module 'cnn_core_start_for_relu_array_ap_fixed_7u_array_ap_fixed_16_6_5_3_0_7u_relu_config4_U0_ShiftReg' has 6 connections declared, but only 5 given [/home/work1/Works/CNN-Core-Generator/cnn_core_project/cnn_core_prj/solution1/syn/verilog/cnn_core_start_for_relu_array_ap_fixed_7u_array_ap_fixed_16_6_5_3_0_7u_relu_config4_U0.v:50]
INFO: [Synth 8-6155] done synthesizing module 'cnn_core_start_for_relu_array_ap_fixed_7u_array_ap_fixed_16_6_5_3_0_7u_relu_config4_U0' (0#1) [/home/work1/Works/CNN-Core-Generator/cnn_core_project/cnn_core_prj/solution1/syn/verilog/cnn_core_start_for_relu_array_ap_fixed_7u_array_ap_fixed_16_6_5_3_0_7u_relu_config4_U0.v:11]
INFO: [Synth 8-6157] synthesizing module 'cnn_core_start_for_pooling2d_cl_array_ap_fixed_7u_array_ap_fixed_16_6_5_3_0_7u_config5ncg' [/home/work1/Works/CNN-Core-Generator/cnn_core_project/cnn_core_prj/solution1/syn/verilog/cnn_core_start_for_pooling2d_cl_array_ap_fixed_7u_array_ap_fixed_16_6_5_3_0_7u_config5ncg.v:11]
INFO: [Synth 8-6157] synthesizing module 'cnn_core_start_for_pooling2d_cl_array_ap_fixed_7u_array_ap_fixed_16_6_5_3_0_7u_config5ncg_ShiftReg' [/home/work1/Works/CNN-Core-Generator/cnn_core_project/cnn_core_prj/solution1/syn/verilog/cnn_core_start_for_pooling2d_cl_array_ap_fixed_7u_array_ap_fixed_16_6_5_3_0_7u_config5ncg.v:117]
	Parameter DATA_WIDTH bound to: 1 - type: integer 
	Parameter ADDR_WIDTH bound to: 1 - type: integer 
	Parameter DEPTH bound to: 2 - type: integer 
INFO: [Synth 8-6155] done synthesizing module 'cnn_core_start_for_pooling2d_cl_array_ap_fixed_7u_array_ap_fixed_16_6_5_3_0_7u_config5ncg_ShiftReg' (0#1) [/home/work1/Works/CNN-Core-Generator/cnn_core_project/cnn_core_prj/solution1/syn/verilog/cnn_core_start_for_pooling2d_cl_array_ap_fixed_7u_array_ap_fixed_16_6_5_3_0_7u_config5ncg.v:117]
WARNING: [Synth 8-7071] port 'reset' of module 'cnn_core_start_for_pooling2d_cl_array_ap_fixed_7u_array_ap_fixed_16_6_5_3_0_7u_config5ncg_ShiftReg' is unconnected for instance 'U_cnn_core_start_for_pooling2d_cl_array_ap_fixed_7u_array_ap_fixed_16_6_5_3_0_7u_config5ncg_ShiftReg' [/home/work1/Works/CNN-Core-Generator/cnn_core_project/cnn_core_prj/solution1/syn/verilog/cnn_core_start_for_pooling2d_cl_array_ap_fixed_7u_array_ap_fixed_16_6_5_3_0_7u_config5ncg.v:50]
WARNING: [Synth 8-7023] instance 'U_cnn_core_start_for_pooling2d_cl_array_ap_fixed_7u_array_ap_fixed_16_6_5_3_0_7u_config5ncg_ShiftReg' of module 'cnn_core_start_for_pooling2d_cl_array_ap_fixed_7u_array_ap_fixed_16_6_5_3_0_7u_config5ncg_ShiftReg' has 6 connections declared, but only 5 given [/home/work1/Works/CNN-Core-Generator/cnn_core_project/cnn_core_prj/solution1/syn/verilog/cnn_core_start_for_pooling2d_cl_array_ap_fixed_7u_array_ap_fixed_16_6_5_3_0_7u_config5ncg.v:50]
INFO: [Synth 8-6155] done synthesizing module 'cnn_core_start_for_pooling2d_cl_array_ap_fixed_7u_array_ap_fixed_16_6_5_3_0_7u_config5ncg' (0#1) [/home/work1/Works/CNN-Core-Generator/cnn_core_project/cnn_core_prj/solution1/syn/verilog/cnn_core_start_for_pooling2d_cl_array_ap_fixed_7u_array_ap_fixed_16_6_5_3_0_7u_config5ncg.v:11]
INFO: [Synth 8-6157] synthesizing module 'cnn_core_start_for_dense_array_ap_fixed_7u_array_ap_fixed_9_5_5_3_0_1u_config7_U0' [/home/work1/Works/CNN-Core-Generator/cnn_core_project/cnn_core_prj/solution1/syn/verilog/cnn_core_start_for_dense_array_ap_fixed_7u_array_ap_fixed_9_5_5_3_0_1u_config7_U0.v:11]
INFO: [Synth 8-6157] synthesizing module 'cnn_core_start_for_dense_array_ap_fixed_7u_array_ap_fixed_9_5_5_3_0_1u_config7_U0_ShiftReg' [/home/work1/Works/CNN-Core-Generator/cnn_core_project/cnn_core_prj/solution1/syn/verilog/cnn_core_start_for_dense_array_ap_fixed_7u_array_ap_fixed_9_5_5_3_0_1u_config7_U0.v:117]
	Parameter DATA_WIDTH bound to: 1 - type: integer 
	Parameter ADDR_WIDTH bound to: 1 - type: integer 
	Parameter DEPTH bound to: 2 - type: integer 
INFO: [Synth 8-6155] done synthesizing module 'cnn_core_start_for_dense_array_ap_fixed_7u_array_ap_fixed_9_5_5_3_0_1u_config7_U0_ShiftReg' (0#1) [/home/work1/Works/CNN-Core-Generator/cnn_core_project/cnn_core_prj/solution1/syn/verilog/cnn_core_start_for_dense_array_ap_fixed_7u_array_ap_fixed_9_5_5_3_0_1u_config7_U0.v:117]
WARNING: [Synth 8-7071] port 'reset' of module 'cnn_core_start_for_dense_array_ap_fixed_7u_array_ap_fixed_9_5_5_3_0_1u_config7_U0_ShiftReg' is unconnected for instance 'U_cnn_core_start_for_dense_array_ap_fixed_7u_array_ap_fixed_9_5_5_3_0_1u_config7_U0_ShiftReg' [/home/work1/Works/CNN-Core-Generator/cnn_core_project/cnn_core_prj/solution1/syn/verilog/cnn_core_start_for_dense_array_ap_fixed_7u_array_ap_fixed_9_5_5_3_0_1u_config7_U0.v:50]
WARNING: [Synth 8-7023] instance 'U_cnn_core_start_for_dense_array_ap_fixed_7u_array_ap_fixed_9_5_5_3_0_1u_config7_U0_ShiftReg' of module 'cnn_core_start_for_dense_array_ap_fixed_7u_array_ap_fixed_9_5_5_3_0_1u_config7_U0_ShiftReg' has 6 connections declared, but only 5 given [/home/work1/Works/CNN-Core-Generator/cnn_core_project/cnn_core_prj/solution1/syn/verilog/cnn_core_start_for_dense_array_ap_fixed_7u_array_ap_fixed_9_5_5_3_0_1u_config7_U0.v:50]
INFO: [Synth 8-6155] done synthesizing module 'cnn_core_start_for_dense_array_ap_fixed_7u_array_ap_fixed_9_5_5_3_0_1u_config7_U0' (0#1) [/home/work1/Works/CNN-Core-Generator/cnn_core_project/cnn_core_prj/solution1/syn/verilog/cnn_core_start_for_dense_array_ap_fixed_7u_array_ap_fixed_9_5_5_3_0_1u_config7_U0.v:11]
INFO: [Synth 8-6155] done synthesizing module 'cnn_core' (0#1) [/home/work1/Works/CNN-Core-Generator/cnn_core_project/cnn_core_prj/solution1/syn/verilog/cnn_core.v:9]
WARNING: [Synth 8-7129] Port reset in module cnn_core_start_for_dense_array_ap_fixed_7u_array_ap_fixed_9_5_5_3_0_1u_config7_U0_ShiftReg is either unconnected or has no load
WARNING: [Synth 8-7129] Port reset in module cnn_core_start_for_pooling2d_cl_array_ap_fixed_7u_array_ap_fixed_16_6_5_3_0_7u_config5ncg_ShiftReg is either unconnected or has no load
WARNING: [Synth 8-7129] Port reset in module cnn_core_start_for_relu_array_ap_fixed_7u_array_ap_fixed_16_6_5_3_0_7u_relu_config4_U0_ShiftReg is either unconnected or has no load
WARNING: [Synth 8-7129] Port reset in module cnn_core_start_for_conv_2d_cl_array_ap_fixed_1u_array_ap_fixed_9_5_5_3_0_7u_config3_U0_ShiftReg is either unconnected or has no load
WARNING: [Synth 8-7129] Port ap_rst in module cnn_core_dense_latency_wrapper_ap_fixed_ap_fixed_9_5_5_3_0_config7_s is either unconnected or has no load
WARNING: [Synth 8-7129] Port layer5_out_num_data_valid[8] in module cnn_core_dense_array_array_ap_fixed_9_5_5_3_0_1u_config7_Pipeline_DataPrepare is either unconnected or has no load
WARNING: [Synth 8-7129] Port layer5_out_num_data_valid[7] in module cnn_core_dense_array_array_ap_fixed_9_5_5_3_0_1u_config7_Pipeline_DataPrepare is either unconnected or has no load
WARNING: [Synth 8-7129] Port layer5_out_num_data_valid[6] in module cnn_core_dense_array_array_ap_fixed_9_5_5_3_0_1u_config7_Pipeline_DataPrepare is either unconnected or has no load
WARNING: [Synth 8-7129] Port layer5_out_num_data_valid[5] in module cnn_core_dense_array_array_ap_fixed_9_5_5_3_0_1u_config7_Pipeline_DataPrepare is either unconnected or has no load
WARNING: [Synth 8-7129] Port layer5_out_num_data_valid[4] in module cnn_core_dense_array_array_ap_fixed_9_5_5_3_0_1u_config7_Pipeline_DataPrepare is either unconnected or has no load
WARNING: [Synth 8-7129] Port layer5_out_num_data_valid[3] in module cnn_core_dense_array_array_ap_fixed_9_5_5_3_0_1u_config7_Pipeline_DataPrepare is either unconnected or has no load
WARNING: [Synth 8-7129] Port layer5_out_num_data_valid[2] in module cnn_core_dense_array_array_ap_fixed_9_5_5_3_0_1u_config7_Pipeline_DataPrepare is either unconnected or has no load
WARNING: [Synth 8-7129] Port layer5_out_num_data_valid[1] in module cnn_core_dense_array_array_ap_fixed_9_5_5_3_0_1u_config7_Pipeline_DataPrepare is either unconnected or has no load
WARNING: [Synth 8-7129] Port layer5_out_num_data_valid[0] in module cnn_core_dense_array_array_ap_fixed_9_5_5_3_0_1u_config7_Pipeline_DataPrepare is either unconnected or has no load
WARNING: [Synth 8-7129] Port layer5_out_fifo_cap[8] in module cnn_core_dense_array_array_ap_fixed_9_5_5_3_0_1u_config7_Pipeline_DataPrepare is either unconnected or has no load
WARNING: [Synth 8-7129] Port layer5_out_fifo_cap[7] in module cnn_core_dense_array_array_ap_fixed_9_5_5_3_0_1u_config7_Pipeline_DataPrepare is either unconnected or has no load
WARNING: [Synth 8-7129] Port layer5_out_fifo_cap[6] in module cnn_core_dense_array_array_ap_fixed_9_5_5_3_0_1u_config7_Pipeline_DataPrepare is either unconnected or has no load
WARNING: [Synth 8-7129] Port layer5_out_fifo_cap[5] in module cnn_core_dense_array_array_ap_fixed_9_5_5_3_0_1u_config7_Pipeline_DataPrepare is either unconnected or has no load
WARNING: [Synth 8-7129] Port layer5_out_fifo_cap[4] in module cnn_core_dense_array_array_ap_fixed_9_5_5_3_0_1u_config7_Pipeline_DataPrepare is either unconnected or has no load
WARNING: [Synth 8-7129] Port layer5_out_fifo_cap[3] in module cnn_core_dense_array_array_ap_fixed_9_5_5_3_0_1u_config7_Pipeline_DataPrepare is either unconnected or has no load
WARNING: [Synth 8-7129] Port layer5_out_fifo_cap[2] in module cnn_core_dense_array_array_ap_fixed_9_5_5_3_0_1u_config7_Pipeline_DataPrepare is either unconnected or has no load
WARNING: [Synth 8-7129] Port layer5_out_fifo_cap[1] in module cnn_core_dense_array_array_ap_fixed_9_5_5_3_0_1u_config7_Pipeline_DataPrepare is either unconnected or has no load
WARNING: [Synth 8-7129] Port layer5_out_fifo_cap[0] in module cnn_core_dense_array_array_ap_fixed_9_5_5_3_0_1u_config7_Pipeline_DataPrepare is either unconnected or has no load
WARNING: [Synth 8-7129] Port layer5_out_num_data_valid[8] in module cnn_core_dense_array_ap_fixed_7u_array_ap_fixed_9_5_5_3_0_1u_config7_s is either unconnected or has no load
WARNING: [Synth 8-7129] Port layer5_out_num_data_valid[7] in module cnn_core_dense_array_ap_fixed_7u_array_ap_fixed_9_5_5_3_0_1u_config7_s is either unconnected or has no load
WARNING: [Synth 8-7129] Port layer5_out_num_data_valid[6] in module cnn_core_dense_array_ap_fixed_7u_array_ap_fixed_9_5_5_3_0_1u_config7_s is either unconnected or has no load
WARNING: [Synth 8-7129] Port layer5_out_num_data_valid[5] in module cnn_core_dense_array_ap_fixed_7u_array_ap_fixed_9_5_5_3_0_1u_config7_s is either unconnected or has no load
WARNING: [Synth 8-7129] Port layer5_out_num_data_valid[4] in module cnn_core_dense_array_ap_fixed_7u_array_ap_fixed_9_5_5_3_0_1u_config7_s is either unconnected or has no load
WARNING: [Synth 8-7129] Port layer5_out_num_data_valid[3] in module cnn_core_dense_array_ap_fixed_7u_array_ap_fixed_9_5_5_3_0_1u_config7_s is either unconnected or has no load
WARNING: [Synth 8-7129] Port layer5_out_num_data_valid[2] in module cnn_core_dense_array_ap_fixed_7u_array_ap_fixed_9_5_5_3_0_1u_config7_s is either unconnected or has no load
WARNING: [Synth 8-7129] Port layer5_out_num_data_valid[1] in module cnn_core_dense_array_ap_fixed_7u_array_ap_fixed_9_5_5_3_0_1u_config7_s is either unconnected or has no load
WARNING: [Synth 8-7129] Port layer5_out_num_data_valid[0] in module cnn_core_dense_array_ap_fixed_7u_array_ap_fixed_9_5_5_3_0_1u_config7_s is either unconnected or has no load
WARNING: [Synth 8-7129] Port layer5_out_fifo_cap[8] in module cnn_core_dense_array_ap_fixed_7u_array_ap_fixed_9_5_5_3_0_1u_config7_s is either unconnected or has no load
WARNING: [Synth 8-7129] Port layer5_out_fifo_cap[7] in module cnn_core_dense_array_ap_fixed_7u_array_ap_fixed_9_5_5_3_0_1u_config7_s is either unconnected or has no load
WARNING: [Synth 8-7129] Port layer5_out_fifo_cap[6] in module cnn_core_dense_array_ap_fixed_7u_array_ap_fixed_9_5_5_3_0_1u_config7_s is either unconnected or has no load
WARNING: [Synth 8-7129] Port layer5_out_fifo_cap[5] in module cnn_core_dense_array_ap_fixed_7u_array_ap_fixed_9_5_5_3_0_1u_config7_s is either unconnected or has no load
WARNING: [Synth 8-7129] Port layer5_out_fifo_cap[4] in module cnn_core_dense_array_ap_fixed_7u_array_ap_fixed_9_5_5_3_0_1u_config7_s is either unconnected or has no load
WARNING: [Synth 8-7129] Port layer5_out_fifo_cap[3] in module cnn_core_dense_array_ap_fixed_7u_array_ap_fixed_9_5_5_3_0_1u_config7_s is either unconnected or has no load
WARNING: [Synth 8-7129] Port layer5_out_fifo_cap[2] in module cnn_core_dense_array_ap_fixed_7u_array_ap_fixed_9_5_5_3_0_1u_config7_s is either unconnected or has no load
WARNING: [Synth 8-7129] Port layer5_out_fifo_cap[1] in module cnn_core_dense_array_ap_fixed_7u_array_ap_fixed_9_5_5_3_0_1u_config7_s is either unconnected or has no load
WARNING: [Synth 8-7129] Port layer5_out_fifo_cap[0] in module cnn_core_dense_array_ap_fixed_7u_array_ap_fixed_9_5_5_3_0_1u_config7_s is either unconnected or has no load
WARNING: [Synth 8-7129] Port ap_done_int in module cnn_core_flow_control_loop_pipe is either unconnected or has no load
WARNING: [Synth 8-7129] Port reset in module cnn_core_shift_line_buffer_array_ap_fixed_16_6_5_3_0_7u_config5_s_void_pooling2d_cl_stg8j is either unconnected or has no load
WARNING: [Synth 8-7129] Port ce0 in module cnn_core_shift_line_buffer_array_ap_fixed_16_6_5_3_0_7u_config5_s_void_pooling2d_cl_stg8j is either unconnected or has no load
WARNING: [Synth 8-7129] Port layer5_out_num_data_valid[8] in module cnn_core_pooling2d_cl_array_ap_fixed_7u_array_ap_fixed_16_6_5_3_0_7u_config5_s is either unconnected or has no load
WARNING: [Synth 8-7129] Port layer5_out_num_data_valid[7] in module cnn_core_pooling2d_cl_array_ap_fixed_7u_array_ap_fixed_16_6_5_3_0_7u_config5_s is either unconnected or has no load
WARNING: [Synth 8-7129] Port layer5_out_num_data_valid[6] in module cnn_core_pooling2d_cl_array_ap_fixed_7u_array_ap_fixed_16_6_5_3_0_7u_config5_s is either unconnected or has no load
WARNING: [Synth 8-7129] Port layer5_out_num_data_valid[5] in module cnn_core_pooling2d_cl_array_ap_fixed_7u_array_ap_fixed_16_6_5_3_0_7u_config5_s is either unconnected or has no load
WARNING: [Synth 8-7129] Port layer5_out_num_data_valid[4] in module cnn_core_pooling2d_cl_array_ap_fixed_7u_array_ap_fixed_16_6_5_3_0_7u_config5_s is either unconnected or has no load
WARNING: [Synth 8-7129] Port layer5_out_num_data_valid[3] in module cnn_core_pooling2d_cl_array_ap_fixed_7u_array_ap_fixed_16_6_5_3_0_7u_config5_s is either unconnected or has no load
WARNING: [Synth 8-7129] Port layer5_out_num_data_valid[2] in module cnn_core_pooling2d_cl_array_ap_fixed_7u_array_ap_fixed_16_6_5_3_0_7u_config5_s is either unconnected or has no load
WARNING: [Synth 8-7129] Port layer5_out_num_data_valid[1] in module cnn_core_pooling2d_cl_array_ap_fixed_7u_array_ap_fixed_16_6_5_3_0_7u_config5_s is either unconnected or has no load
WARNING: [Synth 8-7129] Port layer5_out_num_data_valid[0] in module cnn_core_pooling2d_cl_array_ap_fixed_7u_array_ap_fixed_16_6_5_3_0_7u_config5_s is either unconnected or has no load
WARNING: [Synth 8-7129] Port layer5_out_fifo_cap[8] in module cnn_core_pooling2d_cl_array_ap_fixed_7u_array_ap_fixed_16_6_5_3_0_7u_config5_s is either unconnected or has no load
WARNING: [Synth 8-7129] Port layer5_out_fifo_cap[7] in module cnn_core_pooling2d_cl_array_ap_fixed_7u_array_ap_fixed_16_6_5_3_0_7u_config5_s is either unconnected or has no load
WARNING: [Synth 8-7129] Port layer5_out_fifo_cap[6] in module cnn_core_pooling2d_cl_array_ap_fixed_7u_array_ap_fixed_16_6_5_3_0_7u_config5_s is either unconnected or has no load
WARNING: [Synth 8-7129] Port layer5_out_fifo_cap[5] in module cnn_core_pooling2d_cl_array_ap_fixed_7u_array_ap_fixed_16_6_5_3_0_7u_config5_s is either unconnected or has no load
WARNING: [Synth 8-7129] Port layer5_out_fifo_cap[4] in module cnn_core_pooling2d_cl_array_ap_fixed_7u_array_ap_fixed_16_6_5_3_0_7u_config5_s is either unconnected or has no load
WARNING: [Synth 8-7129] Port layer5_out_fifo_cap[3] in module cnn_core_pooling2d_cl_array_ap_fixed_7u_array_ap_fixed_16_6_5_3_0_7u_config5_s is either unconnected or has no load
WARNING: [Synth 8-7129] Port layer5_out_fifo_cap[2] in module cnn_core_pooling2d_cl_array_ap_fixed_7u_array_ap_fixed_16_6_5_3_0_7u_config5_s is either unconnected or has no load
WARNING: [Synth 8-7129] Port layer5_out_fifo_cap[1] in module cnn_core_pooling2d_cl_array_ap_fixed_7u_array_ap_fixed_16_6_5_3_0_7u_config5_s is either unconnected or has no load
WARNING: [Synth 8-7129] Port layer5_out_fifo_cap[0] in module cnn_core_pooling2d_cl_array_ap_fixed_7u_array_ap_fixed_16_6_5_3_0_7u_config5_s is either unconnected or has no load
WARNING: [Synth 8-7129] Port layer4_out_num_data_valid[9] in module cnn_core_pooling2d_cl_array_ap_fixed_7u_array_ap_fixed_16_6_5_3_0_7u_config5_s is either unconnected or has no load
WARNING: [Synth 8-7129] Port layer4_out_num_data_valid[8] in module cnn_core_pooling2d_cl_array_ap_fixed_7u_array_ap_fixed_16_6_5_3_0_7u_config5_s is either unconnected or has no load
WARNING: [Synth 8-7129] Port layer4_out_num_data_valid[7] in module cnn_core_pooling2d_cl_array_ap_fixed_7u_array_ap_fixed_16_6_5_3_0_7u_config5_s is either unconnected or has no load
WARNING: [Synth 8-7129] Port layer4_out_num_data_valid[6] in module cnn_core_pooling2d_cl_array_ap_fixed_7u_array_ap_fixed_16_6_5_3_0_7u_config5_s is either unconnected or has no load
WARNING: [Synth 8-7129] Port layer4_out_num_data_valid[5] in module cnn_core_pooling2d_cl_array_ap_fixed_7u_array_ap_fixed_16_6_5_3_0_7u_config5_s is either unconnected or has no load
WARNING: [Synth 8-7129] Port layer4_out_num_data_valid[4] in module cnn_core_pooling2d_cl_array_ap_fixed_7u_array_ap_fixed_16_6_5_3_0_7u_config5_s is either unconnected or has no load
WARNING: [Synth 8-7129] Port layer4_out_num_data_valid[3] in module cnn_core_pooling2d_cl_array_ap_fixed_7u_array_ap_fixed_16_6_5_3_0_7u_config5_s is either unconnected or has no load
WARNING: [Synth 8-7129] Port layer4_out_num_data_valid[2] in module cnn_core_pooling2d_cl_array_ap_fixed_7u_array_ap_fixed_16_6_5_3_0_7u_config5_s is either unconnected or has no load
WARNING: [Synth 8-7129] Port layer4_out_num_data_valid[1] in module cnn_core_pooling2d_cl_array_ap_fixed_7u_array_ap_fixed_16_6_5_3_0_7u_config5_s is either unconnected or has no load
WARNING: [Synth 8-7129] Port layer4_out_num_data_valid[0] in module cnn_core_pooling2d_cl_array_ap_fixed_7u_array_ap_fixed_16_6_5_3_0_7u_config5_s is either unconnected or has no load
WARNING: [Synth 8-7129] Port layer4_out_fifo_cap[9] in module cnn_core_pooling2d_cl_array_ap_fixed_7u_array_ap_fixed_16_6_5_3_0_7u_config5_s is either unconnected or has no load
WARNING: [Synth 8-7129] Port layer4_out_fifo_cap[8] in module cnn_core_pooling2d_cl_array_ap_fixed_7u_array_ap_fixed_16_6_5_3_0_7u_config5_s is either unconnected or has no load
WARNING: [Synth 8-7129] Port layer4_out_fifo_cap[7] in module cnn_core_pooling2d_cl_array_ap_fixed_7u_array_ap_fixed_16_6_5_3_0_7u_config5_s is either unconnected or has no load
WARNING: [Synth 8-7129] Port layer4_out_fifo_cap[6] in module cnn_core_pooling2d_cl_array_ap_fixed_7u_array_ap_fixed_16_6_5_3_0_7u_config5_s is either unconnected or has no load
WARNING: [Synth 8-7129] Port layer4_out_fifo_cap[5] in module cnn_core_pooling2d_cl_array_ap_fixed_7u_array_ap_fixed_16_6_5_3_0_7u_config5_s is either unconnected or has no load
WARNING: [Synth 8-7129] Port layer4_out_fifo_cap[4] in module cnn_core_pooling2d_cl_array_ap_fixed_7u_array_ap_fixed_16_6_5_3_0_7u_config5_s is either unconnected or has no load
WARNING: [Synth 8-7129] Port layer4_out_fifo_cap[3] in module cnn_core_pooling2d_cl_array_ap_fixed_7u_array_ap_fixed_16_6_5_3_0_7u_config5_s is either unconnected or has no load
WARNING: [Synth 8-7129] Port layer4_out_fifo_cap[2] in module cnn_core_pooling2d_cl_array_ap_fixed_7u_array_ap_fixed_16_6_5_3_0_7u_config5_s is either unconnected or has no load
WARNING: [Synth 8-7129] Port layer4_out_fifo_cap[1] in module cnn_core_pooling2d_cl_array_ap_fixed_7u_array_ap_fixed_16_6_5_3_0_7u_config5_s is either unconnected or has no load
WARNING: [Synth 8-7129] Port layer4_out_fifo_cap[0] in module cnn_core_pooling2d_cl_array_ap_fixed_7u_array_ap_fixed_16_6_5_3_0_7u_config5_s is either unconnected or has no load
WARNING: [Synth 8-7129] Port layer3_out_num_data_valid[9] in module cnn_core_relu_array_ap_fixed_7u_array_ap_fixed_16_6_5_3_0_7u_relu_config4_s is either unconnected or has no load
WARNING: [Synth 8-7129] Port layer3_out_num_data_valid[8] in module cnn_core_relu_array_ap_fixed_7u_array_ap_fixed_16_6_5_3_0_7u_relu_config4_s is either unconnected or has no load
WARNING: [Synth 8-7129] Port layer3_out_num_data_valid[7] in module cnn_core_relu_array_ap_fixed_7u_array_ap_fixed_16_6_5_3_0_7u_relu_config4_s is either unconnected or has no load
WARNING: [Synth 8-7129] Port layer3_out_num_data_valid[6] in module cnn_core_relu_array_ap_fixed_7u_array_ap_fixed_16_6_5_3_0_7u_relu_config4_s is either unconnected or has no load
WARNING: [Synth 8-7129] Port layer3_out_num_data_valid[5] in module cnn_core_relu_array_ap_fixed_7u_array_ap_fixed_16_6_5_3_0_7u_relu_config4_s is either unconnected or has no load
WARNING: [Synth 8-7129] Port layer3_out_num_data_valid[4] in module cnn_core_relu_array_ap_fixed_7u_array_ap_fixed_16_6_5_3_0_7u_relu_config4_s is either unconnected or has no load
WARNING: [Synth 8-7129] Port layer3_out_num_data_valid[3] in module cnn_core_relu_array_ap_fixed_7u_array_ap_fixed_16_6_5_3_0_7u_relu_config4_s is either unconnected or has no load
WARNING: [Synth 8-7129] Port layer3_out_num_data_valid[2] in module cnn_core_relu_array_ap_fixed_7u_array_ap_fixed_16_6_5_3_0_7u_relu_config4_s is either unconnected or has no load
WARNING: [Synth 8-7129] Port layer3_out_num_data_valid[1] in module cnn_core_relu_array_ap_fixed_7u_array_ap_fixed_16_6_5_3_0_7u_relu_config4_s is either unconnected or has no load
WARNING: [Synth 8-7129] Port layer3_out_num_data_valid[0] in module cnn_core_relu_array_ap_fixed_7u_array_ap_fixed_16_6_5_3_0_7u_relu_config4_s is either unconnected or has no load
WARNING: [Synth 8-7129] Port layer3_out_fifo_cap[9] in module cnn_core_relu_array_ap_fixed_7u_array_ap_fixed_16_6_5_3_0_7u_relu_config4_s is either unconnected or has no load
WARNING: [Synth 8-7129] Port layer3_out_fifo_cap[8] in module cnn_core_relu_array_ap_fixed_7u_array_ap_fixed_16_6_5_3_0_7u_relu_config4_s is either unconnected or has no load
WARNING: [Synth 8-7129] Port layer3_out_fifo_cap[7] in module cnn_core_relu_array_ap_fixed_7u_array_ap_fixed_16_6_5_3_0_7u_relu_config4_s is either unconnected or has no load
WARNING: [Synth 8-7129] Port layer3_out_fifo_cap[6] in module cnn_core_relu_array_ap_fixed_7u_array_ap_fixed_16_6_5_3_0_7u_relu_config4_s is either unconnected or has no load
WARNING: [Synth 8-7129] Port layer3_out_fifo_cap[5] in module cnn_core_relu_array_ap_fixed_7u_array_ap_fixed_16_6_5_3_0_7u_relu_config4_s is either unconnected or has no load
WARNING: [Synth 8-7129] Port layer3_out_fifo_cap[4] in module cnn_core_relu_array_ap_fixed_7u_array_ap_fixed_16_6_5_3_0_7u_relu_config4_s is either unconnected or has no load
WARNING: [Synth 8-7129] Port layer3_out_fifo_cap[3] in module cnn_core_relu_array_ap_fixed_7u_array_ap_fixed_16_6_5_3_0_7u_relu_config4_s is either unconnected or has no load
WARNING: [Synth 8-7129] Port layer3_out_fifo_cap[2] in module cnn_core_relu_array_ap_fixed_7u_array_ap_fixed_16_6_5_3_0_7u_relu_config4_s is either unconnected or has no load
INFO: [Common 17-14] Message 'Synth 8-7129' appears 100 times and further instances of the messages will be disabled. Use the Tcl command set_msg_config to change the current settings.
---------------------------------------------------------------------------------
Finished Synthesize : Time (s): cpu = 00:00:05 ; elapsed = 00:00:05 . Memory (MB): peak = 1976.336 ; gain = 604.715 ; free physical = 253 ; free virtual = 38974
---------------------------------------------------------------------------------
---------------------------------------------------------------------------------
Finished Constraint Validation : Time (s): cpu = 00:00:06 ; elapsed = 00:00:06 . Memory (MB): peak = 1976.336 ; gain = 604.715 ; free physical = 254 ; free virtual = 38974
---------------------------------------------------------------------------------
---------------------------------------------------------------------------------
Start Loading Part and Timing Information
---------------------------------------------------------------------------------
Loading part: xcku5p-ffvb676-2-e
INFO: [Synth 8-6742] Reading net delay rules and data
INFO: [Device 21-403] Loading part xcku5p-ffvb676-2-e
---------------------------------------------------------------------------------
Finished Loading Part and Timing Information : Time (s): cpu = 00:00:06 ; elapsed = 00:00:06 . Memory (MB): peak = 1984.340 ; gain = 612.719 ; free physical = 255 ; free virtual = 38975
---------------------------------------------------------------------------------
INFO: [Synth 8-4490] FSM extraction disabled for register 'ap_CS_fsm_reg' through user attribute
INFO: [Synth 8-4490] FSM extraction disabled for register 'ap_CS_fsm_reg' through user attribute
INFO: [Synth 8-4490] FSM extraction disabled for register 'ap_CS_fsm_reg' through user attribute
INFO: [Synth 8-4490] FSM extraction disabled for register 'ap_CS_fsm_reg' through user attribute
INFO: [Synth 8-4490] FSM extraction disabled for register 'ap_CS_fsm_reg' through user attribute
INFO: [Synth 8-7030] Implemented Non-Cascaded Block Ram (cascade_height = 1) of width 12 for RAM "cnn_core_repack_stream_array_ap_fixed_4u_array_ap_fixed_12_6_5_3_0_1u_1024_s_in_data_Rbkb:/ram_reg"
INFO: [Synth 8-3971] The signal "cnn_core_repack_stream_array_ap_fixed_4u_array_ap_fixed_12_6_5_3_0_1u_1024_s_in_data_Rbkb:/ram_reg" was recognized as a true dual port RAM template.
INFO: [Synth 8-7030] Implemented Non-Cascaded Block Ram (cascade_height = 1) of width 12 for RAM "cnn_core_fifo_w12_d1024_A_ram:/mem_reg"
INFO: [Synth 8-6794] RAM ("cnn_core_fifo_w112_d336_A_ram:/mem_reg") will be automatically implemented using URAM. 
INFO: [Synth 8-6794] RAM ("cnn_core_fifo_w112_d336_A_ram:/mem_reg") will be automatically implemented using URAM. 
INFO: [Synth 8-5780] Default cascade height of 1 will be used for URAM '"cnn_core_fifo_w112_d336_A_ram:/mem_reg"'.
---------------------------------------------------------------------------------
Finished RTL Optimization Phase 2 : Time (s): cpu = 00:00:09 ; elapsed = 00:00:08 . Memory (MB): peak = 2783.762 ; gain = 1412.141 ; free physical = 279 ; free virtual = 38249
---------------------------------------------------------------------------------
No constraint files found.
---------------------------------------------------------------------------------
Start RTL Component Statistics 
---------------------------------------------------------------------------------
Detailed RTL Component Info : 
+---Adders : 
	   2 Input   32 Bit       Adders := 6     
	   3 Input   19 Bit       Adders := 60    
	   2 Input   19 Bit       Adders := 31    
	   2 Input   15 Bit       Adders := 56    
	   4 Input   15 Bit       Adders := 56    
	  21 Input   15 Bit       Adders := 3     
	   3 Input   15 Bit       Adders := 22    
	   5 Input   15 Bit       Adders := 3     
	   9 Input   15 Bit       Adders := 2     
	  12 Input   15 Bit       Adders := 7     
	   6 Input   15 Bit       Adders := 13    
	   7 Input   15 Bit       Adders := 7     
	  37 Input   15 Bit       Adders := 1     
	  19 Input   15 Bit       Adders := 1     
	  17 Input   15 Bit       Adders := 1     
	  11 Input   15 Bit       Adders := 1     
	   8 Input   15 Bit       Adders := 1     
	   2 Input   14 Bit       Adders := 185   
	   2 Input   13 Bit       Adders := 23    
	   3 Input   13 Bit       Adders := 1     
	   2 Input   11 Bit       Adders := 4     
	   3 Input   11 Bit       Adders := 1     
	   2 Input   10 Bit       Adders := 6     
	   3 Input   10 Bit       Adders := 2     
	   2 Input    9 Bit       Adders := 8     
	   3 Input    9 Bit       Adders := 1     
	   2 Input    8 Bit       Adders := 3     
	   2 Input    3 Bit       Adders := 1     
	   2 Input    2 Bit       Adders := 4     
+---XORs : 
	   2 Input      1 Bit         XORs := 9     
+---Registers : 
	              112 Bit    Registers := 2     
	               64 Bit    Registers := 2     
	               63 Bit    Registers := 1     
	               32 Bit    Registers := 4     
	               16 Bit    Registers := 1596  
	               15 Bit    Registers := 172   
	               12 Bit    Registers := 9     
	               11 Bit    Registers := 6     
	               10 Bit    Registers := 8     
	                9 Bit    Registers := 16    
	                8 Bit    Registers := 11    
	                7 Bit    Registers := 1     
	                3 Bit    Registers := 3     
	                2 Bit    Registers := 9     
	                1 Bit    Registers := 83    
+---RAMs : 
	              36K Bit	(335 X 112 bit)          RAMs := 1     
	              20K Bit	(335 X 63 bit)          RAMs := 1     
	              18K Bit	(167 X 112 bit)          RAMs := 1     
	              11K Bit	(1023 X 12 bit)          RAMs := 1     
	               48 Bit	(4 X 12 bit)          RAMs := 1     
+---Muxes : 
	   2 Input   64 Bit        Muxes := 1     
	   2 Input   32 Bit        Muxes := 1     
	   2 Input   16 Bit        Muxes := 8     
	   2 Input   14 Bit        Muxes := 7     
	   2 Input   12 Bit        Muxes := 2     
	   2 Input   11 Bit        Muxes := 2     
	   3 Input   11 Bit        Muxes := 1     
	   3 Input   10 Bit        Muxes := 2     
	   2 Input   10 Bit        Muxes := 2     
	   2 Input    9 Bit        Muxes := 7     
	   3 Input    9 Bit        Muxes := 1     
	   2 Input    8 Bit        Muxes := 2     
	   2 Input    7 Bit        Muxes := 2     
	   2 Input    3 Bit        Muxes := 2     
	   6 Input    3 Bit        Muxes := 1     
	   2 Input    2 Bit        Muxes := 17    
	   4 Input    2 Bit        Muxes := 3     
	   3 Input    2 Bit        Muxes := 1     
	   5 Input    2 Bit        Muxes := 1     
	   6 Input    2 Bit        Muxes := 1     
	   2 Input    1 Bit        Muxes := 87    
---------------------------------------------------------------------------------
Finished RTL Component Statistics 
---------------------------------------------------------------------------------
---------------------------------------------------------------------------------
Start Part Resource Summary
---------------------------------------------------------------------------------
Part Resources:
DSPs: 1824 (col length:96)
BRAMs: 960 (col length: RAMB18 96 RAMB36 48)
---------------------------------------------------------------------------------
Finished Part Resource Summary
---------------------------------------------------------------------------------
---------------------------------------------------------------------------------
Start Cross Boundary and Area Optimization
---------------------------------------------------------------------------------
WARNING: [Synth 8-3936] Found unconnected internal register 'regslice_both_input_layer_U/B_V_data_1_payload_A_reg' and it is trimmed from '64' to '60' bits. [/home/work1/Works/CNN-Core-Generator/cnn_core_project/cnn_core_prj/solution1/syn/verilog/cnn_core_regslice_both.v:87]
WARNING: [Synth 8-3936] Found unconnected internal register 'regslice_both_input_layer_U/B_V_data_1_payload_B_reg' and it is trimmed from '64' to '60' bits. [/home/work1/Works/CNN-Core-Generator/cnn_core_project/cnn_core_prj/solution1/syn/verilog/cnn_core_regslice_both.v:93]
DSP Report: Generating DSP grp_compute_output_buffer_2d_array_array_ap_fixed_9_5_5_3_0_7u_config3_s_fu_70/tmp_dense_latency_ap_fixed_12_6_5_3_0_ap_fixed_9_5_5_3_0_config3_mult_s_fu_116/mul_12s_5ns_15_1_1_U12/tmp_product, operation Mode is: A2*(B:0xb).
DSP Report: register grp_compute_output_buffer_2d_array_array_ap_fixed_9_5_5_3_0_7u_config3_s_fu_70/void_compute_output_buffer_2d_array_const_ap_shift_reg_n_chan_stream_weig_2_reg is absorbed into DSP grp_compute_output_buffer_2d_array_array_ap_fixed_9_5_5_3_0_7u_config3_s_fu_70/tmp_dense_latency_ap_fixed_12_6_5_3_0_ap_fixed_9_5_5_3_0_config3_mult_s_fu_116/mul_12s_5ns_15_1_1_U12/tmp_product.
DSP Report: operator grp_compute_output_buffer_2d_array_array_ap_fixed_9_5_5_3_0_7u_config3_s_fu_70/tmp_dense_latency_ap_fixed_12_6_5_3_0_ap_fixed_9_5_5_3_0_config3_mult_s_fu_116/mul_12s_5ns_15_1_1_U12/tmp_product is absorbed into DSP grp_compute_output_buffer_2d_array_array_ap_fixed_9_5_5_3_0_7u_config3_s_fu_70/tmp_dense_latency_ap_fixed_12_6_5_3_0_ap_fixed_9_5_5_3_0_config3_mult_s_fu_116/mul_12s_5ns_15_1_1_U12/tmp_product.
DSP Report: Generating DSP grp_compute_output_buffer_2d_array_array_ap_fixed_9_5_5_3_0_7u_config3_s_fu_70/tmp_dense_latency_ap_fixed_12_6_5_3_0_ap_fixed_9_5_5_3_0_config3_mult_s_fu_116/x_fu_592_p2, operation Mode is: PCIN+(A:0x0):B2+C.
DSP Report: register grp_compute_output_buffer_2d_array_array_ap_fixed_9_5_5_3_0_7u_config3_s_fu_70/tmp_dense_latency_ap_fixed_12_6_5_3_0_ap_fixed_9_5_5_3_0_config3_mult_s_fu_116/x_fu_592_p2 is absorbed into DSP grp_compute_output_buffer_2d_array_array_ap_fixed_9_5_5_3_0_7u_config3_s_fu_70/tmp_dense_latency_ap_fixed_12_6_5_3_0_ap_fixed_9_5_5_3_0_config3_mult_s_fu_116/x_fu_592_p2.
DSP Report: operator grp_compute_output_buffer_2d_array_array_ap_fixed_9_5_5_3_0_7u_config3_s_fu_70/tmp_dense_latency_ap_fixed_12_6_5_3_0_ap_fixed_9_5_5_3_0_config3_mult_s_fu_116/x_fu_592_p2 is absorbed into DSP grp_compute_output_buffer_2d_array_array_ap_fixed_9_5_5_3_0_7u_config3_s_fu_70/tmp_dense_latency_ap_fixed_12_6_5_3_0_ap_fixed_9_5_5_3_0_config3_mult_s_fu_116/x_fu_592_p2.
DSP Report: Generating DSP grp_compute_output_buffer_2d_array_array_ap_fixed_9_5_5_3_0_7u_config3_s_fu_70/tmp_dense_latency_ap_fixed_12_6_5_3_0_ap_fixed_9_5_5_3_0_config3_mult_s_fu_116/x_fu_592_p2, operation Mode is: PCIN+A2:B2+C.
DSP Report: register grp_compute_output_buffer_2d_array_array_ap_fixed_9_5_5_3_0_7u_config3_s_fu_70/tmp_dense_latency_ap_fixed_12_6_5_3_0_ap_fixed_9_5_5_3_0_config3_mult_s_fu_116/x_fu_592_p2 is absorbed into DSP grp_compute_output_buffer_2d_array_array_ap_fixed_9_5_5_3_0_7u_config3_s_fu_70/tmp_dense_latency_ap_fixed_12_6_5_3_0_ap_fixed_9_5_5_3_0_config3_mult_s_fu_116/x_fu_592_p2.
DSP Report: register grp_compute_output_buffer_2d_array_array_ap_fixed_9_5_5_3_0_7u_config3_s_fu_70/tmp_dense_latency_ap_fixed_12_6_5_3_0_ap_fixed_9_5_5_3_0_config3_mult_s_fu_116/x_fu_592_p2 is absorbed into DSP grp_compute_output_buffer_2d_array_array_ap_fixed_9_5_5_3_0_7u_config3_s_fu_70/tmp_dense_latency_ap_fixed_12_6_5_3_0_ap_fixed_9_5_5_3_0_config3_mult_s_fu_116/x_fu_592_p2.
DSP Report: operator grp_compute_output_buffer_2d_array_array_ap_fixed_9_5_5_3_0_7u_config3_s_fu_70/tmp_dense_latency_ap_fixed_12_6_5_3_0_ap_fixed_9_5_5_3_0_config3_mult_s_fu_116/x_fu_592_p2 is absorbed into DSP grp_compute_output_buffer_2d_array_array_ap_fixed_9_5_5_3_0_7u_config3_s_fu_70/tmp_dense_latency_ap_fixed_12_6_5_3_0_ap_fixed_9_5_5_3_0_config3_mult_s_fu_116/x_fu_592_p2.
DSP Report: Generating DSP grp_compute_output_buffer_2d_array_array_ap_fixed_9_5_5_3_0_7u_config3_s_fu_70/tmp_dense_latency_ap_fixed_12_6_5_3_0_ap_fixed_9_5_5_3_0_config3_mult_s_fu_116/x_fu_592_p2, operation Mode is: PCIN+(A:0x0):B2.
DSP Report: register grp_compute_output_buffer_2d_array_array_ap_fixed_9_5_5_3_0_7u_config3_s_fu_70/tmp_dense_latency_ap_fixed_12_6_5_3_0_ap_fixed_9_5_5_3_0_config3_mult_s_fu_116/x_fu_592_p2 is absorbed into DSP grp_compute_output_buffer_2d_array_array_ap_fixed_9_5_5_3_0_7u_config3_s_fu_70/tmp_dense_latency_ap_fixed_12_6_5_3_0_ap_fixed_9_5_5_3_0_config3_mult_s_fu_116/x_fu_592_p2.
DSP Report: operator grp_compute_output_buffer_2d_array_array_ap_fixed_9_5_5_3_0_7u_config3_s_fu_70/tmp_dense_latency_ap_fixed_12_6_5_3_0_ap_fixed_9_5_5_3_0_config3_mult_s_fu_116/x_fu_592_p2 is absorbed into DSP grp_compute_output_buffer_2d_array_array_ap_fixed_9_5_5_3_0_7u_config3_s_fu_70/tmp_dense_latency_ap_fixed_12_6_5_3_0_ap_fixed_9_5_5_3_0_config3_mult_s_fu_116/x_fu_592_p2.
RAM ("cnn_core/repack_stream_array_ap_fixed_4u_array_ap_fixed_12_6_5_3_0_1u_1024_U0/in_data_U/ram_reg") is too shallow (depth = 4) to use URAM. Choosing BRAM instead of URAM 
INFO: [Synth 8-7030] Implemented Non-Cascaded Block Ram (cascade_height = 1) of width 12 for RAM "cnn_core/repack_stream_array_ap_fixed_4u_array_ap_fixed_12_6_5_3_0_1u_1024_U0/in_data_U/ram_reg"
INFO: [Synth 8-3971] The signal "cnn_core/repack_stream_array_ap_fixed_4u_array_ap_fixed_12_6_5_3_0_1u_1024_U0/in_data_U/ram_reg" was recognized as a true dual port RAM template.
RAM ("cnn_core/layer8_out_U/U_cnn_core_fifo_w12_d1024_A_ram/mem_reg") is too shallow (depth = 1023) to use URAM. Choosing BRAM instead of URAM 
INFO: [Synth 8-7030] Implemented Non-Cascaded Block Ram (cascade_height = 1) of width 12 for RAM "cnn_core/layer8_out_U/U_cnn_core_fifo_w12_d1024_A_ram/mem_reg"
RAM ("cnn_core/layer3_out_U/U_cnn_core_fifo_w63_d336_A_ram/mem_reg") is too shallow (depth = 335) to use URAM. Choosing BRAM instead of URAM 
INFO: [Synth 8-5784] Optimized 56 bits of RAM "layer4_out_U/U_cnn_core_fifo_w112_d336_A_ram/mem_reg" due to constant propagation. Old ram width 112 bits, new ram width 56 bits.
RAM ("cnn_core/layer4_out_U/U_cnn_core_fifo_w112_d336_A_ram/mem_reg") is too shallow (depth = 335) to use URAM. Choosing BRAM instead of URAM 
RAM ("cnn_core/layer5_out_U/U_cnn_core_fifo_w112_d168_A_ram/mem_reg") is too shallow (depth = 167) to use URAM. Choosing BRAM instead of URAM 
DSP Report: Generating DSP mul_16s_6ns_19_1_1_U841/tmp_product, operation Mode is: A2*(B:0x13).
DSP Report: register data_388_val289_int_reg_reg is absorbed into DSP mul_16s_6ns_19_1_1_U841/tmp_product.
DSP Report: operator mul_16s_6ns_19_1_1_U841/tmp_product is absorbed into DSP mul_16s_6ns_19_1_1_U841/tmp_product.
DSP Report: Generating DSP mul_16s_5ns_19_1_1_U849/tmp_product, operation Mode is: A2*(B:0xb).
DSP Report: register data_316_val218_int_reg_reg is absorbed into DSP mul_16s_5ns_19_1_1_U849/tmp_product.
DSP Report: operator mul_16s_5ns_19_1_1_U849/tmp_product is absorbed into DSP mul_16s_5ns_19_1_1_U849/tmp_product.
DSP Report: Generating DSP mul_16s_5ns_19_1_1_U843/tmp_product, operation Mode is: A2*(B:0xb).
DSP Report: register data_330_val232_int_reg_reg is absorbed into DSP mul_16s_5ns_19_1_1_U843/tmp_product.
DSP Report: operator mul_16s_5ns_19_1_1_U843/tmp_product is absorbed into DSP mul_16s_5ns_19_1_1_U843/tmp_product.
DSP Report: Generating DSP mul_16s_5ns_19_1_1_U850/tmp_product, operation Mode is: A2*(B:0xb).
DSP Report: register data_323_val225_int_reg_reg is absorbed into DSP mul_16s_5ns_19_1_1_U850/tmp_product.
DSP Report: operator mul_16s_5ns_19_1_1_U850/tmp_product is absorbed into DSP mul_16s_5ns_19_1_1_U850/tmp_product.
DSP Report: Generating DSP mul_16s_5ns_19_1_1_U845/tmp_product, operation Mode is: A2*(B:0xb).
DSP Report: register data_347_val249_int_reg_reg is absorbed into DSP mul_16s_5ns_19_1_1_U845/tmp_product.
DSP Report: operator mul_16s_5ns_19_1_1_U845/tmp_product is absorbed into DSP mul_16s_5ns_19_1_1_U845/tmp_product.
DSP Report: Generating DSP mul_16s_6ns_19_1_1_U840/tmp_product, operation Mode is: A2*(B:0x13).
DSP Report: register data_367_val269_int_reg_reg is absorbed into DSP mul_16s_6ns_19_1_1_U840/tmp_product.
DSP Report: operator mul_16s_6ns_19_1_1_U840/tmp_product is absorbed into DSP mul_16s_6ns_19_1_1_U840/tmp_product.
DSP Report: Generating DSP mul_16s_5ns_19_1_1_U846/tmp_product, operation Mode is: A2*(B:0xb).
DSP Report: register data_361_val263_int_reg_reg is absorbed into DSP mul_16s_5ns_19_1_1_U846/tmp_product.
DSP Report: operator mul_16s_5ns_19_1_1_U846/tmp_product is absorbed into DSP mul_16s_5ns_19_1_1_U846/tmp_product.
DSP Report: Generating DSP mul_16s_5ns_19_1_1_U844/tmp_product, operation Mode is: A2*(B:0xb).
DSP Report: register data_332_val234_int_reg_reg is absorbed into DSP mul_16s_5ns_19_1_1_U844/tmp_product.
DSP Report: operator mul_16s_5ns_19_1_1_U844/tmp_product is absorbed into DSP mul_16s_5ns_19_1_1_U844/tmp_product.
DSP Report: Generating DSP mul_16s_6ns_19_1_1_U842/tmp_product, operation Mode is: A2*(B:0x13).
DSP Report: register data_374_val276_int_reg_reg is absorbed into DSP mul_16s_6ns_19_1_1_U842/tmp_product.
DSP Report: operator mul_16s_6ns_19_1_1_U842/tmp_product is absorbed into DSP mul_16s_6ns_19_1_1_U842/tmp_product.
DSP Report: Generating DSP mul_16s_5ns_19_1_1_U851/tmp_product, operation Mode is: A2*(B:0xb).
DSP Report: register data_283_val185_int_reg_reg is absorbed into DSP mul_16s_5ns_19_1_1_U851/tmp_product.
DSP Report: operator mul_16s_5ns_19_1_1_U851/tmp_product is absorbed into DSP mul_16s_5ns_19_1_1_U851/tmp_product.
DSP Report: Generating DSP mul_16s_5ns_19_1_1_U848/tmp_product, operation Mode is: A2*(B:0xb).
DSP Report: register data_309_val211_int_reg_reg is absorbed into DSP mul_16s_5ns_19_1_1_U848/tmp_product.
DSP Report: operator mul_16s_5ns_19_1_1_U848/tmp_product is absorbed into DSP mul_16s_5ns_19_1_1_U848/tmp_product.
DSP Report: Generating DSP mul_16s_5ns_19_1_1_U847/tmp_product, operation Mode is: A2*(B:0xb).
DSP Report: register data_304_val206_int_reg_reg is absorbed into DSP mul_16s_5ns_19_1_1_U847/tmp_product.
DSP Report: operator mul_16s_5ns_19_1_1_U847/tmp_product is absorbed into DSP mul_16s_5ns_19_1_1_U847/tmp_product.
DSP Report: Generating DSP mul_16s_5ns_19_1_1_U852/tmp_product, operation Mode is: A2*(B:0xb).
DSP Report: register data_290_val192_int_reg_reg is absorbed into DSP mul_16s_5ns_19_1_1_U852/tmp_product.
DSP Report: operator mul_16s_5ns_19_1_1_U852/tmp_product is absorbed into DSP mul_16s_5ns_19_1_1_U852/tmp_product.
WARNING: [Synth 8-3917] design cnn_core_dense_array_ap_fixed_7u_array_ap_fixed_9_5_5_3_0_1u_config7_s__GC0 has port layer7_out_TDATA[15] driven by constant 0
WARNING: [Synth 8-3917] design cnn_core_dense_array_ap_fixed_7u_array_ap_fixed_9_5_5_3_0_1u_config7_s__GC0 has port layer7_out_TDATA[14] driven by constant 0
WARNING: [Synth 8-3917] design cnn_core_dense_array_ap_fixed_7u_array_ap_fixed_9_5_5_3_0_1u_config7_s__GC0 has port layer7_out_TDATA[13] driven by constant 0
WARNING: [Synth 8-3917] design cnn_core_dense_array_ap_fixed_7u_array_ap_fixed_9_5_5_3_0_1u_config7_s__GC0 has port layer7_out_TDATA[12] driven by constant 0
WARNING: [Synth 8-3917] design cnn_core_dense_array_ap_fixed_7u_array_ap_fixed_9_5_5_3_0_1u_config7_s__GC0 has port layer7_out_TDATA[11] driven by constant 0
WARNING: [Synth 8-3917] design cnn_core_dense_array_ap_fixed_7u_array_ap_fixed_9_5_5_3_0_1u_config7_s__GC0 has port layer7_out_TDATA[10] driven by constant 0
WARNING: [Synth 8-3917] design cnn_core_dense_array_ap_fixed_7u_array_ap_fixed_9_5_5_3_0_1u_config7_s__GC0 has port layer7_out_TDATA[9] driven by constant 0
INFO: [Synth 8-3333] propagating constant 0 across sequential element (\grp_dense_array_array_ap_fixed_9_5_5_3_0_1u_config7_Pipeline_DataPrepare_fu_3197/ap_done_reg_reg )
INFO: [Synth 8-3333] propagating constant 1 across sequential element (\grp_dense_array_array_ap_fixed_9_5_5_3_0_1u_config7_Pipeline_DataPrepare_fu_3197/ap_CS_fsm_reg[0] )
---------------------------------------------------------------------------------
Finished Cross Boundary and Area Optimization : Time (s): cpu = 00:00:18 ; elapsed = 00:00:38 . Memory (MB): peak = 2811.695 ; gain = 1440.074 ; free physical = 207 ; free virtual = 30741
---------------------------------------------------------------------------------
 Sort Area is cnn_core__GC0 grp_compute_output_buffer_2d_array_array_ap_fixed_9_5_5_3_0_7u_config3_s_fu_70/tmp_dense_latency_ap_fixed_12_6_5_3_0_ap_fixed_9_5_5_3_0_config3_mult_s_fu_116/mul_12s_5ns_15_1_1_U12/tmp_product_0 : 0 0 : 135 489 : Used 1 time 0
 Sort Area is cnn_core__GC0 grp_compute_output_buffer_2d_array_array_ap_fixed_9_5_5_3_0_7u_config3_s_fu_70/tmp_dense_latency_ap_fixed_12_6_5_3_0_ap_fixed_9_5_5_3_0_config3_mult_s_fu_116/mul_12s_5ns_15_1_1_U12/tmp_product_0 : 0 1 : 131 489 : Used 1 time 0
 Sort Area is cnn_core__GC0 grp_compute_output_buffer_2d_array_array_ap_fixed_9_5_5_3_0_7u_config3_s_fu_70/tmp_dense_latency_ap_fixed_12_6_5_3_0_ap_fixed_9_5_5_3_0_config3_mult_s_fu_116/mul_12s_5ns_15_1_1_U12/tmp_product_0 : 0 2 : 164 489 : Used 1 time 0
 Sort Area is cnn_core__GC0 grp_compute_output_buffer_2d_array_array_ap_fixed_9_5_5_3_0_7u_config3_s_fu_70/tmp_dense_latency_ap_fixed_12_6_5_3_0_ap_fixed_9_5_5_3_0_config3_mult_s_fu_116/mul_12s_5ns_15_1_1_U12/tmp_product_0 : 0 3 : 59 489 : Used 1 time 0
 Sort Area is cnn_core_dense_latency_wrapper_ap_fixed_ap_fixed_9_5_5_3_0_config7_s__GB4 mul_16s_6ns_19_1_1_U840/tmp_product_5 : 0 0 : 240 240 : Used 1 time 0
 Sort Area is cnn_core_dense_latency_wrapper_ap_fixed_ap_fixed_9_5_5_3_0_config7_s__GB3 mul_16s_6ns_19_1_1_U841/tmp_product_0 : 0 0 : 240 240 : Used 1 time 0
 Sort Area is cnn_core_dense_latency_wrapper_ap_fixed_ap_fixed_9_5_5_3_0_config7_s__GB4 mul_16s_6ns_19_1_1_U842/tmp_product_0 : 0 0 : 240 240 : Used 1 time 0
 Sort Area is cnn_core_dense_latency_wrapper_ap_fixed_ap_fixed_9_5_5_3_0_config7_s__GB4 mul_16s_5ns_19_1_1_U843/tmp_product_8 : 0 0 : 167 167 : Used 1 time 0
 Sort Area is cnn_core_dense_latency_wrapper_ap_fixed_ap_fixed_9_5_5_3_0_config7_s__GB4 mul_16s_5ns_19_1_1_U844/tmp_product_2 : 0 0 : 167 167 : Used 1 time 0
 Sort Area is cnn_core_dense_latency_wrapper_ap_fixed_ap_fixed_9_5_5_3_0_config7_s__GB4 mul_16s_5ns_19_1_1_U845/tmp_product_6 : 0 0 : 167 167 : Used 1 time 0
 Sort Area is cnn_core_dense_latency_wrapper_ap_fixed_ap_fixed_9_5_5_3_0_config7_s__GB4 mul_16s_5ns_19_1_1_U846/tmp_product_4 : 0 0 : 167 167 : Used 1 time 0
 Sort Area is cnn_core_dense_latency_wrapper_ap_fixed_ap_fixed_9_5_5_3_0_config7_s__GB4 mul_16s_5ns_19_1_1_U847/tmp_product_b : 0 0 : 167 167 : Used 1 time 0
 Sort Area is cnn_core_dense_latency_wrapper_ap_fixed_ap_fixed_9_5_5_3_0_config7_s__GB4 mul_16s_5ns_19_1_1_U848/tmp_product_c : 0 0 : 167 167 : Used 1 time 0
 Sort Area is cnn_core_dense_latency_wrapper_ap_fixed_ap_fixed_9_5_5_3_0_config7_s__GB4 mul_16s_5ns_19_1_1_U849/tmp_product_9 : 0 0 : 167 167 : Used 1 time 0
 Sort Area is cnn_core_dense_latency_wrapper_ap_fixed_ap_fixed_9_5_5_3_0_config7_s__GB4 mul_16s_5ns_19_1_1_U850/tmp_product_7 : 0 0 : 167 167 : Used 1 time 0
 Sort Area is cnn_core_dense_latency_wrapper_ap_fixed_ap_fixed_9_5_5_3_0_config7_s__GB4 mul_16s_5ns_19_1_1_U851/tmp_product_d : 0 0 : 167 167 : Used 1 time 0
 Sort Area is cnn_core_dense_latency_wrapper_ap_fixed_ap_fixed_9_5_5_3_0_config7_s__GB4 mul_16s_5ns_19_1_1_U852/tmp_product_a : 0 0 : 167 167 : Used 1 time 0
---------------------------------------------------------------------------------
Start ROM, RAM, DSP, Shift Register and Retiming Reporting
---------------------------------------------------------------------------------

Block RAM: Preliminary Mapping Report (see note below)
+------------+----------------------------------------------------------------------------------------+------------------------+---+---+------------------------+---+---+------------------+--------+--------+-----------------+
|Module Name | RTL Object                                                                             | PORT A (Depth x Width) | W | R | PORT B (Depth x Width) | W | R | Ports driving FF | RAMB18 | RAMB36 | Cascade Heights | 
+------------+----------------------------------------------------------------------------------------+------------------------+---+---+------------------------+---+---+------------------+--------+--------+-----------------+
|cnn_core    | repack_stream_array_ap_fixed_4u_array_ap_fixed_12_6_5_3_0_1u_1024_U0/in_data_U/ram_reg | 4 x 12(NO_CHANGE)      | W |   | 4 x 12(READ_FIRST)     | W | R | Port A and B     | 1      | 0      | 1               | 
|cnn_core    | layer8_out_U/U_cnn_core_fifo_w12_d1024_A_ram/mem_reg                                   | 1023 x 12(READ_FIRST)  | W |   | 1023 x 12(WRITE_FIRST) |   | R | Port A and B     | 1      | 0      | 1               | 
|cnn_core    | layer3_out_U/U_cnn_core_fifo_w63_d336_A_ram/mem_reg                                    | 335 x 63(READ_FIRST)   | W |   | 335 x 63(WRITE_FIRST)  |   | R | Port A and B     | 0      | 1      |                 | 
|cnn_core    | layer4_out_U/U_cnn_core_fifo_w112_d336_A_ram/mem_reg                                   | 335 x 112(READ_FIRST)  | W |   | 335 x 112(WRITE_FIRST) |   | R | Port A and B     | 0      | 1      |                 | 
|cnn_core    | layer5_out_U/U_cnn_core_fifo_w112_d168_A_ram/mem_reg                                   | 167 x 112(READ_FIRST)  | W |   | 167 x 112(WRITE_FIRST) |   | R | Port A and B     | 0      | 2      |                 | 
+------------+----------------------------------------------------------------------------------------+------------------------+---+---+------------------------+---+---+------------------+--------+--------+-----------------+

Note: The table above is a preliminary report that shows the Block RAMs at the current stage of the synthesis flow. Some Block RAMs may be reimplemented as non Block RAM primitives later in the synthesis flow. Multiple instantiated Block RAMs are reported only once. 

DSP: Preliminary Mapping Report (see note below. The ' indicates corresponding REG is set)
+----------------------------------------------------------------------------+-------------------+--------+--------+--------+--------+--------+------+------+------+------+-------+------+------+
|Module Name                                                                 | DSP Mapping       | A Size | B Size | C Size | D Size | P Size | AREG | BREG | CREG | DREG | ADREG | MREG | PREG | 
+----------------------------------------------------------------------------+-------------------+--------+--------+--------+--------+--------+------+------+------+------+-------+------+------+
|cnn_core_conv_2d_cl_array_ap_fixed_1u_array_ap_fixed_9_5_5_3_0_7u_config3_s | A2*(B:0xb)        | 12     | 5      | -      | -      | 17     | 1    | 0    | -    | -    | -     | 0    | 0    | 
|cnn_core_conv_2d_cl_array_ap_fixed_1u_array_ap_fixed_9_5_5_3_0_7u_config3_s | PCIN+(A:0x0):B2+C | 30     | 15     | 48     | -      | -1     | 0    | 1    | 0    | -    | -     | 0    | 0    | 
|cnn_core_conv_2d_cl_array_ap_fixed_1u_array_ap_fixed_9_5_5_3_0_7u_config3_s | PCIN+A2:B2+C      | 30     | 18     | 48     | -      | -1     | 1    | 1    | 0    | -    | -     | 0    | 0    | 
|cnn_core_conv_2d_cl_array_ap_fixed_1u_array_ap_fixed_9_5_5_3_0_7u_config3_s | PCIN+(A:0x0):B2   | 30     | 15     | -      | -      | -1     | 0    | 1    | -    | -    | -     | 0    | 0    | 
|cnn_core_dense_latency_wrapper_ap_fixed_ap_fixed_9_5_5_3_0_config7_s__GB3   | A2*(B:0x13)       | 16     | 6      | -      | -      | 22     | 1    | 0    | -    | -    | -     | 0    | 0    | 
|cnn_core_dense_latency_wrapper_ap_fixed_ap_fixed_9_5_5_3_0_config7_s__GB4   | A2*(B:0xb)        | 16     | 5      | -      | -      | 21     | 1    | 0    | -    | -    | -     | 0    | 0    | 
|cnn_core_dense_latency_wrapper_ap_fixed_ap_fixed_9_5_5_3_0_config7_s__GB4   | A2*(B:0xb)        | 16     | 5      | -      | -      | 21     | 1    | 0    | -    | -    | -     | 0    | 0    | 
|cnn_core_dense_latency_wrapper_ap_fixed_ap_fixed_9_5_5_3_0_config7_s__GB4   | A2*(B:0xb)        | 16     | 5      | -      | -      | 21     | 1    | 0    | -    | -    | -     | 0    | 0    | 
|cnn_core_dense_latency_wrapper_ap_fixed_ap_fixed_9_5_5_3_0_config7_s__GB4   | A2*(B:0xb)        | 16     | 5      | -      | -      | 21     | 1    | 0    | -    | -    | -     | 0    | 0    | 
|cnn_core_dense_latency_wrapper_ap_fixed_ap_fixed_9_5_5_3_0_config7_s__GB4   | A2*(B:0x13)       | 16     | 6      | -      | -      | 22     | 1    | 0    | -    | -    | -     | 0    | 0    | 
|cnn_core_dense_latency_wrapper_ap_fixed_ap_fixed_9_5_5_3_0_config7_s__GB4   | A2*(B:0xb)        | 16     | 5      | -      | -      | 21     | 1    | 0    | -    | -    | -     | 0    | 0    | 
|cnn_core_dense_latency_wrapper_ap_fixed_ap_fixed_9_5_5_3_0_config7_s__GB4   | A2*(B:0xb)        | 16     | 5      | -      | -      | 21     | 1    | 0    | -    | -    | -     | 0    | 0    | 
|cnn_core_dense_latency_wrapper_ap_fixed_ap_fixed_9_5_5_3_0_config7_s__GB4   | A2*(B:0x13)       | 16     | 6      | -      | -      | 22     | 1    | 0    | -    | -    | -     | 0    | 0    | 
|cnn_core_dense_latency_wrapper_ap_fixed_ap_fixed_9_5_5_3_0_config7_s__GB4   | A2*(B:0xb)        | 16     | 5      | -      | -      | 21     | 1    | 0    | -    | -    | -     | 0    | 0    | 
|cnn_core_dense_latency_wrapper_ap_fixed_ap_fixed_9_5_5_3_0_config7_s__GB4   | A2*(B:0xb)        | 16     | 5      | -      | -      | 21     | 1    | 0    | -    | -    | -     | 0    | 0    | 
|cnn_core_dense_latency_wrapper_ap_fixed_ap_fixed_9_5_5_3_0_config7_s__GB4   | A2*(B:0xb)        | 16     | 5      | -      | -      | 21     | 1    | 0    | -    | -    | -     | 0    | 0    | 
|cnn_core_dense_latency_wrapper_ap_fixed_ap_fixed_9_5_5_3_0_config7_s__GB4   | A2*(B:0xb)        | 16     | 5      | -      | -      | 21     | 1    | 0    | -    | -    | -     | 0    | 0    | 
+----------------------------------------------------------------------------+-------------------+--------+--------+--------+--------+--------+------+------+------+------+-------+------+------+

Note: The table above is a preliminary report that shows the DSPs inferred at the current stage of the synthesis flow. Some DSP may be reimplemented as non DSP primitives later in the synthesis flow. Multiple instantiated DSPs are reported only once.
---------------------------------------------------------------------------------
Finished ROM, RAM, DSP, Shift Register and Retiming Reporting
---------------------------------------------------------------------------------
No constraint files found.
---------------------------------------------------------------------------------
Start Timing Optimization
---------------------------------------------------------------------------------
---------------------------------------------------------------------------------
Finished Timing Optimization : Time (s): cpu = 00:00:19 ; elapsed = 00:00:39 . Memory (MB): peak = 2811.695 ; gain = 1440.074 ; free physical = 205 ; free virtual = 30745
---------------------------------------------------------------------------------
---------------------------------------------------------------------------------
Start ROM, RAM, DSP, Shift Register and Retiming Reporting
---------------------------------------------------------------------------------

Block RAM: Final Mapping Report
+------------+----------------------------------------------------------------------------------------+------------------------+---+---+------------------------+---+---+------------------+--------+--------+-----------------+
|Module Name | RTL Object                                                                             | PORT A (Depth x Width) | W | R | PORT B (Depth x Width) | W | R | Ports driving FF | RAMB18 | RAMB36 | Cascade Heights | 
+------------+----------------------------------------------------------------------------------------+------------------------+---+---+------------------------+---+---+------------------+--------+--------+-----------------+
|cnn_core    | repack_stream_array_ap_fixed_4u_array_ap_fixed_12_6_5_3_0_1u_1024_U0/in_data_U/ram_reg | 4 x 12(NO_CHANGE)      | W |   | 4 x 12(READ_FIRST)     | W | R | Port A and B     | 1      | 0      | 1               | 
|cnn_core    | layer8_out_U/U_cnn_core_fifo_w12_d1024_A_ram/mem_reg                                   | 1023 x 12(READ_FIRST)  | W |   | 1023 x 12(WRITE_FIRST) |   | R | Port A and B     | 1      | 0      | 1               | 
|cnn_core    | layer3_out_U/U_cnn_core_fifo_w63_d336_A_ram/mem_reg                                    | 335 x 63(READ_FIRST)   | W |   | 335 x 63(WRITE_FIRST)  |   | R | Port A and B     | 0      | 1      |                 | 
|cnn_core    | layer4_out_U/U_cnn_core_fifo_w112_d336_A_ram/mem_reg                                   | 335 x 112(READ_FIRST)  | W |   | 335 x 112(WRITE_FIRST) |   | R | Port A and B     | 0      | 1      |                 | 
|cnn_core    | layer5_out_U/U_cnn_core_fifo_w112_d168_A_ram/mem_reg                                   | 167 x 112(READ_FIRST)  | W |   | 167 x 112(WRITE_FIRST) |   | R | Port A and B     | 0      | 2      |                 | 
+------------+----------------------------------------------------------------------------------------+------------------------+---+---+------------------------+---+---+------------------+--------+--------+-----------------+

---------------------------------------------------------------------------------
Finished ROM, RAM, DSP, Shift Register and Retiming Reporting
---------------------------------------------------------------------------------
---------------------------------------------------------------------------------
Start Technology Mapping
---------------------------------------------------------------------------------
INFO: [Synth 8-7052] The timing for the instance i_3_0/repack_stream_array_ap_fixed_4u_array_ap_fixed_12_6_5_3_0_1u_1024_U0/in_data_U/ram_reg_bram_0 (implemented as a Block RAM) might be sub-optimal as no optional output register could be merged into the ram block. Providing additional output register may help in improving timing.
INFO: [Synth 8-7052] The timing for the instance i_3_0/layer8_out_U/U_cnn_core_fifo_w12_d1024_A_ram/mem_reg_bram_0 (implemented as a Block RAM) might be sub-optimal as no optional output register could be merged into the ram block. Providing additional output register may help in improving timing.
INFO: [Synth 8-7052] The timing for the instance i_3_0/layer3_out_U/U_cnn_core_fifo_w63_d336_A_ram/mem_reg (implemented as a Block RAM) might be sub-optimal as no optional output register could be merged into the ram block. Providing additional output register may help in improving timing.
INFO: [Synth 8-7052] The timing for the instance i_3_0/layer4_out_U/U_cnn_core_fifo_w112_d336_A_ram/mem_reg (implemented as a Block RAM) might be sub-optimal as no optional output register could be merged into the ram block. Providing additional output register may help in improving timing.
INFO: [Synth 8-7052] The timing for the instance i_3_0/layer5_out_U/U_cnn_core_fifo_w112_d168_A_ram/mem_reg_0 (implemented as a Block RAM) might be sub-optimal as no optional output register could be merged into the ram block. Providing additional output register may help in improving timing.
INFO: [Synth 8-7052] The timing for the instance i_3_0/layer5_out_U/U_cnn_core_fifo_w112_d168_A_ram/mem_reg_1 (implemented as a Block RAM) might be sub-optimal as no optional output register could be merged into the ram block. Providing additional output register may help in improving timing.
---------------------------------------------------------------------------------
Finished Technology Mapping : Time (s): cpu = 00:00:21 ; elapsed = 00:00:41 . Memory (MB): peak = 2819.699 ; gain = 1448.078 ; free physical = 206 ; free virtual = 30732
---------------------------------------------------------------------------------
---------------------------------------------------------------------------------
Start IO Insertion
---------------------------------------------------------------------------------
---------------------------------------------------------------------------------
Start Flattening Before IO Insertion
---------------------------------------------------------------------------------
---------------------------------------------------------------------------------
Finished Flattening Before IO Insertion
---------------------------------------------------------------------------------
---------------------------------------------------------------------------------
Start Final Netlist Cleanup
---------------------------------------------------------------------------------
INFO: [Synth 8-7052] The timing for the instance repack_stream_array_ap_fixed_4u_array_ap_fixed_12_6_5_3_0_1u_1024_U0/in_data_U/ram_reg_bram_0 (implemented as a Block RAM) might be sub-optimal as no optional output register could be merged into the ram block. Providing additional output register may help in improving timing.
INFO: [Synth 8-7052] The timing for the instance layer8_out_U/U_cnn_core_fifo_w12_d1024_A_ram/mem_reg_bram_0 (implemented as a Block RAM) might be sub-optimal as no optional output register could be merged into the ram block. Providing additional output register may help in improving timing.
INFO: [Synth 8-7052] The timing for the instance layer3_out_U/U_cnn_core_fifo_w63_d336_A_ram/mem_reg (implemented as a Block RAM) might be sub-optimal as no optional output register could be merged into the ram block. Providing additional output register may help in improving timing.
INFO: [Synth 8-7052] The timing for the instance layer4_out_U/U_cnn_core_fifo_w112_d336_A_ram/mem_reg (implemented as a Block RAM) might be sub-optimal as no optional output register could be merged into the ram block. Providing additional output register may help in improving timing.
INFO: [Synth 8-7052] The timing for the instance layer5_out_U/U_cnn_core_fifo_w112_d168_A_ram/mem_reg_0 (implemented as a Block RAM) might be sub-optimal as no optional output register could be merged into the ram block. Providing additional output register may help in improving timing.
INFO: [Synth 8-7052] The timing for the instance layer5_out_U/U_cnn_core_fifo_w112_d168_A_ram/mem_reg_1 (implemented as a Block RAM) might be sub-optimal as no optional output register could be merged into the ram block. Providing additional output register may help in improving timing.
---------------------------------------------------------------------------------
Finished Final Netlist Cleanup
---------------------------------------------------------------------------------
---------------------------------------------------------------------------------
Finished IO Insertion : Time (s): cpu = 00:00:25 ; elapsed = 00:00:45 . Memory (MB): peak = 2819.699 ; gain = 1448.078 ; free physical = 206 ; free virtual = 30721
---------------------------------------------------------------------------------
---------------------------------------------------------------------------------
Start Renaming Generated Instances
---------------------------------------------------------------------------------
---------------------------------------------------------------------------------
Finished Renaming Generated Instances : Time (s): cpu = 00:00:25 ; elapsed = 00:00:45 . Memory (MB): peak = 2819.699 ; gain = 1448.078 ; free physical = 206 ; free virtual = 30721
---------------------------------------------------------------------------------
---------------------------------------------------------------------------------
Start Rebuilding User Hierarchy
---------------------------------------------------------------------------------
---------------------------------------------------------------------------------
Finished Rebuilding User Hierarchy : Time (s): cpu = 00:00:26 ; elapsed = 00:00:47 . Memory (MB): peak = 2819.699 ; gain = 1448.078 ; free physical = 206 ; free virtual = 30721
---------------------------------------------------------------------------------
---------------------------------------------------------------------------------
Start Renaming Generated Ports
---------------------------------------------------------------------------------
---------------------------------------------------------------------------------
Finished Renaming Generated Ports : Time (s): cpu = 00:00:26 ; elapsed = 00:00:47 . Memory (MB): peak = 2819.699 ; gain = 1448.078 ; free physical = 206 ; free virtual = 30721
---------------------------------------------------------------------------------
---------------------------------------------------------------------------------
Start Handling Custom Attributes
---------------------------------------------------------------------------------
---------------------------------------------------------------------------------
Finished Handling Custom Attributes : Time (s): cpu = 00:00:27 ; elapsed = 00:00:47 . Memory (MB): peak = 2819.699 ; gain = 1448.078 ; free physical = 207 ; free virtual = 30723
---------------------------------------------------------------------------------
---------------------------------------------------------------------------------
Start Renaming Generated Nets
---------------------------------------------------------------------------------
---------------------------------------------------------------------------------
Finished Renaming Generated Nets : Time (s): cpu = 00:00:27 ; elapsed = 00:00:47 . Memory (MB): peak = 2819.699 ; gain = 1448.078 ; free physical = 207 ; free virtual = 30722
---------------------------------------------------------------------------------
---------------------------------------------------------------------------------
Start ROM, RAM, DSP, Shift Register and Retiming Reporting
---------------------------------------------------------------------------------

Static Shift Register Report:
+------------+-----------------------------------------------------------------------------------------------------------------------------------------------------------------------------------------------------------------------------------------------------------------------------------------------------------------------------------------------------------------------------------------------------------------------------------+--------+-------+--------------+--------------------+-------------------+--------+---------+
|Module Name | RTL Name                                                                                                                                                                                                                                                                                                                                                                                                                          | Length | Width | Reset Signal | Pull out first Reg | Pull out last Reg | SRL16E | SRLC32E | 
+------------+-----------------------------------------------------------------------------------------------------------------------------------------------------------------------------------------------------------------------------------------------------------------------------------------------------------------------------------------------------------------------------------------------------------------------------------+--------+-------+--------------+--------------------+-------------------+--------+---------+
|cnn_core    | conv_2d_cl_array_ap_fixed_1u_array_ap_fixed_9_5_5_3_0_7u_config3_U0/grp_compute_output_buffer_2d_array_array_ap_fixed_9_5_5_3_0_7u_config3_s_fu_70/call_ln281_shift_line_buffer_array_ap_fixed_12_6_5_3_0_1u_config3_s_fu_92/void_conv_2d_buffer_latency_cl_stream_stream_weight_t_bias_t_line_buffer_3_U/cnn_core_shift_line_buffer_array_ap_fixed_12_6_5_3_0_1u_config3_s_void_conv_2d_buffer_cud_core_U/ShiftRegMem_reg[3][11] | 4      | 12    | NO           | NO                 | YES               | 12     | 0       | 
|cnn_core    | conv_2d_cl_array_ap_fixed_1u_array_ap_fixed_9_5_5_3_0_7u_config3_U0/grp_compute_output_buffer_2d_array_array_ap_fixed_9_5_5_3_0_7u_config3_s_fu_70/call_ln281_shift_line_buffer_array_ap_fixed_12_6_5_3_0_1u_config3_s_fu_92/void_conv_2d_buffer_latency_cl_stream_stream_weight_t_bias_t_line_buffer_2_U/cnn_core_shift_line_buffer_array_ap_fixed_12_6_5_3_0_1u_config3_s_void_conv_2d_buffer_cud_core_U/ShiftRegMem_reg[2][11] | 3      | 12    | NO           | NO                 | YES               | 12     | 0       | 
|cnn_core    | conv_2d_cl_array_ap_fixed_1u_array_ap_fixed_9_5_5_3_0_7u_config3_U0/grp_compute_output_buffer_2d_array_array_ap_fixed_9_5_5_3_0_7u_config3_s_fu_70/call_ln281_shift_line_buffer_array_ap_fixed_12_6_5_3_0_1u_config3_s_fu_92/void_conv_2d_buffer_latency_cl_stream_stream_weight_t_bias_t_line_buffer_1_U/cnn_core_shift_line_buffer_array_ap_fixed_12_6_5_3_0_1u_config3_s_void_conv_2d_buffer_cud_core_U/ShiftRegMem_reg[3][11] | 4      | 12    | NO           | NO                 | YES               | 12     | 0       | 
|cnn_core    | conv_2d_cl_array_ap_fixed_1u_array_ap_fixed_9_5_5_3_0_7u_config3_U0/grp_compute_output_buffer_2d_array_array_ap_fixed_9_5_5_3_0_7u_config3_s_fu_70/call_ln281_shift_line_buffer_array_ap_fixed_12_6_5_3_0_1u_config3_s_fu_92/void_conv_2d_buffer_latency_cl_stream_stream_weight_t_bias_t_line_buffer_U/cnn_core_shift_line_buffer_array_ap_fixed_12_6_5_3_0_1u_config3_s_void_conv_2d_buffer_cud_core_U/ShiftRegMem_reg[3][11]   | 4      | 12    | NO           | NO                 | NO                | 12     | 0       | 
|cnn_core    | pooling2d_cl_array_ap_fixed_7u_array_ap_fixed_16_6_5_3_0_7u_config5_U0/call_ln52_shift_line_buffer_array_ap_fixed_16_6_5_3_0_7u_config5_s_fu_150/void_pooling2d_cl_stream_stream_array_ap_fixed_7u_0_line_buffer_6_U/cnn_core_shift_line_buffer_array_ap_fixed_16_6_5_3_0_7u_config5_s_void_pooling2d_cl_stg8j_core_U/ShiftRegMem_reg[3][13]                                                                                      | 4      | 8     | NO           | NO                 | NO                | 8      | 0       | 
|cnn_core    | pooling2d_cl_array_ap_fixed_7u_array_ap_fixed_16_6_5_3_0_7u_config5_U0/call_ln52_shift_line_buffer_array_ap_fixed_16_6_5_3_0_7u_config5_s_fu_150/void_pooling2d_cl_stream_stream_array_ap_fixed_7u_0_line_buffer_5_U/cnn_core_shift_line_buffer_array_ap_fixed_16_6_5_3_0_7u_config5_s_void_pooling2d_cl_stg8j_core_U/ShiftRegMem_reg[3][13]                                                                                      | 4      | 8     | NO           | NO                 | NO                | 8      | 0       | 
|cnn_core    | pooling2d_cl_array_ap_fixed_7u_array_ap_fixed_16_6_5_3_0_7u_config5_U0/call_ln52_shift_line_buffer_array_ap_fixed_16_6_5_3_0_7u_config5_s_fu_150/void_pooling2d_cl_stream_stream_array_ap_fixed_7u_0_line_buffer_4_U/cnn_core_shift_line_buffer_array_ap_fixed_16_6_5_3_0_7u_config5_s_void_pooling2d_cl_stg8j_core_U/ShiftRegMem_reg[3][13]                                                                                      | 4      | 8     | NO           | NO                 | NO                | 8      | 0       | 
|cnn_core    | pooling2d_cl_array_ap_fixed_7u_array_ap_fixed_16_6_5_3_0_7u_config5_U0/call_ln52_shift_line_buffer_array_ap_fixed_16_6_5_3_0_7u_config5_s_fu_150/void_pooling2d_cl_stream_stream_array_ap_fixed_7u_0_line_buffer_3_U/cnn_core_shift_line_buffer_array_ap_fixed_16_6_5_3_0_7u_config5_s_void_pooling2d_cl_stg8j_core_U/ShiftRegMem_reg[3][13]                                                                                      | 4      | 8     | NO           | NO                 | NO                | 8      | 0       | 
|cnn_core    | pooling2d_cl_array_ap_fixed_7u_array_ap_fixed_16_6_5_3_0_7u_config5_U0/call_ln52_shift_line_buffer_array_ap_fixed_16_6_5_3_0_7u_config5_s_fu_150/void_pooling2d_cl_stream_stream_array_ap_fixed_7u_0_line_buffer_2_U/cnn_core_shift_line_buffer_array_ap_fixed_16_6_5_3_0_7u_config5_s_void_pooling2d_cl_stg8j_core_U/ShiftRegMem_reg[3][13]                                                                                      | 4      | 8     | NO           | NO                 | NO                | 8      | 0       | 
|cnn_core    | pooling2d_cl_array_ap_fixed_7u_array_ap_fixed_16_6_5_3_0_7u_config5_U0/call_ln52_shift_line_buffer_array_ap_fixed_16_6_5_3_0_7u_config5_s_fu_150/void_pooling2d_cl_stream_stream_array_ap_fixed_7u_0_line_buffer_1_U/cnn_core_shift_line_buffer_array_ap_fixed_16_6_5_3_0_7u_config5_s_void_pooling2d_cl_stg8j_core_U/ShiftRegMem_reg[3][13]                                                                                      | 4      | 8     | NO           | NO                 | NO                | 8      | 0       | 
|cnn_core    | pooling2d_cl_array_ap_fixed_7u_array_ap_fixed_16_6_5_3_0_7u_config5_U0/call_ln52_shift_line_buffer_array_ap_fixed_16_6_5_3_0_7u_config5_s_fu_150/void_pooling2d_cl_stream_stream_array_ap_fixed_7u_0_line_buffer_U/cnn_core_shift_line_buffer_array_ap_fixed_16_6_5_3_0_7u_config5_s_void_pooling2d_cl_stg8j_core_U/ShiftRegMem_reg[3][13]                                                                                        | 4      | 8     | NO           | NO                 | NO                | 8      | 0       | 
+------------+-----------------------------------------------------------------------------------------------------------------------------------------------------------------------------------------------------------------------------------------------------------------------------------------------------------------------------------------------------------------------------------------------------------------------------------+--------+-------+--------------+--------------------+-------------------+--------+---------+


Dynamic Shift Register Report:
+------------+--------------------+--------+------------+--------+---------+--------+--------+--------+
|Module Name | RTL Name           | Length | Data Width | SRL16E | SRLC32E | Mux F7 | Mux F8 | Mux F9 | 
+------------+--------------------+--------+------------+--------+---------+--------+--------+--------+
|dsrl        | ShiftRegMem_reg[3] | 12     | 12         | 12     | 0       | 0      | 0      | 0      | 
|dsrl__1     | ShiftRegMem_reg[3] | 16     | 16         | 16     | 0       | 0      | 0      | 0      | 
+------------+--------------------+--------+------------+--------+---------+--------+--------+--------+

---------------------------------------------------------------------------------
Finished ROM, RAM, DSP, Shift Register and Retiming Reporting
---------------------------------------------------------------------------------
---------------------------------------------------------------------------------
Start Writing Synthesis Report
---------------------------------------------------------------------------------

DSP Final Report (the ' indicates corresponding REG is set)
+----------------------------------------------------------------------------+--------------+--------+--------+--------+--------+--------+------+------+------+------+-------+------+------+
|Module Name                                                                 | DSP Mapping  | A Size | B Size | C Size | D Size | P Size | AREG | BREG | CREG | DREG | ADREG | MREG | PREG | 
+----------------------------------------------------------------------------+--------------+--------+--------+--------+--------+--------+------+------+------+------+-------+------+------+
|cnn_core_conv_2d_cl_array_ap_fixed_1u_array_ap_fixed_9_5_5_3_0_7u_config3_s | PCIN+A:B'+C  | 0      | 15     | -      | -      | 0      | 0    | 1    | -    | -    | -     | 0    | 0    | 
|cnn_core_conv_2d_cl_array_ap_fixed_1u_array_ap_fixed_9_5_5_3_0_7u_config3_s | PCIN+A':B'+C | 30     | 18     | -      | -      | 0      | 1    | 1    | -    | -    | -     | 0    | 0    | 
|cnn_core_conv_2d_cl_array_ap_fixed_1u_array_ap_fixed_9_5_5_3_0_7u_config3_s | (PCIN+A:B')' | 0      | 15     | -      | -      | 15     | 0    | 1    | -    | -    | -     | 0    | 1    | 
|cnn_core_conv_2d_cl_array_ap_fixed_1u_array_ap_fixed_9_5_5_3_0_7u_config3_s | A''*B        | 30     | 4      | -      | -      | 0      | 2    | 0    | -    | -    | -     | 0    | 0    | 
|cnn_core_dense_latency_wrapper_ap_fixed_ap_fixed_9_5_5_3_0_config7_s__GB3   | A''*B        | 30     | 5      | -      | -      | 22     | 2    | 0    | -    | -    | -     | 0    | 0    | 
|cnn_core_dense_latency_wrapper_ap_fixed_ap_fixed_9_5_5_3_0_config7_s__GB4   | A''*B        | 30     | 4      | -      | -      | 21     | 2    | 0    | -    | -    | -     | 0    | 0    | 
|cnn_core_dense_latency_wrapper_ap_fixed_ap_fixed_9_5_5_3_0_config7_s__GB4   | A''*B        | 30     | 4      | -      | -      | 21     | 2    | 0    | -    | -    | -     | 0    | 0    | 
|cnn_core_dense_latency_wrapper_ap_fixed_ap_fixed_9_5_5_3_0_config7_s__GB4   | A''*B        | 30     | 4      | -      | -      | 21     | 2    | 0    | -    | -    | -     | 0    | 0    | 
|cnn_core_dense_latency_wrapper_ap_fixed_ap_fixed_9_5_5_3_0_config7_s__GB4   | A''*B        | 30     | 4      | -      | -      | 21     | 2    | 0    | -    | -    | -     | 0    | 0    | 
|cnn_core_dense_latency_wrapper_ap_fixed_ap_fixed_9_5_5_3_0_config7_s__GB4   | A''*B        | 30     | 4      | -      | -      | 21     | 2    | 0    | -    | -    | -     | 0    | 0    | 
|cnn_core_dense_latency_wrapper_ap_fixed_ap_fixed_9_5_5_3_0_config7_s__GB4   | A''*B        | 30     | 4      | -      | -      | 21     | 2    | 0    | -    | -    | -     | 0    | 0    | 
|cnn_core_dense_latency_wrapper_ap_fixed_ap_fixed_9_5_5_3_0_config7_s__GB4   | A''*B        | 30     | 4      | -      | -      | 21     | 2    | 0    | -    | -    | -     | 0    | 0    | 
|cnn_core_dense_latency_wrapper_ap_fixed_ap_fixed_9_5_5_3_0_config7_s__GB4   | A''*B        | 30     | 4      | -      | -      | 21     | 2    | 0    | -    | -    | -     | 0    | 0    | 
|cnn_core_dense_latency_wrapper_ap_fixed_ap_fixed_9_5_5_3_0_config7_s__GB4   | A''*B        | 30     | 4      | -      | -      | 21     | 2    | 0    | -    | -    | -     | 0    | 0    | 
|cnn_core_dense_latency_wrapper_ap_fixed_ap_fixed_9_5_5_3_0_config7_s__GB4   | A''*B        | 30     | 4      | -      | -      | 21     | 2    | 0    | -    | -    | -     | 0    | 0    | 
|cnn_core_dense_latency_wrapper_ap_fixed_ap_fixed_9_5_5_3_0_config7_s__GB4   | A''*B        | 30     | 5      | -      | -      | 22     | 2    | 0    | -    | -    | -     | 0    | 0    | 
|cnn_core_dense_latency_wrapper_ap_fixed_ap_fixed_9_5_5_3_0_config7_s__GB4   | A''*B        | 30     | 5      | -      | -      | 22     | 2    | 0    | -    | -    | -     | 0    | 0    | 
+----------------------------------------------------------------------------+--------------+--------+--------+--------+--------+--------+------+------+------+------+-------+------+------+


Report BlackBoxes: 
+-+--------------+----------+
| |BlackBox name |Instances |
+-+--------------+----------+
+-+--------------+----------+

Report Cell Usage: 
+------+----------------+------+
|      |Cell            |Count |
+------+----------------+------+
|1     |BUFG            |     1|
|2     |CARRY8          |  1340|
|3     |DSP48E2         |     3|
|4     |DSP_ALU         |    14|
|5     |DSP_A_B_DATA    |    14|
|6     |DSP_C_DATA      |    14|
|7     |DSP_MULTIPLIER  |    14|
|8     |DSP_M_DATA      |    14|
|9     |DSP_OUTPUT      |    14|
|10    |DSP_PREADD      |    14|
|11    |DSP_PREADD_DATA |    14|
|12    |LUT1            |   232|
|13    |LUT2            |  3002|
|14    |LUT3            |  4239|
|15    |LUT4            |  4409|
|16    |LUT5            |  4078|
|17    |LUT6            |  5784|
|18    |RAMB18E2        |     2|
|19    |RAMB36E2        |     4|
|20    |SRL16E          |   104|
|21    |FDRE            | 27954|
|22    |FDSE            |    21|
|23    |IBUF            |    53|
|24    |OBUF            |    21|
+------+----------------+------+

Report Instance Areas: 
+------+-----------------------------------------------------------------------------------------------------------+------------------------------------------------------------------------------------------------------------------------------------------------------------------------------------------------------------------------------------------------------------------------------+------+
|      |Instance                                                                                                   |Module                                                                                                                                                                                                                                                                        |Cells |
+------+-----------------------------------------------------------------------------------------------------------+------------------------------------------------------------------------------------------------------------------------------------------------------------------------------------------------------------------------------------------------------------------------------+------+
|1     |top                                                                                                        |                                                                                                                                                                                                                                                                              | 51359|
|2     |  conv_2d_cl_array_ap_fixed_1u_array_ap_fixed_9_5_5_3_0_7u_config3_U0                                      |cnn_core_conv_2d_cl_array_ap_fixed_1u_array_ap_fixed_9_5_5_3_0_7u_config3_s                                                                                                                                                                                                   |  1033|
|3     |    flow_control_loop_pipe_U                                                                               |cnn_core_flow_control_loop_pipe_25                                                                                                                                                                                                                                            |    26|
|4     |    grp_compute_output_buffer_2d_array_array_ap_fixed_9_5_5_3_0_7u_config3_s_fu_70                         |cnn_core_compute_output_buffer_2d_array_array_ap_fixed_9_5_5_3_0_7u_config3_s                                                                                                                                                                                                 |   989|
|5     |      call_ln281_shift_line_buffer_array_ap_fixed_12_6_5_3_0_1u_config3_s_fu_92                            |cnn_core_shift_line_buffer_array_ap_fixed_12_6_5_3_0_1u_config3_s                                                                                                                                                                                                             |    99|
|6     |        void_conv_2d_buffer_latency_cl_stream_stream_weight_t_bias_t_line_buffer_1_U                       |cnn_core_shift_line_buffer_array_ap_fixed_12_6_5_3_0_1u_config3_s_void_conv_2d_buffer_cud                                                                                                                                                                                     |    24|
|7     |          cnn_core_shift_line_buffer_array_ap_fixed_12_6_5_3_0_1u_config3_s_void_conv_2d_buffer_cud_core_U |cnn_core_shift_line_buffer_array_ap_fixed_12_6_5_3_0_1u_config3_s_void_conv_2d_buffer_cud_core_31                                                                                                                                                                             |    24|
|8     |        void_conv_2d_buffer_latency_cl_stream_stream_weight_t_bias_t_line_buffer_2_U                       |cnn_core_shift_line_buffer_array_ap_fixed_12_6_5_3_0_1u_config3_s_void_conv_2d_buffer_cud_26                                                                                                                                                                                  |    39|
|9     |          cnn_core_shift_line_buffer_array_ap_fixed_12_6_5_3_0_1u_config3_s_void_conv_2d_buffer_cud_core_U |cnn_core_shift_line_buffer_array_ap_fixed_12_6_5_3_0_1u_config3_s_void_conv_2d_buffer_cud_core_30                                                                                                                                                                             |    39|
|10    |        void_conv_2d_buffer_latency_cl_stream_stream_weight_t_bias_t_line_buffer_3_U                       |cnn_core_shift_line_buffer_array_ap_fixed_12_6_5_3_0_1u_config3_s_void_conv_2d_buffer_cud_27                                                                                                                                                                                  |    24|
|11    |          cnn_core_shift_line_buffer_array_ap_fixed_12_6_5_3_0_1u_config3_s_void_conv_2d_buffer_cud_core_U |cnn_core_shift_line_buffer_array_ap_fixed_12_6_5_3_0_1u_config3_s_void_conv_2d_buffer_cud_core_29                                                                                                                                                                             |    24|
|12    |        void_conv_2d_buffer_latency_cl_stream_stream_weight_t_bias_t_line_buffer_U                         |cnn_core_shift_line_buffer_array_ap_fixed_12_6_5_3_0_1u_config3_s_void_conv_2d_buffer_cud_28                                                                                                                                                                                  |    12|
|13    |          cnn_core_shift_line_buffer_array_ap_fixed_12_6_5_3_0_1u_config3_s_void_conv_2d_buffer_cud_core_U |cnn_core_shift_line_buffer_array_ap_fixed_12_6_5_3_0_1u_config3_s_void_conv_2d_buffer_cud_core                                                                                                                                                                                |    12|
|14    |      tmp_dense_latency_ap_fixed_12_6_5_3_0_ap_fixed_9_5_5_3_0_config3_mult_s_fu_116                       |cnn_core_dense_latency_ap_fixed_12_6_5_3_0_ap_fixed_9_5_5_3_0_config3_mult_s                                                                                                                                                                                                  |   436|
|15    |        mul_12s_5ns_15_1_1_U12                                                                             |cnn_core_mul_12s_5ns_15_1_1                                                                                                                                                                                                                                                   |     9|
|16    |          tmp_product                                                                                      |\conv_2d_cl_array_ap_fixed_1u_array_ap_fixed_9_5_5_3_0_7u_config3_U0/grp_compute_output_buffer_2d_array_array_ap_fixed_9_5_5_3_0_7u_config3_s_fu_70/tmp_dense_latency_ap_fixed_12_6_5_3_0_ap_fixed_9_5_5_3_0_config3_mult_s_fu_116/mul_12s_5ns_15_1_1_U12/tmp_product_funnel  |     8|
|17    |  dense_array_ap_fixed_7u_array_ap_fixed_9_5_5_3_0_1u_config7_U0                                           |cnn_core_dense_array_ap_fixed_7u_array_ap_fixed_9_5_5_3_0_1u_config7_s                                                                                                                                                                                                        | 48753|
|18    |    grp_dense_array_array_ap_fixed_9_5_5_3_0_1u_config7_Pipeline_DataPrepare_fu_3197                       |cnn_core_dense_array_array_ap_fixed_9_5_5_3_0_1u_config7_Pipeline_DataPrepare                                                                                                                                                                                                 | 12411|
|19    |      flow_control_loop_pipe_sequential_init_U                                                             |cnn_core_flow_control_loop_pipe_sequential_init                                                                                                                                                                                                                               |    31|
|20    |    grp_dense_latency_wrapper_ap_fixed_ap_fixed_9_5_5_3_0_config7_s_fu_3993                                |cnn_core_dense_latency_wrapper_ap_fixed_ap_fixed_9_5_5_3_0_config7_s                                                                                                                                                                                                          | 36291|
|21    |      mul_16s_6ns_19_1_1_U841                                                                              |cnn_core_mul_16s_6ns_19_1_1_23                                                                                                                                                                                                                                                |    38|
|22    |        tmp_product                                                                                        |\dense_array_ap_fixed_7u_array_ap_fixed_9_5_5_3_0_1u_config7_U0/grp_dense_latency_wrapper_ap_fixed_ap_fixed_9_5_5_3_0_config7_s_fu_3993/mul_16s_5ns_19_1_1_U850/tmp_product_funnel__11                                                                                        |     8|
|23    |      mul_16s_5ns_19_1_1_U843                                                                              |cnn_core_mul_16s_5ns_19_1_1                                                                                                                                                                                                                                                   |    38|
|24    |        tmp_product                                                                                        |\dense_array_ap_fixed_7u_array_ap_fixed_9_5_5_3_0_1u_config7_U0/grp_dense_latency_wrapper_ap_fixed_ap_fixed_9_5_5_3_0_config7_s_fu_3993/mul_16s_5ns_19_1_1_U850/tmp_product_funnel__10                                                                                        |     8|
|25    |      mul_16s_5ns_19_1_1_U844                                                                              |cnn_core_mul_16s_5ns_19_1_1_14                                                                                                                                                                                                                                                |    56|
|26    |        tmp_product                                                                                        |\dense_array_ap_fixed_7u_array_ap_fixed_9_5_5_3_0_1u_config7_U0/grp_dense_latency_wrapper_ap_fixed_ap_fixed_9_5_5_3_0_config7_s_fu_3993/mul_16s_5ns_19_1_1_U850/tmp_product_funnel__9                                                                                         |     8|
|27    |      mul_16s_5ns_19_1_1_U845                                                                              |cnn_core_mul_16s_5ns_19_1_1_15                                                                                                                                                                                                                                                |    38|
|28    |        tmp_product                                                                                        |\dense_array_ap_fixed_7u_array_ap_fixed_9_5_5_3_0_1u_config7_U0/grp_dense_latency_wrapper_ap_fixed_ap_fixed_9_5_5_3_0_config7_s_fu_3993/mul_16s_5ns_19_1_1_U850/tmp_product_funnel__12                                                                                        |     8|
|29    |      mul_16s_5ns_19_1_1_U846                                                                              |cnn_core_mul_16s_5ns_19_1_1_16                                                                                                                                                                                                                                                |    38|
|30    |        tmp_product                                                                                        |\dense_array_ap_fixed_7u_array_ap_fixed_9_5_5_3_0_1u_config7_U0/grp_dense_latency_wrapper_ap_fixed_ap_fixed_9_5_5_3_0_config7_s_fu_3993/mul_16s_5ns_19_1_1_U850/tmp_product_funnel__1                                                                                         |     8|
|31    |      mul_16s_5ns_19_1_1_U847                                                                              |cnn_core_mul_16s_5ns_19_1_1_17                                                                                                                                                                                                                                                |    38|
|32    |        tmp_product                                                                                        |\dense_array_ap_fixed_7u_array_ap_fixed_9_5_5_3_0_1u_config7_U0/grp_dense_latency_wrapper_ap_fixed_ap_fixed_9_5_5_3_0_config7_s_fu_3993/mul_16s_5ns_19_1_1_U850/tmp_product_funnel__6                                                                                         |     8|
|33    |      mul_16s_5ns_19_1_1_U848                                                                              |cnn_core_mul_16s_5ns_19_1_1_18                                                                                                                                                                                                                                                |    25|
|34    |        tmp_product                                                                                        |\dense_array_ap_fixed_7u_array_ap_fixed_9_5_5_3_0_1u_config7_U0/grp_dense_latency_wrapper_ap_fixed_ap_fixed_9_5_5_3_0_config7_s_fu_3993/mul_16s_5ns_19_1_1_U850/tmp_product_funnel__3                                                                                         |     8|
|35    |      mul_16s_5ns_19_1_1_U849                                                                              |cnn_core_mul_16s_5ns_19_1_1_19                                                                                                                                                                                                                                                |    38|
|36    |        tmp_product                                                                                        |\dense_array_ap_fixed_7u_array_ap_fixed_9_5_5_3_0_1u_config7_U0/grp_dense_latency_wrapper_ap_fixed_ap_fixed_9_5_5_3_0_config7_s_fu_3993/mul_16s_5ns_19_1_1_U850/tmp_product_funnel__7                                                                                         |     8|
|37    |      mul_16s_5ns_19_1_1_U850                                                                              |cnn_core_mul_16s_5ns_19_1_1_20                                                                                                                                                                                                                                                |    38|
|38    |        tmp_product                                                                                        |\dense_array_ap_fixed_7u_array_ap_fixed_9_5_5_3_0_1u_config7_U0/grp_dense_latency_wrapper_ap_fixed_ap_fixed_9_5_5_3_0_config7_s_fu_3993/mul_16s_5ns_19_1_1_U850/tmp_product_funnel                                                                                            |     8|
|39    |      mul_16s_5ns_19_1_1_U851                                                                              |cnn_core_mul_16s_5ns_19_1_1_21                                                                                                                                                                                                                                                |    25|
|40    |        tmp_product                                                                                        |\dense_array_ap_fixed_7u_array_ap_fixed_9_5_5_3_0_1u_config7_U0/grp_dense_latency_wrapper_ap_fixed_ap_fixed_9_5_5_3_0_config7_s_fu_3993/mul_16s_5ns_19_1_1_U850/tmp_product_funnel__2                                                                                         |     8|
|41    |      mul_16s_5ns_19_1_1_U852                                                                              |cnn_core_mul_16s_5ns_19_1_1_22                                                                                                                                                                                                                                                |    52|
|42    |        tmp_product                                                                                        |\dense_array_ap_fixed_7u_array_ap_fixed_9_5_5_3_0_1u_config7_U0/grp_dense_latency_wrapper_ap_fixed_ap_fixed_9_5_5_3_0_config7_s_fu_3993/mul_16s_5ns_19_1_1_U850/tmp_product_funnel__5                                                                                         |     8|
|43    |      mul_16s_6ns_19_1_1_U840                                                                              |cnn_core_mul_16s_6ns_19_1_1                                                                                                                                                                                                                                                   |    25|
|44    |        tmp_product                                                                                        |\dense_array_ap_fixed_7u_array_ap_fixed_9_5_5_3_0_1u_config7_U0/grp_dense_latency_wrapper_ap_fixed_ap_fixed_9_5_5_3_0_config7_s_fu_3993/mul_16s_5ns_19_1_1_U850/tmp_product_funnel__8                                                                                         |     8|
|45    |      mul_16s_6ns_19_1_1_U842                                                                              |cnn_core_mul_16s_6ns_19_1_1_24                                                                                                                                                                                                                                                |    52|
|46    |        tmp_product                                                                                        |\dense_array_ap_fixed_7u_array_ap_fixed_9_5_5_3_0_1u_config7_U0/grp_dense_latency_wrapper_ap_fixed_ap_fixed_9_5_5_3_0_config7_s_fu_3993/mul_16s_5ns_19_1_1_U850/tmp_product_funnel__4                                                                                         |     8|
|47    |    regslice_both_layer7_out_U                                                                             |cnn_core_regslice_both__parameterized0                                                                                                                                                                                                                                        |    41|
|48    |  layer3_out_U                                                                                             |cnn_core_fifo_w63_d336_A                                                                                                                                                                                                                                                      |   108|
|49    |    U_cnn_core_fifo_w63_d336_A_ram                                                                         |cnn_core_fifo_w63_d336_A_ram                                                                                                                                                                                                                                                  |     9|
|50    |  layer4_out_U                                                                                             |cnn_core_fifo_w112_d336_A                                                                                                                                                                                                                                                     |    96|
|51    |    U_cnn_core_fifo_w112_d336_A_ram                                                                        |cnn_core_fifo_w112_d336_A_ram                                                                                                                                                                                                                                                 |     1|
|52    |  layer5_out_U                                                                                             |cnn_core_fifo_w112_d168_A                                                                                                                                                                                                                                                     |    93|
|53    |    U_cnn_core_fifo_w112_d168_A_ram                                                                        |cnn_core_fifo_w112_d168_A_ram                                                                                                                                                                                                                                                 |     3|
|54    |  layer8_out_U                                                                                             |cnn_core_fifo_w12_d1024_A                                                                                                                                                                                                                                                     |   107|
|55    |    U_cnn_core_fifo_w12_d1024_A_ram                                                                        |cnn_core_fifo_w12_d1024_A_ram                                                                                                                                                                                                                                                 |     2|
|56    |  pooling2d_cl_array_ap_fixed_7u_array_ap_fixed_16_6_5_3_0_7u_config5_U0                                   |cnn_core_pooling2d_cl_array_ap_fixed_7u_array_ap_fixed_16_6_5_3_0_7u_config5_s                                                                                                                                                                                                |   604|
|57    |    call_ln52_shift_line_buffer_array_ap_fixed_16_6_5_3_0_7u_config5_s_fu_150                              |cnn_core_shift_line_buffer_array_ap_fixed_16_6_5_3_0_7u_config5_s                                                                                                                                                                                                             |    57|
|58    |      void_pooling2d_cl_stream_stream_array_ap_fixed_7u_0_line_buffer_1_U                                  |cnn_core_shift_line_buffer_array_ap_fixed_16_6_5_3_0_7u_config5_s_void_pooling2d_cl_stg8j                                                                                                                                                                                     |     8|
|59    |        cnn_core_shift_line_buffer_array_ap_fixed_16_6_5_3_0_7u_config5_s_void_pooling2d_cl_stg8j_core_U   |cnn_core_shift_line_buffer_array_ap_fixed_16_6_5_3_0_7u_config5_s_void_pooling2d_cl_stg8j_core_13                                                                                                                                                                             |     8|
|60    |      void_pooling2d_cl_stream_stream_array_ap_fixed_7u_0_line_buffer_2_U                                  |cnn_core_shift_line_buffer_array_ap_fixed_16_6_5_3_0_7u_config5_s_void_pooling2d_cl_stg8j_2                                                                                                                                                                                   |     8|
|61    |        cnn_core_shift_line_buffer_array_ap_fixed_16_6_5_3_0_7u_config5_s_void_pooling2d_cl_stg8j_core_U   |cnn_core_shift_line_buffer_array_ap_fixed_16_6_5_3_0_7u_config5_s_void_pooling2d_cl_stg8j_core_12                                                                                                                                                                             |     8|
|62    |      void_pooling2d_cl_stream_stream_array_ap_fixed_7u_0_line_buffer_3_U                                  |cnn_core_shift_line_buffer_array_ap_fixed_16_6_5_3_0_7u_config5_s_void_pooling2d_cl_stg8j_3                                                                                                                                                                                   |     8|
|63    |        cnn_core_shift_line_buffer_array_ap_fixed_16_6_5_3_0_7u_config5_s_void_pooling2d_cl_stg8j_core_U   |cnn_core_shift_line_buffer_array_ap_fixed_16_6_5_3_0_7u_config5_s_void_pooling2d_cl_stg8j_core_11                                                                                                                                                                             |     8|
|64    |      void_pooling2d_cl_stream_stream_array_ap_fixed_7u_0_line_buffer_4_U                                  |cnn_core_shift_line_buffer_array_ap_fixed_16_6_5_3_0_7u_config5_s_void_pooling2d_cl_stg8j_4                                                                                                                                                                                   |     8|
|65    |        cnn_core_shift_line_buffer_array_ap_fixed_16_6_5_3_0_7u_config5_s_void_pooling2d_cl_stg8j_core_U   |cnn_core_shift_line_buffer_array_ap_fixed_16_6_5_3_0_7u_config5_s_void_pooling2d_cl_stg8j_core_10                                                                                                                                                                             |     8|
|66    |      void_pooling2d_cl_stream_stream_array_ap_fixed_7u_0_line_buffer_5_U                                  |cnn_core_shift_line_buffer_array_ap_fixed_16_6_5_3_0_7u_config5_s_void_pooling2d_cl_stg8j_5                                                                                                                                                                                   |     8|
|67    |        cnn_core_shift_line_buffer_array_ap_fixed_16_6_5_3_0_7u_config5_s_void_pooling2d_cl_stg8j_core_U   |cnn_core_shift_line_buffer_array_ap_fixed_16_6_5_3_0_7u_config5_s_void_pooling2d_cl_stg8j_core_9                                                                                                                                                                              |     8|
|68    |      void_pooling2d_cl_stream_stream_array_ap_fixed_7u_0_line_buffer_6_U                                  |cnn_core_shift_line_buffer_array_ap_fixed_16_6_5_3_0_7u_config5_s_void_pooling2d_cl_stg8j_6                                                                                                                                                                                   |     8|
|69    |        cnn_core_shift_line_buffer_array_ap_fixed_16_6_5_3_0_7u_config5_s_void_pooling2d_cl_stg8j_core_U   |cnn_core_shift_line_buffer_array_ap_fixed_16_6_5_3_0_7u_config5_s_void_pooling2d_cl_stg8j_core_8                                                                                                                                                                              |     8|
|70    |      void_pooling2d_cl_stream_stream_array_ap_fixed_7u_0_line_buffer_U                                    |cnn_core_shift_line_buffer_array_ap_fixed_16_6_5_3_0_7u_config5_s_void_pooling2d_cl_stg8j_7                                                                                                                                                                                   |     9|
|71    |        cnn_core_shift_line_buffer_array_ap_fixed_16_6_5_3_0_7u_config5_s_void_pooling2d_cl_stg8j_core_U   |cnn_core_shift_line_buffer_array_ap_fixed_16_6_5_3_0_7u_config5_s_void_pooling2d_cl_stg8j_core                                                                                                                                                                                |     9|
|72    |    flow_control_loop_pipe_U                                                                               |cnn_core_flow_control_loop_pipe_1                                                                                                                                                                                                                                             |    31|
|73    |  relu_array_ap_fixed_7u_array_ap_fixed_16_6_5_3_0_7u_relu_config4_U0                                      |cnn_core_relu_array_ap_fixed_7u_array_ap_fixed_16_6_5_3_0_7u_relu_config4_s                                                                                                                                                                                                   |   171|
|74    |    flow_control_loop_pipe_U                                                                               |cnn_core_flow_control_loop_pipe_0                                                                                                                                                                                                                                             |    23|
|75    |  repack_stream_array_ap_fixed_4u_array_ap_fixed_12_6_5_3_0_1u_1024_U0                                     |cnn_core_repack_stream_array_ap_fixed_4u_array_ap_fixed_12_6_5_3_0_1u_1024_s                                                                                                                                                                                                  |   274|
|76    |    flow_control_loop_pipe_U                                                                               |cnn_core_flow_control_loop_pipe                                                                                                                                                                                                                                               |    26|
|77    |    in_data_U                                                                                              |cnn_core_repack_stream_array_ap_fixed_4u_array_ap_fixed_12_6_5_3_0_1u_1024_s_in_data_Rbkb                                                                                                                                                                                     |     5|
|78    |    regslice_both_input_layer_U                                                                            |cnn_core_regslice_both                                                                                                                                                                                                                                                        |   175|
|79    |  start_for_conv_2d_cl_array_ap_fixed_1u_array_ap_fixed_9_5_5_3_0_7u_config3_U0_U                          |cnn_core_start_for_conv_2d_cl_array_ap_fixed_1u_array_ap_fixed_9_5_5_3_0_7u_config3_U0                                                                                                                                                                                        |    11|
|80    |  start_for_dense_array_ap_fixed_7u_array_ap_fixed_9_5_5_3_0_1u_config7_U0_U                               |cnn_core_start_for_dense_array_ap_fixed_7u_array_ap_fixed_9_5_5_3_0_1u_config7_U0                                                                                                                                                                                             |    13|
|81    |  start_for_pooling2d_cl_array_ap_fixed_7u_array_ap_fixed_16_6_5_3_0_7u_config5ncg_U                       |cnn_core_start_for_pooling2d_cl_array_ap_fixed_7u_array_ap_fixed_16_6_5_3_0_7u_config5ncg                                                                                                                                                                                     |    10|
|82    |  start_for_relu_array_ap_fixed_7u_array_ap_fixed_16_6_5_3_0_7u_relu_config4_U0_U                          |cnn_core_start_for_relu_array_ap_fixed_7u_array_ap_fixed_16_6_5_3_0_7u_relu_config4_U0                                                                                                                                                                                        |    11|
+------+-----------------------------------------------------------------------------------------------------------+------------------------------------------------------------------------------------------------------------------------------------------------------------------------------------------------------------------------------------------------------------------------------+------+
---------------------------------------------------------------------------------
Finished Writing Synthesis Report : Time (s): cpu = 00:00:27 ; elapsed = 00:00:47 . Memory (MB): peak = 2819.699 ; gain = 1448.078 ; free physical = 205 ; free virtual = 30720
---------------------------------------------------------------------------------
Synthesis finished with 0 errors, 0 critical warnings and 226 warnings.
Synthesis Optimization Runtime : Time (s): cpu = 00:00:29 ; elapsed = 00:00:51 . Memory (MB): peak = 2819.699 ; gain = 1448.078 ; free physical = 8079 ; free virtual = 38610
Synthesis Optimization Complete : Time (s): cpu = 00:00:29 ; elapsed = 00:00:51 . Memory (MB): peak = 2819.699 ; gain = 1448.078 ; free physical = 8094 ; free virtual = 38613
INFO: [Project 1-571] Translating synthesized netlist
Netlist sorting complete. Time (s): cpu = 00:00:00.26 ; elapsed = 00:00:00.26 . Memory (MB): peak = 2819.699 ; gain = 0.000 ; free physical = 8033 ; free virtual = 38585
INFO: [Netlist 29-17] Analyzing 1411 Unisim elements for replacement
INFO: [Netlist 29-28] Unisim Transformation completed in 0 CPU seconds
INFO: [Project 1-570] Preparing netlist for logic optimization
INFO: [Opt 31-138] Pushed 0 inverter(s) to 0 load pin(s).
Netlist sorting complete. Time (s): cpu = 00:00:00.01 ; elapsed = 00:00:00 . Memory (MB): peak = 2968.332 ; gain = 0.000 ; free physical = 7907 ; free virtual = 38482
INFO: [Project 1-111] Unisim Transformation Summary:
  A total of 71 instances were transformed.
  BUFG => BUFGCE: 1 instance 
  DSP48E2 => DSP48E2 (DSP_ALU, DSP_A_B_DATA, DSP_C_DATA, DSP_MULTIPLIER, DSP_M_DATA, DSP_OUTPUT, DSP_PREADD, DSP_PREADD_DATA): 17 instances
  IBUF => IBUF (IBUFCTRL, INBUF): 53 instances

Synth Design complete | Checksum: a9c4cfc4
INFO: [Common 17-83] Releasing license: Synthesis
123 Infos, 117 Warnings, 0 Critical Warnings and 0 Errors encountered.
synth_design completed successfully
synth_design: Time (s): cpu = 00:00:35 ; elapsed = 00:00:57 . Memory (MB): peak = 2968.367 ; gain = 1602.715 ; free physical = 7906 ; free virtual = 38481
INFO: [Common 17-2834] synth_design peak Physical Memory [PSS] (MB): overall = 10184.184; main = 2422.528; forked = 8244.074
INFO: [Common 17-2834] synth_design peak Virtual Memory [VSS] (MB): overall = 15057.059; main = 2968.336; forked = 12241.273
# opt_design -retarget -propconst -sweep -bram_power_opt -shift_register_opt
Command: opt_design -retarget -propconst -sweep -bram_power_opt -shift_register_opt
Attempting to get a license for feature 'Implementation' and/or device 'xcku5p'
INFO: [Common 17-349] Got license for feature 'Implementation' and/or device 'xcku5p'
Running DRC as a precondition to command opt_design

Starting DRC Task
INFO: [DRC 23-27] Running DRC with 8 threads
INFO: [Project 1-461] DRC finished with 0 Errors
INFO: [Project 1-462] Please refer to the DRC report (report_drc) for more information.

Time (s): cpu = 00:00:02 ; elapsed = 00:00:00.67 . Memory (MB): peak = 3032.363 ; gain = 63.996 ; free physical = 7906 ; free virtual = 38482

Starting Cache Timing Information Task
INFO: [Timing 38-35] Done setting XDC timing constraints.
Ending Cache Timing Information Task | Checksum: 10ead2569

Time (s): cpu = 00:00:03 ; elapsed = 00:00:01 . Memory (MB): peak = 3152.938 ; gain = 120.574 ; free physical = 7825 ; free virtual = 38442

Starting Logic Optimization Task

Phase 1 Initialization

Phase 1.1 Core Generation And Design Setup
Phase 1.1 Core Generation And Design Setup | Checksum: 10ead2569

Time (s): cpu = 00:00:00.01 ; elapsed = 00:00:00 . Memory (MB): peak = 3359.875 ; gain = 0.000 ; free physical = 7610 ; free virtual = 38228

Phase 1.2 Setup Constraints And Sort Netlist
Phase 1.2 Setup Constraints And Sort Netlist | Checksum: 10ead2569

Time (s): cpu = 00:00:00.02 ; elapsed = 00:00:00.01 . Memory (MB): peak = 3359.875 ; gain = 0.000 ; free physical = 7610 ; free virtual = 38228
Phase 1 Initialization | Checksum: 10ead2569

Time (s): cpu = 00:00:00.02 ; elapsed = 00:00:00.01 . Memory (MB): peak = 3359.875 ; gain = 0.000 ; free physical = 7610 ; free virtual = 38228

Phase 2 Timer Update And Timing Data Collection

Phase 2.1 Timer Update
Phase 2.1 Timer Update | Checksum: 10ead2569

Time (s): cpu = 00:00:00.89 ; elapsed = 00:00:00.26 . Memory (MB): peak = 3359.875 ; gain = 0.000 ; free physical = 7610 ; free virtual = 38228

Phase 2.2 Timing Data Collection
Phase 2.2 Timing Data Collection | Checksum: 10ead2569

Time (s): cpu = 00:00:00.95 ; elapsed = 00:00:00.32 . Memory (MB): peak = 3359.875 ; gain = 0.000 ; free physical = 7606 ; free virtual = 38224
Phase 2 Timer Update And Timing Data Collection | Checksum: 10ead2569

Time (s): cpu = 00:00:00.95 ; elapsed = 00:00:00.33 . Memory (MB): peak = 3359.875 ; gain = 0.000 ; free physical = 7606 ; free virtual = 38224

Phase 3 Retarget
INFO: [Opt 31-138] Pushed 1 inverter(s) to 218 load pin(s).
INFO: [Opt 31-49] Retargeted 0 cell(s).
Phase 3 Retarget | Checksum: 11ae1f891

Time (s): cpu = 00:00:01 ; elapsed = 00:00:00.67 . Memory (MB): peak = 3359.875 ; gain = 0.000 ; free physical = 7609 ; free virtual = 38227
Retarget | Checksum: 11ae1f891
INFO: [Opt 31-389] Phase Retarget created 0 cells and removed 1 cells

Phase 4 Constant propagation
INFO: [Opt 31-138] Pushed 0 inverter(s) to 0 load pin(s).
Phase 4 Constant propagation | Checksum: 12c34677c

Time (s): cpu = 00:00:02 ; elapsed = 00:00:00.86 . Memory (MB): peak = 3359.875 ; gain = 0.000 ; free physical = 7609 ; free virtual = 38227
Constant propagation | Checksum: 12c34677c
INFO: [Opt 31-389] Phase Constant propagation created 0 cells and removed 0 cells

Phase 5 Sweep
Phase 5 Sweep | Checksum: 171c56740

Time (s): cpu = 00:00:02 ; elapsed = 00:00:01 . Memory (MB): peak = 3359.875 ; gain = 0.000 ; free physical = 7609 ; free virtual = 38227
Sweep | Checksum: 171c56740
INFO: [Opt 31-389] Phase Sweep created 0 cells and removed 0 cells

Phase 6 Shift Register Optimization
INFO: [Opt 31-1064] SRL Remap converted 0 SRLs to 0 registers and converted 0 registers of register chains to 0 SRLs
Phase 6 Shift Register Optimization | Checksum: 171c56740

Time (s): cpu = 00:00:02 ; elapsed = 00:00:01 . Memory (MB): peak = 3359.875 ; gain = 0.000 ; free physical = 7609 ; free virtual = 38227
Shift Register Optimization | Checksum: 171c56740
INFO: [Opt 31-389] Phase Shift Register Optimization created 0 cells and removed 0 cells

Phase 7 Post Processing Netlist
Phase 7 Post Processing Netlist | Checksum: 171c56740

Time (s): cpu = 00:00:02 ; elapsed = 00:00:01 . Memory (MB): peak = 3359.875 ; gain = 0.000 ; free physical = 7609 ; free virtual = 38227
Post Processing Netlist | Checksum: 171c56740
INFO: [Opt 31-389] Phase Post Processing Netlist created 0 cells and removed 0 cells

Phase 8 Finalization

Phase 8.1 Finalizing Design Cores and Updating Shapes
Phase 8.1 Finalizing Design Cores and Updating Shapes | Checksum: 71f605bc

Time (s): cpu = 00:00:03 ; elapsed = 00:00:02 . Memory (MB): peak = 3359.875 ; gain = 0.000 ; free physical = 7610 ; free virtual = 38228

Phase 8.2 Verifying Netlist Connectivity
Phase 8.2 Verifying Netlist Connectivity | Checksum: 71f605bc

Time (s): cpu = 00:00:03 ; elapsed = 00:00:02 . Memory (MB): peak = 3359.875 ; gain = 0.000 ; free physical = 7610 ; free virtual = 38228
Phase 8 Finalization | Checksum: 71f605bc

Time (s): cpu = 00:00:03 ; elapsed = 00:00:02 . Memory (MB): peak = 3359.875 ; gain = 0.000 ; free physical = 7610 ; free virtual = 38228
Opt_design Change Summary
=========================


-------------------------------------------------------------------------------------------------------------------------
|  Phase                        |  #Cells created  |  #Cells Removed  |  #Constrained objects preventing optimizations  |
-------------------------------------------------------------------------------------------------------------------------
|  Retarget                     |               0  |               1  |                                              0  |
|  Constant propagation         |               0  |               0  |                                              0  |
|  Sweep                        |               0  |               0  |                                              0  |
|  Shift Register Optimization  |               0  |               0  |                                              0  |
|  Post Processing Netlist      |               0  |               0  |                                              0  |
-------------------------------------------------------------------------------------------------------------------------


Ending Logic Optimization Task | Checksum: 71f605bc

Time (s): cpu = 00:00:03 ; elapsed = 00:00:02 . Memory (MB): peak = 3359.875 ; gain = 0.000 ; free physical = 7610 ; free virtual = 38228
INFO: [Constraints 18-11670] Building netlist checker database with flags, 0x8
Done building netlist checker database: Time (s): cpu = 00:00:00.01 ; elapsed = 00:00:00.01 . Memory (MB): peak = 3359.875 ; gain = 0.000 ; free physical = 7610 ; free virtual = 38228

Starting Power Optimization Task
INFO: [Pwropt 34-132] Skipping clock gating for clocks with a period < 2.00 ns.
INFO: [Pwropt 34-9] Applying IDT optimizations ...
INFO: [Pwropt 34-10] Applying ODC optimizations ...
INFO: [Timing 38-35] Done setting XDC timing constraints.
WARNING: [Power 33-232] No user defined clocks were found in the design! Power estimation will be inaccurate until this is corrected.
Resolution: Please specify clocks using create_clock/create_generated_clock for sequential elements. For pure combinatorial circuits, please specify a virtual clock, otherwise the vectorless estimation might be inaccurate
Running Vector-less Activity Propagation...

Finished Running Vector-less Activity Propagation


Starting PowerOpt Patch Enables Task
INFO: [Pwropt 34-162] WRITE_MODE attribute of 0 BRAM(s) out of a total of 6 has been updated to save power. Run report_power_opt to get a complete listing of the BRAMs updated.
INFO: [Pwropt 34-201] Structural ODC has moved 1 WE to EN ports
Number of BRAM Ports augmented: 1 newly gated: 4 Total Ports: 12
Ending PowerOpt Patch Enables Task | Checksum: 19866d52b

Time (s): cpu = 00:00:00.1 ; elapsed = 00:00:00.09 . Memory (MB): peak = 3760.016 ; gain = 0.000 ; free physical = 7271 ; free virtual = 37926
Ending Power Optimization Task | Checksum: 19866d52b

Time (s): cpu = 00:00:15 ; elapsed = 00:00:08 . Memory (MB): peak = 3760.016 ; gain = 400.141 ; free physical = 7271 ; free virtual = 37926

Starting Final Cleanup Task
Ending Final Cleanup Task | Checksum: 19866d52b

Time (s): cpu = 00:00:00 ; elapsed = 00:00:00.01 . Memory (MB): peak = 3760.016 ; gain = 0.000 ; free physical = 7271 ; free virtual = 37926

Starting Netlist Obfuscation Task
Netlist sorting complete. Time (s): cpu = 00:00:00.01 ; elapsed = 00:00:00 . Memory (MB): peak = 3760.016 ; gain = 0.000 ; free physical = 7271 ; free virtual = 37926
Ending Netlist Obfuscation Task | Checksum: 18cad1880

Time (s): cpu = 00:00:00.01 ; elapsed = 00:00:00 . Memory (MB): peak = 3760.016 ; gain = 0.000 ; free physical = 7271 ; free virtual = 37926
INFO: [Common 17-83] Releasing license: Implementation
22 Infos, 1 Warnings, 0 Critical Warnings and 0 Errors encountered.
opt_design completed successfully
opt_design: Time (s): cpu = 00:00:23 ; elapsed = 00:00:13 . Memory (MB): peak = 3760.016 ; gain = 791.648 ; free physical = 7271 ; free virtual = 37926
# report_utilization -file vivado_synth.rpt
INFO: [Common 17-206] Exiting Vivado at Wed May 13 16:59:05 2026...
***** VIVADO SYNTHESIS COMPLETED IN 0h1m22s *****
INFO: [HLS 200-112] Total CPU user time: 175.98 seconds. Total CPU system time: 7.4 seconds. Total elapsed time: 173.44 seconds; peak allocated memory: 879.750 MB.
INFO: [Common 17-206] Exiting vitis_hls at Wed May 13 16:59:09 2026...
