

================================================================
== Vitis HLS Report for 'dense_latency_ap_fixed_12_6_5_3_0_ap_fixed_9_5_5_3_0_config3_mult_s'
================================================================
* Date:           Wed May 13 16:57:07 2026

* Version:        2023.2 (Build 4023990 on Oct 11 2023)
* Project:        cnn_core_prj
* Solution:       solution1 (Vivado IP Flow Target)
* Product family: kintexuplus
* Target device:  xcku5p-ffvb676-2-e


================================================================
== Performance Estimates
================================================================
+ Timing: 
    * Summary: 
    +--------+---------+----------+------------+
    |  Clock |  Target | Estimated| Uncertainty|
    +--------+---------+----------+------------+
    |ap_clk  |  5.00 ns|  2.921 ns|     1.35 ns|
    +--------+---------+----------+------------+

+ Latency: 
    * Summary: 
    +---------+---------+----------+----------+-----+-----+---------+
    |  Latency (cycles) |  Latency (absolute) |  Interval | Pipeline|
    |   min   |   max   |    min   |    max   | min | max |   Type  |
    +---------+---------+----------+----------+-----+-----+---------+
    |        0|        0|      0 ns|      0 ns|    1|    1|      yes|
    +---------+---------+----------+----------+-----+-----+---------+

    + Detail: 
        * Instance: 
        N/A

        * Loop: 
        N/A

============================================================
+ Verbose Summary: Synthesis Manager
============================================================
InlineROM: 1
ExposeGlobal: 0
============================================================
+ Verbose Summary: CDFG Model
============================================================
IsTopModel: 0
ResetActiveHigh: 1
IsCombinational: 0
IsDatapathOnly: 0
HasWiredReturn: 1
HasMFsm: 2
HasVarLatency: 0
IsPipeline: 1
IsRtlPipelined: 0
IsInstanceOverlapped: 0
IsDontTouch: 0
HasImplIP: 0
IsGatedGlobalClock: 0

+ Individual pipeline summary: 
  * Pipeline-0: initiation interval (II) = 1, depth = 1


============================================================
+ Verbose Summary: Schedule
============================================================
* Number of FSM states : 1
* Pipeline : 1
  Pipeline-0 : II = 1, D = 1, States = { 1 }
* Dataflow Pipeline: 0

* FSM state transitions: 
1 --> 

* FSM state operations: 

State 1 <SV = 0> <Delay = 2.92>
ST_1 : Operation 2 [1/1] (0.00ns)   --->   "%specpipeline_ln33 = specpipeline void @_ssdm_op_SpecPipeline, i32 1, i32 0, i32 0, i32 0, void @empty_5" [firmware/nnet_utils/nnet_dense_latency.h:33]   --->   Operation 2 'specpipeline' 'specpipeline_ln33' <Predicate = true> <Delay = 0.00>
ST_1 : Operation 3 [1/1] (0.00ns)   --->   "%specresourcelimit_ln33 = specresourcelimit void @_ssdm_op_SpecResourceLimit, i64 35, void @empty_6, void @empty_5, void @empty_5, void @empty_5" [firmware/nnet_utils/nnet_dense_latency.h:33]   --->   Operation 3 'specresourcelimit' 'specresourcelimit_ln33' <Predicate = true> <Delay = 0.00>
ST_1 : Operation 4 [1/1] (0.00ns)   --->   "%a = load i12 %void_compute_output_buffer_2d_array_const_ap_shift_reg_n_chan_stream_weig_4"   --->   Operation 4 'load' 'a' <Predicate = true> <Delay = 0.00>
ST_1 : Operation 5 [1/1] (0.00ns)   --->   "%sext_ln42 = sext i12 %a" [firmware/nnet_utils/nnet_dense_latency.h:42]   --->   Operation 5 'sext' 'sext_ln42' <Predicate = true> <Delay = 0.00>
ST_1 : Operation 6 [1/1] (0.00ns)   --->   "%shl_ln = bitconcatenate i13 @_ssdm_op_BitConcatenate.i13.i12.i1, i12 %a, i1 0" [firmware/nnet_utils/nnet_dense_latency.h:42]   --->   Operation 6 'bitconcatenate' 'shl_ln' <Predicate = true> <Delay = 0.00>
ST_1 : Operation 7 [1/1] (0.00ns)   --->   "%shl_ln42_cast16_i = sext i13 %shl_ln" [firmware/nnet_utils/nnet_dense_latency.h:42]   --->   Operation 7 'sext' 'shl_ln42_cast16_i' <Predicate = true> <Delay = 0.00>
ST_1 : Operation 8 [1/1] (0.00ns)   --->   "%a_1 = load i12 %void_compute_output_buffer_2d_array_const_ap_shift_reg_n_chan_stream_weig_3"   --->   Operation 8 'load' 'a_1' <Predicate = true> <Delay = 0.00>
ST_1 : Operation 9 [1/1] (0.00ns)   --->   "%sext_ln42_296 = sext i12 %a_1" [firmware/nnet_utils/nnet_dense_latency.h:42]   --->   Operation 9 'sext' 'sext_ln42_296' <Predicate = true> <Delay = 0.00>
ST_1 : Operation 10 [1/1] (0.00ns)   --->   "%shl_ln42_1 = bitconcatenate i15 @_ssdm_op_BitConcatenate.i15.i12.i3, i12 %a_1, i3 0" [firmware/nnet_utils/nnet_dense_latency.h:42]   --->   Operation 10 'bitconcatenate' 'shl_ln42_1' <Predicate = true> <Delay = 0.00>
ST_1 : Operation 11 [1/1] (0.00ns)   --->   "%shl_ln42_2 = bitconcatenate i13 @_ssdm_op_BitConcatenate.i13.i12.i1, i12 %a_1, i1 0" [firmware/nnet_utils/nnet_dense_latency.h:42]   --->   Operation 11 'bitconcatenate' 'shl_ln42_2' <Predicate = true> <Delay = 0.00>
ST_1 : Operation 12 [1/1] (0.00ns)   --->   "%sext_ln42_297 = sext i13 %shl_ln42_2" [firmware/nnet_utils/nnet_dense_latency.h:42]   --->   Operation 12 'sext' 'sext_ln42_297' <Predicate = true> <Delay = 0.00>
ST_1 : Operation 13 [1/1] (0.00ns)   --->   "%sext_ln42_298 = sext i13 %shl_ln42_2" [firmware/nnet_utils/nnet_dense_latency.h:42]   --->   Operation 13 'sext' 'sext_ln42_298' <Predicate = true> <Delay = 0.00>
ST_1 : Operation 14 [1/1] (0.84ns)   --->   "%sub_ln42 = sub i15 %shl_ln42_1, i15 %sext_ln42_297" [firmware/nnet_utils/nnet_dense_latency.h:42]   --->   Operation 14 'sub' 'sub_ln42' <Predicate = true> <Delay = 0.84> <CoreInst = "Adder">   --->   Core 1 'Adder' <Latency = 0> <II = 1> <Delay = 0.84> <FuncUnit> <Opcode : 'add' 'sub'> <InPorts = 2> <OutPorts = 1>
ST_1 : Operation 15 [1/1] (0.84ns)   --->   "%sub_ln42_1 = sub i15 %sext_ln42_297, i15 %shl_ln42_1" [firmware/nnet_utils/nnet_dense_latency.h:42]   --->   Operation 15 'sub' 'sub_ln42_1' <Predicate = true> <Delay = 0.84> <CoreInst = "Adder">   --->   Core 1 'Adder' <Latency = 0> <II = 1> <Delay = 0.84> <FuncUnit> <Opcode : 'add' 'sub'> <InPorts = 2> <OutPorts = 1>
ST_1 : Operation 16 [1/1] (0.00ns)   --->   "%a_2 = load i12 %void_compute_output_buffer_2d_array_const_ap_shift_reg_n_chan_stream_weig_2"   --->   Operation 16 'load' 'a_2' <Predicate = true> <Delay = 0.00>
ST_1 : Operation 17 [1/1] (0.00ns)   --->   "%sext_ln42_299 = sext i12 %a_2" [firmware/nnet_utils/nnet_dense_latency.h:42]   --->   Operation 17 'sext' 'sext_ln42_299' <Predicate = true> <Delay = 0.00>
ST_1 : Operation 18 [1/1] (2.18ns)   --->   "%mul_ln42 = mul i15 %sext_ln42_299, i15 11" [firmware/nnet_utils/nnet_dense_latency.h:42]   --->   Operation 18 'mul' 'mul_ln42' <Predicate = true> <Delay = 2.18> <CoreInst = "Multiplier">   --->   Core 3 'Multiplier' <Latency = 0> <II = 1> <Delay = 2.18> <FuncUnit> <Opcode : 'mul'> <InPorts = 2> <OutPorts = 1>
ST_1 : Operation 19 [1/1] (0.00ns)   --->   "%shl_ln42_3 = bitconcatenate i13 @_ssdm_op_BitConcatenate.i13.i12.i1, i12 %a_2, i1 0" [firmware/nnet_utils/nnet_dense_latency.h:42]   --->   Operation 19 'bitconcatenate' 'shl_ln42_3' <Predicate = true> <Delay = 0.00>
ST_1 : Operation 20 [1/1] (0.00ns)   --->   "%sext_ln42_300 = sext i13 %shl_ln42_3" [firmware/nnet_utils/nnet_dense_latency.h:42]   --->   Operation 20 'sext' 'sext_ln42_300' <Predicate = true> <Delay = 0.00>
ST_1 : Operation 21 [1/1] (0.00ns)   --->   "%sext_ln42_301 = sext i13 %shl_ln42_3" [firmware/nnet_utils/nnet_dense_latency.h:42]   --->   Operation 21 'sext' 'sext_ln42_301' <Predicate = true> <Delay = 0.00>
ST_1 : Operation 22 [1/1] (0.00ns)   --->   "%shl_ln42_4 = bitconcatenate i14 @_ssdm_op_BitConcatenate.i14.i12.i2, i12 %a_2, i2 0" [firmware/nnet_utils/nnet_dense_latency.h:42]   --->   Operation 22 'bitconcatenate' 'shl_ln42_4' <Predicate = true> <Delay = 0.00>
ST_1 : Operation 23 [1/1] (0.00ns)   --->   "%sext_ln42_302 = sext i14 %shl_ln42_4" [firmware/nnet_utils/nnet_dense_latency.h:42]   --->   Operation 23 'sext' 'sext_ln42_302' <Predicate = true> <Delay = 0.00>
ST_1 : Operation 24 [1/1] (0.83ns)   --->   "%sub_ln42_2 = sub i15 %sext_ln42_302, i15 %sext_ln42_299" [firmware/nnet_utils/nnet_dense_latency.h:42]   --->   Operation 24 'sub' 'sub_ln42_2' <Predicate = true> <Delay = 0.83> <CoreInst = "Adder">   --->   Core 1 'Adder' <Latency = 0> <II = 1> <Delay = 0.83> <FuncUnit> <Opcode : 'add' 'sub'> <InPorts = 2> <OutPorts = 1>
ST_1 : Operation 25 [1/1] (0.00ns)   --->   "%shl_ln42_5 = bitconcatenate i15 @_ssdm_op_BitConcatenate.i15.i12.i3, i12 %a_2, i3 0" [firmware/nnet_utils/nnet_dense_latency.h:42]   --->   Operation 25 'bitconcatenate' 'shl_ln42_5' <Predicate = true> <Delay = 0.00>
ST_1 : Operation 26 [1/1] (0.00ns)   --->   "%a_3 = load i12 %void_compute_output_buffer_2d_array_const_ap_shift_reg_n_chan_stream_weig_1"   --->   Operation 26 'load' 'a_3' <Predicate = true> <Delay = 0.00>
ST_1 : Operation 27 [1/1] (0.00ns)   --->   "%sext_ln70 = sext i12 %a_3" [firmware/nnet_utils/nnet_mult.h:70->firmware/nnet_utils/nnet_dense_latency.h:42]   --->   Operation 27 'sext' 'sext_ln70' <Predicate = true> <Delay = 0.00>
ST_1 : Operation 28 [1/1] (0.00ns)   --->   "%sext_ln70_523 = sext i12 %a_3" [firmware/nnet_utils/nnet_mult.h:70->firmware/nnet_utils/nnet_dense_latency.h:42]   --->   Operation 28 'sext' 'sext_ln70_523' <Predicate = true> <Delay = 0.00>
ST_1 : Operation 29 [1/1] (0.00ns)   --->   "%shl_ln42_6 = bitconcatenate i15 @_ssdm_op_BitConcatenate.i15.i12.i3, i12 %a_3, i3 0" [firmware/nnet_utils/nnet_dense_latency.h:42]   --->   Operation 29 'bitconcatenate' 'shl_ln42_6' <Predicate = true> <Delay = 0.00>
ST_1 : Operation 30 [1/1] (0.00ns)   --->   "%shl_ln42_7 = bitconcatenate i14 @_ssdm_op_BitConcatenate.i14.i12.i2, i12 %a_3, i2 0" [firmware/nnet_utils/nnet_dense_latency.h:42]   --->   Operation 30 'bitconcatenate' 'shl_ln42_7' <Predicate = true> <Delay = 0.00>
ST_1 : Operation 31 [1/1] (0.00ns)   --->   "%sext_ln42_303 = sext i14 %shl_ln42_7" [firmware/nnet_utils/nnet_dense_latency.h:42]   --->   Operation 31 'sext' 'sext_ln42_303' <Predicate = true> <Delay = 0.00>
ST_1 : Operation 32 [1/1] (0.00ns) (grouped into TernaryAdder)   --->   "%sub_ln42_3 = sub i15 0, i15 %sext_ln42_303" [firmware/nnet_utils/nnet_dense_latency.h:42]   --->   Operation 32 'sub' 'sub_ln42_3' <Predicate = true> <Delay = 0.00> <CoreInst = "TAddSub">   --->   Core 10 'TAddSub' <Latency = 0> <II = 1> <Delay = 0.36> <IPBlock> <Opcode : '' 'add' 'sub'> <InPorts = 3> <OutPorts = 1> <Sync> <CReg>
ST_1 : Operation 33 [1/1] (0.73ns) (root node of TernaryAdder)   --->   "%sub_ln42_4 = sub i15 %sub_ln42_3, i15 %sext_ln70" [firmware/nnet_utils/nnet_dense_latency.h:42]   --->   Operation 33 'sub' 'sub_ln42_4' <Predicate = true> <Delay = 0.73> <CoreInst = "TAddSub">   --->   Core 10 'TAddSub' <Latency = 0> <II = 1> <Delay = 0.36> <IPBlock> <Opcode : '' 'add' 'sub'> <InPorts = 3> <OutPorts = 1> <Sync> <CReg>
ST_1 : Operation 34 [1/1] (0.00ns) (grouped into TernaryAdder)   --->   "%sub_ln42_5 = sub i15 0, i15 %shl_ln42_6" [firmware/nnet_utils/nnet_dense_latency.h:42]   --->   Operation 34 'sub' 'sub_ln42_5' <Predicate = true> <Delay = 0.00> <CoreInst = "TAddSub">   --->   Core 10 'TAddSub' <Latency = 0> <II = 1> <Delay = 0.36> <IPBlock> <Opcode : '' 'add' 'sub'> <InPorts = 3> <OutPorts = 1> <Sync> <CReg>
ST_1 : Operation 35 [1/1] (0.73ns) (root node of TernaryAdder)   --->   "%sub_ln42_6 = sub i15 %sub_ln42_5, i15 %sext_ln70" [firmware/nnet_utils/nnet_dense_latency.h:42]   --->   Operation 35 'sub' 'sub_ln42_6' <Predicate = true> <Delay = 0.73> <CoreInst = "TAddSub">   --->   Core 10 'TAddSub' <Latency = 0> <II = 1> <Delay = 0.36> <IPBlock> <Opcode : '' 'add' 'sub'> <InPorts = 3> <OutPorts = 1> <Sync> <CReg>
ST_1 : Operation 36 [1/1] (0.00ns)   --->   "%shl_ln42_8 = bitconcatenate i13 @_ssdm_op_BitConcatenate.i13.i12.i1, i12 %a_3, i1 0" [firmware/nnet_utils/nnet_dense_latency.h:42]   --->   Operation 36 'bitconcatenate' 'shl_ln42_8' <Predicate = true> <Delay = 0.00>
ST_1 : Operation 37 [1/1] (0.00ns)   --->   "%sext_ln42_304 = sext i13 %shl_ln42_8" [firmware/nnet_utils/nnet_dense_latency.h:42]   --->   Operation 37 'sext' 'sext_ln42_304' <Predicate = true> <Delay = 0.00>
ST_1 : Operation 38 [1/1] (0.84ns)   --->   "%sub_ln42_7 = sub i15 %shl_ln42_6, i15 %sext_ln42_304" [firmware/nnet_utils/nnet_dense_latency.h:42]   --->   Operation 38 'sub' 'sub_ln42_7' <Predicate = true> <Delay = 0.84> <CoreInst = "Adder">   --->   Core 1 'Adder' <Latency = 0> <II = 1> <Delay = 0.84> <FuncUnit> <Opcode : 'add' 'sub'> <InPorts = 2> <OutPorts = 1>
ST_1 : Operation 39 [1/1] (0.00ns)   --->   "%a_4 = load i12 %void_compute_output_buffer_2d_array_const_ap_shift_reg_n_chan_stream_weig"   --->   Operation 39 'load' 'a_4' <Predicate = true> <Delay = 0.00>
ST_1 : Operation 40 [1/1] (0.00ns)   --->   "%sext_ln42_305 = sext i12 %a_4" [firmware/nnet_utils/nnet_dense_latency.h:42]   --->   Operation 40 'sext' 'sext_ln42_305' <Predicate = true> <Delay = 0.00>
ST_1 : Operation 41 [1/1] (0.00ns)   --->   "%sext_ln42_306 = sext i12 %a_4" [firmware/nnet_utils/nnet_dense_latency.h:42]   --->   Operation 41 'sext' 'sext_ln42_306' <Predicate = true> <Delay = 0.00>
ST_1 : Operation 42 [1/1] (0.00ns)   --->   "%shl_ln42_9 = bitconcatenate i14 @_ssdm_op_BitConcatenate.i14.i12.i2, i12 %a_4, i2 0" [firmware/nnet_utils/nnet_dense_latency.h:42]   --->   Operation 42 'bitconcatenate' 'shl_ln42_9' <Predicate = true> <Delay = 0.00>
ST_1 : Operation 43 [1/1] (0.00ns)   --->   "%sext_ln42_307 = sext i14 %shl_ln42_9" [firmware/nnet_utils/nnet_dense_latency.h:42]   --->   Operation 43 'sext' 'sext_ln42_307' <Predicate = true> <Delay = 0.00>
ST_1 : Operation 44 [1/1] (0.00ns)   --->   "%shl_ln42_s = bitconcatenate i15 @_ssdm_op_BitConcatenate.i15.i12.i3, i12 %a_4, i3 0" [firmware/nnet_utils/nnet_dense_latency.h:42]   --->   Operation 44 'bitconcatenate' 'shl_ln42_s' <Predicate = true> <Delay = 0.00>
ST_1 : Operation 45 [1/1] (0.83ns)   --->   "%sub_ln42_8 = sub i15 %sext_ln42_307, i15 %sext_ln42_306" [firmware/nnet_utils/nnet_dense_latency.h:42]   --->   Operation 45 'sub' 'sub_ln42_8' <Predicate = true> <Delay = 0.83> <CoreInst = "Adder">   --->   Core 1 'Adder' <Latency = 0> <II = 1> <Delay = 0.83> <FuncUnit> <Opcode : 'add' 'sub'> <InPorts = 2> <OutPorts = 1>
ST_1 : Operation 46 [1/1] (0.82ns)   --->   "%add_ln58 = add i14 %shl_ln42_cast16_i, i14 15552" [firmware/nnet_utils/nnet_dense_latency.h:58]   --->   Operation 46 'add' 'add_ln58' <Predicate = true> <Delay = 0.82> <CoreInst = "Adder">   --->   Core 1 'Adder' <Latency = 0> <II = 1> <Delay = 0.82> <FuncUnit> <Opcode : 'add' 'sub'> <InPorts = 2> <OutPorts = 1>
ST_1 : Operation 47 [1/1] (0.00ns)   --->   "%sext_ln58 = sext i14 %add_ln58" [firmware/nnet_utils/nnet_dense_latency.h:58]   --->   Operation 47 'sext' 'sext_ln58' <Predicate = true> <Delay = 0.00>
ST_1 : Operation 48 [1/1] (0.82ns)   --->   "%add_ln58_790 = add i14 %shl_ln42_cast16_i, i14 16064" [firmware/nnet_utils/nnet_dense_latency.h:58]   --->   Operation 48 'add' 'add_ln58_790' <Predicate = true> <Delay = 0.82> <CoreInst = "Adder">   --->   Core 1 'Adder' <Latency = 0> <II = 1> <Delay = 0.82> <FuncUnit> <Opcode : 'add' 'sub'> <InPorts = 2> <OutPorts = 1>
ST_1 : Operation 49 [1/1] (0.00ns)   --->   "%sext_ln58_1 = sext i14 %add_ln58_790" [firmware/nnet_utils/nnet_dense_latency.h:58]   --->   Operation 49 'sext' 'sext_ln58_1' <Predicate = true> <Delay = 0.00>
ST_1 : Operation 50 [1/1] (0.82ns)   --->   "%add_ln58_791 = add i14 %sext_ln42_298, i14 15488" [firmware/nnet_utils/nnet_dense_latency.h:58]   --->   Operation 50 'add' 'add_ln58_791' <Predicate = true> <Delay = 0.82> <CoreInst = "Adder">   --->   Core 1 'Adder' <Latency = 0> <II = 1> <Delay = 0.82> <FuncUnit> <Opcode : 'add' 'sub'> <InPorts = 2> <OutPorts = 1>
ST_1 : Operation 51 [1/1] (0.00ns)   --->   "%sext_ln58_2 = sext i14 %add_ln58_791" [firmware/nnet_utils/nnet_dense_latency.h:58]   --->   Operation 51 'sext' 'sext_ln58_2' <Predicate = true> <Delay = 0.00>
ST_1 : Operation 52 [1/1] (0.83ns)   --->   "%sub_ln58 = sub i15 %sext_ln58_1, i15 %sext_ln42_297" [firmware/nnet_utils/nnet_dense_latency.h:58]   --->   Operation 52 'sub' 'sub_ln58' <Predicate = true> <Delay = 0.83> <CoreInst = "Adder">   --->   Core 1 'Adder' <Latency = 0> <II = 1> <Delay = 0.83> <FuncUnit> <Opcode : 'add' 'sub'> <InPorts = 2> <OutPorts = 1>
ST_1 : Operation 53 [1/1] (0.80ns)   --->   "%tmp34_i = add i13 %sext_ln70_523, i13 %sext_ln42_296" [firmware/nnet_utils/nnet_mult.h:70->firmware/nnet_utils/nnet_dense_latency.h:42]   --->   Operation 53 'add' 'tmp34_i' <Predicate = true> <Delay = 0.80> <CoreInst = "Adder">   --->   Core 1 'Adder' <Latency = 0> <II = 1> <Delay = 0.80> <FuncUnit> <Opcode : 'add' 'sub'> <InPorts = 2> <OutPorts = 1>
ST_1 : Operation 54 [1/1] (0.00ns)   --->   "%p_shl10_i = bitconcatenate i15 @_ssdm_op_BitConcatenate.i15.i13.i2, i13 %tmp34_i, i2 0" [firmware/nnet_utils/nnet_mult.h:70->firmware/nnet_utils/nnet_dense_latency.h:42]   --->   Operation 54 'bitconcatenate' 'p_shl10_i' <Predicate = true> <Delay = 0.00>
ST_1 : Operation 55 [1/1] (0.80ns)   --->   "%add_ln58_792 = add i13 %sext_ln42, i13 7808" [firmware/nnet_utils/nnet_dense_latency.h:58]   --->   Operation 55 'add' 'add_ln58_792' <Predicate = true> <Delay = 0.80> <CoreInst = "Adder">   --->   Core 1 'Adder' <Latency = 0> <II = 1> <Delay = 0.80> <FuncUnit> <Opcode : 'add' 'sub'> <InPorts = 2> <OutPorts = 1>
ST_1 : Operation 56 [1/1] (0.00ns)   --->   "%sext_ln58_3 = sext i13 %add_ln58_792" [firmware/nnet_utils/nnet_dense_latency.h:58]   --->   Operation 56 'sext' 'sext_ln58_3' <Predicate = true> <Delay = 0.00>
ST_1 : Operation 57 [1/1] (0.00ns) (grouped into TernaryAdder)   --->   "%add_ln58_793 = add i15 %sub_ln42_2, i15 %sext_ln58_3" [firmware/nnet_utils/nnet_dense_latency.h:58]   --->   Operation 57 'add' 'add_ln58_793' <Predicate = true> <Delay = 0.00> <CoreInst = "TAddSub">   --->   Core 10 'TAddSub' <Latency = 0> <II = 1> <Delay = 0.36> <IPBlock> <Opcode : '' 'add' 'sub'> <InPorts = 3> <OutPorts = 1> <Sync> <CReg>
ST_1 : Operation 58 [1/1] (0.73ns) (root node of TernaryAdder)   --->   "%x_2 = sub i15 %add_ln58_793, i15 %p_shl10_i" [firmware/nnet_utils/nnet_dense_latency.h:58]   --->   Operation 58 'sub' 'x_2' <Predicate = true> <Delay = 0.73> <CoreInst = "TAddSub">   --->   Core 10 'TAddSub' <Latency = 0> <II = 1> <Delay = 0.36> <IPBlock> <Opcode : '' 'add' 'sub'> <InPorts = 3> <OutPorts = 1> <Sync> <CReg>
ST_1 : Operation 59 [1/1] (0.83ns)   --->   "%add_ln58_794 = add i15 %sext_ln58_2, i15 %sext_ln42_300" [firmware/nnet_utils/nnet_dense_latency.h:58]   --->   Operation 59 'add' 'add_ln58_794' <Predicate = true> <Delay = 0.83> <CoreInst = "Adder">   --->   Core 1 'Adder' <Latency = 0> <II = 1> <Delay = 0.83> <FuncUnit> <Opcode : 'add' 'sub'> <InPorts = 2> <OutPorts = 1>
ST_1 : Operation 60 [1/1] (0.00ns) (grouped into TernaryAdder)   --->   "%add_ln58_795 = add i15 %add_ln58_794, i15 %sub_ln42_4" [firmware/nnet_utils/nnet_dense_latency.h:58]   --->   Operation 60 'add' 'add_ln58_795' <Predicate = true> <Delay = 0.00> <CoreInst = "TAddSub">   --->   Core 10 'TAddSub' <Latency = 0> <II = 1> <Delay = 0.36> <IPBlock> <Opcode : '' 'add' 'sub'> <InPorts = 3> <OutPorts = 1> <Sync> <CReg>
ST_1 : Operation 61 [1/1] (0.84ns)   --->   "%add_ln58_796 = add i15 %shl_ln42_6, i15 %shl_ln42_1" [firmware/nnet_utils/nnet_dense_latency.h:58]   --->   Operation 61 'add' 'add_ln58_796' <Predicate = true> <Delay = 0.84> <CoreInst = "Adder">   --->   Core 1 'Adder' <Latency = 0> <II = 1> <Delay = 0.84> <FuncUnit> <Opcode : 'add' 'sub'> <InPorts = 2> <OutPorts = 1>
ST_1 : Operation 62 [1/1] (0.00ns) (grouped into TernaryAdder)   --->   "%add_ln58_797 = add i15 %add_ln58_796, i15 %mul_ln42" [firmware/nnet_utils/nnet_dense_latency.h:58]   --->   Operation 62 'add' 'add_ln58_797' <Predicate = true> <Delay = 0.00> <CoreInst = "TAddSub">   --->   Core 10 'TAddSub' <Latency = 0> <II = 1> <Delay = 0.36> <IPBlock> <Opcode : '' 'add' 'sub'> <InPorts = 3> <OutPorts = 1> <Sync> <CReg>
ST_1 : Operation 63 [1/1] (0.00ns) (grouped into TernaryAdder)   --->   "%add_ln58_798 = add i15 %sext_ln58, i15 %sext_ln42_307" [firmware/nnet_utils/nnet_dense_latency.h:58]   --->   Operation 63 'add' 'add_ln58_798' <Predicate = true> <Delay = 0.00> <CoreInst = "TAddSub">   --->   Core 10 'TAddSub' <Latency = 0> <II = 1> <Delay = 0.36> <IPBlock> <Opcode : '' 'add' 'sub'> <InPorts = 3> <OutPorts = 1> <Sync> <CReg>
ST_1 : Operation 64 [1/1] (0.80ns)   --->   "%add_ln58_799 = add i13 %sext_ln70_523, i13 %sext_ln42_305" [firmware/nnet_utils/nnet_dense_latency.h:58]   --->   Operation 64 'add' 'add_ln58_799' <Predicate = true> <Delay = 0.80> <CoreInst = "Adder">   --->   Core 1 'Adder' <Latency = 0> <II = 1> <Delay = 0.80> <FuncUnit> <Opcode : 'add' 'sub'> <InPorts = 2> <OutPorts = 1>
ST_1 : Operation 65 [1/1] (0.00ns)   --->   "%sext_ln58_199 = sext i13 %add_ln58_799" [firmware/nnet_utils/nnet_dense_latency.h:58]   --->   Operation 65 'sext' 'sext_ln58_199' <Predicate = true> <Delay = 0.00>
ST_1 : Operation 66 [1/1] (0.73ns) (root node of TernaryAdder)   --->   "%add_ln58_800 = add i15 %sext_ln58_199, i15 %add_ln58_798" [firmware/nnet_utils/nnet_dense_latency.h:58]   --->   Operation 66 'add' 'add_ln58_800' <Predicate = true> <Delay = 0.73> <CoreInst = "TAddSub">   --->   Core 10 'TAddSub' <Latency = 0> <II = 1> <Delay = 0.36> <IPBlock> <Opcode : '' 'add' 'sub'> <InPorts = 3> <OutPorts = 1> <Sync> <CReg>
ST_1 : Operation 67 [1/1] (0.73ns) (root node of TernaryAdder)   --->   "%x = add i15 %add_ln58_800, i15 %add_ln58_797" [firmware/nnet_utils/nnet_dense_latency.h:58]   --->   Operation 67 'add' 'x' <Predicate = true> <Delay = 0.73> <CoreInst = "TAddSub">   --->   Core 10 'TAddSub' <Latency = 0> <II = 1> <Delay = 0.36> <IPBlock> <Opcode : '' 'add' 'sub'> <InPorts = 3> <OutPorts = 1> <Sync> <CReg>
ST_1 : Operation 68 [1/1] (0.80ns)   --->   "%tmp539_i = sub i13 %sext_ln42_305, i13 %sext_ln42" [firmware/nnet_utils/nnet_dense_latency.h:42]   --->   Operation 68 'sub' 'tmp539_i' <Predicate = true> <Delay = 0.80> <CoreInst = "Adder">   --->   Core 1 'Adder' <Latency = 0> <II = 1> <Delay = 0.80> <FuncUnit> <Opcode : 'add' 'sub'> <InPorts = 2> <OutPorts = 1>
ST_1 : Operation 69 [1/1] (0.00ns)   --->   "%tmp54_i = bitconcatenate i15 @_ssdm_op_BitConcatenate.i15.i13.i2, i13 %tmp539_i, i2 0" [firmware/nnet_utils/nnet_dense_latency.h:42]   --->   Operation 69 'bitconcatenate' 'tmp54_i' <Predicate = true> <Delay = 0.00>
ST_1 : Operation 70 [1/1] (0.00ns) (grouped into TernaryAdder)   --->   "%add_ln58_802 = add i15 %sub_ln42, i15 %tmp54_i" [firmware/nnet_utils/nnet_dense_latency.h:58]   --->   Operation 70 'add' 'add_ln58_802' <Predicate = true> <Delay = 0.00> <CoreInst = "TAddSub">   --->   Core 10 'TAddSub' <Latency = 0> <II = 1> <Delay = 0.36> <IPBlock> <Opcode : '' 'add' 'sub'> <InPorts = 3> <OutPorts = 1> <Sync> <CReg>
ST_1 : Operation 71 [1/1] (0.82ns)   --->   "%add_ln58_803 = add i14 %sext_ln42_301, i14 15680" [firmware/nnet_utils/nnet_dense_latency.h:58]   --->   Operation 71 'add' 'add_ln58_803' <Predicate = true> <Delay = 0.82> <CoreInst = "Adder">   --->   Core 1 'Adder' <Latency = 0> <II = 1> <Delay = 0.82> <FuncUnit> <Opcode : 'add' 'sub'> <InPorts = 2> <OutPorts = 1>
ST_1 : Operation 72 [1/1] (0.00ns)   --->   "%sext_ln58_200 = sext i14 %add_ln58_803" [firmware/nnet_utils/nnet_dense_latency.h:58]   --->   Operation 72 'sext' 'sext_ln58_200' <Predicate = true> <Delay = 0.00>
ST_1 : Operation 73 [1/1] (0.73ns) (root node of TernaryAdder)   --->   "%x_1 = add i15 %sext_ln58_200, i15 %add_ln58_802" [firmware/nnet_utils/nnet_dense_latency.h:58]   --->   Operation 73 'add' 'x_1' <Predicate = true> <Delay = 0.73> <CoreInst = "TAddSub">   --->   Core 10 'TAddSub' <Latency = 0> <II = 1> <Delay = 0.36> <IPBlock> <Opcode : '' 'add' 'sub'> <InPorts = 3> <OutPorts = 1> <Sync> <CReg>
ST_1 : Operation 74 [1/1] (0.80ns)   --->   "%tmp55_i = add i13 %sext_ln42_296, i13 %sext_ln42" [firmware/nnet_utils/nnet_dense_latency.h:42]   --->   Operation 74 'add' 'tmp55_i' <Predicate = true> <Delay = 0.80> <CoreInst = "Adder">   --->   Core 1 'Adder' <Latency = 0> <II = 1> <Delay = 0.80> <FuncUnit> <Opcode : 'add' 'sub'> <InPorts = 2> <OutPorts = 1>
ST_1 : Operation 75 [1/1] (0.00ns)   --->   "%tmp55_cast_i = sext i13 %tmp55_i" [firmware/nnet_utils/nnet_dense_latency.h:42]   --->   Operation 75 'sext' 'tmp55_cast_i' <Predicate = true> <Delay = 0.00>
ST_1 : Operation 76 [1/1] (0.00ns)   --->   "%empty = trunc i13 %tmp55_i" [firmware/nnet_utils/nnet_dense_latency.h:42]   --->   Operation 76 'trunc' 'empty' <Predicate = true> <Delay = 0.00>
ST_1 : Operation 77 [1/1] (0.00ns)   --->   "%p_shl7_i = bitconcatenate i15 @_ssdm_op_BitConcatenate.i15.i12.i3, i12 %empty, i3 0" [firmware/nnet_utils/nnet_dense_latency.h:42]   --->   Operation 77 'bitconcatenate' 'p_shl7_i' <Predicate = true> <Delay = 0.00>
ST_1 : Operation 78 [1/1] (0.00ns) (grouped into TernaryAdder)   --->   "%tmp56_i = sub i15 %p_shl7_i, i15 %tmp55_cast_i" [firmware/nnet_utils/nnet_dense_latency.h:42]   --->   Operation 78 'sub' 'tmp56_i' <Predicate = true> <Delay = 0.00> <CoreInst = "TAddSub">   --->   Core 10 'TAddSub' <Latency = 0> <II = 1> <Delay = 0.36> <IPBlock> <Opcode : '' 'add' 'sub'> <InPorts = 3> <OutPorts = 1> <Sync> <CReg>
ST_1 : Operation 79 [1/1] (0.73ns) (root node of TernaryAdder)   --->   "%add_ln58_807 = add i15 %tmp56_i, i15 31872" [firmware/nnet_utils/nnet_dense_latency.h:58]   --->   Operation 79 'add' 'add_ln58_807' <Predicate = true> <Delay = 0.73> <CoreInst = "TAddSub">   --->   Core 10 'TAddSub' <Latency = 0> <II = 1> <Delay = 0.36> <IPBlock> <Opcode : '' 'add' 'sub'> <InPorts = 3> <OutPorts = 1> <Sync> <CReg>
ST_1 : Operation 80 [1/1] (0.00ns) (grouped into TernaryAdder)   --->   "%add_ln58_805 = add i15 %add_ln58_807, i15 %sub_ln42_2" [firmware/nnet_utils/nnet_dense_latency.h:58]   --->   Operation 80 'add' 'add_ln58_805' <Predicate = true> <Delay = 0.00> <CoreInst = "TAddSub">   --->   Core 10 'TAddSub' <Latency = 0> <II = 1> <Delay = 0.36> <IPBlock> <Opcode : '' 'add' 'sub'> <InPorts = 3> <OutPorts = 1> <Sync> <CReg>
ST_1 : Operation 81 [1/1] (0.73ns) (root node of TernaryAdder)   --->   "%x_3 = sub i15 %add_ln58_805, i15 %sext_ln42_306" [firmware/nnet_utils/nnet_dense_latency.h:58]   --->   Operation 81 'sub' 'x_3' <Predicate = true> <Delay = 0.73> <CoreInst = "TAddSub">   --->   Core 10 'TAddSub' <Latency = 0> <II = 1> <Delay = 0.36> <IPBlock> <Opcode : '' 'add' 'sub'> <InPorts = 3> <OutPorts = 1> <Sync> <CReg>
ST_1 : Operation 82 [1/1] (0.73ns) (root node of TernaryAdder)   --->   "%x_4 = sub i15 %add_ln58_795, i15 %shl_ln42_s" [firmware/nnet_utils/nnet_dense_latency.h:58]   --->   Operation 82 'sub' 'x_4' <Predicate = true> <Delay = 0.73> <CoreInst = "TAddSub">   --->   Core 10 'TAddSub' <Latency = 0> <II = 1> <Delay = 0.36> <IPBlock> <Opcode : '' 'add' 'sub'> <InPorts = 3> <OutPorts = 1> <Sync> <CReg>
ST_1 : Operation 83 [1/1] (0.80ns)   --->   "%tmp57_i = add i13 %sext_ln42_305, i13 %sext_ln42" [firmware/nnet_utils/nnet_dense_latency.h:42]   --->   Operation 83 'add' 'tmp57_i' <Predicate = true> <Delay = 0.80> <CoreInst = "Adder">   --->   Core 1 'Adder' <Latency = 0> <II = 1> <Delay = 0.80> <FuncUnit> <Opcode : 'add' 'sub'> <InPorts = 2> <OutPorts = 1>
ST_1 : Operation 84 [1/1] (0.00ns)   --->   "%tmp57_cast_i = sext i13 %tmp57_i" [firmware/nnet_utils/nnet_dense_latency.h:42]   --->   Operation 84 'sext' 'tmp57_cast_i' <Predicate = true> <Delay = 0.00>
ST_1 : Operation 85 [1/1] (0.00ns)   --->   "%p_shl = bitconcatenate i15 @_ssdm_op_BitConcatenate.i15.i13.i2, i13 %tmp57_i, i2 0" [firmware/nnet_utils/nnet_dense_latency.h:42]   --->   Operation 85 'bitconcatenate' 'p_shl' <Predicate = true> <Delay = 0.00>
ST_1 : Operation 86 [1/1] (0.84ns)   --->   "%tmp58_i = sub i15 %tmp57_cast_i, i15 %p_shl" [firmware/nnet_utils/nnet_dense_latency.h:42]   --->   Operation 86 'sub' 'tmp58_i' <Predicate = true> <Delay = 0.84> <CoreInst = "Adder">   --->   Core 1 'Adder' <Latency = 0> <II = 1> <Delay = 0.84> <FuncUnit> <Opcode : 'add' 'sub'> <InPorts = 2> <OutPorts = 1>
ST_1 : Operation 87 [1/1] (0.00ns) (grouped into TernaryAdder)   --->   "%add_ln58_806 = add i15 %sub_ln42_1, i15 384" [firmware/nnet_utils/nnet_dense_latency.h:58]   --->   Operation 87 'add' 'add_ln58_806' <Predicate = true> <Delay = 0.00> <CoreInst = "TAddSub">   --->   Core 10 'TAddSub' <Latency = 0> <II = 1> <Delay = 0.36> <IPBlock> <Opcode : '' 'add' 'sub'> <InPorts = 3> <OutPorts = 1> <Sync> <CReg>
ST_1 : Operation 88 [1/1] (0.73ns) (root node of TernaryAdder)   --->   "%sub_ln58_4 = sub i15 %add_ln58_806, i15 %shl_ln42_5" [firmware/nnet_utils/nnet_dense_latency.h:58]   --->   Operation 88 'sub' 'sub_ln58_4' <Predicate = true> <Delay = 0.73> <CoreInst = "TAddSub">   --->   Core 10 'TAddSub' <Latency = 0> <II = 1> <Delay = 0.36> <IPBlock> <Opcode : '' 'add' 'sub'> <InPorts = 3> <OutPorts = 1> <Sync> <CReg>
ST_1 : Operation 89 [1/1] (0.00ns) (grouped into TernaryAdder)   --->   "%add_ln58_808 = add i15 %sub_ln42_6, i15 %tmp58_i" [firmware/nnet_utils/nnet_dense_latency.h:58]   --->   Operation 89 'add' 'add_ln58_808' <Predicate = true> <Delay = 0.00> <CoreInst = "TAddSub">   --->   Core 10 'TAddSub' <Latency = 0> <II = 1> <Delay = 0.36> <IPBlock> <Opcode : '' 'add' 'sub'> <InPorts = 3> <OutPorts = 1> <Sync> <CReg>
ST_1 : Operation 90 [1/1] (0.73ns) (root node of TernaryAdder)   --->   "%x_5 = add i15 %add_ln58_808, i15 %sub_ln58_4" [firmware/nnet_utils/nnet_dense_latency.h:58]   --->   Operation 90 'add' 'x_5' <Predicate = true> <Delay = 0.73> <CoreInst = "TAddSub">   --->   Core 10 'TAddSub' <Latency = 0> <II = 1> <Delay = 0.36> <IPBlock> <Opcode : '' 'add' 'sub'> <InPorts = 3> <OutPorts = 1> <Sync> <CReg>
ST_1 : Operation 91 [1/1] (0.00ns) (grouped into TernaryAdder)   --->   "%add_ln58_810 = add i15 %sub_ln42_7, i15 %sub_ln42_8" [firmware/nnet_utils/nnet_dense_latency.h:58]   --->   Operation 91 'add' 'add_ln58_810' <Predicate = true> <Delay = 0.00> <CoreInst = "TAddSub">   --->   Core 10 'TAddSub' <Latency = 0> <II = 1> <Delay = 0.36> <IPBlock> <Opcode : '' 'add' 'sub'> <InPorts = 3> <OutPorts = 1> <Sync> <CReg>
ST_1 : Operation 92 [1/1] (0.73ns) (root node of TernaryAdder)   --->   "%x_6 = add i15 %add_ln58_810, i15 %sub_ln58" [firmware/nnet_utils/nnet_dense_latency.h:58]   --->   Operation 92 'add' 'x_6' <Predicate = true> <Delay = 0.73> <CoreInst = "TAddSub">   --->   Core 10 'TAddSub' <Latency = 0> <II = 1> <Delay = 0.36> <IPBlock> <Opcode : '' 'add' 'sub'> <InPorts = 3> <OutPorts = 1> <Sync> <CReg>
ST_1 : Operation 93 [1/1] (0.00ns)   --->   "%trunc_ln = partselect i9 @_ssdm_op_PartSelect.i9.i15.i32.i32, i15 %x, i32 6, i32 14" [firmware/nnet_utils/nnet_mult.h:111->firmware/nnet_utils/nnet_dense_latency.h:66]   --->   Operation 93 'partselect' 'trunc_ln' <Predicate = true> <Delay = 0.00>
ST_1 : Operation 94 [1/1] (0.00ns)   --->   "%trunc_ln111_1 = partselect i9 @_ssdm_op_PartSelect.i9.i15.i32.i32, i15 %x_1, i32 6, i32 14" [firmware/nnet_utils/nnet_mult.h:111->firmware/nnet_utils/nnet_dense_latency.h:66]   --->   Operation 94 'partselect' 'trunc_ln111_1' <Predicate = true> <Delay = 0.00>
ST_1 : Operation 95 [1/1] (0.00ns)   --->   "%trunc_ln111_2 = partselect i9 @_ssdm_op_PartSelect.i9.i15.i32.i32, i15 %x_2, i32 6, i32 14" [firmware/nnet_utils/nnet_mult.h:111->firmware/nnet_utils/nnet_dense_latency.h:66]   --->   Operation 95 'partselect' 'trunc_ln111_2' <Predicate = true> <Delay = 0.00>
ST_1 : Operation 96 [1/1] (0.00ns)   --->   "%trunc_ln111_3 = partselect i9 @_ssdm_op_PartSelect.i9.i15.i32.i32, i15 %x_3, i32 6, i32 14" [firmware/nnet_utils/nnet_mult.h:111->firmware/nnet_utils/nnet_dense_latency.h:66]   --->   Operation 96 'partselect' 'trunc_ln111_3' <Predicate = true> <Delay = 0.00>
ST_1 : Operation 97 [1/1] (0.00ns)   --->   "%trunc_ln111_4 = partselect i9 @_ssdm_op_PartSelect.i9.i15.i32.i32, i15 %x_4, i32 6, i32 14" [firmware/nnet_utils/nnet_mult.h:111->firmware/nnet_utils/nnet_dense_latency.h:66]   --->   Operation 97 'partselect' 'trunc_ln111_4' <Predicate = true> <Delay = 0.00>
ST_1 : Operation 98 [1/1] (0.00ns)   --->   "%trunc_ln111_5 = partselect i9 @_ssdm_op_PartSelect.i9.i15.i32.i32, i15 %x_5, i32 6, i32 14" [firmware/nnet_utils/nnet_mult.h:111->firmware/nnet_utils/nnet_dense_latency.h:66]   --->   Operation 98 'partselect' 'trunc_ln111_5' <Predicate = true> <Delay = 0.00>
ST_1 : Operation 99 [1/1] (0.00ns)   --->   "%trunc_ln111_6 = partselect i9 @_ssdm_op_PartSelect.i9.i15.i32.i32, i15 %x_6, i32 6, i32 14" [firmware/nnet_utils/nnet_mult.h:111->firmware/nnet_utils/nnet_dense_latency.h:66]   --->   Operation 99 'partselect' 'trunc_ln111_6' <Predicate = true> <Delay = 0.00>
ST_1 : Operation 100 [1/1] (0.00ns)   --->   "%mrv_i = insertvalue i63 <undef>, i9 %trunc_ln" [firmware/nnet_utils/nnet_dense_latency.h:68]   --->   Operation 100 'insertvalue' 'mrv_i' <Predicate = true> <Delay = 0.00>
ST_1 : Operation 101 [1/1] (0.00ns)   --->   "%mrv_1_i = insertvalue i63 %mrv_i, i9 %trunc_ln111_1" [firmware/nnet_utils/nnet_dense_latency.h:68]   --->   Operation 101 'insertvalue' 'mrv_1_i' <Predicate = true> <Delay = 0.00>
ST_1 : Operation 102 [1/1] (0.00ns)   --->   "%mrv_2_i = insertvalue i63 %mrv_1_i, i9 %trunc_ln111_2" [firmware/nnet_utils/nnet_dense_latency.h:68]   --->   Operation 102 'insertvalue' 'mrv_2_i' <Predicate = true> <Delay = 0.00>
ST_1 : Operation 103 [1/1] (0.00ns)   --->   "%mrv_3_i = insertvalue i63 %mrv_2_i, i9 %trunc_ln111_3" [firmware/nnet_utils/nnet_dense_latency.h:68]   --->   Operation 103 'insertvalue' 'mrv_3_i' <Predicate = true> <Delay = 0.00>
ST_1 : Operation 104 [1/1] (0.00ns)   --->   "%mrv_4_i = insertvalue i63 %mrv_3_i, i9 %trunc_ln111_4" [firmware/nnet_utils/nnet_dense_latency.h:68]   --->   Operation 104 'insertvalue' 'mrv_4_i' <Predicate = true> <Delay = 0.00>
ST_1 : Operation 105 [1/1] (0.00ns)   --->   "%mrv_5_i = insertvalue i63 %mrv_4_i, i9 %trunc_ln111_5" [firmware/nnet_utils/nnet_dense_latency.h:68]   --->   Operation 105 'insertvalue' 'mrv_5_i' <Predicate = true> <Delay = 0.00>
ST_1 : Operation 106 [1/1] (0.00ns)   --->   "%mrv_6_i = insertvalue i63 %mrv_5_i, i9 %trunc_ln111_6" [firmware/nnet_utils/nnet_dense_latency.h:68]   --->   Operation 106 'insertvalue' 'mrv_6_i' <Predicate = true> <Delay = 0.00>
ST_1 : Operation 107 [1/1] (0.00ns)   --->   "%ret_ln33 = ret i63 %mrv_6_i" [firmware/nnet_utils/nnet_dense_latency.h:33]   --->   Operation 107 'ret' 'ret_ln33' <Predicate = true> <Delay = 0.00>


============================================================
+ Verbose Summary: Binding
============================================================
STG Binding: 
---------------- STG Properties BEGIN ----------------
- Is combinational: 1
- Is one-state seq: 0
- Is datapath-only: 0
- Is pipelined: 1
- Is top level: 0
Port [ Return ] is wired: 1; IO mode=ap_ctrl_hs:ce=0
Port [ void_compute_output_buffer_2d_array_const_ap_shift_reg_n_chan_stream_weig_4]:  wired=1; compound=0; hidden=0; nouse=0; global=1; static=1; extern=0; dir=0; type=0; pingpong=0; private_global=0; IO mode=ap_none:ce=0
Port [ void_compute_output_buffer_2d_array_const_ap_shift_reg_n_chan_stream_weig_3]:  wired=1; compound=0; hidden=0; nouse=0; global=1; static=1; extern=0; dir=0; type=0; pingpong=0; private_global=0; IO mode=ap_none:ce=0
Port [ void_compute_output_buffer_2d_array_const_ap_shift_reg_n_chan_stream_weig_2]:  wired=1; compound=0; hidden=0; nouse=0; global=1; static=1; extern=0; dir=0; type=0; pingpong=0; private_global=0; IO mode=ap_none:ce=0
Port [ void_compute_output_buffer_2d_array_const_ap_shift_reg_n_chan_stream_weig_1]:  wired=1; compound=0; hidden=0; nouse=0; global=1; static=1; extern=0; dir=0; type=0; pingpong=0; private_global=0; IO mode=ap_none:ce=0
Port [ void_compute_output_buffer_2d_array_const_ap_shift_reg_n_chan_stream_weig]:  wired=1; compound=0; hidden=0; nouse=0; global=1; static=1; extern=0; dir=0; type=0; pingpong=0; private_global=0; IO mode=ap_none:ce=0
---------------- STG Properties END ------------------

---------------- Datapath Model BEGIN ----------------

<LifeTime>
<method=bitvector/>
specpipeline_ln33      (specpipeline     ) [ 00]
specresourcelimit_ln33 (specresourcelimit) [ 00]
a                      (load             ) [ 00]
sext_ln42              (sext             ) [ 00]
shl_ln                 (bitconcatenate   ) [ 00]
shl_ln42_cast16_i      (sext             ) [ 00]
a_1                    (load             ) [ 00]
sext_ln42_296          (sext             ) [ 00]
shl_ln42_1             (bitconcatenate   ) [ 00]
shl_ln42_2             (bitconcatenate   ) [ 00]
sext_ln42_297          (sext             ) [ 00]
sext_ln42_298          (sext             ) [ 00]
sub_ln42               (sub              ) [ 00]
sub_ln42_1             (sub              ) [ 00]
a_2                    (load             ) [ 00]
sext_ln42_299          (sext             ) [ 00]
mul_ln42               (mul              ) [ 00]
shl_ln42_3             (bitconcatenate   ) [ 00]
sext_ln42_300          (sext             ) [ 00]
sext_ln42_301          (sext             ) [ 00]
shl_ln42_4             (bitconcatenate   ) [ 00]
sext_ln42_302          (sext             ) [ 00]
sub_ln42_2             (sub              ) [ 00]
shl_ln42_5             (bitconcatenate   ) [ 00]
a_3                    (load             ) [ 00]
sext_ln70              (sext             ) [ 00]
sext_ln70_523          (sext             ) [ 00]
shl_ln42_6             (bitconcatenate   ) [ 00]
shl_ln42_7             (bitconcatenate   ) [ 00]
sext_ln42_303          (sext             ) [ 00]
sub_ln42_3             (sub              ) [ 00]
sub_ln42_4             (sub              ) [ 00]
sub_ln42_5             (sub              ) [ 00]
sub_ln42_6             (sub              ) [ 00]
shl_ln42_8             (bitconcatenate   ) [ 00]
sext_ln42_304          (sext             ) [ 00]
sub_ln42_7             (sub              ) [ 00]
a_4                    (load             ) [ 00]
sext_ln42_305          (sext             ) [ 00]
sext_ln42_306          (sext             ) [ 00]
shl_ln42_9             (bitconcatenate   ) [ 00]
sext_ln42_307          (sext             ) [ 00]
shl_ln42_s             (bitconcatenate   ) [ 00]
sub_ln42_8             (sub              ) [ 00]
add_ln58               (add              ) [ 00]
sext_ln58              (sext             ) [ 00]
add_ln58_790           (add              ) [ 00]
sext_ln58_1            (sext             ) [ 00]
add_ln58_791           (add              ) [ 00]
sext_ln58_2            (sext             ) [ 00]
sub_ln58               (sub              ) [ 00]
tmp34_i                (add              ) [ 00]
p_shl10_i              (bitconcatenate   ) [ 00]
add_ln58_792           (add              ) [ 00]
sext_ln58_3            (sext             ) [ 00]
add_ln58_793           (add              ) [ 00]
x_2                    (sub              ) [ 00]
add_ln58_794           (add              ) [ 00]
add_ln58_795           (add              ) [ 00]
add_ln58_796           (add              ) [ 00]
add_ln58_797           (add              ) [ 00]
add_ln58_798           (add              ) [ 00]
add_ln58_799           (add              ) [ 00]
sext_ln58_199          (sext             ) [ 00]
add_ln58_800           (add              ) [ 00]
x                      (add              ) [ 00]
tmp539_i               (sub              ) [ 00]
tmp54_i                (bitconcatenate   ) [ 00]
add_ln58_802           (add              ) [ 00]
add_ln58_803           (add              ) [ 00]
sext_ln58_200          (sext             ) [ 00]
x_1                    (add              ) [ 00]
tmp55_i                (add              ) [ 00]
tmp55_cast_i           (sext             ) [ 00]
empty                  (trunc            ) [ 00]
p_shl7_i               (bitconcatenate   ) [ 00]
tmp56_i                (sub              ) [ 00]
add_ln58_807           (add              ) [ 00]
add_ln58_805           (add              ) [ 00]
x_3                    (sub              ) [ 00]
x_4                    (sub              ) [ 00]
tmp57_i                (add              ) [ 00]
tmp57_cast_i           (sext             ) [ 00]
p_shl                  (bitconcatenate   ) [ 00]
tmp58_i                (sub              ) [ 00]
add_ln58_806           (add              ) [ 00]
sub_ln58_4             (sub              ) [ 00]
add_ln58_808           (add              ) [ 00]
x_5                    (add              ) [ 00]
add_ln58_810           (add              ) [ 00]
x_6                    (add              ) [ 00]
trunc_ln               (partselect       ) [ 00]
trunc_ln111_1          (partselect       ) [ 00]
trunc_ln111_2          (partselect       ) [ 00]
trunc_ln111_3          (partselect       ) [ 00]
trunc_ln111_4          (partselect       ) [ 00]
trunc_ln111_5          (partselect       ) [ 00]
trunc_ln111_6          (partselect       ) [ 00]
mrv_i                  (insertvalue      ) [ 00]
mrv_1_i                (insertvalue      ) [ 00]
mrv_2_i                (insertvalue      ) [ 00]
mrv_3_i                (insertvalue      ) [ 00]
mrv_4_i                (insertvalue      ) [ 00]
mrv_5_i                (insertvalue      ) [ 00]
mrv_6_i                (insertvalue      ) [ 00]
ret_ln33               (ret              ) [ 00]
</LifeTime>

<model>

<comp_list>
<comp id="0" class="1000" name="void_compute_output_buffer_2d_array_const_ap_shift_reg_n_chan_stream_weig_4">
<pin_list>
<pin id="1" dir="1" index="0" bw="1" slack="0"/>
</pin_list>
<bind>
<StgValue><ssdm name="void_compute_output_buffer_2d_array_const_ap_shift_reg_n_chan_stream_weig_4"/></StgValue>
</bind>
</comp>

<comp id="2" class="1000" name="void_compute_output_buffer_2d_array_const_ap_shift_reg_n_chan_stream_weig_3">
<pin_list>
<pin id="3" dir="1" index="0" bw="1" slack="0"/>
</pin_list>
<bind>
<StgValue><ssdm name="void_compute_output_buffer_2d_array_const_ap_shift_reg_n_chan_stream_weig_3"/></StgValue>
</bind>
</comp>

<comp id="4" class="1000" name="void_compute_output_buffer_2d_array_const_ap_shift_reg_n_chan_stream_weig_2">
<pin_list>
<pin id="5" dir="1" index="0" bw="1" slack="0"/>
</pin_list>
<bind>
<StgValue><ssdm name="void_compute_output_buffer_2d_array_const_ap_shift_reg_n_chan_stream_weig_2"/></StgValue>
</bind>
</comp>

<comp id="6" class="1000" name="void_compute_output_buffer_2d_array_const_ap_shift_reg_n_chan_stream_weig_1">
<pin_list>
<pin id="7" dir="1" index="0" bw="1" slack="0"/>
</pin_list>
<bind>
<StgValue><ssdm name="void_compute_output_buffer_2d_array_const_ap_shift_reg_n_chan_stream_weig_1"/></StgValue>
</bind>
</comp>

<comp id="8" class="1000" name="void_compute_output_buffer_2d_array_const_ap_shift_reg_n_chan_stream_weig">
<pin_list>
<pin id="9" dir="1" index="0" bw="1" slack="0"/>
</pin_list>
<bind>
<StgValue><ssdm name="void_compute_output_buffer_2d_array_const_ap_shift_reg_n_chan_stream_weig"/></StgValue>
</bind>
</comp>

<comp id="10" class="1001" name="const_10">
<pin_list>
<pin id="11" dir="1" index="0" bw="1" slack="2147483647"/>
</pin_list>
<bind>
<StgValue><ssdm name="_ssdm_op_SpecPipeline"/></StgValue>
</bind>
</comp>

<comp id="12" class="1001" name="const_12">
<pin_list>
<pin id="13" dir="1" index="0" bw="1" slack="2147483647"/>
</pin_list>
<bind>
<StgValue><ssdm name=""/></StgValue>
</bind>
</comp>

<comp id="14" class="1001" name="const_14">
<pin_list>
<pin id="15" dir="1" index="0" bw="1" slack="2147483647"/>
</pin_list>
<bind>
<StgValue><ssdm name=""/></StgValue>
</bind>
</comp>

<comp id="16" class="1001" name="const_16">
<pin_list>
<pin id="17" dir="1" index="0" bw="1" slack="2147483647"/>
</pin_list>
<bind>
<StgValue><ssdm name="empty_5"/></StgValue>
</bind>
</comp>

<comp id="18" class="1001" name="const_18">
<pin_list>
<pin id="19" dir="1" index="0" bw="1" slack="2147483647"/>
</pin_list>
<bind>
<StgValue><ssdm name="_ssdm_op_SpecResourceLimit"/></StgValue>
</bind>
</comp>

<comp id="20" class="1001" name="const_20">
<pin_list>
<pin id="21" dir="1" index="0" bw="1" slack="2147483647"/>
</pin_list>
<bind>
<StgValue><ssdm name=""/></StgValue>
</bind>
</comp>

<comp id="22" class="1001" name="const_22">
<pin_list>
<pin id="23" dir="1" index="0" bw="1" slack="2147483647"/>
</pin_list>
<bind>
<StgValue><ssdm name="empty_6"/></StgValue>
</bind>
</comp>

<comp id="24" class="1001" name="const_24">
<pin_list>
<pin id="25" dir="1" index="0" bw="1" slack="0"/>
</pin_list>
<bind>
<StgValue><ssdm name="_ssdm_op_BitConcatenate.i13.i12.i1"/></StgValue>
</bind>
</comp>

<comp id="26" class="1001" name="const_26">
<pin_list>
<pin id="27" dir="1" index="0" bw="1" slack="0"/>
</pin_list>
<bind>
<StgValue><ssdm name=""/></StgValue>
</bind>
</comp>

<comp id="28" class="1001" name="const_28">
<pin_list>
<pin id="29" dir="1" index="0" bw="1" slack="0"/>
</pin_list>
<bind>
<StgValue><ssdm name="_ssdm_op_BitConcatenate.i15.i12.i3"/></StgValue>
</bind>
</comp>

<comp id="30" class="1001" name="const_30">
<pin_list>
<pin id="31" dir="1" index="0" bw="1" slack="0"/>
</pin_list>
<bind>
<StgValue><ssdm name=""/></StgValue>
</bind>
</comp>

<comp id="32" class="1001" name="const_32">
<pin_list>
<pin id="33" dir="1" index="0" bw="1" slack="0"/>
</pin_list>
<bind>
<StgValue><ssdm name=""/></StgValue>
</bind>
</comp>

<comp id="34" class="1001" name="const_34">
<pin_list>
<pin id="35" dir="1" index="0" bw="1" slack="0"/>
</pin_list>
<bind>
<StgValue><ssdm name="_ssdm_op_BitConcatenate.i14.i12.i2"/></StgValue>
</bind>
</comp>

<comp id="36" class="1001" name="const_36">
<pin_list>
<pin id="37" dir="1" index="0" bw="1" slack="0"/>
</pin_list>
<bind>
<StgValue><ssdm name=""/></StgValue>
</bind>
</comp>

<comp id="38" class="1001" name="const_38">
<pin_list>
<pin id="39" dir="1" index="0" bw="1" slack="0"/>
</pin_list>
<bind>
<StgValue><ssdm name=""/></StgValue>
</bind>
</comp>

<comp id="40" class="1001" name="const_40">
<pin_list>
<pin id="41" dir="1" index="0" bw="1" slack="0"/>
</pin_list>
<bind>
<StgValue><ssdm name=""/></StgValue>
</bind>
</comp>

<comp id="42" class="1001" name="const_42">
<pin_list>
<pin id="43" dir="1" index="0" bw="1" slack="0"/>
</pin_list>
<bind>
<StgValue><ssdm name=""/></StgValue>
</bind>
</comp>

<comp id="44" class="1001" name="const_44">
<pin_list>
<pin id="45" dir="1" index="0" bw="1" slack="0"/>
</pin_list>
<bind>
<StgValue><ssdm name=""/></StgValue>
</bind>
</comp>

<comp id="46" class="1001" name="const_46">
<pin_list>
<pin id="47" dir="1" index="0" bw="1" slack="0"/>
</pin_list>
<bind>
<StgValue><ssdm name="_ssdm_op_BitConcatenate.i15.i13.i2"/></StgValue>
</bind>
</comp>

<comp id="48" class="1001" name="const_48">
<pin_list>
<pin id="49" dir="1" index="0" bw="1" slack="0"/>
</pin_list>
<bind>
<StgValue><ssdm name=""/></StgValue>
</bind>
</comp>

<comp id="50" class="1001" name="const_50">
<pin_list>
<pin id="51" dir="1" index="0" bw="1" slack="0"/>
</pin_list>
<bind>
<StgValue><ssdm name=""/></StgValue>
</bind>
</comp>

<comp id="52" class="1001" name="const_52">
<pin_list>
<pin id="53" dir="1" index="0" bw="1" slack="0"/>
</pin_list>
<bind>
<StgValue><ssdm name=""/></StgValue>
</bind>
</comp>

<comp id="54" class="1001" name="const_54">
<pin_list>
<pin id="55" dir="1" index="0" bw="1" slack="0"/>
</pin_list>
<bind>
<StgValue><ssdm name=""/></StgValue>
</bind>
</comp>

<comp id="56" class="1001" name="const_56">
<pin_list>
<pin id="57" dir="1" index="0" bw="1" slack="0"/>
</pin_list>
<bind>
<StgValue><ssdm name="_ssdm_op_PartSelect.i9.i15.i32.i32"/></StgValue>
</bind>
</comp>

<comp id="58" class="1001" name="const_58">
<pin_list>
<pin id="59" dir="1" index="0" bw="1" slack="0"/>
</pin_list>
<bind>
<StgValue><ssdm name=""/></StgValue>
</bind>
</comp>

<comp id="60" class="1001" name="const_60">
<pin_list>
<pin id="61" dir="1" index="0" bw="1" slack="0"/>
</pin_list>
<bind>
<StgValue><ssdm name=""/></StgValue>
</bind>
</comp>

<comp id="62" class="1001" name="const_62">
<pin_list>
<pin id="63" dir="1" index="0" bw="1" slack="0"/>
</pin_list>
<bind>
<StgValue><ssdm name=""/></StgValue>
</bind>
</comp>

<comp id="65" class="1004" name="mul_ln42_fu_65">
<pin_list>
<pin id="239" dir="0" index="0" bw="12" slack="0"/>
<pin id="240" dir="0" index="1" bw="5" slack="0"/>
<pin id="241" dir="1" index="2" bw="15" slack="0"/>
</pin_list>
<bind>
<opcode="mul(12) " fcode="mul"/>
<opset="mul_ln42/1 "/>
</bind>
</comp>

<comp id="247" class="1004" name="a_load_fu_247">
<pin_list>
<pin id="248" dir="0" index="0" bw="12" slack="0"/>
<pin id="249" dir="1" index="1" bw="12" slack="0"/>
</pin_list>
<bind>
<opcode="load(27) " fcode="load"/>
<opset="a/1 "/>
</bind>
</comp>

<comp id="251" class="1004" name="sext_ln42_fu_251">
<pin_list>
<pin id="252" dir="0" index="0" bw="12" slack="0"/>
<pin id="253" dir="1" index="1" bw="13" slack="0"/>
</pin_list>
<bind>
<opcode="sext(35) " fcode="sext"/>
<opset="sext_ln42/1 "/>
</bind>
</comp>

<comp id="255" class="1004" name="shl_ln_fu_255">
<pin_list>
<pin id="256" dir="0" index="0" bw="13" slack="0"/>
<pin id="257" dir="0" index="1" bw="12" slack="0"/>
<pin id="258" dir="0" index="2" bw="1" slack="0"/>
<pin id="259" dir="1" index="3" bw="13" slack="0"/>
</pin_list>
<bind>
<opcode="bitconcatenate(1004) " fcode="bitconcatenate"/>
<opset="shl_ln/1 "/>
</bind>
</comp>

<comp id="263" class="1004" name="shl_ln42_cast16_i_fu_263">
<pin_list>
<pin id="264" dir="0" index="0" bw="13" slack="0"/>
<pin id="265" dir="1" index="1" bw="14" slack="0"/>
</pin_list>
<bind>
<opcode="sext(35) " fcode="sext"/>
<opset="shl_ln42_cast16_i/1 "/>
</bind>
</comp>

<comp id="267" class="1004" name="a_1_load_fu_267">
<pin_list>
<pin id="268" dir="0" index="0" bw="12" slack="0"/>
<pin id="269" dir="1" index="1" bw="12" slack="0"/>
</pin_list>
<bind>
<opcode="load(27) " fcode="load"/>
<opset="a_1/1 "/>
</bind>
</comp>

<comp id="271" class="1004" name="sext_ln42_296_fu_271">
<pin_list>
<pin id="272" dir="0" index="0" bw="12" slack="0"/>
<pin id="273" dir="1" index="1" bw="13" slack="0"/>
</pin_list>
<bind>
<opcode="sext(35) " fcode="sext"/>
<opset="sext_ln42_296/1 "/>
</bind>
</comp>

<comp id="275" class="1004" name="shl_ln42_1_fu_275">
<pin_list>
<pin id="276" dir="0" index="0" bw="15" slack="0"/>
<pin id="277" dir="0" index="1" bw="12" slack="0"/>
<pin id="278" dir="0" index="2" bw="1" slack="0"/>
<pin id="279" dir="1" index="3" bw="15" slack="0"/>
</pin_list>
<bind>
<opcode="bitconcatenate(1004) " fcode="bitconcatenate"/>
<opset="shl_ln42_1/1 "/>
</bind>
</comp>

<comp id="283" class="1004" name="shl_ln42_2_fu_283">
<pin_list>
<pin id="284" dir="0" index="0" bw="13" slack="0"/>
<pin id="285" dir="0" index="1" bw="12" slack="0"/>
<pin id="286" dir="0" index="2" bw="1" slack="0"/>
<pin id="287" dir="1" index="3" bw="13" slack="0"/>
</pin_list>
<bind>
<opcode="bitconcatenate(1004) " fcode="bitconcatenate"/>
<opset="shl_ln42_2/1 "/>
</bind>
</comp>

<comp id="291" class="1004" name="sext_ln42_297_fu_291">
<pin_list>
<pin id="292" dir="0" index="0" bw="13" slack="0"/>
<pin id="293" dir="1" index="1" bw="15" slack="0"/>
</pin_list>
<bind>
<opcode="sext(35) " fcode="sext"/>
<opset="sext_ln42_297/1 "/>
</bind>
</comp>

<comp id="295" class="1004" name="sext_ln42_298_fu_295">
<pin_list>
<pin id="296" dir="0" index="0" bw="13" slack="0"/>
<pin id="297" dir="1" index="1" bw="14" slack="0"/>
</pin_list>
<bind>
<opcode="sext(35) " fcode="sext"/>
<opset="sext_ln42_298/1 "/>
</bind>
</comp>

<comp id="299" class="1004" name="sub_ln42_fu_299">
<pin_list>
<pin id="300" dir="0" index="0" bw="15" slack="0"/>
<pin id="301" dir="0" index="1" bw="13" slack="0"/>
<pin id="302" dir="1" index="2" bw="15" slack="0"/>
</pin_list>
<bind>
<opcode="sub(10) " fcode="sub"/>
<opset="sub_ln42/1 "/>
</bind>
</comp>

<comp id="305" class="1004" name="sub_ln42_1_fu_305">
<pin_list>
<pin id="306" dir="0" index="0" bw="13" slack="0"/>
<pin id="307" dir="0" index="1" bw="15" slack="0"/>
<pin id="308" dir="1" index="2" bw="15" slack="0"/>
</pin_list>
<bind>
<opcode="sub(10) " fcode="sub"/>
<opset="sub_ln42_1/1 "/>
</bind>
</comp>

<comp id="311" class="1004" name="a_2_load_fu_311">
<pin_list>
<pin id="312" dir="0" index="0" bw="12" slack="0"/>
<pin id="313" dir="1" index="1" bw="12" slack="0"/>
</pin_list>
<bind>
<opcode="load(27) " fcode="load"/>
<opset="a_2/1 "/>
</bind>
</comp>

<comp id="315" class="1004" name="sext_ln42_299_fu_315">
<pin_list>
<pin id="316" dir="0" index="0" bw="12" slack="0"/>
<pin id="317" dir="1" index="1" bw="15" slack="0"/>
</pin_list>
<bind>
<opcode="sext(35) " fcode="sext"/>
<opset="sext_ln42_299/1 "/>
</bind>
</comp>

<comp id="320" class="1004" name="shl_ln42_3_fu_320">
<pin_list>
<pin id="321" dir="0" index="0" bw="13" slack="0"/>
<pin id="322" dir="0" index="1" bw="12" slack="0"/>
<pin id="323" dir="0" index="2" bw="1" slack="0"/>
<pin id="324" dir="1" index="3" bw="13" slack="0"/>
</pin_list>
<bind>
<opcode="bitconcatenate(1004) " fcode="bitconcatenate"/>
<opset="shl_ln42_3/1 "/>
</bind>
</comp>

<comp id="328" class="1004" name="sext_ln42_300_fu_328">
<pin_list>
<pin id="329" dir="0" index="0" bw="13" slack="0"/>
<pin id="330" dir="1" index="1" bw="15" slack="0"/>
</pin_list>
<bind>
<opcode="sext(35) " fcode="sext"/>
<opset="sext_ln42_300/1 "/>
</bind>
</comp>

<comp id="332" class="1004" name="sext_ln42_301_fu_332">
<pin_list>
<pin id="333" dir="0" index="0" bw="13" slack="0"/>
<pin id="334" dir="1" index="1" bw="14" slack="0"/>
</pin_list>
<bind>
<opcode="sext(35) " fcode="sext"/>
<opset="sext_ln42_301/1 "/>
</bind>
</comp>

<comp id="336" class="1004" name="shl_ln42_4_fu_336">
<pin_list>
<pin id="337" dir="0" index="0" bw="14" slack="0"/>
<pin id="338" dir="0" index="1" bw="12" slack="0"/>
<pin id="339" dir="0" index="2" bw="1" slack="0"/>
<pin id="340" dir="1" index="3" bw="14" slack="0"/>
</pin_list>
<bind>
<opcode="bitconcatenate(1004) " fcode="bitconcatenate"/>
<opset="shl_ln42_4/1 "/>
</bind>
</comp>

<comp id="344" class="1004" name="sext_ln42_302_fu_344">
<pin_list>
<pin id="345" dir="0" index="0" bw="14" slack="0"/>
<pin id="346" dir="1" index="1" bw="15" slack="0"/>
</pin_list>
<bind>
<opcode="sext(35) " fcode="sext"/>
<opset="sext_ln42_302/1 "/>
</bind>
</comp>

<comp id="348" class="1004" name="sub_ln42_2_fu_348">
<pin_list>
<pin id="349" dir="0" index="0" bw="14" slack="0"/>
<pin id="350" dir="0" index="1" bw="12" slack="0"/>
<pin id="351" dir="1" index="2" bw="15" slack="0"/>
</pin_list>
<bind>
<opcode="sub(10) " fcode="sub"/>
<opset="sub_ln42_2/1 "/>
</bind>
</comp>

<comp id="354" class="1004" name="shl_ln42_5_fu_354">
<pin_list>
<pin id="355" dir="0" index="0" bw="15" slack="0"/>
<pin id="356" dir="0" index="1" bw="12" slack="0"/>
<pin id="357" dir="0" index="2" bw="1" slack="0"/>
<pin id="358" dir="1" index="3" bw="15" slack="0"/>
</pin_list>
<bind>
<opcode="bitconcatenate(1004) " fcode="bitconcatenate"/>
<opset="shl_ln42_5/1 "/>
</bind>
</comp>

<comp id="362" class="1004" name="a_3_load_fu_362">
<pin_list>
<pin id="363" dir="0" index="0" bw="12" slack="0"/>
<pin id="364" dir="1" index="1" bw="12" slack="0"/>
</pin_list>
<bind>
<opcode="load(27) " fcode="load"/>
<opset="a_3/1 "/>
</bind>
</comp>

<comp id="366" class="1004" name="sext_ln70_fu_366">
<pin_list>
<pin id="367" dir="0" index="0" bw="12" slack="0"/>
<pin id="368" dir="1" index="1" bw="15" slack="0"/>
</pin_list>
<bind>
<opcode="sext(35) " fcode="sext"/>
<opset="sext_ln70/1 "/>
</bind>
</comp>

<comp id="370" class="1004" name="sext_ln70_523_fu_370">
<pin_list>
<pin id="371" dir="0" index="0" bw="12" slack="0"/>
<pin id="372" dir="1" index="1" bw="13" slack="0"/>
</pin_list>
<bind>
<opcode="sext(35) " fcode="sext"/>
<opset="sext_ln70_523/1 "/>
</bind>
</comp>

<comp id="374" class="1004" name="shl_ln42_6_fu_374">
<pin_list>
<pin id="375" dir="0" index="0" bw="15" slack="0"/>
<pin id="376" dir="0" index="1" bw="12" slack="0"/>
<pin id="377" dir="0" index="2" bw="1" slack="0"/>
<pin id="378" dir="1" index="3" bw="15" slack="0"/>
</pin_list>
<bind>
<opcode="bitconcatenate(1004) " fcode="bitconcatenate"/>
<opset="shl_ln42_6/1 "/>
</bind>
</comp>

<comp id="382" class="1004" name="shl_ln42_7_fu_382">
<pin_list>
<pin id="383" dir="0" index="0" bw="14" slack="0"/>
<pin id="384" dir="0" index="1" bw="12" slack="0"/>
<pin id="385" dir="0" index="2" bw="1" slack="0"/>
<pin id="386" dir="1" index="3" bw="14" slack="0"/>
</pin_list>
<bind>
<opcode="bitconcatenate(1004) " fcode="bitconcatenate"/>
<opset="shl_ln42_7/1 "/>
</bind>
</comp>

<comp id="390" class="1004" name="sext_ln42_303_fu_390">
<pin_list>
<pin id="391" dir="0" index="0" bw="14" slack="0"/>
<pin id="392" dir="1" index="1" bw="15" slack="0"/>
</pin_list>
<bind>
<opcode="sext(35) " fcode="sext"/>
<opset="sext_ln42_303/1 "/>
</bind>
</comp>

<comp id="394" class="1004" name="sub_ln42_3_fu_394">
<pin_list>
<pin id="395" dir="0" index="0" bw="1" slack="0"/>
<pin id="396" dir="0" index="1" bw="14" slack="0"/>
<pin id="397" dir="1" index="2" bw="15" slack="0"/>
</pin_list>
<bind>
<opcode="sub(10) " fcode="sub"/>
<opset="sub_ln42_3/1 "/>
</bind>
</comp>

<comp id="400" class="1004" name="sub_ln42_4_fu_400">
<pin_list>
<pin id="401" dir="0" index="0" bw="15" slack="0"/>
<pin id="402" dir="0" index="1" bw="12" slack="0"/>
<pin id="403" dir="1" index="2" bw="15" slack="0"/>
</pin_list>
<bind>
<opcode="sub(10) " fcode="sub"/>
<opset="sub_ln42_4/1 "/>
</bind>
</comp>

<comp id="406" class="1004" name="sub_ln42_5_fu_406">
<pin_list>
<pin id="407" dir="0" index="0" bw="1" slack="0"/>
<pin id="408" dir="0" index="1" bw="15" slack="0"/>
<pin id="409" dir="1" index="2" bw="15" slack="0"/>
</pin_list>
<bind>
<opcode="sub(10) " fcode="sub"/>
<opset="sub_ln42_5/1 "/>
</bind>
</comp>

<comp id="412" class="1004" name="sub_ln42_6_fu_412">
<pin_list>
<pin id="413" dir="0" index="0" bw="15" slack="0"/>
<pin id="414" dir="0" index="1" bw="12" slack="0"/>
<pin id="415" dir="1" index="2" bw="15" slack="0"/>
</pin_list>
<bind>
<opcode="sub(10) " fcode="sub"/>
<opset="sub_ln42_6/1 "/>
</bind>
</comp>

<comp id="418" class="1004" name="shl_ln42_8_fu_418">
<pin_list>
<pin id="419" dir="0" index="0" bw="13" slack="0"/>
<pin id="420" dir="0" index="1" bw="12" slack="0"/>
<pin id="421" dir="0" index="2" bw="1" slack="0"/>
<pin id="422" dir="1" index="3" bw="13" slack="0"/>
</pin_list>
<bind>
<opcode="bitconcatenate(1004) " fcode="bitconcatenate"/>
<opset="shl_ln42_8/1 "/>
</bind>
</comp>

<comp id="426" class="1004" name="sext_ln42_304_fu_426">
<pin_list>
<pin id="427" dir="0" index="0" bw="13" slack="0"/>
<pin id="428" dir="1" index="1" bw="15" slack="0"/>
</pin_list>
<bind>
<opcode="sext(35) " fcode="sext"/>
<opset="sext_ln42_304/1 "/>
</bind>
</comp>

<comp id="430" class="1004" name="sub_ln42_7_fu_430">
<pin_list>
<pin id="431" dir="0" index="0" bw="15" slack="0"/>
<pin id="432" dir="0" index="1" bw="13" slack="0"/>
<pin id="433" dir="1" index="2" bw="15" slack="0"/>
</pin_list>
<bind>
<opcode="sub(10) " fcode="sub"/>
<opset="sub_ln42_7/1 "/>
</bind>
</comp>

<comp id="436" class="1004" name="a_4_load_fu_436">
<pin_list>
<pin id="437" dir="0" index="0" bw="12" slack="0"/>
<pin id="438" dir="1" index="1" bw="12" slack="0"/>
</pin_list>
<bind>
<opcode="load(27) " fcode="load"/>
<opset="a_4/1 "/>
</bind>
</comp>

<comp id="440" class="1004" name="sext_ln42_305_fu_440">
<pin_list>
<pin id="441" dir="0" index="0" bw="12" slack="0"/>
<pin id="442" dir="1" index="1" bw="13" slack="0"/>
</pin_list>
<bind>
<opcode="sext(35) " fcode="sext"/>
<opset="sext_ln42_305/1 "/>
</bind>
</comp>

<comp id="444" class="1004" name="sext_ln42_306_fu_444">
<pin_list>
<pin id="445" dir="0" index="0" bw="12" slack="0"/>
<pin id="446" dir="1" index="1" bw="15" slack="0"/>
</pin_list>
<bind>
<opcode="sext(35) " fcode="sext"/>
<opset="sext_ln42_306/1 "/>
</bind>
</comp>

<comp id="448" class="1004" name="shl_ln42_9_fu_448">
<pin_list>
<pin id="449" dir="0" index="0" bw="14" slack="0"/>
<pin id="450" dir="0" index="1" bw="12" slack="0"/>
<pin id="451" dir="0" index="2" bw="1" slack="0"/>
<pin id="452" dir="1" index="3" bw="14" slack="0"/>
</pin_list>
<bind>
<opcode="bitconcatenate(1004) " fcode="bitconcatenate"/>
<opset="shl_ln42_9/1 "/>
</bind>
</comp>

<comp id="456" class="1004" name="sext_ln42_307_fu_456">
<pin_list>
<pin id="457" dir="0" index="0" bw="14" slack="0"/>
<pin id="458" dir="1" index="1" bw="15" slack="0"/>
</pin_list>
<bind>
<opcode="sext(35) " fcode="sext"/>
<opset="sext_ln42_307/1 "/>
</bind>
</comp>

<comp id="460" class="1004" name="shl_ln42_s_fu_460">
<pin_list>
<pin id="461" dir="0" index="0" bw="15" slack="0"/>
<pin id="462" dir="0" index="1" bw="12" slack="0"/>
<pin id="463" dir="0" index="2" bw="1" slack="0"/>
<pin id="464" dir="1" index="3" bw="15" slack="0"/>
</pin_list>
<bind>
<opcode="bitconcatenate(1004) " fcode="bitconcatenate"/>
<opset="shl_ln42_s/1 "/>
</bind>
</comp>

<comp id="468" class="1004" name="sub_ln42_8_fu_468">
<pin_list>
<pin id="469" dir="0" index="0" bw="14" slack="0"/>
<pin id="470" dir="0" index="1" bw="12" slack="0"/>
<pin id="471" dir="1" index="2" bw="15" slack="0"/>
</pin_list>
<bind>
<opcode="sub(10) " fcode="sub"/>
<opset="sub_ln42_8/1 "/>
</bind>
</comp>

<comp id="474" class="1004" name="add_ln58_fu_474">
<pin_list>
<pin id="475" dir="0" index="0" bw="13" slack="0"/>
<pin id="476" dir="0" index="1" bw="11" slack="0"/>
<pin id="477" dir="1" index="2" bw="14" slack="0"/>
</pin_list>
<bind>
<opcode="add(8) " fcode="add"/>
<opset="add_ln58/1 "/>
</bind>
</comp>

<comp id="480" class="1004" name="sext_ln58_fu_480">
<pin_list>
<pin id="481" dir="0" index="0" bw="14" slack="0"/>
<pin id="482" dir="1" index="1" bw="15" slack="0"/>
</pin_list>
<bind>
<opcode="sext(35) " fcode="sext"/>
<opset="sext_ln58/1 "/>
</bind>
</comp>

<comp id="484" class="1004" name="add_ln58_790_fu_484">
<pin_list>
<pin id="485" dir="0" index="0" bw="13" slack="0"/>
<pin id="486" dir="0" index="1" bw="10" slack="0"/>
<pin id="487" dir="1" index="2" bw="14" slack="0"/>
</pin_list>
<bind>
<opcode="add(8) " fcode="add"/>
<opset="add_ln58_790/1 "/>
</bind>
</comp>

<comp id="490" class="1004" name="sext_ln58_1_fu_490">
<pin_list>
<pin id="491" dir="0" index="0" bw="14" slack="0"/>
<pin id="492" dir="1" index="1" bw="15" slack="0"/>
</pin_list>
<bind>
<opcode="sext(35) " fcode="sext"/>
<opset="sext_ln58_1/1 "/>
</bind>
</comp>

<comp id="494" class="1004" name="add_ln58_791_fu_494">
<pin_list>
<pin id="495" dir="0" index="0" bw="13" slack="0"/>
<pin id="496" dir="0" index="1" bw="11" slack="0"/>
<pin id="497" dir="1" index="2" bw="14" slack="0"/>
</pin_list>
<bind>
<opcode="add(8) " fcode="add"/>
<opset="add_ln58_791/1 "/>
</bind>
</comp>

<comp id="500" class="1004" name="sext_ln58_2_fu_500">
<pin_list>
<pin id="501" dir="0" index="0" bw="14" slack="0"/>
<pin id="502" dir="1" index="1" bw="15" slack="0"/>
</pin_list>
<bind>
<opcode="sext(35) " fcode="sext"/>
<opset="sext_ln58_2/1 "/>
</bind>
</comp>

<comp id="504" class="1004" name="sub_ln58_fu_504">
<pin_list>
<pin id="505" dir="0" index="0" bw="14" slack="0"/>
<pin id="506" dir="0" index="1" bw="13" slack="0"/>
<pin id="507" dir="1" index="2" bw="15" slack="0"/>
</pin_list>
<bind>
<opcode="sub(10) " fcode="sub"/>
<opset="sub_ln58/1 "/>
</bind>
</comp>

<comp id="510" class="1004" name="tmp34_i_fu_510">
<pin_list>
<pin id="511" dir="0" index="0" bw="12" slack="0"/>
<pin id="512" dir="0" index="1" bw="12" slack="0"/>
<pin id="513" dir="1" index="2" bw="13" slack="0"/>
</pin_list>
<bind>
<opcode="add(8) " fcode="add"/>
<opset="tmp34_i/1 "/>
</bind>
</comp>

<comp id="516" class="1004" name="p_shl10_i_fu_516">
<pin_list>
<pin id="517" dir="0" index="0" bw="15" slack="0"/>
<pin id="518" dir="0" index="1" bw="13" slack="0"/>
<pin id="519" dir="0" index="2" bw="1" slack="0"/>
<pin id="520" dir="1" index="3" bw="15" slack="0"/>
</pin_list>
<bind>
<opcode="bitconcatenate(1004) " fcode="bitconcatenate"/>
<opset="p_shl10_i/1 "/>
</bind>
</comp>

<comp id="524" class="1004" name="add_ln58_792_fu_524">
<pin_list>
<pin id="525" dir="0" index="0" bw="12" slack="0"/>
<pin id="526" dir="0" index="1" bw="10" slack="0"/>
<pin id="527" dir="1" index="2" bw="13" slack="0"/>
</pin_list>
<bind>
<opcode="add(8) " fcode="add"/>
<opset="add_ln58_792/1 "/>
</bind>
</comp>

<comp id="530" class="1004" name="sext_ln58_3_fu_530">
<pin_list>
<pin id="531" dir="0" index="0" bw="13" slack="0"/>
<pin id="532" dir="1" index="1" bw="15" slack="0"/>
</pin_list>
<bind>
<opcode="sext(35) " fcode="sext"/>
<opset="sext_ln58_3/1 "/>
</bind>
</comp>

<comp id="534" class="1004" name="add_ln58_793_fu_534">
<pin_list>
<pin id="535" dir="0" index="0" bw="15" slack="0"/>
<pin id="536" dir="0" index="1" bw="13" slack="0"/>
<pin id="537" dir="1" index="2" bw="15" slack="0"/>
</pin_list>
<bind>
<opcode="add(8) " fcode="add"/>
<opset="add_ln58_793/1 "/>
</bind>
</comp>

<comp id="540" class="1004" name="x_2_fu_540">
<pin_list>
<pin id="541" dir="0" index="0" bw="15" slack="0"/>
<pin id="542" dir="0" index="1" bw="15" slack="0"/>
<pin id="543" dir="1" index="2" bw="15" slack="0"/>
</pin_list>
<bind>
<opcode="sub(10) " fcode="sub"/>
<opset="x_2/1 "/>
</bind>
</comp>

<comp id="546" class="1004" name="add_ln58_794_fu_546">
<pin_list>
<pin id="547" dir="0" index="0" bw="14" slack="0"/>
<pin id="548" dir="0" index="1" bw="13" slack="0"/>
<pin id="549" dir="1" index="2" bw="15" slack="0"/>
</pin_list>
<bind>
<opcode="add(8) " fcode="add"/>
<opset="add_ln58_794/1 "/>
</bind>
</comp>

<comp id="552" class="1004" name="add_ln58_795_fu_552">
<pin_list>
<pin id="553" dir="0" index="0" bw="15" slack="0"/>
<pin id="554" dir="0" index="1" bw="15" slack="0"/>
<pin id="555" dir="1" index="2" bw="15" slack="0"/>
</pin_list>
<bind>
<opcode="add(8) " fcode="add"/>
<opset="add_ln58_795/1 "/>
</bind>
</comp>

<comp id="558" class="1004" name="add_ln58_796_fu_558">
<pin_list>
<pin id="559" dir="0" index="0" bw="15" slack="0"/>
<pin id="560" dir="0" index="1" bw="15" slack="0"/>
<pin id="561" dir="1" index="2" bw="15" slack="0"/>
</pin_list>
<bind>
<opcode="add(8) " fcode="add"/>
<opset="add_ln58_796/1 "/>
</bind>
</comp>

<comp id="564" class="1004" name="add_ln58_797_fu_564">
<pin_list>
<pin id="565" dir="0" index="0" bw="15" slack="0"/>
<pin id="566" dir="0" index="1" bw="15" slack="0"/>
<pin id="567" dir="1" index="2" bw="15" slack="0"/>
</pin_list>
<bind>
<opcode="add(8) " fcode="add"/>
<opset="add_ln58_797/1 "/>
</bind>
</comp>

<comp id="570" class="1004" name="add_ln58_798_fu_570">
<pin_list>
<pin id="571" dir="0" index="0" bw="14" slack="0"/>
<pin id="572" dir="0" index="1" bw="14" slack="0"/>
<pin id="573" dir="1" index="2" bw="15" slack="0"/>
</pin_list>
<bind>
<opcode="add(8) " fcode="add"/>
<opset="add_ln58_798/1 "/>
</bind>
</comp>

<comp id="576" class="1004" name="add_ln58_799_fu_576">
<pin_list>
<pin id="577" dir="0" index="0" bw="12" slack="0"/>
<pin id="578" dir="0" index="1" bw="12" slack="0"/>
<pin id="579" dir="1" index="2" bw="13" slack="0"/>
</pin_list>
<bind>
<opcode="add(8) " fcode="add"/>
<opset="add_ln58_799/1 "/>
</bind>
</comp>

<comp id="582" class="1004" name="sext_ln58_199_fu_582">
<pin_list>
<pin id="583" dir="0" index="0" bw="13" slack="0"/>
<pin id="584" dir="1" index="1" bw="15" slack="0"/>
</pin_list>
<bind>
<opcode="sext(35) " fcode="sext"/>
<opset="sext_ln58_199/1 "/>
</bind>
</comp>

<comp id="586" class="1004" name="add_ln58_800_fu_586">
<pin_list>
<pin id="587" dir="0" index="0" bw="13" slack="0"/>
<pin id="588" dir="0" index="1" bw="15" slack="0"/>
<pin id="589" dir="1" index="2" bw="15" slack="0"/>
</pin_list>
<bind>
<opcode="add(8) " fcode="add"/>
<opset="add_ln58_800/1 "/>
</bind>
</comp>

<comp id="592" class="1004" name="x_fu_592">
<pin_list>
<pin id="593" dir="0" index="0" bw="15" slack="0"/>
<pin id="594" dir="0" index="1" bw="15" slack="0"/>
<pin id="595" dir="1" index="2" bw="15" slack="0"/>
</pin_list>
<bind>
<opcode="add(8) " fcode="add"/>
<opset="x/1 "/>
</bind>
</comp>

<comp id="598" class="1004" name="tmp539_i_fu_598">
<pin_list>
<pin id="599" dir="0" index="0" bw="12" slack="0"/>
<pin id="600" dir="0" index="1" bw="12" slack="0"/>
<pin id="601" dir="1" index="2" bw="13" slack="0"/>
</pin_list>
<bind>
<opcode="sub(10) " fcode="sub"/>
<opset="tmp539_i/1 "/>
</bind>
</comp>

<comp id="604" class="1004" name="tmp54_i_fu_604">
<pin_list>
<pin id="605" dir="0" index="0" bw="15" slack="0"/>
<pin id="606" dir="0" index="1" bw="13" slack="0"/>
<pin id="607" dir="0" index="2" bw="1" slack="0"/>
<pin id="608" dir="1" index="3" bw="15" slack="0"/>
</pin_list>
<bind>
<opcode="bitconcatenate(1004) " fcode="bitconcatenate"/>
<opset="tmp54_i/1 "/>
</bind>
</comp>

<comp id="612" class="1004" name="add_ln58_802_fu_612">
<pin_list>
<pin id="613" dir="0" index="0" bw="15" slack="0"/>
<pin id="614" dir="0" index="1" bw="15" slack="0"/>
<pin id="615" dir="1" index="2" bw="15" slack="0"/>
</pin_list>
<bind>
<opcode="add(8) " fcode="add"/>
<opset="add_ln58_802/1 "/>
</bind>
</comp>

<comp id="618" class="1004" name="add_ln58_803_fu_618">
<pin_list>
<pin id="619" dir="0" index="0" bw="13" slack="0"/>
<pin id="620" dir="0" index="1" bw="11" slack="0"/>
<pin id="621" dir="1" index="2" bw="14" slack="0"/>
</pin_list>
<bind>
<opcode="add(8) " fcode="add"/>
<opset="add_ln58_803/1 "/>
</bind>
</comp>

<comp id="624" class="1004" name="sext_ln58_200_fu_624">
<pin_list>
<pin id="625" dir="0" index="0" bw="14" slack="0"/>
<pin id="626" dir="1" index="1" bw="15" slack="0"/>
</pin_list>
<bind>
<opcode="sext(35) " fcode="sext"/>
<opset="sext_ln58_200/1 "/>
</bind>
</comp>

<comp id="628" class="1004" name="x_1_fu_628">
<pin_list>
<pin id="629" dir="0" index="0" bw="14" slack="0"/>
<pin id="630" dir="0" index="1" bw="15" slack="0"/>
<pin id="631" dir="1" index="2" bw="15" slack="0"/>
</pin_list>
<bind>
<opcode="add(8) " fcode="add"/>
<opset="x_1/1 "/>
</bind>
</comp>

<comp id="634" class="1004" name="tmp55_i_fu_634">
<pin_list>
<pin id="635" dir="0" index="0" bw="12" slack="0"/>
<pin id="636" dir="0" index="1" bw="12" slack="0"/>
<pin id="637" dir="1" index="2" bw="13" slack="0"/>
</pin_list>
<bind>
<opcode="add(8) " fcode="add"/>
<opset="tmp55_i/1 "/>
</bind>
</comp>

<comp id="640" class="1004" name="tmp55_cast_i_fu_640">
<pin_list>
<pin id="641" dir="0" index="0" bw="13" slack="0"/>
<pin id="642" dir="1" index="1" bw="15" slack="0"/>
</pin_list>
<bind>
<opcode="sext(35) " fcode="sext"/>
<opset="tmp55_cast_i/1 "/>
</bind>
</comp>

<comp id="644" class="1004" name="empty_fu_644">
<pin_list>
<pin id="645" dir="0" index="0" bw="13" slack="0"/>
<pin id="646" dir="1" index="1" bw="12" slack="0"/>
</pin_list>
<bind>
<opcode="trunc(33) " fcode="trunc"/>
<opset="empty/1 "/>
</bind>
</comp>

<comp id="648" class="1004" name="p_shl7_i_fu_648">
<pin_list>
<pin id="649" dir="0" index="0" bw="15" slack="0"/>
<pin id="650" dir="0" index="1" bw="12" slack="0"/>
<pin id="651" dir="0" index="2" bw="1" slack="0"/>
<pin id="652" dir="1" index="3" bw="15" slack="0"/>
</pin_list>
<bind>
<opcode="bitconcatenate(1004) " fcode="bitconcatenate"/>
<opset="p_shl7_i/1 "/>
</bind>
</comp>

<comp id="656" class="1004" name="tmp56_i_fu_656">
<pin_list>
<pin id="657" dir="0" index="0" bw="15" slack="0"/>
<pin id="658" dir="0" index="1" bw="13" slack="0"/>
<pin id="659" dir="1" index="2" bw="15" slack="0"/>
</pin_list>
<bind>
<opcode="sub(10) " fcode="sub"/>
<opset="tmp56_i/1 "/>
</bind>
</comp>

<comp id="662" class="1004" name="add_ln58_807_fu_662">
<pin_list>
<pin id="663" dir="0" index="0" bw="15" slack="0"/>
<pin id="664" dir="0" index="1" bw="11" slack="0"/>
<pin id="665" dir="1" index="2" bw="15" slack="0"/>
</pin_list>
<bind>
<opcode="add(8) " fcode="add"/>
<opset="add_ln58_807/1 "/>
</bind>
</comp>

<comp id="668" class="1004" name="add_ln58_805_fu_668">
<pin_list>
<pin id="669" dir="0" index="0" bw="15" slack="0"/>
<pin id="670" dir="0" index="1" bw="15" slack="0"/>
<pin id="671" dir="1" index="2" bw="15" slack="0"/>
</pin_list>
<bind>
<opcode="add(8) " fcode="add"/>
<opset="add_ln58_805/1 "/>
</bind>
</comp>

<comp id="674" class="1004" name="x_3_fu_674">
<pin_list>
<pin id="675" dir="0" index="0" bw="15" slack="0"/>
<pin id="676" dir="0" index="1" bw="12" slack="0"/>
<pin id="677" dir="1" index="2" bw="15" slack="0"/>
</pin_list>
<bind>
<opcode="sub(10) " fcode="sub"/>
<opset="x_3/1 "/>
</bind>
</comp>

<comp id="680" class="1004" name="x_4_fu_680">
<pin_list>
<pin id="681" dir="0" index="0" bw="15" slack="0"/>
<pin id="682" dir="0" index="1" bw="15" slack="0"/>
<pin id="683" dir="1" index="2" bw="15" slack="0"/>
</pin_list>
<bind>
<opcode="sub(10) " fcode="sub"/>
<opset="x_4/1 "/>
</bind>
</comp>

<comp id="686" class="1004" name="tmp57_i_fu_686">
<pin_list>
<pin id="687" dir="0" index="0" bw="12" slack="0"/>
<pin id="688" dir="0" index="1" bw="12" slack="0"/>
<pin id="689" dir="1" index="2" bw="13" slack="0"/>
</pin_list>
<bind>
<opcode="add(8) " fcode="add"/>
<opset="tmp57_i/1 "/>
</bind>
</comp>

<comp id="692" class="1004" name="tmp57_cast_i_fu_692">
<pin_list>
<pin id="693" dir="0" index="0" bw="13" slack="0"/>
<pin id="694" dir="1" index="1" bw="15" slack="0"/>
</pin_list>
<bind>
<opcode="sext(35) " fcode="sext"/>
<opset="tmp57_cast_i/1 "/>
</bind>
</comp>

<comp id="696" class="1004" name="p_shl_fu_696">
<pin_list>
<pin id="697" dir="0" index="0" bw="15" slack="0"/>
<pin id="698" dir="0" index="1" bw="13" slack="0"/>
<pin id="699" dir="0" index="2" bw="1" slack="0"/>
<pin id="700" dir="1" index="3" bw="15" slack="0"/>
</pin_list>
<bind>
<opcode="bitconcatenate(1004) " fcode="bitconcatenate"/>
<opset="p_shl/1 "/>
</bind>
</comp>

<comp id="704" class="1004" name="tmp58_i_fu_704">
<pin_list>
<pin id="705" dir="0" index="0" bw="13" slack="0"/>
<pin id="706" dir="0" index="1" bw="15" slack="0"/>
<pin id="707" dir="1" index="2" bw="15" slack="0"/>
</pin_list>
<bind>
<opcode="sub(10) " fcode="sub"/>
<opset="tmp58_i/1 "/>
</bind>
</comp>

<comp id="710" class="1004" name="add_ln58_806_fu_710">
<pin_list>
<pin id="711" dir="0" index="0" bw="15" slack="0"/>
<pin id="712" dir="0" index="1" bw="10" slack="0"/>
<pin id="713" dir="1" index="2" bw="15" slack="0"/>
</pin_list>
<bind>
<opcode="add(8) " fcode="add"/>
<opset="add_ln58_806/1 "/>
</bind>
</comp>

<comp id="716" class="1004" name="sub_ln58_4_fu_716">
<pin_list>
<pin id="717" dir="0" index="0" bw="15" slack="0"/>
<pin id="718" dir="0" index="1" bw="15" slack="0"/>
<pin id="719" dir="1" index="2" bw="15" slack="0"/>
</pin_list>
<bind>
<opcode="sub(10) " fcode="sub"/>
<opset="sub_ln58_4/1 "/>
</bind>
</comp>

<comp id="722" class="1004" name="add_ln58_808_fu_722">
<pin_list>
<pin id="723" dir="0" index="0" bw="15" slack="0"/>
<pin id="724" dir="0" index="1" bw="15" slack="0"/>
<pin id="725" dir="1" index="2" bw="15" slack="0"/>
</pin_list>
<bind>
<opcode="add(8) " fcode="add"/>
<opset="add_ln58_808/1 "/>
</bind>
</comp>

<comp id="728" class="1004" name="x_5_fu_728">
<pin_list>
<pin id="729" dir="0" index="0" bw="15" slack="0"/>
<pin id="730" dir="0" index="1" bw="15" slack="0"/>
<pin id="731" dir="1" index="2" bw="15" slack="0"/>
</pin_list>
<bind>
<opcode="add(8) " fcode="add"/>
<opset="x_5/1 "/>
</bind>
</comp>

<comp id="734" class="1004" name="add_ln58_810_fu_734">
<pin_list>
<pin id="735" dir="0" index="0" bw="15" slack="0"/>
<pin id="736" dir="0" index="1" bw="15" slack="0"/>
<pin id="737" dir="1" index="2" bw="15" slack="0"/>
</pin_list>
<bind>
<opcode="add(8) " fcode="add"/>
<opset="add_ln58_810/1 "/>
</bind>
</comp>

<comp id="740" class="1004" name="x_6_fu_740">
<pin_list>
<pin id="741" dir="0" index="0" bw="15" slack="0"/>
<pin id="742" dir="0" index="1" bw="15" slack="0"/>
<pin id="743" dir="1" index="2" bw="15" slack="0"/>
</pin_list>
<bind>
<opcode="add(8) " fcode="add"/>
<opset="x_6/1 "/>
</bind>
</comp>

<comp id="746" class="1004" name="trunc_ln_fu_746">
<pin_list>
<pin id="747" dir="0" index="0" bw="9" slack="0"/>
<pin id="748" dir="0" index="1" bw="15" slack="0"/>
<pin id="749" dir="0" index="2" bw="4" slack="0"/>
<pin id="750" dir="0" index="3" bw="5" slack="0"/>
<pin id="751" dir="1" index="4" bw="9" slack="0"/>
</pin_list>
<bind>
<opcode="partselect(1002) " fcode="partselect"/>
<opset="trunc_ln/1 "/>
</bind>
</comp>

<comp id="756" class="1004" name="trunc_ln111_1_fu_756">
<pin_list>
<pin id="757" dir="0" index="0" bw="9" slack="0"/>
<pin id="758" dir="0" index="1" bw="15" slack="0"/>
<pin id="759" dir="0" index="2" bw="4" slack="0"/>
<pin id="760" dir="0" index="3" bw="5" slack="0"/>
<pin id="761" dir="1" index="4" bw="9" slack="0"/>
</pin_list>
<bind>
<opcode="partselect(1002) " fcode="partselect"/>
<opset="trunc_ln111_1/1 "/>
</bind>
</comp>

<comp id="766" class="1004" name="trunc_ln111_2_fu_766">
<pin_list>
<pin id="767" dir="0" index="0" bw="9" slack="0"/>
<pin id="768" dir="0" index="1" bw="15" slack="0"/>
<pin id="769" dir="0" index="2" bw="4" slack="0"/>
<pin id="770" dir="0" index="3" bw="5" slack="0"/>
<pin id="771" dir="1" index="4" bw="9" slack="0"/>
</pin_list>
<bind>
<opcode="partselect(1002) " fcode="partselect"/>
<opset="trunc_ln111_2/1 "/>
</bind>
</comp>

<comp id="776" class="1004" name="trunc_ln111_3_fu_776">
<pin_list>
<pin id="777" dir="0" index="0" bw="9" slack="0"/>
<pin id="778" dir="0" index="1" bw="15" slack="0"/>
<pin id="779" dir="0" index="2" bw="4" slack="0"/>
<pin id="780" dir="0" index="3" bw="5" slack="0"/>
<pin id="781" dir="1" index="4" bw="9" slack="0"/>
</pin_list>
<bind>
<opcode="partselect(1002) " fcode="partselect"/>
<opset="trunc_ln111_3/1 "/>
</bind>
</comp>

<comp id="786" class="1004" name="trunc_ln111_4_fu_786">
<pin_list>
<pin id="787" dir="0" index="0" bw="9" slack="0"/>
<pin id="788" dir="0" index="1" bw="15" slack="0"/>
<pin id="789" dir="0" index="2" bw="4" slack="0"/>
<pin id="790" dir="0" index="3" bw="5" slack="0"/>
<pin id="791" dir="1" index="4" bw="9" slack="0"/>
</pin_list>
<bind>
<opcode="partselect(1002) " fcode="partselect"/>
<opset="trunc_ln111_4/1 "/>
</bind>
</comp>

<comp id="796" class="1004" name="trunc_ln111_5_fu_796">
<pin_list>
<pin id="797" dir="0" index="0" bw="9" slack="0"/>
<pin id="798" dir="0" index="1" bw="15" slack="0"/>
<pin id="799" dir="0" index="2" bw="4" slack="0"/>
<pin id="800" dir="0" index="3" bw="5" slack="0"/>
<pin id="801" dir="1" index="4" bw="9" slack="0"/>
</pin_list>
<bind>
<opcode="partselect(1002) " fcode="partselect"/>
<opset="trunc_ln111_5/1 "/>
</bind>
</comp>

<comp id="806" class="1004" name="trunc_ln111_6_fu_806">
<pin_list>
<pin id="807" dir="0" index="0" bw="9" slack="0"/>
<pin id="808" dir="0" index="1" bw="15" slack="0"/>
<pin id="809" dir="0" index="2" bw="4" slack="0"/>
<pin id="810" dir="0" index="3" bw="5" slack="0"/>
<pin id="811" dir="1" index="4" bw="9" slack="0"/>
</pin_list>
<bind>
<opcode="partselect(1002) " fcode="partselect"/>
<opset="trunc_ln111_6/1 "/>
</bind>
</comp>

<comp id="816" class="1004" name="mrv_i_fu_816">
<pin_list>
<pin id="817" dir="0" index="0" bw="63" slack="0"/>
<pin id="818" dir="0" index="1" bw="9" slack="0"/>
<pin id="819" dir="1" index="2" bw="63" slack="0"/>
</pin_list>
<bind>
<opcode="insertvalue(57) " fcode="insertvalue"/>
<opset="mrv_i/1 "/>
</bind>
</comp>

<comp id="822" class="1004" name="mrv_1_i_fu_822">
<pin_list>
<pin id="823" dir="0" index="0" bw="63" slack="0"/>
<pin id="824" dir="0" index="1" bw="9" slack="0"/>
<pin id="825" dir="1" index="2" bw="63" slack="0"/>
</pin_list>
<bind>
<opcode="insertvalue(57) " fcode="insertvalue"/>
<opset="mrv_1_i/1 "/>
</bind>
</comp>

<comp id="828" class="1004" name="mrv_2_i_fu_828">
<pin_list>
<pin id="829" dir="0" index="0" bw="63" slack="0"/>
<pin id="830" dir="0" index="1" bw="9" slack="0"/>
<pin id="831" dir="1" index="2" bw="63" slack="0"/>
</pin_list>
<bind>
<opcode="insertvalue(57) " fcode="insertvalue"/>
<opset="mrv_2_i/1 "/>
</bind>
</comp>

<comp id="834" class="1004" name="mrv_3_i_fu_834">
<pin_list>
<pin id="835" dir="0" index="0" bw="63" slack="0"/>
<pin id="836" dir="0" index="1" bw="9" slack="0"/>
<pin id="837" dir="1" index="2" bw="63" slack="0"/>
</pin_list>
<bind>
<opcode="insertvalue(57) " fcode="insertvalue"/>
<opset="mrv_3_i/1 "/>
</bind>
</comp>

<comp id="840" class="1004" name="mrv_4_i_fu_840">
<pin_list>
<pin id="841" dir="0" index="0" bw="63" slack="0"/>
<pin id="842" dir="0" index="1" bw="9" slack="0"/>
<pin id="843" dir="1" index="2" bw="63" slack="0"/>
</pin_list>
<bind>
<opcode="insertvalue(57) " fcode="insertvalue"/>
<opset="mrv_4_i/1 "/>
</bind>
</comp>

<comp id="846" class="1004" name="mrv_5_i_fu_846">
<pin_list>
<pin id="847" dir="0" index="0" bw="63" slack="0"/>
<pin id="848" dir="0" index="1" bw="9" slack="0"/>
<pin id="849" dir="1" index="2" bw="63" slack="0"/>
</pin_list>
<bind>
<opcode="insertvalue(57) " fcode="insertvalue"/>
<opset="mrv_5_i/1 "/>
</bind>
</comp>

<comp id="852" class="1004" name="mrv_6_i_fu_852">
<pin_list>
<pin id="853" dir="0" index="0" bw="63" slack="0"/>
<pin id="854" dir="0" index="1" bw="9" slack="0"/>
<pin id="855" dir="1" index="2" bw="63" slack="2147483647"/>
</pin_list>
<bind>
<opcode="insertvalue(57) " fcode="insertvalue"/>
<opset="mrv_6_i/1 "/>
</bind>
</comp>

</comp_list>

<net_list>
<net id="242"><net_src comp="32" pin="0"/><net_sink comp="65" pin=1"/></net>

<net id="250"><net_src comp="0" pin="0"/><net_sink comp="247" pin=0"/></net>

<net id="254"><net_src comp="247" pin="1"/><net_sink comp="251" pin=0"/></net>

<net id="260"><net_src comp="24" pin="0"/><net_sink comp="255" pin=0"/></net>

<net id="261"><net_src comp="247" pin="1"/><net_sink comp="255" pin=1"/></net>

<net id="262"><net_src comp="26" pin="0"/><net_sink comp="255" pin=2"/></net>

<net id="266"><net_src comp="255" pin="3"/><net_sink comp="263" pin=0"/></net>

<net id="270"><net_src comp="2" pin="0"/><net_sink comp="267" pin=0"/></net>

<net id="274"><net_src comp="267" pin="1"/><net_sink comp="271" pin=0"/></net>

<net id="280"><net_src comp="28" pin="0"/><net_sink comp="275" pin=0"/></net>

<net id="281"><net_src comp="267" pin="1"/><net_sink comp="275" pin=1"/></net>

<net id="282"><net_src comp="30" pin="0"/><net_sink comp="275" pin=2"/></net>

<net id="288"><net_src comp="24" pin="0"/><net_sink comp="283" pin=0"/></net>

<net id="289"><net_src comp="267" pin="1"/><net_sink comp="283" pin=1"/></net>

<net id="290"><net_src comp="26" pin="0"/><net_sink comp="283" pin=2"/></net>

<net id="294"><net_src comp="283" pin="3"/><net_sink comp="291" pin=0"/></net>

<net id="298"><net_src comp="283" pin="3"/><net_sink comp="295" pin=0"/></net>

<net id="303"><net_src comp="275" pin="3"/><net_sink comp="299" pin=0"/></net>

<net id="304"><net_src comp="291" pin="1"/><net_sink comp="299" pin=1"/></net>

<net id="309"><net_src comp="291" pin="1"/><net_sink comp="305" pin=0"/></net>

<net id="310"><net_src comp="275" pin="3"/><net_sink comp="305" pin=1"/></net>

<net id="314"><net_src comp="4" pin="0"/><net_sink comp="311" pin=0"/></net>

<net id="318"><net_src comp="311" pin="1"/><net_sink comp="315" pin=0"/></net>

<net id="319"><net_src comp="315" pin="1"/><net_sink comp="65" pin=0"/></net>

<net id="325"><net_src comp="24" pin="0"/><net_sink comp="320" pin=0"/></net>

<net id="326"><net_src comp="311" pin="1"/><net_sink comp="320" pin=1"/></net>

<net id="327"><net_src comp="26" pin="0"/><net_sink comp="320" pin=2"/></net>

<net id="331"><net_src comp="320" pin="3"/><net_sink comp="328" pin=0"/></net>

<net id="335"><net_src comp="320" pin="3"/><net_sink comp="332" pin=0"/></net>

<net id="341"><net_src comp="34" pin="0"/><net_sink comp="336" pin=0"/></net>

<net id="342"><net_src comp="311" pin="1"/><net_sink comp="336" pin=1"/></net>

<net id="343"><net_src comp="36" pin="0"/><net_sink comp="336" pin=2"/></net>

<net id="347"><net_src comp="336" pin="3"/><net_sink comp="344" pin=0"/></net>

<net id="352"><net_src comp="344" pin="1"/><net_sink comp="348" pin=0"/></net>

<net id="353"><net_src comp="315" pin="1"/><net_sink comp="348" pin=1"/></net>

<net id="359"><net_src comp="28" pin="0"/><net_sink comp="354" pin=0"/></net>

<net id="360"><net_src comp="311" pin="1"/><net_sink comp="354" pin=1"/></net>

<net id="361"><net_src comp="30" pin="0"/><net_sink comp="354" pin=2"/></net>

<net id="365"><net_src comp="6" pin="0"/><net_sink comp="362" pin=0"/></net>

<net id="369"><net_src comp="362" pin="1"/><net_sink comp="366" pin=0"/></net>

<net id="373"><net_src comp="362" pin="1"/><net_sink comp="370" pin=0"/></net>

<net id="379"><net_src comp="28" pin="0"/><net_sink comp="374" pin=0"/></net>

<net id="380"><net_src comp="362" pin="1"/><net_sink comp="374" pin=1"/></net>

<net id="381"><net_src comp="30" pin="0"/><net_sink comp="374" pin=2"/></net>

<net id="387"><net_src comp="34" pin="0"/><net_sink comp="382" pin=0"/></net>

<net id="388"><net_src comp="362" pin="1"/><net_sink comp="382" pin=1"/></net>

<net id="389"><net_src comp="36" pin="0"/><net_sink comp="382" pin=2"/></net>

<net id="393"><net_src comp="382" pin="3"/><net_sink comp="390" pin=0"/></net>

<net id="398"><net_src comp="38" pin="0"/><net_sink comp="394" pin=0"/></net>

<net id="399"><net_src comp="390" pin="1"/><net_sink comp="394" pin=1"/></net>

<net id="404"><net_src comp="394" pin="2"/><net_sink comp="400" pin=0"/></net>

<net id="405"><net_src comp="366" pin="1"/><net_sink comp="400" pin=1"/></net>

<net id="410"><net_src comp="38" pin="0"/><net_sink comp="406" pin=0"/></net>

<net id="411"><net_src comp="374" pin="3"/><net_sink comp="406" pin=1"/></net>

<net id="416"><net_src comp="406" pin="2"/><net_sink comp="412" pin=0"/></net>

<net id="417"><net_src comp="366" pin="1"/><net_sink comp="412" pin=1"/></net>

<net id="423"><net_src comp="24" pin="0"/><net_sink comp="418" pin=0"/></net>

<net id="424"><net_src comp="362" pin="1"/><net_sink comp="418" pin=1"/></net>

<net id="425"><net_src comp="26" pin="0"/><net_sink comp="418" pin=2"/></net>

<net id="429"><net_src comp="418" pin="3"/><net_sink comp="426" pin=0"/></net>

<net id="434"><net_src comp="374" pin="3"/><net_sink comp="430" pin=0"/></net>

<net id="435"><net_src comp="426" pin="1"/><net_sink comp="430" pin=1"/></net>

<net id="439"><net_src comp="8" pin="0"/><net_sink comp="436" pin=0"/></net>

<net id="443"><net_src comp="436" pin="1"/><net_sink comp="440" pin=0"/></net>

<net id="447"><net_src comp="436" pin="1"/><net_sink comp="444" pin=0"/></net>

<net id="453"><net_src comp="34" pin="0"/><net_sink comp="448" pin=0"/></net>

<net id="454"><net_src comp="436" pin="1"/><net_sink comp="448" pin=1"/></net>

<net id="455"><net_src comp="36" pin="0"/><net_sink comp="448" pin=2"/></net>

<net id="459"><net_src comp="448" pin="3"/><net_sink comp="456" pin=0"/></net>

<net id="465"><net_src comp="28" pin="0"/><net_sink comp="460" pin=0"/></net>

<net id="466"><net_src comp="436" pin="1"/><net_sink comp="460" pin=1"/></net>

<net id="467"><net_src comp="30" pin="0"/><net_sink comp="460" pin=2"/></net>

<net id="472"><net_src comp="456" pin="1"/><net_sink comp="468" pin=0"/></net>

<net id="473"><net_src comp="444" pin="1"/><net_sink comp="468" pin=1"/></net>

<net id="478"><net_src comp="263" pin="1"/><net_sink comp="474" pin=0"/></net>

<net id="479"><net_src comp="40" pin="0"/><net_sink comp="474" pin=1"/></net>

<net id="483"><net_src comp="474" pin="2"/><net_sink comp="480" pin=0"/></net>

<net id="488"><net_src comp="263" pin="1"/><net_sink comp="484" pin=0"/></net>

<net id="489"><net_src comp="42" pin="0"/><net_sink comp="484" pin=1"/></net>

<net id="493"><net_src comp="484" pin="2"/><net_sink comp="490" pin=0"/></net>

<net id="498"><net_src comp="295" pin="1"/><net_sink comp="494" pin=0"/></net>

<net id="499"><net_src comp="44" pin="0"/><net_sink comp="494" pin=1"/></net>

<net id="503"><net_src comp="494" pin="2"/><net_sink comp="500" pin=0"/></net>

<net id="508"><net_src comp="490" pin="1"/><net_sink comp="504" pin=0"/></net>

<net id="509"><net_src comp="291" pin="1"/><net_sink comp="504" pin=1"/></net>

<net id="514"><net_src comp="370" pin="1"/><net_sink comp="510" pin=0"/></net>

<net id="515"><net_src comp="271" pin="1"/><net_sink comp="510" pin=1"/></net>

<net id="521"><net_src comp="46" pin="0"/><net_sink comp="516" pin=0"/></net>

<net id="522"><net_src comp="510" pin="2"/><net_sink comp="516" pin=1"/></net>

<net id="523"><net_src comp="36" pin="0"/><net_sink comp="516" pin=2"/></net>

<net id="528"><net_src comp="251" pin="1"/><net_sink comp="524" pin=0"/></net>

<net id="529"><net_src comp="48" pin="0"/><net_sink comp="524" pin=1"/></net>

<net id="533"><net_src comp="524" pin="2"/><net_sink comp="530" pin=0"/></net>

<net id="538"><net_src comp="348" pin="2"/><net_sink comp="534" pin=0"/></net>

<net id="539"><net_src comp="530" pin="1"/><net_sink comp="534" pin=1"/></net>

<net id="544"><net_src comp="534" pin="2"/><net_sink comp="540" pin=0"/></net>

<net id="545"><net_src comp="516" pin="3"/><net_sink comp="540" pin=1"/></net>

<net id="550"><net_src comp="500" pin="1"/><net_sink comp="546" pin=0"/></net>

<net id="551"><net_src comp="328" pin="1"/><net_sink comp="546" pin=1"/></net>

<net id="556"><net_src comp="546" pin="2"/><net_sink comp="552" pin=0"/></net>

<net id="557"><net_src comp="400" pin="2"/><net_sink comp="552" pin=1"/></net>

<net id="562"><net_src comp="374" pin="3"/><net_sink comp="558" pin=0"/></net>

<net id="563"><net_src comp="275" pin="3"/><net_sink comp="558" pin=1"/></net>

<net id="568"><net_src comp="558" pin="2"/><net_sink comp="564" pin=0"/></net>

<net id="569"><net_src comp="65" pin="2"/><net_sink comp="564" pin=1"/></net>

<net id="574"><net_src comp="480" pin="1"/><net_sink comp="570" pin=0"/></net>

<net id="575"><net_src comp="456" pin="1"/><net_sink comp="570" pin=1"/></net>

<net id="580"><net_src comp="370" pin="1"/><net_sink comp="576" pin=0"/></net>

<net id="581"><net_src comp="440" pin="1"/><net_sink comp="576" pin=1"/></net>

<net id="585"><net_src comp="576" pin="2"/><net_sink comp="582" pin=0"/></net>

<net id="590"><net_src comp="582" pin="1"/><net_sink comp="586" pin=0"/></net>

<net id="591"><net_src comp="570" pin="2"/><net_sink comp="586" pin=1"/></net>

<net id="596"><net_src comp="586" pin="2"/><net_sink comp="592" pin=0"/></net>

<net id="597"><net_src comp="564" pin="2"/><net_sink comp="592" pin=1"/></net>

<net id="602"><net_src comp="440" pin="1"/><net_sink comp="598" pin=0"/></net>

<net id="603"><net_src comp="251" pin="1"/><net_sink comp="598" pin=1"/></net>

<net id="609"><net_src comp="46" pin="0"/><net_sink comp="604" pin=0"/></net>

<net id="610"><net_src comp="598" pin="2"/><net_sink comp="604" pin=1"/></net>

<net id="611"><net_src comp="36" pin="0"/><net_sink comp="604" pin=2"/></net>

<net id="616"><net_src comp="299" pin="2"/><net_sink comp="612" pin=0"/></net>

<net id="617"><net_src comp="604" pin="3"/><net_sink comp="612" pin=1"/></net>

<net id="622"><net_src comp="332" pin="1"/><net_sink comp="618" pin=0"/></net>

<net id="623"><net_src comp="50" pin="0"/><net_sink comp="618" pin=1"/></net>

<net id="627"><net_src comp="618" pin="2"/><net_sink comp="624" pin=0"/></net>

<net id="632"><net_src comp="624" pin="1"/><net_sink comp="628" pin=0"/></net>

<net id="633"><net_src comp="612" pin="2"/><net_sink comp="628" pin=1"/></net>

<net id="638"><net_src comp="271" pin="1"/><net_sink comp="634" pin=0"/></net>

<net id="639"><net_src comp="251" pin="1"/><net_sink comp="634" pin=1"/></net>

<net id="643"><net_src comp="634" pin="2"/><net_sink comp="640" pin=0"/></net>

<net id="647"><net_src comp="634" pin="2"/><net_sink comp="644" pin=0"/></net>

<net id="653"><net_src comp="28" pin="0"/><net_sink comp="648" pin=0"/></net>

<net id="654"><net_src comp="644" pin="1"/><net_sink comp="648" pin=1"/></net>

<net id="655"><net_src comp="30" pin="0"/><net_sink comp="648" pin=2"/></net>

<net id="660"><net_src comp="648" pin="3"/><net_sink comp="656" pin=0"/></net>

<net id="661"><net_src comp="640" pin="1"/><net_sink comp="656" pin=1"/></net>

<net id="666"><net_src comp="656" pin="2"/><net_sink comp="662" pin=0"/></net>

<net id="667"><net_src comp="52" pin="0"/><net_sink comp="662" pin=1"/></net>

<net id="672"><net_src comp="662" pin="2"/><net_sink comp="668" pin=0"/></net>

<net id="673"><net_src comp="348" pin="2"/><net_sink comp="668" pin=1"/></net>

<net id="678"><net_src comp="668" pin="2"/><net_sink comp="674" pin=0"/></net>

<net id="679"><net_src comp="444" pin="1"/><net_sink comp="674" pin=1"/></net>

<net id="684"><net_src comp="552" pin="2"/><net_sink comp="680" pin=0"/></net>

<net id="685"><net_src comp="460" pin="3"/><net_sink comp="680" pin=1"/></net>

<net id="690"><net_src comp="440" pin="1"/><net_sink comp="686" pin=0"/></net>

<net id="691"><net_src comp="251" pin="1"/><net_sink comp="686" pin=1"/></net>

<net id="695"><net_src comp="686" pin="2"/><net_sink comp="692" pin=0"/></net>

<net id="701"><net_src comp="46" pin="0"/><net_sink comp="696" pin=0"/></net>

<net id="702"><net_src comp="686" pin="2"/><net_sink comp="696" pin=1"/></net>

<net id="703"><net_src comp="36" pin="0"/><net_sink comp="696" pin=2"/></net>

<net id="708"><net_src comp="692" pin="1"/><net_sink comp="704" pin=0"/></net>

<net id="709"><net_src comp="696" pin="3"/><net_sink comp="704" pin=1"/></net>

<net id="714"><net_src comp="305" pin="2"/><net_sink comp="710" pin=0"/></net>

<net id="715"><net_src comp="54" pin="0"/><net_sink comp="710" pin=1"/></net>

<net id="720"><net_src comp="710" pin="2"/><net_sink comp="716" pin=0"/></net>

<net id="721"><net_src comp="354" pin="3"/><net_sink comp="716" pin=1"/></net>

<net id="726"><net_src comp="412" pin="2"/><net_sink comp="722" pin=0"/></net>

<net id="727"><net_src comp="704" pin="2"/><net_sink comp="722" pin=1"/></net>

<net id="732"><net_src comp="722" pin="2"/><net_sink comp="728" pin=0"/></net>

<net id="733"><net_src comp="716" pin="2"/><net_sink comp="728" pin=1"/></net>

<net id="738"><net_src comp="430" pin="2"/><net_sink comp="734" pin=0"/></net>

<net id="739"><net_src comp="468" pin="2"/><net_sink comp="734" pin=1"/></net>

<net id="744"><net_src comp="734" pin="2"/><net_sink comp="740" pin=0"/></net>

<net id="745"><net_src comp="504" pin="2"/><net_sink comp="740" pin=1"/></net>

<net id="752"><net_src comp="56" pin="0"/><net_sink comp="746" pin=0"/></net>

<net id="753"><net_src comp="592" pin="2"/><net_sink comp="746" pin=1"/></net>

<net id="754"><net_src comp="58" pin="0"/><net_sink comp="746" pin=2"/></net>

<net id="755"><net_src comp="60" pin="0"/><net_sink comp="746" pin=3"/></net>

<net id="762"><net_src comp="56" pin="0"/><net_sink comp="756" pin=0"/></net>

<net id="763"><net_src comp="628" pin="2"/><net_sink comp="756" pin=1"/></net>

<net id="764"><net_src comp="58" pin="0"/><net_sink comp="756" pin=2"/></net>

<net id="765"><net_src comp="60" pin="0"/><net_sink comp="756" pin=3"/></net>

<net id="772"><net_src comp="56" pin="0"/><net_sink comp="766" pin=0"/></net>

<net id="773"><net_src comp="540" pin="2"/><net_sink comp="766" pin=1"/></net>

<net id="774"><net_src comp="58" pin="0"/><net_sink comp="766" pin=2"/></net>

<net id="775"><net_src comp="60" pin="0"/><net_sink comp="766" pin=3"/></net>

<net id="782"><net_src comp="56" pin="0"/><net_sink comp="776" pin=0"/></net>

<net id="783"><net_src comp="674" pin="2"/><net_sink comp="776" pin=1"/></net>

<net id="784"><net_src comp="58" pin="0"/><net_sink comp="776" pin=2"/></net>

<net id="785"><net_src comp="60" pin="0"/><net_sink comp="776" pin=3"/></net>

<net id="792"><net_src comp="56" pin="0"/><net_sink comp="786" pin=0"/></net>

<net id="793"><net_src comp="680" pin="2"/><net_sink comp="786" pin=1"/></net>

<net id="794"><net_src comp="58" pin="0"/><net_sink comp="786" pin=2"/></net>

<net id="795"><net_src comp="60" pin="0"/><net_sink comp="786" pin=3"/></net>

<net id="802"><net_src comp="56" pin="0"/><net_sink comp="796" pin=0"/></net>

<net id="803"><net_src comp="728" pin="2"/><net_sink comp="796" pin=1"/></net>

<net id="804"><net_src comp="58" pin="0"/><net_sink comp="796" pin=2"/></net>

<net id="805"><net_src comp="60" pin="0"/><net_sink comp="796" pin=3"/></net>

<net id="812"><net_src comp="56" pin="0"/><net_sink comp="806" pin=0"/></net>

<net id="813"><net_src comp="740" pin="2"/><net_sink comp="806" pin=1"/></net>

<net id="814"><net_src comp="58" pin="0"/><net_sink comp="806" pin=2"/></net>

<net id="815"><net_src comp="60" pin="0"/><net_sink comp="806" pin=3"/></net>

<net id="820"><net_src comp="62" pin="0"/><net_sink comp="816" pin=0"/></net>

<net id="821"><net_src comp="746" pin="4"/><net_sink comp="816" pin=1"/></net>

<net id="826"><net_src comp="816" pin="2"/><net_sink comp="822" pin=0"/></net>

<net id="827"><net_src comp="756" pin="4"/><net_sink comp="822" pin=1"/></net>

<net id="832"><net_src comp="822" pin="2"/><net_sink comp="828" pin=0"/></net>

<net id="833"><net_src comp="766" pin="4"/><net_sink comp="828" pin=1"/></net>

<net id="838"><net_src comp="828" pin="2"/><net_sink comp="834" pin=0"/></net>

<net id="839"><net_src comp="776" pin="4"/><net_sink comp="834" pin=1"/></net>

<net id="844"><net_src comp="834" pin="2"/><net_sink comp="840" pin=0"/></net>

<net id="845"><net_src comp="786" pin="4"/><net_sink comp="840" pin=1"/></net>

<net id="850"><net_src comp="840" pin="2"/><net_sink comp="846" pin=0"/></net>

<net id="851"><net_src comp="796" pin="4"/><net_sink comp="846" pin=1"/></net>

<net id="856"><net_src comp="846" pin="2"/><net_sink comp="852" pin=0"/></net>

<net id="857"><net_src comp="806" pin="4"/><net_sink comp="852" pin=1"/></net>

</net_list>

</model> 
---------------- Datapath Model END ------------------

* FSMD analyzer results:
  - Output states:
 - Input state : 
	Port: dense_latency<ap_fixed<12, 6, 5, 3, 0>, ap_fixed<9, 5, 5, 3, 0>, config3_mult> : void_compute_output_buffer_2d_array_const_ap_shift_reg_n_chan_stream_weig_4 | {1 }
	Port: dense_latency<ap_fixed<12, 6, 5, 3, 0>, ap_fixed<9, 5, 5, 3, 0>, config3_mult> : void_compute_output_buffer_2d_array_const_ap_shift_reg_n_chan_stream_weig_3 | {1 }
	Port: dense_latency<ap_fixed<12, 6, 5, 3, 0>, ap_fixed<9, 5, 5, 3, 0>, config3_mult> : void_compute_output_buffer_2d_array_const_ap_shift_reg_n_chan_stream_weig_2 | {1 }
	Port: dense_latency<ap_fixed<12, 6, 5, 3, 0>, ap_fixed<9, 5, 5, 3, 0>, config3_mult> : void_compute_output_buffer_2d_array_const_ap_shift_reg_n_chan_stream_weig_1 | {1 }
	Port: dense_latency<ap_fixed<12, 6, 5, 3, 0>, ap_fixed<9, 5, 5, 3, 0>, config3_mult> : void_compute_output_buffer_2d_array_const_ap_shift_reg_n_chan_stream_weig | {1 }
  - Chain level:
	State 1
		sext_ln42 : 1
		shl_ln : 1
		shl_ln42_cast16_i : 2
		sext_ln42_296 : 1
		shl_ln42_1 : 1
		shl_ln42_2 : 1
		sext_ln42_297 : 2
		sext_ln42_298 : 2
		sub_ln42 : 3
		sub_ln42_1 : 3
		sext_ln42_299 : 1
		mul_ln42 : 2
		shl_ln42_3 : 1
		sext_ln42_300 : 2
		sext_ln42_301 : 2
		shl_ln42_4 : 1
		sext_ln42_302 : 2
		sub_ln42_2 : 3
		shl_ln42_5 : 1
		sext_ln70 : 1
		sext_ln70_523 : 1
		shl_ln42_6 : 1
		shl_ln42_7 : 1
		sext_ln42_303 : 2
		sub_ln42_3 : 3
		sub_ln42_4 : 4
		sub_ln42_5 : 2
		sub_ln42_6 : 3
		shl_ln42_8 : 1
		sext_ln42_304 : 2
		sub_ln42_7 : 3
		sext_ln42_305 : 1
		sext_ln42_306 : 1
		shl_ln42_9 : 1
		sext_ln42_307 : 2
		shl_ln42_s : 1
		sub_ln42_8 : 3
		add_ln58 : 3
		sext_ln58 : 4
		add_ln58_790 : 3
		sext_ln58_1 : 4
		add_ln58_791 : 3
		sext_ln58_2 : 4
		sub_ln58 : 5
		tmp34_i : 2
		p_shl10_i : 3
		add_ln58_792 : 2
		sext_ln58_3 : 3
		add_ln58_793 : 4
		x_2 : 5
		add_ln58_794 : 5
		add_ln58_795 : 6
		add_ln58_796 : 2
		add_ln58_797 : 3
		add_ln58_798 : 5
		add_ln58_799 : 2
		sext_ln58_199 : 3
		add_ln58_800 : 6
		x : 7
		tmp539_i : 2
		tmp54_i : 3
		add_ln58_802 : 4
		add_ln58_803 : 3
		sext_ln58_200 : 4
		x_1 : 5
		tmp55_i : 2
		tmp55_cast_i : 3
		empty : 3
		p_shl7_i : 4
		tmp56_i : 5
		add_ln58_807 : 6
		add_ln58_805 : 7
		x_3 : 8
		x_4 : 7
		tmp57_i : 2
		tmp57_cast_i : 3
		p_shl : 3
		tmp58_i : 4
		add_ln58_806 : 4
		sub_ln58_4 : 5
		add_ln58_808 : 5
		x_5 : 6
		add_ln58_810 : 4
		x_6 : 6
		trunc_ln : 8
		trunc_ln111_1 : 6
		trunc_ln111_2 : 6
		trunc_ln111_3 : 9
		trunc_ln111_4 : 8
		trunc_ln111_5 : 7
		trunc_ln111_6 : 7
		mrv_i : 9
		mrv_1_i : 10
		mrv_2_i : 11
		mrv_3_i : 12
		mrv_4_i : 13
		mrv_5_i : 14
		mrv_6_i : 15
		ret_ln33 : 16


============================================================
+ Verbose Summary: Datapath Resource usage 
============================================================

* Functional unit list:
|----------|--------------------------|---------|---------|---------|
| Operation|      Functional Unit     |   DSP   |    FF   |   LUT   |
|----------|--------------------------|---------|---------|---------|
|          |      add_ln58_fu_474     |    0    |    0    |    20   |
|          |    add_ln58_790_fu_484   |    0    |    0    |    20   |
|          |    add_ln58_791_fu_494   |    0    |    0    |    20   |
|          |      tmp34_i_fu_510      |    0    |    0    |    19   |
|          |    add_ln58_792_fu_524   |    0    |    0    |    19   |
|          |    add_ln58_793_fu_534   |    0    |    0    |    16   |
|          |    add_ln58_794_fu_546   |    0    |    0    |    21   |
|          |    add_ln58_795_fu_552   |    0    |    0    |    16   |
|          |    add_ln58_796_fu_558   |    0    |    0    |    22   |
|          |    add_ln58_797_fu_564   |    0    |    0    |    16   |
|          |    add_ln58_798_fu_570   |    0    |    0    |    16   |
|          |    add_ln58_799_fu_576   |    0    |    0    |    19   |
|    add   |    add_ln58_800_fu_586   |    0    |    0    |    16   |
|          |         x_fu_592         |    0    |    0    |    16   |
|          |    add_ln58_802_fu_612   |    0    |    0    |    16   |
|          |    add_ln58_803_fu_618   |    0    |    0    |    20   |
|          |        x_1_fu_628        |    0    |    0    |    16   |
|          |      tmp55_i_fu_634      |    0    |    0    |    19   |
|          |    add_ln58_807_fu_662   |    0    |    0    |    16   |
|          |    add_ln58_805_fu_668   |    0    |    0    |    16   |
|          |      tmp57_i_fu_686      |    0    |    0    |    19   |
|          |    add_ln58_806_fu_710   |    0    |    0    |    16   |
|          |    add_ln58_808_fu_722   |    0    |    0    |    16   |
|          |        x_5_fu_728        |    0    |    0    |    16   |
|          |    add_ln58_810_fu_734   |    0    |    0    |    16   |
|          |        x_6_fu_740        |    0    |    0    |    16   |
|----------|--------------------------|---------|---------|---------|
|          |      sub_ln42_fu_299     |    0    |    0    |    22   |
|          |     sub_ln42_1_fu_305    |    0    |    0    |    22   |
|          |     sub_ln42_2_fu_348    |    0    |    0    |    21   |
|          |     sub_ln42_3_fu_394    |    0    |    0    |    16   |
|          |     sub_ln42_4_fu_400    |    0    |    0    |    16   |
|          |     sub_ln42_5_fu_406    |    0    |    0    |    16   |
|          |     sub_ln42_6_fu_412    |    0    |    0    |    16   |
|          |     sub_ln42_7_fu_430    |    0    |    0    |    22   |
|    sub   |     sub_ln42_8_fu_468    |    0    |    0    |    21   |
|          |      sub_ln58_fu_504     |    0    |    0    |    21   |
|          |        x_2_fu_540        |    0    |    0    |    16   |
|          |      tmp539_i_fu_598     |    0    |    0    |    19   |
|          |      tmp56_i_fu_656      |    0    |    0    |    16   |
|          |        x_3_fu_674        |    0    |    0    |    16   |
|          |        x_4_fu_680        |    0    |    0    |    16   |
|          |      tmp58_i_fu_704      |    0    |    0    |    22   |
|          |     sub_ln58_4_fu_716    |    0    |    0    |    16   |
|----------|--------------------------|---------|---------|---------|
|    mul   |      mul_ln42_fu_65      |    1    |    0    |    5    |
|----------|--------------------------|---------|---------|---------|
|          |     sext_ln42_fu_251     |    0    |    0    |    0    |
|          | shl_ln42_cast16_i_fu_263 |    0    |    0    |    0    |
|          |   sext_ln42_296_fu_271   |    0    |    0    |    0    |
|          |   sext_ln42_297_fu_291   |    0    |    0    |    0    |
|          |   sext_ln42_298_fu_295   |    0    |    0    |    0    |
|          |   sext_ln42_299_fu_315   |    0    |    0    |    0    |
|          |   sext_ln42_300_fu_328   |    0    |    0    |    0    |
|          |   sext_ln42_301_fu_332   |    0    |    0    |    0    |
|          |   sext_ln42_302_fu_344   |    0    |    0    |    0    |
|          |     sext_ln70_fu_366     |    0    |    0    |    0    |
|          |   sext_ln70_523_fu_370   |    0    |    0    |    0    |
|   sext   |   sext_ln42_303_fu_390   |    0    |    0    |    0    |
|          |   sext_ln42_304_fu_426   |    0    |    0    |    0    |
|          |   sext_ln42_305_fu_440   |    0    |    0    |    0    |
|          |   sext_ln42_306_fu_444   |    0    |    0    |    0    |
|          |   sext_ln42_307_fu_456   |    0    |    0    |    0    |
|          |     sext_ln58_fu_480     |    0    |    0    |    0    |
|          |    sext_ln58_1_fu_490    |    0    |    0    |    0    |
|          |    sext_ln58_2_fu_500    |    0    |    0    |    0    |
|          |    sext_ln58_3_fu_530    |    0    |    0    |    0    |
|          |   sext_ln58_199_fu_582   |    0    |    0    |    0    |
|          |   sext_ln58_200_fu_624   |    0    |    0    |    0    |
|          |    tmp55_cast_i_fu_640   |    0    |    0    |    0    |
|          |    tmp57_cast_i_fu_692   |    0    |    0    |    0    |
|----------|--------------------------|---------|---------|---------|
|          |       shl_ln_fu_255      |    0    |    0    |    0    |
|          |     shl_ln42_1_fu_275    |    0    |    0    |    0    |
|          |     shl_ln42_2_fu_283    |    0    |    0    |    0    |
|          |     shl_ln42_3_fu_320    |    0    |    0    |    0    |
|          |     shl_ln42_4_fu_336    |    0    |    0    |    0    |
|          |     shl_ln42_5_fu_354    |    0    |    0    |    0    |
|          |     shl_ln42_6_fu_374    |    0    |    0    |    0    |
|bitconcatenate|     shl_ln42_7_fu_382    |    0    |    0    |    0    |
|          |     shl_ln42_8_fu_418    |    0    |    0    |    0    |
|          |     shl_ln42_9_fu_448    |    0    |    0    |    0    |
|          |     shl_ln42_s_fu_460    |    0    |    0    |    0    |
|          |     p_shl10_i_fu_516     |    0    |    0    |    0    |
|          |      tmp54_i_fu_604      |    0    |    0    |    0    |
|          |      p_shl7_i_fu_648     |    0    |    0    |    0    |
|          |       p_shl_fu_696       |    0    |    0    |    0    |
|----------|--------------------------|---------|---------|---------|
|   trunc  |       empty_fu_644       |    0    |    0    |    0    |
|----------|--------------------------|---------|---------|---------|
|          |      trunc_ln_fu_746     |    0    |    0    |    0    |
|          |   trunc_ln111_1_fu_756   |    0    |    0    |    0    |
|          |   trunc_ln111_2_fu_766   |    0    |    0    |    0    |
|partselect|   trunc_ln111_3_fu_776   |    0    |    0    |    0    |
|          |   trunc_ln111_4_fu_786   |    0    |    0    |    0    |
|          |   trunc_ln111_5_fu_796   |    0    |    0    |    0    |
|          |   trunc_ln111_6_fu_806   |    0    |    0    |    0    |
|----------|--------------------------|---------|---------|---------|
|          |       mrv_i_fu_816       |    0    |    0    |    0    |
|          |      mrv_1_i_fu_822      |    0    |    0    |    0    |
|          |      mrv_2_i_fu_828      |    0    |    0    |    0    |
|insertvalue|      mrv_3_i_fu_834      |    0    |    0    |    0    |
|          |      mrv_4_i_fu_840      |    0    |    0    |    0    |
|          |      mrv_5_i_fu_846      |    0    |    0    |    0    |
|          |      mrv_6_i_fu_852      |    0    |    0    |    0    |
|----------|--------------------------|---------|---------|---------|
|   Total  |                          |    1    |    0    |   777   |
|----------|--------------------------|---------|---------|---------|

Memories:
N/A

* Register list:
N/A

* Multiplexer (MUX) list: 
|--------|------|------|------|--------|
|  Comp  |  Pin | Size |  BW  | S x BW |
|--------|------|------|------|--------|
|  Total |      |      |      |    0   |
|--------|------|------|------|--------|



* Summary:
+-----------+--------+--------+--------+
|           |   DSP  |   FF   |   LUT  |
+-----------+--------+--------+--------+
|  Function |    1   |    0   |   777  |
|   Memory  |    -   |    -   |    -   |
|Multiplexer|    -   |    -   |    -   |
|  Register |    -   |    -   |    -   |
+-----------+--------+--------+--------+
|   Total   |    1   |    0   |   777  |
+-----------+--------+--------+--------+
