

================================================================
== Synthesis Summary Report of 'cnn_core'
================================================================
+ General Information: 
    * Date:           Thu Sep 17 02:03:16 2026
    * Version:        2023.2 (Build 4023990 on Oct 11 2023)
    * Project:        cnn_core_prj
    * Solution:       solution1 (Vivado IP Flow Target)
    * Product family: kintexuplus
    * Target device:  xcku5p-ffvb676-2-e
    

+ Performance & Resource Estimates: 
    
    PS: '+' for module; 'o' for loop; '*' for dataflow
    +-------------------------------------------------------------------------------+--------+-------+---------+---------+----------+---------+------+----------+-----------+----------+------------+-------------+-----+
    |                                    Modules                                    |  Issue |       | Latency | Latency | Iteration|         | Trip |          |           |          |            |             |     |
    |                                    & Loops                                    |  Type  | Slack | (cycles)|   (ns)  |  Latency | Interval| Count| Pipelined|   BRAM    |    DSP   |     FF     |     LUT     | URAM|
    +-------------------------------------------------------------------------------+--------+-------+---------+---------+----------+---------+------+----------+-----------+----------+------------+-------------+-----+
    |+ cnn_core*                                                                    |  Timing|  -0.64|       71|  355.000|         -|       63|     -|  dataflow|  155 (16%)|   48 (2%)|  24900 (5%)|  56457 (26%)|    -|
    | + phara_pool_aligned_hybrid_p8_cl_array_array_array_array_config3_config5_s   |  Timing|  -0.64|       48|  240.000|         -|       48|     -|        no|          -|  16 (~0%)|   4633 (1%)|   20497 (9%)|    -|
    |  o ProduceP8Words                                                             |       -|   3.65|       46|  230.000|         6|        1|    42|       yes|          -|         -|           -|            -|    -|
    | + shared_conv_array_array_ap_fixed_48u_config7_4u_ravel_matrix_conv2d_1_2u_s  |  Timing|  -0.49|       62|  310.000|         -|       62|     -|        no|          -|         -|  14687 (3%)|  26430 (12%)|    -|
    |  o ReusePhases                                                                |       -|   3.65|       60|  300.000|         7|        1|    55|       yes|          -|         -|           -|            -|    -|
    | + relu_array_ap_fixed_48u_array_ap_ufixed_17_8_5_3_0_48u_relu_config8_s       |       -|   0.75|       16|   80.000|         -|       16|     -|        no|          -|         -|   826 (~0%)|   2157 (~0%)|    -|
    |  o ReLUActLoop                                                                |       -|   3.65|       14|   70.000|         3|        1|    13|       yes|          -|         -|           -|            -|    -|
    | + scheduled_pool_array_array_ap_fixed_10_5_0_2_0_48u_config9_4u_s             |       -|   0.12|       16|   80.000|         -|       16|     -|        no|          -|         -|  1501 (~0%)|    5137 (2%)|    -|
    |  o PoolWords                                                                  |       -|   3.65|       14|   70.000|         3|        1|    13|       yes|          -|         -|           -|            -|    -|
    | + dense_wide_stream_array_array_ap_fixed_21_12_5_3_0_1u_config12_s            |       -|   0.26|       16|   80.000|         -|       16|     -|        no|    7 (~0%)|   32 (1%)|  2665 (~0%)|   2070 (~0%)|    -|
    |  + dense_wide_stream_array_array_ap_fixed_1u_config12_Pipeline_DenseValues    |       -|   0.26|       13|   65.000|         -|       13|     -|        no|    7 (~0%)|   32 (1%)|  2659 (~0%)|   2013 (~0%)|    -|
    |   o DenseValues                                                               |       -|   3.65|       11|   55.000|         7|        1|     6|       yes|          -|         -|           -|            -|    -|
    +-------------------------------------------------------------------------------+--------+-------+---------+---------+----------+---------+------+----------+-----------+----------+------------+-------------+-----+


================================================================
== HW Interfaces
================================================================
* AXIS
+-------------+-----------+---------------+-------+--------+--------+
| Interface   | Direction | Register Mode | TDATA | TREADY | TVALID |
+-------------+-----------+---------------+-------+--------+--------+
| layer12_out | out       | both          | 32    | 1      | 1      |
| waveform    | in        | both          | 512   | 1      | 1      |
+-------------+-----------+---------------+-------+--------+--------+

* TOP LEVEL CONTROL
+-----------+------------+-----------------------------------+
| Interface | Type       | Ports                             |
+-----------+------------+-----------------------------------+
| ap_clk    | clock      | ap_clk                            |
| ap_rst_n  | reset      | ap_rst_n                          |
| ap_ctrl   | ap_ctrl_hs | ap_done ap_idle ap_ready ap_start |
+-----------+------------+-----------------------------------+


================================================================
== SW I/O Information
================================================================
* Top Function Arguments
+-------------+-----------+---------------------------------------------------------------------+
| Argument    | Direction | Datatype                                                            |
+-------------+-----------+---------------------------------------------------------------------+
| waveform    | in        | stream<nnet::array<ap_fixed<10, 5, AP_RND, AP_SAT_SYM, 0>, 32>, 0>& |
| layer12_out | out       | stream<nnet::array<ap_fixed<21, 12, AP_TRN, AP_WRAP, 0>, 1>, 0>&    |
+-------------+-----------+---------------------------------------------------------------------+

* SW-to-HW Mapping
+-------------+--------------+-----------+
| Argument    | HW Interface | HW Type   |
+-------------+--------------+-----------+
| waveform    | waveform     | interface |
| layer12_out | layer12_out  | interface |
+-------------+--------------+-----------+


================================================================
== Bind Op Report
================================================================
+-------------------------------------------------------------------------------+-----+--------+-----------------------------------+-----+-----------+---------+
| Name                                                                          | DSP | Pragma | Variable                          | Op  | Impl      | Latency |
+-------------------------------------------------------------------------------+-----+--------+-----------------------------------+-----+-----------+---------+
| + cnn_core                                                                    | 48  |        |                                   |     |           |         |
|  + phara_pool_aligned_hybrid_p8_cl_array_array_array_array_config3_config5_s  | 16  |        |                                   |     |           |         |
|    pool_2_fu_623_p2                                                           |     |        | pool_2                            | add | fabric    | 0       |
|    required_words_fu_691_p2                                                   |     |        | required_words                    | add | fabric    | 0       |
|    input_words_2_fu_1021_p2                                                   |     |        | input_words_2                     | add | fabric    | 0       |
|    mul_10s_5s_15_1_1_U33                                                      | 1   | yes    | mul_ln400                         | mul | dsp       | 0       |
|    mac_muladd_10s_4ns_13s_15_1_1_U41                                          | 1   | yes    | phara_x3_5f_c11_5f_dsp            | mul | dsp_slice | 0       |
|    phara_x2_5f_c7_5f_negative1_fu_3605_p2                                     |     |        | phara_x2_5f_c7_5f_negative1       | sub | fabric    | 0       |
|    phara_x4_5f_c7_5f_negative1_fu_3634_p2                                     |     |        | phara_x4_5f_c7_5f_negative1       | sub | fabric    | 0       |
|    phara_x2_5f_c_2d_3_5f_negative1_fu_3670_p2                                 |     |        | phara_x2_5f_c_2d_3_5f_negative1   | sub | fabric    | 0       |
|    phara_x3_5f_c_2d_3_5f_negative1_fu_3676_p2                                 |     |        | phara_x3_5f_c_2d_3_5f_negative1   | sub | fabric    | 0       |
|    phara_x3_5f_c5_5f_positive1_fu_3686_p2                                     |     |        | phara_x3_5f_c5_5f_positive1       | add | fabric    | 0       |
|    mul_10s_5s_15_1_1_U34                                                      | 1   | yes    | mul_ln456                         | mul | dsp       | 0       |
|    mac_muladd_10s_4ns_13s_15_1_1_U42                                          | 1   | yes    | phara_x6_5f_c11_5f_dsp            | mul | dsp_slice | 0       |
|    phara_x5_5f_c7_5f_negative1_fu_3866_p2                                     |     |        | phara_x5_5f_c7_5f_negative1       | sub | fabric    | 0       |
|    phara_x7_5f_c7_5f_negative1_fu_3887_p2                                     |     |        | phara_x7_5f_c7_5f_negative1       | sub | fabric    | 0       |
|    phara_x5_5f_c_2d_3_5f_negative1_fu_3912_p2                                 |     |        | phara_x5_5f_c_2d_3_5f_negative1   | sub | fabric    | 0       |
|    phara_x6_5f_c_2d_3_5f_negative1_fu_3918_p2                                 |     |        | phara_x6_5f_c_2d_3_5f_negative1   | sub | fabric    | 0       |
|    phara_cse0_fu_3961_p2                                                      |     |        | phara_cse0                        | sub | fabric    | 0       |
|    phara_cse1_fu_3975_p2                                                      |     |        | phara_cse1                        | add | fabric    | 0       |
|    phara_cse2_fu_3985_p2                                                      |     |        | phara_cse2                        | add | fabric    | 0       |
|    phara_cse3_fu_3991_p2                                                      |     |        | phara_cse3                        | add | fabric    | 0       |
|    phara_cse4_fu_4005_p2                                                      |     |        | phara_cse4                        | add | fabric    | 0       |
|    phara_x2_5f_c_2d_6_5f_negative1_fu_4019_p2                                 |     |        | phara_x2_5f_c_2d_6_5f_negative1   | add | fabric    | 0       |
|    phara_y0_5f_f0_5f_tree0_5f_2_fu_4029_p2                                    |     |        | phara_y0_5f_f0_5f_tree0_5f_2      | add | fabric    | 0       |
|    phara_x0_5f_c5_5f_positive1_fu_4039_p2                                     |     |        | phara_x0_5f_c5_5f_positive1       | sub | fabric    | 0       |
|    add_ln500_fu_4055_p2                                                       |     |        | add_ln500                         | add | fabric    | 0       |
|    phara_y0_5f_f0_5f_tree2_5f_0_fu_10328_p2                                   |     |        | phara_y0_5f_f0_5f_tree2_5f_0      | sub | fabric    | 0       |
|    add_ln504_fu_4071_p2                                                       |     |        | add_ln504                         | add | fabric    | 0       |
|    add_ln503_4_fu_4081_p2                                                     |     |        | add_ln503_4                       | add | fabric    | 0       |
|    add_ln503_fu_4091_p2                                                       |     |        | add_ln503                         | add | fabric    | 0       |
|    phara_y0_5f_f2_5f_tree0_5f_2_fu_4129_p2                                    |     |        | phara_y0_5f_f2_5f_tree0_5f_2      | add | fabric    | 0       |
|    phara_y0_5f_f2_5f_tree1_5f_0_fu_10337_p2                                   |     |        | phara_y0_5f_f2_5f_tree1_5f_0      | sub | fabric    | 0       |
|    phara_x2_5f_c10_5f_positive1_fu_4147_p2                                    |     |        | phara_x2_5f_c10_5f_positive1      | add | fabric    | 0       |
|    phara_x0_5f_c_2d_3_5f_negative1_fu_4173_p2                                 |     |        | phara_x0_5f_c_2d_3_5f_negative1   | add | fabric    | 0       |
|    add_ln515_fu_4183_p2                                                       |     |        | add_ln515                         | add | fabric    | 0       |
|    mac_muladd_10s_4ns_13s_15_1_1_U41                                          | 1   |        | add_ln516                         | add | dsp_slice | 0       |
|    first_activation_5_fu_10361_p2                                             |     |        | first_activation_5                | add | fabric    | 0       |
|    phara_y0_5f_f3_5f_tree2_5f_0_fu_10365_p2                                   |     |        | phara_y0_5f_f3_5f_tree2_5f_0      | add | fabric    | 0       |
|    phara_x3_5f_c6_5f_negative1_fu_4205_p2                                     |     |        | phara_x3_5f_c6_5f_negative1       | sub | fabric    | 0       |
|    phara_y0_5f_f4_5f_tree2_5f_0_fu_10374_p2                                   |     |        | phara_y0_5f_f4_5f_tree2_5f_0      | add | fabric    | 0       |
|    phara_y0_5f_f5_5f_tree0_5f_2_fu_4239_p2                                    |     |        | phara_y0_5f_f5_5f_tree0_5f_2      | add | fabric    | 0       |
|    phara_y0_5f_f5_5f_tree0_5f_0_fu_4249_p2                                    |     |        | phara_y0_5f_f5_5f_tree0_5f_0      | add | fabric    | 0       |
|    add_ln523_fu_4259_p2                                                       |     |        | add_ln523                         | add | fabric    | 0       |
|    phara_y0_5f_f5_5f_tree1_5f_0_fu_4265_p2                                    |     |        | phara_y0_5f_f5_5f_tree1_5f_0      | add | fabric    | 0       |
|    add_ln427_fu_4271_p2                                                       |     |        | add_ln427                         | add | fabric    | 0       |
|    add_ln527_1_fu_4303_p2                                                     |     |        | add_ln527_1                       | add | fabric    | 0       |
|    add_ln530_1_fu_4341_p2                                                     |     |        | add_ln530_1                       | add | fabric    | 0       |
|    sub_ln531_fu_4357_p2                                                       |     |        | sub_ln531                         | sub | fabric    | 0       |
|    phara_y0_5f_f8_5f_tree0_5f_2_fu_4367_p2                                    |     |        | phara_y0_5f_f8_5f_tree0_5f_2      | sub | fabric    | 0       |
|    phara_x2_5f_c12_5f_negative1_fu_4389_p2                                    |     |        | phara_x2_5f_c12_5f_negative1      | add | fabric    | 0       |
|    phara_y0_5f_f9_5f_tree0_5f_2_fu_4399_p2                                    |     |        | phara_y0_5f_f9_5f_tree0_5f_2      | add | fabric    | 0       |
|    phara_y0_5f_f9_5f_tree0_5f_0_fu_4409_p2                                    |     |        | phara_y0_5f_f9_5f_tree0_5f_0      | sub | fabric    | 0       |
|    add_ln537_fu_4419_p2                                                       |     |        | add_ln537                         | add | fabric    | 0       |
|    phara_x2_5f_c6_5f_negative1_fu_4441_p2                                     |     |        | phara_x2_5f_c6_5f_negative1       | sub | fabric    | 0       |
|    phara_y0_5f_f10_5f_tree0_5f_2_fu_4451_p2                                   |     |        | phara_y0_5f_f10_5f_tree0_5f_2     | add | fabric    | 0       |
|    add_ln543_fu_4469_p2                                                       |     |        | add_ln543                         | add | fabric    | 0       |
|    phara_y0_5f_f10_5f_tree2_5f_0_fu_10386_p2                                  |     |        | phara_y0_5f_f10_5f_tree2_5f_0     | add | fabric    | 0       |
|    phara_y0_5f_f11_5f_tree0_5f_2_fu_4475_p2                                   |     |        | phara_y0_5f_f11_5f_tree0_5f_2     | sub | fabric    | 0       |
|    add_ln547_fu_4507_p2                                                       |     |        | add_ln547                         | add | fabric    | 0       |
|    add_ln550_fu_4545_p2                                                       |     |        | add_ln550                         | add | fabric    | 0       |
|    phara_y1_5f_f0_5f_tree2_5f_0_fu_10395_p2                                   |     |        | phara_y1_5f_f0_5f_tree2_5f_0      | sub | fabric    | 0       |
|    sub_ln554_fu_4561_p2                                                       |     |        | sub_ln554                         | sub | fabric    | 0       |
|    phara_x4_5f_c_2d_5_5f_negative1_fu_4571_p2                                 |     |        | phara_x4_5f_c_2d_5_5f_negative1   | sub | fabric    | 0       |
|    phara_y1_5f_f1_5f_tree0_5f_0_fu_4581_p2                                    |     |        | phara_y1_5f_f1_5f_tree0_5f_0      | sub | fabric    | 0       |
|    phara_y1_5f_f2_5f_tree0_5f_2_fu_4603_p2                                    |     |        | phara_y1_5f_f2_5f_tree0_5f_2      | add | fabric    | 0       |
|    phara_y1_5f_f2_5f_tree1_5f_0_fu_10414_p2                                   |     |        | phara_y1_5f_f2_5f_tree1_5f_0      | sub | fabric    | 0       |
|    phara_x7_5f_c6_5f_negative1_fu_4621_p2                                     |     |        | phara_x7_5f_c6_5f_negative1       | add | fabric    | 0       |
|    add_ln463_fu_4631_p2                                                       |     |        | add_ln463                         | add | fabric    | 0       |
|    add_ln463_1_fu_4637_p2                                                     |     |        | add_ln463_1                       | add | fabric    | 0       |
|    mac_muladd_10s_4ns_13s_15_1_1_U42                                          | 1   |        | add_ln565                         | add | dsp_slice | 0       |
|    second_activation_5_fu_10438_p2                                            |     |        | second_activation_5               | add | fabric    | 0       |
|    phara_y1_5f_f3_5f_tree2_5f_0_fu_10442_p2                                   |     |        | phara_y1_5f_f3_5f_tree2_5f_0      | add | fabric    | 0       |
|    phara_x6_5f_c6_5f_negative1_fu_4659_p2                                     |     |        | phara_x6_5f_c6_5f_negative1       | sub | fabric    | 0       |
|    add_ln469_fu_4669_p2                                                       |     |        | add_ln469                         | add | fabric    | 0       |
|    phara_y1_5f_f4_5f_tree1_5f_0_fu_4695_p2                                    |     |        | phara_y1_5f_f4_5f_tree1_5f_0      | add | fabric    | 0       |
|    add_ln570_fu_4701_p2                                                       |     |        | add_ln570                         | add | fabric    | 0       |
|    second_activation_7_fu_10454_p2                                            |     |        | second_activation_7               | add | fabric    | 0       |
|    phara_y1_5f_f4_5f_tree2_5f_0_fu_10458_p2                                   |     |        | phara_y1_5f_f4_5f_tree2_5f_0      | add | fabric    | 0       |
|    phara_y1_5f_f5_5f_tree0_5f_2_fu_4707_p2                                    |     |        | phara_y1_5f_f5_5f_tree0_5f_2      | add | fabric    | 0       |
|    phara_y1_5f_f5_5f_tree0_5f_0_fu_4717_p2                                    |     |        | phara_y1_5f_f5_5f_tree0_5f_0      | add | fabric    | 0       |
|    add_ln573_fu_4727_p2                                                       |     |        | add_ln573                         | add | fabric    | 0       |
|    phara_y1_5f_f5_5f_tree1_5f_0_fu_4733_p2                                    |     |        | phara_y1_5f_f5_5f_tree1_5f_0      | add | fabric    | 0       |
|    add_ln477_fu_4739_p2                                                       |     |        | add_ln477                         | add | fabric    | 0       |
|    phara_x3_5f_c10_5f_positive1_fu_4749_p2                                    |     |        | phara_x3_5f_c10_5f_positive1      | add | fabric    | 0       |
|    add_ln576_fu_4759_p2                                                       |     |        | add_ln576                         | add | fabric    | 0       |
|    add_ln576_1_fu_4769_p2                                                     |     |        | add_ln576_1                       | add | fabric    | 0       |
|    phara_y1_5f_f6_5f_tree1_5f_0_fu_4775_p2                                    |     |        | phara_y1_5f_f6_5f_tree1_5f_0      | add | fabric    | 0       |
|    add_ln579_1_fu_4803_p2                                                     |     |        | add_ln579_1                       | add | fabric    | 0       |
|    sub_ln580_fu_4819_p2                                                       |     |        | sub_ln580                         | sub | fabric    | 0       |
|    phara_x5_5f_c12_5f_negative1_fu_4857_p2                                    |     |        | phara_x5_5f_c12_5f_negative1      | add | fabric    | 0       |
|    phara_y1_5f_f9_5f_tree0_5f_2_fu_4867_p2                                    |     |        | phara_y1_5f_f9_5f_tree0_5f_2      | add | fabric    | 0       |
|    phara_y1_5f_f9_5f_tree0_5f_0_fu_4877_p2                                    |     |        | phara_y1_5f_f9_5f_tree0_5f_0      | sub | fabric    | 0       |
|    add_ln586_fu_4887_p2                                                       |     |        | add_ln586                         | add | fabric    | 0       |
|    phara_x5_5f_c6_5f_negative1_fu_4909_p2                                     |     |        | phara_x5_5f_c6_5f_negative1       | add | fabric    | 0       |
|    phara_y1_5f_f10_5f_tree0_5f_2_fu_4919_p2                                   |     |        | phara_y1_5f_f10_5f_tree0_5f_2     | sub | fabric    | 0       |
|    phara_x4_5f_c12_5f_negative1_fu_4929_p2                                    |     |        | phara_x4_5f_c12_5f_negative1      | add | fabric    | 0       |
|    add_ln593_fu_4947_p2                                                       |     |        | add_ln593                         | add | fabric    | 0       |
|    phara_y1_5f_f10_5f_tree2_5f_0_fu_10470_p2                                  |     |        | phara_y1_5f_f10_5f_tree2_5f_0     | add | fabric    | 0       |
|    phara_y1_5f_f11_5f_tree0_5f_2_fu_4953_p2                                   |     |        | phara_y1_5f_f11_5f_tree0_5f_2     | sub | fabric    | 0       |
|    add_ln597_fu_4985_p2                                                       |     |        | add_ln597                         | add | fabric    | 0       |
|    add_ln697_fu_13236_p2                                                      |     |        | add_ln697                         | add | fabric    | 0       |
|    output_1_fu_13287_p2                                                       |     |        | output_1                          | add | fabric    | 0       |
|    add_ln697_2_fu_13331_p2                                                    |     |        | add_ln697_2                       | add | fabric    | 0       |
|    add_ln697_3_fu_13414_p2                                                    |     |        | add_ln697_3                       | add | fabric    | 0       |
|    add_ln697_4_fu_13497_p2                                                    |     |        | add_ln697_4                       | add | fabric    | 0       |
|    add_ln697_5_fu_10754_p2                                                    |     |        | add_ln697_5                       | add | fabric    | 0       |
|    add_ln697_6_fu_10814_p2                                                    |     |        | add_ln697_6                       | add | fabric    | 0       |
|    add_ln697_7_fu_10852_p2                                                    |     |        | add_ln697_7                       | add | fabric    | 0       |
|    add_ln697_8_fu_10890_p2                                                    |     |        | add_ln697_8                       | add | fabric    | 0       |
|    add_ln697_9_fu_13592_p2                                                    |     |        | add_ln697_9                       | add | fabric    | 0       |
|    add_ln697_10_fu_13675_p2                                                   |     |        | add_ln697_10                      | add | fabric    | 0       |
|    add_ln697_11_fu_11016_p2                                                   |     |        | add_ln697_11                      | add | fabric    | 0       |
|    mul_10s_5s_15_1_1_U35                                                      | 1   | yes    | mul_ln400_1                       | mul | dsp       | 0       |
|    mac_muladd_10s_4ns_13s_15_1_1_U43                                          | 1   | yes    | phara_x3_5f_c11_5f_dsp_1          | mul | dsp_slice | 0       |
|    phara_x2_5f_c7_5f_negative1_1_fu_5347_p2                                   |     |        | phara_x2_5f_c7_5f_negative1_1     | sub | fabric    | 0       |
|    phara_x4_5f_c7_5f_negative1_1_fu_5376_p2                                   |     |        | phara_x4_5f_c7_5f_negative1_1     | sub | fabric    | 0       |
|    phara_x2_5f_c_2d_3_5f_negative1_1_fu_5408_p2                               |     |        | phara_x2_5f_c_2d_3_5f_negative1_1 | sub | fabric    | 0       |
|    phara_x3_5f_c_2d_3_5f_negative1_1_fu_5414_p2                               |     |        | phara_x3_5f_c_2d_3_5f_negative1_1 | sub | fabric    | 0       |
|    phara_x3_5f_c5_5f_positive1_1_fu_5424_p2                                   |     |        | phara_x3_5f_c5_5f_positive1_1     | add | fabric    | 0       |
|    mul_10s_5s_15_1_1_U36                                                      | 1   | yes    | mul_ln456_1                       | mul | dsp       | 0       |
|    mac_muladd_10s_4ns_13s_15_1_1_U44                                          | 1   | yes    | phara_x6_5f_c11_5f_dsp_1          | mul | dsp_slice | 0       |
|    phara_x5_5f_c7_5f_negative1_1_fu_5604_p2                                   |     |        | phara_x5_5f_c7_5f_negative1_1     | sub | fabric    | 0       |
|    phara_x7_5f_c7_5f_negative1_1_fu_5625_p2                                   |     |        | phara_x7_5f_c7_5f_negative1_1     | sub | fabric    | 0       |
|    phara_x5_5f_c_2d_3_5f_negative1_1_fu_5650_p2                               |     |        | phara_x5_5f_c_2d_3_5f_negative1_1 | sub | fabric    | 0       |
|    phara_x6_5f_c_2d_3_5f_negative1_1_fu_5656_p2                               |     |        | phara_x6_5f_c_2d_3_5f_negative1_1 | sub | fabric    | 0       |
|    phara_cse0_1_fu_5699_p2                                                    |     |        | phara_cse0_1                      | sub | fabric    | 0       |
|    phara_cse1_1_fu_5713_p2                                                    |     |        | phara_cse1_1                      | add | fabric    | 0       |
|    phara_cse2_1_fu_5723_p2                                                    |     |        | phara_cse2_1                      | add | fabric    | 0       |
|    phara_cse3_1_fu_5729_p2                                                    |     |        | phara_cse3_1                      | add | fabric    | 0       |
|    phara_cse4_1_fu_5743_p2                                                    |     |        | phara_cse4_1                      | add | fabric    | 0       |
|    phara_x2_5f_c_2d_6_5f_negative1_1_fu_5757_p2                               |     |        | phara_x2_5f_c_2d_6_5f_negative1_1 | add | fabric    | 0       |
|    phara_y0_5f_f0_5f_tree0_5f_2_1_fu_5767_p2                                  |     |        | phara_y0_5f_f0_5f_tree0_5f_2_1    | add | fabric    | 0       |
|    phara_x0_5f_c5_5f_positive1_1_fu_5777_p2                                   |     |        | phara_x0_5f_c5_5f_positive1_1     | sub | fabric    | 0       |
|    add_ln500_2_fu_5793_p2                                                     |     |        | add_ln500_2                       | add | fabric    | 0       |
|    phara_y0_5f_f0_5f_tree2_5f_0_1_fu_11052_p2                                 |     |        | phara_y0_5f_f0_5f_tree2_5f_0_1    | sub | fabric    | 0       |
|    add_ln504_2_fu_5809_p2                                                     |     |        | add_ln504_2                       | add | fabric    | 0       |
|    add_ln503_5_fu_5819_p2                                                     |     |        | add_ln503_5                       | add | fabric    | 0       |
|    add_ln503_1_fu_5829_p2                                                     |     |        | add_ln503_1                       | add | fabric    | 0       |
|    phara_y0_5f_f2_5f_tree0_5f_2_1_fu_5867_p2                                  |     |        | phara_y0_5f_f2_5f_tree0_5f_2_1    | add | fabric    | 0       |
|    phara_y0_5f_f2_5f_tree1_5f_0_1_fu_11061_p2                                 |     |        | phara_y0_5f_f2_5f_tree1_5f_0_1    | sub | fabric    | 0       |
|    phara_x2_5f_c10_5f_positive1_1_fu_5885_p2                                  |     |        | phara_x2_5f_c10_5f_positive1_1    | add | fabric    | 0       |
|    phara_x0_5f_c_2d_3_5f_negative1_1_fu_5911_p2                               |     |        | phara_x0_5f_c_2d_3_5f_negative1_1 | add | fabric    | 0       |
|    add_ln515_2_fu_5921_p2                                                     |     |        | add_ln515_2                       | add | fabric    | 0       |
|    mac_muladd_10s_4ns_13s_15_1_1_U43                                          | 1   |        | add_ln516_3                       | add | dsp_slice | 0       |
|    first_activation_23_fu_11085_p2                                            |     |        | first_activation_23               | add | fabric    | 0       |
|    phara_y0_5f_f3_5f_tree2_5f_0_1_fu_11089_p2                                 |     |        | phara_y0_5f_f3_5f_tree2_5f_0_1    | add | fabric    | 0       |
|    phara_x3_5f_c6_5f_negative1_1_fu_5943_p2                                   |     |        | phara_x3_5f_c6_5f_negative1_1     | sub | fabric    | 0       |
|    phara_y0_5f_f4_5f_tree2_5f_0_1_fu_11098_p2                                 |     |        | phara_y0_5f_f4_5f_tree2_5f_0_1    | add | fabric    | 0       |
|    phara_y0_5f_f5_5f_tree0_5f_2_1_fu_5977_p2                                  |     |        | phara_y0_5f_f5_5f_tree0_5f_2_1    | add | fabric    | 0       |
|    phara_y0_5f_f5_5f_tree0_5f_0_1_fu_5987_p2                                  |     |        | phara_y0_5f_f5_5f_tree0_5f_0_1    | add | fabric    | 0       |
|    add_ln523_9_fu_11107_p2                                                    |     |        | add_ln523_9                       | add | fabric    | 0       |
|    phara_y0_5f_f5_5f_tree1_5f_0_1_fu_11111_p2                                 |     |        | phara_y0_5f_f5_5f_tree1_5f_0_1    | add | fabric    | 0       |
|    add_ln427_3_fu_5993_p2                                                     |     |        | add_ln427_3                       | add | fabric    | 0       |
|    add_ln527_4_fu_6025_p2                                                     |     |        | add_ln527_4                       | add | fabric    | 0       |
|    add_ln530_4_fu_6063_p2                                                     |     |        | add_ln530_4                       | add | fabric    | 0       |
|    sub_ln531_1_fu_6079_p2                                                     |     |        | sub_ln531_1                       | sub | fabric    | 0       |
|    phara_y0_5f_f8_5f_tree0_5f_2_1_fu_6089_p2                                  |     |        | phara_y0_5f_f8_5f_tree0_5f_2_1    | sub | fabric    | 0       |
|    phara_x2_5f_c12_5f_negative1_1_fu_6111_p2                                  |     |        | phara_x2_5f_c12_5f_negative1_1    | add | fabric    | 0       |
|    phara_y0_5f_f9_5f_tree0_5f_2_1_fu_6121_p2                                  |     |        | phara_y0_5f_f9_5f_tree0_5f_2_1    | add | fabric    | 0       |
|    phara_y0_5f_f9_5f_tree0_5f_0_1_fu_6131_p2                                  |     |        | phara_y0_5f_f9_5f_tree0_5f_0_1    | sub | fabric    | 0       |
|    add_ln537_3_fu_6141_p2                                                     |     |        | add_ln537_3                       | add | fabric    | 0       |
|    phara_x2_5f_c6_5f_negative1_1_fu_6163_p2                                   |     |        | phara_x2_5f_c6_5f_negative1_1     | sub | fabric    | 0       |
|    phara_y0_5f_f10_5f_tree0_5f_2_1_fu_6173_p2                                 |     |        | phara_y0_5f_f10_5f_tree0_5f_2_1   | add | fabric    | 0       |
|    add_ln543_2_fu_6191_p2                                                     |     |        | add_ln543_2                       | add | fabric    | 0       |
|    phara_y0_5f_f10_5f_tree2_5f_0_1_fu_11123_p2                                |     |        | phara_y0_5f_f10_5f_tree2_5f_0_1   | add | fabric    | 0       |
|    phara_y0_5f_f11_5f_tree0_5f_2_1_fu_6197_p2                                 |     |        | phara_y0_5f_f11_5f_tree0_5f_2_1   | sub | fabric    | 0       |
|    add_ln547_3_fu_6229_p2                                                     |     |        | add_ln547_3                       | add | fabric    | 0       |
|    add_ln550_2_fu_6267_p2                                                     |     |        | add_ln550_2                       | add | fabric    | 0       |
|    phara_y1_5f_f0_5f_tree2_5f_0_1_fu_11132_p2                                 |     |        | phara_y1_5f_f0_5f_tree2_5f_0_1    | sub | fabric    | 0       |
|    sub_ln554_1_fu_6283_p2                                                     |     |        | sub_ln554_1                       | sub | fabric    | 0       |
|    phara_x4_5f_c_2d_5_5f_negative1_1_fu_6293_p2                               |     |        | phara_x4_5f_c_2d_5_5f_negative1_1 | sub | fabric    | 0       |
|    phara_y1_5f_f1_5f_tree0_5f_0_1_fu_6303_p2                                  |     |        | phara_y1_5f_f1_5f_tree0_5f_0_1    | sub | fabric    | 0       |
|    phara_y1_5f_f2_5f_tree0_5f_2_1_fu_6325_p2                                  |     |        | phara_y1_5f_f2_5f_tree0_5f_2_1    | add | fabric    | 0       |
|    phara_y1_5f_f2_5f_tree1_5f_0_1_fu_11151_p2                                 |     |        | phara_y1_5f_f2_5f_tree1_5f_0_1    | sub | fabric    | 0       |
|    phara_x7_5f_c6_5f_negative1_1_fu_6343_p2                                   |     |        | phara_x7_5f_c6_5f_negative1_1     | add | fabric    | 0       |
|    add_ln463_3_fu_6353_p2                                                     |     |        | add_ln463_3                       | add | fabric    | 0       |
|    add_ln463_4_fu_6359_p2                                                     |     |        | add_ln463_4                       | add | fabric    | 0       |
|    mac_muladd_10s_4ns_13s_15_1_1_U44                                          | 1   |        | add_ln565_3                       | add | dsp_slice | 0       |
|    second_activation_23_fu_11175_p2                                           |     |        | second_activation_23              | add | fabric    | 0       |
|    phara_y1_5f_f3_5f_tree2_5f_0_1_fu_11179_p2                                 |     |        | phara_y1_5f_f3_5f_tree2_5f_0_1    | add | fabric    | 0       |
|    phara_x6_5f_c6_5f_negative1_1_fu_6381_p2                                   |     |        | phara_x6_5f_c6_5f_negative1_1     | sub | fabric    | 0       |
|    add_ln469_2_fu_6391_p2                                                     |     |        | add_ln469_2                       | add | fabric    | 0       |
|    phara_y1_5f_f4_5f_tree1_5f_0_1_fu_6417_p2                                  |     |        | phara_y1_5f_f4_5f_tree1_5f_0_1    | add | fabric    | 0       |
|    add_ln570_3_fu_6423_p2                                                     |     |        | add_ln570_3                       | add | fabric    | 0       |
|    second_activation_25_fu_11191_p2                                           |     |        | second_activation_25              | add | fabric    | 0       |
|    phara_y1_5f_f4_5f_tree2_5f_0_1_fu_11195_p2                                 |     |        | phara_y1_5f_f4_5f_tree2_5f_0_1    | add | fabric    | 0       |
|    phara_y1_5f_f5_5f_tree0_5f_2_1_fu_6429_p2                                  |     |        | phara_y1_5f_f5_5f_tree0_5f_2_1    | add | fabric    | 0       |
|    phara_y1_5f_f5_5f_tree0_5f_0_1_fu_6439_p2                                  |     |        | phara_y1_5f_f5_5f_tree0_5f_0_1    | add | fabric    | 0       |
|    add_ln573_2_fu_6449_p2                                                     |     |        | add_ln573_2                       | add | fabric    | 0       |
|    phara_y1_5f_f5_5f_tree1_5f_0_1_fu_6455_p2                                  |     |        | phara_y1_5f_f5_5f_tree1_5f_0_1    | add | fabric    | 0       |
|    add_ln477_2_fu_6461_p2                                                     |     |        | add_ln477_2                       | add | fabric    | 0       |
|    phara_x3_5f_c10_5f_positive1_1_fu_6471_p2                                  |     |        | phara_x3_5f_c10_5f_positive1_1    | add | fabric    | 0       |
|    add_ln576_3_fu_6477_p2                                                     |     |        | add_ln576_3                       | add | fabric    | 0       |
|    add_ln576_4_fu_11207_p2                                                    |     |        | add_ln576_4                       | add | fabric    | 0       |
|    phara_y1_5f_f6_5f_tree1_5f_0_1_fu_11211_p2                                 |     |        | phara_y1_5f_f6_5f_tree1_5f_0_1    | add | fabric    | 0       |
|    add_ln579_4_fu_6505_p2                                                     |     |        | add_ln579_4                       | add | fabric    | 0       |
|    sub_ln580_2_fu_6521_p2                                                     |     |        | sub_ln580_2                       | sub | fabric    | 0       |
|    phara_x5_5f_c12_5f_negative1_1_fu_6559_p2                                  |     |        | phara_x5_5f_c12_5f_negative1_1    | add | fabric    | 0       |
|    phara_y1_5f_f9_5f_tree0_5f_2_1_fu_6569_p2                                  |     |        | phara_y1_5f_f9_5f_tree0_5f_2_1    | add | fabric    | 0       |
|    phara_y1_5f_f9_5f_tree0_5f_0_1_fu_6579_p2                                  |     |        | phara_y1_5f_f9_5f_tree0_5f_0_1    | sub | fabric    | 0       |
|    add_ln586_2_fu_6589_p2                                                     |     |        | add_ln586_2                       | add | fabric    | 0       |
|    phara_x5_5f_c6_5f_negative1_1_fu_6611_p2                                   |     |        | phara_x5_5f_c6_5f_negative1_1     | add | fabric    | 0       |
|    phara_y1_5f_f10_5f_tree0_5f_2_1_fu_6621_p2                                 |     |        | phara_y1_5f_f10_5f_tree0_5f_2_1   | sub | fabric    | 0       |
|    phara_x4_5f_c12_5f_negative1_1_fu_6631_p2                                  |     |        | phara_x4_5f_c12_5f_negative1_1    | add | fabric    | 0       |
|    add_ln593_2_fu_6649_p2                                                     |     |        | add_ln593_2                       | add | fabric    | 0       |
|    phara_y1_5f_f10_5f_tree2_5f_0_1_fu_11223_p2                                |     |        | phara_y1_5f_f10_5f_tree2_5f_0_1   | add | fabric    | 0       |
|    phara_y1_5f_f11_5f_tree0_5f_2_1_fu_6655_p2                                 |     |        | phara_y1_5f_f11_5f_tree0_5f_2_1   | sub | fabric    | 0       |
|    add_ln597_3_fu_6687_p2                                                     |     |        | add_ln597_3                       | add | fabric    | 0       |
|    add_ln697_12_fu_13761_p2                                                   |     |        | add_ln697_12                      | add | fabric    | 0       |
|    add_ln697_13_fu_13812_p2                                                   |     |        | add_ln697_13                      | add | fabric    | 0       |
|    add_ln697_14_fu_13856_p2                                                   |     |        | add_ln697_14                      | add | fabric    | 0       |
|    add_ln697_15_fu_13939_p2                                                   |     |        | add_ln697_15                      | add | fabric    | 0       |
|    add_ln697_16_fu_14022_p2                                                   |     |        | add_ln697_16                      | add | fabric    | 0       |
|    add_ln697_17_fu_14073_p2                                                   |     |        | add_ln697_17                      | add | fabric    | 0       |
|    add_ln697_18_fu_14085_p2                                                   |     |        | add_ln697_18                      | add | fabric    | 0       |
|    add_ln697_19_fu_11589_p2                                                   |     |        | add_ln697_19                      | add | fabric    | 0       |
|    add_ln697_20_fu_11627_p2                                                   |     |        | add_ln697_20                      | add | fabric    | 0       |
|    add_ln697_21_fu_14135_p2                                                   |     |        | add_ln697_21                      | add | fabric    | 0       |
|    add_ln697_22_fu_14218_p2                                                   |     |        | add_ln697_22                      | add | fabric    | 0       |
|    add_ln697_23_fu_11753_p2                                                   |     |        | add_ln697_23                      | add | fabric    | 0       |
|    mul_10s_5s_15_1_1_U37                                                      | 1   | yes    | mul_ln400_2                       | mul | dsp       | 0       |
|    mac_muladd_10s_4ns_13s_15_1_1_U45                                          | 1   | yes    | phara_x3_5f_c11_5f_dsp_2          | mul | dsp_slice | 0       |
|    phara_x2_5f_c7_5f_negative1_2_fu_7049_p2                                   |     |        | phara_x2_5f_c7_5f_negative1_2     | sub | fabric    | 0       |
|    phara_x4_5f_c7_5f_negative1_2_fu_7078_p2                                   |     |        | phara_x4_5f_c7_5f_negative1_2     | sub | fabric    | 0       |
|    phara_x2_5f_c_2d_3_5f_negative1_2_fu_7114_p2                               |     |        | phara_x2_5f_c_2d_3_5f_negative1_2 | sub | fabric    | 0       |
|    phara_x3_5f_c_2d_3_5f_negative1_2_fu_7120_p2                               |     |        | phara_x3_5f_c_2d_3_5f_negative1_2 | sub | fabric    | 0       |
|    phara_x3_5f_c5_5f_positive1_2_fu_7130_p2                                   |     |        | phara_x3_5f_c5_5f_positive1_2     | add | fabric    | 0       |
|    mul_10s_5s_15_1_1_U38                                                      | 1   | yes    | mul_ln456_2                       | mul | dsp       | 0       |
|    mac_muladd_10s_4ns_13s_15_1_1_U46                                          | 1   | yes    | phara_x6_5f_c11_5f_dsp_2          | mul | dsp_slice | 0       |
|    phara_x5_5f_c7_5f_negative1_2_fu_7310_p2                                   |     |        | phara_x5_5f_c7_5f_negative1_2     | sub | fabric    | 0       |
|    phara_x7_5f_c7_5f_negative1_2_fu_7331_p2                                   |     |        | phara_x7_5f_c7_5f_negative1_2     | sub | fabric    | 0       |
|    phara_x5_5f_c_2d_3_5f_negative1_2_fu_7356_p2                               |     |        | phara_x5_5f_c_2d_3_5f_negative1_2 | sub | fabric    | 0       |
|    phara_x6_5f_c_2d_3_5f_negative1_2_fu_7362_p2                               |     |        | phara_x6_5f_c_2d_3_5f_negative1_2 | sub | fabric    | 0       |
|    phara_cse0_2_fu_7405_p2                                                    |     |        | phara_cse0_2                      | sub | fabric    | 0       |
|    phara_cse1_2_fu_7419_p2                                                    |     |        | phara_cse1_2                      | add | fabric    | 0       |
|    phara_cse2_2_fu_7429_p2                                                    |     |        | phara_cse2_2                      | add | fabric    | 0       |
|    phara_cse3_2_fu_7435_p2                                                    |     |        | phara_cse3_2                      | add | fabric    | 0       |
|    phara_cse4_2_fu_7449_p2                                                    |     |        | phara_cse4_2                      | add | fabric    | 0       |
|    phara_x2_5f_c_2d_6_5f_negative1_2_fu_7463_p2                               |     |        | phara_x2_5f_c_2d_6_5f_negative1_2 | add | fabric    | 0       |
|    phara_y0_5f_f0_5f_tree0_5f_2_2_fu_7473_p2                                  |     |        | phara_y0_5f_f0_5f_tree0_5f_2_2    | add | fabric    | 0       |
|    phara_x0_5f_c5_5f_positive1_2_fu_7483_p2                                   |     |        | phara_x0_5f_c5_5f_positive1_2     | sub | fabric    | 0       |
|    add_ln500_4_fu_7499_p2                                                     |     |        | add_ln500_4                       | add | fabric    | 0       |
|    phara_y0_5f_f0_5f_tree2_5f_0_2_fu_11786_p2                                 |     |        | phara_y0_5f_f0_5f_tree2_5f_0_2    | sub | fabric    | 0       |
|    add_ln504_3_fu_7515_p2                                                     |     |        | add_ln504_3                       | add | fabric    | 0       |
|    add_ln503_6_fu_7525_p2                                                     |     |        | add_ln503_6                       | add | fabric    | 0       |
|    add_ln503_2_fu_7535_p2                                                     |     |        | add_ln503_2                       | add | fabric    | 0       |
|    phara_y0_5f_f2_5f_tree0_5f_2_2_fu_7573_p2                                  |     |        | phara_y0_5f_f2_5f_tree0_5f_2_2    | add | fabric    | 0       |
|    phara_y0_5f_f2_5f_tree1_5f_0_2_fu_11795_p2                                 |     |        | phara_y0_5f_f2_5f_tree1_5f_0_2    | sub | fabric    | 0       |
|    phara_x2_5f_c10_5f_positive1_2_fu_7591_p2                                  |     |        | phara_x2_5f_c10_5f_positive1_2    | add | fabric    | 0       |
|    phara_x0_5f_c_2d_3_5f_negative1_2_fu_7617_p2                               |     |        | phara_x0_5f_c_2d_3_5f_negative1_2 | add | fabric    | 0       |
|    add_ln515_4_fu_7627_p2                                                     |     |        | add_ln515_4                       | add | fabric    | 0       |
|    mac_muladd_10s_4ns_13s_15_1_1_U45                                          | 1   |        | add_ln516_6                       | add | dsp_slice | 0       |
|    first_activation_41_fu_11819_p2                                            |     |        | first_activation_41               | add | fabric    | 0       |
|    phara_y0_5f_f3_5f_tree2_5f_0_2_fu_11823_p2                                 |     |        | phara_y0_5f_f3_5f_tree2_5f_0_2    | add | fabric    | 0       |
|    phara_x3_5f_c6_5f_negative1_2_fu_7649_p2                                   |     |        | phara_x3_5f_c6_5f_negative1_2     | sub | fabric    | 0       |
|    phara_y0_5f_f4_5f_tree2_5f_0_2_fu_11832_p2                                 |     |        | phara_y0_5f_f4_5f_tree2_5f_0_2    | add | fabric    | 0       |
|    phara_y0_5f_f5_5f_tree0_5f_2_2_fu_7683_p2                                  |     |        | phara_y0_5f_f5_5f_tree0_5f_2_2    | add | fabric    | 0       |
|    phara_y0_5f_f5_5f_tree0_5f_0_2_fu_7693_p2                                  |     |        | phara_y0_5f_f5_5f_tree0_5f_0_2    | add | fabric    | 0       |
|    add_ln523_11_fu_7703_p2                                                    |     |        | add_ln523_11                      | add | fabric    | 0       |
|    phara_y0_5f_f5_5f_tree1_5f_0_2_fu_7709_p2                                  |     |        | phara_y0_5f_f5_5f_tree1_5f_0_2    | add | fabric    | 0       |
|    add_ln427_5_fu_7715_p2                                                     |     |        | add_ln427_5                       | add | fabric    | 0       |
|    add_ln527_7_fu_7747_p2                                                     |     |        | add_ln527_7                       | add | fabric    | 0       |
|    add_ln530_7_fu_7785_p2                                                     |     |        | add_ln530_7                       | add | fabric    | 0       |
|    sub_ln531_2_fu_7801_p2                                                     |     |        | sub_ln531_2                       | sub | fabric    | 0       |
|    phara_y0_5f_f8_5f_tree0_5f_2_2_fu_7811_p2                                  |     |        | phara_y0_5f_f8_5f_tree0_5f_2_2    | sub | fabric    | 0       |
|    phara_x2_5f_c12_5f_negative1_2_fu_7833_p2                                  |     |        | phara_x2_5f_c12_5f_negative1_2    | add | fabric    | 0       |
|    phara_y0_5f_f9_5f_tree0_5f_2_2_fu_7843_p2                                  |     |        | phara_y0_5f_f9_5f_tree0_5f_2_2    | add | fabric    | 0       |
|    phara_y0_5f_f9_5f_tree0_5f_0_2_fu_7853_p2                                  |     |        | phara_y0_5f_f9_5f_tree0_5f_0_2    | sub | fabric    | 0       |
|    add_ln537_5_fu_7863_p2                                                     |     |        | add_ln537_5                       | add | fabric    | 0       |
|    phara_x2_5f_c6_5f_negative1_2_fu_7885_p2                                   |     |        | phara_x2_5f_c6_5f_negative1_2     | sub | fabric    | 0       |
|    phara_y0_5f_f10_5f_tree0_5f_2_2_fu_7895_p2                                 |     |        | phara_y0_5f_f10_5f_tree0_5f_2_2   | add | fabric    | 0       |
|    add_ln543_4_fu_7913_p2                                                     |     |        | add_ln543_4                       | add | fabric    | 0       |
|    phara_y0_5f_f10_5f_tree2_5f_0_2_fu_11844_p2                                |     |        | phara_y0_5f_f10_5f_tree2_5f_0_2   | add | fabric    | 0       |
|    phara_y0_5f_f11_5f_tree0_5f_2_2_fu_7919_p2                                 |     |        | phara_y0_5f_f11_5f_tree0_5f_2_2   | sub | fabric    | 0       |
|    add_ln547_5_fu_7951_p2                                                     |     |        | add_ln547_5                       | add | fabric    | 0       |
|    add_ln550_4_fu_7989_p2                                                     |     |        | add_ln550_4                       | add | fabric    | 0       |
|    phara_y1_5f_f0_5f_tree2_5f_0_2_fu_11853_p2                                 |     |        | phara_y1_5f_f0_5f_tree2_5f_0_2    | sub | fabric    | 0       |
|    sub_ln554_2_fu_8005_p2                                                     |     |        | sub_ln554_2                       | sub | fabric    | 0       |
|    phara_x4_5f_c_2d_5_5f_negative1_2_fu_8015_p2                               |     |        | phara_x4_5f_c_2d_5_5f_negative1_2 | sub | fabric    | 0       |
|    phara_y1_5f_f1_5f_tree0_5f_0_2_fu_8025_p2                                  |     |        | phara_y1_5f_f1_5f_tree0_5f_0_2    | sub | fabric    | 0       |
|    phara_y1_5f_f2_5f_tree0_5f_2_2_fu_8047_p2                                  |     |        | phara_y1_5f_f2_5f_tree0_5f_2_2    | add | fabric    | 0       |
|    phara_y1_5f_f2_5f_tree1_5f_0_2_fu_11872_p2                                 |     |        | phara_y1_5f_f2_5f_tree1_5f_0_2    | sub | fabric    | 0       |
|    phara_x7_5f_c6_5f_negative1_2_fu_8065_p2                                   |     |        | phara_x7_5f_c6_5f_negative1_2     | add | fabric    | 0       |
|    add_ln463_6_fu_8075_p2                                                     |     |        | add_ln463_6                       | add | fabric    | 0       |
|    add_ln463_7_fu_8081_p2                                                     |     |        | add_ln463_7                       | add | fabric    | 0       |
|    mac_muladd_10s_4ns_13s_15_1_1_U46                                          | 1   |        | add_ln565_6                       | add | dsp_slice | 0       |
|    second_activation_41_fu_11896_p2                                           |     |        | second_activation_41              | add | fabric    | 0       |
|    phara_y1_5f_f3_5f_tree2_5f_0_2_fu_11900_p2                                 |     |        | phara_y1_5f_f3_5f_tree2_5f_0_2    | add | fabric    | 0       |
|    phara_x6_5f_c6_5f_negative1_2_fu_8103_p2                                   |     |        | phara_x6_5f_c6_5f_negative1_2     | sub | fabric    | 0       |
|    add_ln469_4_fu_8113_p2                                                     |     |        | add_ln469_4                       | add | fabric    | 0       |
|    phara_y1_5f_f4_5f_tree1_5f_0_2_fu_8139_p2                                  |     |        | phara_y1_5f_f4_5f_tree1_5f_0_2    | add | fabric    | 0       |
|    add_ln570_6_fu_8145_p2                                                     |     |        | add_ln570_6                       | add | fabric    | 0       |
|    second_activation_43_fu_11912_p2                                           |     |        | second_activation_43              | add | fabric    | 0       |
|    phara_y1_5f_f4_5f_tree2_5f_0_2_fu_11916_p2                                 |     |        | phara_y1_5f_f4_5f_tree2_5f_0_2    | add | fabric    | 0       |
|    phara_y1_5f_f5_5f_tree0_5f_2_2_fu_8151_p2                                  |     |        | phara_y1_5f_f5_5f_tree0_5f_2_2    | add | fabric    | 0       |
|    phara_y1_5f_f5_5f_tree0_5f_0_2_fu_8161_p2                                  |     |        | phara_y1_5f_f5_5f_tree0_5f_0_2    | add | fabric    | 0       |
|    add_ln573_4_fu_8171_p2                                                     |     |        | add_ln573_4                       | add | fabric    | 0       |
|    phara_y1_5f_f5_5f_tree1_5f_0_2_fu_8177_p2                                  |     |        | phara_y1_5f_f5_5f_tree1_5f_0_2    | add | fabric    | 0       |
|    add_ln477_4_fu_8183_p2                                                     |     |        | add_ln477_4                       | add | fabric    | 0       |
|    phara_x3_5f_c10_5f_positive1_2_fu_8193_p2                                  |     |        | phara_x3_5f_c10_5f_positive1_2    | add | fabric    | 0       |
|    add_ln576_6_fu_8203_p2                                                     |     |        | add_ln576_6                       | add | fabric    | 0       |
|    add_ln576_7_fu_8213_p2                                                     |     |        | add_ln576_7                       | add | fabric    | 0       |
|    phara_y1_5f_f6_5f_tree1_5f_0_2_fu_8219_p2                                  |     |        | phara_y1_5f_f6_5f_tree1_5f_0_2    | add | fabric    | 0       |
|    add_ln579_7_fu_8247_p2                                                     |     |        | add_ln579_7                       | add | fabric    | 0       |
|    sub_ln580_3_fu_8263_p2                                                     |     |        | sub_ln580_3                       | sub | fabric    | 0       |
|    phara_x5_5f_c12_5f_negative1_2_fu_8301_p2                                  |     |        | phara_x5_5f_c12_5f_negative1_2    | add | fabric    | 0       |
|    phara_y1_5f_f9_5f_tree0_5f_2_2_fu_8311_p2                                  |     |        | phara_y1_5f_f9_5f_tree0_5f_2_2    | add | fabric    | 0       |
|    phara_y1_5f_f9_5f_tree0_5f_0_2_fu_8321_p2                                  |     |        | phara_y1_5f_f9_5f_tree0_5f_0_2    | sub | fabric    | 0       |
|    add_ln586_4_fu_8331_p2                                                     |     |        | add_ln586_4                       | add | fabric    | 0       |
|    phara_x5_5f_c6_5f_negative1_2_fu_8353_p2                                   |     |        | phara_x5_5f_c6_5f_negative1_2     | add | fabric    | 0       |
|    phara_y1_5f_f10_5f_tree0_5f_2_2_fu_8363_p2                                 |     |        | phara_y1_5f_f10_5f_tree0_5f_2_2   | sub | fabric    | 0       |
|    phara_x4_5f_c12_5f_negative1_2_fu_8373_p2                                  |     |        | phara_x4_5f_c12_5f_negative1_2    | add | fabric    | 0       |
|    add_ln593_4_fu_8391_p2                                                     |     |        | add_ln593_4                       | add | fabric    | 0       |
|    phara_y1_5f_f10_5f_tree2_5f_0_2_fu_11928_p2                                |     |        | phara_y1_5f_f10_5f_tree2_5f_0_2   | add | fabric    | 0       |
|    phara_y1_5f_f11_5f_tree0_5f_2_2_fu_8397_p2                                 |     |        | phara_y1_5f_f11_5f_tree0_5f_2_2   | sub | fabric    | 0       |
|    add_ln597_5_fu_8429_p2                                                     |     |        | add_ln597_5                       | add | fabric    | 0       |
|    add_ln697_24_fu_14304_p2                                                   |     |        | add_ln697_24                      | add | fabric    | 0       |
|    add_ln697_25_fu_14355_p2                                                   |     |        | add_ln697_25                      | add | fabric    | 0       |
|    add_ln697_26_fu_14399_p2                                                   |     |        | add_ln697_26                      | add | fabric    | 0       |
|    add_ln697_27_fu_14482_p2                                                   |     |        | add_ln697_27                      | add | fabric    | 0       |
|    add_ln697_28_fu_14565_p2                                                   |     |        | add_ln697_28                      | add | fabric    | 0       |
|    add_ln697_29_fu_12212_p2                                                   |     |        | add_ln697_29                      | add | fabric    | 0       |
|    add_ln697_30_fu_12272_p2                                                   |     |        | add_ln697_30                      | add | fabric    | 0       |
|    add_ln697_31_fu_12310_p2                                                   |     |        | add_ln697_31                      | add | fabric    | 0       |
|    add_ln697_32_fu_12348_p2                                                   |     |        | add_ln697_32                      | add | fabric    | 0       |
|    add_ln697_33_fu_14660_p2                                                   |     |        | add_ln697_33                      | add | fabric    | 0       |
|    add_ln697_34_fu_14743_p2                                                   |     |        | add_ln697_34                      | add | fabric    | 0       |
|    add_ln697_35_fu_12474_p2                                                   |     |        | add_ln697_35                      | add | fabric    | 0       |
|    mul_10s_5s_15_1_1_U39                                                      | 1   | yes    | mul_ln400_3                       | mul | dsp       | 0       |
|    mac_muladd_10s_4ns_13s_15_1_1_U47                                          | 1   | yes    | phara_x3_5f_c11_5f_dsp_3          | mul | dsp_slice | 0       |
|    phara_x2_5f_c7_5f_negative1_3_fu_8791_p2                                   |     |        | phara_x2_5f_c7_5f_negative1_3     | sub | fabric    | 0       |
|    phara_x4_5f_c7_5f_negative1_3_fu_8820_p2                                   |     |        | phara_x4_5f_c7_5f_negative1_3     | sub | fabric    | 0       |
|    phara_x2_5f_c_2d_3_5f_negative1_3_fu_8856_p2                               |     |        | phara_x2_5f_c_2d_3_5f_negative1_3 | sub | fabric    | 0       |
|    phara_x3_5f_c_2d_3_5f_negative1_3_fu_8862_p2                               |     |        | phara_x3_5f_c_2d_3_5f_negative1_3 | sub | fabric    | 0       |
|    phara_x3_5f_c5_5f_positive1_3_fu_8872_p2                                   |     |        | phara_x3_5f_c5_5f_positive1_3     | add | fabric    | 0       |
|    mul_10s_5s_15_1_1_U40                                                      | 1   | yes    | mul_ln456_3                       | mul | dsp       | 0       |
|    mac_muladd_10s_4ns_13s_15_1_1_U48                                          | 1   | yes    | phara_x6_5f_c11_5f_dsp_3          | mul | dsp_slice | 0       |
|    phara_x5_5f_c7_5f_negative1_3_fu_9052_p2                                   |     |        | phara_x5_5f_c7_5f_negative1_3     | sub | fabric    | 0       |
|    phara_x7_5f_c7_5f_negative1_3_fu_9073_p2                                   |     |        | phara_x7_5f_c7_5f_negative1_3     | sub | fabric    | 0       |
|    phara_x5_5f_c_2d_3_5f_negative1_3_fu_9098_p2                               |     |        | phara_x5_5f_c_2d_3_5f_negative1_3 | sub | fabric    | 0       |
|    phara_x6_5f_c_2d_3_5f_negative1_3_fu_9104_p2                               |     |        | phara_x6_5f_c_2d_3_5f_negative1_3 | sub | fabric    | 0       |
|    phara_cse0_3_fu_9147_p2                                                    |     |        | phara_cse0_3                      | sub | fabric    | 0       |
|    phara_cse1_3_fu_9161_p2                                                    |     |        | phara_cse1_3                      | add | fabric    | 0       |
|    phara_cse2_3_fu_9171_p2                                                    |     |        | phara_cse2_3                      | add | fabric    | 0       |
|    phara_cse3_3_fu_9177_p2                                                    |     |        | phara_cse3_3                      | add | fabric    | 0       |
|    phara_cse4_3_fu_9191_p2                                                    |     |        | phara_cse4_3                      | add | fabric    | 0       |
|    phara_x2_5f_c_2d_6_5f_negative1_3_fu_9205_p2                               |     |        | phara_x2_5f_c_2d_6_5f_negative1_3 | add | fabric    | 0       |
|    phara_y0_5f_f0_5f_tree0_5f_2_3_fu_9215_p2                                  |     |        | phara_y0_5f_f0_5f_tree0_5f_2_3    | add | fabric    | 0       |
|    phara_x0_5f_c5_5f_positive1_3_fu_9225_p2                                   |     |        | phara_x0_5f_c5_5f_positive1_3     | sub | fabric    | 0       |
|    add_ln500_6_fu_9241_p2                                                     |     |        | add_ln500_6                       | add | fabric    | 0       |
|    phara_y0_5f_f0_5f_tree2_5f_0_3_fu_12507_p2                                 |     |        | phara_y0_5f_f0_5f_tree2_5f_0_3    | sub | fabric    | 0       |
|    add_ln504_4_fu_9257_p2                                                     |     |        | add_ln504_4                       | add | fabric    | 0       |
|    add_ln503_7_fu_9267_p2                                                     |     |        | add_ln503_7                       | add | fabric    | 0       |
|    add_ln503_3_fu_9277_p2                                                     |     |        | add_ln503_3                       | add | fabric    | 0       |
|    phara_y0_5f_f2_5f_tree0_5f_2_3_fu_9315_p2                                  |     |        | phara_y0_5f_f2_5f_tree0_5f_2_3    | add | fabric    | 0       |
|    phara_y0_5f_f2_5f_tree1_5f_0_3_fu_12516_p2                                 |     |        | phara_y0_5f_f2_5f_tree1_5f_0_3    | sub | fabric    | 0       |
|    phara_x2_5f_c10_5f_positive1_3_fu_9333_p2                                  |     |        | phara_x2_5f_c10_5f_positive1_3    | add | fabric    | 0       |
|    phara_x0_5f_c_2d_3_5f_negative1_3_fu_9359_p2                               |     |        | phara_x0_5f_c_2d_3_5f_negative1_3 | add | fabric    | 0       |
|    add_ln515_6_fu_9369_p2                                                     |     |        | add_ln515_6                       | add | fabric    | 0       |
|    mac_muladd_10s_4ns_13s_15_1_1_U47                                          | 1   |        | add_ln516_9                       | add | dsp_slice | 0       |
|    first_activation_59_fu_12540_p2                                            |     |        | first_activation_59               | add | fabric    | 0       |
|    phara_y0_5f_f3_5f_tree2_5f_0_3_fu_12544_p2                                 |     |        | phara_y0_5f_f3_5f_tree2_5f_0_3    | add | fabric    | 0       |
|    phara_x3_5f_c6_5f_negative1_3_fu_9391_p2                                   |     |        | phara_x3_5f_c6_5f_negative1_3     | sub | fabric    | 0       |
|    phara_y0_5f_f4_5f_tree2_5f_0_3_fu_12553_p2                                 |     |        | phara_y0_5f_f4_5f_tree2_5f_0_3    | add | fabric    | 0       |
|    phara_y0_5f_f5_5f_tree0_5f_2_3_fu_9425_p2                                  |     |        | phara_y0_5f_f5_5f_tree0_5f_2_3    | add | fabric    | 0       |
|    phara_y0_5f_f5_5f_tree0_5f_0_3_fu_9435_p2                                  |     |        | phara_y0_5f_f5_5f_tree0_5f_0_3    | add | fabric    | 0       |
|    add_ln523_13_fu_9445_p2                                                    |     |        | add_ln523_13                      | add | fabric    | 0       |
|    phara_y0_5f_f5_5f_tree1_5f_0_3_fu_9451_p2                                  |     |        | phara_y0_5f_f5_5f_tree1_5f_0_3    | add | fabric    | 0       |
|    add_ln427_7_fu_9457_p2                                                     |     |        | add_ln427_7                       | add | fabric    | 0       |
|    add_ln527_10_fu_9489_p2                                                    |     |        | add_ln527_10                      | add | fabric    | 0       |
|    add_ln530_10_fu_9527_p2                                                    |     |        | add_ln530_10                      | add | fabric    | 0       |
|    sub_ln531_3_fu_9543_p2                                                     |     |        | sub_ln531_3                       | sub | fabric    | 0       |
|    phara_y0_5f_f8_5f_tree0_5f_2_3_fu_9553_p2                                  |     |        | phara_y0_5f_f8_5f_tree0_5f_2_3    | sub | fabric    | 0       |
|    phara_x2_5f_c12_5f_negative1_3_fu_9575_p2                                  |     |        | phara_x2_5f_c12_5f_negative1_3    | add | fabric    | 0       |
|    phara_y0_5f_f9_5f_tree0_5f_2_3_fu_9585_p2                                  |     |        | phara_y0_5f_f9_5f_tree0_5f_2_3    | add | fabric    | 0       |
|    phara_y0_5f_f9_5f_tree0_5f_0_3_fu_9595_p2                                  |     |        | phara_y0_5f_f9_5f_tree0_5f_0_3    | sub | fabric    | 0       |
|    add_ln537_7_fu_9605_p2                                                     |     |        | add_ln537_7                       | add | fabric    | 0       |
|    phara_x2_5f_c6_5f_negative1_3_fu_9627_p2                                   |     |        | phara_x2_5f_c6_5f_negative1_3     | sub | fabric    | 0       |
|    phara_y0_5f_f10_5f_tree0_5f_2_3_fu_9637_p2                                 |     |        | phara_y0_5f_f10_5f_tree0_5f_2_3   | add | fabric    | 0       |
|    add_ln543_6_fu_9655_p2                                                     |     |        | add_ln543_6                       | add | fabric    | 0       |
|    phara_y0_5f_f10_5f_tree2_5f_0_3_fu_12565_p2                                |     |        | phara_y0_5f_f10_5f_tree2_5f_0_3   | add | fabric    | 0       |
|    phara_y0_5f_f11_5f_tree0_5f_2_3_fu_9661_p2                                 |     |        | phara_y0_5f_f11_5f_tree0_5f_2_3   | sub | fabric    | 0       |
|    add_ln547_7_fu_9693_p2                                                     |     |        | add_ln547_7                       | add | fabric    | 0       |
|    add_ln550_6_fu_9731_p2                                                     |     |        | add_ln550_6                       | add | fabric    | 0       |
|    phara_y1_5f_f0_5f_tree2_5f_0_3_fu_12574_p2                                 |     |        | phara_y1_5f_f0_5f_tree2_5f_0_3    | sub | fabric    | 0       |
|    sub_ln554_3_fu_9747_p2                                                     |     |        | sub_ln554_3                       | sub | fabric    | 0       |
|    phara_x4_5f_c_2d_5_5f_negative1_3_fu_9757_p2                               |     |        | phara_x4_5f_c_2d_5_5f_negative1_3 | sub | fabric    | 0       |
|    phara_y1_5f_f1_5f_tree0_5f_0_3_fu_9767_p2                                  |     |        | phara_y1_5f_f1_5f_tree0_5f_0_3    | sub | fabric    | 0       |
|    phara_y1_5f_f2_5f_tree0_5f_2_3_fu_9789_p2                                  |     |        | phara_y1_5f_f2_5f_tree0_5f_2_3    | add | fabric    | 0       |
|    phara_y1_5f_f2_5f_tree1_5f_0_3_fu_12593_p2                                 |     |        | phara_y1_5f_f2_5f_tree1_5f_0_3    | sub | fabric    | 0       |
|    phara_x7_5f_c6_5f_negative1_3_fu_9807_p2                                   |     |        | phara_x7_5f_c6_5f_negative1_3     | add | fabric    | 0       |
|    add_ln463_9_fu_9817_p2                                                     |     |        | add_ln463_9                       | add | fabric    | 0       |
|    add_ln463_10_fu_9823_p2                                                    |     |        | add_ln463_10                      | add | fabric    | 0       |
|    mac_muladd_10s_4ns_13s_15_1_1_U48                                          | 1   |        | add_ln565_9                       | add | dsp_slice | 0       |
|    second_activation_59_fu_12617_p2                                           |     |        | second_activation_59              | add | fabric    | 0       |
|    phara_y1_5f_f3_5f_tree2_5f_0_3_fu_12621_p2                                 |     |        | phara_y1_5f_f3_5f_tree2_5f_0_3    | add | fabric    | 0       |
|    phara_x6_5f_c6_5f_negative1_3_fu_9845_p2                                   |     |        | phara_x6_5f_c6_5f_negative1_3     | sub | fabric    | 0       |
|    add_ln469_6_fu_9855_p2                                                     |     |        | add_ln469_6                       | add | fabric    | 0       |
|    phara_y1_5f_f4_5f_tree1_5f_0_3_fu_9881_p2                                  |     |        | phara_y1_5f_f4_5f_tree1_5f_0_3    | add | fabric    | 0       |
|    add_ln570_9_fu_9887_p2                                                     |     |        | add_ln570_9                       | add | fabric    | 0       |
|    second_activation_61_fu_12633_p2                                           |     |        | second_activation_61              | add | fabric    | 0       |
|    phara_y1_5f_f4_5f_tree2_5f_0_3_fu_12637_p2                                 |     |        | phara_y1_5f_f4_5f_tree2_5f_0_3    | add | fabric    | 0       |
|    phara_y1_5f_f5_5f_tree0_5f_2_3_fu_9893_p2                                  |     |        | phara_y1_5f_f5_5f_tree0_5f_2_3    | add | fabric    | 0       |
|    phara_y1_5f_f5_5f_tree0_5f_0_3_fu_9903_p2                                  |     |        | phara_y1_5f_f5_5f_tree0_5f_0_3    | add | fabric    | 0       |
|    add_ln573_6_fu_9913_p2                                                     |     |        | add_ln573_6                       | add | fabric    | 0       |
|    phara_y1_5f_f5_5f_tree1_5f_0_3_fu_9919_p2                                  |     |        | phara_y1_5f_f5_5f_tree1_5f_0_3    | add | fabric    | 0       |
|    add_ln477_6_fu_9925_p2                                                     |     |        | add_ln477_6                       | add | fabric    | 0       |
|    phara_x3_5f_c10_5f_positive1_3_fu_9935_p2                                  |     |        | phara_x3_5f_c10_5f_positive1_3    | add | fabric    | 0       |
|    add_ln576_9_fu_9945_p2                                                     |     |        | add_ln576_9                       | add | fabric    | 0       |
|    add_ln576_10_fu_9955_p2                                                    |     |        | add_ln576_10                      | add | fabric    | 0       |
|    phara_y1_5f_f6_5f_tree1_5f_0_3_fu_9961_p2                                  |     |        | phara_y1_5f_f6_5f_tree1_5f_0_3    | add | fabric    | 0       |
|    add_ln579_10_fu_9989_p2                                                    |     |        | add_ln579_10                      | add | fabric    | 0       |
|    sub_ln580_4_fu_10005_p2                                                    |     |        | sub_ln580_4                       | sub | fabric    | 0       |
|    phara_x5_5f_c12_5f_negative1_3_fu_10043_p2                                 |     |        | phara_x5_5f_c12_5f_negative1_3    | add | fabric    | 0       |
|    phara_y1_5f_f9_5f_tree0_5f_2_3_fu_10053_p2                                 |     |        | phara_y1_5f_f9_5f_tree0_5f_2_3    | add | fabric    | 0       |
|    phara_y1_5f_f9_5f_tree0_5f_0_3_fu_10063_p2                                 |     |        | phara_y1_5f_f9_5f_tree0_5f_0_3    | sub | fabric    | 0       |
|    add_ln586_6_fu_10073_p2                                                    |     |        | add_ln586_6                       | add | fabric    | 0       |
|    phara_x5_5f_c6_5f_negative1_3_fu_10095_p2                                  |     |        | phara_x5_5f_c6_5f_negative1_3     | add | fabric    | 0       |
|    phara_y1_5f_f10_5f_tree0_5f_2_3_fu_10105_p2                                |     |        | phara_y1_5f_f10_5f_tree0_5f_2_3   | sub | fabric    | 0       |
|    phara_x4_5f_c12_5f_negative1_3_fu_10115_p2                                 |     |        | phara_x4_5f_c12_5f_negative1_3    | add | fabric    | 0       |
|    add_ln593_6_fu_10133_p2                                                    |     |        | add_ln593_6                       | add | fabric    | 0       |
|    phara_y1_5f_f10_5f_tree2_5f_0_3_fu_12649_p2                                |     |        | phara_y1_5f_f10_5f_tree2_5f_0_3   | add | fabric    | 0       |
|    phara_y1_5f_f11_5f_tree0_5f_2_3_fu_10139_p2                                |     |        | phara_y1_5f_f11_5f_tree0_5f_2_3   | sub | fabric    | 0       |
|    add_ln597_7_fu_10171_p2                                                    |     |        | add_ln597_7                       | add | fabric    | 0       |
|    add_ln697_36_fu_14829_p2                                                   |     |        | add_ln697_36                      | add | fabric    | 0       |
|    add_ln697_37_fu_14880_p2                                                   |     |        | add_ln697_37                      | add | fabric    | 0       |
|    add_ln697_38_fu_14924_p2                                                   |     |        | add_ln697_38                      | add | fabric    | 0       |
|    add_ln697_39_fu_15007_p2                                                   |     |        | add_ln697_39                      | add | fabric    | 0       |
|    add_ln697_40_fu_15090_p2                                                   |     |        | add_ln697_40                      | add | fabric    | 0       |
|    add_ln697_41_fu_12933_p2                                                   |     |        | add_ln697_41                      | add | fabric    | 0       |
|    add_ln697_42_fu_12993_p2                                                   |     |        | add_ln697_42                      | add | fabric    | 0       |
|    add_ln697_43_fu_13031_p2                                                   |     |        | add_ln697_43                      | add | fabric    | 0       |
|    add_ln697_44_fu_13069_p2                                                   |     |        | add_ln697_44                      | add | fabric    | 0       |
|    add_ln697_45_fu_15185_p2                                                   |     |        | add_ln697_45                      | add | fabric    | 0       |
|    add_ln697_46_fu_15268_p2                                                   |     |        | add_ln697_46                      | add | fabric    | 0       |
|    add_ln697_47_fu_13195_p2                                                   |     |        | add_ln697_47                      | add | fabric    | 0       |
|  + shared_conv_array_array_ap_fixed_48u_config7_4u_ravel_matrix_conv2d_1_2u_s | 0   |        |                                   |     |           |         |
|    step_2_fu_1869_p2                                                          |     |        | step_2                            | add | fabric    | 0       |
|    add_ln1152_fu_1883_p2                                                      |     |        | add_ln1152                        | add | fabric    | 0       |
|    x5_c3_negative1_fu_6756_p2                                                 |     |        | x5_c3_negative1                   | sub | fabric    | 0       |
|    x21_c_3_negative1_fu_8759_p2                                               |     |        | x21_c_3_negative1                 | sub | fabric    | 0       |
|    x10_c3_negative1_fu_8961_p2                                                |     |        | x10_c3_negative1                  | sub | fabric    | 0       |
|    x13_c_3_negative1_fu_9005_p2                                               |     |        | x13_c_3_negative1                 | sub | fabric    | 0       |
|    x39_c3_negative1_fu_12826_p2                                               |     |        | x39_c3_negative1                  | sub | fabric    | 0       |
|    x46_c3_negative1_fu_12867_p2                                               |     |        | x46_c3_negative1                  | sub | fabric    | 0       |
|    add_ln309_fu_17559_p2                                                      |     |        | add_ln309                         | add | fabric    | 0       |
|    x50_c5_positive1_fu_17588_p2                                               |     |        | x50_c5_positive1                  | add | fabric    | 0       |
|    x55_c_3_negative1_fu_12913_p2                                              |     |        | x55_c_3_negative1                 | sub | fabric    | 0       |
|    x6_c5_positive1_fu_12949_p2                                                |     |        | x6_c5_positive1                   | add | fabric    | 0       |
|    x29_c_3_negative1_fu_9166_p2                                               |     |        | x29_c_3_negative1                 | sub | fabric    | 0       |
|    x53_c_3_negative1_fu_17699_p2                                              |     |        | x53_c_3_negative1                 | sub | fabric    | 0       |
|    x26_c_3_negative1_fu_9253_p2                                               |     |        | x26_c_3_negative1                 | sub | fabric    | 0       |
|    x44_c_3_negative1_fu_13148_p2                                              |     |        | x44_c_3_negative1                 | sub | fabric    | 0       |
|    x20_c_3_negative1_fu_9305_p2                                               |     |        | x20_c_3_negative1                 | sub | fabric    | 0       |
|    x24_c3_negative1_fu_9315_p2                                                |     |        | x24_c3_negative1                  | sub | fabric    | 0       |
|    x8_c_3_negative1_fu_6958_p2                                                |     |        | x8_c_3_negative1                  | sub | fabric    | 0       |
|    x24_c_3_negative1_fu_9336_p2                                               |     |        | x24_c_3_negative1                 | sub | fabric    | 0       |
|    x42_c3_negative1_fu_13237_p2                                               |     |        | x42_c3_negative1                  | sub | fabric    | 0       |
|    x45_c_3_negative1_fu_13246_p2                                              |     |        | x45_c_3_negative1                 | sub | fabric    | 0       |
|    x59_c_3_negative1_fu_17853_p2                                              |     |        | x59_c_3_negative1                 | sub | fabric    | 0       |
|    x58_c3_negative1_fu_13289_p2                                               |     |        | x58_c3_negative1                  | sub | fabric    | 0       |
|    x52_c7_negative1_fu_13321_p2                                               |     |        | x52_c7_negative1                  | sub | fabric    | 0       |
|    cse0_fu_7020_p2                                                            |     |        | cse0                              | sub | fabric    | 0       |
|    cse1_fu_13342_p2                                                           |     |        | cse1                              | sub | fabric    | 0       |
|    cse2_fu_9422_p2                                                            |     |        | cse2                              | add | fabric    | 0       |
|    cse3_fu_7026_p2                                                            |     |        | cse3                              | sub | fabric    | 0       |
|    cse4_fu_13352_p2                                                           |     |        | cse4                              | add | fabric    | 0       |
|    cse5_fu_9432_p2                                                            |     |        | cse5                              | sub | fabric    | 0       |
|    add_ln595_fu_9446_p2                                                       |     |        | add_ln595                         | add | fabric    | 0       |
|    cse7_fu_9456_p2                                                            |     |        | cse7                              | add | fabric    | 0       |
|    cse8_fu_13365_p2                                                           |     |        | cse8                              | sub | fabric    | 0       |
|    add_ln597_fu_17935_p2                                                      |     |        | add_ln597                         | add | fabric    | 0       |
|    cse10_fu_13375_p2                                                          |     |        | cse10                             | sub | fabric    | 0       |
|    cse11_fu_13388_p2                                                          |     |        | cse11                             | add | fabric    | 0       |
|    cse13_fu_13401_p2                                                          |     |        | cse13                             | add | fabric    | 0       |
|    add_ln613_fu_13410_p2                                                      |     |        | add_ln613                         | add | fabric    | 0       |
|    cse25_fu_13420_p2                                                          |     |        | cse25                             | add | fabric    | 0       |
|    add_ln604_fu_9466_p2                                                       |     |        | add_ln604                         | add | fabric    | 0       |
|    cse22_2_fu_13428_p2                                                        |     |        | cse22_2                           | sub | fabric    | 0       |
|    cse28_fu_13437_p2                                                          |     |        | cse28                             | add | fabric    | 0       |
|    cse17_2_fu_13451_p2                                                        |     |        | cse17_2                           | add | fabric    | 0       |
|    add_ln621_1_fu_13466_p2                                                    |     |        | add_ln621_1                       | add | fabric    | 0       |
|    cse34_2_fu_9471_p2                                                         |     |        | cse34_2                           | add | fabric    | 0       |
|    cse38_fu_9480_p2                                                           |     |        | cse38                             | add | fabric    | 0       |
|    add_ln619_fu_13501_p2                                                      |     |        | add_ln619                         | add | fabric    | 0       |
|    cse31_2_fu_13511_p2                                                        |     |        | cse31_2                           | add | fabric    | 0       |
|    cse36_2_fu_17988_p2                                                        |     |        | cse36_2                           | sub | fabric    | 0       |
|    cse40_fu_17998_p2                                                          |     |        | cse40                             | add | fabric    | 0       |
|    x43_c3_negative1_2_fu_13517_p2                                             |     |        | x43_c3_negative1_2                | sub | fabric    | 0       |
|    cse15_2_fu_13542_p2                                                        |     |        | cse15_2                           | sub | fabric    | 0       |
|    add_ln625_fu_18023_p2                                                      |     |        | add_ln625                         | add | fabric    | 0       |
|    cse42_fu_13548_p2                                                          |     |        | cse42                             | add | fabric    | 0       |
|    cse35_2_fu_13594_p2                                                        |     |        | cse35_2                           | add | fabric    | 0       |
|    cse46_2_fu_9517_p2                                                         |     |        | cse46_2                           | add | fabric    | 0       |
|    x41_c_3_negative1_2_fu_9523_p2                                             |     |        | x41_c_3_negative1_2               | sub | fabric    | 0       |
|    add_ln641_fu_13614_p2                                                      |     |        | add_ln641                         | add | fabric    | 0       |
|    cse55_fu_13640_p2                                                          |     |        | cse55                             | add | fabric    | 0       |
|    cse56_fu_13646_p2                                                          |     |        | cse56                             | sub | fabric    | 0       |
|    cse57_fu_18099_p2                                                          |     |        | cse57                             | add | fabric    | 0       |
|    cse58_fu_9529_p2                                                           |     |        | cse58                             | sub | fabric    | 0       |
|    x37_c3_negative1_2_fu_9534_p2                                              |     |        | x37_c3_negative1_2                | sub | fabric    | 0       |
|    cse59_2_fu_13658_p2                                                        |     |        | cse59_2                           | sub | fabric    | 0       |
|    cse60_2_fu_13668_p2                                                        |     |        | cse60_2                           | sub | fabric    | 0       |
|    add_ln653_fu_9540_p2                                                       |     |        | add_ln653                         | add | fabric    | 0       |
|    add_ln654_fu_13689_p2                                                      |     |        | add_ln654                         | add | fabric    | 0       |
|    cse68_2_fu_9562_p2                                                         |     |        | cse68_2                           | add | fabric    | 0       |
|    cse69_2_fu_9572_p2                                                         |     |        | cse69_2                           | sub | fabric    | 0       |
|    add_ln661_fu_9578_p2                                                       |     |        | add_ln661                         | add | fabric    | 0       |
|    cse73_fu_9588_p2                                                           |     |        | cse73                             | add | fabric    | 0       |
|    cse76_fu_18138_p2                                                          |     |        | cse76                             | add | fabric    | 0       |
|    add_ln665_fu_18148_p2                                                      |     |        | add_ln665                         | add | fabric    | 0       |
|    add_ln666_fu_18157_p2                                                      |     |        | add_ln666                         | add | fabric    | 0       |
|    cse79_fu_18167_p2                                                          |     |        | cse79                             | sub | fabric    | 0       |
|    cse80_fu_13718_p2                                                          |     |        | cse80                             | add | fabric    | 0       |
|    cse81_fu_18176_p2                                                          |     |        | cse81                             | sub | fabric    | 0       |
|    add_ln670_fu_9610_p2                                                       |     |        | add_ln670                         | add | fabric    | 0       |
|    cse83_fu_9620_p2                                                           |     |        | cse83                             | sub | fabric    | 0       |
|    cse84_fu_13729_p2                                                          |     |        | cse84                             | sub | fabric    | 0       |
|    cse85_fu_13739_p2                                                          |     |        | cse85                             | sub | fabric    | 0       |
|    cse86_fu_18193_p2                                                          |     |        | cse86                             | sub | fabric    | 0       |
|    cse87_2_fu_9626_p2                                                         |     |        | cse87_2                           | add | fabric    | 0       |
|    cse88_fu_9635_p2                                                           |     |        | cse88                             | add | fabric    | 0       |
|    add_ln677_fu_18203_p2                                                      |     |        | add_ln677                         | add | fabric    | 0       |
|    add_ln434_fu_13745_p2                                                      |     |        | add_ln434                         | add | fabric    | 0       |
|    add_ln683_1_fu_18221_p2                                                    |     |        | add_ln683_1                       | add | fabric    | 0       |
|    add_ln684_fu_9645_p2                                                       |     |        | add_ln684                         | add | fabric    | 0       |
|    add_ln504_3_fu_13787_p2                                                    |     |        | add_ln504_3                       | add | fabric    | 0       |
|    cse101_fu_9651_p2                                                          |     |        | cse101                            | sub | fabric    | 0       |
|    cse102_fu_9661_p2                                                          |     |        | cse102                            | add | fabric    | 0       |
|    cse103_fu_13805_p2                                                         |     |        | cse103                            | sub | fabric    | 0       |
|    add_ln693_fu_18266_p2                                                      |     |        | add_ln693                         | add | fabric    | 0       |
|    cse105_fu_18275_p2                                                         |     |        | cse105                            | add | fabric    | 0       |
|    x36_c_3_negative1_2_fu_9667_p2                                             |     |        | x36_c_3_negative1_2               | sub | fabric    | 0       |
|    add_ln694_fu_9677_p2                                                       |     |        | add_ln694                         | add | fabric    | 0       |
|    cse111_fu_13844_p2                                                         |     |        | cse111                            | sub | fabric    | 0       |
|    cse112_fu_13857_p2                                                         |     |        | cse112                            | sub | fabric    | 0       |
|    cse113_fu_13867_p2                                                         |     |        | cse113                            | add | fabric    | 0       |
|    cse114_fu_13887_p2                                                         |     |        | cse114                            | add | fabric    | 0       |
|    cse115_2_fu_18297_p2                                                       |     |        | cse115_2                          | sub | fabric    | 0       |
|    add_ln705_fu_18307_p2                                                      |     |        | add_ln705                         | add | fabric    | 0       |
|    cse117_2_fu_18317_p2                                                       |     |        | cse117_2                          | add | fabric    | 0       |
|    cse120_fu_9699_p2                                                          |     |        | cse120                            | add | fabric    | 0       |
|    cse121_fu_13912_p2                                                         |     |        | cse121                            | sub | fabric    | 0       |
|    cse122_fu_13925_p2                                                         |     |        | cse122                            | add | fabric    | 0       |
|    add_ln711_fu_18341_p2                                                      |     |        | add_ln711                         | add | fabric    | 0       |
|    cse124_fu_13931_p2                                                         |     |        | cse124                            | sub | fabric    | 0       |
|    cse125_fu_13941_p2                                                         |     |        | cse125                            | sub | fabric    | 0       |
|    add_ln714_fu_18346_p2                                                      |     |        | add_ln714                         | add | fabric    | 0       |
|    cse128_fu_13955_p2                                                         |     |        | cse128                            | sub | fabric    | 0       |
|    add_ln741_fu_7068_p2                                                       |     |        | add_ln741                         | add | fabric    | 0       |
|    add_ln741_1_fu_7074_p2                                                     |     |        | add_ln741_1                       | add | fabric    | 0       |
|    add_ln741_2_fu_7084_p2                                                     |     |        | add_ln741_2                       | add | fabric    | 0       |
|    add_ln215_fu_9716_p2                                                       |     |        | add_ln215                         | add | fabric    | 0       |
|    add_ln740_1_fu_9754_p2                                                     |     |        | add_ln740_1                       | add | fabric    | 0       |
|    add_ln721_fu_9788_p2                                                       |     |        | add_ln721                         | add | fabric    | 0       |
|    x18_c_3_negative1_2_fu_13991_p2                                            |     |        | x18_c_3_negative1_2               | sub | fabric    | 0       |
|    add_ln745_1_fu_14003_p2                                                    |     |        | add_ln745_1                       | add | fabric    | 0       |
|    y0_f0_tree5_0_fu_21402_p2                                                  |     |        | y0_f0_tree5_0                     | add | fabric    | 0       |
|    y0_f1_tree0_30_2_fu_7106_p2                                                |     |        | y0_f1_tree0_30_2                  | add | fabric    | 0       |
|    y0_f1_tree0_28_2_fu_7116_p2                                                |     |        | y0_f1_tree0_28_2                  | add | fabric    | 0       |
|    y0_f1_tree0_26_2_fu_7138_p2                                                |     |        | y0_f1_tree0_26_2                  | add | fabric    | 0       |
|    add_ln760_1_fu_9811_p2                                                     |     |        | add_ln760_1                       | add | fabric    | 0       |
|    add_ln762_1_fu_9837_p2                                                     |     |        | add_ln762_1                       | add | fabric    | 0       |
|    add_ln762_2_fu_9847_p2                                                     |     |        | add_ln762_2                       | add | fabric    | 0       |
|    add_ln759_fu_9875_p2                                                       |     |        | add_ln759                         | add | fabric    | 0       |
|    add_ln756_1_fu_9881_p2                                                     |     |        | add_ln756_1                       | add | fabric    | 0       |
|    add_ln756_2_fu_9891_p2                                                     |     |        | add_ln756_2                       | add | fabric    | 0       |
|    add_ln771_1_fu_14076_p2                                                    |     |        | add_ln771_1                       | add | fabric    | 0       |
|    add_ln754_fu_14104_p2                                                      |     |        | add_ln754                         | add | fabric    | 0       |
|    add_ln262_1_fu_14120_p2                                                    |     |        | add_ln262_1                       | add | fabric    | 0       |
|    y0_f1_tree1_0_2_fu_18458_p2                                                |     |        | y0_f1_tree1_0_2                   | add | fabric    | 0       |
|    add_ln783_fu_18464_p2                                                      |     |        | add_ln783                         | add | fabric    | 0       |
|    empty_98_fu_14129_p2                                                       |     |        | empty_98                          | add | fabric    | 0       |
|    tmp239640_fu_18476_p2                                                      |     |        | tmp239640                         | add | fabric    | 0       |
|    y0_f2_tree0_16_2_fu_9897_p2                                                |     |        | y0_f2_tree0_16_2                  | add | fabric    | 0       |
|    add_ln796_fu_9906_p2                                                       |     |        | add_ln796                         | add | fabric    | 0       |
|    y0_f2_tree0_22_2_fu_9916_p2                                                |     |        | y0_f2_tree0_22_2                  | add | fabric    | 0       |
|    y0_f2_tree0_20_2_fu_9926_p2                                                |     |        | y0_f2_tree0_20_2                  | add | fabric    | 0       |
|    y0_f2_tree1_10_2_fu_14137_p2                                               |     |        | y0_f2_tree1_10_2                  | add | fabric    | 0       |
|    add_ln791_3_fu_14165_p2                                                    |     |        | add_ln791_3                       | add | fabric    | 0       |
|    add_ln791_4_fu_14175_p2                                                    |     |        | add_ln791_4                       | add | fabric    | 0       |
|    add_ln343_fu_14197_p2                                                      |     |        | add_ln343                         | add | fabric    | 0       |
|    y0_f2_tree1_4_2_fu_18497_p2                                                |     |        | y0_f2_tree1_4_2                   | sub | fabric    | 0       |
|    add_ln340_fu_18509_p2                                                      |     |        | add_ln340                         | add | fabric    | 0       |
|    add_ln333_fu_18542_p2                                                      |     |        | add_ln333                         | add | fabric    | 0       |
|    add_ln811_1_fu_18558_p2                                                    |     |        | add_ln811_1                       | add | fabric    | 0       |
|    add_ln811_2_fu_18568_p2                                                    |     |        | add_ln811_2                       | add | fabric    | 0       |
|    y0_f3_tree0_30_2_fu_7144_p2                                                |     |        | y0_f3_tree0_30_2                  | sub | fabric    | 0       |
|    add_ln835_fu_7154_p2                                                       |     |        | add_ln835                         | add | fabric    | 0       |
|    y0_f3_tree1_14_2_fu_7164_p2                                                |     |        | y0_f3_tree1_14_2                  | add | fabric    | 0       |
|    y0_f3_tree0_26_2_fu_7174_p2                                                |     |        | y0_f3_tree0_26_2                  | sub | fabric    | 0       |
|    y0_f3_tree0_24_2_fu_7184_p2                                                |     |        | y0_f3_tree0_24_2                  | add | fabric    | 0       |
|    sub_ln820_fu_9947_p2                                                       |     |        | sub_ln820                         | sub | fabric    | 0       |
|    add_ln841_fu_14228_p2                                                      |     |        | add_ln841                         | add | fabric    | 0       |
|    add_ln818_1_fu_14256_p2                                                    |     |        | add_ln818_1                       | add | fabric    | 0       |
|    add_ln842_1_fu_18634_p2                                                    |     |        | add_ln842_1                       | add | fabric    | 0       |
|    y0_f4_tree0_26_2_fu_7190_p2                                                |     |        | y0_f4_tree0_26_2                  | sub | fabric    | 0       |
|    add_ln851_1_fu_10030_p2                                                    |     |        | add_ln851_1                       | add | fabric    | 0       |
|    add_ln851_2_fu_10040_p2                                                    |     |        | add_ln851_2                       | add | fabric    | 0       |
|    add_ln854_fu_10056_p2                                                      |     |        | add_ln854                         | add | fabric    | 0       |
|    add_ln431_1_fu_10062_p2                                                    |     |        | add_ln431_1                       | add | fabric    | 0       |
|    add_ln431_2_fu_10072_p2                                                    |     |        | add_ln431_2                       | add | fabric    | 0       |
|    x37_c_5_negative1_2_fu_14333_p2                                            |     |        | x37_c_5_negative1_2               | add | fabric    | 0       |
|    add_ln416_1_fu_14363_p2                                                    |     |        | add_ln416_1                       | add | fabric    | 0       |
|    add_ln416_2_fu_14373_p2                                                    |     |        | add_ln416_2                       | add | fabric    | 0       |
|    add_ln845_1_fu_18672_p2                                                    |     |        | add_ln845_1                       | add | fabric    | 0       |
|    add_ln411_fu_18692_p2                                                      |     |        | add_ln411                         | add | fabric    | 0       |
|    add_ln869_fu_18714_p2                                                      |     |        | add_ln869                         | add | fabric    | 0       |
|    x52_c3_negative1_2_fu_7196_p2                                              |     |        | x52_c3_negative1_2                | sub | fabric    | 0       |
|    y0_f5_tree0_18_2_fu_7206_p2                                                |     |        | y0_f5_tree0_18_2                  | sub | fabric    | 0       |
|    add_ln890_1_fu_7222_p2                                                     |     |        | add_ln890_1                       | add | fabric    | 0       |
|    y0_f5_tree0_22_2_fu_10081_p2                                               |     |        | y0_f5_tree0_22_2                  | sub | fabric    | 0       |
|    add_ln891_fu_10087_p2                                                      |     |        | add_ln891                         | add | fabric    | 0       |
|    add_ln884_fu_10113_p2                                                      |     |        | add_ln884                         | add | fabric    | 0       |
|    y0_f5_tree0_24_2_fu_10123_p2                                               |     |        | y0_f5_tree0_24_2                  | add | fabric    | 0       |
|    add_ln878_fu_14402_p2                                                      |     |        | add_ln878                         | add | fabric    | 0       |
|    add_ln874_1_fu_14452_p2                                                    |     |        | add_ln874_1                       | add | fabric    | 0       |
|    add_ln874_2_fu_14462_p2                                                    |     |        | add_ln874_2                       | add | fabric    | 0       |
|    add_ln896_1_fu_18752_p2                                                    |     |        | add_ln896_1                       | add | fabric    | 0       |
|    add_ln896_2_fu_18762_p2                                                    |     |        | add_ln896_2                       | add | fabric    | 0       |
|    y0_f5_tree4_0_fu_21521_p2                                                  |     |        | y0_f5_tree4_0                     | add | fabric    | 0       |
|    y0_f6_tree0_14_2_fu_10129_p2                                               |     |        | y0_f6_tree0_14_2                  | sub | fabric    | 0       |
|    add_ln912_fu_10139_p2                                                      |     |        | add_ln912                         | add | fabric    | 0       |
|    y0_f6_tree1_6_2_fu_10149_p2                                                |     |        | y0_f6_tree1_6_2                   | add | fabric    | 0       |
|    y0_f6_tree0_8_2_fu_10159_p2                                                |     |        | y0_f6_tree0_8_2                   | add | fabric    | 0       |
|    add_ln915_1_fu_14477_p2                                                    |     |        | add_ln915_1                       | add | fabric    | 0       |
|    add_ln901_fu_14498_p2                                                      |     |        | add_ln901                         | add | fabric    | 0       |
|    add_ln916_fu_14518_p2                                                      |     |        | add_ln916                         | add | fabric    | 0       |
|    add_ln916_1_fu_18778_p2                                                    |     |        | add_ln916_1                       | add | fabric    | 0       |
|    add_ln916_3_fu_14524_p2                                                    |     |        | add_ln916_3                       | add | fabric    | 0       |
|    add_ln916_4_fu_18796_p2                                                    |     |        | add_ln916_4                       | add | fabric    | 0       |
|    add_ln916_5_fu_18806_p2                                                    |     |        | add_ln916_5                       | add | fabric    | 0       |
|    y0_f6_tree0_18_2_fu_18826_p2                                               |     |        | y0_f6_tree0_18_2                  | sub | fabric    | 0       |
|    add_ln917_1_fu_18832_p2                                                    |     |        | add_ln917_1                       | add | fabric    | 0       |
|    tmp240638_fu_14533_p2                                                      |     |        | tmp240638                         | add | fabric    | 0       |
|    y0_f7_tree0_16_2_fu_7238_p2                                                |     |        | y0_f7_tree0_16_2                  | sub | fabric    | 0       |
|    y0_f7_tree0_24_2_fu_10180_p2                                               |     |        | y0_f7_tree0_24_2                  | sub | fabric    | 0       |
|    y0_f7_tree0_8_2_fu_14552_p2                                                |     |        | y0_f7_tree0_8_2                   | add | fabric    | 0       |
|    add_ln496_fu_14564_p2                                                      |     |        | add_ln496                         | add | fabric    | 0       |
|    add_ln933_1_fu_18858_p2                                                    |     |        | add_ln933_1                       | add | fabric    | 0       |
|    add_ln488_fu_18880_p2                                                      |     |        | add_ln488                         | add | fabric    | 0       |
|    add_ln942_1_fu_18908_p2                                                    |     |        | add_ln942_1                       | add | fabric    | 0       |
|    y0_f8_tree0_30_2_fu_7276_p2                                                |     |        | y0_f8_tree0_30_2                  | add | fabric    | 0       |
|    y0_f8_tree1_12_2_fu_7314_p2                                                |     |        | y0_f8_tree1_12_2                  | sub | fabric    | 0       |
|    add_ln956_1_fu_10227_p2                                                    |     |        | add_ln956_1                       | add | fabric    | 0       |
|    add_ln956_2_fu_10237_p2                                                    |     |        | add_ln956_2                       | add | fabric    | 0       |
|    add_ln971_1_fu_10263_p2                                                    |     |        | add_ln971_1                       | add | fabric    | 0       |
|    add_ln971_2_fu_10273_p2                                                    |     |        | add_ln971_2                       | add | fabric    | 0       |
|    add_ln952_fu_14583_p2                                                      |     |        | add_ln952                         | add | fabric    | 0       |
|    add_ln952_1_fu_14589_p2                                                    |     |        | add_ln952_1                       | add | fabric    | 0       |
|    add_ln523_1_fu_14617_p2                                                    |     |        | add_ln523_1                       | add | fabric    | 0       |
|    add_ln523_2_fu_14627_p2                                                    |     |        | add_ln523_2                       | add | fabric    | 0       |
|    add_ln948_fu_18933_p2                                                      |     |        | add_ln948                         | add | fabric    | 0       |
|    add_ln948_1_fu_18942_p2                                                    |     |        | add_ln948_1                       | add | fabric    | 0       |
|    add_ln948_2_fu_18948_p2                                                    |     |        | add_ln948_2                       | add | fabric    | 0       |
|    add_ln948_3_fu_18958_p2                                                    |     |        | add_ln948_3                       | add | fabric    | 0       |
|    add_ln945_fu_18980_p2                                                      |     |        | add_ln945                         | add | fabric    | 0       |
|    add_ln945_2_fu_18996_p2                                                    |     |        | add_ln945_2                       | add | fabric    | 0       |
|    add_ln945_3_fu_19006_p2                                                    |     |        | add_ln945_3                       | add | fabric    | 0       |
|    add_ln976_fu_19022_p2                                                      |     |        | add_ln976                         | add | fabric    | 0       |
|    y0_f9_tree0_28_2_fu_7320_p2                                                |     |        | y0_f9_tree0_28_2                  | add | fabric    | 0       |
|    add_ln990_fu_7330_p2                                                       |     |        | add_ln990                         | add | fabric    | 0       |
|    y0_f9_tree1_12_2_fu_7356_p2                                                |     |        | y0_f9_tree1_12_2                  | add | fabric    | 0       |
|    y0_f9_tree0_18_2_fu_10292_p2                                               |     |        | y0_f9_tree0_18_2                  | add | fabric    | 0       |
|    add_ln988_1_fu_10310_p2                                                    |     |        | add_ln988_1                       | add | fabric    | 0       |
|    add_ln1005_1_fu_10350_p2                                                   |     |        | add_ln1005_1                      | add | fabric    | 0       |
|    add_ln994_fu_14688_p2                                                      |     |        | add_ln994                         | add | fabric    | 0       |
|    add_ln533_fu_19057_p2                                                      |     |        | add_ln533                         | add | fabric    | 0       |
|    add_ln1006_fu_19077_p2                                                     |     |        | add_ln1006                        | add | fabric    | 0       |
|    add_ln1006_3_fu_19099_p2                                                   |     |        | add_ln1006_3                      | add | fabric    | 0       |
|    y0_f10_tree0_26_2_fu_7374_p2                                               |     |        | y0_f10_tree0_26_2                 | sub | fabric    | 0       |
|    add_ln563_fu_10417_p2                                                      |     |        | add_ln563                         | add | fabric    | 0       |
|    y0_f10_tree0_12_2_fu_14722_p2                                              |     |        | y0_f10_tree0_12_2                 | sub | fabric    | 0       |
|    add_ln1012_fu_14728_p2                                                     |     |        | add_ln1012                        | add | fabric    | 0       |
|    add_ln1012_2_fu_14744_p2                                                   |     |        | add_ln1012_2                      | add | fabric    | 0       |
|    add_ln1012_3_fu_14754_p2                                                   |     |        | add_ln1012_3                      | add | fabric    | 0       |
|    y0_f10_tree0_4_2_fu_19140_p2                                               |     |        | y0_f10_tree0_4_2                  | add | fabric    | 0       |
|    add_ln1032_1_fu_19176_p2                                                   |     |        | add_ln1032_1                      | add | fabric    | 0       |
|    y0_f10_tree4_0_fu_21577_p2                                                 |     |        | y0_f10_tree4_0                    | sub | fabric    | 0       |
|    empty_99_fu_10426_p2                                                       |     |        | empty_99                          | add | fabric    | 0       |
|    tmp241336_fu_14785_p2                                                      |     |        | tmp241336                         | add | fabric    | 0       |
|    add_ln1047_fu_7408_p2                                                      |     |        | add_ln1047                        | add | fabric    | 0       |
|    y0_f11_tree0_24_2_fu_10435_p2                                              |     |        | y0_f11_tree0_24_2                 | add | fabric    | 0       |
|    add_ln1061_fu_10445_p2                                                     |     |        | add_ln1061                        | add | fabric    | 0       |
|    add_ln585_fu_10470_p2                                                      |     |        | add_ln585                         | add | fabric    | 0       |
|    add_ln585_2_fu_10486_p2                                                    |     |        | add_ln585_2                       | add | fabric    | 0       |
|    add_ln585_3_fu_10496_p2                                                    |     |        | add_ln585_3                       | add | fabric    | 0       |
|    add_ln1053_1_fu_10512_p2                                                   |     |        | add_ln1053_1                      | add | fabric    | 0       |
|    add_ln1053_2_fu_10522_p2                                                   |     |        | add_ln1053_2                      | add | fabric    | 0       |
|    add_ln574_1_fu_14854_p2                                                    |     |        | add_ln574_1                       | add | fabric    | 0       |
|    add_ln574_2_fu_14864_p2                                                    |     |        | add_ln574_2                       | add | fabric    | 0       |
|    y0_f11_tree0_6_2_fu_19219_p2                                               |     |        | y0_f11_tree0_6_2                  | add | fabric    | 0       |
|    add_ln1036_1_fu_19237_p2                                                   |     |        | add_ln1036_1                      | add | fabric    | 0       |
|    add_ln1036_2_fu_19247_p2                                                   |     |        | add_ln1036_2                      | add | fabric    | 0       |
|    add_ln1064_1_fu_19253_p2                                                   |     |        | add_ln1064_1                      | add | fabric    | 0       |
|    add_ln1064_2_fu_19263_p2                                                   |     |        | add_ln1064_2                      | add | fabric    | 0       |
|    x5_c3_negative1_1_fu_7883_p2                                               |     |        | x5_c3_negative1_1                 | sub | fabric    | 0       |
|    x21_c_3_negative1_1_fu_10686_p2                                            |     |        | x21_c_3_negative1_1               | sub | fabric    | 0       |
|    x10_c3_negative1_1_fu_10885_p2                                             |     |        | x10_c3_negative1_1                | sub | fabric    | 0       |
|    x13_c_3_negative1_1_fu_10929_p2                                            |     |        | x13_c_3_negative1_1               | sub | fabric    | 0       |
|    x39_c3_negative1_1_fu_15273_p2                                             |     |        | x39_c3_negative1_1                | sub | fabric    | 0       |
|    x46_c3_negative1_1_fu_15314_p2                                             |     |        | x46_c3_negative1_1                | sub | fabric    | 0       |
|    add_ln309_1_fu_19486_p2                                                    |     |        | add_ln309_1                       | add | fabric    | 0       |
|    x50_c5_positive1_1_fu_19515_p2                                             |     |        | x50_c5_positive1_1                | add | fabric    | 0       |
|    x55_c_3_negative1_1_fu_15360_p2                                            |     |        | x55_c_3_negative1_1               | sub | fabric    | 0       |
|    x6_c5_positive1_1_fu_15396_p2                                              |     |        | x6_c5_positive1_1                 | add | fabric    | 0       |
|    x29_c_3_negative1_1_fu_11090_p2                                            |     |        | x29_c_3_negative1_1               | sub | fabric    | 0       |
|    x53_c_3_negative1_1_fu_19626_p2                                            |     |        | x53_c_3_negative1_1               | sub | fabric    | 0       |
|    x26_c_3_negative1_1_fu_11177_p2                                            |     |        | x26_c_3_negative1_1               | sub | fabric    | 0       |
|    x44_c_3_negative1_1_fu_15595_p2                                            |     |        | x44_c_3_negative1_1               | sub | fabric    | 0       |
|    x20_c_3_negative1_1_fu_11229_p2                                            |     |        | x20_c_3_negative1_1               | sub | fabric    | 0       |
|    x24_c3_negative1_1_fu_11239_p2                                             |     |        | x24_c3_negative1_1                | sub | fabric    | 0       |
|    x8_c_3_negative1_1_fu_8085_p2                                              |     |        | x8_c_3_negative1_1                | sub | fabric    | 0       |
|    x24_c_3_negative1_1_fu_11260_p2                                            |     |        | x24_c_3_negative1_1               | sub | fabric    | 0       |
|    x42_c3_negative1_1_fu_15684_p2                                             |     |        | x42_c3_negative1_1                | sub | fabric    | 0       |
|    x45_c_3_negative1_1_fu_15693_p2                                            |     |        | x45_c_3_negative1_1               | sub | fabric    | 0       |
|    x59_c_3_negative1_1_fu_19780_p2                                            |     |        | x59_c_3_negative1_1               | sub | fabric    | 0       |
|    x58_c3_negative1_1_fu_15736_p2                                             |     |        | x58_c3_negative1_1                | sub | fabric    | 0       |
|    x52_c7_negative1_1_fu_15768_p2                                             |     |        | x52_c7_negative1_1                | sub | fabric    | 0       |
|    cse0_1_fu_8147_p2                                                          |     |        | cse0_1                            | sub | fabric    | 0       |
|    cse1_1_fu_15789_p2                                                         |     |        | cse1_1                            | sub | fabric    | 0       |
|    cse2_1_fu_11346_p2                                                         |     |        | cse2_1                            | add | fabric    | 0       |
|    cse3_1_fu_8153_p2                                                          |     |        | cse3_1                            | sub | fabric    | 0       |
|    cse4_1_fu_15799_p2                                                         |     |        | cse4_1                            | add | fabric    | 0       |
|    cse5_1_fu_11356_p2                                                         |     |        | cse5_1                            | sub | fabric    | 0       |
|    add_ln595_2_fu_11370_p2                                                    |     |        | add_ln595_2                       | add | fabric    | 0       |
|    cse7_1_fu_11380_p2                                                         |     |        | cse7_1                            | add | fabric    | 0       |
|    cse8_1_fu_15812_p2                                                         |     |        | cse8_1                            | sub | fabric    | 0       |
|    add_ln597_1_fu_19862_p2                                                    |     |        | add_ln597_1                       | add | fabric    | 0       |
|    cse10_1_fu_15822_p2                                                        |     |        | cse10_1                           | sub | fabric    | 0       |
|    cse11_1_fu_15835_p2                                                        |     |        | cse11_1                           | add | fabric    | 0       |
|    cse13_1_fu_15848_p2                                                        |     |        | cse13_1                           | add | fabric    | 0       |
|    add_ln613_2_fu_15857_p2                                                    |     |        | add_ln613_2                       | add | fabric    | 0       |
|    cse25_1_fu_15867_p2                                                        |     |        | cse25_1                           | add | fabric    | 0       |
|    add_ln604_1_fu_11390_p2                                                    |     |        | add_ln604_1                       | add | fabric    | 0       |
|    cse22_fu_15875_p2                                                          |     |        | cse22                             | sub | fabric    | 0       |
|    cse28_1_fu_15884_p2                                                        |     |        | cse28_1                           | add | fabric    | 0       |
|    cse17_fu_15898_p2                                                          |     |        | cse17                             | add | fabric    | 0       |
|    add_ln621_4_fu_15913_p2                                                    |     |        | add_ln621_4                       | add | fabric    | 0       |
|    cse34_fu_11395_p2                                                          |     |        | cse34                             | add | fabric    | 0       |
|    cse38_1_fu_11404_p2                                                        |     |        | cse38_1                           | add | fabric    | 0       |
|    add_ln619_2_fu_15948_p2                                                    |     |        | add_ln619_2                       | add | fabric    | 0       |
|    cse31_fu_15958_p2                                                          |     |        | cse31                             | add | fabric    | 0       |
|    cse36_fu_19915_p2                                                          |     |        | cse36                             | sub | fabric    | 0       |
|    cse40_1_fu_19925_p2                                                        |     |        | cse40_1                           | add | fabric    | 0       |
|    x43_c3_negative1_fu_15964_p2                                               |     |        | x43_c3_negative1                  | sub | fabric    | 0       |
|    cse15_fu_15989_p2                                                          |     |        | cse15                             | sub | fabric    | 0       |
|    add_ln625_2_fu_19950_p2                                                    |     |        | add_ln625_2                       | add | fabric    | 0       |
|    cse42_1_fu_15995_p2                                                        |     |        | cse42_1                           | add | fabric    | 0       |
|    cse35_fu_16041_p2                                                          |     |        | cse35                             | add | fabric    | 0       |
|    cse46_fu_11441_p2                                                          |     |        | cse46                             | add | fabric    | 0       |
|    x41_c_3_negative1_fu_11447_p2                                              |     |        | x41_c_3_negative1                 | sub | fabric    | 0       |
|    add_ln641_2_fu_16061_p2                                                    |     |        | add_ln641_2                       | add | fabric    | 0       |
|    cse55_1_fu_16087_p2                                                        |     |        | cse55_1                           | add | fabric    | 0       |
|    cse56_1_fu_16093_p2                                                        |     |        | cse56_1                           | sub | fabric    | 0       |
|    cse57_1_fu_20026_p2                                                        |     |        | cse57_1                           | add | fabric    | 0       |
|    cse58_1_fu_11453_p2                                                        |     |        | cse58_1                           | sub | fabric    | 0       |
|    x37_c3_negative1_fu_11458_p2                                               |     |        | x37_c3_negative1                  | sub | fabric    | 0       |
|    cse59_fu_16105_p2                                                          |     |        | cse59                             | sub | fabric    | 0       |
|    cse60_fu_16115_p2                                                          |     |        | cse60                             | sub | fabric    | 0       |
|    add_ln653_1_fu_11464_p2                                                    |     |        | add_ln653_1                       | add | fabric    | 0       |
|    add_ln654_1_fu_16136_p2                                                    |     |        | add_ln654_1                       | add | fabric    | 0       |
|    cse68_fu_11486_p2                                                          |     |        | cse68                             | add | fabric    | 0       |
|    cse69_fu_11496_p2                                                          |     |        | cse69                             | sub | fabric    | 0       |
|    add_ln661_2_fu_11502_p2                                                    |     |        | add_ln661_2                       | add | fabric    | 0       |
|    cse73_1_fu_11512_p2                                                        |     |        | cse73_1                           | add | fabric    | 0       |
|    cse76_1_fu_20065_p2                                                        |     |        | cse76_1                           | add | fabric    | 0       |
|    add_ln665_1_fu_20075_p2                                                    |     |        | add_ln665_1                       | add | fabric    | 0       |
|    add_ln666_1_fu_20084_p2                                                    |     |        | add_ln666_1                       | add | fabric    | 0       |
|    cse79_1_fu_20094_p2                                                        |     |        | cse79_1                           | sub | fabric    | 0       |
|    cse80_1_fu_16165_p2                                                        |     |        | cse80_1                           | add | fabric    | 0       |
|    cse81_1_fu_20103_p2                                                        |     |        | cse81_1                           | sub | fabric    | 0       |
|    add_ln670_1_fu_11534_p2                                                    |     |        | add_ln670_1                       | add | fabric    | 0       |
|    cse83_1_fu_11544_p2                                                        |     |        | cse83_1                           | sub | fabric    | 0       |
|    cse84_1_fu_16176_p2                                                        |     |        | cse84_1                           | sub | fabric    | 0       |
|    cse85_1_fu_16186_p2                                                        |     |        | cse85_1                           | sub | fabric    | 0       |
|    cse86_1_fu_20120_p2                                                        |     |        | cse86_1                           | sub | fabric    | 0       |
|    cse87_fu_11550_p2                                                          |     |        | cse87                             | add | fabric    | 0       |
|    cse88_1_fu_11559_p2                                                        |     |        | cse88_1                           | add | fabric    | 0       |
|    add_ln677_1_fu_20130_p2                                                    |     |        | add_ln677_1                       | add | fabric    | 0       |
|    add_ln434_1_fu_16192_p2                                                    |     |        | add_ln434_1                       | add | fabric    | 0       |
|    add_ln683_4_fu_20148_p2                                                    |     |        | add_ln683_4                       | add | fabric    | 0       |
|    add_ln684_1_fu_11569_p2                                                    |     |        | add_ln684_1                       | add | fabric    | 0       |
|    add_ln504_5_fu_16234_p2                                                    |     |        | add_ln504_5                       | add | fabric    | 0       |
|    cse101_1_fu_11575_p2                                                       |     |        | cse101_1                          | sub | fabric    | 0       |
|    cse102_1_fu_11585_p2                                                       |     |        | cse102_1                          | add | fabric    | 0       |
|    cse103_1_fu_16252_p2                                                       |     |        | cse103_1                          | sub | fabric    | 0       |
|    add_ln693_2_fu_20193_p2                                                    |     |        | add_ln693_2                       | add | fabric    | 0       |
|    cse105_1_fu_20202_p2                                                       |     |        | cse105_1                          | add | fabric    | 0       |
|    x36_c_3_negative1_fu_11591_p2                                              |     |        | x36_c_3_negative1                 | sub | fabric    | 0       |
|    add_ln694_2_fu_11601_p2                                                    |     |        | add_ln694_2                       | add | fabric    | 0       |
|    cse111_1_fu_16291_p2                                                       |     |        | cse111_1                          | sub | fabric    | 0       |
|    cse112_1_fu_16304_p2                                                       |     |        | cse112_1                          | sub | fabric    | 0       |
|    cse113_1_fu_16314_p2                                                       |     |        | cse113_1                          | add | fabric    | 0       |
|    cse114_1_fu_16334_p2                                                       |     |        | cse114_1                          | add | fabric    | 0       |
|    cse115_fu_20224_p2                                                         |     |        | cse115                            | sub | fabric    | 0       |
|    add_ln705_2_fu_20234_p2                                                    |     |        | add_ln705_2                       | add | fabric    | 0       |
|    cse117_fu_20244_p2                                                         |     |        | cse117                            | add | fabric    | 0       |
|    cse120_1_fu_11623_p2                                                       |     |        | cse120_1                          | add | fabric    | 0       |
|    cse121_1_fu_16359_p2                                                       |     |        | cse121_1                          | sub | fabric    | 0       |
|    cse122_1_fu_16372_p2                                                       |     |        | cse122_1                          | add | fabric    | 0       |
|    add_ln711_1_fu_20268_p2                                                    |     |        | add_ln711_1                       | add | fabric    | 0       |
|    cse124_1_fu_16378_p2                                                       |     |        | cse124_1                          | sub | fabric    | 0       |
|    cse125_1_fu_16388_p2                                                       |     |        | cse125_1                          | sub | fabric    | 0       |
|    add_ln714_1_fu_20273_p2                                                    |     |        | add_ln714_1                       | add | fabric    | 0       |
|    cse128_1_fu_16402_p2                                                       |     |        | cse128_1                          | sub | fabric    | 0       |
|    add_ln741_4_fu_8195_p2                                                     |     |        | add_ln741_4                       | add | fabric    | 0       |
|    add_ln741_5_fu_8201_p2                                                     |     |        | add_ln741_5                       | add | fabric    | 0       |
|    add_ln741_6_fu_8211_p2                                                     |     |        | add_ln741_6                       | add | fabric    | 0       |
|    add_ln215_2_fu_11640_p2                                                    |     |        | add_ln215_2                       | add | fabric    | 0       |
|    add_ln740_4_fu_11678_p2                                                    |     |        | add_ln740_4                       | add | fabric    | 0       |
|    add_ln721_2_fu_11712_p2                                                    |     |        | add_ln721_2                       | add | fabric    | 0       |
|    x18_c_3_negative1_fu_16438_p2                                              |     |        | x18_c_3_negative1                 | sub | fabric    | 0       |
|    add_ln745_4_fu_16450_p2                                                    |     |        | add_ln745_4                       | add | fabric    | 0       |
|    y0_f0_tree5_0_1_fu_21685_p2                                                |     |        | y0_f0_tree5_0_1                   | add | fabric    | 0       |
|    y0_f1_tree0_30_fu_8233_p2                                                  |     |        | y0_f1_tree0_30                    | add | fabric    | 0       |
|    y0_f1_tree0_28_fu_8243_p2                                                  |     |        | y0_f1_tree0_28                    | add | fabric    | 0       |
|    y0_f1_tree0_26_fu_8265_p2                                                  |     |        | y0_f1_tree0_26                    | add | fabric    | 0       |
|    add_ln760_4_fu_11735_p2                                                    |     |        | add_ln760_4                       | add | fabric    | 0       |
|    add_ln762_5_fu_11761_p2                                                    |     |        | add_ln762_5                       | add | fabric    | 0       |
|    add_ln762_6_fu_11771_p2                                                    |     |        | add_ln762_6                       | add | fabric    | 0       |
|    add_ln759_2_fu_11799_p2                                                    |     |        | add_ln759_2                       | add | fabric    | 0       |
|    add_ln756_5_fu_11805_p2                                                    |     |        | add_ln756_5                       | add | fabric    | 0       |
|    add_ln756_6_fu_11815_p2                                                    |     |        | add_ln756_6                       | add | fabric    | 0       |
|    add_ln771_4_fu_16523_p2                                                    |     |        | add_ln771_4                       | add | fabric    | 0       |
|    add_ln754_2_fu_16551_p2                                                    |     |        | add_ln754_2                       | add | fabric    | 0       |
|    add_ln262_4_fu_16567_p2                                                    |     |        | add_ln262_4                       | add | fabric    | 0       |
|    y0_f1_tree1_0_fu_20385_p2                                                  |     |        | y0_f1_tree1_0                     | add | fabric    | 0       |
|    add_ln783_2_fu_20391_p2                                                    |     |        | add_ln783_2                       | add | fabric    | 0       |
|    empty_100_fu_16576_p2                                                      |     |        | empty_100                         | add | fabric    | 0       |
|    tmp244434_fu_20403_p2                                                      |     |        | tmp244434                         | add | fabric    | 0       |
|    y0_f2_tree0_16_fu_11821_p2                                                 |     |        | y0_f2_tree0_16                    | add | fabric    | 0       |
|    add_ln796_2_fu_11830_p2                                                    |     |        | add_ln796_2                       | add | fabric    | 0       |
|    y0_f2_tree0_22_fu_11840_p2                                                 |     |        | y0_f2_tree0_22                    | add | fabric    | 0       |
|    y0_f2_tree0_20_fu_11850_p2                                                 |     |        | y0_f2_tree0_20                    | add | fabric    | 0       |
|    y0_f2_tree1_10_fu_16584_p2                                                 |     |        | y0_f2_tree1_10                    | add | fabric    | 0       |
|    add_ln791_6_fu_16612_p2                                                    |     |        | add_ln791_6                       | add | fabric    | 0       |
|    add_ln791_7_fu_16622_p2                                                    |     |        | add_ln791_7                       | add | fabric    | 0       |
|    add_ln343_2_fu_16644_p2                                                    |     |        | add_ln343_2                       | add | fabric    | 0       |
|    y0_f2_tree1_4_fu_20424_p2                                                  |     |        | y0_f2_tree1_4                     | sub | fabric    | 0       |
|    add_ln340_2_fu_20436_p2                                                    |     |        | add_ln340_2                       | add | fabric    | 0       |
|    add_ln333_2_fu_20469_p2                                                    |     |        | add_ln333_2                       | add | fabric    | 0       |
|    add_ln811_5_fu_20485_p2                                                    |     |        | add_ln811_5                       | add | fabric    | 0       |
|    add_ln811_6_fu_20495_p2                                                    |     |        | add_ln811_6                       | add | fabric    | 0       |
|    y0_f3_tree0_30_fu_8271_p2                                                  |     |        | y0_f3_tree0_30                    | sub | fabric    | 0       |
|    add_ln835_2_fu_8281_p2                                                     |     |        | add_ln835_2                       | add | fabric    | 0       |
|    y0_f3_tree1_14_fu_8291_p2                                                  |     |        | y0_f3_tree1_14                    | add | fabric    | 0       |
|    y0_f3_tree0_26_fu_8301_p2                                                  |     |        | y0_f3_tree0_26                    | sub | fabric    | 0       |
|    y0_f3_tree0_24_fu_8311_p2                                                  |     |        | y0_f3_tree0_24                    | add | fabric    | 0       |
|    sub_ln820_1_fu_11871_p2                                                    |     |        | sub_ln820_1                       | sub | fabric    | 0       |
|    add_ln841_2_fu_16675_p2                                                    |     |        | add_ln841_2                       | add | fabric    | 0       |
|    add_ln818_4_fu_16703_p2                                                    |     |        | add_ln818_4                       | add | fabric    | 0       |
|    add_ln842_4_fu_20561_p2                                                    |     |        | add_ln842_4                       | add | fabric    | 0       |
|    y0_f4_tree0_26_fu_8317_p2                                                  |     |        | y0_f4_tree0_26                    | sub | fabric    | 0       |
|    add_ln851_5_fu_11954_p2                                                    |     |        | add_ln851_5                       | add | fabric    | 0       |
|    add_ln851_6_fu_11964_p2                                                    |     |        | add_ln851_6                       | add | fabric    | 0       |
|    add_ln854_2_fu_11980_p2                                                    |     |        | add_ln854_2                       | add | fabric    | 0       |
|    add_ln431_5_fu_11986_p2                                                    |     |        | add_ln431_5                       | add | fabric    | 0       |
|    add_ln431_6_fu_11996_p2                                                    |     |        | add_ln431_6                       | add | fabric    | 0       |
|    x37_c_5_negative1_fu_16780_p2                                              |     |        | x37_c_5_negative1                 | add | fabric    | 0       |
|    add_ln416_5_fu_16810_p2                                                    |     |        | add_ln416_5                       | add | fabric    | 0       |
|    add_ln416_6_fu_16820_p2                                                    |     |        | add_ln416_6                       | add | fabric    | 0       |
|    add_ln845_4_fu_20599_p2                                                    |     |        | add_ln845_4                       | add | fabric    | 0       |
|    add_ln411_2_fu_20619_p2                                                    |     |        | add_ln411_2                       | add | fabric    | 0       |
|    add_ln869_2_fu_20641_p2                                                    |     |        | add_ln869_2                       | add | fabric    | 0       |
|    x52_c3_negative1_fu_8323_p2                                                |     |        | x52_c3_negative1                  | sub | fabric    | 0       |
|    y0_f5_tree0_18_fu_8333_p2                                                  |     |        | y0_f5_tree0_18                    | sub | fabric    | 0       |
|    add_ln890_4_fu_8349_p2                                                     |     |        | add_ln890_4                       | add | fabric    | 0       |
|    y0_f5_tree0_22_fu_12005_p2                                                 |     |        | y0_f5_tree0_22                    | sub | fabric    | 0       |
|    add_ln891_2_fu_12011_p2                                                    |     |        | add_ln891_2                       | add | fabric    | 0       |
|    add_ln884_2_fu_12037_p2                                                    |     |        | add_ln884_2                       | add | fabric    | 0       |
|    y0_f5_tree0_24_fu_12047_p2                                                 |     |        | y0_f5_tree0_24                    | add | fabric    | 0       |
|    add_ln878_2_fu_16849_p2                                                    |     |        | add_ln878_2                       | add | fabric    | 0       |
|    add_ln874_5_fu_16899_p2                                                    |     |        | add_ln874_5                       | add | fabric    | 0       |
|    add_ln874_6_fu_16909_p2                                                    |     |        | add_ln874_6                       | add | fabric    | 0       |
|    add_ln896_5_fu_20679_p2                                                    |     |        | add_ln896_5                       | add | fabric    | 0       |
|    add_ln896_6_fu_20689_p2                                                    |     |        | add_ln896_6                       | add | fabric    | 0       |
|    y0_f5_tree4_0_1_fu_21804_p2                                                |     |        | y0_f5_tree4_0_1                   | add | fabric    | 0       |
|    y0_f6_tree0_14_fu_12053_p2                                                 |     |        | y0_f6_tree0_14                    | sub | fabric    | 0       |
|    add_ln912_2_fu_12063_p2                                                    |     |        | add_ln912_2                       | add | fabric    | 0       |
|    y0_f6_tree1_6_fu_12073_p2                                                  |     |        | y0_f6_tree1_6                     | add | fabric    | 0       |
|    y0_f6_tree0_8_fu_12083_p2                                                  |     |        | y0_f6_tree0_8                     | add | fabric    | 0       |
|    add_ln915_4_fu_16924_p2                                                    |     |        | add_ln915_4                       | add | fabric    | 0       |
|    add_ln901_2_fu_16945_p2                                                    |     |        | add_ln901_2                       | add | fabric    | 0       |
|    add_ln916_7_fu_16965_p2                                                    |     |        | add_ln916_7                       | add | fabric    | 0       |
|    add_ln916_8_fu_20705_p2                                                    |     |        | add_ln916_8                       | add | fabric    | 0       |
|    add_ln916_10_fu_16971_p2                                                   |     |        | add_ln916_10                      | add | fabric    | 0       |
|    add_ln916_11_fu_20723_p2                                                   |     |        | add_ln916_11                      | add | fabric    | 0       |
|    add_ln916_12_fu_20733_p2                                                   |     |        | add_ln916_12                      | add | fabric    | 0       |
|    y0_f6_tree0_18_fu_20753_p2                                                 |     |        | y0_f6_tree0_18                    | sub | fabric    | 0       |
|    add_ln917_4_fu_20759_p2                                                    |     |        | add_ln917_4                       | add | fabric    | 0       |
|    tmp245432_fu_16980_p2                                                      |     |        | tmp245432                         | add | fabric    | 0       |
|    y0_f7_tree0_16_fu_8365_p2                                                  |     |        | y0_f7_tree0_16                    | sub | fabric    | 0       |
|    y0_f7_tree0_24_fu_12104_p2                                                 |     |        | y0_f7_tree0_24                    | sub | fabric    | 0       |
|    y0_f7_tree0_8_fu_16999_p2                                                  |     |        | y0_f7_tree0_8                     | add | fabric    | 0       |
|    add_ln496_2_fu_17011_p2                                                    |     |        | add_ln496_2                       | add | fabric    | 0       |
|    add_ln933_4_fu_20785_p2                                                    |     |        | add_ln933_4                       | add | fabric    | 0       |
|    add_ln488_2_fu_20807_p2                                                    |     |        | add_ln488_2                       | add | fabric    | 0       |
|    add_ln942_4_fu_20835_p2                                                    |     |        | add_ln942_4                       | add | fabric    | 0       |
|    y0_f8_tree0_30_fu_8403_p2                                                  |     |        | y0_f8_tree0_30                    | add | fabric    | 0       |
|    y0_f8_tree1_12_fu_8441_p2                                                  |     |        | y0_f8_tree1_12                    | sub | fabric    | 0       |
|    add_ln956_5_fu_12151_p2                                                    |     |        | add_ln956_5                       | add | fabric    | 0       |
|    add_ln956_6_fu_12161_p2                                                    |     |        | add_ln956_6                       | add | fabric    | 0       |
|    add_ln971_5_fu_12187_p2                                                    |     |        | add_ln971_5                       | add | fabric    | 0       |
|    add_ln971_6_fu_12197_p2                                                    |     |        | add_ln971_6                       | add | fabric    | 0       |
|    add_ln952_3_fu_17030_p2                                                    |     |        | add_ln952_3                       | add | fabric    | 0       |
|    add_ln952_4_fu_17036_p2                                                    |     |        | add_ln952_4                       | add | fabric    | 0       |
|    add_ln523_5_fu_17064_p2                                                    |     |        | add_ln523_5                       | add | fabric    | 0       |
|    add_ln523_6_fu_17074_p2                                                    |     |        | add_ln523_6                       | add | fabric    | 0       |
|    add_ln948_5_fu_20860_p2                                                    |     |        | add_ln948_5                       | add | fabric    | 0       |
|    add_ln948_6_fu_20869_p2                                                    |     |        | add_ln948_6                       | add | fabric    | 0       |
|    add_ln948_7_fu_20875_p2                                                    |     |        | add_ln948_7                       | add | fabric    | 0       |
|    add_ln948_8_fu_20885_p2                                                    |     |        | add_ln948_8                       | add | fabric    | 0       |
|    add_ln945_5_fu_20907_p2                                                    |     |        | add_ln945_5                       | add | fabric    | 0       |
|    add_ln945_7_fu_20923_p2                                                    |     |        | add_ln945_7                       | add | fabric    | 0       |
|    add_ln945_8_fu_20933_p2                                                    |     |        | add_ln945_8                       | add | fabric    | 0       |
|    add_ln976_2_fu_20949_p2                                                    |     |        | add_ln976_2                       | add | fabric    | 0       |
|    y0_f9_tree0_28_fu_8447_p2                                                  |     |        | y0_f9_tree0_28                    | add | fabric    | 0       |
|    add_ln990_2_fu_8457_p2                                                     |     |        | add_ln990_2                       | add | fabric    | 0       |
|    y0_f9_tree1_12_fu_8483_p2                                                  |     |        | y0_f9_tree1_12                    | add | fabric    | 0       |
|    y0_f9_tree0_18_fu_12216_p2                                                 |     |        | y0_f9_tree0_18                    | add | fabric    | 0       |
|    add_ln988_4_fu_12234_p2                                                    |     |        | add_ln988_4                       | add | fabric    | 0       |
|    add_ln1005_4_fu_12274_p2                                                   |     |        | add_ln1005_4                      | add | fabric    | 0       |
|    add_ln994_2_fu_17135_p2                                                    |     |        | add_ln994_2                       | add | fabric    | 0       |
|    add_ln533_2_fu_20984_p2                                                    |     |        | add_ln533_2                       | add | fabric    | 0       |
|    add_ln1006_6_fu_21004_p2                                                   |     |        | add_ln1006_6                      | add | fabric    | 0       |
|    add_ln1006_9_fu_21026_p2                                                   |     |        | add_ln1006_9                      | add | fabric    | 0       |
|    y0_f10_tree0_26_fu_8501_p2                                                 |     |        | y0_f10_tree0_26                   | sub | fabric    | 0       |
|    add_ln563_2_fu_12341_p2                                                    |     |        | add_ln563_2                       | add | fabric    | 0       |
|    y0_f10_tree0_12_fu_17169_p2                                                |     |        | y0_f10_tree0_12                   | sub | fabric    | 0       |
|    add_ln1012_5_fu_17175_p2                                                   |     |        | add_ln1012_5                      | add | fabric    | 0       |
|    add_ln1012_7_fu_17191_p2                                                   |     |        | add_ln1012_7                      | add | fabric    | 0       |
|    add_ln1012_8_fu_17201_p2                                                   |     |        | add_ln1012_8                      | add | fabric    | 0       |
|    y0_f10_tree0_4_fu_21067_p2                                                 |     |        | y0_f10_tree0_4                    | add | fabric    | 0       |
|    add_ln1032_4_fu_21103_p2                                                   |     |        | add_ln1032_4                      | add | fabric    | 0       |
|    y0_f10_tree4_0_1_fu_21860_p2                                               |     |        | y0_f10_tree4_0_1                  | sub | fabric    | 0       |
|    empty_101_fu_12350_p2                                                      |     |        | empty_101                         | add | fabric    | 0       |
|    tmp246130_fu_17232_p2                                                      |     |        | tmp246130                         | add | fabric    | 0       |
|    add_ln1047_2_fu_8535_p2                                                    |     |        | add_ln1047_2                      | add | fabric    | 0       |
|    y0_f11_tree0_24_fu_12359_p2                                                |     |        | y0_f11_tree0_24                   | add | fabric    | 0       |
|    add_ln1061_2_fu_12369_p2                                                   |     |        | add_ln1061_2                      | add | fabric    | 0       |
|    add_ln585_5_fu_12394_p2                                                    |     |        | add_ln585_5                       | add | fabric    | 0       |
|    add_ln585_7_fu_12410_p2                                                    |     |        | add_ln585_7                       | add | fabric    | 0       |
|    add_ln585_8_fu_12420_p2                                                    |     |        | add_ln585_8                       | add | fabric    | 0       |
|    add_ln1053_5_fu_17282_p2                                                   |     |        | add_ln1053_5                      | add | fabric    | 0       |
|    add_ln1053_6_fu_17291_p2                                                   |     |        | add_ln1053_6                      | add | fabric    | 0       |
|    add_ln574_5_fu_17316_p2                                                    |     |        | add_ln574_5                       | add | fabric    | 0       |
|    add_ln574_6_fu_17326_p2                                                    |     |        | add_ln574_6                       | add | fabric    | 0       |
|    y0_f11_tree0_6_fu_21146_p2                                                 |     |        | y0_f11_tree0_6                    | add | fabric    | 0       |
|    add_ln1036_5_fu_21164_p2                                                   |     |        | add_ln1036_5                      | add | fabric    | 0       |
|    add_ln1036_6_fu_21174_p2                                                   |     |        | add_ln1036_6                      | add | fabric    | 0       |
|    add_ln1064_5_fu_21180_p2                                                   |     |        | add_ln1064_5                      | add | fabric    | 0       |
|    add_ln1064_6_fu_21190_p2                                                   |     |        | add_ln1064_6                      | add | fabric    | 0       |
|    add_ln1183_fu_1931_p2                                                      |     |        | add_ln1183                        | add | fabric    | 0       |
|    add_ln1190_fu_1977_p2                                                      |     |        | add_ln1190                        | add | fabric    | 0       |
|  + relu_array_ap_fixed_48u_array_ap_ufixed_17_8_5_3_0_48u_relu_config8_s      | 0   |        |                                   |     |           |         |
|    i_2_fu_649_p2                                                              |     |        | i_2                               | add | fabric    | 0       |
|  + scheduled_pool_array_array_ap_fixed_10_5_0_2_0_48u_config9_4u_s            | 0   |        |                                   |     |           |         |
|    word_2_fu_479_p2                                                           |     |        | word_2                            | add | fabric    | 0       |
|    add_ln105_fu_4628_p2                                                       |     |        | add_ln105                         | add | fabric    | 0       |
|    add_ln105_1_fu_4706_p2                                                     |     |        | add_ln105_1                       | add | fabric    | 0       |
|    add_ln105_2_fu_4784_p2                                                     |     |        | add_ln105_2                       | add | fabric    | 0       |
|    add_ln105_3_fu_4862_p2                                                     |     |        | add_ln105_3                       | add | fabric    | 0       |
|    add_ln105_4_fu_4940_p2                                                     |     |        | add_ln105_4                       | add | fabric    | 0       |
|    add_ln105_5_fu_5018_p2                                                     |     |        | add_ln105_5                       | add | fabric    | 0       |
|    add_ln105_6_fu_5096_p2                                                     |     |        | add_ln105_6                       | add | fabric    | 0       |
|    add_ln105_7_fu_5174_p2                                                     |     |        | add_ln105_7                       | add | fabric    | 0       |
|    add_ln105_8_fu_5252_p2                                                     |     |        | add_ln105_8                       | add | fabric    | 0       |
|    add_ln105_9_fu_5330_p2                                                     |     |        | add_ln105_9                       | add | fabric    | 0       |
|    add_ln105_10_fu_5408_p2                                                    |     |        | add_ln105_10                      | add | fabric    | 0       |
|    add_ln105_11_fu_5486_p2                                                    |     |        | add_ln105_11                      | add | fabric    | 0       |
|    add_ln105_12_fu_5564_p2                                                    |     |        | add_ln105_12                      | add | fabric    | 0       |
|    add_ln105_13_fu_5642_p2                                                    |     |        | add_ln105_13                      | add | fabric    | 0       |
|    add_ln105_14_fu_5720_p2                                                    |     |        | add_ln105_14                      | add | fabric    | 0       |
|    add_ln105_15_fu_5798_p2                                                    |     |        | add_ln105_15                      | add | fabric    | 0       |
|    add_ln105_16_fu_5876_p2                                                    |     |        | add_ln105_16                      | add | fabric    | 0       |
|    add_ln105_17_fu_5954_p2                                                    |     |        | add_ln105_17                      | add | fabric    | 0       |
|    add_ln105_18_fu_6032_p2                                                    |     |        | add_ln105_18                      | add | fabric    | 0       |
|    add_ln105_19_fu_6110_p2                                                    |     |        | add_ln105_19                      | add | fabric    | 0       |
|    add_ln105_20_fu_6188_p2                                                    |     |        | add_ln105_20                      | add | fabric    | 0       |
|    add_ln105_21_fu_6266_p2                                                    |     |        | add_ln105_21                      | add | fabric    | 0       |
|    add_ln105_22_fu_6344_p2                                                    |     |        | add_ln105_22                      | add | fabric    | 0       |
|    add_ln105_23_fu_6422_p2                                                    |     |        | add_ln105_23                      | add | fabric    | 0       |
|    add_ln105_24_fu_6500_p2                                                    |     |        | add_ln105_24                      | add | fabric    | 0       |
|    add_ln105_25_fu_6578_p2                                                    |     |        | add_ln105_25                      | add | fabric    | 0       |
|    add_ln105_26_fu_6656_p2                                                    |     |        | add_ln105_26                      | add | fabric    | 0       |
|    add_ln105_27_fu_6734_p2                                                    |     |        | add_ln105_27                      | add | fabric    | 0       |
|    add_ln105_28_fu_6812_p2                                                    |     |        | add_ln105_28                      | add | fabric    | 0       |
|    add_ln105_29_fu_6890_p2                                                    |     |        | add_ln105_29                      | add | fabric    | 0       |
|    add_ln105_30_fu_6968_p2                                                    |     |        | add_ln105_30                      | add | fabric    | 0       |
|    add_ln105_31_fu_7046_p2                                                    |     |        | add_ln105_31                      | add | fabric    | 0       |
|    add_ln105_32_fu_7124_p2                                                    |     |        | add_ln105_32                      | add | fabric    | 0       |
|    add_ln105_33_fu_7202_p2                                                    |     |        | add_ln105_33                      | add | fabric    | 0       |
|    add_ln105_34_fu_7280_p2                                                    |     |        | add_ln105_34                      | add | fabric    | 0       |
|    add_ln105_35_fu_7358_p2                                                    |     |        | add_ln105_35                      | add | fabric    | 0       |
|    add_ln105_36_fu_7436_p2                                                    |     |        | add_ln105_36                      | add | fabric    | 0       |
|    add_ln105_37_fu_7514_p2                                                    |     |        | add_ln105_37                      | add | fabric    | 0       |
|    add_ln105_38_fu_7592_p2                                                    |     |        | add_ln105_38                      | add | fabric    | 0       |
|    add_ln105_39_fu_7670_p2                                                    |     |        | add_ln105_39                      | add | fabric    | 0       |
|    add_ln105_40_fu_7748_p2                                                    |     |        | add_ln105_40                      | add | fabric    | 0       |
|    add_ln105_41_fu_7826_p2                                                    |     |        | add_ln105_41                      | add | fabric    | 0       |
|    add_ln105_42_fu_7904_p2                                                    |     |        | add_ln105_42                      | add | fabric    | 0       |
|    add_ln105_43_fu_7982_p2                                                    |     |        | add_ln105_43                      | add | fabric    | 0       |
|    add_ln105_44_fu_8060_p2                                                    |     |        | add_ln105_44                      | add | fabric    | 0       |
|    add_ln105_45_fu_8138_p2                                                    |     |        | add_ln105_45                      | add | fabric    | 0       |
|    add_ln105_46_fu_8216_p2                                                    |     |        | add_ln105_46                      | add | fabric    | 0       |
|    add_ln105_47_fu_8294_p2                                                    |     |        | add_ln105_47                      | add | fabric    | 0       |
|  + dense_wide_stream_array_array_ap_fixed_21_12_5_3_0_1u_config12_s           | 32  |        |                                   |     |           |         |
|   + dense_wide_stream_array_array_ap_fixed_1u_config12_Pipeline_DenseValues   | 32  |        |                                   |     |           |         |
|     add_ln899_fu_387_p2                                                       |     |        | add_ln899                         | add | fabric    | 0       |
|     mac_muladd_10s_5s_16s_16_1_1_U96                                          | 1   |        | mul_ln73                          | mul | dsp_slice | 0       |
|     mul_10s_5s_15_1_1_U64                                                     |     |        | mul_ln73_1                        | mul | auto      | 0       |
|     mac_muladd_10s_5s_15s_16_1_1_U80                                          | 1   |        | mul_ln73_2                        | mul | dsp_slice | 0       |
|     mac_muladd_10s_5s_16s_16_1_1_U97                                          | 1   |        | mul_ln73_3                        | mul | dsp_slice | 0       |
|     mul_10s_5s_15_1_1_U65                                                     |     |        | mul_ln73_4                        | mul | auto      | 0       |
|     mac_muladd_10s_5s_15s_16_1_1_U81                                          | 1   |        | mul_ln73_5                        | mul | dsp_slice | 0       |
|     mac_muladd_10s_5s_16s_16_1_1_U98                                          | 1   |        | mul_ln73_6                        | mul | dsp_slice | 0       |
|     mul_10s_5s_15_1_1_U66                                                     |     |        | mul_ln73_7                        | mul | auto      | 0       |
|     mac_muladd_10s_5s_15s_16_1_1_U82                                          | 1   |        | mul_ln73_8                        | mul | dsp_slice | 0       |
|     mac_muladd_10s_5s_16s_16_1_1_U99                                          | 1   |        | mul_ln73_9                        | mul | dsp_slice | 0       |
|     mul_10s_5s_15_1_1_U67                                                     |     |        | mul_ln73_10                       | mul | auto      | 0       |
|     mac_muladd_10s_5s_15s_16_1_1_U83                                          | 1   |        | mul_ln73_11                       | mul | dsp_slice | 0       |
|     mac_muladd_10s_5s_16s_16_1_1_U100                                         | 1   |        | mul_ln73_12                       | mul | dsp_slice | 0       |
|     mul_10s_5s_15_1_1_U68                                                     |     |        | mul_ln73_13                       | mul | auto      | 0       |
|     mac_muladd_10s_5s_15s_16_1_1_U84                                          | 1   |        | mul_ln73_14                       | mul | dsp_slice | 0       |
|     mac_muladd_10s_5s_16s_16_1_1_U101                                         | 1   |        | mul_ln73_15                       | mul | dsp_slice | 0       |
|     mul_10s_5s_15_1_1_U69                                                     |     |        | mul_ln73_16                       | mul | auto      | 0       |
|     mac_muladd_10s_5s_15s_16_1_1_U85                                          | 1   |        | mul_ln73_17                       | mul | dsp_slice | 0       |
|     mac_muladd_10s_5s_16s_16_1_1_U102                                         | 1   |        | mul_ln73_18                       | mul | dsp_slice | 0       |
|     mul_10s_5s_15_1_1_U70                                                     |     |        | mul_ln73_19                       | mul | auto      | 0       |
|     mac_muladd_10s_5s_15s_16_1_1_U86                                          | 1   |        | mul_ln73_20                       | mul | dsp_slice | 0       |
|     mac_muladd_10s_5s_16s_16_1_1_U103                                         | 1   |        | mul_ln73_21                       | mul | dsp_slice | 0       |
|     mul_10s_5s_15_1_1_U71                                                     |     |        | mul_ln73_22                       | mul | auto      | 0       |
|     mac_muladd_10s_5s_15s_16_1_1_U87                                          | 1   |        | mul_ln73_23                       | mul | dsp_slice | 0       |
|     mac_muladd_10s_5s_16s_16_1_1_U104                                         | 1   |        | mul_ln73_24                       | mul | dsp_slice | 0       |
|     mul_10s_5s_15_1_1_U72                                                     |     |        | mul_ln73_25                       | mul | auto      | 0       |
|     mac_muladd_10s_5s_15s_16_1_1_U88                                          | 1   |        | mul_ln73_26                       | mul | dsp_slice | 0       |
|     mac_muladd_10s_5s_16s_16_1_1_U105                                         | 1   |        | mul_ln73_27                       | mul | dsp_slice | 0       |
|     mul_10s_5s_15_1_1_U73                                                     |     |        | mul_ln73_28                       | mul | auto      | 0       |
|     mac_muladd_10s_5s_15s_16_1_1_U89                                          | 1   |        | mul_ln73_29                       | mul | dsp_slice | 0       |
|     mac_muladd_10s_5s_16s_16_1_1_U106                                         | 1   |        | mul_ln73_30                       | mul | dsp_slice | 0       |
|     mul_10s_5s_15_1_1_U74                                                     |     |        | mul_ln73_31                       | mul | auto      | 0       |
|     mac_muladd_10s_5s_15s_16_1_1_U90                                          | 1   |        | mul_ln73_32                       | mul | dsp_slice | 0       |
|     mac_muladd_10s_5s_16s_16_1_1_U107                                         | 1   |        | mul_ln73_33                       | mul | dsp_slice | 0       |
|     mul_10s_5s_15_1_1_U75                                                     |     |        | mul_ln73_34                       | mul | auto      | 0       |
|     mac_muladd_10s_5s_15s_16_1_1_U91                                          | 1   |        | mul_ln73_35                       | mul | dsp_slice | 0       |
|     mac_muladd_10s_5s_16s_16_1_1_U108                                         | 1   |        | mul_ln73_36                       | mul | dsp_slice | 0       |
|     mul_10s_5s_15_1_1_U76                                                     |     |        | mul_ln73_37                       | mul | auto      | 0       |
|     mac_muladd_10s_5s_15s_16_1_1_U92                                          | 1   |        | mul_ln73_38                       | mul | dsp_slice | 0       |
|     mac_muladd_10s_5s_16s_16_1_1_U109                                         | 1   |        | mul_ln73_39                       | mul | dsp_slice | 0       |
|     mul_10s_5s_15_1_1_U77                                                     |     |        | mul_ln73_40                       | mul | auto      | 0       |
|     mac_muladd_10s_5s_15s_16_1_1_U93                                          | 1   |        | mul_ln73_41                       | mul | dsp_slice | 0       |
|     mac_muladd_10s_5s_16s_16_1_1_U110                                         | 1   |        | mul_ln73_42                       | mul | dsp_slice | 0       |
|     mul_10s_5s_15_1_1_U78                                                     |     |        | mul_ln73_43                       | mul | auto      | 0       |
|     mac_muladd_10s_5s_15s_16_1_1_U94                                          | 1   |        | mul_ln73_44                       | mul | dsp_slice | 0       |
|     mac_muladd_10s_5s_15s_16_1_1_U111                                         | 1   |        | mul_ln73_45                       | mul | dsp_slice | 0       |
|     mul_10s_5s_15_1_1_U79                                                     |     |        | mul_ln73_46                       | mul | auto      | 0       |
|     mac_muladd_10s_4ns_15s_15_1_1_U95                                         | 1   |        | mul_ln73_47                       | mul | dsp_slice | 0       |
|     mac_muladd_10s_5s_15s_16_1_1_U80                                          | 1   |        | add_ln926                         | add | dsp_slice | 0       |
|     mac_muladd_10s_5s_16s_16_1_1_U96                                          | 1   |        | add_ln926_1                       | add | dsp_slice | 0       |
|     mac_muladd_10s_5s_15s_16_1_1_U81                                          | 1   |        | add_ln926_2                       | add | dsp_slice | 0       |
|     mac_muladd_10s_5s_16s_16_1_1_U97                                          | 1   |        | add_ln926_3                       | add | dsp_slice | 0       |
|     add_ln926_4_fu_1801_p2                                                    |     |        | add_ln926_4                       | add | fabric    | 0       |
|     mac_muladd_10s_5s_15s_16_1_1_U82                                          | 1   |        | add_ln926_5                       | add | dsp_slice | 0       |
|     mac_muladd_10s_5s_16s_16_1_1_U98                                          | 1   |        | add_ln926_6                       | add | dsp_slice | 0       |
|     mac_muladd_10s_5s_15s_16_1_1_U83                                          | 1   |        | add_ln926_7                       | add | dsp_slice | 0       |
|     mac_muladd_10s_5s_16s_16_1_1_U99                                          | 1   |        | add_ln926_8                       | add | dsp_slice | 0       |
|     add_ln926_9_fu_1813_p2                                                    |     |        | add_ln926_9                       | add | fabric    | 0       |
|     add_ln926_10_fu_1900_p2                                                   |     |        | add_ln926_10                      | add | fabric    | 0       |
|     mac_muladd_10s_5s_15s_16_1_1_U84                                          | 1   |        | add_ln926_11                      | add | dsp_slice | 0       |
|     mac_muladd_10s_5s_16s_16_1_1_U100                                         | 1   |        | add_ln926_12                      | add | dsp_slice | 0       |
|     mac_muladd_10s_5s_15s_16_1_1_U85                                          | 1   |        | add_ln926_13                      | add | dsp_slice | 0       |
|     mac_muladd_10s_5s_16s_16_1_1_U101                                         | 1   |        | add_ln926_14                      | add | dsp_slice | 0       |
|     add_ln926_15_fu_1825_p2                                                   |     |        | add_ln926_15                      | add | fabric    | 0       |
|     mac_muladd_10s_5s_15s_16_1_1_U86                                          | 1   |        | add_ln926_16                      | add | dsp_slice | 0       |
|     mac_muladd_10s_5s_16s_16_1_1_U102                                         | 1   |        | add_ln926_17                      | add | dsp_slice | 0       |
|     mac_muladd_10s_5s_15s_16_1_1_U87                                          | 1   |        | add_ln926_18                      | add | dsp_slice | 0       |
|     mac_muladd_10s_5s_16s_16_1_1_U103                                         | 1   |        | add_ln926_19                      | add | dsp_slice | 0       |
|     add_ln926_20_fu_1837_p2                                                   |     |        | add_ln926_20                      | add | fabric    | 0       |
|     add_ln926_21_fu_1916_p2                                                   |     |        | add_ln926_21                      | add | fabric    | 0       |
|     add_ln926_22_fu_1926_p2                                                   |     |        | add_ln926_22                      | add | fabric    | 0       |
|     mac_muladd_10s_5s_15s_16_1_1_U88                                          | 1   |        | add_ln926_23                      | add | dsp_slice | 0       |
|     mac_muladd_10s_5s_16s_16_1_1_U104                                         | 1   |        | add_ln926_24                      | add | dsp_slice | 0       |
|     mac_muladd_10s_5s_15s_16_1_1_U89                                          | 1   |        | add_ln926_25                      | add | dsp_slice | 0       |
|     mac_muladd_10s_5s_16s_16_1_1_U105                                         | 1   |        | add_ln926_26                      | add | dsp_slice | 0       |
|     add_ln926_27_fu_1849_p2                                                   |     |        | add_ln926_27                      | add | fabric    | 0       |
|     mac_muladd_10s_5s_15s_16_1_1_U90                                          | 1   |        | add_ln926_28                      | add | dsp_slice | 0       |
|     mac_muladd_10s_5s_16s_16_1_1_U106                                         | 1   |        | add_ln926_29                      | add | dsp_slice | 0       |
|     mac_muladd_10s_5s_15s_16_1_1_U91                                          | 1   |        | add_ln926_30                      | add | dsp_slice | 0       |
|     mac_muladd_10s_5s_16s_16_1_1_U107                                         | 1   |        | add_ln926_31                      | add | dsp_slice | 0       |
|     add_ln926_32_fu_1861_p2                                                   |     |        | add_ln926_32                      | add | fabric    | 0       |
|     add_ln926_33_fu_1942_p2                                                   |     |        | add_ln926_33                      | add | fabric    | 0       |
|     mac_muladd_10s_5s_15s_16_1_1_U92                                          | 1   |        | add_ln926_34                      | add | dsp_slice | 0       |
|     mac_muladd_10s_5s_16s_16_1_1_U108                                         | 1   |        | add_ln926_35                      | add | dsp_slice | 0       |
|     mac_muladd_10s_5s_15s_16_1_1_U93                                          | 1   |        | add_ln926_36                      | add | dsp_slice | 0       |
|     mac_muladd_10s_5s_16s_16_1_1_U109                                         | 1   |        | add_ln926_37                      | add | dsp_slice | 0       |
|     add_ln926_38_fu_1873_p2                                                   |     |        | add_ln926_38                      | add | fabric    | 0       |
|     mac_muladd_10s_5s_15s_16_1_1_U94                                          | 1   |        | add_ln926_39                      | add | dsp_slice | 0       |
|     mac_muladd_10s_5s_16s_16_1_1_U110                                         | 1   |        | add_ln926_40                      | add | dsp_slice | 0       |
|     mac_muladd_10s_4ns_15s_15_1_1_U95                                         | 1   |        | add_ln926_41                      | add | dsp_slice | 0       |
|     mac_muladd_10s_5s_15s_16_1_1_U111                                         | 1   |        | add_ln926_42                      | add | dsp_slice | 0       |
|     add_ln926_43_fu_1888_p2                                                   |     |        | add_ln926_43                      | add | fabric    | 0       |
|     add_ln926_44_fu_1958_p2                                                   |     |        | add_ln926_44                      | add | fabric    | 0       |
|     add_ln926_45_fu_1968_p2                                                   |     |        | add_ln926_45                      | add | fabric    | 0       |
|     add_ln926_46_fu_1978_p2                                                   |     |        | add_ln926_46                      | add | fabric    | 0       |
|     accumulator_1_fu_1990_p2                                                  |     |        | accumulator_1                     | add | fabric    | 0       |
+-------------------------------------------------------------------------------+-----+--------+-----------------------------------+-----+-----------+---------+


================================================================
== Storage Report
================================================================
+-----------------------------------------------------------------------------+--------------+--------+------+------+--------+------------------+--------+---------+------------------+
| Name                                                                        | Usage        | Type   | BRAM | URAM | Pragma | Variable         | Impl   | Latency | Bitwidth, Depth, |
|                                                                             |              |        |      |      |        |                  |        |         | Banks            |
+-----------------------------------------------------------------------------+--------------+--------+------+------+--------+------------------+--------+---------+------------------+
| + cnn_core                                                                  |              |        | 155  | 0    |        |                  |        |         |                  |
|   layer5_out_x4_U                                                           | fifo channel | stream | 27   |      |        | layer5_out_x4    | memory | 0       | 480, 4, 1        |
|   layer7_out_U                                                              | fifo channel | stream | 48   |      |        | layer7_out       | memory | 0       | 864, 4, 1        |
|   layer8_out_U                                                              | fifo channel | stream | 46   |      |        | layer8_out       | memory | 0       | 816, 4, 1        |
|   layer9_out_U                                                              | fifo channel | stream | 27   |      |        | layer9_out       | memory | 0       | 480, 4, 1        |
|  + dense_wide_stream_array_array_ap_fixed_21_12_5_3_0_1u_config12_s         |              |        | 7    | 0    |        |                  |        |         |                  |
|   + dense_wide_stream_array_array_ap_fixed_1u_config12_Pipeline_DenseValues |              |        | 7    | 0    |        |                  |        |         |                  |
|     w12_ravel_packed_U                                                      | rom_1p       |        | 7    |      |        | w12_ravel_packed | auto   | 1       | 239, 6, 1        |
+-----------------------------------------------------------------------------+--------------+--------+------+------+--------+------------------+--------+---------+------------------+


================================================================
== Pragma Report
================================================================
* Ignored Pragmas
+------------+---------------------+---------------------------------------------------------------+------------------------------------------------------------------+
| Type       | Options             | Location                                                      | Messages                                                         |
+------------+---------------------+---------------------------------------------------------------+------------------------------------------------------------------+
| allocation | instances = softmax | firmware/nnet_utils/nnet_activation.h:402 in softmax_multidim | unexpected pragma argument 'softmax', expects function/operation |
+------------+---------------------+---------------------------------------------------------------+------------------------------------------------------------------+

* Pragmas with Warnings
+----------+-----------------------------------+-----------------------------------------------------------------------------------------+----------------------------------------------------------------------------+
| Type     | Options                           | Location                                                                                | Messages                                                                   |
+----------+-----------------------------------+-----------------------------------------------------------------------------------------+----------------------------------------------------------------------------+
| resource | variable=weights core=ROM_nP_BRAM | firmware/nnet_utils/nnet_dense_resource.h:33 in dense_resource_rf_leq_nin, weights      | 'Resource pragma' is deprecated, use 'bind_op/bind_storage pragma' instead |
| resource | variable=weights core=ROM_nP_BRAM | firmware/nnet_utils/nnet_dense_resource.h:107 in dense_resource_rf_gt_nin_rem0, weights | 'Resource pragma' is deprecated, use 'bind_op/bind_storage pragma' instead |
| resource | variable=weights core=ROM_nP_BRAM | firmware/nnet_utils/nnet_dense_resource.h:189 in dense_resource_rf_gt_nin, weights      | 'Resource pragma' is deprecated, use 'bind_op/bind_storage pragma' instead |
+----------+-----------------------------------+-----------------------------------------------------------------------------------------+----------------------------------------------------------------------------+

* Valid Pragma Syntax
+----------------------+---------------------------------------------------------------------------------------------------------------------------------------------+------------------------------------------------------------------------------------------------+
| Type                 | Options                                                                                                                                     | Location                                                                                       |
+----------------------+---------------------------------------------------------------------------------------------------------------------------------------------+------------------------------------------------------------------------------------------------+
| interface            | axis port=waveform,layer12_out                                                                                                              | firmware/cnn_core.cpp:9 in cnn_core, waveform,layer12_out                                      |
| dataflow             |                                                                                                                                             | firmware/cnn_core.cpp:10 in cnn_core                                                           |
| stream               | variable=layer5_out_x4 depth=4                                                                                                              | firmware/cnn_core.cpp:24 in cnn_core, layer5_out_x4                                            |
| stream               | variable=layer7_out depth=4                                                                                                                 | firmware/cnn_core.cpp:26 in cnn_core, layer7_out                                               |
| stream               | variable=layer8_out depth=4                                                                                                                 | firmware/cnn_core.cpp:28 in cnn_core, layer8_out                                               |
| stream               | variable=layer9_out depth=4                                                                                                                 | firmware/cnn_core.cpp:30 in cnn_core, layer9_out                                               |
| pipeline             |                                                                                                                                             | firmware/nnet_utils/nnet_activation.h:29 in linear                                             |
| pipeline             |                                                                                                                                             | firmware/nnet_utils/nnet_activation.h:40 in relu                                               |
| pipeline             |                                                                                                                                             | firmware/nnet_utils/nnet_activation.h:54 in relu_max                                           |
| pipeline             |                                                                                                                                             | firmware/nnet_utils/nnet_activation.h:109 in sigmoid                                           |
| pipeline             |                                                                                                                                             | firmware/nnet_utils/nnet_activation.h:176 in softmax_latency                                   |
| array_partition      | variable=exp_res complete                                                                                                                   | firmware/nnet_utils/nnet_activation.h:198 in softmax_latency, exp_res                          |
| unroll               |                                                                                                                                             | firmware/nnet_utils/nnet_activation.h:201 in softmax_latency                                   |
| unroll               |                                                                                                                                             | firmware/nnet_utils/nnet_activation.h:214 in softmax_latency                                   |
| pipeline             |                                                                                                                                             | firmware/nnet_utils/nnet_activation.h:221 in softmax_stable                                    |
| unroll               |                                                                                                                                             | firmware/nnet_utils/nnet_activation.h:247 in softmax_stable                                    |
| array_partition      | variable=exp_res complete                                                                                                                   | firmware/nnet_utils/nnet_activation.h:253 in softmax_stable, exp_res                           |
| unroll               |                                                                                                                                             | firmware/nnet_utils/nnet_activation.h:256 in softmax_stable                                    |
| unroll               |                                                                                                                                             | firmware/nnet_utils/nnet_activation.h:269 in softmax_stable                                    |
| pipeline             |                                                                                                                                             | firmware/nnet_utils/nnet_activation.h:317 in softmax_legacy                                    |
| unroll               |                                                                                                                                             | firmware/nnet_utils/nnet_activation.h:362 in softmax_argmax                                    |
| pipeline             |                                                                                                                                             | firmware/nnet_utils/nnet_activation.h:370 in softmax_argmax                                    |
| inline               |                                                                                                                                             | firmware/nnet_utils/nnet_activation.h:382 in softmax                                           |
| inline               |                                                                                                                                             | firmware/nnet_utils/nnet_activation.h:401 in softmax_multidim                                  |
| unroll               |                                                                                                                                             | firmware/nnet_utils/nnet_activation.h:406 in softmax_multidim                                  |
| unroll               |                                                                                                                                             | firmware/nnet_utils/nnet_activation.h:408 in softmax_multidim                                  |
| unroll               |                                                                                                                                             | firmware/nnet_utils/nnet_activation.h:410 in softmax_multidim                                  |
| unroll               |                                                                                                                                             | firmware/nnet_utils/nnet_activation.h:415 in softmax_multidim                                  |
| pipeline             |                                                                                                                                             | firmware/nnet_utils/nnet_activation.h:452 in tanh                                              |
| function_instantiate | variable=table                                                                                                                              | firmware/nnet_utils/nnet_activation.h:481 in unary_lut, table                                  |
| array_partition      | variable=table                                                                                                                              | firmware/nnet_utils/nnet_activation.h:482 in unary_lut, table                                  |
| unroll               |                                                                                                                                             | firmware/nnet_utils/nnet_activation.h:485 in unary_lut                                         |
| pipeline             |                                                                                                                                             | firmware/nnet_utils/nnet_activation.h:496 in hard_sigmoid                                      |
| pipeline             |                                                                                                                                             | firmware/nnet_utils/nnet_activation.h:511 in hard_tanh                                         |
| pipeline             |                                                                                                                                             | firmware/nnet_utils/nnet_activation.h:529 in leaky_relu                                        |
| pipeline             |                                                                                                                                             | firmware/nnet_utils/nnet_activation.h:546 in thresholded_relu                                  |
| pipeline             |                                                                                                                                             | firmware/nnet_utils/nnet_activation.h:591 in softplus                                          |
| pipeline             |                                                                                                                                             | firmware/nnet_utils/nnet_activation.h:640 in softsign                                          |
| pipeline             |                                                                                                                                             | firmware/nnet_utils/nnet_activation.h:689 in elu                                               |
| pipeline             |                                                                                                                                             | firmware/nnet_utils/nnet_activation.h:748 in selu                                              |
| pipeline             |                                                                                                                                             | firmware/nnet_utils/nnet_activation.h:776 in prelu                                             |
| pipeline             |                                                                                                                                             | firmware/nnet_utils/nnet_activation.h:804 in binary_tanh                                       |
| pipeline             |                                                                                                                                             | firmware/nnet_utils/nnet_activation.h:824 in ternary_tanh                                      |
| pipeline             |                                                                                                                                             | firmware/nnet_utils/nnet_activation_stream.h:20 in linear                                      |
| unroll               |                                                                                                                                             | firmware/nnet_utils/nnet_activation_stream.h:28 in linear                                      |
| pipeline             |                                                                                                                                             | firmware/nnet_utils/nnet_activation_stream.h:42 in relu                                        |
| unroll               |                                                                                                                                             | firmware/nnet_utils/nnet_activation_stream.h:50 in relu                                        |
| pipeline             |                                                                                                                                             | firmware/nnet_utils/nnet_activation_stream.h:81 in sigmoid                                     |
| unroll               |                                                                                                                                             | firmware/nnet_utils/nnet_activation_stream.h:89 in sigmoid                                     |
| array_partition      | variable=exp_res complete                                                                                                                   | firmware/nnet_utils/nnet_activation_stream.h:133 in softmax_latency, exp_res                   |
| pipeline             | II=ii                                                                                                                                       | firmware/nnet_utils/nnet_activation_stream.h:137 in softmax_latency                            |
| unroll               |                                                                                                                                             | firmware/nnet_utils/nnet_activation_stream.h:142 in softmax_latency                            |
| unroll               |                                                                                                                                             | firmware/nnet_utils/nnet_activation_stream.h:160 in softmax_latency                            |
| allocation           | operation instances=mul limit=multiplier_limit                                                                                              | firmware/nnet_utils/nnet_activation_stream.h:161 in softmax_latency                            |
| array_partition      | variable=data_array complete                                                                                                                | firmware/nnet_utils/nnet_activation_stream.h:193 in softmax_stable, data_array                 |
| pipeline             | II=ii                                                                                                                                       | firmware/nnet_utils/nnet_activation_stream.h:196 in softmax_stable                             |
| unroll               |                                                                                                                                             | firmware/nnet_utils/nnet_activation_stream.h:201 in softmax_stable                             |
| unroll               |                                                                                                                                             | firmware/nnet_utils/nnet_activation_stream.h:212 in softmax_stable                             |
| array_partition      | variable=exp_res complete                                                                                                                   | firmware/nnet_utils/nnet_activation_stream.h:218 in softmax_stable, exp_res                    |
| unroll               |                                                                                                                                             | firmware/nnet_utils/nnet_activation_stream.h:221 in softmax_stable                             |
| unroll               |                                                                                                                                             | firmware/nnet_utils/nnet_activation_stream.h:239 in softmax_stable                             |
| allocation           | operation instances=mul limit=multiplier_limit                                                                                              | firmware/nnet_utils/nnet_activation_stream.h:240 in softmax_stable                             |
| pipeline             |                                                                                                                                             | firmware/nnet_utils/nnet_activation_stream.h:272 in softmax_legacy                             |
| unroll               |                                                                                                                                             | firmware/nnet_utils/nnet_activation_stream.h:276 in softmax_legacy                             |
| unroll               |                                                                                                                                             | firmware/nnet_utils/nnet_activation_stream.h:283 in softmax_legacy                             |
| unroll               |                                                                                                                                             | firmware/nnet_utils/nnet_activation_stream.h:286 in softmax_legacy                             |
| unroll               |                                                                                                                                             | firmware/nnet_utils/nnet_activation_stream.h:309 in softmax_legacy                             |
| pipeline             |                                                                                                                                             | firmware/nnet_utils/nnet_activation_stream.h:326 in softmax_argmax                             |
| unroll               |                                                                                                                                             | firmware/nnet_utils/nnet_activation_stream.h:331 in softmax_argmax                             |
| pipeline             |                                                                                                                                             | firmware/nnet_utils/nnet_activation_stream.h:339 in softmax_argmax                             |
| pipeline             |                                                                                                                                             | firmware/nnet_utils/nnet_activation_stream.h:390 in tanh                                       |
| unroll               |                                                                                                                                             | firmware/nnet_utils/nnet_activation_stream.h:398 in tanh                                       |
| function_instantiate | variable=table                                                                                                                              | firmware/nnet_utils/nnet_activation_stream.h:418 in unary_lut, table                           |
| array_partition      | variable=table complete                                                                                                                     | firmware/nnet_utils/nnet_activation_stream.h:419 in unary_lut, table                           |
| pipeline             | II=CONFIG_T::reuse_factor rewind                                                                                                            | firmware/nnet_utils/nnet_activation_stream.h:423 in unary_lut                                  |
| unroll               |                                                                                                                                             | firmware/nnet_utils/nnet_activation_stream.h:431 in unary_lut                                  |
| pipeline             |                                                                                                                                             | firmware/nnet_utils/nnet_activation_stream.h:449 in hard_sigmoid                               |
| unroll               |                                                                                                                                             | firmware/nnet_utils/nnet_activation_stream.h:457 in hard_sigmoid                               |
| pipeline             |                                                                                                                                             | firmware/nnet_utils/nnet_activation_stream.h:474 in hard_tanh                                  |
| unroll               |                                                                                                                                             | firmware/nnet_utils/nnet_activation_stream.h:482 in hard_tanh                                  |
| pipeline             |                                                                                                                                             | firmware/nnet_utils/nnet_activation_stream.h:503 in leaky_relu                                 |
| unroll               |                                                                                                                                             | firmware/nnet_utils/nnet_activation_stream.h:511 in leaky_relu                                 |
| pipeline             |                                                                                                                                             | firmware/nnet_utils/nnet_activation_stream.h:529 in thresholded_relu                           |
| unroll               |                                                                                                                                             | firmware/nnet_utils/nnet_activation_stream.h:537 in thresholded_relu                           |
| pipeline             |                                                                                                                                             | firmware/nnet_utils/nnet_activation_stream.h:568 in softplus                                   |
| unroll               |                                                                                                                                             | firmware/nnet_utils/nnet_activation_stream.h:576 in softplus                                   |
| pipeline             |                                                                                                                                             | firmware/nnet_utils/nnet_activation_stream.h:609 in softsign                                   |
| unroll               |                                                                                                                                             | firmware/nnet_utils/nnet_activation_stream.h:617 in softsign                                   |
| pipeline             |                                                                                                                                             | firmware/nnet_utils/nnet_activation_stream.h:650 in elu                                        |
| unroll               |                                                                                                                                             | firmware/nnet_utils/nnet_activation_stream.h:658 in elu                                        |
| pipeline             |                                                                                                                                             | firmware/nnet_utils/nnet_activation_stream.h:698 in selu                                       |
| unroll               |                                                                                                                                             | firmware/nnet_utils/nnet_activation_stream.h:706 in selu                                       |
| pipeline             |                                                                                                                                             | firmware/nnet_utils/nnet_activation_stream.h:730 in prelu                                      |
| unroll               |                                                                                                                                             | firmware/nnet_utils/nnet_activation_stream.h:738 in prelu                                      |
| pipeline             |                                                                                                                                             | firmware/nnet_utils/nnet_activation_stream.h:756 in binary_tanh                                |
| unroll               |                                                                                                                                             | firmware/nnet_utils/nnet_activation_stream.h:765 in binary_tanh                                |
| pipeline             |                                                                                                                                             | firmware/nnet_utils/nnet_activation_stream.h:784 in ternary_tanh                               |
| unroll               |                                                                                                                                             | firmware/nnet_utils/nnet_activation_stream.h:792 in ternary_tanh                               |
| array_partition      | variable=row_buf complete dim=0                                                                                                             | firmware/nnet_utils/nnet_aria.h:36 in first_conv_2row_4lane_temporal_wide_cl, row_buf          |
| pipeline             | II=1                                                                                                                                        | firmware/nnet_utils/nnet_aria.h:42 in first_conv_2row_4lane_temporal_wide_cl                   |
| array_partition      | variable=row0 complete                                                                                                                      | firmware/nnet_utils/nnet_aria.h:46 in first_conv_2row_4lane_temporal_wide_cl, row0             |
| array_partition      | variable=row1 complete                                                                                                                      | firmware/nnet_utils/nnet_aria.h:47 in first_conv_2row_4lane_temporal_wide_cl, row1             |
| unroll               |                                                                                                                                             | firmware/nnet_utils/nnet_aria.h:49 in first_conv_2row_4lane_temporal_wide_cl                   |
| array_partition      | variable=old_buf complete dim=0                                                                                                             | firmware/nnet_utils/nnet_aria.h:55 in first_conv_2row_4lane_temporal_wide_cl, old_buf          |
| unroll               |                                                                                                                                             | firmware/nnet_utils/nnet_aria.h:57 in first_conv_2row_4lane_temporal_wide_cl                   |
| unroll               |                                                                                                                                             | firmware/nnet_utils/nnet_aria.h:59 in first_conv_2row_4lane_temporal_wide_cl                   |
| unroll               |                                                                                                                                             | firmware/nnet_utils/nnet_aria.h:64 in first_conv_2row_4lane_temporal_wide_cl                   |
| unroll               |                                                                                                                                             | firmware/nnet_utils/nnet_aria.h:69 in first_conv_2row_4lane_temporal_wide_cl                   |
| unroll               |                                                                                                                                             | firmware/nnet_utils/nnet_aria.h:71 in first_conv_2row_4lane_temporal_wide_cl                   |
| unroll               |                                                                                                                                             | firmware/nnet_utils/nnet_aria.h:84 in first_conv_2row_4lane_temporal_wide_cl                   |
| array_partition      | variable=kernel_data complete                                                                                                               | firmware/nnet_utils/nnet_aria.h:86 in first_conv_2row_4lane_temporal_wide_cl, kernel_data      |
| unroll               |                                                                                                                                             | firmware/nnet_utils/nnet_aria.h:88 in first_conv_2row_4lane_temporal_wide_cl                   |
| array_partition      | variable=res_out complete                                                                                                                   | firmware/nnet_utils/nnet_aria.h:97 in first_conv_2row_4lane_temporal_wide_cl, res_out          |
| unroll               |                                                                                                                                             | firmware/nnet_utils/nnet_aria.h:104 in first_conv_2row_4lane_temporal_wide_cl                  |
| inline               |                                                                                                                                             | firmware/nnet_utils/nnet_aria.h:123 in first_conv_4row_compute_window                          |
| unroll               |                                                                                                                                             | firmware/nnet_utils/nnet_aria.h:127 in first_conv_4row_compute_window                          |
| array_partition      | variable=kernel_data complete                                                                                                               | firmware/nnet_utils/nnet_aria.h:129 in first_conv_4row_compute_window, kernel_data             |
| unroll               |                                                                                                                                             | firmware/nnet_utils/nnet_aria.h:131 in first_conv_4row_compute_window                          |
| array_partition      | variable=res_out complete                                                                                                                   | firmware/nnet_utils/nnet_aria.h:135 in first_conv_4row_compute_window, res_out                 |
| unroll               |                                                                                                                                             | firmware/nnet_utils/nnet_aria.h:144 in first_conv_4row_compute_window                          |
| array_partition      | variable=previous complete dim=0                                                                                                            | firmware/nnet_utils/nnet_aria.h:172 in first_conv_4row_4lane_temporal_wide_cl, previous        |
| array_partition      | variable=window_rows complete dim=0                                                                                                         | firmware/nnet_utils/nnet_aria.h:173 in first_conv_4row_4lane_temporal_wide_cl, window_rows     |
| pipeline             | II=1                                                                                                                                        | firmware/nnet_utils/nnet_aria.h:180 in first_conv_4row_4lane_temporal_wide_cl                  |
| unroll               |                                                                                                                                             | firmware/nnet_utils/nnet_aria.h:190 in first_conv_4row_4lane_temporal_wide_cl                  |
| unroll               |                                                                                                                                             | firmware/nnet_utils/nnet_aria.h:192 in first_conv_4row_4lane_temporal_wide_cl                  |
| unroll               |                                                                                                                                             | firmware/nnet_utils/nnet_aria.h:212 in first_conv_4row_4lane_temporal_wide_cl                  |
| unroll               |                                                                                                                                             | firmware/nnet_utils/nnet_aria.h:214 in first_conv_4row_4lane_temporal_wide_cl                  |
| array_partition      | variable=previous complete                                                                                                                  | firmware/nnet_utils/nnet_aria.h:243 in maxpool2d_wide_nonoverlap_cl, previous                  |
| pipeline             | II=1                                                                                                                                        | firmware/nnet_utils/nnet_aria.h:247 in maxpool2d_wide_nonoverlap_cl                            |
| unroll               |                                                                                                                                             | firmware/nnet_utils/nnet_aria.h:251 in maxpool2d_wide_nonoverlap_cl                            |
| unroll               |                                                                                                                                             | firmware/nnet_utils/nnet_aria.h:258 in maxpool2d_wide_nonoverlap_cl                            |
| inline               |                                                                                                                                             | firmware/nnet_utils/nnet_aria.h:283 in phara_pool_aligned_direct_compute                       |
| unroll               |                                                                                                                                             | firmware/nnet_utils/nnet_aria.h:289 in phara_pool_aligned_direct_compute                       |
| array_partition      | variable=first_kernel complete                                                                                                              | firmware/nnet_utils/nnet_aria.h:292 in phara_pool_aligned_direct_compute, first_kernel         |
| array_partition      | variable=second_kernel complete                                                                                                             | firmware/nnet_utils/nnet_aria.h:293 in phara_pool_aligned_direct_compute, second_kernel        |
| unroll               |                                                                                                                                             | firmware/nnet_utils/nnet_aria.h:297 in phara_pool_aligned_direct_compute                       |
| array_partition      | variable=first_conv complete                                                                                                                | firmware/nnet_utils/nnet_aria.h:307 in phara_pool_aligned_direct_compute, first_conv           |
| array_partition      | variable=second_conv complete                                                                                                               | firmware/nnet_utils/nnet_aria.h:308 in phara_pool_aligned_direct_compute, second_conv          |
| unroll               |                                                                                                                                             | firmware/nnet_utils/nnet_aria.h:322 in phara_pool_aligned_direct_compute                       |
| inline               |                                                                                                                                             | firmware/nnet_utils/nnet_aria.h:344 in phara_affine_graph                                      |
| bind_op              | variable=phara_x1_5f_c_2d_11_5f_dsp op=mul impl=dsp                                                                                         | firmware/nnet_utils/nnet_aria.h:401 in phara_affine_graph, phara_x1_5f_c_2d_11_5f_dsp          |
| bind_op              | variable=phara_x3_5f_c11_5f_dsp op=mul impl=dsp                                                                                             | firmware/nnet_utils/nnet_aria.h:412 in phara_affine_graph, phara_x3_5f_c11_5f_dsp              |
| bind_op              | variable=phara_x4_5f_c_2d_11_5f_dsp op=mul impl=dsp                                                                                         | firmware/nnet_utils/nnet_aria.h:457 in phara_affine_graph, phara_x4_5f_c_2d_11_5f_dsp          |
| bind_op              | variable=phara_x6_5f_c11_5f_dsp op=mul impl=dsp                                                                                             | firmware/nnet_utils/nnet_aria.h:466 in phara_affine_graph, phara_x6_5f_c11_5f_dsp              |
| inline               |                                                                                                                                             | firmware/nnet_utils/nnet_aria.h:664 in phara_pool_aligned_hybrid_compute                       |
| unroll               |                                                                                                                                             | firmware/nnet_utils/nnet_aria.h:670 in phara_pool_aligned_hybrid_compute                       |
| array_partition      | variable=graph_inputs complete                                                                                                              | firmware/nnet_utils/nnet_aria.h:673 in phara_pool_aligned_hybrid_compute, graph_inputs         |
| array_partition      | variable=graph_outputs complete                                                                                                             | firmware/nnet_utils/nnet_aria.h:674 in phara_pool_aligned_hybrid_compute, graph_outputs        |
| unroll               |                                                                                                                                             | firmware/nnet_utils/nnet_aria.h:676 in phara_pool_aligned_hybrid_compute                       |
| unroll               |                                                                                                                                             | firmware/nnet_utils/nnet_aria.h:686 in phara_pool_aligned_hybrid_compute                       |
| array_partition      | variable=row_buffer complete dim=0                                                                                                          | firmware/nnet_utils/nnet_aria.h:746 in phara_pool_aligned_hybrid_p4_cl, row_buffer             |
| pipeline             | II=1                                                                                                                                        | firmware/nnet_utils/nnet_aria.h:751 in phara_pool_aligned_hybrid_p4_cl                         |
| unroll               |                                                                                                                                             | firmware/nnet_utils/nnet_aria.h:754 in phara_pool_aligned_hybrid_p4_cl                         |
| unroll               |                                                                                                                                             | firmware/nnet_utils/nnet_aria.h:758 in phara_pool_aligned_hybrid_p4_cl                         |
| array_partition      | variable=row_buffer complete dim=0                                                                                                          | firmware/nnet_utils/nnet_aria.h:826 in phara_pool_aligned_hybrid_p8_cl, row_buffer             |
| pipeline             | II=1 rewind=false                                                                                                                           | firmware/nnet_utils/nnet_aria.h:831 in phara_pool_aligned_hybrid_p8_cl                         |
| unroll               |                                                                                                                                             | firmware/nnet_utils/nnet_aria.h:845 in phara_pool_aligned_hybrid_p8_cl                         |
| unroll               |                                                                                                                                             | firmware/nnet_utils/nnet_aria.h:852 in phara_pool_aligned_hybrid_p8_cl                         |
| array_partition      | variable=biases complete                                                                                                                    | firmware/nnet_utils/nnet_aria.h:894 in dense_wide_stream, biases                               |
| pipeline             | II=1                                                                                                                                        | firmware/nnet_utils/nnet_aria.h:900 in dense_wide_stream                                       |
| array_partition      | variable=products complete                                                                                                                  | firmware/nnet_utils/nnet_aria.h:906 in dense_wide_stream, products                             |
| bind_op              | variable=products op=mul impl=dsp                                                                                                           | firmware/nnet_utils/nnet_aria.h:907 in dense_wide_stream, products                             |
| unroll               |                                                                                                                                             | firmware/nnet_utils/nnet_aria.h:910 in dense_wide_stream                                       |
| unroll               |                                                                                                                                             | firmware/nnet_utils/nnet_aria.h:924 in dense_wide_stream                                       |
| array_partition      | variable=data_buf complete dim=0                                                                                                            | firmware/nnet_utils/nnet_conv1d_latency.h:19 in conv_1d_latency_cl, data_buf                   |
| array_partition      | variable=mult complete                                                                                                                      | firmware/nnet_utils/nnet_conv1d_latency.h:22 in conv_1d_latency_cl, mult                       |
| array_partition      | variable=acc complete                                                                                                                       | firmware/nnet_utils/nnet_conv1d_latency.h:25 in conv_1d_latency_cl, acc                        |
| array_partition      | variable=weights complete                                                                                                                   | firmware/nnet_utils/nnet_conv1d_latency.h:27 in conv_1d_latency_cl, weights                    |
| array_partition      | variable=biases complete                                                                                                                    | firmware/nnet_utils/nnet_conv1d_latency.h:28 in conv_1d_latency_cl, biases                     |
| allocation           | operation instances=mul limit=CONFIG_T::mult_config::multiplier_limit                                                                       | firmware/nnet_utils/nnet_conv1d_latency.h:31 in conv_1d_latency_cl                             |
| pipeline             | II=CONFIG_T::reuse_factor rewind                                                                                                            | firmware/nnet_utils/nnet_conv1d_latency.h:35 in conv_1d_latency_cl                             |
| unroll               |                                                                                                                                             | firmware/nnet_utils/nnet_conv1d_latency.h:41 in conv_1d_latency_cl                             |
| unroll               |                                                                                                                                             | firmware/nnet_utils/nnet_conv1d_latency.h:48 in conv_1d_latency_cl                             |
| unroll               |                                                                                                                                             | firmware/nnet_utils/nnet_conv1d_latency.h:52 in conv_1d_latency_cl                             |
| unroll               |                                                                                                                                             | firmware/nnet_utils/nnet_conv1d_latency.h:62 in conv_1d_latency_cl                             |
| unroll               |                                                                                                                                             | firmware/nnet_utils/nnet_conv1d_latency.h:69 in conv_1d_latency_cl                             |
| unroll               |                                                                                                                                             | firmware/nnet_utils/nnet_conv1d_latency.h:72 in conv_1d_latency_cl                             |
| unroll               |                                                                                                                                             | firmware/nnet_utils/nnet_conv1d_latency.h:80 in conv_1d_latency_cl                             |
| array_partition      | variable=mult complete dim=0                                                                                                                | firmware/nnet_utils/nnet_conv1d_latency.h:98 in pointwise_conv_1d_latency_cl, mult             |
| array_partition      | variable=acc complete dim=0                                                                                                                 | firmware/nnet_utils/nnet_conv1d_latency.h:99 in pointwise_conv_1d_latency_cl, acc              |
| function_instantiate | variable=weights,biases                                                                                                                     | firmware/nnet_utils/nnet_conv1d_latency.h:102 in pointwise_conv_1d_latency_cl, weights,biases  |
| pipeline             | II=CONFIG_T::reuse_factor                                                                                                                   | firmware/nnet_utils/nnet_conv1d_latency.h:105 in pointwise_conv_1d_latency_cl                  |
| array_partition      | variable=weights complete dim=0                                                                                                             | firmware/nnet_utils/nnet_conv1d_latency.h:106 in pointwise_conv_1d_latency_cl, weights         |
| array_partition      | variable=biases complete dim=0                                                                                                              | firmware/nnet_utils/nnet_conv1d_latency.h:107 in pointwise_conv_1d_latency_cl, biases          |
| allocation           | operation instances=mul limit=CONFIG_T::mult_config::multiplier_limit                                                                       | firmware/nnet_utils/nnet_conv1d_latency.h:110 in pointwise_conv_1d_latency_cl                  |
| unroll               |                                                                                                                                             | firmware/nnet_utils/nnet_conv1d_latency.h:119 in pointwise_conv_1d_latency_cl                  |
| unroll               |                                                                                                                                             | firmware/nnet_utils/nnet_conv1d_latency.h:138 in pointwise_conv_1d_latency_cl                  |
| unroll               |                                                                                                                                             | firmware/nnet_utils/nnet_conv1d_latency.h:160 in pointwise_conv_1d_latency_cl                  |
| inline               | recursive                                                                                                                                   | firmware/nnet_utils/nnet_conv2d.h:51 in conv_2d_cl                                             |
| inline               | recursive                                                                                                                                   | firmware/nnet_utils/nnet_conv2d.h:73 in pointwise_conv_2d_cl                                   |
| array_partition      | variable=data_buf complete dim=0                                                                                                            | firmware/nnet_utils/nnet_conv2d_latency.h:20 in conv_2d_latency_cl, data_buf                   |
| array_partition      | variable=mult complete                                                                                                                      | firmware/nnet_utils/nnet_conv2d_latency.h:23 in conv_2d_latency_cl, mult                       |
| array_partition      | variable=acc complete                                                                                                                       | firmware/nnet_utils/nnet_conv2d_latency.h:26 in conv_2d_latency_cl, acc                        |
| array_partition      | variable=weights complete                                                                                                                   | firmware/nnet_utils/nnet_conv2d_latency.h:28 in conv_2d_latency_cl, weights                    |
| array_partition      | variable=biases complete                                                                                                                    | firmware/nnet_utils/nnet_conv2d_latency.h:29 in conv_2d_latency_cl, biases                     |
| allocation           | operation instances=mul limit=CONFIG_T::mult_config::multiplier_limit                                                                       | firmware/nnet_utils/nnet_conv2d_latency.h:32 in conv_2d_latency_cl                             |
| pipeline             | II=CONFIG_T::reuse_factor rewind                                                                                                            | firmware/nnet_utils/nnet_conv2d_latency.h:36 in conv_2d_latency_cl                             |
| unroll               |                                                                                                                                             | firmware/nnet_utils/nnet_conv2d_latency.h:42 in conv_2d_latency_cl                             |
| unroll               |                                                                                                                                             | firmware/nnet_utils/nnet_conv2d_latency.h:49 in conv_2d_latency_cl                             |
| unroll               |                                                                                                                                             | firmware/nnet_utils/nnet_conv2d_latency.h:53 in conv_2d_latency_cl                             |
| unroll               |                                                                                                                                             | firmware/nnet_utils/nnet_conv2d_latency.h:63 in conv_2d_latency_cl                             |
| unroll               |                                                                                                                                             | firmware/nnet_utils/nnet_conv2d_latency.h:70 in conv_2d_latency_cl                             |
| unroll               |                                                                                                                                             | firmware/nnet_utils/nnet_conv2d_latency.h:73 in conv_2d_latency_cl                             |
| unroll               |                                                                                                                                             | firmware/nnet_utils/nnet_conv2d_latency.h:81 in conv_2d_latency_cl                             |
| array_partition      | variable=data_buf complete dim=0                                                                                                            | firmware/nnet_utils/nnet_conv2d_resource.h:33 in conv_2d_resource_cl, data_buf                 |
| array_partition      | variable=biases complete                                                                                                                    | firmware/nnet_utils/nnet_conv2d_resource.h:35 in conv_2d_resource_cl, biases                   |
| array_partition      | variable=acc complete dim=0                                                                                                                 | firmware/nnet_utils/nnet_conv2d_resource.h:38 in conv_2d_resource_cl, acc                      |
| unroll               |                                                                                                                                             | firmware/nnet_utils/nnet_conv2d_resource.h:48 in conv_2d_resource_cl                           |
| unroll               |                                                                                                                                             | firmware/nnet_utils/nnet_conv2d_resource.h:52 in conv_2d_resource_cl                           |
| pipeline             | II=1 rewind                                                                                                                                 | firmware/nnet_utils/nnet_conv2d_resource.h:59 in conv_2d_resource_cl                           |
| unroll               |                                                                                                                                             | firmware/nnet_utils/nnet_conv2d_resource.h:67 in conv_2d_resource_cl                           |
| unroll               |                                                                                                                                             | firmware/nnet_utils/nnet_conv2d_resource.h:71 in conv_2d_resource_cl                           |
| unroll               |                                                                                                                                             | firmware/nnet_utils/nnet_conv2d_resource.h:95 in conv_2d_resource_cl                           |
| unroll               |                                                                                                                                             | firmware/nnet_utils/nnet_conv2d_resource.h:99 in conv_2d_resource_cl                           |
| array_partition      | variable = line_buffer complete dim = 2                                                                                                     | firmware/nnet_utils/nnet_conv2d_stream.h:22 in conv_2d_buffer_latency_cl                       |
| loop_flatten         |                                                                                                                                             | firmware/nnet_utils/nnet_conv2d_stream.h:28 in conv_2d_buffer_latency_cl                       |
| pipeline             | II=CONFIG_T::reuse_factor                                                                                                                   | firmware/nnet_utils/nnet_conv2d_stream.h:29 in conv_2d_buffer_latency_cl                       |
| array_partition      | variable = line_buffer complete dim = 2                                                                                                     | firmware/nnet_utils/nnet_conv2d_stream.h:49 in conv_2d_buffer_resource_cl                      |
| loop_flatten         |                                                                                                                                             | firmware/nnet_utils/nnet_conv2d_stream.h:55 in conv_2d_buffer_resource_cl                      |
| inline               | recursive                                                                                                                                   | firmware/nnet_utils/nnet_conv2d_stream.h:74 in conv_2d_cl                                      |
| inline               |                                                                                                                                             | firmware/nnet_utils/nnet_conv_stream.h:17 in scale_index_k_gte_s                               |
| inline               |                                                                                                                                             | firmware/nnet_utils/nnet_conv_stream.h:38 in scale_index_k_lt_s                                |
| inline               |                                                                                                                                             | firmware/nnet_utils/nnet_conv_stream.h:61 in scale_index                                       |
| inline               |                                                                                                                                             | firmware/nnet_utils/nnet_conv_stream.h:74 in scale_index                                       |
| inline               |                                                                                                                                             | firmware/nnet_utils/nnet_conv_stream.h:84 in mult_buffer                                       |
| array_partition      | variable = data complete                                                                                                                    | firmware/nnet_utils/nnet_conv_stream.h:87 in mult_buffer                                       |
| array_partition      | variable = res complete                                                                                                                     | firmware/nnet_utils/nnet_conv_stream.h:89 in mult_buffer                                       |
| unroll               |                                                                                                                                             | firmware/nnet_utils/nnet_conv_stream.h:93 in mult_buffer                                       |
| inline               | recursive                                                                                                                                   | firmware/nnet_utils/nnet_conv_stream.h:97 in mult_buffer                                       |
| unroll               |                                                                                                                                             | firmware/nnet_utils/nnet_conv_stream.h:103 in mult_buffer                                      |
| inline               |                                                                                                                                             | firmware/nnet_utils/nnet_conv_stream.h:129 in compute_output_encoded                           |
| pipeline             | II = CONFIG_T::reuse_factor                                                                                                                 | firmware/nnet_utils/nnet_conv_stream.h:133 in compute_output_encoded                           |
| unroll               |                                                                                                                                             | firmware/nnet_utils/nnet_conv_stream.h:136 in compute_output_encoded                           |
| unroll               |                                                                                                                                             | firmware/nnet_utils/nnet_conv_stream.h:139 in compute_output_encoded                           |
| inline               |                                                                                                                                             | firmware/nnet_utils/nnet_conv_stream.h:156 in kernel_shift_1d                                  |
| pipeline             | II = 1                                                                                                                                      | firmware/nnet_utils/nnet_conv_stream.h:162 in kernel_shift_1d                                  |
| unroll               |                                                                                                                                             | firmware/nnet_utils/nnet_conv_stream.h:165 in kernel_shift_1d                                  |
| unroll               |                                                                                                                                             | firmware/nnet_utils/nnet_conv_stream.h:175 in kernel_shift_1d                                  |
| inline               |                                                                                                                                             | firmware/nnet_utils/nnet_conv_stream.h:184 in kernel_shift_2d                                  |
| pipeline             | II = 1                                                                                                                                      | firmware/nnet_utils/nnet_conv_stream.h:190 in kernel_shift_2d                                  |
| unroll               |                                                                                                                                             | firmware/nnet_utils/nnet_conv_stream.h:206 in kernel_shift_2d                                  |
| pipeline             |                                                                                                                                             | firmware/nnet_utils/nnet_conv_stream.h:221 in shift_line_buffer                                |
| array_partition      | variable = shift_buffer complete dim = 0                                                                                                    | firmware/nnet_utils/nnet_conv_stream.h:225 in shift_line_buffer                                |
| unroll               |                                                                                                                                             | firmware/nnet_utils/nnet_conv_stream.h:229 in shift_line_buffer                                |
| unroll               |                                                                                                                                             | firmware/nnet_utils/nnet_conv_stream.h:240 in shift_line_buffer                                |
| inline               | OFF                                                                                                                                         | firmware/nnet_utils/nnet_conv_stream.h:258 in compute_output_buffer_2d                         |
| array_partition      | variable = kernel_data complete                                                                                                             | firmware/nnet_utils/nnet_conv_stream.h:272 in compute_output_buffer_2d                         |
| array_partition      | variable = res_out complete dim = 0                                                                                                         | firmware/nnet_utils/nnet_conv_stream.h:275 in compute_output_buffer_2d                         |
| unroll               |                                                                                                                                             | firmware/nnet_utils/nnet_conv_stream.h:294 in compute_output_buffer_2d                         |
| inline               | OFF                                                                                                                                         | firmware/nnet_utils/nnet_conv_stream.h:328 in compute_output_buffer_1d                         |
| array_partition      | variable = kernel_data complete                                                                                                             | firmware/nnet_utils/nnet_conv_stream.h:338 in compute_output_buffer_1d                         |
| array_partition      | variable = res_out complete dim = 0                                                                                                         | firmware/nnet_utils/nnet_conv_stream.h:341 in compute_output_buffer_1d                         |
| unroll               |                                                                                                                                             | firmware/nnet_utils/nnet_conv_stream.h:360 in compute_output_buffer_1d                         |
| inline               |                                                                                                                                             | firmware/nnet_utils/nnet_dense.h:44 in dense                                                   |
| inline               |                                                                                                                                             | firmware/nnet_utils/nnet_dense.h:53 in dense                                                   |
| inline               |                                                                                                                                             | firmware/nnet_utils/nnet_dense.h:64 in dense                                                   |
| inline               |                                                                                                                                             | firmware/nnet_utils/nnet_dense.h:75 in dense                                                   |
| unroll               |                                                                                                                                             | firmware/nnet_utils/nnet_dense_compressed.h:15 in fill_mult                                    |
| array_partition      | variable=acc complete                                                                                                                       | firmware/nnet_utils/nnet_dense_compressed.h:29 in dense_compressed, acc                        |
| array_partition      | variable=biases complete                                                                                                                    | firmware/nnet_utils/nnet_dense_compressed.h:30 in dense_compressed, biases                     |
| array_reshape        | variable=weights block factor=multiplier_limit                                                                                              | firmware/nnet_utils/nnet_dense_compressed.h:31 in dense_compressed, weights                    |
| aggregate            | variable=weights                                                                                                                            | firmware/nnet_utils/nnet_dense_compressed.h:34 in dense_compressed, weights                    |
| unroll               |                                                                                                                                             | firmware/nnet_utils/nnet_dense_compressed.h:41 in dense_compressed                             |
| pipeline             | II=1 rewind                                                                                                                                 | firmware/nnet_utils/nnet_dense_compressed.h:49 in dense_compressed                             |
| array_partition      | variable=mult complete                                                                                                                      | firmware/nnet_utils/nnet_dense_compressed.h:52 in dense_compressed, mult                       |
| unroll               |                                                                                                                                             | firmware/nnet_utils/nnet_dense_compressed.h:56 in dense_compressed                             |
| unroll               |                                                                                                                                             | firmware/nnet_utils/nnet_dense_compressed.h:62 in dense_compressed                             |
| unroll               |                                                                                                                                             | firmware/nnet_utils/nnet_dense_compressed.h:82 in dense_compressed                             |
| function_instantiate | variable=weights,biases                                                                                                                     | firmware/nnet_utils/nnet_dense_latency.h:21 in dense_latency, weights,biases                   |
| pipeline             | II=CONFIG_T::reuse_factor                                                                                                                   | firmware/nnet_utils/nnet_dense_latency.h:26 in dense_latency                                   |
| array_partition      | variable=biases complete                                                                                                                    | firmware/nnet_utils/nnet_dense_latency.h:29 in dense_latency, biases                           |
| array_partition      | variable=mult complete                                                                                                                      | firmware/nnet_utils/nnet_dense_latency.h:30 in dense_latency, mult                             |
| array_partition      | variable=acc complete                                                                                                                       | firmware/nnet_utils/nnet_dense_latency.h:31 in dense_latency, acc                              |
| allocation           | operation instances=mul limit=CONFIG_T::multiplier_limit                                                                                    | firmware/nnet_utils/nnet_dense_latency.h:33 in dense_latency                                   |
| function_instantiate | variable=weights,biases                                                                                                                     | firmware/nnet_utils/nnet_dense_resource.h:28 in dense_resource_rf_leq_nin, weights,biases      |
| array_reshape        | variable=weights block factor=block_factor                                                                                                  | firmware/nnet_utils/nnet_dense_resource.h:29 in dense_resource_rf_leq_nin, weights             |
| array_partition      | variable=biases complete                                                                                                                    | firmware/nnet_utils/nnet_dense_resource.h:30 in dense_resource_rf_leq_nin, biases              |
| array_partition      | variable=acc complete                                                                                                                       | firmware/nnet_utils/nnet_dense_resource.h:37 in dense_resource_rf_leq_nin, acc                 |
| unroll               |                                                                                                                                             | firmware/nnet_utils/nnet_dense_resource.h:41 in dense_resource_rf_leq_nin                      |
| pipeline             | II=1 rewind                                                                                                                                 | firmware/nnet_utils/nnet_dense_resource.h:47 in dense_resource_rf_leq_nin                      |
| unroll               |                                                                                                                                             | firmware/nnet_utils/nnet_dense_resource.h:56 in dense_resource_rf_leq_nin                      |
| unroll               |                                                                                                                                             | firmware/nnet_utils/nnet_dense_resource.h:81 in dense_resource_rf_leq_nin                      |
| function_instantiate | variable=weights,biases                                                                                                                     | firmware/nnet_utils/nnet_dense_resource.h:102 in dense_resource_rf_gt_nin_rem0, weights,biases |
| array_reshape        | variable=weights block factor=block_factor                                                                                                  | firmware/nnet_utils/nnet_dense_resource.h:103 in dense_resource_rf_gt_nin_rem0, weights        |
| array_partition      | variable=biases complete                                                                                                                    | firmware/nnet_utils/nnet_dense_resource.h:104 in dense_resource_rf_gt_nin_rem0, biases         |
| array_partition      | variable=acc complete                                                                                                                       | firmware/nnet_utils/nnet_dense_resource.h:111 in dense_resource_rf_gt_nin_rem0, acc            |
| unroll               |                                                                                                                                             | firmware/nnet_utils/nnet_dense_resource.h:115 in dense_resource_rf_gt_nin_rem0                 |
| pipeline             | II=1 rewind                                                                                                                                 | firmware/nnet_utils/nnet_dense_resource.h:136 in dense_resource_rf_gt_nin_rem0                 |
| unroll               |                                                                                                                                             | firmware/nnet_utils/nnet_dense_resource.h:143 in dense_resource_rf_gt_nin_rem0                 |
| unroll               |                                                                                                                                             | firmware/nnet_utils/nnet_dense_resource.h:163 in dense_resource_rf_gt_nin_rem0                 |
| function_instantiate | variable=weights,biases                                                                                                                     | firmware/nnet_utils/nnet_dense_resource.h:184 in dense_resource_rf_gt_nin, weights,biases      |
| array_reshape        | variable=weights block factor=block_factor                                                                                                  | firmware/nnet_utils/nnet_dense_resource.h:185 in dense_resource_rf_gt_nin, weights             |
| array_partition      | variable=biases complete                                                                                                                    | firmware/nnet_utils/nnet_dense_resource.h:186 in dense_resource_rf_gt_nin, biases              |
| array_partition      | variable=acc complete                                                                                                                       | firmware/nnet_utils/nnet_dense_resource.h:193 in dense_resource_rf_gt_nin, acc                 |
| unroll               |                                                                                                                                             | firmware/nnet_utils/nnet_dense_resource.h:197 in dense_resource_rf_gt_nin                      |
| pipeline             | II=1 rewind                                                                                                                                 | firmware/nnet_utils/nnet_dense_resource.h:203 in dense_resource_rf_gt_nin                      |
| array_partition      | variable=tmpmult complete                                                                                                                   | firmware/nnet_utils/nnet_dense_resource.h:205 in dense_resource_rf_gt_nin, tmpmult             |
| unroll               |                                                                                                                                             | firmware/nnet_utils/nnet_dense_resource.h:209 in dense_resource_rf_gt_nin                      |
| array_partition      | variable=mult complete                                                                                                                      | firmware/nnet_utils/nnet_dense_resource.h:219 in dense_resource_rf_gt_nin, mult                |
| unroll               |                                                                                                                                             | firmware/nnet_utils/nnet_dense_resource.h:223 in dense_resource_rf_gt_nin                      |
| unroll               |                                                                                                                                             | firmware/nnet_utils/nnet_dense_resource.h:229 in dense_resource_rf_gt_nin                      |
| unroll               |                                                                                                                                             | firmware/nnet_utils/nnet_dense_resource.h:239 in dense_resource_rf_gt_nin                      |
| unroll               |                                                                                                                                             | firmware/nnet_utils/nnet_dense_resource.h:249 in dense_resource_rf_gt_nin                      |
| inline               | recursive                                                                                                                                   | firmware/nnet_utils/nnet_dense_resource.h:259 in dense_resource                                |
| pipeline             | II=CONFIG_T::reuse_factor                                                                                                                   | firmware/nnet_utils/nnet_dense_stream.h:16 in dense_latency_wrapper                            |
| inline               |                                                                                                                                             | firmware/nnet_utils/nnet_dense_stream.h:29 in data_prepare                                     |
| pipeline             |                                                                                                                                             | firmware/nnet_utils/nnet_dense_stream.h:34 in data_prepare                                     |
| unroll               |                                                                                                                                             | firmware/nnet_utils/nnet_dense_stream.h:38 in data_prepare                                     |
| unroll               |                                                                                                                                             | firmware/nnet_utils/nnet_dense_stream.h:46 in data_prepare                                     |
| inline               |                                                                                                                                             | firmware/nnet_utils/nnet_dense_stream.h:54 in res_write                                        |
| pipeline             |                                                                                                                                             | firmware/nnet_utils/nnet_dense_stream.h:59 in res_write                                        |
| unroll               |                                                                                                                                             | firmware/nnet_utils/nnet_dense_stream.h:64 in res_write                                        |
| unroll               |                                                                                                                                             | firmware/nnet_utils/nnet_dense_stream.h:74 in res_write                                        |
| inline               | recursive                                                                                                                                   | firmware/nnet_utils/nnet_dense_stream.h:85 in dense                                            |
| array_partition      | variable=data complete                                                                                                                      | firmware/nnet_utils/nnet_dense_stream.h:88 in dense, data                                      |
| array_partition      | variable=res complete                                                                                                                       | firmware/nnet_utils/nnet_dense_stream.h:91 in dense, res                                       |
| inline               |                                                                                                                                             | firmware/nnet_utils/nnet_function_stubs.h:59 in bit_shift                                      |
| inline               |                                                                                                                                             | firmware/nnet_utils/nnet_function_stubs.h:66 in bit_shift                                      |
| inline               |                                                                                                                                             | firmware/nnet_utils/nnet_function_stubs.h:73 in bit_shift                                      |
| inline               |                                                                                                                                             | firmware/nnet_utils/nnet_function_stubs.h:80 in bit_shift                                      |
| inline               |                                                                                                                                             | firmware/nnet_utils/nnet_mult.h:25 in product                                                  |
| inline               |                                                                                                                                             | firmware/nnet_utils/nnet_mult.h:34 in product                                                  |
| inline               |                                                                                                                                             | firmware/nnet_utils/nnet_mult.h:46 in product                                                  |
| inline               |                                                                                                                                             | firmware/nnet_utils/nnet_mult.h:58 in product                                                  |
| inline               |                                                                                                                                             | firmware/nnet_utils/nnet_mult.h:72 in product                                                  |
| inline               |                                                                                                                                             | firmware/nnet_utils/nnet_mult.h:82 in product                                                  |
| pipeline             | II=CONFIG_T::reuse_factor                                                                                                                   | firmware/nnet_utils/nnet_pooling.h:84 in pooling1d_cl                                          |
| allocation           | function instances=pool_op<data_T, CONFIG_T::pool_width, CONFIG_T::pool_op, typename CONFIG_T::accum_t> limit=limit                         | firmware/nnet_utils/nnet_pooling.h:88 in pooling1d_cl                                          |
| array_partition      | variable=pool complete dim=0                                                                                                                | firmware/nnet_utils/nnet_pooling.h:102 in pooling1d_cl, pool                                   |
| pipeline             | II=CONFIG_T::reuse_factor                                                                                                                   | firmware/nnet_utils/nnet_pooling.h:122 in global_pooling1d_cl                                  |
| allocation           | function instances=pool_op<data_T, CONFIG_T::pool_width, CONFIG_T::pool_op, typename CONFIG_T::accum_t> limit=limit                         | firmware/nnet_utils/nnet_pooling.h:129 in global_pooling1d_cl                                  |
| array_partition      | variable=pool complete dim=0                                                                                                                | firmware/nnet_utils/nnet_pooling.h:134 in global_pooling1d_cl, pool                            |
| pipeline             | II=CONFIG_T::reuse_factor                                                                                                                   | firmware/nnet_utils/nnet_pooling.h:176 in pooling2d_cl                                         |
| allocation           | function instances=pool_op<data_T, CONFIG_T::pool_height*CONFIG_T::pool_width, CONFIG_T::pool_op, typename CONFIG_T::accum_t> limit=limit   | firmware/nnet_utils/nnet_pooling.h:180 in pooling2d_cl                                         |
| array_partition      | variable=pool complete dim=0                                                                                                                | firmware/nnet_utils/nnet_pooling.h:196 in pooling2d_cl, pool                                   |
| pipeline             | II=CONFIG_T::reuse_factor                                                                                                                   | firmware/nnet_utils/nnet_pooling.h:232 in pooling2d_cf                                         |
| allocation           | function instances=pool_op<data_T, CONFIG_T::pool_height*CONFIG_T::pool_width, CONFIG_T::pool_op, typename CONFIG_T::accum_t> limit=limit   | firmware/nnet_utils/nnet_pooling.h:236 in pooling2d_cf                                         |
| array_partition      | variable=pool complete dim=0                                                                                                                | firmware/nnet_utils/nnet_pooling.h:250 in pooling2d_cf, pool                                   |
| pipeline             | II=CONFIG_T::reuse_factor                                                                                                                   | firmware/nnet_utils/nnet_pooling.h:298 in global_pooling2d_cl                                  |
| allocation           | function instances=pool_op<data_T, CONFIG_T::pool_width * CONFIG_T::pool_height, CONFIG_T::pool_op, typename CONFIG_T::accum_t> limit=limit | firmware/nnet_utils/nnet_pooling.h:301 in global_pooling2d_cl                                  |
| inline               |                                                                                                                                             | firmware/nnet_utils/nnet_pooling_stream.h:18 in reduce_pool                                    |
| inline               |                                                                                                                                             | firmware/nnet_utils/nnet_pooling_stream.h:34 in compute_pool_buffer_2d                         |
| array_partition      | variable=pool_window complete                                                                                                               | firmware/nnet_utils/nnet_pooling_stream.h:43 in compute_pool_buffer_2d, pool_window            |
| array_partition      | variable = kernel_data complete dim = 0                                                                                                     | firmware/nnet_utils/nnet_pooling_stream.h:46 in compute_pool_buffer_2d                         |
| pipeline             |                                                                                                                                             | firmware/nnet_utils/nnet_pooling_stream.h:58 in compute_pool_buffer_2d                         |
| inline               | recursive                                                                                                                                   | firmware/nnet_utils/nnet_pooling_stream.h:100 in pooling2d_cl                                  |
| array_partition      | variable = line_buffer complete dim = 2                                                                                                     | firmware/nnet_utils/nnet_pooling_stream.h:106 in pooling2d_cl                                  |
| loop_flatten         |                                                                                                                                             | firmware/nnet_utils/nnet_pooling_stream.h:112 in pooling2d_cl                                  |
| pipeline             |                                                                                                                                             | firmware/nnet_utils/nnet_pooling_stream.h:113 in pooling2d_cl                                  |
| inline               |                                                                                                                                             | firmware/nnet_utils/nnet_pooling_stream.h:125 in compute_pool_buffer_1d                        |
| array_partition      | variable=pool_window complete                                                                                                               | firmware/nnet_utils/nnet_pooling_stream.h:132 in compute_pool_buffer_1d, pool_window           |
| array_partition      | variable = kernel_data complete dim = 0                                                                                                     | firmware/nnet_utils/nnet_pooling_stream.h:135 in compute_pool_buffer_1d                        |
| pipeline             |                                                                                                                                             | firmware/nnet_utils/nnet_pooling_stream.h:148 in compute_pool_buffer_1d                        |
| inline               | recursive                                                                                                                                   | firmware/nnet_utils/nnet_pooling_stream.h:182 in pooling1d_cl                                  |
| pipeline             |                                                                                                                                             | firmware/nnet_utils/nnet_pooling_stream.h:186 in pooling1d_cl                                  |
| inline               |                                                                                                                                             | firmware/nnet_utils/nnet_pooling_stream.h:196 in reduce_global_pool                            |
| unroll               |                                                                                                                                             | firmware/nnet_utils/nnet_pooling_stream.h:212 in compute_global_pool                           |
| array_partition      | variable=data_pack complete dim=0                                                                                                           | firmware/nnet_utils/nnet_pooling_stream.h:215 in compute_global_pool, data_pack                |
| unroll               |                                                                                                                                             | firmware/nnet_utils/nnet_pooling_stream.h:219 in compute_global_pool                           |
| array_partition      | variable=data_window complete                                                                                                               | firmware/nnet_utils/nnet_pooling_stream.h:233 in global_pooling2d_cl, data_window              |
| unroll               |                                                                                                                                             | firmware/nnet_utils/nnet_pooling_stream.h:242 in global_pooling2d_cl                           |
| loop_flatten         |                                                                                                                                             | firmware/nnet_utils/nnet_pooling_stream.h:250 in global_pooling2d_cl                           |
| pipeline             |                                                                                                                                             | firmware/nnet_utils/nnet_pooling_stream.h:258 in global_pooling2d_cl                           |
| unroll               |                                                                                                                                             | firmware/nnet_utils/nnet_pooling_stream.h:264 in global_pooling2d_cl                           |
| pipeline             |                                                                                                                                             | firmware/nnet_utils/nnet_pooling_stream.h:272 in global_pooling2d_cl                           |
| unroll               |                                                                                                                                             | firmware/nnet_utils/nnet_pooling_stream.h:278 in global_pooling2d_cl                           |
| array_partition      | variable=data_window complete                                                                                                               | firmware/nnet_utils/nnet_pooling_stream.h:292 in global_pooling1d_cl, data_window              |
| unroll               |                                                                                                                                             | firmware/nnet_utils/nnet_pooling_stream.h:301 in global_pooling1d_cl                           |
| loop_flatten         |                                                                                                                                             | firmware/nnet_utils/nnet_pooling_stream.h:307 in global_pooling1d_cl                           |
| pipeline             |                                                                                                                                             | firmware/nnet_utils/nnet_pooling_stream.h:314 in global_pooling1d_cl                           |
| unroll               |                                                                                                                                             | firmware/nnet_utils/nnet_pooling_stream.h:320 in global_pooling1d_cl                           |
| pipeline             |                                                                                                                                             | firmware/nnet_utils/nnet_pooling_stream.h:328 in global_pooling1d_cl                           |
| unroll               |                                                                                                                                             | firmware/nnet_utils/nnet_pooling_stream.h:334 in global_pooling1d_cl                           |
| pipeline             |                                                                                                                                             | firmware/nnet_utils/nnet_stream.h:23 in clone_stream                                           |
| unroll               |                                                                                                                                             | firmware/nnet_utils/nnet_stream.h:33 in clone_stream                                           |
| pipeline             |                                                                                                                                             | firmware/nnet_utils/nnet_stream.h:47 in clone_stream                                           |
| unroll               |                                                                                                                                             | firmware/nnet_utils/nnet_stream.h:59 in clone_stream                                           |
| pipeline             |                                                                                                                                             | firmware/nnet_utils/nnet_stream.h:76 in clone_stream                                           |
| unroll               |                                                                                                                                             | firmware/nnet_utils/nnet_stream.h:90 in clone_stream                                           |
| pipeline             |                                                                                                                                             | firmware/nnet_utils/nnet_stream.h:109 in clone_stream                                          |
| unroll               |                                                                                                                                             | firmware/nnet_utils/nnet_stream.h:125 in clone_stream                                          |
| pipeline             |                                                                                                                                             | firmware/nnet_utils/nnet_stream.h:146 in clone_stream                                          |
| unroll               |                                                                                                                                             | firmware/nnet_utils/nnet_stream.h:164 in clone_stream                                          |
| pipeline             |                                                                                                                                             | firmware/nnet_utils/nnet_stream.h:187 in clone_stream                                          |
| unroll               |                                                                                                                                             | firmware/nnet_utils/nnet_stream.h:207 in clone_stream                                          |
| pipeline             |                                                                                                                                             | firmware/nnet_utils/nnet_stream.h:230 in repack_stream                                         |
| unroll               |                                                                                                                                             | firmware/nnet_utils/nnet_stream.h:237 in repack_stream                                         |
| pipeline             |                                                                                                                                             | firmware/nnet_utils/nnet_stream.h:247 in repack_stream                                         |
| pipeline             |                                                                                                                                             | firmware/nnet_utils/nnet_stream.h:255 in repack_stream                                         |
| unroll               |                                                                                                                                             | firmware/nnet_utils/nnet_stream.h:259 in repack_stream                                         |
| pipeline             |                                                                                                                                             | firmware/nnet_utils/nnet_stream.h:270 in repack_stream                                         |
| unroll               |                                                                                                                                             | firmware/nnet_utils/nnet_stream.h:274 in repack_stream                                         |
| pipeline             |                                                                                                                                             | firmware/nnet_utils/nnet_stream.h:295 in broadcast_stream_1x1xc                                |
| pipeline             |                                                                                                                                             | firmware/nnet_utils/nnet_stream.h:298 in broadcast_stream_1x1xc                                |
| unroll               |                                                                                                                                             | firmware/nnet_utils/nnet_stream.h:302 in broadcast_stream_1x1xc                                |
| pipeline             |                                                                                                                                             | firmware/nnet_utils/nnet_stream.h:316 in broadcast_stream_hxwx1                                |
| unroll               |                                                                                                                                             | firmware/nnet_utils/nnet_stream.h:321 in broadcast_stream_hxwx1                                |
| unroll               |                                                                                                                                             | firmware/nnet_utils/nnet_types.h:28 in operator=                                               |
| inline               |                                                                                                                                             | firmware/nnet_utils/ravel_affine.h:6 in apply                                                  |
| array_partition      | variable=history complete dim=0                                                                                                             | firmware/nnet_utils/ravel_affine.h:1087 in scheduled_affine_conv, history                      |
| pipeline             | II=1                                                                                                                                        | firmware/nnet_utils/ravel_affine.h:1091 in scheduled_affine_conv                               |
| array_partition      | variable=window complete dim=0                                                                                                              | firmware/nnet_utils/ravel_affine.h:1094 in scheduled_affine_conv, window                       |
| unroll               |                                                                                                                                             | firmware/nnet_utils/ravel_affine.h:1096 in scheduled_affine_conv                               |
| unroll               |                                                                                                                                             | firmware/nnet_utils/ravel_affine.h:1098 in scheduled_affine_conv                               |
| unroll               |                                                                                                                                             | firmware/nnet_utils/ravel_affine.h:1100 in scheduled_affine_conv                               |
| array_partition      | variable=outgoing complete dim=0                                                                                                            | firmware/nnet_utils/ravel_affine.h:1110 in scheduled_affine_conv, outgoing                     |
| unroll               |                                                                                                                                             | firmware/nnet_utils/ravel_affine.h:1112 in scheduled_affine_conv                               |
| array_partition      | variable=sums complete dim=0                                                                                                                | firmware/nnet_utils/ravel_affine.h:1114 in scheduled_affine_conv, sums                         |
| unroll               |                                                                                                                                             | firmware/nnet_utils/ravel_affine.h:1117 in scheduled_affine_conv                               |
| array_partition      | variable=history complete dim=0                                                                                                             | firmware/nnet_utils/ravel_affine.h:1145 in shared_conv, history                                |
| array_partition      | variable=window complete dim=0                                                                                                              | firmware/nnet_utils/ravel_affine.h:1146 in shared_conv, window                                 |
| array_partition      | variable=outgoing complete dim=0                                                                                                            | firmware/nnet_utils/ravel_affine.h:1147 in shared_conv, outgoing                               |
| pipeline             | II=1                                                                                                                                        | firmware/nnet_utils/ravel_affine.h:1151 in shared_conv                                         |
| unroll               |                                                                                                                                             | firmware/nnet_utils/ravel_affine.h:1156 in shared_conv                                         |
| unroll               |                                                                                                                                             | firmware/nnet_utils/ravel_affine.h:1158 in shared_conv                                         |
| unroll               |                                                                                                                                             | firmware/nnet_utils/ravel_affine.h:1160 in shared_conv                                         |
| unroll               |                                                                                                                                             | firmware/nnet_utils/ravel_affine.h:1171 in shared_conv                                         |
| array_partition      | variable=sums complete dim=0                                                                                                                | firmware/nnet_utils/ravel_affine.h:1173 in shared_conv, sums                                   |
| unroll               |                                                                                                                                             | firmware/nnet_utils/ravel_affine.h:1177 in shared_conv                                         |
| array_partition      | variable=incoming complete dim=0                                                                                                            | firmware/nnet_utils/ravel_bridges.h:12 in repack, incoming                                     |
| array_partition      | variable=outgoing complete dim=0                                                                                                            | firmware/nnet_utils/ravel_bridges.h:13 in repack, outgoing                                     |
| pipeline             | II=1                                                                                                                                        | firmware/nnet_utils/ravel_bridges.h:17 in repack                                               |
| unroll               |                                                                                                                                             | firmware/nnet_utils/ravel_bridges.h:21 in repack                                               |
| unroll               |                                                                                                                                             | firmware/nnet_utils/ravel_bridges.h:26 in repack                                               |
| array_partition      | variable=history complete dim=0                                                                                                             | firmware/nnet_utils/ravel_windows.h:20 in scheduled_conv, history                              |
| array_partition      | variable=weights complete                                                                                                                   | firmware/nnet_utils/ravel_windows.h:21 in scheduled_conv, weights                              |
| array_partition      | variable=biases complete                                                                                                                    | firmware/nnet_utils/ravel_windows.h:22 in scheduled_conv, biases                               |
| pipeline             | II=1                                                                                                                                        | firmware/nnet_utils/ravel_windows.h:25 in scheduled_conv                                       |
| array_partition      | variable=window complete dim=0                                                                                                              | firmware/nnet_utils/ravel_windows.h:30 in scheduled_conv, window                               |
| unroll               |                                                                                                                                             | firmware/nnet_utils/ravel_windows.h:32 in scheduled_conv                                       |
| unroll               |                                                                                                                                             | firmware/nnet_utils/ravel_windows.h:34 in scheduled_conv                                       |
| unroll               |                                                                                                                                             | firmware/nnet_utils/ravel_windows.h:36 in scheduled_conv                                       |
| array_partition      | variable=outgoing complete dim=0                                                                                                            | firmware/nnet_utils/ravel_windows.h:46 in scheduled_conv, outgoing                             |
| unroll               |                                                                                                                                             | firmware/nnet_utils/ravel_windows.h:48 in scheduled_conv                                       |
| array_partition      | variable=products complete dim=0                                                                                                            | firmware/nnet_utils/ravel_windows.h:51 in scheduled_conv, products                             |
| array_partition      | variable=sums complete dim=0                                                                                                                | firmware/nnet_utils/ravel_windows.h:52 in scheduled_conv, sums                                 |
| unroll               |                                                                                                                                             | firmware/nnet_utils/ravel_windows.h:54 in scheduled_conv                                       |
| unroll               |                                                                                                                                             | firmware/nnet_utils/ravel_windows.h:56 in scheduled_conv                                       |
| unroll               |                                                                                                                                             | firmware/nnet_utils/ravel_windows.h:61 in scheduled_conv                                       |
| unroll               |                                                                                                                                             | firmware/nnet_utils/ravel_windows.h:67 in scheduled_conv                                       |
| unroll               |                                                                                                                                             | firmware/nnet_utils/ravel_windows.h:69 in scheduled_conv                                       |
| unroll               |                                                                                                                                             | firmware/nnet_utils/ravel_windows.h:74 in scheduled_conv                                       |
| array_partition      | variable=maxima complete dim=0                                                                                                              | firmware/nnet_utils/ravel_windows.h:88 in scheduled_pool, maxima                               |
| pipeline             | II=1                                                                                                                                        | firmware/nnet_utils/ravel_windows.h:91 in scheduled_pool                                       |
| array_partition      | variable=outgoing complete dim=0                                                                                                            | firmware/nnet_utils/ravel_windows.h:96 in scheduled_pool, outgoing                             |
| unroll               |                                                                                                                                             | firmware/nnet_utils/ravel_windows.h:98 in scheduled_pool                                       |
| unroll               |                                                                                                                                             | firmware/nnet_utils/ravel_windows.h:100 in scheduled_pool                                      |
+----------------------+---------------------------------------------------------------------------------------------------------------------------------------------+------------------------------------------------------------------------------------------------+


