

================================================================
== Vitis HLS Report for 'phara_pool_aligned_hybrid_p8_cl_array_array_array_array_config4_config6_s'
================================================================
* Date:           Thu Aug 27 17:26:04 2026

* Version:        2023.2 (Build 4023990 on Oct 11 2023)
* Project:        cnn_core_prj
* Solution:       solution1 (Vivado IP Flow Target)
* Product family: kintexuplus
* Target device:  xcku5p-ffvb676-2-e


================================================================
== Performance Estimates
================================================================
+ Timing: 
    * Summary: 
    +--------+---------+----------+------------+
    |  Clock |  Target | Estimated| Uncertainty|
    +--------+---------+----------+------------+
    |ap_clk  |  5.00 ns|  4.289 ns|     1.35 ns|
    +--------+---------+----------+------------+

+ Latency: 
    * Summary: 
    +---------+---------+----------+----------+-----+-----+---------+
    |  Latency (cycles) |  Latency (absolute) |  Interval | Pipeline|
    |   min   |   max   |    min   |    max   | min | max |   Type  |
    +---------+---------+----------+----------+-----+-----+---------+
    |       49|       49|  0.245 us|  0.245 us|   49|   49|       no|
    +---------+---------+----------+----------+-----+-----+---------+

    + Detail: 
        * Instance: 
        N/A

        * Loop: 
        +------------------+---------+---------+----------+-----------+-----------+------+----------+
        |                  |  Latency (cycles) | Iteration|  Initiation Interval  | Trip |          |
        |     Loop Name    |   min   |   max   |  Latency |  achieved |   target  | Count| Pipelined|
        +------------------+---------+---------+----------+-----------+-----------+------+----------+
        |- ProduceP8Words  |       47|       47|         7|          1|          1|    42|       yes|
        +------------------+---------+---------+----------+-----------+-----------+------+----------+



================================================================
== Utilization Estimates
================================================================
* Summary: 
+-----------------+---------+------+--------+--------+-----+
|       Name      | BRAM_18K|  DSP |   FF   |   LUT  | URAM|
+-----------------+---------+------+--------+--------+-----+
|DSP              |        -|    16|       -|       -|    -|
|Expression       |        -|     -|       0|   11257|    -|
|FIFO             |        -|     -|       -|       -|    -|
|Instance         |        -|     8|       0|    1376|    -|
|Memory           |        -|     -|       -|       -|    -|
|Multiplexer      |        -|     -|       -|      92|    -|
|Register         |        -|     -|    4018|       -|    -|
+-----------------+---------+------+--------+--------+-----+
|Total            |        0|    24|    4018|   12725|    0|
+-----------------+---------+------+--------+--------+-----+
|Available        |      960|  1824|  433920|  216960|   64|
+-----------------+---------+------+--------+--------+-----+
|Utilization (%)  |        0|     1|      ~0|       5|    0|
+-----------------+---------+------+--------+--------+-----+

+ Detail: 
    * Instance: 
    +---------------------------+-----------------------+---------+----+---+----+-----+
    |          Instance         |         Module        | BRAM_18K| DSP| FF| LUT| URAM|
    +---------------------------+-----------------------+---------+----+---+----+-----+
    |mul_10s_5ns_15_1_1_U33     |mul_10s_5ns_15_1_1     |        0|   1|  0|   0|    0|
    |mul_10s_5ns_15_1_1_U34     |mul_10s_5ns_15_1_1     |        0|   1|  0|   0|    0|
    |mul_10s_5ns_15_1_1_U35     |mul_10s_5ns_15_1_1     |        0|   1|  0|   0|    0|
    |mul_10s_5ns_15_1_1_U36     |mul_10s_5ns_15_1_1     |        0|   1|  0|   0|    0|
    |mul_10s_5ns_15_1_1_U37     |mul_10s_5ns_15_1_1     |        0|   1|  0|   0|    0|
    |mul_10s_5ns_15_1_1_U38     |mul_10s_5ns_15_1_1     |        0|   1|  0|   0|    0|
    |mul_10s_5ns_15_1_1_U39     |mul_10s_5ns_15_1_1     |        0|   1|  0|   0|    0|
    |mul_10s_5ns_15_1_1_U40     |mul_10s_5ns_15_1_1     |        0|   1|  0|   0|    0|
    |sparsemux_17_3_10_1_1_U1   |sparsemux_17_3_10_1_1  |        0|   0|  0|  43|    0|
    |sparsemux_17_3_10_1_1_U2   |sparsemux_17_3_10_1_1  |        0|   0|  0|  43|    0|
    |sparsemux_17_3_10_1_1_U3   |sparsemux_17_3_10_1_1  |        0|   0|  0|  43|    0|
    |sparsemux_17_3_10_1_1_U4   |sparsemux_17_3_10_1_1  |        0|   0|  0|  43|    0|
    |sparsemux_17_3_10_1_1_U5   |sparsemux_17_3_10_1_1  |        0|   0|  0|  43|    0|
    |sparsemux_17_3_10_1_1_U6   |sparsemux_17_3_10_1_1  |        0|   0|  0|  43|    0|
    |sparsemux_17_3_10_1_1_U7   |sparsemux_17_3_10_1_1  |        0|   0|  0|  43|    0|
    |sparsemux_17_3_10_1_1_U8   |sparsemux_17_3_10_1_1  |        0|   0|  0|  43|    0|
    |sparsemux_17_3_10_1_1_U9   |sparsemux_17_3_10_1_1  |        0|   0|  0|  43|    0|
    |sparsemux_17_3_10_1_1_U10  |sparsemux_17_3_10_1_1  |        0|   0|  0|  43|    0|
    |sparsemux_17_3_10_1_1_U11  |sparsemux_17_3_10_1_1  |        0|   0|  0|  43|    0|
    |sparsemux_17_3_10_1_1_U12  |sparsemux_17_3_10_1_1  |        0|   0|  0|  43|    0|
    |sparsemux_17_3_10_1_1_U13  |sparsemux_17_3_10_1_1  |        0|   0|  0|  43|    0|
    |sparsemux_17_3_10_1_1_U14  |sparsemux_17_3_10_1_1  |        0|   0|  0|  43|    0|
    |sparsemux_17_3_10_1_1_U15  |sparsemux_17_3_10_1_1  |        0|   0|  0|  43|    0|
    |sparsemux_17_3_10_1_1_U16  |sparsemux_17_3_10_1_1  |        0|   0|  0|  43|    0|
    |sparsemux_17_3_10_1_1_U17  |sparsemux_17_3_10_1_1  |        0|   0|  0|  43|    0|
    |sparsemux_17_3_10_1_1_U18  |sparsemux_17_3_10_1_1  |        0|   0|  0|  43|    0|
    |sparsemux_17_3_10_1_1_U19  |sparsemux_17_3_10_1_1  |        0|   0|  0|  43|    0|
    |sparsemux_17_3_10_1_1_U20  |sparsemux_17_3_10_1_1  |        0|   0|  0|  43|    0|
    |sparsemux_17_3_10_1_1_U21  |sparsemux_17_3_10_1_1  |        0|   0|  0|  43|    0|
    |sparsemux_17_3_10_1_1_U22  |sparsemux_17_3_10_1_1  |        0|   0|  0|  43|    0|
    |sparsemux_17_3_10_1_1_U23  |sparsemux_17_3_10_1_1  |        0|   0|  0|  43|    0|
    |sparsemux_17_3_10_1_1_U24  |sparsemux_17_3_10_1_1  |        0|   0|  0|  43|    0|
    |sparsemux_17_3_10_1_1_U25  |sparsemux_17_3_10_1_1  |        0|   0|  0|  43|    0|
    |sparsemux_17_3_10_1_1_U26  |sparsemux_17_3_10_1_1  |        0|   0|  0|  43|    0|
    |sparsemux_17_3_10_1_1_U27  |sparsemux_17_3_10_1_1  |        0|   0|  0|  43|    0|
    |sparsemux_17_3_10_1_1_U28  |sparsemux_17_3_10_1_1  |        0|   0|  0|  43|    0|
    |sparsemux_17_3_10_1_1_U29  |sparsemux_17_3_10_1_1  |        0|   0|  0|  43|    0|
    |sparsemux_17_3_10_1_1_U30  |sparsemux_17_3_10_1_1  |        0|   0|  0|  43|    0|
    |sparsemux_17_3_10_1_1_U31  |sparsemux_17_3_10_1_1  |        0|   0|  0|  43|    0|
    |sparsemux_17_3_10_1_1_U32  |sparsemux_17_3_10_1_1  |        0|   0|  0|  43|    0|
    +---------------------------+-----------------------+---------+----+---+----+-----+
    |Total                      |                       |        0|   8|  0|1376|    0|
    +---------------------------+-----------------------+---------+----+---+----+-----+

    * DSP: 
    +-----------------------------------+-------------------------------+--------------+
    |              Instance             |             Module            |  Expression  |
    +-----------------------------------+-------------------------------+--------------+
    |mac_muladd_10s_4ns_14s_15_1_1_U41  |mac_muladd_10s_4ns_14s_15_1_1  |  i0 * i1 + i2|
    |mac_muladd_10s_4ns_14s_15_1_1_U42  |mac_muladd_10s_4ns_14s_15_1_1  |  i0 * i1 + i2|
    |mac_muladd_10s_4ns_14s_15_1_1_U43  |mac_muladd_10s_4ns_14s_15_1_1  |  i0 * i1 + i2|
    |mac_muladd_10s_4ns_14s_15_1_1_U44  |mac_muladd_10s_4ns_14s_15_1_1  |  i0 * i1 + i2|
    |mac_muladd_10s_4ns_14s_15_1_1_U45  |mac_muladd_10s_4ns_14s_15_1_1  |  i0 * i1 + i2|
    |mac_muladd_10s_4ns_14s_15_1_1_U46  |mac_muladd_10s_4ns_14s_15_1_1  |  i0 * i1 + i2|
    |mac_muladd_10s_4ns_14s_15_1_1_U47  |mac_muladd_10s_4ns_14s_15_1_1  |  i0 * i1 + i2|
    |mac_muladd_10s_4ns_14s_15_1_1_U48  |mac_muladd_10s_4ns_14s_15_1_1  |  i0 * i1 + i2|
    |mac_muladd_10s_4ns_15s_16_1_1_U49  |mac_muladd_10s_4ns_15s_16_1_1  |  i0 * i1 + i2|
    |mac_muladd_10s_4ns_15s_16_1_1_U50  |mac_muladd_10s_4ns_15s_16_1_1  |  i0 * i1 + i2|
    |mac_muladd_10s_4ns_15s_16_1_1_U51  |mac_muladd_10s_4ns_15s_16_1_1  |  i0 * i1 + i2|
    |mac_muladd_10s_4ns_15s_16_1_1_U52  |mac_muladd_10s_4ns_15s_16_1_1  |  i0 * i1 + i2|
    |mac_muladd_10s_4ns_15s_16_1_1_U53  |mac_muladd_10s_4ns_15s_16_1_1  |  i0 * i1 + i2|
    |mac_muladd_10s_4ns_15s_16_1_1_U54  |mac_muladd_10s_4ns_15s_16_1_1  |  i0 * i1 + i2|
    |mac_muladd_10s_4ns_15s_16_1_1_U55  |mac_muladd_10s_4ns_15s_16_1_1  |  i0 * i1 + i2|
    |mac_muladd_10s_4ns_15s_16_1_1_U56  |mac_muladd_10s_4ns_15s_16_1_1  |  i0 * i1 + i2|
    +-----------------------------------+-------------------------------+--------------+

    * Memory: 
    N/A

    * FIFO: 
    N/A

    * Expression: 
    +-----------------------------------------------+----------+----+---+-----+------------+------------+
    |                 Variable Name                 | Operation| DSP| FF| LUT | Bitwidth P0| Bitwidth P1|
    +-----------------------------------------------+----------+----+---+-----+------------+------------+
    |add_ln400_1_fu_5223_p2                         |         +|   0|  0|   17|          13|          13|
    |add_ln400_2_fu_6008_p2                         |         +|   0|  0|   17|          13|          13|
    |add_ln400_3_fu_6793_p2                         |         +|   0|  0|   17|          13|          13|
    |add_ln400_fu_4438_p2                           |         +|   0|  0|   17|          13|          13|
    |add_ln447_1_fu_5454_p2                         |         +|   0|  0|   17|          13|          13|
    |add_ln447_2_fu_6239_p2                         |         +|   0|  0|   17|          13|          13|
    |add_ln447_3_fu_7024_p2                         |         +|   0|  0|   17|          13|          13|
    |add_ln447_fu_4669_p2                           |         +|   0|  0|   17|          13|          13|
    |add_ln484_2_fu_5212_p2                         |         +|   0|  0|   19|          12|          12|
    |add_ln484_4_fu_5997_p2                         |         +|   0|  0|   19|          12|          12|
    |add_ln484_6_fu_6782_p2                         |         +|   0|  0|   19|          12|          12|
    |add_ln484_fu_4427_p2                           |         +|   0|  0|   19|          12|          12|
    |add_ln487_2_fu_5249_p2                         |         +|   0|  0|   21|          14|          14|
    |add_ln487_4_fu_6034_p2                         |         +|   0|  0|   21|          14|          14|
    |add_ln487_6_fu_6819_p2                         |         +|   0|  0|   21|          14|          14|
    |add_ln487_fu_4464_p2                           |         +|   0|  0|   21|          14|          14|
    |add_ln498_2_fu_5339_p2                         |         +|   0|  0|   20|          13|          13|
    |add_ln498_4_fu_6124_p2                         |         +|   0|  0|   20|          13|          13|
    |add_ln498_6_fu_6909_p2                         |         +|   0|  0|   20|          13|          13|
    |add_ln498_fu_4554_p2                           |         +|   0|  0|   20|          13|          13|
    |add_ln505_2_fu_3083_p2                         |         +|   0|  0|   20|          13|          13|
    |add_ln505_4_fu_3583_p2                         |         +|   0|  0|   20|          13|          13|
    |add_ln505_6_fu_4083_p2                         |         +|   0|  0|   20|          13|          13|
    |add_ln505_fu_2583_p2                           |         +|   0|  0|   20|          13|          13|
    |add_ln508_10_fu_6980_p2                        |         +|   0|  0|   21|          14|          14|
    |add_ln508_1_fu_4625_p2                         |         +|   0|  0|   21|          14|          14|
    |add_ln508_4_fu_5410_p2                         |         +|   0|  0|   21|          14|          14|
    |add_ln508_7_fu_6195_p2                         |         +|   0|  0|   21|          14|          14|
    |add_ln515_2_fu_5443_p2                         |         +|   0|  0|   19|          12|          12|
    |add_ln515_4_fu_6228_p2                         |         +|   0|  0|   19|          12|          12|
    |add_ln515_6_fu_7013_p2                         |         +|   0|  0|   19|          12|          12|
    |add_ln515_fu_4658_p2                           |         +|   0|  0|   19|          12|          12|
    |add_ln518_2_fu_7813_p2                         |         +|   0|  0|   21|          14|          14|
    |add_ln518_4_fu_8217_p2                         |         +|   0|  0|   21|          14|          14|
    |add_ln518_6_fu_8621_p2                         |         +|   0|  0|   21|          14|          14|
    |add_ln518_fu_7409_p2                           |         +|   0|  0|   21|          14|          14|
    |add_ln529_2_fu_7875_p2                         |         +|   0|  0|   20|          13|          13|
    |add_ln529_4_fu_8279_p2                         |         +|   0|  0|   20|          13|          13|
    |add_ln529_6_fu_8683_p2                         |         +|   0|  0|   20|          13|          13|
    |add_ln529_fu_7471_p2                           |         +|   0|  0|   20|          13|          13|
    |add_ln536_2_fu_3117_p2                         |         +|   0|  0|   19|          12|          11|
    |add_ln536_4_fu_3617_p2                         |         +|   0|  0|   19|          12|          11|
    |add_ln536_6_fu_4117_p2                         |         +|   0|  0|   19|          12|          11|
    |add_ln536_fu_2617_p2                           |         +|   0|  0|   19|          12|          11|
    |add_ln539_10_fu_8717_p2                        |         +|   0|  0|   21|          14|          14|
    |add_ln539_1_fu_7505_p2                         |         +|   0|  0|   21|          14|          14|
    |add_ln539_4_fu_7909_p2                         |         +|   0|  0|   21|          14|          14|
    |add_ln539_7_fu_8313_p2                         |         +|   0|  0|   21|          14|          14|
    |add_ln619_10_fu_9349_p2                        |         +|   0|  0|   17|          10|          10|
    |add_ln619_11_fu_9425_p2                        |         +|   0|  0|   16|           9|           9|
    |add_ln619_12_fu_9434_p2                        |         +|   0|  0|   16|           9|           9|
    |add_ln619_13_fu_10227_p2                       |         +|   0|  0|   17|          10|          10|
    |add_ln619_14_fu_9500_p2                        |         +|   0|  0|   16|           9|           9|
    |add_ln619_15_fu_8378_p2                        |         +|   0|  0|   14|           7|           7|
    |add_ln619_16_fu_9561_p2                        |         +|   0|  0|   17|          10|          10|
    |add_ln619_17_fu_9645_p2                        |         +|   0|  0|   17|          10|          10|
    |add_ln619_18_fu_9721_p2                        |         +|   0|  0|   16|           9|           9|
    |add_ln619_19_fu_9730_p2                        |         +|   0|  0|   16|           9|           9|
    |add_ln619_1_fu_7570_p2                         |         +|   0|  0|   14|           7|           7|
    |add_ln619_20_fu_10328_p2                       |         +|   0|  0|   17|          10|          10|
    |add_ln619_21_fu_9796_p2                        |         +|   0|  0|   16|           9|           9|
    |add_ln619_22_fu_8782_p2                        |         +|   0|  0|   14|           7|           7|
    |add_ln619_23_fu_9857_p2                        |         +|   0|  0|   17|          10|          10|
    |add_ln619_24_fu_9941_p2                        |         +|   0|  0|   17|          10|          10|
    |add_ln619_25_fu_10017_p2                       |         +|   0|  0|   16|           9|           9|
    |add_ln619_26_fu_10026_p2                       |         +|   0|  0|   16|           9|           9|
    |add_ln619_27_fu_10429_p2                       |         +|   0|  0|   17|          10|          10|
    |add_ln619_2_fu_8969_p2                         |         +|   0|  0|   17|          10|          10|
    |add_ln619_3_fu_9053_p2                         |         +|   0|  0|   17|          10|          10|
    |add_ln619_4_fu_9129_p2                         |         +|   0|  0|   16|           9|           9|
    |add_ln619_5_fu_9138_p2                         |         +|   0|  0|   16|           9|           9|
    |add_ln619_6_fu_10126_p2                        |         +|   0|  0|   17|          10|          10|
    |add_ln619_7_fu_9204_p2                         |         +|   0|  0|   16|           9|           9|
    |add_ln619_8_fu_7974_p2                         |         +|   0|  0|   14|           7|           7|
    |add_ln619_9_fu_9265_p2                         |         +|   0|  0|   17|          10|          10|
    |add_ln619_fu_8908_p2                           |         +|   0|  0|   16|           9|           9|
    |first_activation_12_fu_7785_p2                 |         +|   0|  0|   22|          15|          15|
    |first_activation_22_fu_8189_p2                 |         +|   0|  0|   22|          15|          15|
    |first_activation_2_fu_7381_p2                  |         +|   0|  0|   22|          15|          15|
    |first_activation_32_fu_8593_p2                 |         +|   0|  0|   22|          15|          15|
    |input_words_2_fu_1029_p2                       |         +|   0|  0|   39|          32|           1|
    |phara_x0_5f_c_2d_3_5f_negative1_1_fu_3067_p2   |         +|   0|  0|   18|          11|           9|
    |phara_x0_5f_c_2d_3_5f_negative1_2_fu_3567_p2   |         +|   0|  0|   18|          11|           9|
    |phara_x0_5f_c_2d_3_5f_negative1_3_fu_4067_p2   |         +|   0|  0|   18|          11|           9|
    |phara_x0_5f_c_2d_3_5f_negative1_fu_2567_p2     |         +|   0|  0|   18|          11|           9|
    |phara_x2_5f_c_2d_10_5f_negative1_1_fu_3031_p2  |         +|   0|  0|   19|          12|          12|
    |phara_x2_5f_c_2d_10_5f_negative1_2_fu_3531_p2  |         +|   0|  0|   19|          12|          12|
    |phara_x2_5f_c_2d_10_5f_negative1_3_fu_4031_p2  |         +|   0|  0|   19|          12|          12|
    |phara_x2_5f_c_2d_10_5f_negative1_fu_2531_p2    |         +|   0|  0|   19|          12|          12|
    |phara_x2_5f_c_2d_3_5f_negative1_1_fu_5364_p2   |         +|   0|  0|   17|          13|          13|
    |phara_x2_5f_c_2d_3_5f_negative1_2_fu_6149_p2   |         +|   0|  0|   17|          13|          13|
    |phara_x2_5f_c_2d_3_5f_negative1_3_fu_6934_p2   |         +|   0|  0|   17|          13|          13|
    |phara_x2_5f_c_2d_3_5f_negative1_fu_4579_p2     |         +|   0|  0|   17|          13|          13|
    |phara_x3_5f_c_2d_3_5f_negative1_1_fu_5535_p2   |         +|   0|  0|   18|          11|           9|
    |phara_x3_5f_c_2d_3_5f_negative1_2_fu_6320_p2   |         +|   0|  0|   18|          11|           9|
    |phara_x3_5f_c_2d_3_5f_negative1_3_fu_7105_p2   |         +|   0|  0|   18|          11|           9|
    |phara_x3_5f_c_2d_3_5f_negative1_fu_4750_p2     |         +|   0|  0|   18|          11|           9|
    |phara_x4_5f_c5_5f_positive1_1_fu_5329_p2       |         +|   0|  0|   16|          14|          14|
    |phara_x4_5f_c5_5f_positive1_2_fu_6114_p2       |         +|   0|  0|   16|          14|          14|
    |phara_x4_5f_c5_5f_positive1_3_fu_6899_p2       |         +|   0|  0|   16|          14|          14|
    |phara_x4_5f_c5_5f_positive1_fu_4544_p2         |         +|   0|  0|   16|          14|          14|
    |phara_x5_5f_c_2d_10_5f_negative1_1_fu_3099_p2  |         +|   0|  0|   19|          12|          12|
    |phara_x5_5f_c_2d_10_5f_negative1_2_fu_3599_p2  |         +|   0|  0|   19|          12|          12|
    |phara_x5_5f_c_2d_10_5f_negative1_3_fu_4099_p2  |         +|   0|  0|   19|          12|          12|
    |phara_x5_5f_c_2d_10_5f_negative1_fu_2599_p2    |         +|   0|  0|   19|          12|          12|
    |phara_x5_5f_c_2d_3_5f_negative1_1_fu_5551_p2   |         +|   0|  0|   17|          13|          13|
    |phara_x5_5f_c_2d_3_5f_negative1_2_fu_6336_p2   |         +|   0|  0|   17|          13|          13|
    |phara_x5_5f_c_2d_3_5f_negative1_3_fu_7121_p2   |         +|   0|  0|   17|          13|          13|
    |phara_x5_5f_c_2d_3_5f_negative1_fu_4766_p2     |         +|   0|  0|   17|          13|          13|
    |phara_x7_5f_c5_5f_positive1_1_fu_7865_p2       |         +|   0|  0|   16|          14|          14|
    |phara_x7_5f_c5_5f_positive1_2_fu_8269_p2       |         +|   0|  0|   16|          14|          14|
    |phara_x7_5f_c5_5f_positive1_3_fu_8673_p2       |         +|   0|  0|   16|          14|          14|
    |phara_x7_5f_c5_5f_positive1_fu_7461_p2         |         +|   0|  0|   16|          14|          14|
    |phara_y0_5f_f0_5f_sum2_1_fu_5191_p2            |         +|   0|  0|   22|          15|          15|
    |phara_y0_5f_f0_5f_sum2_2_fu_5976_p2            |         +|   0|  0|   22|          15|          15|
    |phara_y0_5f_f0_5f_sum2_3_fu_6761_p2            |         +|   0|  0|   22|          15|          15|
    |phara_y0_5f_f0_5f_sum2_fu_4406_p2              |         +|   0|  0|   22|          15|          15|
    |phara_y0_5f_f1_5f_sum2_1_fu_3043_p2            |         +|   0|  0|   17|          12|          12|
    |phara_y0_5f_f1_5f_sum2_2_fu_3543_p2            |         +|   0|  0|   17|          12|          12|
    |phara_y0_5f_f1_5f_sum2_3_fu_4043_p2            |         +|   0|  0|   17|          12|          12|
    |phara_y0_5f_f1_5f_sum2_fu_2543_p2              |         +|   0|  0|   17|          12|          12|
    |phara_y0_5f_f1_5f_sum3_1_fu_5217_p2            |         +|   0|  0|   20|          13|          13|
    |phara_y0_5f_f1_5f_sum3_2_fu_6002_p2            |         +|   0|  0|   20|          13|          13|
    |phara_y0_5f_f1_5f_sum3_3_fu_6787_p2            |         +|   0|  0|   20|          13|          13|
    |phara_y0_5f_f1_5f_sum3_fu_4432_p2              |         +|   0|  0|   20|          13|          13|
    |phara_y0_5f_f2_5f_sum2_1_fu_5239_p2            |         +|   0|  0|   21|          14|          14|
    |phara_y0_5f_f2_5f_sum2_2_fu_6024_p2            |         +|   0|  0|   21|          14|          14|
    |phara_y0_5f_f2_5f_sum2_3_fu_6809_p2            |         +|   0|  0|   21|          14|          14|
    |phara_y0_5f_f2_5f_sum2_fu_4454_p2              |         +|   0|  0|   21|          14|          14|
    |phara_y0_5f_f2_5f_sum3_1_fu_5259_p2            |         +|   0|  0|   22|          15|          15|
    |phara_y0_5f_f2_5f_sum3_2_fu_6044_p2            |         +|   0|  0|   22|          15|          15|
    |phara_y0_5f_f2_5f_sum3_3_fu_6829_p2            |         +|   0|  0|   22|          15|          15|
    |phara_y0_5f_f2_5f_sum3_fu_4474_p2              |         +|   0|  0|   22|          15|          15|
    |phara_y0_5f_f2_5f_sum4_1_fu_7790_p2            |         +|   0|  0|   23|          16|          16|
    |phara_y0_5f_f2_5f_sum4_2_fu_8194_p2            |         +|   0|  0|   23|          16|          16|
    |phara_y0_5f_f2_5f_sum4_3_fu_8598_p2            |         +|   0|  0|   23|          16|          16|
    |phara_y0_5f_f2_5f_sum4_fu_7386_p2              |         +|   0|  0|   23|          16|          16|
    |phara_y0_5f_f4_5f_sum2_1_fu_5317_p2            |         +|   0|  0|   16|          14|          14|
    |phara_y0_5f_f4_5f_sum2_2_fu_6102_p2            |         +|   0|  0|   16|          14|          14|
    |phara_y0_5f_f4_5f_sum2_3_fu_6887_p2            |         +|   0|  0|   16|          14|          14|
    |phara_y0_5f_f4_5f_sum2_fu_4532_p2              |         +|   0|  0|   16|          14|          14|
    |phara_y0_5f_f4_5f_sum5_1_fu_5349_p2            |         +|   0|  0|   22|          15|          15|
    |phara_y0_5f_f4_5f_sum5_2_fu_6134_p2            |         +|   0|  0|   22|          15|          15|
    |phara_y0_5f_f4_5f_sum5_3_fu_6919_p2            |         +|   0|  0|   22|          15|          15|
    |phara_y0_5f_f4_5f_sum5_fu_4564_p2              |         +|   0|  0|   22|          15|          15|
    |phara_y0_5f_f5_5f_sum2_1_fu_5374_p2            |         +|   0|  0|   16|          14|          14|
    |phara_y0_5f_f5_5f_sum2_2_fu_6159_p2            |         +|   0|  0|   16|          14|          14|
    |phara_y0_5f_f5_5f_sum2_3_fu_6944_p2            |         +|   0|  0|   16|          14|          14|
    |phara_y0_5f_f5_5f_sum2_fu_4589_p2              |         +|   0|  0|   16|          14|          14|
    |phara_y0_5f_f5_5f_sum4_1_fu_5390_p2            |         +|   0|  0|   16|          15|          15|
    |phara_y0_5f_f5_5f_sum4_2_fu_6175_p2            |         +|   0|  0|   16|          15|          15|
    |phara_y0_5f_f5_5f_sum4_3_fu_6960_p2            |         +|   0|  0|   16|          15|          15|
    |phara_y0_5f_f5_5f_sum4_fu_4605_p2              |         +|   0|  0|   16|          15|          15|
    |phara_y0_5f_f6_5f_sum2_1_fu_3093_p2            |         +|   0|  0|   21|          14|          14|
    |phara_y0_5f_f6_5f_sum2_2_fu_3593_p2            |         +|   0|  0|   21|          14|          14|
    |phara_y0_5f_f6_5f_sum2_3_fu_4093_p2            |         +|   0|  0|   21|          14|          14|
    |phara_y0_5f_f6_5f_sum2_fu_2593_p2              |         +|   0|  0|   21|          14|          14|
    |phara_y0_5f_f6_5f_sum5_1_fu_9188_p2            |         +|   0|  0|   23|          16|          16|
    |phara_y0_5f_f6_5f_sum5_2_fu_9484_p2            |         +|   0|  0|   23|          16|          16|
    |phara_y0_5f_f6_5f_sum5_3_fu_9780_p2            |         +|   0|  0|   23|          16|          16|
    |phara_y0_5f_f6_5f_sum5_fu_8892_p2              |         +|   0|  0|   23|          16|          16|
    |phara_y1_5f_f0_5f_sum2_1_fu_5434_p2            |         +|   0|  0|   22|          15|          15|
    |phara_y1_5f_f0_5f_sum2_2_fu_6219_p2            |         +|   0|  0|   22|          15|          15|
    |phara_y1_5f_f0_5f_sum2_3_fu_7004_p2            |         +|   0|  0|   22|          15|          15|
    |phara_y1_5f_f0_5f_sum2_fu_4649_p2              |         +|   0|  0|   22|          15|          15|
    |phara_y1_5f_f1_5f_sum2_1_fu_3111_p2            |         +|   0|  0|   17|          12|          12|
    |phara_y1_5f_f1_5f_sum2_2_fu_3611_p2            |         +|   0|  0|   17|          12|          12|
    |phara_y1_5f_f1_5f_sum2_3_fu_4111_p2            |         +|   0|  0|   17|          12|          12|
    |phara_y1_5f_f1_5f_sum2_fu_2611_p2              |         +|   0|  0|   17|          12|          12|
    |phara_y1_5f_f1_5f_sum3_1_fu_5448_p2            |         +|   0|  0|   20|          13|          13|
    |phara_y1_5f_f1_5f_sum3_2_fu_6233_p2            |         +|   0|  0|   20|          13|          13|
    |phara_y1_5f_f1_5f_sum3_3_fu_7018_p2            |         +|   0|  0|   20|          13|          13|
    |phara_y1_5f_f1_5f_sum3_fu_4663_p2              |         +|   0|  0|   20|          13|          13|
    |phara_y1_5f_f2_5f_sum2_1_fu_5469_p2            |         +|   0|  0|   21|          14|          14|
    |phara_y1_5f_f2_5f_sum2_2_fu_6254_p2            |         +|   0|  0|   21|          14|          14|
    |phara_y1_5f_f2_5f_sum2_3_fu_7039_p2            |         +|   0|  0|   21|          14|          14|
    |phara_y1_5f_f2_5f_sum2_fu_4684_p2              |         +|   0|  0|   21|          14|          14|
    |phara_y1_5f_f2_5f_sum3_1_fu_7823_p2            |         +|   0|  0|   22|          15|          15|
    |phara_y1_5f_f2_5f_sum3_2_fu_8227_p2            |         +|   0|  0|   22|          15|          15|
    |phara_y1_5f_f2_5f_sum3_3_fu_8631_p2            |         +|   0|  0|   22|          15|          15|
    |phara_y1_5f_f2_5f_sum3_fu_7419_p2              |         +|   0|  0|   22|          15|          15|
    |phara_y1_5f_f2_5f_sum4_1_fu_7839_p2            |         +|   0|  0|   23|          16|          16|
    |phara_y1_5f_f2_5f_sum4_2_fu_8243_p2            |         +|   0|  0|   23|          16|          16|
    |phara_y1_5f_f2_5f_sum4_3_fu_8647_p2            |         +|   0|  0|   23|          16|          16|
    |phara_y1_5f_f2_5f_sum4_fu_7435_p2              |         +|   0|  0|   23|          16|          16|
    |phara_y1_5f_f4_5f_sum2_1_fu_5529_p2            |         +|   0|  0|   16|          14|          14|
    |phara_y1_5f_f4_5f_sum2_2_fu_6314_p2            |         +|   0|  0|   16|          14|          14|
    |phara_y1_5f_f4_5f_sum2_3_fu_7099_p2            |         +|   0|  0|   16|          14|          14|
    |phara_y1_5f_f4_5f_sum2_fu_4744_p2              |         +|   0|  0|   16|          14|          14|
    |phara_y1_5f_f4_5f_sum5_1_fu_7885_p2            |         +|   0|  0|   22|          15|          15|
    |phara_y1_5f_f4_5f_sum5_2_fu_8289_p2            |         +|   0|  0|   22|          15|          15|
    |phara_y1_5f_f4_5f_sum5_3_fu_8693_p2            |         +|   0|  0|   22|          15|          15|
    |phara_y1_5f_f4_5f_sum5_fu_7481_p2              |         +|   0|  0|   22|          15|          15|
    |phara_y1_5f_f5_5f_sum2_1_fu_5561_p2            |         +|   0|  0|   21|          14|          14|
    |phara_y1_5f_f5_5f_sum2_2_fu_6346_p2            |         +|   0|  0|   21|          14|          14|
    |phara_y1_5f_f5_5f_sum2_3_fu_7131_p2            |         +|   0|  0|   21|          14|          14|
    |phara_y1_5f_f5_5f_sum2_fu_4776_p2              |         +|   0|  0|   21|          14|          14|
    |phara_y1_5f_f5_5f_sum4_1_fu_7894_p2            |         +|   0|  0|   16|          15|          15|
    |phara_y1_5f_f5_5f_sum4_2_fu_8298_p2            |         +|   0|  0|   16|          15|          15|
    |phara_y1_5f_f5_5f_sum4_3_fu_8702_p2            |         +|   0|  0|   16|          15|          15|
    |phara_y1_5f_f5_5f_sum4_fu_7490_p2              |         +|   0|  0|   16|          15|          15|
    |phara_y1_5f_f6_5f_sum2_1_fu_3127_p2            |         +|   0|  0|   21|          14|          14|
    |phara_y1_5f_f6_5f_sum2_2_fu_3627_p2            |         +|   0|  0|   21|          14|          14|
    |phara_y1_5f_f6_5f_sum2_3_fu_4127_p2            |         +|   0|  0|   21|          14|          14|
    |phara_y1_5f_f6_5f_sum2_fu_2627_p2              |         +|   0|  0|   21|          14|          14|
    |phara_y1_5f_f6_5f_sum5_1_fu_9196_p2            |         +|   0|  0|   23|          16|          16|
    |phara_y1_5f_f6_5f_sum5_2_fu_9492_p2            |         +|   0|  0|   23|          16|          16|
    |phara_y1_5f_f6_5f_sum5_3_fu_9788_p2            |         +|   0|  0|   23|          16|          16|
    |phara_y1_5f_f6_5f_sum5_fu_8900_p2              |         +|   0|  0|   23|          16|          16|
    |pool_2_fu_631_p2                               |         +|   0|  0|   13|           6|           1|
    |required_last_row_fu_675_p2                    |         +|   0|  0|   18|          10|          10|
    |required_words_fu_699_p2                       |         +|   0|  0|   37|          30|           1|
    |second_activation_12_fu_7833_p2                |         +|   0|  0|   22|          15|          15|
    |second_activation_22_fu_8237_p2                |         +|   0|  0|   22|          15|          15|
    |second_activation_2_fu_7429_p2                 |         +|   0|  0|   22|          15|          15|
    |second_activation_32_fu_8641_p2                |         +|   0|  0|   22|          15|          15|
    |newFirst_fu_669_p2                             |         -|   0|  0|   18|           3|          10|
    |phara_cse0_1_fu_5152_p2                        |         -|   0|  0|   21|          10|          14|
    |phara_cse0_2_fu_5937_p2                        |         -|   0|  0|   21|          10|          14|
    |phara_cse0_3_fu_6722_p2                        |         -|   0|  0|   21|          10|          14|
    |phara_cse0_fu_4367_p2                          |         -|   0|  0|   21|          10|          14|
    |phara_cse1_1_fu_5162_p2                        |         -|   0|  0|   21|          10|          14|
    |phara_cse1_2_fu_5947_p2                        |         -|   0|  0|   21|          10|          14|
    |phara_cse1_3_fu_6732_p2                        |         -|   0|  0|   21|          10|          14|
    |phara_cse1_fu_4377_p2                          |         -|   0|  0|   21|          10|          14|
    |phara_x0_5f_c6_5f_negative1_1_fu_3073_p2       |         -|   0|  0|   19|          11|          12|
    |phara_x0_5f_c6_5f_negative1_2_fu_3573_p2       |         -|   0|  0|   19|          11|          12|
    |phara_x0_5f_c6_5f_negative1_3_fu_4073_p2       |         -|   0|  0|   19|          11|          12|
    |phara_x0_5f_c6_5f_negative1_fu_2573_p2         |         -|   0|  0|   19|          11|          12|
    |phara_x0_5f_c_2d_10_5f_negative1_1_fu_3055_p2  |         -|   0|  0|   16|          14|          14|
    |phara_x0_5f_c_2d_10_5f_negative1_2_fu_3555_p2  |         -|   0|  0|   16|          14|          14|
    |phara_x0_5f_c_2d_10_5f_negative1_3_fu_4055_p2  |         -|   0|  0|   16|          14|          14|
    |phara_x0_5f_c_2d_10_5f_negative1_fu_2555_p2    |         -|   0|  0|   16|          14|          14|
    |phara_x1_5f_c_2d_10_5f_negative1_1_fu_3049_p2  |         -|   0|  0|   16|          11|          14|
    |phara_x1_5f_c_2d_10_5f_negative1_2_fu_3549_p2  |         -|   0|  0|   16|          11|          14|
    |phara_x1_5f_c_2d_10_5f_negative1_3_fu_4049_p2  |         -|   0|  0|   16|          11|          14|
    |phara_x1_5f_c_2d_10_5f_negative1_fu_2549_p2    |         -|   0|  0|   16|          11|          14|
    |phara_x1_5f_c_2d_6_5f_negative1_1_fu_3061_p2   |         -|   0|  0|   18|           9|          11|
    |phara_x1_5f_c_2d_6_5f_negative1_2_fu_3561_p2   |         -|   0|  0|   18|           9|          11|
    |phara_x1_5f_c_2d_6_5f_negative1_3_fu_4061_p2   |         -|   0|  0|   18|           9|          11|
    |phara_x1_5f_c_2d_6_5f_negative1_fu_2561_p2     |         -|   0|  0|   18|           9|          11|
    |phara_x3_5f_c6_5f_negative1_1_fu_3021_p2       |         -|   0|  0|   21|          14|          14|
    |phara_x3_5f_c6_5f_negative1_2_fu_3521_p2       |         -|   0|  0|   21|          14|          14|
    |phara_x3_5f_c6_5f_negative1_3_fu_4021_p2       |         -|   0|  0|   21|          14|          14|
    |phara_x3_5f_c6_5f_negative1_fu_2521_p2         |         -|   0|  0|   21|          14|          14|
    |phara_x3_5f_c_2d_10_5f_negative1_1_fu_5480_p2  |         -|   0|  0|   16|          14|          14|
    |phara_x3_5f_c_2d_10_5f_negative1_2_fu_6265_p2  |         -|   0|  0|   16|          14|          14|
    |phara_x3_5f_c_2d_10_5f_negative1_3_fu_7050_p2  |         -|   0|  0|   16|          14|          14|
    |phara_x3_5f_c_2d_10_5f_negative1_fu_4695_p2    |         -|   0|  0|   16|          14|          14|
    |phara_x3_5f_c_2d_7_5f_negative1_1_fu_5181_p2   |         -|   0|  0|   16|          14|          14|
    |phara_x3_5f_c_2d_7_5f_negative1_2_fu_5966_p2   |         -|   0|  0|   16|          14|          14|
    |phara_x3_5f_c_2d_7_5f_negative1_3_fu_6751_p2   |         -|   0|  0|   16|          14|          14|
    |phara_x3_5f_c_2d_7_5f_negative1_fu_4396_p2     |         -|   0|  0|   16|          14|          14|
    |phara_x4_5f_c_2d_10_5f_negative1_1_fu_5475_p2  |         -|   0|  0|   16|          11|          14|
    |phara_x4_5f_c_2d_10_5f_negative1_2_fu_6260_p2  |         -|   0|  0|   16|          11|          14|
    |phara_x4_5f_c_2d_10_5f_negative1_3_fu_7045_p2  |         -|   0|  0|   16|          11|          14|
    |phara_x4_5f_c_2d_10_5f_negative1_fu_4690_p2    |         -|   0|  0|   16|          11|          14|
    |phara_x4_5f_c_2d_5_5f_negative1_1_fu_5286_p2   |         -|   0|  0|   16|          15|          15|
    |phara_x4_5f_c_2d_5_5f_negative1_2_fu_6071_p2   |         -|   0|  0|   16|          15|          15|
    |phara_x4_5f_c_2d_5_5f_negative1_3_fu_6856_p2   |         -|   0|  0|   16|          15|          15|
    |phara_x4_5f_c_2d_5_5f_negative1_fu_4501_p2     |         -|   0|  0|   16|          15|          15|
    |phara_x4_5f_c_2d_6_5f_negative1_1_fu_5513_p2   |         -|   0|  0|   18|           9|          11|
    |phara_x4_5f_c_2d_6_5f_negative1_2_fu_6298_p2   |         -|   0|  0|   18|           9|          11|
    |phara_x4_5f_c_2d_6_5f_negative1_3_fu_7083_p2   |         -|   0|  0|   18|           9|          11|
    |phara_x4_5f_c_2d_6_5f_negative1_fu_4728_p2     |         -|   0|  0|   18|           9|          11|
    |phara_x6_5f_c6_5f_negative1_1_fu_5567_p2       |         -|   0|  0|   16|          14|          14|
    |phara_x6_5f_c6_5f_negative1_2_fu_6352_p2       |         -|   0|  0|   16|          14|          14|
    |phara_x6_5f_c6_5f_negative1_3_fu_7137_p2       |         -|   0|  0|   16|          14|          14|
    |phara_x6_5f_c6_5f_negative1_fu_4782_p2         |         -|   0|  0|   16|          14|          14|
    |phara_x6_5f_c_2d_7_5f_negative1_1_fu_5424_p2   |         -|   0|  0|   16|          14|          14|
    |phara_x6_5f_c_2d_7_5f_negative1_2_fu_6209_p2   |         -|   0|  0|   16|          14|          14|
    |phara_x6_5f_c_2d_7_5f_negative1_3_fu_6994_p2   |         -|   0|  0|   16|          14|          14|
    |phara_x6_5f_c_2d_7_5f_negative1_fu_4639_p2     |         -|   0|  0|   16|          14|          14|
    |phara_x7_5f_c_2d_5_5f_negative1_1_fu_5507_p2   |         -|   0|  0|   16|          15|          15|
    |phara_x7_5f_c_2d_5_5f_negative1_2_fu_6292_p2   |         -|   0|  0|   16|          15|          15|
    |phara_x7_5f_c_2d_5_5f_negative1_3_fu_7077_p2   |         -|   0|  0|   16|          15|          15|
    |phara_x7_5f_c_2d_5_5f_negative1_fu_4722_p2     |         -|   0|  0|   16|          15|          15|
    |phara_y0_5f_f0_5f_sum1_1_fu_5175_p2            |         -|   0|  0|   16|          14|          14|
    |phara_y0_5f_f0_5f_sum1_2_fu_5960_p2            |         -|   0|  0|   16|          14|          14|
    |phara_y0_5f_f0_5f_sum1_3_fu_6745_p2            |         -|   0|  0|   16|          14|          14|
    |phara_y0_5f_f0_5f_sum1_fu_4390_p2              |         -|   0|  0|   16|          14|          14|
    |phara_y0_5f_f0_5f_sum3_1_fu_5197_p2            |         -|   0|  0|   16|          15|          15|
    |phara_y0_5f_f0_5f_sum3_2_fu_5982_p2            |         -|   0|  0|   16|          15|          15|
    |phara_y0_5f_f0_5f_sum3_3_fu_6767_p2            |         -|   0|  0|   16|          15|          15|
    |phara_y0_5f_f0_5f_sum3_fu_4412_p2              |         -|   0|  0|   16|          15|          15|
    |phara_y0_5f_f0_5f_sum4_1_fu_5203_p2            |         -|   0|  0|   16|          15|          15|
    |phara_y0_5f_f0_5f_sum4_2_fu_5988_p2            |         -|   0|  0|   16|          15|          15|
    |phara_y0_5f_f0_5f_sum4_3_fu_6773_p2            |         -|   0|  0|   16|          15|          15|
    |phara_y0_5f_f0_5f_sum4_fu_4418_p2              |         -|   0|  0|   16|          15|          15|
    |phara_y0_5f_f1_5f_sum1_1_fu_3037_p2            |         -|   0|  0|   17|           9|          12|
    |phara_y0_5f_f1_5f_sum1_2_fu_3537_p2            |         -|   0|  0|   17|           9|          12|
    |phara_y0_5f_f1_5f_sum1_3_fu_4037_p2            |         -|   0|  0|   17|           9|          12|
    |phara_y0_5f_f1_5f_sum1_fu_2537_p2              |         -|   0|  0|   17|           9|          12|
    |phara_y0_5f_f2_5f_sum1_1_fu_5229_p2            |         -|   0|  0|   17|          13|          13|
    |phara_y0_5f_f2_5f_sum1_2_fu_6014_p2            |         -|   0|  0|   17|          13|          13|
    |phara_y0_5f_f2_5f_sum1_3_fu_6799_p2            |         -|   0|  0|   17|          13|          13|
    |phara_y0_5f_f2_5f_sum1_fu_4444_p2              |         -|   0|  0|   17|          13|          13|
    |phara_y0_5f_f3_5f_sum1_1_fu_5268_p2            |         -|   0|  0|   16|          15|          15|
    |phara_y0_5f_f3_5f_sum1_2_fu_6053_p2            |         -|   0|  0|   16|          15|          15|
    |phara_y0_5f_f3_5f_sum1_3_fu_6838_p2            |         -|   0|  0|   16|          15|          15|
    |phara_y0_5f_f3_5f_sum1_fu_4483_p2              |         -|   0|  0|   16|          15|          15|
    |phara_y0_5f_f3_5f_sum2_1_fu_5274_p2            |         -|   0|  0|   16|          15|          15|
    |phara_y0_5f_f3_5f_sum2_2_fu_6059_p2            |         -|   0|  0|   16|          15|          15|
    |phara_y0_5f_f3_5f_sum2_3_fu_6844_p2            |         -|   0|  0|   16|          15|          15|
    |phara_y0_5f_f3_5f_sum2_fu_4489_p2              |         -|   0|  0|   16|          15|          15|
    |phara_y0_5f_f3_5f_sum3_1_fu_5280_p2            |         -|   0|  0|   16|          15|          15|
    |phara_y0_5f_f3_5f_sum3_2_fu_6065_p2            |         -|   0|  0|   16|          15|          15|
    |phara_y0_5f_f3_5f_sum3_3_fu_6850_p2            |         -|   0|  0|   16|          15|          15|
    |phara_y0_5f_f3_5f_sum3_fu_4495_p2              |         -|   0|  0|   16|          15|          15|
    |phara_y0_5f_f3_5f_sum4_1_fu_5296_p2            |         -|   0|  0|   16|          16|          16|
    |phara_y0_5f_f3_5f_sum4_2_fu_6081_p2            |         -|   0|  0|   16|          16|          16|
    |phara_y0_5f_f3_5f_sum4_3_fu_6866_p2            |         -|   0|  0|   16|          16|          16|
    |phara_y0_5f_f3_5f_sum4_fu_4511_p2              |         -|   0|  0|   16|          16|          16|
    |phara_y0_5f_f3_5f_sum5_1_fu_5302_p2            |         -|   0|  0|   16|          16|          16|
    |phara_y0_5f_f3_5f_sum5_2_fu_6087_p2            |         -|   0|  0|   16|          16|          16|
    |phara_y0_5f_f3_5f_sum5_3_fu_6872_p2            |         -|   0|  0|   16|          16|          16|
    |phara_y0_5f_f3_5f_sum5_fu_4517_p2              |         -|   0|  0|   16|          16|          16|
    |phara_y0_5f_f4_5f_sum1_1_fu_5311_p2            |         -|   0|  0|   16|          14|          14|
    |phara_y0_5f_f4_5f_sum1_2_fu_6096_p2            |         -|   0|  0|   16|          14|          14|
    |phara_y0_5f_f4_5f_sum1_3_fu_6881_p2            |         -|   0|  0|   16|          14|          14|
    |phara_y0_5f_f4_5f_sum1_fu_4526_p2              |         -|   0|  0|   16|          14|          14|
    |phara_y0_5f_f4_5f_sum3_1_fu_5323_p2            |         -|   0|  0|   16|          14|          14|
    |phara_y0_5f_f4_5f_sum3_2_fu_6108_p2            |         -|   0|  0|   16|          14|          14|
    |phara_y0_5f_f4_5f_sum3_3_fu_6893_p2            |         -|   0|  0|   16|          14|          14|
    |phara_y0_5f_f4_5f_sum3_fu_4538_p2              |         -|   0|  0|   16|          14|          14|
    |phara_y0_5f_f5_5f_sum1_1_fu_5358_p2            |         -|   0|  0|   17|          13|          13|
    |phara_y0_5f_f5_5f_sum1_2_fu_6143_p2            |         -|   0|  0|   17|          13|          13|
    |phara_y0_5f_f5_5f_sum1_3_fu_6928_p2            |         -|   0|  0|   17|          13|          13|
    |phara_y0_5f_f5_5f_sum1_fu_4573_p2              |         -|   0|  0|   17|          13|          13|
    |phara_y0_5f_f5_5f_sum3_1_fu_5380_p2            |         -|   0|  0|   16|          14|          14|
    |phara_y0_5f_f5_5f_sum3_2_fu_6165_p2            |         -|   0|  0|   16|          14|          14|
    |phara_y0_5f_f5_5f_sum3_3_fu_6950_p2            |         -|   0|  0|   16|          14|          14|
    |phara_y0_5f_f5_5f_sum3_fu_4595_p2              |         -|   0|  0|   16|          14|          14|
    |phara_y0_5f_f5_5f_sum5_1_fu_5396_p2            |         -|   0|  0|   16|          15|          15|
    |phara_y0_5f_f5_5f_sum5_2_fu_6181_p2            |         -|   0|  0|   16|          15|          15|
    |phara_y0_5f_f5_5f_sum5_3_fu_6966_p2            |         -|   0|  0|   16|          15|          15|
    |phara_y0_5f_f5_5f_sum5_fu_4611_p2              |         -|   0|  0|   16|          15|          15|
    |phara_y0_5f_f6_5f_sum3_1_fu_5405_p2            |         -|   0|  0|   22|          15|          15|
    |phara_y0_5f_f6_5f_sum3_2_fu_6190_p2            |         -|   0|  0|   22|          15|          15|
    |phara_y0_5f_f6_5f_sum3_3_fu_6975_p2            |         -|   0|  0|   22|          15|          15|
    |phara_y0_5f_f6_5f_sum3_fu_4620_p2              |         -|   0|  0|   22|          15|          15|
    |phara_y1_5f_f0_5f_sum1_1_fu_5418_p2            |         -|   0|  0|   16|          14|          14|
    |phara_y1_5f_f0_5f_sum1_2_fu_6203_p2            |         -|   0|  0|   16|          14|          14|
    |phara_y1_5f_f0_5f_sum1_3_fu_6988_p2            |         -|   0|  0|   16|          14|          14|
    |phara_y1_5f_f0_5f_sum1_fu_4633_p2              |         -|   0|  0|   16|          14|          14|
    |phara_y1_5f_f0_5f_sum3_1_fu_7799_p2            |         -|   0|  0|   16|          15|          15|
    |phara_y1_5f_f0_5f_sum3_2_fu_8203_p2            |         -|   0|  0|   16|          15|          15|
    |phara_y1_5f_f0_5f_sum3_3_fu_8607_p2            |         -|   0|  0|   16|          15|          15|
    |phara_y1_5f_f0_5f_sum3_fu_7395_p2              |         -|   0|  0|   16|          15|          15|
    |phara_y1_5f_f0_5f_sum4_1_fu_7804_p2            |         -|   0|  0|   16|          15|          15|
    |phara_y1_5f_f0_5f_sum4_2_fu_8208_p2            |         -|   0|  0|   16|          15|          15|
    |phara_y1_5f_f0_5f_sum4_3_fu_8612_p2            |         -|   0|  0|   16|          15|          15|
    |phara_y1_5f_f0_5f_sum4_fu_7400_p2              |         -|   0|  0|   16|          15|          15|
    |phara_y1_5f_f1_5f_sum1_1_fu_3105_p2            |         -|   0|  0|   17|           9|          12|
    |phara_y1_5f_f1_5f_sum1_2_fu_3605_p2            |         -|   0|  0|   17|           9|          12|
    |phara_y1_5f_f1_5f_sum1_3_fu_4105_p2            |         -|   0|  0|   17|           9|          12|
    |phara_y1_5f_f1_5f_sum1_fu_2605_p2              |         -|   0|  0|   17|           9|          12|
    |phara_y1_5f_f2_5f_sum1_1_fu_5459_p2            |         -|   0|  0|   17|          13|          13|
    |phara_y1_5f_f2_5f_sum1_2_fu_6244_p2            |         -|   0|  0|   17|          13|          13|
    |phara_y1_5f_f2_5f_sum1_3_fu_7029_p2            |         -|   0|  0|   17|          13|          13|
    |phara_y1_5f_f2_5f_sum1_fu_4674_p2              |         -|   0|  0|   17|          13|          13|
    |phara_y1_5f_f3_5f_sum1_1_fu_5489_p2            |         -|   0|  0|   16|          15|          15|
    |phara_y1_5f_f3_5f_sum1_2_fu_6274_p2            |         -|   0|  0|   16|          15|          15|
    |phara_y1_5f_f3_5f_sum1_3_fu_7059_p2            |         -|   0|  0|   16|          15|          15|
    |phara_y1_5f_f3_5f_sum1_fu_4704_p2              |         -|   0|  0|   16|          15|          15|
    |phara_y1_5f_f3_5f_sum2_1_fu_5495_p2            |         -|   0|  0|   16|          15|          15|
    |phara_y1_5f_f3_5f_sum2_2_fu_6280_p2            |         -|   0|  0|   16|          15|          15|
    |phara_y1_5f_f3_5f_sum2_3_fu_7065_p2            |         -|   0|  0|   16|          15|          15|
    |phara_y1_5f_f3_5f_sum2_fu_4710_p2              |         -|   0|  0|   16|          15|          15|
    |phara_y1_5f_f3_5f_sum3_1_fu_5501_p2            |         -|   0|  0|   16|          15|          15|
    |phara_y1_5f_f3_5f_sum3_2_fu_6286_p2            |         -|   0|  0|   16|          15|          15|
    |phara_y1_5f_f3_5f_sum3_3_fu_7071_p2            |         -|   0|  0|   16|          15|          15|
    |phara_y1_5f_f3_5f_sum3_fu_4716_p2              |         -|   0|  0|   16|          15|          15|
    |phara_y1_5f_f3_5f_sum4_1_fu_7848_p2            |         -|   0|  0|   16|          16|          16|
    |phara_y1_5f_f3_5f_sum4_2_fu_8252_p2            |         -|   0|  0|   16|          16|          16|
    |phara_y1_5f_f3_5f_sum4_3_fu_8656_p2            |         -|   0|  0|   16|          16|          16|
    |phara_y1_5f_f3_5f_sum4_fu_7444_p2              |         -|   0|  0|   16|          16|          16|
    |phara_y1_5f_f3_5f_sum5_1_fu_7854_p2            |         -|   0|  0|   16|          16|          16|
    |phara_y1_5f_f3_5f_sum5_2_fu_8258_p2            |         -|   0|  0|   16|          16|          16|
    |phara_y1_5f_f3_5f_sum5_3_fu_8662_p2            |         -|   0|  0|   16|          16|          16|
    |phara_y1_5f_f3_5f_sum5_fu_7450_p2              |         -|   0|  0|   16|          16|          16|
    |phara_y1_5f_f4_5f_sum1_1_fu_5523_p2            |         -|   0|  0|   16|          14|          14|
    |phara_y1_5f_f4_5f_sum1_2_fu_6308_p2            |         -|   0|  0|   16|          14|          14|
    |phara_y1_5f_f4_5f_sum1_3_fu_7093_p2            |         -|   0|  0|   16|          14|          14|
    |phara_y1_5f_f4_5f_sum1_fu_4738_p2              |         -|   0|  0|   16|          14|          14|
    |phara_y1_5f_f4_5f_sum3_1_fu_7860_p2            |         -|   0|  0|   16|          14|          14|
    |phara_y1_5f_f4_5f_sum3_2_fu_8264_p2            |         -|   0|  0|   16|          14|          14|
    |phara_y1_5f_f4_5f_sum3_3_fu_8668_p2            |         -|   0|  0|   16|          14|          14|
    |phara_y1_5f_f4_5f_sum3_fu_7456_p2              |         -|   0|  0|   16|          14|          14|
    |phara_y1_5f_f5_5f_sum1_1_fu_5545_p2            |         -|   0|  0|   17|          13|          13|
    |phara_y1_5f_f5_5f_sum1_2_fu_6330_p2            |         -|   0|  0|   17|          13|          13|
    |phara_y1_5f_f5_5f_sum1_3_fu_7115_p2            |         -|   0|  0|   17|          13|          13|
    |phara_y1_5f_f5_5f_sum1_fu_4760_p2              |         -|   0|  0|   17|          13|          13|
    |phara_y1_5f_f5_5f_sum3_1_fu_5573_p2            |         -|   0|  0|   16|          14|          14|
    |phara_y1_5f_f5_5f_sum3_2_fu_6358_p2            |         -|   0|  0|   16|          14|          14|
    |phara_y1_5f_f5_5f_sum3_3_fu_7143_p2            |         -|   0|  0|   16|          14|          14|
    |phara_y1_5f_f5_5f_sum3_fu_4788_p2              |         -|   0|  0|   16|          14|          14|
    |phara_y1_5f_f5_5f_sum5_1_fu_7900_p2            |         -|   0|  0|   16|          15|          15|
    |phara_y1_5f_f5_5f_sum5_2_fu_8304_p2            |         -|   0|  0|   16|          15|          15|
    |phara_y1_5f_f5_5f_sum5_3_fu_8708_p2            |         -|   0|  0|   16|          15|          15|
    |phara_y1_5f_f5_5f_sum5_fu_7496_p2              |         -|   0|  0|   16|          15|          15|
    |phara_y1_5f_f6_5f_sum3_1_fu_5582_p2            |         -|   0|  0|   22|          15|          15|
    |phara_y1_5f_f6_5f_sum3_2_fu_6367_p2            |         -|   0|  0|   22|          15|          15|
    |phara_y1_5f_f6_5f_sum3_3_fu_7152_p2            |         -|   0|  0|   22|          15|          15|
    |phara_y1_5f_f6_5f_sum3_fu_4797_p2              |         -|   0|  0|   22|          15|          15|
    |and_ln619_10_fu_9965_p2                        |       and|   0|  0|    2|           1|           1|
    |and_ln619_11_fu_10453_p2                       |       and|   0|  0|    2|           1|           1|
    |and_ln619_1_fu_9077_p2                         |       and|   0|  0|    2|           1|           1|
    |and_ln619_2_fu_10150_p2                        |       and|   0|  0|    2|           1|           1|
    |and_ln619_3_fu_9289_p2                         |       and|   0|  0|    2|           1|           1|
    |and_ln619_4_fu_9373_p2                         |       and|   0|  0|    2|           1|           1|
    |and_ln619_5_fu_10251_p2                        |       and|   0|  0|    2|           1|           1|
    |and_ln619_6_fu_9585_p2                         |       and|   0|  0|    2|           1|           1|
    |and_ln619_7_fu_9669_p2                         |       and|   0|  0|    2|           1|           1|
    |and_ln619_8_fu_10352_p2                        |       and|   0|  0|    2|           1|           1|
    |and_ln619_9_fu_9881_p2                         |       and|   0|  0|    2|           1|           1|
    |and_ln619_fu_8993_p2                           |       and|   0|  0|    2|           1|           1|
    |ap_block_state2_pp0_stage0_iter0               |       and|   0|  0|    2|           1|           1|
    |ap_predicate_op105_read_state2                 |       and|   0|  0|    2|           1|           1|
    |icmp_ln610_10_fu_5657_p2                       |      icmp|   0|  0|   23|          16|           1|
    |icmp_ln610_11_fu_5675_p2                       |      icmp|   0|  0|   22|          15|           1|
    |icmp_ln610_12_fu_5685_p2                       |      icmp|   0|  0|   22|          15|           1|
    |icmp_ln610_13_fu_9439_p2                       |      icmp|   0|  0|   23|          16|           1|
    |icmp_ln610_14_fu_6372_p2                       |      icmp|   0|  0|   22|          15|           1|
    |icmp_ln610_15_fu_6382_p2                       |      icmp|   0|  0|   20|          13|           1|
    |icmp_ln610_16_fu_8383_p2                       |      icmp|   0|  0|   23|          16|           1|
    |icmp_ln610_17_fu_6442_p2                       |      icmp|   0|  0|   23|          16|           1|
    |icmp_ln610_18_fu_6460_p2                       |      icmp|   0|  0|   22|          15|           1|
    |icmp_ln610_19_fu_6470_p2                       |      icmp|   0|  0|   22|          15|           1|
    |icmp_ln610_1_fu_4812_p2                        |      icmp|   0|  0|   20|          13|           1|
    |icmp_ln610_20_fu_9735_p2                       |      icmp|   0|  0|   23|          16|           1|
    |icmp_ln610_21_fu_7157_p2                       |      icmp|   0|  0|   22|          15|           1|
    |icmp_ln610_22_fu_7167_p2                       |      icmp|   0|  0|   20|          13|           1|
    |icmp_ln610_23_fu_8787_p2                       |      icmp|   0|  0|   23|          16|           1|
    |icmp_ln610_24_fu_7227_p2                       |      icmp|   0|  0|   23|          16|           1|
    |icmp_ln610_25_fu_7245_p2                       |      icmp|   0|  0|   22|          15|           1|
    |icmp_ln610_26_fu_7255_p2                       |      icmp|   0|  0|   22|          15|           1|
    |icmp_ln610_27_fu_10031_p2                      |      icmp|   0|  0|   23|          16|           1|
    |icmp_ln610_2_fu_7575_p2                        |      icmp|   0|  0|   23|          16|           1|
    |icmp_ln610_3_fu_4872_p2                        |      icmp|   0|  0|   23|          16|           1|
    |icmp_ln610_4_fu_4890_p2                        |      icmp|   0|  0|   22|          15|           1|
    |icmp_ln610_5_fu_4900_p2                        |      icmp|   0|  0|   22|          15|           1|
    |icmp_ln610_6_fu_9143_p2                        |      icmp|   0|  0|   23|          16|           1|
    |icmp_ln610_7_fu_5587_p2                        |      icmp|   0|  0|   22|          15|           1|
    |icmp_ln610_8_fu_5597_p2                        |      icmp|   0|  0|   20|          13|           1|
    |icmp_ln610_9_fu_7979_p2                        |      icmp|   0|  0|   23|          16|           1|
    |icmp_ln610_fu_4802_p2                          |      icmp|   0|  0|   22|          15|           1|
    |icmp_ln614_10_fu_7991_p2                       |      icmp|   0|  0|   23|          16|           1|
    |icmp_ln614_11_fu_8015_p2                       |      icmp|   0|  0|   22|          15|           1|
    |icmp_ln614_12_fu_8033_p2                       |      icmp|   0|  0|   22|          15|           1|
    |icmp_ln614_13_fu_9457_p2                       |      icmp|   0|  0|   23|          16|           1|
    |icmp_ln614_14_fu_8325_p2                       |      icmp|   0|  0|   22|          15|           1|
    |icmp_ln614_15_fu_6396_p2                       |      icmp|   0|  0|   20|          13|           1|
    |icmp_ln614_16_fu_8389_p2                       |      icmp|   0|  0|   23|          16|           1|
    |icmp_ln614_17_fu_8395_p2                       |      icmp|   0|  0|   23|          16|           1|
    |icmp_ln614_18_fu_8419_p2                       |      icmp|   0|  0|   22|          15|           1|
    |icmp_ln614_19_fu_8437_p2                       |      icmp|   0|  0|   22|          15|           1|
    |icmp_ln614_1_fu_4826_p2                        |      icmp|   0|  0|   20|          13|           1|
    |icmp_ln614_20_fu_9753_p2                       |      icmp|   0|  0|   23|          16|           1|
    |icmp_ln614_21_fu_8729_p2                       |      icmp|   0|  0|   22|          15|           1|
    |icmp_ln614_22_fu_7181_p2                       |      icmp|   0|  0|   20|          13|           1|
    |icmp_ln614_23_fu_8793_p2                       |      icmp|   0|  0|   23|          16|           1|
    |icmp_ln614_24_fu_8799_p2                       |      icmp|   0|  0|   23|          16|           1|
    |icmp_ln614_25_fu_8823_p2                       |      icmp|   0|  0|   22|          15|           1|
    |icmp_ln614_26_fu_8841_p2                       |      icmp|   0|  0|   22|          15|           1|
    |icmp_ln614_27_fu_10049_p2                      |      icmp|   0|  0|   23|          16|           1|
    |icmp_ln614_2_fu_7581_p2                        |      icmp|   0|  0|   23|          16|           1|
    |icmp_ln614_3_fu_7587_p2                        |      icmp|   0|  0|   23|          16|           1|
    |icmp_ln614_4_fu_7611_p2                        |      icmp|   0|  0|   22|          15|           1|
    |icmp_ln614_5_fu_7629_p2                        |      icmp|   0|  0|   22|          15|           1|
    |icmp_ln614_6_fu_9161_p2                        |      icmp|   0|  0|   23|          16|           1|
    |icmp_ln614_7_fu_7921_p2                        |      icmp|   0|  0|   22|          15|           1|
    |icmp_ln614_8_fu_5611_p2                        |      icmp|   0|  0|   20|          13|           1|
    |icmp_ln614_9_fu_7985_p2                        |      icmp|   0|  0|   23|          16|           1|
    |icmp_ln614_fu_7517_p2                          |      icmp|   0|  0|   22|          15|           1|
    |icmp_ln619_10_fu_9309_p2                       |      icmp|   0|  0|   22|          15|          15|
    |icmp_ln619_11_fu_9393_p2                       |      icmp|   0|  0|   21|          14|          14|
    |icmp_ln619_12_fu_8051_p2                       |      icmp|   0|  0|   21|          14|          14|
    |icmp_ln619_13_fu_9475_p2                       |      icmp|   0|  0|   22|          15|          15|
    |icmp_ln619_14_fu_8343_p2                       |      icmp|   0|  0|   21|          14|          14|
    |icmp_ln619_15_fu_6410_p2                       |      icmp|   0|  0|   19|          12|          12|
    |icmp_ln619_16_fu_9517_p2                       |      icmp|   0|  0|   22|          15|          15|
    |icmp_ln619_17_fu_9605_p2                       |      icmp|   0|  0|   22|          15|          15|
    |icmp_ln619_18_fu_9689_p2                       |      icmp|   0|  0|   21|          14|          14|
    |icmp_ln619_19_fu_8455_p2                       |      icmp|   0|  0|   21|          14|          14|
    |icmp_ln619_1_fu_4840_p2                        |      icmp|   0|  0|   19|          12|          12|
    |icmp_ln619_20_fu_9771_p2                       |      icmp|   0|  0|   22|          15|          15|
    |icmp_ln619_21_fu_8747_p2                       |      icmp|   0|  0|   21|          14|          14|
    |icmp_ln619_22_fu_7195_p2                       |      icmp|   0|  0|   19|          12|          12|
    |icmp_ln619_23_fu_9813_p2                       |      icmp|   0|  0|   22|          15|          15|
    |icmp_ln619_24_fu_9901_p2                       |      icmp|   0|  0|   22|          15|          15|
    |icmp_ln619_25_fu_9985_p2                       |      icmp|   0|  0|   21|          14|          14|
    |icmp_ln619_26_fu_8859_p2                       |      icmp|   0|  0|   21|          14|          14|
    |icmp_ln619_27_fu_10067_p2                      |      icmp|   0|  0|   22|          15|          15|
    |icmp_ln619_2_fu_8925_p2                        |      icmp|   0|  0|   22|          15|          15|
    |icmp_ln619_3_fu_9013_p2                        |      icmp|   0|  0|   22|          15|          15|
    |icmp_ln619_4_fu_9097_p2                        |      icmp|   0|  0|   21|          14|          14|
    |icmp_ln619_5_fu_7647_p2                        |      icmp|   0|  0|   21|          14|          14|
    |icmp_ln619_6_fu_9179_p2                        |      icmp|   0|  0|   22|          15|          15|
    |icmp_ln619_7_fu_7939_p2                        |      icmp|   0|  0|   21|          14|          14|
    |icmp_ln619_8_fu_5625_p2                        |      icmp|   0|  0|   19|          12|          12|
    |icmp_ln619_9_fu_9221_p2                        |      icmp|   0|  0|   22|          15|          15|
    |icmp_ln619_fu_7535_p2                          |      icmp|   0|  0|   21|          14|          14|
    |icmp_ln752_fu_625_p2                           |      icmp|   0|  0|   13|           6|           6|
    |icmp_ln764_fu_709_p2                           |      icmp|   0|  0|   39|          32|          32|
    |ap_block_pp0_stage0_01001                      |        or|   0|  0|    2|           1|           1|
    |ap_block_state1                                |        or|   0|  0|    2|           1|           1|
    |or_ln619_10_fu_9971_p2                         |        or|   0|  0|    2|           1|           1|
    |or_ln619_11_fu_10459_p2                        |        or|   0|  0|    2|           1|           1|
    |or_ln619_1_fu_9083_p2                          |        or|   0|  0|    2|           1|           1|
    |or_ln619_2_fu_10156_p2                         |        or|   0|  0|    2|           1|           1|
    |or_ln619_3_fu_9295_p2                          |        or|   0|  0|    2|           1|           1|
    |or_ln619_4_fu_9379_p2                          |        or|   0|  0|    2|           1|           1|
    |or_ln619_5_fu_10257_p2                         |        or|   0|  0|    2|           1|           1|
    |or_ln619_6_fu_9591_p2                          |        or|   0|  0|    2|           1|           1|
    |or_ln619_7_fu_9675_p2                          |        or|   0|  0|    2|           1|           1|
    |or_ln619_8_fu_10358_p2                         |        or|   0|  0|    2|           1|           1|
    |or_ln619_9_fu_9887_p2                          |        or|   0|  0|    2|           1|           1|
    |or_ln619_fu_8999_p2                            |        or|   0|  0|    2|           1|           1|
    |first_activation_10_fu_7915_p3                 |    select|   0|  0|   14|           1|          14|
    |first_activation_11_fu_5603_p3                 |    select|   0|  0|   12|           1|          12|
    |first_activation_13_fu_9209_p3                 |    select|   0|  0|   15|           1|          15|
    |first_activation_15_fu_5667_p3                 |    select|   0|  0|   15|           1|          15|
    |first_activation_16_fu_8009_p3                 |    select|   0|  0|   14|           1|          14|
    |first_activation_17_fu_5695_p3                 |    select|   0|  0|   14|           1|          14|
    |first_activation_19_fu_9449_p3                 |    select|   0|  0|   15|           1|          15|
    |first_activation_1_fu_4818_p3                  |    select|   0|  0|   12|           1|          12|
    |first_activation_20_fu_8319_p3                 |    select|   0|  0|   14|           1|          14|
    |first_activation_21_fu_6388_p3                 |    select|   0|  0|   12|           1|          12|
    |first_activation_23_fu_9505_p3                 |    select|   0|  0|   15|           1|          15|
    |first_activation_25_fu_6452_p3                 |    select|   0|  0|   15|           1|          15|
    |first_activation_26_fu_8413_p3                 |    select|   0|  0|   14|           1|          14|
    |first_activation_27_fu_6480_p3                 |    select|   0|  0|   14|           1|          14|
    |first_activation_29_fu_9745_p3                 |    select|   0|  0|   15|           1|          15|
    |first_activation_30_fu_8723_p3                 |    select|   0|  0|   14|           1|          14|
    |first_activation_31_fu_7173_p3                 |    select|   0|  0|   12|           1|          12|
    |first_activation_33_fu_9801_p3                 |    select|   0|  0|   15|           1|          15|
    |first_activation_35_fu_7237_p3                 |    select|   0|  0|   15|           1|          15|
    |first_activation_36_fu_8817_p3                 |    select|   0|  0|   14|           1|          14|
    |first_activation_37_fu_7265_p3                 |    select|   0|  0|   14|           1|          14|
    |first_activation_39_fu_10041_p3                |    select|   0|  0|   15|           1|          15|
    |first_activation_3_fu_8913_p3                  |    select|   0|  0|   15|           1|          15|
    |first_activation_5_fu_4882_p3                  |    select|   0|  0|   15|           1|          15|
    |first_activation_6_fu_7605_p3                  |    select|   0|  0|   14|           1|          14|
    |first_activation_7_fu_4910_p3                  |    select|   0|  0|   14|           1|          14|
    |first_activation_9_fu_9153_p3                  |    select|   0|  0|   15|           1|          15|
    |first_activation_fu_7511_p3                    |    select|   0|  0|   14|           1|          14|
    |row_buffer_100_fu_1591_p3                      |    select|   0|  0|   10|           1|          10|
    |row_buffer_101_fu_1585_p3                      |    select|   0|  0|   10|           1|          10|
    |row_buffer_102_fu_1579_p3                      |    select|   0|  0|   10|           1|          10|
    |row_buffer_103_fu_1573_p3                      |    select|   0|  0|   10|           1|          10|
    |row_buffer_104_fu_1567_p3                      |    select|   0|  0|   10|           1|          10|
    |row_buffer_105_fu_1561_p3                      |    select|   0|  0|   10|           1|          10|
    |row_buffer_106_fu_1555_p3                      |    select|   0|  0|   10|           1|          10|
    |row_buffer_107_fu_1549_p3                      |    select|   0|  0|   10|           1|          10|
    |row_buffer_108_fu_1543_p3                      |    select|   0|  0|   10|           1|          10|
    |row_buffer_109_fu_1537_p3                      |    select|   0|  0|   10|           1|          10|
    |row_buffer_110_fu_1531_p3                      |    select|   0|  0|   10|           1|          10|
    |row_buffer_111_fu_1525_p3                      |    select|   0|  0|   10|           1|          10|
    |row_buffer_112_fu_1519_p3                      |    select|   0|  0|   10|           1|          10|
    |row_buffer_113_fu_1513_p3                      |    select|   0|  0|   10|           1|          10|
    |row_buffer_114_fu_1507_p3                      |    select|   0|  0|   10|           1|          10|
    |row_buffer_115_fu_1501_p3                      |    select|   0|  0|   10|           1|          10|
    |row_buffer_116_fu_1495_p3                      |    select|   0|  0|   10|           1|          10|
    |row_buffer_117_fu_1489_p3                      |    select|   0|  0|   10|           1|          10|
    |row_buffer_118_fu_1483_p3                      |    select|   0|  0|   10|           1|          10|
    |row_buffer_119_fu_1477_p3                      |    select|   0|  0|   10|           1|          10|
    |row_buffer_120_fu_1471_p3                      |    select|   0|  0|   10|           1|          10|
    |row_buffer_121_fu_1465_p3                      |    select|   0|  0|   10|           1|          10|
    |row_buffer_122_fu_1459_p3                      |    select|   0|  0|   10|           1|          10|
    |row_buffer_123_fu_1453_p3                      |    select|   0|  0|   10|           1|          10|
    |row_buffer_124_fu_1447_p3                      |    select|   0|  0|   10|           1|          10|
    |row_buffer_125_fu_1441_p3                      |    select|   0|  0|   10|           1|          10|
    |row_buffer_126_fu_1435_p3                      |    select|   0|  0|   10|           1|          10|
    |row_buffer_127_fu_1429_p3                      |    select|   0|  0|   10|           1|          10|
    |row_buffer_128_fu_1423_p3                      |    select|   0|  0|   10|           1|          10|
    |row_buffer_129_fu_1417_p3                      |    select|   0|  0|   10|           1|          10|
    |row_buffer_130_fu_1411_p3                      |    select|   0|  0|   10|           1|          10|
    |row_buffer_131_fu_1405_p3                      |    select|   0|  0|   10|           1|          10|
    |row_buffer_132_fu_1399_p3                      |    select|   0|  0|   10|           1|          10|
    |row_buffer_133_fu_1393_p3                      |    select|   0|  0|   10|           1|          10|
    |row_buffer_134_fu_1387_p3                      |    select|   0|  0|   10|           1|          10|
    |row_buffer_135_fu_1381_p3                      |    select|   0|  0|   10|           1|          10|
    |row_buffer_136_fu_1375_p3                      |    select|   0|  0|   10|           1|          10|
    |row_buffer_137_fu_1369_p3                      |    select|   0|  0|   10|           1|          10|
    |row_buffer_138_fu_1363_p3                      |    select|   0|  0|   10|           1|          10|
    |row_buffer_139_fu_1357_p3                      |    select|   0|  0|   10|           1|          10|
    |row_buffer_140_fu_1351_p3                      |    select|   0|  0|   10|           1|          10|
    |row_buffer_141_fu_1345_p3                      |    select|   0|  0|   10|           1|          10|
    |row_buffer_142_fu_1339_p3                      |    select|   0|  0|   10|           1|          10|
    |row_buffer_143_fu_1333_p3                      |    select|   0|  0|   10|           1|          10|
    |row_buffer_144_fu_1327_p3                      |    select|   0|  0|   10|           1|          10|
    |row_buffer_145_fu_1321_p3                      |    select|   0|  0|   10|           1|          10|
    |row_buffer_146_fu_1315_p3                      |    select|   0|  0|   10|           1|          10|
    |row_buffer_147_fu_1309_p3                      |    select|   0|  0|   10|           1|          10|
    |row_buffer_148_fu_1303_p3                      |    select|   0|  0|   10|           1|          10|
    |row_buffer_149_fu_1297_p3                      |    select|   0|  0|   10|           1|          10|
    |row_buffer_150_fu_1291_p3                      |    select|   0|  0|   10|           1|          10|
    |row_buffer_151_fu_1285_p3                      |    select|   0|  0|   10|           1|          10|
    |row_buffer_152_fu_1279_p3                      |    select|   0|  0|   10|           1|          10|
    |row_buffer_153_fu_1273_p3                      |    select|   0|  0|   10|           1|          10|
    |row_buffer_154_fu_1267_p3                      |    select|   0|  0|   10|           1|          10|
    |row_buffer_155_fu_1261_p3                      |    select|   0|  0|   10|           1|          10|
    |row_buffer_156_fu_1255_p3                      |    select|   0|  0|   10|           1|          10|
    |row_buffer_157_fu_1249_p3                      |    select|   0|  0|   10|           1|          10|
    |row_buffer_158_fu_1243_p3                      |    select|   0|  0|   10|           1|          10|
    |row_buffer_159_fu_1237_p3                      |    select|   0|  0|   10|           1|          10|
    |row_buffer_96_fu_1615_p3                       |    select|   0|  0|   10|           1|          10|
    |row_buffer_97_fu_1609_p3                       |    select|   0|  0|   10|           1|          10|
    |row_buffer_98_fu_1603_p3                       |    select|   0|  0|   10|           1|          10|
    |row_buffer_99_fu_1597_p3                       |    select|   0|  0|   10|           1|          10|
    |second_activation_10_fu_7931_p3                |    select|   0|  0|   14|           1|          14|
    |second_activation_11_fu_5617_p3                |    select|   0|  0|   12|           1|          12|
    |second_activation_13_fu_9215_p3                |    select|   0|  0|   15|           1|          15|
    |second_activation_15_fu_8001_p3                |    select|   0|  0|   15|           1|          15|
    |second_activation_16_fu_8025_p3                |    select|   0|  0|   14|           1|          14|
    |second_activation_17_fu_8043_p3                |    select|   0|  0|   14|           1|          14|
    |second_activation_19_fu_9467_p3                |    select|   0|  0|   15|           1|          15|
    |second_activation_1_fu_4832_p3                 |    select|   0|  0|   12|           1|          12|
    |second_activation_20_fu_8335_p3                |    select|   0|  0|   14|           1|          14|
    |second_activation_21_fu_6402_p3                |    select|   0|  0|   12|           1|          12|
    |second_activation_23_fu_9511_p3                |    select|   0|  0|   15|           1|          15|
    |second_activation_25_fu_8405_p3                |    select|   0|  0|   15|           1|          15|
    |second_activation_26_fu_8429_p3                |    select|   0|  0|   14|           1|          14|
    |second_activation_27_fu_8447_p3                |    select|   0|  0|   14|           1|          14|
    |second_activation_29_fu_9763_p3                |    select|   0|  0|   15|           1|          15|
    |second_activation_30_fu_8739_p3                |    select|   0|  0|   14|           1|          14|
    |second_activation_31_fu_7187_p3                |    select|   0|  0|   12|           1|          12|
    |second_activation_33_fu_9807_p3                |    select|   0|  0|   15|           1|          15|
    |second_activation_35_fu_8809_p3                |    select|   0|  0|   15|           1|          15|
    |second_activation_36_fu_8833_p3                |    select|   0|  0|   14|           1|          14|
    |second_activation_37_fu_8851_p3                |    select|   0|  0|   14|           1|          14|
    |second_activation_39_fu_10059_p3               |    select|   0|  0|   15|           1|          15|
    |second_activation_3_fu_8919_p3                 |    select|   0|  0|   15|           1|          15|
    |second_activation_5_fu_7597_p3                 |    select|   0|  0|   15|           1|          15|
    |second_activation_6_fu_7621_p3                 |    select|   0|  0|   14|           1|          14|
    |second_activation_7_fu_7639_p3                 |    select|   0|  0|   14|           1|          14|
    |second_activation_9_fu_9171_p3                 |    select|   0|  0|   15|           1|          15|
    |second_activation_fu_7527_p3                   |    select|   0|  0|   14|           1|          14|
    |select_ln619_10_fu_7945_p3                     |    select|   0|  0|   14|           1|          14|
    |select_ln619_11_fu_5631_p3                     |    select|   0|  0|   12|           1|          12|
    |select_ln619_12_fu_9227_p3                     |    select|   0|  0|   15|           1|          15|
    |select_ln619_13_fu_9301_p3                     |    select|   0|  0|    9|           1|           2|
    |select_ln619_14_fu_9313_p3                     |    select|   0|  0|   15|           1|          15|
    |select_ln619_15_fu_9385_p3                     |    select|   0|  0|    9|           1|           2|
    |select_ln619_16_fu_9397_p3                     |    select|   0|  0|   14|           1|          14|
    |select_ln619_17_fu_8056_p3                     |    select|   0|  0|   14|           1|          14|
    |select_ln619_18_fu_10192_p3                    |    select|   0|  0|   15|           1|          15|
    |select_ln619_19_fu_10263_p3                    |    select|   0|  0|    9|           1|           2|
    |select_ln619_1_fu_4846_p3                      |    select|   0|  0|   12|           1|          12|
    |select_ln619_20_fu_8349_p3                     |    select|   0|  0|   14|           1|          14|
    |select_ln619_21_fu_6416_p3                     |    select|   0|  0|   12|           1|          12|
    |select_ln619_22_fu_9523_p3                     |    select|   0|  0|   15|           1|          15|
    |select_ln619_23_fu_9597_p3                     |    select|   0|  0|    9|           1|           2|
    |select_ln619_24_fu_9609_p3                     |    select|   0|  0|   15|           1|          15|
    |select_ln619_25_fu_9681_p3                     |    select|   0|  0|    9|           1|           2|
    |select_ln619_26_fu_9693_p3                     |    select|   0|  0|   14|           1|          14|
    |select_ln619_27_fu_8460_p3                     |    select|   0|  0|   14|           1|          14|
    |select_ln619_28_fu_10293_p3                    |    select|   0|  0|   15|           1|          15|
    |select_ln619_29_fu_10364_p3                    |    select|   0|  0|    9|           1|           2|
    |select_ln619_2_fu_8931_p3                      |    select|   0|  0|   15|           1|          15|
    |select_ln619_30_fu_8753_p3                     |    select|   0|  0|   14|           1|          14|
    |select_ln619_31_fu_7201_p3                     |    select|   0|  0|   12|           1|          12|
    |select_ln619_32_fu_9819_p3                     |    select|   0|  0|   15|           1|          15|
    |select_ln619_33_fu_9893_p3                     |    select|   0|  0|    9|           1|           2|
    |select_ln619_34_fu_9905_p3                     |    select|   0|  0|   15|           1|          15|
    |select_ln619_35_fu_9977_p3                     |    select|   0|  0|    9|           1|           2|
    |select_ln619_36_fu_9989_p3                     |    select|   0|  0|   14|           1|          14|
    |select_ln619_37_fu_8864_p3                     |    select|   0|  0|   14|           1|          14|
    |select_ln619_38_fu_10394_p3                    |    select|   0|  0|   15|           1|          15|
    |select_ln619_39_fu_10465_p3                    |    select|   0|  0|    9|           1|           2|
    |select_ln619_3_fu_9005_p3                      |    select|   0|  0|    9|           1|           2|
    |select_ln619_4_fu_9017_p3                      |    select|   0|  0|   15|           1|          15|
    |select_ln619_5_fu_9089_p3                      |    select|   0|  0|    9|           1|           2|
    |select_ln619_6_fu_9101_p3                      |    select|   0|  0|   14|           1|          14|
    |select_ln619_7_fu_7652_p3                      |    select|   0|  0|   14|           1|          14|
    |select_ln619_8_fu_10091_p3                     |    select|   0|  0|   15|           1|          15|
    |select_ln619_9_fu_10162_p3                     |    select|   0|  0|    9|           1|           2|
    |select_ln619_fu_7541_p3                        |    select|   0|  0|   14|           1|          14|
    |ap_enable_pp0                                  |       xor|   0|  0|    2|           1|           2|
    |ap_enable_reg_pp0_iter1                        |       xor|   0|  0|    2|           2|           1|
    |xor_ln619_10_fu_9959_p2                        |       xor|   0|  0|    2|           1|           2|
    |xor_ln619_11_fu_10447_p2                       |       xor|   0|  0|    2|           1|           2|
    |xor_ln619_1_fu_9071_p2                         |       xor|   0|  0|    2|           1|           2|
    |xor_ln619_2_fu_10144_p2                        |       xor|   0|  0|    2|           1|           2|
    |xor_ln619_3_fu_9283_p2                         |       xor|   0|  0|    2|           1|           2|
    |xor_ln619_4_fu_9367_p2                         |       xor|   0|  0|    2|           1|           2|
    |xor_ln619_5_fu_10245_p2                        |       xor|   0|  0|    2|           1|           2|
    |xor_ln619_6_fu_9579_p2                         |       xor|   0|  0|    2|           1|           2|
    |xor_ln619_7_fu_9663_p2                         |       xor|   0|  0|    2|           1|           2|
    |xor_ln619_8_fu_10346_p2                        |       xor|   0|  0|    2|           1|           2|
    |xor_ln619_9_fu_9875_p2                         |       xor|   0|  0|    2|           1|           2|
    |xor_ln619_fu_8987_p2                           |       xor|   0|  0|    2|           1|           2|
    +-----------------------------------------------+----------+----+---+-----+------------+------------+
    |Total                                          |          |   0|  0|11257|        6918|        7852|
    +-----------------------------------------------+----------+----+---+-----+------------+------------+

    * Multiplexer: 
    +-------------------------+----+-----------+-----+-----------+
    |           Name          | LUT| Input Size| Bits| Total Bits|
    +-------------------------+----+-----------+-----+-----------+
    |ap_NS_fsm                |  20|          4|    1|          4|
    |ap_done                  |   9|          2|    1|          2|
    |ap_enable_reg_pp0_iter1  |   9|          2|    1|          2|
    |ap_enable_reg_pp0_iter6  |   9|          2|    1|          2|
    |input_words_fu_336       |   9|          2|   32|         64|
    |layer6_out_x4_blk_n      |   9|          2|    1|          2|
    |pool_fu_332              |   9|          2|    6|         12|
    |real_start               |   9|          2|    1|          2|
    |waveform_TDATA_blk_n     |   9|          2|    1|          2|
    +-------------------------+----+-----------+-----+-----------+
    |Total                    |  92|         20|   45|         92|
    +-------------------------+----+-----------+-----+-----------+

    * Register: 
    +-----------------------------------------------+----+----+-----+-----------+
    |                      Name                     | FF | LUT| Bits| Const Bits|
    +-----------------------------------------------+----+----+-----+-----------+
    |add_ln508_10_reg_12274                         |  11|   0|   14|          3|
    |add_ln508_10_reg_12274_pp0_iter4_reg           |  11|   0|   14|          3|
    |add_ln508_1_reg_12010                          |  11|   0|   14|          3|
    |add_ln508_1_reg_12010_pp0_iter4_reg            |  11|   0|   14|          3|
    |add_ln508_3_reg_12434                          |  16|   0|   16|          0|
    |add_ln508_4_reg_12098                          |  11|   0|   14|          3|
    |add_ln508_4_reg_12098_pp0_iter4_reg            |  11|   0|   14|          3|
    |add_ln508_6_reg_12512                          |  16|   0|   16|          0|
    |add_ln508_7_reg_12186                          |  11|   0|   14|          3|
    |add_ln508_7_reg_12186_pp0_iter4_reg            |  11|   0|   14|          3|
    |add_ln508_9_reg_12590                          |  16|   0|   16|          0|
    |add_ln508_reg_12356                            |  16|   0|   16|          0|
    |add_ln539_10_reg_12605                         |  11|   0|   14|          3|
    |add_ln539_1_reg_12371                          |  11|   0|   14|          3|
    |add_ln539_3_reg_12444                          |  16|   0|   16|          0|
    |add_ln539_4_reg_12449                          |  11|   0|   14|          3|
    |add_ln539_6_reg_12522                          |  16|   0|   16|          0|
    |add_ln539_7_reg_12527                          |  11|   0|   14|          3|
    |add_ln539_9_reg_12600                          |  16|   0|   16|          0|
    |add_ln539_reg_12366                            |  16|   0|   16|          0|
    |add_ln619_11_reg_12718                         |   9|   0|    9|          0|
    |add_ln619_12_reg_12723                         |   9|   0|    9|          0|
    |add_ln619_14_reg_12743                         |   9|   0|    9|          0|
    |add_ln619_15_reg_12542                         |   7|   0|    7|          0|
    |add_ln619_15_reg_12542_pp0_iter5_reg           |   7|   0|    7|          0|
    |add_ln619_18_reg_12758                         |   9|   0|    9|          0|
    |add_ln619_19_reg_12763                         |   9|   0|    9|          0|
    |add_ln619_1_reg_12386                          |   7|   0|    7|          0|
    |add_ln619_1_reg_12386_pp0_iter5_reg            |   7|   0|    7|          0|
    |add_ln619_21_reg_12783                         |   9|   0|    9|          0|
    |add_ln619_22_reg_12620                         |   7|   0|    7|          0|
    |add_ln619_22_reg_12620_pp0_iter5_reg           |   7|   0|    7|          0|
    |add_ln619_25_reg_12798                         |   9|   0|    9|          0|
    |add_ln619_26_reg_12803                         |   9|   0|    9|          0|
    |add_ln619_4_reg_12678                          |   9|   0|    9|          0|
    |add_ln619_5_reg_12683                          |   9|   0|    9|          0|
    |add_ln619_7_reg_12703                          |   9|   0|    9|          0|
    |add_ln619_8_reg_12464                          |   7|   0|    7|          0|
    |add_ln619_8_reg_12464_pp0_iter5_reg            |   7|   0|    7|          0|
    |add_ln619_reg_12663                            |   9|   0|    9|          0|
    |ap_CS_fsm                                      |   3|   0|    3|          0|
    |ap_done_reg                                    |   1|   0|    1|          0|
    |ap_enable_reg_pp0_iter0                        |   1|   0|    1|          0|
    |ap_enable_reg_pp0_iter1                        |   1|   0|    1|          0|
    |ap_enable_reg_pp0_iter2                        |   1|   0|    1|          0|
    |ap_enable_reg_pp0_iter3                        |   1|   0|    1|          0|
    |ap_enable_reg_pp0_iter4                        |   1|   0|    1|          0|
    |ap_enable_reg_pp0_iter5                        |   1|   0|    1|          0|
    |ap_enable_reg_pp0_iter6                        |   1|   0|    1|          0|
    |first_activation_12_reg_12429                  |  15|   0|   15|          0|
    |first_activation_15_reg_12153                  |  15|   0|   15|          0|
    |first_activation_15_reg_12153_pp0_iter4_reg    |  15|   0|   15|          0|
    |first_activation_16_reg_12485                  |  14|   0|   14|          0|
    |first_activation_17_reg_12169                  |  14|   0|   14|          0|
    |first_activation_19_reg_12728                  |  15|   0|   15|          0|
    |first_activation_22_reg_12507                  |  15|   0|   15|          0|
    |first_activation_25_reg_12241                  |  15|   0|   15|          0|
    |first_activation_25_reg_12241_pp0_iter4_reg    |  15|   0|   15|          0|
    |first_activation_26_reg_12563                  |  14|   0|   14|          0|
    |first_activation_27_reg_12257                  |  14|   0|   14|          0|
    |first_activation_29_reg_12768                  |  15|   0|   15|          0|
    |first_activation_2_reg_12351                   |  15|   0|   15|          0|
    |first_activation_32_reg_12585                  |  15|   0|   15|          0|
    |first_activation_35_reg_12329                  |  15|   0|   15|          0|
    |first_activation_35_reg_12329_pp0_iter4_reg    |  15|   0|   15|          0|
    |first_activation_36_reg_12641                  |  14|   0|   14|          0|
    |first_activation_37_reg_12345                  |  14|   0|   14|          0|
    |first_activation_39_reg_12808                  |  15|   0|   15|          0|
    |first_activation_5_reg_12065                   |  15|   0|   15|          0|
    |first_activation_5_reg_12065_pp0_iter4_reg     |  15|   0|   15|          0|
    |first_activation_6_reg_12407                   |  14|   0|   14|          0|
    |first_activation_7_reg_12081                   |  14|   0|   14|          0|
    |first_activation_9_reg_12688                   |  15|   0|   15|          0|
    |icmp_ln610_11_reg_12159                        |   1|   0|    1|          0|
    |icmp_ln610_14_reg_12221                        |   1|   0|    1|          0|
    |icmp_ln610_16_reg_12547                        |   1|   0|    1|          0|
    |icmp_ln610_18_reg_12247                        |   1|   0|    1|          0|
    |icmp_ln610_21_reg_12309                        |   1|   0|    1|          0|
    |icmp_ln610_23_reg_12625                        |   1|   0|    1|          0|
    |icmp_ln610_25_reg_12335                        |   1|   0|    1|          0|
    |icmp_ln610_2_reg_12391                         |   1|   0|    1|          0|
    |icmp_ln610_4_reg_12071                         |   1|   0|    1|          0|
    |icmp_ln610_7_reg_12133                         |   1|   0|    1|          0|
    |icmp_ln610_9_reg_12469                         |   1|   0|    1|          0|
    |icmp_ln610_reg_12045                           |   1|   0|    1|          0|
    |icmp_ln614_16_reg_12552                        |   1|   0|    1|          0|
    |icmp_ln614_23_reg_12630                        |   1|   0|    1|          0|
    |icmp_ln614_2_reg_12396                         |   1|   0|    1|          0|
    |icmp_ln614_9_reg_12474                         |   1|   0|    1|          0|
    |icmp_ln619_13_reg_12738                        |   1|   0|    1|          0|
    |icmp_ln619_20_reg_12778                        |   1|   0|    1|          0|
    |icmp_ln619_27_reg_12818                        |   1|   0|    1|          0|
    |icmp_ln619_6_reg_12698                         |   1|   0|    1|          0|
    |icmp_ln764_reg_11243                           |   1|   0|    1|          0|
    |input_words_fu_336                             |  32|   0|   32|          0|
    |phara_x0_5f_c_2d_10_5f_negative1_1_reg_11683   |  13|   0|   14|          1|
    |phara_x0_5f_c_2d_10_5f_negative1_2_reg_11823   |  13|   0|   14|          1|
    |phara_x0_5f_c_2d_10_5f_negative1_3_reg_11963   |  13|   0|   14|          1|
    |phara_x0_5f_c_2d_10_5f_negative1_reg_11543     |  13|   0|   14|          1|
    |phara_x0_5f_c_2d_3_5f_negative1_1_reg_11693    |  11|   0|   11|          0|
    |phara_x0_5f_c_2d_3_5f_negative1_2_reg_11833    |  11|   0|   11|          0|
    |phara_x0_5f_c_2d_3_5f_negative1_3_reg_11973    |  11|   0|   11|          0|
    |phara_x0_5f_c_2d_3_5f_negative1_reg_11553      |  11|   0|   11|          0|
    |phara_x0_input_code_1_reg_11579                |  10|   0|   10|          0|
    |phara_x0_input_code_2_reg_11719                |  10|   0|   10|          0|
    |phara_x0_input_code_3_reg_11859                |  10|   0|   10|          0|
    |phara_x0_input_code_reg_11439                  |  10|   0|   10|          0|
    |phara_x1_5f_c_2d_6_5f_negative1_1_reg_11688    |  11|   0|   11|          0|
    |phara_x1_5f_c_2d_6_5f_negative1_2_reg_11828    |  11|   0|   11|          0|
    |phara_x1_5f_c_2d_6_5f_negative1_3_reg_11968    |  11|   0|   11|          0|
    |phara_x1_5f_c_2d_6_5f_negative1_reg_11548      |  11|   0|   11|          0|
    |phara_x1_input_code_1_reg_11585                |  10|   0|   10|          0|
    |phara_x1_input_code_2_reg_11725                |  10|   0|   10|          0|
    |phara_x1_input_code_3_reg_11865                |  10|   0|   10|          0|
    |phara_x1_input_code_reg_11445                  |  10|   0|   10|          0|
    |phara_x2_5f_c_2d_10_5f_negative1_1_reg_11672   |  12|   0|   12|          0|
    |phara_x2_5f_c_2d_10_5f_negative1_2_reg_11812   |  12|   0|   12|          0|
    |phara_x2_5f_c_2d_10_5f_negative1_3_reg_11952   |  12|   0|   12|          0|
    |phara_x2_5f_c_2d_10_5f_negative1_reg_11532     |  12|   0|   12|          0|
    |phara_x2_input_code_1_reg_11592                |  10|   0|   10|          0|
    |phara_x2_input_code_1_reg_11592_pp0_iter3_reg  |  10|   0|   10|          0|
    |phara_x2_input_code_2_reg_11732                |  10|   0|   10|          0|
    |phara_x2_input_code_2_reg_11732_pp0_iter3_reg  |  10|   0|   10|          0|
    |phara_x2_input_code_3_reg_11872                |  10|   0|   10|          0|
    |phara_x2_input_code_3_reg_11872_pp0_iter3_reg  |  10|   0|   10|          0|
    |phara_x2_input_code_reg_11452                  |  10|   0|   10|          0|
    |phara_x2_input_code_reg_11452_pp0_iter3_reg    |  10|   0|   10|          0|
    |phara_x3_5f_c6_5f_negative1_1_reg_11667        |  13|   0|   14|          1|
    |phara_x3_5f_c6_5f_negative1_2_reg_11807        |  13|   0|   14|          1|
    |phara_x3_5f_c6_5f_negative1_3_reg_11947        |  13|   0|   14|          1|
    |phara_x3_5f_c6_5f_negative1_reg_11527          |  13|   0|   14|          1|
    |phara_x3_5f_shift3_1_reg_11650                 |  10|   0|   13|          3|
    |phara_x3_5f_shift3_2_reg_11790                 |  10|   0|   13|          3|
    |phara_x3_5f_shift3_3_reg_11930                 |  10|   0|   13|          3|
    |phara_x3_5f_shift3_reg_11510                   |  10|   0|   13|          3|
    |phara_x3_input_code_1_reg_11602                |  10|   0|   10|          0|
    |phara_x3_input_code_1_reg_11602_pp0_iter3_reg  |  10|   0|   10|          0|
    |phara_x3_input_code_2_reg_11742                |  10|   0|   10|          0|
    |phara_x3_input_code_2_reg_11742_pp0_iter3_reg  |  10|   0|   10|          0|
    |phara_x3_input_code_3_reg_11882                |  10|   0|   10|          0|
    |phara_x3_input_code_3_reg_11882_pp0_iter3_reg  |  10|   0|   10|          0|
    |phara_x3_input_code_reg_11462                  |  10|   0|   10|          0|
    |phara_x3_input_code_reg_11462_pp0_iter3_reg    |  10|   0|   10|          0|
    |phara_x4_input_code_1_reg_11609                |  10|   0|   10|          0|
    |phara_x4_input_code_2_reg_11749                |  10|   0|   10|          0|
    |phara_x4_input_code_3_reg_11889                |  10|   0|   10|          0|
    |phara_x4_input_code_reg_11469                  |  10|   0|   10|          0|
    |phara_x5_5f_c_2d_10_5f_negative1_1_reg_11703   |  12|   0|   12|          0|
    |phara_x5_5f_c_2d_10_5f_negative1_2_reg_11843   |  12|   0|   12|          0|
    |phara_x5_5f_c_2d_10_5f_negative1_3_reg_11983   |  12|   0|   12|          0|
    |phara_x5_5f_c_2d_10_5f_negative1_reg_11563     |  12|   0|   12|          0|
    |phara_x5_input_code_1_reg_11618                |  10|   0|   10|          0|
    |phara_x5_input_code_1_reg_11618_pp0_iter3_reg  |  10|   0|   10|          0|
    |phara_x5_input_code_2_reg_11758                |  10|   0|   10|          0|
    |phara_x5_input_code_2_reg_11758_pp0_iter3_reg  |  10|   0|   10|          0|
    |phara_x5_input_code_3_reg_11898                |  10|   0|   10|          0|
    |phara_x5_input_code_3_reg_11898_pp0_iter3_reg  |  10|   0|   10|          0|
    |phara_x5_input_code_reg_11478                  |  10|   0|   10|          0|
    |phara_x5_input_code_reg_11478_pp0_iter3_reg    |  10|   0|   10|          0|
    |phara_x6_input_code_1_reg_11628                |  10|   0|   10|          0|
    |phara_x6_input_code_1_reg_11628_pp0_iter3_reg  |  10|   0|   10|          0|
    |phara_x6_input_code_2_reg_11768                |  10|   0|   10|          0|
    |phara_x6_input_code_2_reg_11768_pp0_iter3_reg  |  10|   0|   10|          0|
    |phara_x6_input_code_3_reg_11908                |  10|   0|   10|          0|
    |phara_x6_input_code_3_reg_11908_pp0_iter3_reg  |  10|   0|   10|          0|
    |phara_x6_input_code_reg_11488                  |  10|   0|   10|          0|
    |phara_x6_input_code_reg_11488_pp0_iter3_reg    |  10|   0|   10|          0|
    |phara_x7_5f_c_2d_5_5f_negative1_1_reg_12113    |  15|   0|   15|          0|
    |phara_x7_5f_c_2d_5_5f_negative1_2_reg_12201    |  15|   0|   15|          0|
    |phara_x7_5f_c_2d_5_5f_negative1_3_reg_12289    |  15|   0|   15|          0|
    |phara_x7_5f_c_2d_5_5f_negative1_reg_12025      |  15|   0|   15|          0|
    |phara_x7_input_code_1_reg_11636                |  10|   0|   10|          0|
    |phara_x7_input_code_1_reg_11636_pp0_iter3_reg  |  10|   0|   10|          0|
    |phara_x7_input_code_2_reg_11776                |  10|   0|   10|          0|
    |phara_x7_input_code_2_reg_11776_pp0_iter3_reg  |  10|   0|   10|          0|
    |phara_x7_input_code_3_reg_11916                |  10|   0|   10|          0|
    |phara_x7_input_code_3_reg_11916_pp0_iter3_reg  |  10|   0|   10|          0|
    |phara_x7_input_code_reg_11496                  |  10|   0|   10|          0|
    |phara_x7_input_code_reg_11496_pp0_iter3_reg    |  10|   0|   10|          0|
    |phara_y0_5f_f1_5f_sum2_1_reg_11677             |  12|   0|   12|          0|
    |phara_y0_5f_f1_5f_sum2_2_reg_11817             |  12|   0|   12|          0|
    |phara_y0_5f_f1_5f_sum2_3_reg_11957             |  12|   0|   12|          0|
    |phara_y0_5f_f1_5f_sum2_reg_11537               |  12|   0|   12|          0|
    |phara_y0_5f_f2_5f_sum3_1_reg_12087             |  15|   0|   15|          0|
    |phara_y0_5f_f2_5f_sum3_2_reg_12175             |  15|   0|   15|          0|
    |phara_y0_5f_f2_5f_sum3_3_reg_12263             |  15|   0|   15|          0|
    |phara_y0_5f_f2_5f_sum3_reg_11999               |  15|   0|   15|          0|
    |phara_y0_5f_f6_5f_sum2_1_reg_11698             |  14|   0|   14|          0|
    |phara_y0_5f_f6_5f_sum2_2_reg_11838             |  14|   0|   14|          0|
    |phara_y0_5f_f6_5f_sum2_3_reg_11978             |  14|   0|   14|          0|
    |phara_y0_5f_f6_5f_sum2_reg_11558               |  14|   0|   14|          0|
    |phara_y0_5f_f6_5f_sum3_1_reg_12093             |  15|   0|   15|          0|
    |phara_y0_5f_f6_5f_sum3_2_reg_12181             |  15|   0|   15|          0|
    |phara_y0_5f_f6_5f_sum3_3_reg_12269             |  15|   0|   15|          0|
    |phara_y0_5f_f6_5f_sum3_reg_12005               |  15|   0|   15|          0|
    |phara_y1_5f_f0_5f_sum2_1_reg_12103             |  15|   0|   15|          0|
    |phara_y1_5f_f0_5f_sum2_2_reg_12191             |  15|   0|   15|          0|
    |phara_y1_5f_f0_5f_sum2_3_reg_12279             |  15|   0|   15|          0|
    |phara_y1_5f_f0_5f_sum2_reg_12015               |  15|   0|   15|          0|
    |phara_y1_5f_f1_5f_sum2_1_reg_11708             |  12|   0|   12|          0|
    |phara_y1_5f_f1_5f_sum2_2_reg_11848             |  12|   0|   12|          0|
    |phara_y1_5f_f1_5f_sum2_3_reg_11988             |  12|   0|   12|          0|
    |phara_y1_5f_f1_5f_sum2_reg_11568               |  12|   0|   12|          0|
    |phara_y1_5f_f2_5f_sum2_1_reg_12108             |  14|   0|   14|          0|
    |phara_y1_5f_f2_5f_sum2_2_reg_12196             |  14|   0|   14|          0|
    |phara_y1_5f_f2_5f_sum2_3_reg_12284             |  14|   0|   14|          0|
    |phara_y1_5f_f2_5f_sum2_reg_12020               |  14|   0|   14|          0|
    |phara_y1_5f_f4_5f_sum2_1_reg_12118             |  14|   0|   14|          0|
    |phara_y1_5f_f4_5f_sum2_2_reg_12206             |  14|   0|   14|          0|
    |phara_y1_5f_f4_5f_sum2_3_reg_12294             |  14|   0|   14|          0|
    |phara_y1_5f_f4_5f_sum2_reg_12030               |  14|   0|   14|          0|
    |phara_y1_5f_f5_5f_sum3_1_reg_12123             |  14|   0|   14|          0|
    |phara_y1_5f_f5_5f_sum3_2_reg_12211             |  14|   0|   14|          0|
    |phara_y1_5f_f5_5f_sum3_3_reg_12299             |  14|   0|   14|          0|
    |phara_y1_5f_f5_5f_sum3_reg_12035               |  14|   0|   14|          0|
    |phara_y1_5f_f6_5f_sum2_1_reg_11714             |  14|   0|   14|          0|
    |phara_y1_5f_f6_5f_sum2_2_reg_11854             |  14|   0|   14|          0|
    |phara_y1_5f_f6_5f_sum2_3_reg_11994             |  14|   0|   14|          0|
    |phara_y1_5f_f6_5f_sum2_reg_11574               |  14|   0|   14|          0|
    |phara_y1_5f_f6_5f_sum3_1_reg_12128             |  15|   0|   15|          0|
    |phara_y1_5f_f6_5f_sum3_2_reg_12216             |  15|   0|   15|          0|
    |phara_y1_5f_f6_5f_sum3_3_reg_12304             |  15|   0|   15|          0|
    |phara_y1_5f_f6_5f_sum3_reg_12040               |  15|   0|   15|          0|
    |pool_fu_332                                    |   6|   0|    6|          0|
    |row_buffer_10_fu_380                           |  10|   0|   10|          0|
    |row_buffer_11_fu_384                           |  10|   0|   10|          0|
    |row_buffer_12_fu_388                           |  10|   0|   10|          0|
    |row_buffer_13_fu_392                           |  10|   0|   10|          0|
    |row_buffer_14_fu_396                           |  10|   0|   10|          0|
    |row_buffer_15_fu_400                           |  10|   0|   10|          0|
    |row_buffer_16_fu_404                           |  10|   0|   10|          0|
    |row_buffer_17_fu_408                           |  10|   0|   10|          0|
    |row_buffer_18_fu_412                           |  10|   0|   10|          0|
    |row_buffer_19_fu_416                           |  10|   0|   10|          0|
    |row_buffer_1_fu_344                            |  10|   0|   10|          0|
    |row_buffer_20_fu_420                           |  10|   0|   10|          0|
    |row_buffer_21_fu_424                           |  10|   0|   10|          0|
    |row_buffer_22_fu_428                           |  10|   0|   10|          0|
    |row_buffer_23_fu_432                           |  10|   0|   10|          0|
    |row_buffer_24_fu_436                           |  10|   0|   10|          0|
    |row_buffer_25_fu_440                           |  10|   0|   10|          0|
    |row_buffer_26_fu_444                           |  10|   0|   10|          0|
    |row_buffer_27_fu_448                           |  10|   0|   10|          0|
    |row_buffer_28_fu_452                           |  10|   0|   10|          0|
    |row_buffer_29_fu_456                           |  10|   0|   10|          0|
    |row_buffer_2_fu_348                            |  10|   0|   10|          0|
    |row_buffer_30_fu_460                           |  10|   0|   10|          0|
    |row_buffer_31_fu_464                           |  10|   0|   10|          0|
    |row_buffer_32_fu_468                           |  10|   0|   10|          0|
    |row_buffer_33_fu_472                           |  10|   0|   10|          0|
    |row_buffer_34_fu_476                           |  10|   0|   10|          0|
    |row_buffer_35_fu_480                           |  10|   0|   10|          0|
    |row_buffer_36_fu_484                           |  10|   0|   10|          0|
    |row_buffer_37_fu_488                           |  10|   0|   10|          0|
    |row_buffer_38_fu_492                           |  10|   0|   10|          0|
    |row_buffer_39_fu_496                           |  10|   0|   10|          0|
    |row_buffer_3_fu_352                            |  10|   0|   10|          0|
    |row_buffer_40_fu_500                           |  10|   0|   10|          0|
    |row_buffer_41_fu_504                           |  10|   0|   10|          0|
    |row_buffer_42_fu_508                           |  10|   0|   10|          0|
    |row_buffer_43_fu_512                           |  10|   0|   10|          0|
    |row_buffer_44_fu_516                           |  10|   0|   10|          0|
    |row_buffer_45_fu_520                           |  10|   0|   10|          0|
    |row_buffer_46_fu_524                           |  10|   0|   10|          0|
    |row_buffer_47_fu_528                           |  10|   0|   10|          0|
    |row_buffer_48_fu_532                           |  10|   0|   10|          0|
    |row_buffer_49_fu_536                           |  10|   0|   10|          0|
    |row_buffer_4_fu_356                            |  10|   0|   10|          0|
    |row_buffer_50_fu_540                           |  10|   0|   10|          0|
    |row_buffer_51_fu_544                           |  10|   0|   10|          0|
    |row_buffer_52_fu_548                           |  10|   0|   10|          0|
    |row_buffer_53_fu_552                           |  10|   0|   10|          0|
    |row_buffer_54_fu_556                           |  10|   0|   10|          0|
    |row_buffer_55_fu_560                           |  10|   0|   10|          0|
    |row_buffer_56_fu_564                           |  10|   0|   10|          0|
    |row_buffer_57_fu_568                           |  10|   0|   10|          0|
    |row_buffer_58_fu_572                           |  10|   0|   10|          0|
    |row_buffer_59_fu_576                           |  10|   0|   10|          0|
    |row_buffer_5_fu_360                            |  10|   0|   10|          0|
    |row_buffer_60_fu_580                           |  10|   0|   10|          0|
    |row_buffer_61_fu_584                           |  10|   0|   10|          0|
    |row_buffer_62_fu_588                           |  10|   0|   10|          0|
    |row_buffer_63_fu_592                           |  10|   0|   10|          0|
    |row_buffer_64_reg_11247                        |  10|   0|   10|          0|
    |row_buffer_65_reg_11253                        |  10|   0|   10|          0|
    |row_buffer_66_reg_11259                        |  10|   0|   10|          0|
    |row_buffer_67_reg_11265                        |  10|   0|   10|          0|
    |row_buffer_68_reg_11271                        |  10|   0|   10|          0|
    |row_buffer_69_reg_11277                        |  10|   0|   10|          0|
    |row_buffer_6_fu_364                            |  10|   0|   10|          0|
    |row_buffer_70_reg_11283                        |  10|   0|   10|          0|
    |row_buffer_71_reg_11289                        |  10|   0|   10|          0|
    |row_buffer_72_reg_11295                        |  10|   0|   10|          0|
    |row_buffer_73_reg_11301                        |  10|   0|   10|          0|
    |row_buffer_74_reg_11307                        |  10|   0|   10|          0|
    |row_buffer_75_reg_11313                        |  10|   0|   10|          0|
    |row_buffer_76_reg_11319                        |  10|   0|   10|          0|
    |row_buffer_77_reg_11325                        |  10|   0|   10|          0|
    |row_buffer_78_reg_11331                        |  10|   0|   10|          0|
    |row_buffer_79_reg_11337                        |  10|   0|   10|          0|
    |row_buffer_7_fu_368                            |  10|   0|   10|          0|
    |row_buffer_80_reg_11343                        |  10|   0|   10|          0|
    |row_buffer_81_reg_11349                        |  10|   0|   10|          0|
    |row_buffer_82_reg_11355                        |  10|   0|   10|          0|
    |row_buffer_83_reg_11361                        |  10|   0|   10|          0|
    |row_buffer_84_reg_11367                        |  10|   0|   10|          0|
    |row_buffer_85_reg_11373                        |  10|   0|   10|          0|
    |row_buffer_86_reg_11379                        |  10|   0|   10|          0|
    |row_buffer_87_reg_11385                        |  10|   0|   10|          0|
    |row_buffer_88_reg_11391                        |  10|   0|   10|          0|
    |row_buffer_89_reg_11397                        |  10|   0|   10|          0|
    |row_buffer_8_fu_372                            |  10|   0|   10|          0|
    |row_buffer_90_reg_11403                        |  10|   0|   10|          0|
    |row_buffer_91_reg_11409                        |  10|   0|   10|          0|
    |row_buffer_92_reg_11415                        |  10|   0|   10|          0|
    |row_buffer_93_reg_11421                        |  10|   0|   10|          0|
    |row_buffer_94_reg_11427                        |  10|   0|   10|          0|
    |row_buffer_95_reg_11433                        |  10|   0|   10|          0|
    |row_buffer_9_fu_376                            |  10|   0|   10|          0|
    |row_buffer_fu_340                              |  10|   0|   10|          0|
    |second_activation_12_reg_12439                 |  15|   0|   15|          0|
    |second_activation_15_reg_12479                 |  15|   0|   15|          0|
    |second_activation_16_reg_12491                 |  14|   0|   14|          0|
    |second_activation_19_reg_12733                 |  15|   0|   15|          0|
    |second_activation_22_reg_12517                 |  15|   0|   15|          0|
    |second_activation_25_reg_12557                 |  15|   0|   15|          0|
    |second_activation_26_reg_12569                 |  14|   0|   14|          0|
    |second_activation_29_reg_12773                 |  15|   0|   15|          0|
    |second_activation_2_reg_12361                  |  15|   0|   15|          0|
    |second_activation_32_reg_12595                 |  15|   0|   15|          0|
    |second_activation_35_reg_12635                 |  15|   0|   15|          0|
    |second_activation_36_reg_12647                 |  14|   0|   14|          0|
    |second_activation_39_reg_12813                 |  15|   0|   15|          0|
    |second_activation_5_reg_12401                  |  15|   0|   15|          0|
    |second_activation_6_reg_12413                  |  14|   0|   14|          0|
    |second_activation_9_reg_12693                  |  15|   0|   15|          0|
    |select_ln619_13_reg_12708                      |   9|   0|    9|          0|
    |select_ln619_15_reg_12713                      |   9|   0|    9|          0|
    |select_ln619_23_reg_12748                      |   9|   0|    9|          0|
    |select_ln619_25_reg_12753                      |   9|   0|    9|          0|
    |select_ln619_33_reg_12788                      |   9|   0|    9|          0|
    |select_ln619_35_reg_12793                      |   9|   0|    9|          0|
    |select_ln619_3_reg_12668                       |   9|   0|    9|          0|
    |select_ln619_5_reg_12673                       |   9|   0|    9|          0|
    |sext_ln390_10_reg_11656                        |  11|   0|   14|          3|
    |sext_ln390_12_reg_11785                        |  13|   0|   13|          0|
    |sext_ln390_16_reg_11796                        |  11|   0|   14|          3|
    |sext_ln390_18_reg_11925                        |  13|   0|   13|          0|
    |sext_ln390_22_reg_11936                        |  11|   0|   14|          3|
    |sext_ln390_4_reg_11516                         |  11|   0|   14|          3|
    |sext_ln390_6_reg_11645                         |  13|   0|   13|          0|
    |sext_ln390_reg_11505                           |  13|   0|   13|          0|
    |sext_ln425_1_reg_11522                         |  13|   0|   14|          1|
    |sext_ln425_3_reg_11662                         |  13|   0|   14|          1|
    |sext_ln425_5_reg_11802                         |  13|   0|   14|          1|
    |sext_ln425_7_reg_11942                         |  13|   0|   14|          1|
    |start_once_reg                                 |   1|   0|    1|          0|
    |tmp_13_reg_12459                               |   1|   0|    1|          0|
    |tmp_14_reg_12148                               |   1|   0|    1|          0|
    |tmp_1_reg_12060                                |   1|   0|    1|          0|
    |tmp_22_reg_12502                               |   1|   0|    1|          0|
    |tmp_26_reg_12537                               |   1|   0|    1|          0|
    |tmp_27_reg_12236                               |   1|   0|    1|          0|
    |tmp_35_reg_12580                               |   1|   0|    1|          0|
    |tmp_39_reg_12615                               |   1|   0|    1|          0|
    |tmp_40_reg_12324                               |   1|   0|    1|          0|
    |tmp_48_reg_12658                               |   1|   0|    1|          0|
    |tmp_9_reg_12424                                |   1|   0|    1|          0|
    |tmp_reg_12381                                  |   1|   0|    1|          0|
    |trunc_ln609_10_reg_12340                       |  14|   0|   14|          0|
    |trunc_ln609_1_reg_12076                        |  14|   0|   14|          0|
    |trunc_ln609_3_reg_12138                        |  14|   0|   14|          0|
    |trunc_ln609_4_reg_12164                        |  14|   0|   14|          0|
    |trunc_ln609_6_reg_12226                        |  14|   0|   14|          0|
    |trunc_ln609_7_reg_12252                        |  14|   0|   14|          0|
    |trunc_ln609_9_reg_12314                        |  14|   0|   14|          0|
    |trunc_ln609_reg_12050                          |  14|   0|   14|          0|
    |trunc_ln619_10_reg_12143                       |   7|   0|    7|          0|
    |trunc_ln619_16_reg_12497                       |   9|   0|    9|          0|
    |trunc_ln619_19_reg_12532                       |   9|   0|    9|          0|
    |trunc_ln619_1_reg_12376                        |   9|   0|    9|          0|
    |trunc_ln619_20_reg_12231                       |   7|   0|    7|          0|
    |trunc_ln619_26_reg_12575                       |   9|   0|    9|          0|
    |trunc_ln619_29_reg_12610                       |   9|   0|    9|          0|
    |trunc_ln619_2_reg_12419                        |   9|   0|    9|          0|
    |trunc_ln619_30_reg_12319                       |   7|   0|    7|          0|
    |trunc_ln619_36_reg_12653                       |   9|   0|    9|          0|
    |trunc_ln619_3_reg_12055                        |   7|   0|    7|          0|
    |trunc_ln619_9_reg_12454                        |   9|   0|    9|          0|
    |trunc_ln752_1_reg_11175                        |   1|   0|    1|          0|
    |trunc_ln752_reg_11139                          |   3|   0|    3|          0|
    |trunc_ln752_reg_11139_pp0_iter1_reg            |   3|   0|    3|          0|
    +-----------------------------------------------+----+----+-----+-----------+
    |Total                                          |4018|   0| 4090|         72|
    +-----------------------------------------------+----+----+-----+-----------+



================================================================
== Interface
================================================================
* Summary: 
+------------------------------+-----+-----+------------+--------------------------------------------------------------------------+--------------+
|           RTL Ports          | Dir | Bits|  Protocol  |                               Source Object                              |    C Type    |
+------------------------------+-----+-----+------------+--------------------------------------------------------------------------+--------------+
|ap_clk                        |   in|    1|  ap_ctrl_hs|  phara_pool_aligned_hybrid_p8_cl<array,array,array,array,config4,config6>|  return value|
|ap_rst                        |   in|    1|  ap_ctrl_hs|  phara_pool_aligned_hybrid_p8_cl<array,array,array,array,config4,config6>|  return value|
|ap_start                      |   in|    1|  ap_ctrl_hs|  phara_pool_aligned_hybrid_p8_cl<array,array,array,array,config4,config6>|  return value|
|start_full_n                  |   in|    1|  ap_ctrl_hs|  phara_pool_aligned_hybrid_p8_cl<array,array,array,array,config4,config6>|  return value|
|ap_done                       |  out|    1|  ap_ctrl_hs|  phara_pool_aligned_hybrid_p8_cl<array,array,array,array,config4,config6>|  return value|
|ap_continue                   |   in|    1|  ap_ctrl_hs|  phara_pool_aligned_hybrid_p8_cl<array,array,array,array,config4,config6>|  return value|
|ap_idle                       |  out|    1|  ap_ctrl_hs|  phara_pool_aligned_hybrid_p8_cl<array,array,array,array,config4,config6>|  return value|
|ap_ready                      |  out|    1|  ap_ctrl_hs|  phara_pool_aligned_hybrid_p8_cl<array,array,array,array,config4,config6>|  return value|
|start_out                     |  out|    1|  ap_ctrl_hs|  phara_pool_aligned_hybrid_p8_cl<array,array,array,array,config4,config6>|  return value|
|start_write                   |  out|    1|  ap_ctrl_hs|  phara_pool_aligned_hybrid_p8_cl<array,array,array,array,config4,config6>|  return value|
|waveform_TDATA                |   in|  512|        axis|                                                                  waveform|       pointer|
|waveform_TVALID               |   in|    1|        axis|                                                                  waveform|       pointer|
|waveform_TREADY               |  out|    1|        axis|                                                                  waveform|       pointer|
|layer6_out_x4_din             |  out|  280|     ap_fifo|                                                             layer6_out_x4|       pointer|
|layer6_out_x4_num_data_valid  |   in|    3|     ap_fifo|                                                             layer6_out_x4|       pointer|
|layer6_out_x4_fifo_cap        |   in|    3|     ap_fifo|                                                             layer6_out_x4|       pointer|
|layer6_out_x4_full_n          |   in|    1|     ap_fifo|                                                             layer6_out_x4|       pointer|
|layer6_out_x4_write           |  out|    1|     ap_fifo|                                                             layer6_out_x4|       pointer|
+------------------------------+-----+-----+------------+--------------------------------------------------------------------------+--------------+

