

================================================================
== Vitis HLS Report for 'shared_conv_array_array_ap_fixed_48u_config7_4u_ravel_matrix_conv2d_1_2u_s'
================================================================
* Date:           Thu Sep 17 02:03:14 2026

* Version:        2023.2 (Build 4023990 on Oct 11 2023)
* Project:        cnn_core_prj
* Solution:       solution1 (Vivado IP Flow Target)
* Product family: kintexuplus
* Target device:  xcku5p-ffvb676-2-e


================================================================
== Performance Estimates
================================================================
+ Timing: 
    * Summary: 
    +--------+---------+----------+------------+
    |  Clock |  Target | Estimated| Uncertainty|
    +--------+---------+----------+------------+
    |ap_clk  |  5.00 ns|  4.143 ns|     1.35 ns|
    +--------+---------+----------+------------+

+ Latency: 
    * Summary: 
    +---------+---------+----------+----------+-----+-----+---------+
    |  Latency (cycles) |  Latency (absolute) |  Interval | Pipeline|
    |   min   |   max   |    min   |    max   | min | max |   Type  |
    +---------+---------+----------+----------+-----+-----+---------+
    |       62|       62|  0.310 us|  0.310 us|   62|   62|       no|
    +---------+---------+----------+----------+-----+-----+---------+

    + Detail: 
        * Instance: 
        N/A

        * Loop: 
        +---------------+---------+---------+----------+-----------+-----------+------+----------+
        |               |  Latency (cycles) | Iteration|  Initiation Interval  | Trip |          |
        |   Loop Name   |   min   |   max   |  Latency |  achieved |   target  | Count| Pipelined|
        +---------------+---------+---------+----------+-----------+-----------+------+----------+
        |- ReusePhases  |       60|       60|         7|          1|          1|    55|       yes|
        +---------------+---------+---------+----------+-----------+-----------+------+----------+



================================================================
== Utilization Estimates
================================================================
* Summary: 
+-----------------+---------+------+--------+--------+-----+
|       Name      | BRAM_18K|  DSP |   FF   |   LUT  | URAM|
+-----------------+---------+------+--------+--------+-----+
|DSP              |        -|     -|       -|       -|    -|
|Expression       |        -|     -|       0|   24841|    -|
|FIFO             |        -|     -|       -|       -|    -|
|Instance         |        -|     -|       -|       -|    -|
|Memory           |        -|     -|       -|       -|    -|
|Multiplexer      |        -|     -|       -|     117|    -|
|Register         |        -|     -|   14687|    1472|    -|
+-----------------+---------+------+--------+--------+-----+
|Total            |        0|     0|   14687|   26430|    0|
+-----------------+---------+------+--------+--------+-----+
|Available        |      960|  1824|  433920|  216960|   64|
+-----------------+---------+------+--------+--------+-----+
|Utilization (%)  |        0|     0|       3|      12|    0|
+-----------------+---------+------+--------+--------+-----+

+ Detail: 
    * Instance: 
    N/A

    * DSP: 
    N/A

    * Memory: 
    N/A

    * FIFO: 
    N/A

    * Expression: 
    +----------------------------------+----------+----+---+-----+------------+------------+
    |           Variable Name          | Operation| DSP| FF| LUT | Bitwidth P0| Bitwidth P1|
    +----------------------------------+----------+----+---+-----+------------+------------+
    |add_ln1005_1_fu_10350_p2          |         +|   0|  0|   20|          13|          13|
    |add_ln1005_3_fu_12268_p2          |         +|   0|  0|   16|          16|          16|
    |add_ln1005_4_fu_12274_p2          |         +|   0|  0|   20|          13|          13|
    |add_ln1005_fu_10344_p2            |         +|   0|  0|   16|          16|          16|
    |add_ln1006_10_fu_21036_p2         |         +|   0|  0|   16|          16|          16|
    |add_ln1006_1_fu_19087_p2          |         +|   0|  0|   18|          18|          18|
    |add_ln1006_2_fu_19093_p2          |         +|   0|  0|   16|          16|          16|
    |add_ln1006_3_fu_19099_p2          |         +|   0|  0|   22|          15|          15|
    |add_ln1006_4_fu_19109_p2          |         +|   0|  0|   16|          16|          16|
    |add_ln1006_6_fu_21004_p2          |         +|   0|  0|   23|          16|          16|
    |add_ln1006_7_fu_21014_p2          |         +|   0|  0|   18|          18|          18|
    |add_ln1006_8_fu_21020_p2          |         +|   0|  0|   16|          16|          16|
    |add_ln1006_9_fu_21026_p2          |         +|   0|  0|   22|          15|          15|
    |add_ln1006_fu_19077_p2            |         +|   0|  0|   23|          16|          16|
    |add_ln1012_1_fu_14738_p2          |         +|   0|  0|   16|          16|          16|
    |add_ln1012_2_fu_14744_p2          |         +|   0|  0|   19|          12|          12|
    |add_ln1012_3_fu_14754_p2          |         +|   0|  0|   20|          13|          13|
    |add_ln1012_5_fu_17175_p2          |         +|   0|  0|   21|          14|          14|
    |add_ln1012_6_fu_17185_p2          |         +|   0|  0|   16|          16|          16|
    |add_ln1012_7_fu_17191_p2          |         +|   0|  0|   19|          12|          12|
    |add_ln1012_8_fu_17201_p2          |         +|   0|  0|   20|          13|          13|
    |add_ln1012_fu_14728_p2            |         +|   0|  0|   21|          14|          14|
    |add_ln1032_1_fu_19176_p2          |         +|   0|  0|   23|          16|          16|
    |add_ln1032_3_fu_21097_p2          |         +|   0|  0|   17|          17|          17|
    |add_ln1032_4_fu_21103_p2          |         +|   0|  0|   23|          16|          16|
    |add_ln1032_fu_19170_p2            |         +|   0|  0|   17|          17|          17|
    |add_ln1036_1_fu_19237_p2          |         +|   0|  0|   20|          13|          13|
    |add_ln1036_2_fu_19247_p2          |         +|   0|  0|   21|          14|          14|
    |add_ln1036_4_fu_21158_p2          |         +|   0|  0|   18|          18|          18|
    |add_ln1036_5_fu_21164_p2          |         +|   0|  0|   20|          13|          13|
    |add_ln1036_6_fu_21174_p2          |         +|   0|  0|   21|          14|          14|
    |add_ln1036_fu_19231_p2            |         +|   0|  0|   18|          18|          18|
    |add_ln1047_2_fu_8535_p2           |         +|   0|  0|   18|          11|          11|
    |add_ln1047_fu_7408_p2             |         +|   0|  0|   18|          11|          11|
    |add_ln1053_1_fu_10512_p2          |         +|   0|  0|   18|          11|          11|
    |add_ln1053_2_fu_10522_p2          |         +|   0|  0|   19|          12|          12|
    |add_ln1053_4_fu_17276_p2          |         +|   0|  0|   16|          16|          16|
    |add_ln1053_5_fu_17282_p2          |         +|   0|  0|   18|          11|          11|
    |add_ln1053_6_fu_17291_p2          |         +|   0|  0|   19|          12|          12|
    |add_ln1053_fu_14829_p2            |         +|   0|  0|   16|          16|          16|
    |add_ln1061_2_fu_12369_p2          |         +|   0|  0|   20|          13|          13|
    |add_ln1061_fu_10445_p2            |         +|   0|  0|   20|          13|          13|
    |add_ln1064_1_fu_19253_p2          |         +|   0|  0|   20|          13|          13|
    |add_ln1064_2_fu_19263_p2          |         +|   0|  0|   23|          16|          16|
    |add_ln1064_4_fu_21891_p2          |         +|   0|  0|   18|          18|          18|
    |add_ln1064_5_fu_21180_p2          |         +|   0|  0|   20|          13|          13|
    |add_ln1064_6_fu_21190_p2          |         +|   0|  0|   23|          16|          16|
    |add_ln1064_fu_21608_p2            |         +|   0|  0|   18|          18|          18|
    |add_ln1152_fu_1883_p2             |         +|   0|  0|   39|          32|           1|
    |add_ln1183_fu_1931_p2             |         +|   0|  0|   39|          32|           1|
    |add_ln1190_fu_1977_p2             |         +|   0|  0|   39|          32|           1|
    |add_ln215_2_fu_11640_p2           |         +|   0|  0|   18|          11|          11|
    |add_ln215_fu_9716_p2              |         +|   0|  0|   18|          11|          11|
    |add_ln262_1_fu_14120_p2           |         +|   0|  0|   20|          13|          13|
    |add_ln262_3_fu_20360_p2           |         +|   0|  0|   17|          17|          17|
    |add_ln262_4_fu_16567_p2           |         +|   0|  0|   20|          13|          13|
    |add_ln262_fu_18433_p2             |         +|   0|  0|   17|          17|          17|
    |add_ln309_1_fu_19486_p2           |         +|   0|  0|   20|          13|          13|
    |add_ln309_fu_17559_p2             |         +|   0|  0|   20|          13|          13|
    |add_ln333_2_fu_20469_p2           |         +|   0|  0|   22|          15|          15|
    |add_ln333_fu_18542_p2             |         +|   0|  0|   22|          15|          15|
    |add_ln340_2_fu_20436_p2           |         +|   0|  0|   20|          13|          13|
    |add_ln340_fu_18509_p2             |         +|   0|  0|   20|          13|          13|
    |add_ln343_2_fu_16644_p2           |         +|   0|  0|   21|          14|          14|
    |add_ln343_fu_14197_p2             |         +|   0|  0|   21|          14|          14|
    |add_ln411_2_fu_20619_p2           |         +|   0|  0|   23|          16|          16|
    |add_ln411_fu_18692_p2             |         +|   0|  0|   23|          16|          16|
    |add_ln416_1_fu_14363_p2           |         +|   0|  0|   20|          13|          13|
    |add_ln416_2_fu_14373_p2           |         +|   0|  0|   21|          14|          14|
    |add_ln416_4_fu_16804_p2           |         +|   0|  0|   17|          17|          17|
    |add_ln416_5_fu_16810_p2           |         +|   0|  0|   20|          13|          13|
    |add_ln416_6_fu_16820_p2           |         +|   0|  0|   21|          14|          14|
    |add_ln416_fu_14357_p2             |         +|   0|  0|   17|          17|          17|
    |add_ln431_1_fu_10062_p2           |         +|   0|  0|   20|          13|          13|
    |add_ln431_2_fu_10072_p2           |         +|   0|  0|   21|          14|          14|
    |add_ln431_4_fu_16761_p2           |         +|   0|  0|   16|          16|          16|
    |add_ln431_5_fu_11986_p2           |         +|   0|  0|   20|          13|          13|
    |add_ln431_6_fu_11996_p2           |         +|   0|  0|   21|          14|          14|
    |add_ln431_fu_14314_p2             |         +|   0|  0|   16|          16|          16|
    |add_ln434_1_fu_16192_p2           |         +|   0|  0|   20|          13|          13|
    |add_ln434_fu_13745_p2             |         +|   0|  0|   20|          13|          13|
    |add_ln470_1_fu_15932_p2           |         +|   0|  0|   17|          12|          12|
    |add_ln470_fu_13485_p2             |         +|   0|  0|   17|          12|          12|
    |add_ln488_2_fu_20807_p2           |         +|   0|  0|   22|          15|          15|
    |add_ln488_fu_18880_p2             |         +|   0|  0|   22|          15|          15|
    |add_ln496_2_fu_17011_p2           |         +|   0|  0|   22|          15|          15|
    |add_ln496_fu_14564_p2             |         +|   0|  0|   22|          15|          15|
    |add_ln504_1_fu_16243_p2           |         +|   0|  0|   17|          13|          13|
    |add_ln504_2_fu_13781_p2           |         +|   0|  0|   17|          13|          13|
    |add_ln504_3_fu_13787_p2           |         +|   0|  0|   19|          12|          12|
    |add_ln504_4_fu_16228_p2           |         +|   0|  0|   17|          13|          13|
    |add_ln504_5_fu_16234_p2           |         +|   0|  0|   19|          12|          12|
    |add_ln504_fu_13796_p2             |         +|   0|  0|   17|          13|          13|
    |add_ln523_1_fu_14617_p2           |         +|   0|  0|   20|          13|          13|
    |add_ln523_2_fu_14627_p2           |         +|   0|  0|   21|          14|          14|
    |add_ln523_4_fu_17058_p2           |         +|   0|  0|   17|          17|          17|
    |add_ln523_5_fu_17064_p2           |         +|   0|  0|   20|          13|          13|
    |add_ln523_6_fu_17074_p2           |         +|   0|  0|   21|          14|          14|
    |add_ln523_fu_14611_p2             |         +|   0|  0|   17|          17|          17|
    |add_ln533_2_fu_20984_p2           |         +|   0|  0|   21|          14|          14|
    |add_ln533_fu_19057_p2             |         +|   0|  0|   21|          14|          14|
    |add_ln563_2_fu_12341_p2           |         +|   0|  0|   20|          13|          13|
    |add_ln563_fu_10417_p2             |         +|   0|  0|   20|          13|          13|
    |add_ln574_1_fu_14854_p2           |         +|   0|  0|   20|          13|          13|
    |add_ln574_2_fu_14864_p2           |         +|   0|  0|   21|          14|          14|
    |add_ln574_4_fu_17310_p2           |         +|   0|  0|   17|          17|          17|
    |add_ln574_5_fu_17316_p2           |         +|   0|  0|   20|          13|          13|
    |add_ln574_6_fu_17326_p2           |         +|   0|  0|   21|          14|          14|
    |add_ln574_fu_14848_p2             |         +|   0|  0|   17|          17|          17|
    |add_ln585_1_fu_10480_p2           |         +|   0|  0|   16|          15|          15|
    |add_ln585_2_fu_10486_p2           |         +|   0|  0|   18|          11|          11|
    |add_ln585_3_fu_10496_p2           |         +|   0|  0|   20|          13|          13|
    |add_ln585_5_fu_12394_p2           |         +|   0|  0|   21|          14|          14|
    |add_ln585_6_fu_12404_p2           |         +|   0|  0|   16|          15|          15|
    |add_ln585_7_fu_12410_p2           |         +|   0|  0|   18|          11|          11|
    |add_ln585_8_fu_12420_p2           |         +|   0|  0|   20|          13|          13|
    |add_ln585_fu_10470_p2             |         +|   0|  0|   21|          14|          14|
    |add_ln595_2_fu_11370_p2           |         +|   0|  0|   19|          12|          12|
    |add_ln595_fu_9446_p2              |         +|   0|  0|   19|          12|          12|
    |add_ln597_1_fu_19862_p2           |         +|   0|  0|   20|          13|          13|
    |add_ln597_fu_17935_p2             |         +|   0|  0|   20|          13|          13|
    |add_ln604_1_fu_11390_p2           |         +|   0|  0|   19|          12|          12|
    |add_ln604_fu_9466_p2              |         +|   0|  0|   19|          12|          12|
    |add_ln613_2_fu_15857_p2           |         +|   0|  0|   19|          12|          12|
    |add_ln613_fu_13410_p2             |         +|   0|  0|   19|          12|          12|
    |add_ln619_2_fu_15948_p2           |         +|   0|  0|   19|          12|          12|
    |add_ln619_fu_13501_p2             |         +|   0|  0|   19|          12|          12|
    |add_ln621_1_fu_13466_p2           |         +|   0|  0|   21|          14|          14|
    |add_ln621_3_fu_15907_p2           |         +|   0|  0|   16|          15|          15|
    |add_ln621_4_fu_15913_p2           |         +|   0|  0|   21|          14|          14|
    |add_ln621_fu_13460_p2             |         +|   0|  0|   16|          15|          15|
    |add_ln625_2_fu_19950_p2           |         +|   0|  0|   18|          11|          11|
    |add_ln625_fu_18023_p2             |         +|   0|  0|   18|          11|          11|
    |add_ln639_2_fu_20000_p2           |         +|   0|  0|   17|          13|          13|
    |add_ln639_fu_18073_p2             |         +|   0|  0|   17|          13|          13|
    |add_ln641_2_fu_16061_p2           |         +|   0|  0|   19|          12|          12|
    |add_ln641_fu_13614_p2             |         +|   0|  0|   19|          12|          12|
    |add_ln653_1_fu_11464_p2           |         +|   0|  0|   19|          12|          12|
    |add_ln653_fu_9540_p2              |         +|   0|  0|   19|          12|          12|
    |add_ln654_1_fu_16136_p2           |         +|   0|  0|   20|          13|          13|
    |add_ln654_fu_13689_p2             |         +|   0|  0|   20|          13|          13|
    |add_ln661_2_fu_11502_p2           |         +|   0|  0|   18|          11|          11|
    |add_ln661_fu_9578_p2              |         +|   0|  0|   18|          11|          11|
    |add_ln665_1_fu_20075_p2           |         +|   0|  0|   18|          11|          11|
    |add_ln665_fu_18148_p2             |         +|   0|  0|   18|          11|          11|
    |add_ln666_1_fu_20084_p2           |         +|   0|  0|   19|          12|          12|
    |add_ln666_fu_18157_p2             |         +|   0|  0|   19|          12|          12|
    |add_ln670_1_fu_11534_p2           |         +|   0|  0|   18|          11|          11|
    |add_ln670_fu_9610_p2              |         +|   0|  0|   18|          11|          11|
    |add_ln677_1_fu_20130_p2           |         +|   0|  0|   19|          12|          12|
    |add_ln677_fu_18203_p2             |         +|   0|  0|   19|          12|          12|
    |add_ln683_1_fu_18221_p2           |         +|   0|  0|   18|          11|          11|
    |add_ln683_3_fu_20142_p2           |         +|   0|  0|   16|          15|          15|
    |add_ln683_4_fu_20148_p2           |         +|   0|  0|   18|          11|          11|
    |add_ln683_fu_18215_p2             |         +|   0|  0|   16|          15|          15|
    |add_ln684_1_fu_11569_p2           |         +|   0|  0|   19|          12|          12|
    |add_ln684_fu_9645_p2              |         +|   0|  0|   19|          12|          12|
    |add_ln693_2_fu_20193_p2           |         +|   0|  0|   18|          11|          11|
    |add_ln693_fu_18266_p2             |         +|   0|  0|   18|          11|          11|
    |add_ln694_2_fu_11601_p2           |         +|   0|  0|   20|          13|          13|
    |add_ln694_fu_9677_p2              |         +|   0|  0|   20|          13|          13|
    |add_ln705_2_fu_20234_p2           |         +|   0|  0|   20|          13|          13|
    |add_ln705_fu_18307_p2             |         +|   0|  0|   20|          13|          13|
    |add_ln711_1_fu_20268_p2           |         +|   0|  0|   18|          11|          11|
    |add_ln711_fu_18341_p2             |         +|   0|  0|   18|          11|          11|
    |add_ln714_1_fu_20273_p2           |         +|   0|  0|   18|          11|          11|
    |add_ln714_fu_18346_p2             |         +|   0|  0|   18|          11|          11|
    |add_ln721_2_fu_11712_p2           |         +|   0|  0|   20|          13|          13|
    |add_ln721_fu_9788_p2              |         +|   0|  0|   20|          13|          13|
    |add_ln731_1_fu_8169_p2            |         +|   0|  0|   17|          13|          13|
    |add_ln731_fu_7042_p2              |         +|   0|  0|   17|          13|          13|
    |add_ln740_1_fu_9754_p2            |         +|   0|  0|   20|          13|          13|
    |add_ln740_3_fu_11672_p2           |         +|   0|  0|   16|          16|          16|
    |add_ln740_4_fu_11678_p2           |         +|   0|  0|   20|          13|          13|
    |add_ln740_fu_9748_p2              |         +|   0|  0|   16|          16|          16|
    |add_ln741_1_fu_7074_p2            |         +|   0|  0|   18|          11|          11|
    |add_ln741_2_fu_7084_p2            |         +|   0|  0|   19|          12|          12|
    |add_ln741_4_fu_8195_p2            |         +|   0|  0|   22|          15|          15|
    |add_ln741_5_fu_8201_p2            |         +|   0|  0|   18|          11|          11|
    |add_ln741_6_fu_8211_p2            |         +|   0|  0|   19|          12|          12|
    |add_ln741_fu_7068_p2              |         +|   0|  0|   22|          15|          15|
    |add_ln745_1_fu_14003_p2           |         +|   0|  0|   19|          12|          12|
    |add_ln745_3_fu_16444_p2           |         +|   0|  0|   17|          17|          17|
    |add_ln745_4_fu_16450_p2           |         +|   0|  0|   19|          12|          12|
    |add_ln745_fu_13997_p2             |         +|   0|  0|   17|          17|          17|
    |add_ln754_2_fu_16551_p2           |         +|   0|  0|   21|          14|          14|
    |add_ln754_fu_14104_p2             |         +|   0|  0|   21|          14|          14|
    |add_ln756_1_fu_9881_p2            |         +|   0|  0|   20|          13|          13|
    |add_ln756_2_fu_9891_p2            |         +|   0|  0|   21|          14|          14|
    |add_ln756_4_fu_16496_p2           |         +|   0|  0|   17|          17|          17|
    |add_ln756_5_fu_11805_p2           |         +|   0|  0|   20|          13|          13|
    |add_ln756_6_fu_11815_p2           |         +|   0|  0|   21|          14|          14|
    |add_ln756_fu_14049_p2             |         +|   0|  0|   17|          17|          17|
    |add_ln759_2_fu_11799_p2           |         +|   0|  0|   20|          13|          13|
    |add_ln759_fu_9875_p2              |         +|   0|  0|   20|          13|          13|
    |add_ln760_1_fu_9811_p2            |         +|   0|  0|   20|          13|          13|
    |add_ln760_3_fu_11729_p2           |         +|   0|  0|   16|          15|          15|
    |add_ln760_4_fu_11735_p2           |         +|   0|  0|   20|          13|          13|
    |add_ln760_fu_9805_p2              |         +|   0|  0|   16|          15|          15|
    |add_ln762_1_fu_9837_p2            |         +|   0|  0|   18|          11|          11|
    |add_ln762_2_fu_9847_p2            |         +|   0|  0|   20|          13|          13|
    |add_ln762_4_fu_11755_p2           |         +|   0|  0|   16|          16|          16|
    |add_ln762_5_fu_11761_p2           |         +|   0|  0|   18|          11|          11|
    |add_ln762_6_fu_11771_p2           |         +|   0|  0|   20|          13|          13|
    |add_ln762_fu_9831_p2              |         +|   0|  0|   16|          16|          16|
    |add_ln764_1_fu_8255_p2            |         +|   0|  0|   16|          14|          14|
    |add_ln764_fu_7128_p2              |         +|   0|  0|   16|          14|          14|
    |add_ln771_1_fu_14076_p2           |         +|   0|  0|   20|          13|          13|
    |add_ln771_3_fu_16517_p2           |         +|   0|  0|   17|          17|          17|
    |add_ln771_4_fu_16523_p2           |         +|   0|  0|   20|          13|          13|
    |add_ln771_fu_14070_p2             |         +|   0|  0|   17|          17|          17|
    |add_ln783_2_fu_20391_p2           |         +|   0|  0|   23|          16|          16|
    |add_ln783_fu_18464_p2             |         +|   0|  0|   23|          16|          16|
    |add_ln791_1_fu_16632_p2           |         +|   0|  0|   16|          16|          16|
    |add_ln791_2_fu_14159_p2           |         +|   0|  0|   16|          16|          16|
    |add_ln791_3_fu_14165_p2           |         +|   0|  0|   18|          11|          11|
    |add_ln791_4_fu_14175_p2           |         +|   0|  0|   20|          13|          13|
    |add_ln791_5_fu_16606_p2           |         +|   0|  0|   16|          16|          16|
    |add_ln791_6_fu_16612_p2           |         +|   0|  0|   18|          11|          11|
    |add_ln791_7_fu_16622_p2           |         +|   0|  0|   20|          13|          13|
    |add_ln791_fu_14185_p2             |         +|   0|  0|   16|          16|          16|
    |add_ln796_2_fu_11830_p2           |         +|   0|  0|   18|          11|          11|
    |add_ln796_fu_9906_p2              |         +|   0|  0|   18|          11|          11|
    |add_ln811_1_fu_18558_p2           |         +|   0|  0|   21|          14|          14|
    |add_ln811_2_fu_18568_p2           |         +|   0|  0|   23|          16|          16|
    |add_ln811_4_fu_21742_p2           |         +|   0|  0|   18|          18|          18|
    |add_ln811_5_fu_20485_p2           |         +|   0|  0|   21|          14|          14|
    |add_ln811_6_fu_20495_p2           |         +|   0|  0|   23|          16|          16|
    |add_ln811_fu_21459_p2             |         +|   0|  0|   18|          18|          18|
    |add_ln818_1_fu_14256_p2           |         +|   0|  0|   19|          12|          12|
    |add_ln818_3_fu_16697_p2           |         +|   0|  0|   16|          16|          16|
    |add_ln818_4_fu_16703_p2           |         +|   0|  0|   19|          12|          12|
    |add_ln818_fu_14250_p2             |         +|   0|  0|   16|          16|          16|
    |add_ln835_2_fu_8281_p2            |         +|   0|  0|   18|          11|          11|
    |add_ln835_fu_7154_p2              |         +|   0|  0|   18|          11|          11|
    |add_ln841_2_fu_16675_p2           |         +|   0|  0|   19|          12|          12|
    |add_ln841_fu_14228_p2             |         +|   0|  0|   19|          12|          12|
    |add_ln842_1_fu_18634_p2           |         +|   0|  0|   21|          14|          14|
    |add_ln842_3_fu_21760_p2           |         +|   0|  0|   18|          18|          18|
    |add_ln842_4_fu_20561_p2           |         +|   0|  0|   21|          14|          14|
    |add_ln842_fu_21477_p2             |         +|   0|  0|   18|          18|          18|
    |add_ln845_1_fu_18672_p2           |         +|   0|  0|   18|          11|          11|
    |add_ln845_3_fu_20593_p2           |         +|   0|  0|   17|          17|          17|
    |add_ln845_4_fu_20599_p2           |         +|   0|  0|   18|          11|          11|
    |add_ln845_fu_18666_p2             |         +|   0|  0|   17|          17|          17|
    |add_ln851_1_fu_10030_p2           |         +|   0|  0|   18|          11|          11|
    |add_ln851_2_fu_10040_p2           |         +|   0|  0|   19|          12|          12|
    |add_ln851_4_fu_11948_p2           |         +|   0|  0|   16|          15|          15|
    |add_ln851_5_fu_11954_p2           |         +|   0|  0|   18|          11|          11|
    |add_ln851_6_fu_11964_p2           |         +|   0|  0|   19|          12|          12|
    |add_ln851_fu_10024_p2             |         +|   0|  0|   16|          15|          15|
    |add_ln854_2_fu_11980_p2           |         +|   0|  0|   21|          14|          14|
    |add_ln854_fu_10056_p2             |         +|   0|  0|   21|          14|          14|
    |add_ln868_2_fu_11920_p2           |         +|   0|  0|   16|          14|          14|
    |add_ln868_fu_9996_p2              |         +|   0|  0|   16|          14|          14|
    |add_ln869_2_fu_20641_p2           |         +|   0|  0|   22|          15|          15|
    |add_ln869_fu_18714_p2             |         +|   0|  0|   22|          15|          15|
    |add_ln874_1_fu_14452_p2           |         +|   0|  0|   19|          12|          12|
    |add_ln874_2_fu_14462_p2           |         +|   0|  0|   21|          14|          14|
    |add_ln874_4_fu_16893_p2           |         +|   0|  0|   17|          17|          17|
    |add_ln874_5_fu_16899_p2           |         +|   0|  0|   19|          12|          12|
    |add_ln874_6_fu_16909_p2           |         +|   0|  0|   21|          14|          14|
    |add_ln874_fu_14446_p2             |         +|   0|  0|   17|          17|          17|
    |add_ln878_2_fu_16849_p2           |         +|   0|  0|   20|          13|          13|
    |add_ln878_fu_14402_p2             |         +|   0|  0|   20|          13|          13|
    |add_ln884_2_fu_12037_p2           |         +|   0|  0|   21|          14|          14|
    |add_ln884_fu_10113_p2             |         +|   0|  0|   21|          14|          14|
    |add_ln890_1_fu_7222_p2            |         +|   0|  0|   20|          13|          13|
    |add_ln890_3_fu_8343_p2            |         +|   0|  0|   16|          14|          14|
    |add_ln890_4_fu_8349_p2            |         +|   0|  0|   20|          13|          13|
    |add_ln890_fu_7216_p2              |         +|   0|  0|   16|          14|          14|
    |add_ln891_2_fu_12011_p2           |         +|   0|  0|   21|          14|          14|
    |add_ln891_fu_10087_p2             |         +|   0|  0|   21|          14|          14|
    |add_ln896_1_fu_18752_p2           |         +|   0|  0|   21|          14|          14|
    |add_ln896_2_fu_18762_p2           |         +|   0|  0|   22|          15|          15|
    |add_ln896_4_fu_20673_p2           |         +|   0|  0|   17|          17|          17|
    |add_ln896_5_fu_20679_p2           |         +|   0|  0|   21|          14|          14|
    |add_ln896_6_fu_20689_p2           |         +|   0|  0|   22|          15|          15|
    |add_ln896_fu_18746_p2             |         +|   0|  0|   17|          17|          17|
    |add_ln901_2_fu_16945_p2           |         +|   0|  0|   19|          12|          12|
    |add_ln901_fu_14498_p2             |         +|   0|  0|   19|          12|          12|
    |add_ln912_2_fu_12063_p2           |         +|   0|  0|   19|          12|          12|
    |add_ln912_fu_10139_p2             |         +|   0|  0|   19|          12|          12|
    |add_ln915_1_fu_14477_p2           |         +|   0|  0|   19|          12|          12|
    |add_ln915_3_fu_16918_p2           |         +|   0|  0|   16|          15|          15|
    |add_ln915_4_fu_16924_p2           |         +|   0|  0|   19|          12|          12|
    |add_ln915_fu_14471_p2             |         +|   0|  0|   16|          15|          15|
    |add_ln916_10_fu_16971_p2          |         +|   0|  0|   19|          12|          12|
    |add_ln916_11_fu_20723_p2          |         +|   0|  0|   18|          11|          11|
    |add_ln916_12_fu_20733_p2          |         +|   0|  0|   20|          13|          13|
    |add_ln916_1_fu_18778_p2           |         +|   0|  0|   21|          14|          14|
    |add_ln916_2_fu_18788_p2           |         +|   0|  0|   16|          16|          16|
    |add_ln916_3_fu_14524_p2           |         +|   0|  0|   19|          12|          12|
    |add_ln916_4_fu_18796_p2           |         +|   0|  0|   18|          11|          11|
    |add_ln916_5_fu_18806_p2           |         +|   0|  0|   20|          13|          13|
    |add_ln916_7_fu_16965_p2           |         +|   0|  0|   23|          16|          16|
    |add_ln916_8_fu_20705_p2           |         +|   0|  0|   21|          14|          14|
    |add_ln916_9_fu_20715_p2           |         +|   0|  0|   16|          16|          16|
    |add_ln916_fu_14518_p2             |         +|   0|  0|   23|          16|          16|
    |add_ln917_1_fu_18832_p2           |         +|   0|  0|   21|          14|          14|
    |add_ln917_3_fu_21810_p2           |         +|   0|  0|   17|          17|          17|
    |add_ln917_4_fu_20759_p2           |         +|   0|  0|   21|          14|          14|
    |add_ln917_fu_21527_p2             |         +|   0|  0|   17|          17|          17|
    |add_ln933_1_fu_18858_p2           |         +|   0|  0|   18|          11|          11|
    |add_ln933_3_fu_20779_p2           |         +|   0|  0|   17|          17|          17|
    |add_ln933_4_fu_20785_p2           |         +|   0|  0|   18|          11|          11|
    |add_ln933_fu_18852_p2             |         +|   0|  0|   17|          17|          17|
    |add_ln942_1_fu_18908_p2           |         +|   0|  0|   21|          14|          14|
    |add_ln942_3_fu_20829_p2           |         +|   0|  0|   17|          17|          17|
    |add_ln942_4_fu_20835_p2           |         +|   0|  0|   21|          14|          14|
    |add_ln942_fu_18902_p2             |         +|   0|  0|   17|          17|          17|
    |add_ln945_1_fu_18990_p2           |         +|   0|  0|   18|          18|          18|
    |add_ln945_2_fu_18996_p2           |         +|   0|  0|   20|          13|          13|
    |add_ln945_3_fu_19006_p2           |         +|   0|  0|   21|          14|          14|
    |add_ln945_5_fu_20907_p2           |         +|   0|  0|   21|          14|          14|
    |add_ln945_6_fu_20917_p2           |         +|   0|  0|   18|          18|          18|
    |add_ln945_7_fu_20923_p2           |         +|   0|  0|   20|          13|          13|
    |add_ln945_8_fu_20933_p2           |         +|   0|  0|   21|          14|          14|
    |add_ln945_fu_18980_p2             |         +|   0|  0|   21|          14|          14|
    |add_ln948_1_fu_18942_p2           |         +|   0|  0|   25|          18|          18|
    |add_ln948_2_fu_18948_p2           |         +|   0|  0|   18|          11|          11|
    |add_ln948_3_fu_18958_p2           |         +|   0|  0|   20|          13|          13|
    |add_ln948_5_fu_20860_p2           |         +|   0|  0|   22|          15|          15|
    |add_ln948_6_fu_20869_p2           |         +|   0|  0|   25|          18|          18|
    |add_ln948_7_fu_20875_p2           |         +|   0|  0|   18|          11|          11|
    |add_ln948_8_fu_20885_p2           |         +|   0|  0|   20|          13|          13|
    |add_ln948_fu_18933_p2             |         +|   0|  0|   22|          15|          15|
    |add_ln952_1_fu_14589_p2           |         +|   0|  0|   22|          15|          15|
    |add_ln952_3_fu_17030_p2           |         +|   0|  0|   24|          17|          17|
    |add_ln952_4_fu_17036_p2           |         +|   0|  0|   22|          15|          15|
    |add_ln952_fu_14583_p2             |         +|   0|  0|   24|          17|          17|
    |add_ln956_1_fu_10227_p2           |         +|   0|  0|   19|          12|          12|
    |add_ln956_2_fu_10237_p2           |         +|   0|  0|   20|          13|          13|
    |add_ln956_4_fu_12145_p2           |         +|   0|  0|   16|          15|          15|
    |add_ln956_5_fu_12151_p2           |         +|   0|  0|   19|          12|          12|
    |add_ln956_6_fu_12161_p2           |         +|   0|  0|   20|          13|          13|
    |add_ln956_fu_10221_p2             |         +|   0|  0|   16|          15|          15|
    |add_ln971_1_fu_10263_p2           |         +|   0|  0|   20|          13|          13|
    |add_ln971_2_fu_10273_p2           |         +|   0|  0|   21|          14|          14|
    |add_ln971_4_fu_12181_p2           |         +|   0|  0|   16|          16|          16|
    |add_ln971_5_fu_12187_p2           |         +|   0|  0|   20|          13|          13|
    |add_ln971_6_fu_12197_p2           |         +|   0|  0|   21|          14|          14|
    |add_ln971_fu_10257_p2             |         +|   0|  0|   16|          16|          16|
    |add_ln976_2_fu_20949_p2           |         +|   0|  0|   22|          15|          15|
    |add_ln976_fu_19022_p2             |         +|   0|  0|   22|          15|          15|
    |add_ln988_1_fu_10310_p2           |         +|   0|  0|   20|          13|          13|
    |add_ln988_3_fu_12228_p2           |         +|   0|  0|   16|          16|          16|
    |add_ln988_4_fu_12234_p2           |         +|   0|  0|   20|          13|          13|
    |add_ln988_fu_10304_p2             |         +|   0|  0|   16|          16|          16|
    |add_ln990_2_fu_8457_p2            |         +|   0|  0|   20|          13|          13|
    |add_ln990_fu_7330_p2              |         +|   0|  0|   20|          13|          13|
    |add_ln994_2_fu_17135_p2           |         +|   0|  0|   20|          13|          13|
    |add_ln994_fu_14688_p2             |         +|   0|  0|   20|          13|          13|
    |cse102_1_fu_11585_p2              |         +|   0|  0|   19|          12|          12|
    |cse102_fu_9661_p2                 |         +|   0|  0|   19|          12|          12|
    |cse105_1_fu_20202_p2              |         +|   0|  0|   19|          12|          12|
    |cse105_fu_18275_p2                |         +|   0|  0|   19|          12|          12|
    |cse106_2_fu_9687_p2               |         +|   0|  0|   16|          14|          14|
    |cse106_fu_11611_p2                |         +|   0|  0|   16|          14|          14|
    |cse109_1_fu_16271_p2              |         +|   0|  0|   16|          15|          15|
    |cse109_fu_13824_p2                |         +|   0|  0|   16|          15|          15|
    |cse110_1_fu_16277_p2              |         +|   0|  0|   16|          14|          14|
    |cse110_fu_13830_p2                |         +|   0|  0|   16|          14|          14|
    |cse113_1_fu_16314_p2              |         +|   0|  0|   19|          12|          12|
    |cse113_fu_13867_p2                |         +|   0|  0|   19|          12|          12|
    |cse114_1_fu_16334_p2              |         +|   0|  0|   21|          14|          14|
    |cse114_fu_13887_p2                |         +|   0|  0|   21|          14|          14|
    |cse117_2_fu_18317_p2              |         +|   0|  0|   21|          14|          14|
    |cse117_fu_20244_p2                |         +|   0|  0|   21|          14|          14|
    |cse119_1_fu_20256_p2              |         +|   0|  0|   16|          14|          14|
    |cse119_fu_18329_p2                |         +|   0|  0|   16|          14|          14|
    |cse11_1_fu_15835_p2               |         +|   0|  0|   20|          13|          13|
    |cse11_fu_13388_p2                 |         +|   0|  0|   20|          13|          13|
    |cse120_1_fu_11623_p2              |         +|   0|  0|   19|          12|          12|
    |cse120_fu_9699_p2                 |         +|   0|  0|   19|          12|          12|
    |cse122_1_fu_16372_p2              |         +|   0|  0|   20|          13|          13|
    |cse122_fu_13925_p2                |         +|   0|  0|   20|          13|          13|
    |cse127_1_fu_20283_p2              |         +|   0|  0|   16|          14|          14|
    |cse127_fu_18356_p2                |         +|   0|  0|   16|          14|          14|
    |cse12_1_fu_19876_p2               |         +|   0|  0|   17|          13|          13|
    |cse12_fu_17949_p2                 |         +|   0|  0|   17|          13|          13|
    |cse13_1_fu_15848_p2               |         +|   0|  0|   18|          11|          11|
    |cse13_fu_13401_p2                 |         +|   0|  0|   18|          11|          11|
    |cse17_2_fu_13451_p2               |         +|   0|  0|   21|          14|          14|
    |cse17_fu_15898_p2                 |         +|   0|  0|   21|          14|          14|
    |cse18_2_fu_13568_p2               |         +|   0|  0|   17|          13|          13|
    |cse18_fu_16015_p2                 |         +|   0|  0|   17|          13|          13|
    |cse24_2_fu_13578_p2               |         +|   0|  0|   16|          14|          14|
    |cse24_fu_16025_p2                 |         +|   0|  0|   16|          14|          14|
    |cse25_1_fu_15867_p2               |         +|   0|  0|   20|          13|          13|
    |cse25_fu_13420_p2                 |         +|   0|  0|   20|          13|          13|
    |cse27_2_fu_18013_p2               |         +|   0|  0|   16|          14|          14|
    |cse27_fu_19940_p2                 |         +|   0|  0|   16|          14|          14|
    |cse28_1_fu_15884_p2               |         +|   0|  0|   21|          14|          14|
    |cse28_fu_13437_p2                 |         +|   0|  0|   21|          14|          14|
    |cse2_1_fu_11346_p2                |         +|   0|  0|   20|          13|           9|
    |cse2_fu_9422_p2                   |         +|   0|  0|   20|          13|           9|
    |cse31_2_fu_13511_p2               |         +|   0|  0|   20|          13|          13|
    |cse31_fu_15958_p2                 |         +|   0|  0|   20|          13|          13|
    |cse33_1_fu_15923_p2               |         +|   0|  0|   16|          15|          15|
    |cse33_fu_13476_p2                 |         +|   0|  0|   16|          15|          15|
    |cse34_2_fu_9471_p2                |         +|   0|  0|   20|          13|          13|
    |cse34_fu_11395_p2                 |         +|   0|  0|   20|          13|          13|
    |cse35_2_fu_13594_p2               |         +|   0|  0|   22|          15|          15|
    |cse35_fu_16041_p2                 |         +|   0|  0|   22|          15|          15|
    |cse37_2_fu_18033_p2               |         +|   0|  0|   16|          15|          15|
    |cse37_fu_19960_p2                 |         +|   0|  0|   16|          15|          15|
    |cse38_1_fu_11404_p2               |         +|   0|  0|   21|          14|          14|
    |cse38_fu_9480_p2                  |         +|   0|  0|   21|          14|          14|
    |cse40_1_fu_19925_p2               |         +|   0|  0|   22|          15|          15|
    |cse40_fu_17998_p2                 |         +|   0|  0|   22|          15|          15|
    |cse42_1_fu_15995_p2               |         +|   0|  0|   22|          15|          15|
    |cse42_fu_13548_p2                 |         +|   0|  0|   22|          15|          15|
    |cse43_1_fu_19981_p2               |         +|   0|  0|   16|          15|          15|
    |cse43_fu_18054_p2                 |         +|   0|  0|   16|          15|          15|
    |cse45_2_fu_9507_p2                |         +|   0|  0|   16|          14|          14|
    |cse45_fu_11431_p2                 |         +|   0|  0|   16|          14|          14|
    |cse46_2_fu_9517_p2                |         +|   0|  0|   22|          15|          15|
    |cse46_fu_11441_p2                 |         +|   0|  0|   22|          15|          15|
    |cse48_2_fu_13605_p2               |         +|   0|  0|   16|          15|          15|
    |cse48_fu_16052_p2                 |         +|   0|  0|   16|          15|          15|
    |cse4_1_fu_15799_p2                |         +|   0|  0|   20|          13|          13|
    |cse4_fu_13352_p2                  |         +|   0|  0|   20|          13|          13|
    |cse51_1_fu_20010_p2               |         +|   0|  0|   16|          16|          16|
    |cse51_fu_18083_p2                 |         +|   0|  0|   16|          16|          16|
    |cse53_2_fu_13624_p2               |         +|   0|  0|   16|          14|          14|
    |cse53_fu_16071_p2                 |         +|   0|  0|   16|          14|          14|
    |cse55_1_fu_16087_p2               |         +|   0|  0|   22|          15|          15|
    |cse55_fu_13640_p2                 |         +|   0|  0|   22|          15|          15|
    |cse57_1_fu_20026_p2               |         +|   0|  0|   21|          14|          14|
    |cse57_fu_18099_p2                 |         +|   0|  0|   21|          14|          14|
    |cse62_2_fu_13680_p2               |         +|   0|  0|   16|          14|          14|
    |cse62_fu_16127_p2                 |         +|   0|  0|   16|          14|          14|
    |cse63_2_fu_18116_p2               |         +|   0|  0|   16|          15|          15|
    |cse63_fu_20043_p2                 |         +|   0|  0|   16|          15|          15|
    |cse68_2_fu_9562_p2                |         +|   0|  0|   20|          13|          13|
    |cse68_fu_11486_p2                 |         +|   0|  0|   20|          13|          13|
    |cse71_1_fu_16151_p2               |         +|   0|  0|   16|          14|          14|
    |cse71_fu_13704_p2                 |         +|   0|  0|   16|          14|          14|
    |cse73_1_fu_11512_p2               |         +|   0|  0|   19|          12|          12|
    |cse73_fu_9588_p2                  |         +|   0|  0|   19|          12|          12|
    |cse76_1_fu_20065_p2               |         +|   0|  0|   21|          14|          14|
    |cse76_fu_18138_p2                 |         +|   0|  0|   21|          14|          14|
    |cse7_1_fu_11380_p2                |         +|   0|  0|   20|          13|          13|
    |cse7_fu_9456_p2                   |         +|   0|  0|   20|          13|          13|
    |cse80_1_fu_16165_p2               |         +|   0|  0|   18|          11|          11|
    |cse80_fu_13718_p2                 |         +|   0|  0|   18|          11|          11|
    |cse87_2_fu_9626_p2                |         +|   0|  0|   19|          12|          12|
    |cse87_fu_11550_p2                 |         +|   0|  0|   19|          12|          12|
    |cse88_1_fu_11559_p2               |         +|   0|  0|   20|          13|          13|
    |cse88_fu_9635_p2                  |         +|   0|  0|   20|          13|          13|
    |cse90_2_fu_13760_p2               |         +|   0|  0|   16|          14|          14|
    |cse90_fu_16207_p2                 |         +|   0|  0|   16|          14|          14|
    |cse95_1_fu_20158_p2               |         +|   0|  0|   16|          15|          15|
    |cse95_fu_18231_p2                 |         +|   0|  0|   16|          15|          15|
    |empty_100_fu_16576_p2             |         +|   0|  0|   18|          11|          11|
    |empty_101_fu_12350_p2             |         +|   0|  0|   18|          11|          11|
    |empty_98_fu_14129_p2              |         +|   0|  0|   18|          11|          11|
    |empty_99_fu_10426_p2              |         +|   0|  0|   18|          11|          11|
    |step_2_fu_1869_p2                 |         +|   0|  0|   13|           6|           1|
    |tmp239640_fu_18476_p2             |         +|   0|  0|   19|          12|          12|
    |tmp240638_fu_14533_p2             |         +|   0|  0|   18|          11|          11|
    |tmp241336_fu_14785_p2             |         +|   0|  0|   19|          12|          12|
    |tmp244434_fu_20403_p2             |         +|   0|  0|   19|          12|          12|
    |tmp245432_fu_16980_p2             |         +|   0|  0|   18|          11|          11|
    |tmp246130_fu_17232_p2             |         +|   0|  0|   19|          12|          12|
    |x11_c6_negative1_2_fu_18702_p2    |         +|   0|  0|   18|          18|          18|
    |x11_c6_negative1_fu_20629_p2      |         +|   0|  0|   18|          18|          18|
    |x11_c7_negative1_2_fu_19033_p2    |         +|   0|  0|   17|          17|          17|
    |x11_c7_negative1_fu_20960_p2      |         +|   0|  0|   17|          17|          17|
    |x15_c5_positive1_2_fu_19209_p2    |         +|   0|  0|   17|          17|          17|
    |x15_c5_positive1_fu_21136_p2      |         +|   0|  0|   17|          17|          17|
    |x19_c_3_negative1_2_fu_14574_p2   |         +|   0|  0|   16|          16|          16|
    |x19_c_3_negative1_fu_17021_p2     |         +|   0|  0|   16|          16|          16|
    |x1_c3_negative1_2_fu_18890_p2     |         +|   0|  0|   17|          17|          17|
    |x1_c3_negative1_fu_20817_p2       |         +|   0|  0|   17|          17|          17|
    |x22_c5_positive1_2_fu_14658_p2    |         +|   0|  0|   17|          17|          17|
    |x22_c5_positive1_fu_17105_p2      |         +|   0|  0|   17|          17|          17|
    |x23_c7_negative1_2_fu_18643_p2    |         +|   0|  0|   17|          17|          17|
    |x23_c7_negative1_fu_20570_p2      |         +|   0|  0|   17|          17|          17|
    |x25_c_3_negative1_2_fu_9491_p2    |         +|   0|  0|   17|          13|          13|
    |x25_c_3_negative1_fu_11415_p2     |         +|   0|  0|   17|          13|          13|
    |x26_c6_negative1_2_fu_14874_p2    |         +|   0|  0|   17|          17|          17|
    |x26_c6_negative1_fu_17336_p2      |         +|   0|  0|   17|          17|          17|
    |x26_c_5_negative1_2_fu_9726_p2    |         +|   0|  0|   16|          15|          15|
    |x26_c_5_negative1_fu_11650_p2     |         +|   0|  0|   16|          15|          15|
    |x27_c5_positive1_2_fu_18552_p2    |         +|   0|  0|   17|          17|          17|
    |x27_c5_positive1_fu_20479_p2      |         +|   0|  0|   17|          17|          17|
    |x27_c6_negative1_2_fu_14646_p2    |         +|   0|  0|   17|          17|          17|
    |x27_c6_negative1_fu_17093_p2      |         +|   0|  0|   17|          17|          17|
    |x27_c_6_negative1_2_fu_14284_p2   |         +|   0|  0|   16|          16|          16|
    |x27_c_6_negative1_fu_16731_p2     |         +|   0|  0|   16|          16|          16|
    |x2_c5_positive1_2_fu_18442_p2     |         +|   0|  0|   17|          17|          17|
    |x2_c5_positive1_fu_20369_p2       |         +|   0|  0|   17|          17|          17|
    |x2_c_3_negative1_2_fu_18380_p2    |         +|   0|  0|   17|          17|          17|
    |x2_c_3_negative1_fu_20307_p2      |         +|   0|  0|   17|          17|          17|
    |x30_c6_negative1_2_fu_18530_p2    |         +|   0|  0|   17|          17|          17|
    |x30_c6_negative1_fu_20457_p2      |         +|   0|  0|   17|          17|          17|
    |x33_c_3_negative1_2_fu_14712_p2   |         +|   0|  0|   16|          15|          15|
    |x33_c_3_negative1_fu_17159_p2     |         +|   0|  0|   16|          15|          15|
    |x34_c5_positive1_2_fu_14637_p2    |         +|   0|  0|   17|          17|          17|
    |x34_c5_positive1_fu_17084_p2      |         +|   0|  0|   17|          17|          17|
    |x34_c7_negative1_2_fu_18518_p2    |         +|   0|  0|   17|          17|          17|
    |x34_c7_negative1_fu_20445_p2      |         +|   0|  0|   17|          17|          17|
    |x34_c_5_negative1_2_fu_13527_p2   |         +|   0|  0|   17|          13|          13|
    |x34_c_5_negative1_fu_15974_p2     |         +|   0|  0|   17|          13|          13|
    |x37_c_3_negative1_2_fu_14207_p2   |         +|   0|  0|   16|          16|          16|
    |x37_c_3_negative1_fu_16654_p2     |         +|   0|  0|   16|          16|          16|
    |x37_c_5_negative1_2_fu_14333_p2   |         +|   0|  0|   24|          17|          17|
    |x37_c_5_negative1_fu_16780_p2     |         +|   0|  0|   24|          17|          17|
    |x38_c5_positive1_2_fu_7368_p2     |         +|   0|  0|   16|          15|          15|
    |x38_c5_positive1_fu_8495_p2       |         +|   0|  0|   16|          15|          15|
    |x39_c6_negative1_2_fu_14323_p2    |         +|   0|  0|   16|          16|          16|
    |x39_c6_negative1_fu_16770_p2      |         +|   0|  0|   16|          16|          16|
    |x40_c3_negative1_2_fu_10332_p2    |         +|   0|  0|   16|          16|          16|
    |x40_c3_negative1_fu_12256_p2      |         +|   0|  0|   16|          16|          16|
    |x40_c5_positive1_2_fu_13877_p2    |         +|   0|  0|   17|          13|          13|
    |x40_c5_positive1_fu_16324_p2      |         +|   0|  0|   17|          13|          13|
    |x4_c5_positive1_2_fu_19067_p2     |         +|   0|  0|   17|          17|          17|
    |x4_c5_positive1_fu_20994_p2       |         +|   0|  0|   17|          17|          17|
    |x4_c_3_negative1_2_fu_19158_p2    |         +|   0|  0|   17|          17|          17|
    |x4_c_3_negative1_fu_21085_p2      |         +|   0|  0|   17|          17|          17|
    |x50_c5_positive1_1_fu_19515_p2    |         +|   0|  0|   20|          13|          13|
    |x50_c5_positive1_fu_17588_p2      |         +|   0|  0|   20|          13|          13|
    |x50_c_3_negative1_2_fu_13897_p2   |         +|   0|  0|   17|          12|          12|
    |x50_c_3_negative1_fu_16344_p2     |         +|   0|  0|   17|          12|          12|
    |x53_c3_negative1_2_fu_7402_p2     |         +|   0|  0|   16|          14|          14|
    |x53_c3_negative1_fu_8529_p2       |         +|   0|  0|   16|          14|          14|
    |x53_c_5_negative1_2_fu_10012_p2   |         +|   0|  0|   16|          15|          15|
    |x53_c_5_negative1_fu_11936_p2     |         +|   0|  0|   16|          15|          15|
    |x53_c_6_negative1_2_fu_10506_p2   |         +|   0|  0|   16|          15|          15|
    |x53_c_6_negative1_fu_12430_p2     |         +|   0|  0|   16|          15|          15|
    |x6_c5_positive1_1_fu_15396_p2     |         +|   0|  0|   20|          13|          13|
    |x6_c5_positive1_fu_12949_p2       |         +|   0|  0|   20|          13|          13|
    |y0_f0_tree0_0_2_fu_18392_p2       |         +|   0|  0|   17|          17|          17|
    |y0_f0_tree0_0_fu_20319_p2         |         +|   0|  0|   17|          17|          17|
    |y0_f0_tree0_34_2_fu_18422_p2      |         +|   0|  0|   17|          17|          17|
    |y0_f0_tree0_34_fu_20349_p2        |         +|   0|  0|   17|          17|          17|
    |y0_f0_tree0_8_2_fu_13981_p2       |         +|   0|  0|   16|          16|          16|
    |y0_f0_tree0_8_fu_16428_p2         |         +|   0|  0|   16|          16|          16|
    |y0_f0_tree1_10_2_fu_9764_p2       |         +|   0|  0|   16|          16|          16|
    |y0_f0_tree1_10_fu_11688_p2        |         +|   0|  0|   16|          16|          16|
    |y0_f0_tree1_12_2_fu_7094_p2       |         +|   0|  0|   16|          15|          15|
    |y0_f0_tree1_12_fu_8221_p2         |         +|   0|  0|   16|          15|          15|
    |y0_f0_tree2_0_2_fu_18404_p2       |         +|   0|  0|   17|          17|          17|
    |y0_f0_tree2_0_fu_20331_p2         |         +|   0|  0|   17|          17|          17|
    |y0_f0_tree2_2_2_fu_14013_p2       |         +|   0|  0|   17|          17|          17|
    |y0_f0_tree2_2_fu_16460_p2         |         +|   0|  0|   17|          17|          17|
    |y0_f0_tree3_2_2_fu_9776_p2        |         +|   0|  0|   16|          16|          16|
    |y0_f0_tree3_2_fu_11700_p2         |         +|   0|  0|   16|          16|          16|
    |y0_f0_tree5_0_1_fu_21685_p2       |         +|   0|  0|   25|          18|          18|
    |y0_f0_tree5_0_fu_21402_p2         |         +|   0|  0|   25|          18|          18|
    |y0_f10_tree0_10_2_fu_14764_p2     |         +|   0|  0|   16|          16|          16|
    |y0_f10_tree0_10_fu_17211_p2       |         +|   0|  0|   16|          16|          16|
    |y0_f10_tree0_16_2_fu_10381_p2     |         +|   0|  0|   16|          15|          15|
    |y0_f10_tree0_16_fu_12305_p2       |         +|   0|  0|   16|          15|          15|
    |y0_f10_tree0_18_2_fu_10371_p2     |         +|   0|  0|   16|          14|          14|
    |y0_f10_tree0_18_fu_12295_p2       |         +|   0|  0|   16|          14|          14|
    |y0_f10_tree0_24_2_fu_7380_p2      |         +|   0|  0|   17|          13|          13|
    |y0_f10_tree0_24_fu_8507_p2        |         +|   0|  0|   17|          13|          13|
    |y0_f10_tree0_4_2_fu_19140_p2      |         +|   0|  0|   24|          17|          17|
    |y0_f10_tree0_4_fu_21067_p2        |         +|   0|  0|   24|          17|          17|
    |y0_f10_tree0_6_2_fu_19125_p2      |         +|   0|  0|   16|          16|          16|
    |y0_f10_tree0_6_fu_21052_p2        |         +|   0|  0|   16|          16|          16|
    |y0_f10_tree3_0_2_fu_19186_p2      |         +|   0|  0|   17|          17|          17|
    |y0_f10_tree3_0_fu_21113_p2        |         +|   0|  0|   17|          17|          17|
    |y0_f11_tree0_24_2_fu_10435_p2     |         +|   0|  0|   19|          12|          12|
    |y0_f11_tree0_24_fu_12359_p2       |         +|   0|  0|   19|          12|          12|
    |y0_f11_tree0_2_2_fu_21597_p2      |         +|   0|  0|   18|          18|          18|
    |y0_f11_tree0_2_fu_21880_p2        |         +|   0|  0|   18|          18|          18|
    |y0_f11_tree0_6_2_fu_19219_p2      |         +|   0|  0|   25|          18|          18|
    |y0_f11_tree0_6_fu_21146_p2        |         +|   0|  0|   25|          18|          18|
    |y0_f11_tree1_10_2_fu_14799_p2     |         +|   0|  0|   16|          16|          16|
    |y0_f11_tree1_10_fu_17246_p2       |         +|   0|  0|   16|          16|          16|
    |y0_f11_tree1_4_2_fu_19197_p2      |         +|   0|  0|   17|          17|          17|
    |y0_f11_tree1_4_fu_21124_p2        |         +|   0|  0|   17|          17|          17|
    |y0_f11_tree1_6_2_fu_14838_p2      |         +|   0|  0|   16|          16|          16|
    |y0_f11_tree1_6_fu_17300_p2        |         +|   0|  0|   16|          16|          16|
    |y0_f11_tree2_6_2_fu_10455_p2      |         +|   0|  0|   16|          14|          14|
    |y0_f11_tree2_6_fu_12379_p2        |         +|   0|  0|   16|          14|          14|
    |y0_f11_tree3_2_2_fu_14811_p2      |         +|   0|  0|   16|          16|          16|
    |y0_f11_tree3_2_fu_17258_p2        |         +|   0|  0|   16|          16|          16|
    |y0_f11_tree4_0_1_fu_21900_p2      |         +|   0|  0|   18|          18|          18|
    |y0_f11_tree4_0_fu_21617_p2        |         +|   0|  0|   18|          18|          18|
    |y0_f1_tree0_14_2_fu_14034_p2      |         +|   0|  0|   16|          16|          16|
    |y0_f1_tree0_14_fu_16481_p2        |         +|   0|  0|   16|          16|          16|
    |y0_f1_tree0_16_2_fu_9821_p2       |         +|   0|  0|   16|          15|          15|
    |y0_f1_tree0_16_fu_11745_p2        |         +|   0|  0|   16|          15|          15|
    |y0_f1_tree0_20_2_fu_9857_p2       |         +|   0|  0|   16|          16|          16|
    |y0_f1_tree0_20_fu_11781_p2        |         +|   0|  0|   16|          16|          16|
    |y0_f1_tree0_26_2_fu_7138_p2       |         +|   0|  0|   22|          15|          15|
    |y0_f1_tree0_26_fu_8265_p2         |         +|   0|  0|   22|          15|          15|
    |y0_f1_tree0_28_2_fu_7116_p2       |         +|   0|  0|   21|          14|          14|
    |y0_f1_tree0_28_fu_8243_p2         |         +|   0|  0|   21|          14|          14|
    |y0_f1_tree0_30_2_fu_7106_p2       |         +|   0|  0|   20|          13|          13|
    |y0_f1_tree0_30_fu_8233_p2         |         +|   0|  0|   20|          13|          13|
    |y0_f1_tree0_4_2_fu_14114_p2       |         +|   0|  0|   17|          17|          17|
    |y0_f1_tree0_4_fu_16561_p2         |         +|   0|  0|   17|          17|          17|
    |y0_f1_tree0_8_2_fu_14058_p2       |         +|   0|  0|   17|          17|          17|
    |y0_f1_tree0_8_fu_16505_p2         |         +|   0|  0|   17|          17|          17|
    |y0_f1_tree1_0_2_fu_18458_p2       |         +|   0|  0|   25|          18|          18|
    |y0_f1_tree1_0_fu_20385_p2         |         +|   0|  0|   25|          18|          18|
    |y0_f1_tree1_4_2_fu_14086_p2       |         +|   0|  0|   17|          17|          17|
    |y0_f1_tree1_4_fu_16533_p2         |         +|   0|  0|   17|          17|          17|
    |y0_f1_tree4_0_2_fu_21416_p2       |         +|   0|  0|   18|          18|          18|
    |y0_f1_tree4_0_fu_21699_p2         |         +|   0|  0|   18|          18|          18|
    |y0_f1_tree5_0_1_fu_21711_p2       |         +|   0|  0|   18|          18|          18|
    |y0_f1_tree5_0_fu_21428_p2         |         +|   0|  0|   18|          18|          18|
    |y0_f2_tree0_0_2_fu_21449_p2       |         +|   0|  0|   17|          17|          17|
    |y0_f2_tree0_0_fu_21732_p2         |         +|   0|  0|   17|          17|          17|
    |y0_f2_tree0_10_2_fu_18487_p2      |         +|   0|  0|   16|          16|          16|
    |y0_f2_tree0_10_fu_20414_p2        |         +|   0|  0|   16|          16|          16|
    |y0_f2_tree0_16_2_fu_9897_p2       |         +|   0|  0|   18|          11|          11|
    |y0_f2_tree0_16_fu_11821_p2        |         +|   0|  0|   18|          11|          11|
    |y0_f2_tree0_20_2_fu_9926_p2       |         +|   0|  0|   20|          13|          13|
    |y0_f2_tree0_20_fu_11850_p2        |         +|   0|  0|   20|          13|          13|
    |y0_f2_tree0_22_2_fu_9916_p2       |         +|   0|  0|   19|          12|          12|
    |y0_f2_tree0_22_fu_11840_p2        |         +|   0|  0|   19|          12|          12|
    |y0_f2_tree1_10_2_fu_14137_p2      |         +|   0|  0|   21|          14|          14|
    |y0_f2_tree1_10_fu_16584_p2        |         +|   0|  0|   21|          14|          14|
    |y0_f2_tree4_0_1_fu_21751_p2       |         +|   0|  0|   18|          18|          18|
    |y0_f2_tree4_0_fu_21468_p2         |         +|   0|  0|   18|          18|          18|
    |y0_f3_tree0_12_2_fu_14266_p2      |         +|   0|  0|   16|          16|          16|
    |y0_f3_tree0_12_fu_16713_p2        |         +|   0|  0|   16|          16|          16|
    |y0_f3_tree0_20_2_fu_14216_p2      |         +|   0|  0|   16|          16|          16|
    |y0_f3_tree0_20_fu_16663_p2        |         +|   0|  0|   16|          16|          16|
    |y0_f3_tree0_24_2_fu_7184_p2       |         +|   0|  0|   21|          14|          14|
    |y0_f3_tree0_24_fu_8311_p2         |         +|   0|  0|   21|          14|          14|
    |y0_f3_tree0_2_2_fu_18616_p2       |         +|   0|  0|   17|          17|          17|
    |y0_f3_tree0_2_fu_20543_p2         |         +|   0|  0|   17|          17|          17|
    |y0_f3_tree0_6_2_fu_18592_p2       |         +|   0|  0|   17|          17|          17|
    |y0_f3_tree0_6_fu_20519_p2         |         +|   0|  0|   17|          17|          17|
    |y0_f3_tree1_14_2_fu_7164_p2       |         +|   0|  0|   19|          12|          12|
    |y0_f3_tree1_14_fu_8291_p2         |         +|   0|  0|   19|          12|          12|
    |y0_f3_tree1_2_2_fu_18604_p2       |         +|   0|  0|   17|          17|          17|
    |y0_f3_tree1_2_fu_20531_p2         |         +|   0|  0|   17|          17|          17|
    |y0_f3_tree1_4_2_fu_18577_p2       |         +|   0|  0|   17|          17|          17|
    |y0_f3_tree1_4_fu_20504_p2         |         +|   0|  0|   17|          17|          17|
    |y0_f3_tree1_8_2_fu_9959_p2        |         +|   0|  0|   16|          15|          15|
    |y0_f3_tree1_8_fu_11883_p2         |         +|   0|  0|   16|          15|          15|
    |y0_f3_tree2_6_2_fu_9937_p2        |         +|   0|  0|   16|          14|          14|
    |y0_f3_tree2_6_fu_11861_p2         |         +|   0|  0|   16|          14|          14|
    |y0_f3_tree3_2_2_fu_14238_p2       |         +|   0|  0|   16|          16|          16|
    |y0_f3_tree3_2_fu_16685_p2         |         +|   0|  0|   16|          16|          16|
    |y0_f3_tree4_0_1_fu_21769_p2       |         +|   0|  0|   18|          18|          18|
    |y0_f3_tree4_0_fu_21486_p2         |         +|   0|  0|   18|          18|          18|
    |y0_f4_tree0_16_2_fu_10050_p2      |         +|   0|  0|   16|          15|          15|
    |y0_f4_tree0_16_fu_11974_p2        |         +|   0|  0|   16|          15|          15|
    |y0_f4_tree0_22_2_fu_14302_p2      |         +|   0|  0|   16|          16|          16|
    |y0_f4_tree0_22_fu_16749_p2        |         +|   0|  0|   16|          16|          16|
    |y0_f4_tree0_24_2_fu_9980_p2       |         +|   0|  0|   17|          13|          13|
    |y0_f4_tree0_24_fu_11904_p2        |         +|   0|  0|   17|          13|          13|
    |y0_f4_tree0_4_2_fu_18682_p2       |         +|   0|  0|   17|          17|          17|
    |y0_f4_tree0_4_fu_20609_p2         |         +|   0|  0|   17|          17|          17|
    |y0_f4_tree1_4_2_fu_18654_p2       |         +|   0|  0|   17|          17|          17|
    |y0_f4_tree1_4_fu_20581_p2         |         +|   0|  0|   17|          17|          17|
    |y0_f4_tree2_6_2_fu_10002_p2       |         +|   0|  0|   16|          14|          14|
    |y0_f4_tree2_6_fu_11926_p2         |         +|   0|  0|   16|          14|          14|
    |y0_f4_tree3_0_2_fu_21506_p2       |         +|   0|  0|   18|          18|          18|
    |y0_f4_tree3_0_fu_21789_p2         |         +|   0|  0|   18|          18|          18|
    |y0_f5_tree0_12_2_fu_14412_p2      |         +|   0|  0|   16|          16|          16|
    |y0_f5_tree0_12_fu_16859_p2        |         +|   0|  0|   16|          16|          16|
    |y0_f5_tree0_24_2_fu_10123_p2      |         +|   0|  0|   23|          16|          16|
    |y0_f5_tree0_24_fu_12047_p2        |         +|   0|  0|   23|          16|          16|
    |y0_f5_tree0_4_2_fu_18723_p2       |         +|   0|  0|   17|          17|          17|
    |y0_f5_tree0_4_fu_20650_p2         |         +|   0|  0|   17|          17|          17|
    |y0_f5_tree0_8_2_fu_14424_p2       |         +|   0|  0|   16|          16|          16|
    |y0_f5_tree0_8_fu_16871_p2         |         +|   0|  0|   16|          16|          16|
    |y0_f5_tree1_10_2_fu_10097_p2      |         +|   0|  0|   16|          15|          15|
    |y0_f5_tree1_10_fu_12021_p2        |         +|   0|  0|   16|          15|          15|
    |y0_f5_tree1_8_2_fu_7232_p2        |         +|   0|  0|   16|          14|          14|
    |y0_f5_tree1_8_fu_8359_p2          |         +|   0|  0|   16|          14|          14|
    |y0_f5_tree3_0_2_fu_18772_p2       |         +|   0|  0|   17|          17|          17|
    |y0_f5_tree3_0_fu_20699_p2         |         +|   0|  0|   17|          17|          17|
    |y0_f5_tree3_2_2_fu_14384_p2       |         +|   0|  0|   16|          16|          16|
    |y0_f5_tree3_2_fu_16831_p2         |         +|   0|  0|   16|          16|          16|
    |y0_f5_tree4_0_1_fu_21804_p2       |         +|   0|  0|   25|          18|          18|
    |y0_f5_tree4_0_fu_21521_p2         |         +|   0|  0|   25|          18|          18|
    |y0_f6_tree0_4_2_fu_14508_p2       |         +|   0|  0|   16|          15|          15|
    |y0_f6_tree0_4_fu_16955_p2         |         +|   0|  0|   16|          15|          15|
    |y0_f6_tree0_8_2_fu_10159_p2       |         +|   0|  0|   21|          14|          14|
    |y0_f6_tree0_8_fu_12083_p2         |         +|   0|  0|   21|          14|          14|
    |y0_f6_tree1_6_2_fu_10149_p2       |         +|   0|  0|   20|          13|          13|
    |y0_f6_tree1_6_fu_12073_p2         |         +|   0|  0|   20|          13|          13|
    |y0_f6_tree2_2_2_fu_14486_p2       |         +|   0|  0|   16|          15|          15|
    |y0_f6_tree2_2_fu_16933_p2         |         +|   0|  0|   16|          15|          15|
    |y0_f6_tree3_0_2_fu_18816_p2       |         +|   0|  0|   16|          16|          16|
    |y0_f6_tree3_0_fu_20743_p2         |         +|   0|  0|   16|          16|          16|
    |y0_f6_tree4_0_1_fu_21818_p2       |         +|   0|  0|   17|          17|          17|
    |y0_f6_tree4_0_fu_21535_p2         |         +|   0|  0|   17|          17|          17|
    |y0_f7_tree0_14_2_fu_10198_p2      |         +|   0|  0|   16|          15|          15|
    |y0_f7_tree0_14_fu_12122_p2        |         +|   0|  0|   16|          15|          15|
    |y0_f7_tree0_20_2_fu_7264_p2       |         +|   0|  0|   16|          14|          14|
    |y0_f7_tree0_20_fu_8391_p2         |         +|   0|  0|   16|          14|          14|
    |y0_f7_tree0_8_2_fu_14552_p2       |         +|   0|  0|   23|          16|          16|
    |y0_f7_tree0_8_fu_16999_p2         |         +|   0|  0|   23|          16|          16|
    |y0_f7_tree1_12_2_fu_10186_p2      |         +|   0|  0|   16|          15|          15|
    |y0_f7_tree1_12_fu_12110_p2        |         +|   0|  0|   16|          15|          15|
    |y0_f7_tree1_2_2_fu_18868_p2       |         +|   0|  0|   17|          17|          17|
    |y0_f7_tree1_2_fu_20795_p2         |         +|   0|  0|   17|          17|          17|
    |y0_f7_tree1_8_2_fu_7248_p2        |         +|   0|  0|   17|          13|          13|
    |y0_f7_tree1_8_fu_8375_p2          |         +|   0|  0|   17|          13|          13|
    |y0_f7_tree2_4_2_fu_10165_p2       |         +|   0|  0|   16|          14|          14|
    |y0_f7_tree2_4_fu_12089_p2         |         +|   0|  0|   16|          14|          14|
    |y0_f7_tree3_0_2_fu_18918_p2       |         +|   0|  0|   17|          17|          17|
    |y0_f7_tree3_0_fu_20845_p2         |         +|   0|  0|   17|          17|          17|
    |y0_f7_tree4_0_1_fu_20851_p2       |         +|   0|  0|   17|          17|          17|
    |y0_f7_tree4_0_fu_18924_p2         |         +|   0|  0|   17|          17|          17|
    |y0_f8_tree0_0_2_fu_19016_p2       |         +|   0|  0|   18|          18|          18|
    |y0_f8_tree0_0_fu_20943_p2         |         +|   0|  0|   18|          18|          18|
    |y0_f8_tree0_14_2_fu_14599_p2      |         +|   0|  0|   17|          17|          17|
    |y0_f8_tree0_14_fu_17046_p2        |         +|   0|  0|   17|          17|          17|
    |y0_f8_tree0_22_2_fu_10247_p2      |         +|   0|  0|   16|          15|          15|
    |y0_f8_tree0_22_fu_12171_p2        |         +|   0|  0|   16|          15|          15|
    |y0_f8_tree0_24_2_fu_7304_p2       |         +|   0|  0|   16|          14|          14|
    |y0_f8_tree0_24_fu_8431_p2         |         +|   0|  0|   16|          14|          14|
    |y0_f8_tree0_30_2_fu_7276_p2       |         +|   0|  0|   20|          13|          13|
    |y0_f8_tree0_30_fu_8403_p2         |         +|   0|  0|   20|          13|          13|
    |y0_f8_tree0_6_2_fu_18968_p2       |         +|   0|  0|   18|          18|          18|
    |y0_f8_tree0_6_fu_20895_p2         |         +|   0|  0|   18|          18|          18|
    |y0_f8_tree2_0_2_fu_21553_p2       |         +|   0|  0|   18|          18|          18|
    |y0_f8_tree2_0_fu_21836_p2         |         +|   0|  0|   18|          18|          18|
    |y0_f8_tree2_4_2_fu_10283_p2       |         +|   0|  0|   16|          16|          16|
    |y0_f8_tree2_4_fu_12207_p2         |         +|   0|  0|   16|          16|          16|
    |y0_f8_tree2_6_2_fu_10210_p2       |         +|   0|  0|   16|          15|          15|
    |y0_f8_tree2_6_fu_12134_p2         |         +|   0|  0|   16|          15|          15|
    |y0_f8_tree5_0_1_fu_21851_p2       |         +|   0|  0|   18|          18|          18|
    |y0_f8_tree5_0_fu_21568_p2         |         +|   0|  0|   18|          18|          18|
    |y0_f9_tree0_18_2_fu_10292_p2      |         +|   0|  0|   23|          16|          16|
    |y0_f9_tree0_18_fu_12216_p2        |         +|   0|  0|   23|          16|          16|
    |y0_f9_tree0_22_2_fu_10320_p2      |         +|   0|  0|   16|          16|          16|
    |y0_f9_tree0_22_fu_12244_p2        |         +|   0|  0|   16|          16|          16|
    |y0_f9_tree0_26_2_fu_7340_p2       |         +|   0|  0|   16|          14|          14|
    |y0_f9_tree0_26_fu_8467_p2         |         +|   0|  0|   16|          14|          14|
    |y0_f9_tree0_28_2_fu_7320_p2       |         +|   0|  0|   20|          13|          13|
    |y0_f9_tree0_28_fu_8447_p2         |         +|   0|  0|   20|          13|          13|
    |y0_f9_tree1_12_2_fu_7356_p2       |         +|   0|  0|   22|          15|          15|
    |y0_f9_tree1_12_fu_8483_p2         |         +|   0|  0|   22|          15|          15|
    |y0_f9_tree1_4_2_fu_14698_p2       |         +|   0|  0|   17|          17|          17|
    |y0_f9_tree1_4_fu_17145_p2         |         +|   0|  0|   17|          17|          17|
    |y0_f9_tree1_6_2_fu_14676_p2       |         +|   0|  0|   17|          17|          17|
    |y0_f9_tree1_6_fu_17123_p2         |         +|   0|  0|   17|          17|          17|
    |y0_f9_tree3_2_2_fu_10360_p2       |         +|   0|  0|   16|          16|          16|
    |y0_f9_tree3_2_fu_12284_p2         |         +|   0|  0|   16|          16|          16|
    |y0_f9_tree4_0_1_fu_21046_p2       |         +|   0|  0|   18|          18|          18|
    |y0_f9_tree4_0_fu_19119_p2         |         +|   0|  0|   18|          18|          18|
    |cse0_1_fu_8147_p2                 |         -|   0|  0|   19|          12|          12|
    |cse0_fu_7020_p2                   |         -|   0|  0|   19|          12|          12|
    |cse100_1_fu_20176_p2              |         -|   0|  0|   16|          14|          14|
    |cse100_fu_18249_p2                |         -|   0|  0|   16|          14|          14|
    |cse101_1_fu_11575_p2              |         -|   0|  0|   18|          11|          11|
    |cse101_fu_9651_p2                 |         -|   0|  0|   18|          11|          11|
    |cse103_1_fu_16252_p2              |         -|   0|  0|   20|          13|          13|
    |cse103_fu_13805_p2                |         -|   0|  0|   20|          13|          13|
    |cse107_2_fu_9693_p2               |         -|   0|  0|   16|          14|          14|
    |cse107_fu_11617_p2                |         -|   0|  0|   16|          14|          14|
    |cse108_1_fu_16265_p2              |         -|   0|  0|   16|          15|          15|
    |cse108_fu_13818_p2                |         -|   0|  0|   16|          15|          15|
    |cse10_1_fu_15822_p2               |         -|   0|  0|   18|          11|          11|
    |cse10_fu_13375_p2                 |         -|   0|  0|   18|          11|          11|
    |cse111_1_fu_16291_p2              |         -|   0|  0|   18|          11|          11|
    |cse111_fu_13844_p2                |         -|   0|  0|   18|          11|          11|
    |cse112_1_fu_16304_p2              |         -|   0|  0|   18|          11|          11|
    |cse112_fu_13857_p2                |         -|   0|  0|   18|          11|          11|
    |cse115_2_fu_18297_p2              |         -|   0|  0|   20|          13|          13|
    |cse115_fu_20224_p2                |         -|   0|  0|   20|          13|          13|
    |cse118_1_fu_20250_p2              |         -|   0|  0|   16|          14|          14|
    |cse118_fu_18323_p2                |         -|   0|  0|   16|          14|          14|
    |cse121_1_fu_16359_p2              |         -|   0|  0|   19|          12|          12|
    |cse121_fu_13912_p2                |         -|   0|  0|   19|          12|          12|
    |cse124_1_fu_16378_p2              |         -|   0|  0|   19|          12|          12|
    |cse124_fu_13931_p2                |         -|   0|  0|   19|          12|          12|
    |cse125_1_fu_16388_p2              |         -|   0|  0|   20|          13|          13|
    |cse125_fu_13941_p2                |         -|   0|  0|   20|          13|          13|
    |cse128_1_fu_16402_p2              |         -|   0|  0|   20|          13|          13|
    |cse128_fu_13955_p2                |         -|   0|  0|   20|          13|          13|
    |cse14_1_fu_19892_p2               |         -|   0|  0|   17|          13|          13|
    |cse14_fu_17965_p2                 |         -|   0|  0|   17|          13|          13|
    |cse15_2_fu_13542_p2               |         -|   0|  0|   21|          14|          14|
    |cse15_fu_15989_p2                 |         -|   0|  0|   21|          14|          14|
    |cse1_1_fu_15789_p2                |         -|   0|  0|   19|           9|          12|
    |cse1_fu_13342_p2                  |         -|   0|  0|   19|           9|          12|
    |cse20_2_fu_13491_p2               |         -|   0|  0|   17|          12|          12|
    |cse20_fu_15938_p2                 |         -|   0|  0|   17|          12|          12|
    |cse21_2_fu_18008_p2               |         -|   0|  0|   16|          14|          14|
    |cse21_fu_19935_p2                 |         -|   0|  0|   16|          14|          14|
    |cse22_2_fu_13428_p2               |         -|   0|  0|   20|          13|          13|
    |cse22_fu_15875_p2                 |         -|   0|  0|   20|          13|          13|
    |cse30_2_fu_13584_p2               |         -|   0|  0|   16|          14|          14|
    |cse30_fu_16031_p2                 |         -|   0|  0|   16|          14|          14|
    |cse36_2_fu_17988_p2               |         -|   0|  0|   21|          14|          14|
    |cse36_fu_19915_p2                 |         -|   0|  0|   21|          14|          14|
    |cse39_2_fu_18049_p2               |         -|   0|  0|   16|          15|          15|
    |cse39_fu_19976_p2                 |         -|   0|  0|   16|          15|          15|
    |cse3_1_fu_8153_p2                 |         -|   0|  0|   19|          12|          12|
    |cse3_fu_7026_p2                   |         -|   0|  0|   19|          12|          12|
    |cse41_1_fu_19966_p2               |         -|   0|  0|   16|          15|          15|
    |cse41_fu_18039_p2                 |         -|   0|  0|   16|          15|          15|
    |cse44_2_fu_9501_p2                |         -|   0|  0|   16|          14|          14|
    |cse44_fu_11425_p2                 |         -|   0|  0|   16|          14|          14|
    |cse47_2_fu_13600_p2               |         -|   0|  0|   16|          15|          15|
    |cse47_fu_16047_p2                 |         -|   0|  0|   16|          15|          15|
    |cse49_2_fu_18067_p2               |         -|   0|  0|   16|          16|          16|
    |cse49_fu_19994_p2                 |         -|   0|  0|   16|          16|          16|
    |cse54_1_fu_16077_p2               |         -|   0|  0|   16|          14|          14|
    |cse54_fu_13630_p2                 |         -|   0|  0|   16|          14|          14|
    |cse56_1_fu_16093_p2               |         -|   0|  0|   20|          13|          13|
    |cse56_fu_13646_p2                 |         -|   0|  0|   20|          13|          13|
    |cse58_1_fu_11453_p2               |         -|   0|  0|   18|          11|          11|
    |cse58_fu_9529_p2                  |         -|   0|  0|   18|          11|          11|
    |cse59_2_fu_13658_p2               |         -|   0|  0|   20|          13|          13|
    |cse59_fu_16105_p2                 |         -|   0|  0|   20|          13|          13|
    |cse5_1_fu_11356_p2                |         -|   0|  0|   21|          14|          14|
    |cse5_fu_9432_p2                   |         -|   0|  0|   21|          14|          14|
    |cse60_2_fu_13668_p2               |         -|   0|  0|   21|          14|          14|
    |cse60_fu_16115_p2                 |         -|   0|  0|   21|          14|          14|
    |cse61_2_fu_13674_p2               |         -|   0|  0|   16|          14|          14|
    |cse61_fu_16121_p2                 |         -|   0|  0|   16|          14|          14|
    |cse64_1_fu_20049_p2               |         -|   0|  0|   16|          15|          15|
    |cse64_fu_18122_p2                 |         -|   0|  0|   16|          15|          15|
    |cse67_2_fu_9552_p2                |         -|   0|  0|   17|          12|          12|
    |cse67_fu_11476_p2                 |         -|   0|  0|   17|          12|          12|
    |cse69_2_fu_9572_p2                |         -|   0|  0|   21|          14|          14|
    |cse69_fu_11496_p2                 |         -|   0|  0|   21|          14|          14|
    |cse70_1_fu_16146_p2               |         -|   0|  0|   16|          14|          14|
    |cse70_fu_13699_p2                 |         -|   0|  0|   16|          14|          14|
    |cse74_1_fu_11522_p2               |         -|   0|  0|   17|          13|          13|
    |cse74_fu_9598_p2                  |         -|   0|  0|   17|          13|          13|
    |cse75_1_fu_11528_p2               |         -|   0|  0|   17|          13|          13|
    |cse75_fu_9604_p2                  |         -|   0|  0|   17|          13|          13|
    |cse79_1_fu_20094_p2               |         -|   0|  0|   20|          13|          13|
    |cse79_fu_18167_p2                 |         -|   0|  0|   20|          13|          13|
    |cse81_1_fu_20103_p2               |         -|   0|  0|   19|          12|          12|
    |cse81_fu_18176_p2                 |         -|   0|  0|   19|          12|          12|
    |cse83_1_fu_11544_p2               |         -|   0|  0|   19|          12|          12|
    |cse83_fu_9620_p2                  |         -|   0|  0|   19|          12|          12|
    |cse84_1_fu_16176_p2               |         -|   0|  0|   19|          12|          12|
    |cse84_fu_13729_p2                 |         -|   0|  0|   19|          12|          12|
    |cse85_1_fu_16186_p2               |         -|   0|  0|   20|          13|          13|
    |cse85_fu_13739_p2                 |         -|   0|  0|   20|          13|          13|
    |cse86_1_fu_20120_p2               |         -|   0|  0|   21|          14|          14|
    |cse86_fu_18193_p2                 |         -|   0|  0|   21|          14|          14|
    |cse8_1_fu_15812_p2                |         -|   0|  0|   19|          12|          12|
    |cse8_fu_13365_p2                  |         -|   0|  0|   19|          12|          12|
    |cse91_2_fu_13766_p2               |         -|   0|  0|   16|          14|          14|
    |cse91_fu_16213_p2                 |         -|   0|  0|   16|          14|          14|
    |cse92_2_fu_13772_p2               |         -|   0|  0|   16|          14|          14|
    |cse92_fu_16219_p2                 |         -|   0|  0|   16|          14|          14|
    |cse99_2_fu_18244_p2               |         -|   0|  0|   16|          14|          14|
    |cse99_fu_20171_p2                 |         -|   0|  0|   16|          14|          14|
    |sub_ln1008_1_fu_21079_p2          |         -|   0|  0|   17|          17|          17|
    |sub_ln1008_fu_19152_p2            |         -|   0|  0|   17|          17|          17|
    |sub_ln732_1_fu_8163_p2            |         -|   0|  0|   17|          13|          13|
    |sub_ln732_fu_7036_p2              |         -|   0|  0|   17|          13|          13|
    |sub_ln742_1_fu_8179_p2            |         -|   0|  0|   16|          14|          14|
    |sub_ln742_fu_7052_p2              |         -|   0|  0|   16|          14|          14|
    |sub_ln816_1_fu_16725_p2           |         -|   0|  0|   16|          16|          16|
    |sub_ln816_fu_14278_p2             |         -|   0|  0|   16|          16|          16|
    |sub_ln820_1_fu_11871_p2           |         -|   0|  0|   22|          15|          15|
    |sub_ln820_fu_9947_p2              |         -|   0|  0|   22|          15|          15|
    |sub_ln923_1_fu_16989_p2           |         -|   0|  0|   16|          15|          15|
    |sub_ln923_fu_14542_p2             |         -|   0|  0|   16|          15|          15|
    |x0_c3_negative1_2_fu_18386_p2     |         -|   0|  0|   17|          17|          17|
    |x0_c3_negative1_fu_20313_p2       |         -|   0|  0|   17|          17|          17|
    |x10_c3_negative1_1_fu_10885_p2    |         -|   0|  0|   20|          13|          13|
    |x10_c3_negative1_fu_8961_p2       |         -|   0|  0|   20|          13|          13|
    |x10_c6_negative1_2_fu_19225_p2    |         -|   0|  0|   18|          18|          18|
    |x10_c6_negative1_fu_21152_p2      |         -|   0|  0|   18|          18|          18|
    |x11_c5_positive1_2_fu_14098_p2    |         -|   0|  0|   17|          17|          17|
    |x11_c5_positive1_fu_16545_p2      |         -|   0|  0|   17|          17|          17|
    |x13_c_3_negative1_1_fu_10929_p2   |         -|   0|  0|   20|          13|          13|
    |x13_c_3_negative1_fu_9005_p2      |         -|   0|  0|   20|          13|          13|
    |x16_c_3_negative1_2_fu_19130_p2   |         -|   0|  0|   16|          16|          16|
    |x16_c_3_negative1_fu_21057_p2     |         -|   0|  0|   16|          16|          16|
    |x18_c3_negative1_2_fu_14064_p2    |         -|   0|  0|   17|          17|          17|
    |x18_c3_negative1_fu_16511_p2      |         -|   0|  0|   17|          17|          17|
    |x18_c_3_negative1_2_fu_13991_p2   |         -|   0|  0|   24|          17|          17|
    |x18_c_3_negative1_fu_16438_p2     |         -|   0|  0|   24|          17|          17|
    |x19_c3_negative1_2_fu_18587_p2    |         -|   0|  0|   17|          17|          17|
    |x19_c3_negative1_fu_20514_p2      |         -|   0|  0|   17|          17|          17|
    |x20_c3_negative1_2_fu_13966_p2    |         -|   0|  0|   16|          16|          16|
    |x20_c3_negative1_fu_16413_p2      |         -|   0|  0|   16|          16|          16|
    |x20_c_3_negative1_1_fu_11229_p2   |         -|   0|  0|   20|          13|          13|
    |x20_c_3_negative1_fu_9305_p2      |         -|   0|  0|   20|          13|          13|
    |x21_c3_negative1_2_fu_14664_p2    |         -|   0|  0|   17|          17|          17|
    |x21_c3_negative1_fu_17111_p2      |         -|   0|  0|   17|          17|          17|
    |x21_c_3_negative1_1_fu_10686_p2   |         -|   0|  0|   20|          13|          13|
    |x21_c_3_negative1_fu_8759_p2      |         -|   0|  0|   20|          13|          13|
    |x22_c6_negative1_2_fu_14039_p2    |         -|   0|  0|   16|          16|          16|
    |x22_c6_negative1_fu_16486_p2      |         -|   0|  0|   16|          16|          16|
    |x22_c_3_negative1_2_fu_9546_p2    |         -|   0|  0|   17|          12|          12|
    |x22_c_3_negative1_fu_11470_p2     |         -|   0|  0|   17|          12|          12|
    |x23_c6_negative1_2_fu_13562_p2    |         -|   0|  0|   17|          13|          13|
    |x23_c6_negative1_fu_16009_p2      |         -|   0|  0|   17|          13|          13|
    |x23_c_3_negative1_2_fu_9782_p2    |         -|   0|  0|   16|          16|          16|
    |x23_c_3_negative1_fu_11706_p2     |         -|   0|  0|   16|          16|          16|
    |x24_c3_negative1_1_fu_11239_p2    |         -|   0|  0|   20|          13|          13|
    |x24_c3_negative1_fu_9315_p2       |         -|   0|  0|   20|          13|          13|
    |x24_c_3_negative1_1_fu_11260_p2   |         -|   0|  0|   20|          13|          13|
    |x24_c_3_negative1_fu_9336_p2      |         -|   0|  0|   20|          13|          13|
    |x26_c5_positive1_2_fu_14345_p2    |         -|   0|  0|   17|          17|          17|
    |x26_c5_positive1_fu_16792_p2      |         -|   0|  0|   17|          17|          17|
    |x26_c_3_negative1_1_fu_11177_p2   |         -|   0|  0|   20|          13|          13|
    |x26_c_3_negative1_fu_9253_p2      |         -|   0|  0|   20|          13|          13|
    |x28_c3_negative1_2_fu_13754_p2    |         -|   0|  0|   16|          14|          14|
    |x28_c3_negative1_fu_16201_p2      |         -|   0|  0|   16|          14|          14|
    |x29_c_3_negative1_1_fu_11090_p2   |         -|   0|  0|   20|          13|          13|
    |x29_c_3_negative1_fu_9166_p2      |         -|   0|  0|   20|          13|          13|
    |x30_c_3_negative1_2_fu_9705_p2    |         -|   0|  0|   16|          15|          15|
    |x30_c_3_negative1_fu_11629_p2     |         -|   0|  0|   16|          15|          15|
    |x31_c_3_negative1_2_fu_14244_p2   |         -|   0|  0|   16|          16|          16|
    |x31_c_3_negative1_fu_16691_p2     |         -|   0|  0|   16|          16|          16|
    |x32_c3_negative1_2_fu_13533_p2    |         -|   0|  0|   17|          13|          13|
    |x32_c3_negative1_fu_15980_p2      |         -|   0|  0|   17|          13|          13|
    |x32_c_3_negative1_1_fu_15245_p2   |         -|   0|  0|   17|          13|          13|
    |x32_c_3_negative1_fu_12798_p2     |         -|   0|  0|   17|          13|          13|
    |x33_c5_positive1_2_fu_14817_p2    |         -|   0|  0|   16|          16|          16|
    |x33_c5_positive1_fu_17264_p2      |         -|   0|  0|   16|          16|          16|
    |x35_c3_negative1_2_fu_10298_p2    |         -|   0|  0|   16|          16|          16|
    |x35_c3_negative1_fu_12222_p2      |         -|   0|  0|   16|          16|          16|
    |x35_c7_negative1_1_fu_15630_p2    |         -|   0|  0|   16|          14|          14|
    |x35_c7_negative1_fu_13183_p2      |         -|   0|  0|   16|          14|          14|
    |x36_c_3_negative1_2_fu_9667_p2    |         -|   0|  0|   20|          13|          13|
    |x36_c_3_negative1_fu_11591_p2     |         -|   0|  0|   20|          13|          13|
    |x37_c3_negative1_2_fu_9534_p2     |         -|   0|  0|   19|          12|          12|
    |x37_c3_negative1_fu_11458_p2      |         -|   0|  0|   19|          12|          12|
    |x38_c7_negative1_2_fu_9486_p2     |         -|   0|  0|   17|          13|          13|
    |x38_c7_negative1_fu_11410_p2      |         -|   0|  0|   17|          13|          13|
    |x39_c3_negative1_1_fu_15273_p2    |         -|   0|  0|   20|          13|          13|
    |x39_c3_negative1_fu_12826_p2      |         -|   0|  0|   20|          13|          13|
    |x39_c_3_negative1_2_fu_14390_p2   |         -|   0|  0|   16|          16|          16|
    |x39_c_3_negative1_fu_16837_p2     |         -|   0|  0|   16|          16|          16|
    |x41_c_3_negative1_2_fu_9523_p2    |         -|   0|  0|   20|          13|          13|
    |x41_c_3_negative1_fu_11447_p2     |         -|   0|  0|   20|          13|          13|
    |x42_c3_negative1_1_fu_15684_p2    |         -|   0|  0|   20|          13|          13|
    |x42_c3_negative1_fu_13237_p2      |         -|   0|  0|   20|          13|          13|
    |x43_c3_negative1_2_fu_13517_p2    |         -|   0|  0|   18|           7|          11|
    |x43_c3_negative1_fu_15964_p2      |         -|   0|  0|   18|           7|          11|
    |x43_c_5_negative1_2_fu_10326_p2   |         -|   0|  0|   16|          16|          16|
    |x43_c_5_negative1_fu_12250_p2     |         -|   0|  0|   16|          16|          16|
    |x44_c_3_negative1_1_fu_15595_p2   |         -|   0|  0|   20|          13|          13|
    |x44_c_3_negative1_fu_13148_p2     |         -|   0|  0|   20|          13|          13|
    |x45_c_3_negative1_1_fu_15693_p2   |         -|   0|  0|   20|          13|          13|
    |x45_c_3_negative1_fu_13246_p2     |         -|   0|  0|   20|          13|          13|
    |x46_c3_negative1_1_fu_15314_p2    |         -|   0|  0|   20|          13|          13|
    |x46_c3_negative1_fu_12867_p2      |         -|   0|  0|   20|          13|          13|
    |x49_c3_negative1_2_fu_13903_p2    |         -|   0|  0|   17|          12|          12|
    |x49_c3_negative1_fu_16350_p2      |         -|   0|  0|   17|          12|          12|
    |x50_c6_negative1_1_fu_19809_p2    |         -|   0|  0|   16|          14|          14|
    |x50_c6_negative1_fu_17882_p2      |         -|   0|  0|   16|          14|          14|
    |x51_c3_negative1_1_fu_19719_p2    |         -|   0|  0|   17|          13|          13|
    |x51_c3_negative1_fu_17792_p2      |         -|   0|  0|   17|          13|          13|
    |x51_c_3_negative1_1_fu_19544_p2   |         -|   0|  0|   17|          13|          13|
    |x51_c_3_negative1_fu_17617_p2     |         -|   0|  0|   17|          13|          13|
    |x52_c3_negative1_2_fu_7196_p2     |         -|   0|  0|   18|          11|          11|
    |x52_c3_negative1_fu_8323_p2       |         -|   0|  0|   18|          11|          11|
    |x52_c5_positive1_2_fu_10018_p2    |         -|   0|  0|   16|          15|          15|
    |x52_c5_positive1_fu_11942_p2      |         -|   0|  0|   16|          15|          15|
    |x52_c7_negative1_1_fu_15768_p2    |         -|   0|  0|   21|          14|          14|
    |x52_c7_negative1_fu_13321_p2      |         -|   0|  0|   21|          14|          14|
    |x52_c_3_negative1_2_fu_10366_p2   |         -|   0|  0|   16|          14|          14|
    |x52_c_3_negative1_fu_12290_p2     |         -|   0|  0|   16|          14|          14|
    |x52_c_5_negative1_2_fu_9965_p2    |         -|   0|  0|   16|          15|          15|
    |x52_c_5_negative1_fu_11889_p2     |         -|   0|  0|   16|          15|          15|
    |x53_c_3_negative1_1_fu_19626_p2   |         -|   0|  0|   20|          13|          13|
    |x53_c_3_negative1_fu_17699_p2     |         -|   0|  0|   20|          13|          13|
    |x54_c_3_negative1_2_fu_14492_p2   |         -|   0|  0|   16|          15|          15|
    |x54_c_3_negative1_fu_16939_p2     |         -|   0|  0|   16|          15|          15|
    |x55_c_3_negative1_1_fu_15360_p2   |         -|   0|  0|   20|          13|          13|
    |x55_c_3_negative1_fu_12913_p2     |         -|   0|  0|   20|          13|          13|
    |x56_c_3_negative1_1_fu_19647_p2   |         -|   0|  0|   17|          13|          13|
    |x56_c_3_negative1_fu_17720_p2     |         -|   0|  0|   17|          13|          13|
    |x58_c3_negative1_1_fu_15736_p2    |         -|   0|  0|   20|          13|          13|
    |x58_c3_negative1_fu_13289_p2      |         -|   0|  0|   20|          13|          13|
    |x59_c_3_negative1_1_fu_19780_p2   |         -|   0|  0|   20|          13|          13|
    |x59_c_3_negative1_fu_17853_p2     |         -|   0|  0|   20|          13|          13|
    |x5_c3_negative1_1_fu_7883_p2      |         -|   0|  0|   20|          13|          13|
    |x5_c3_negative1_fu_6756_p2        |         -|   0|  0|   20|          13|          13|
    |x5_c_3_negative1_2_fu_18740_p2    |         -|   0|  0|   17|          17|          17|
    |x5_c_3_negative1_fu_20667_p2      |         -|   0|  0|   17|          17|          17|
    |x7_c_3_negative1_2_fu_18974_p2    |         -|   0|  0|   18|          18|          18|
    |x7_c_3_negative1_fu_20901_p2      |         -|   0|  0|   18|          18|          18|
    |x8_c3_negative1_2_fu_18610_p2     |         -|   0|  0|   17|          17|          17|
    |x8_c3_negative1_fu_20537_p2       |         -|   0|  0|   17|          17|          17|
    |x8_c_3_negative1_1_fu_8085_p2     |         -|   0|  0|   20|          13|          13|
    |x8_c_3_negative1_fu_6958_p2       |         -|   0|  0|   20|          13|          13|
    |y0_f0_tree0_12_2_fu_13972_p2      |         -|   0|  0|   16|          16|          16|
    |y0_f0_tree0_12_fu_16419_p2        |         -|   0|  0|   16|          16|          16|
    |y0_f0_tree0_14_2_fu_13961_p2      |         -|   0|  0|   16|          16|          16|
    |y0_f0_tree0_14_fu_16408_p2        |         -|   0|  0|   16|          16|          16|
    |y0_f0_tree0_16_2_fu_9732_p2       |         -|   0|  0|   16|          15|          15|
    |y0_f0_tree0_16_fu_11656_p2        |         -|   0|  0|   16|          15|          15|
    |y0_f0_tree0_18_2_fu_9710_p2       |         -|   0|  0|   16|          15|          15|
    |y0_f0_tree0_18_fu_11634_p2        |         -|   0|  0|   16|          15|          15|
    |y0_f0_tree0_26_2_fu_7058_p2       |         -|   0|  0|   16|          14|          14|
    |y0_f0_tree0_26_fu_8185_p2         |         -|   0|  0|   16|          14|          14|
    |y0_f0_tree0_2_2_fu_18374_p2       |         -|   0|  0|   17|          17|          17|
    |y0_f0_tree0_2_fu_20301_p2         |         -|   0|  0|   17|          17|          17|
    |y0_f0_tree0_32_2_fu_21387_p2      |         -|   0|  0|   17|          17|          17|
    |y0_f0_tree0_32_fu_21670_p2        |         -|   0|  0|   17|          17|          17|
    |y0_f0_tree0_4_2_fu_14025_p2       |         -|   0|  0|   17|          17|          17|
    |y0_f0_tree0_4_fu_16472_p2         |         -|   0|  0|   17|          17|          17|
    |y0_f0_tree0_6_2_fu_14019_p2       |         -|   0|  0|   17|          17|          17|
    |y0_f0_tree0_6_fu_16466_p2         |         -|   0|  0|   17|          17|          17|
    |y0_f0_tree1_0_2_fu_18398_p2       |         -|   0|  0|   17|          17|          17|
    |y0_f0_tree1_0_fu_20325_p2         |         -|   0|  0|   17|          17|          17|
    |y0_f0_tree1_16_2_fu_21392_p2      |         -|   0|  0|   17|          17|          17|
    |y0_f0_tree1_16_fu_21675_p2        |         -|   0|  0|   17|          17|          17|
    |y0_f0_tree1_2_2_fu_18369_p2       |         -|   0|  0|   17|          17|          17|
    |y0_f0_tree1_2_fu_20296_p2         |         -|   0|  0|   17|          17|          17|
    |y0_f0_tree1_8_2_fu_9742_p2        |         -|   0|  0|   16|          16|          16|
    |y0_f0_tree1_8_fu_11666_p2         |         -|   0|  0|   16|          16|          16|
    |y0_f0_tree2_4_2_fu_9770_p2        |         -|   0|  0|   16|          16|          16|
    |y0_f0_tree2_4_fu_11694_p2         |         -|   0|  0|   16|          16|          16|
    |y0_f0_tree2_6_2_fu_7100_p2        |         -|   0|  0|   16|          15|          15|
    |y0_f0_tree2_6_fu_8227_p2          |         -|   0|  0|   16|          15|          15|
    |y0_f0_tree3_0_2_fu_18410_p2       |         -|   0|  0|   17|          17|          17|
    |y0_f0_tree3_0_fu_20337_p2         |         -|   0|  0|   17|          17|          17|
    |y0_f0_tree4_0_2_fu_18416_p2       |         -|   0|  0|   17|          17|          17|
    |y0_f0_tree4_0_fu_20343_p2         |         -|   0|  0|   17|          17|          17|
    |y0_f10_tree0_0_2_fu_19164_p2      |         -|   0|  0|   17|          17|          17|
    |y0_f10_tree0_0_fu_21091_p2        |         -|   0|  0|   17|          17|          17|
    |y0_f10_tree0_12_2_fu_14722_p2     |         -|   0|  0|   23|          16|          16|
    |y0_f10_tree0_12_fu_17169_p2       |         -|   0|  0|   23|          16|          16|
    |y0_f10_tree0_20_2_fu_10399_p2     |         -|   0|  0|   16|          15|          15|
    |y0_f10_tree0_20_fu_12323_p2       |         -|   0|  0|   16|          15|          15|
    |y0_f10_tree0_22_2_fu_10393_p2     |         -|   0|  0|   16|          15|          15|
    |y0_f10_tree0_22_fu_12317_p2       |         -|   0|  0|   16|          15|          15|
    |y0_f10_tree0_26_2_fu_7374_p2      |         -|   0|  0|   20|          13|          13|
    |y0_f10_tree0_26_fu_8501_p2        |         -|   0|  0|   20|          13|          13|
    |y0_f10_tree1_10_2_fu_10405_p2     |         -|   0|  0|   16|          15|          15|
    |y0_f10_tree1_10_fu_12329_p2       |         -|   0|  0|   16|          15|          15|
    |y0_f10_tree1_12_2_fu_7386_p2      |         -|   0|  0|   17|          13|          13|
    |y0_f10_tree1_12_fu_8513_p2        |         -|   0|  0|   17|          13|          13|
    |y0_f10_tree1_2_2_fu_19146_p2      |         -|   0|  0|   17|          17|          17|
    |y0_f10_tree1_2_fu_21073_p2        |         -|   0|  0|   17|          17|          17|
    |y0_f10_tree1_4_2_fu_14770_p2      |         -|   0|  0|   16|          16|          16|
    |y0_f10_tree1_4_fu_17217_p2        |         -|   0|  0|   16|          16|          16|
    |y0_f10_tree1_8_2_fu_10387_p2      |         -|   0|  0|   16|          15|          15|
    |y0_f10_tree1_8_fu_12311_p2        |         -|   0|  0|   16|          15|          15|
    |y0_f10_tree2_2_2_fu_14776_p2      |         -|   0|  0|   16|          16|          16|
    |y0_f10_tree2_2_fu_17223_p2        |         -|   0|  0|   16|          16|          16|
    |y0_f10_tree2_4_2_fu_10411_p2      |         -|   0|  0|   16|          15|          15|
    |y0_f10_tree2_4_fu_12335_p2        |         -|   0|  0|   16|          15|          15|
    |y0_f10_tree2_6_2_fu_7396_p2       |         -|   0|  0|   16|          14|          14|
    |y0_f10_tree2_6_fu_8523_p2         |         -|   0|  0|   16|          14|          14|
    |y0_f10_tree3_2_2_fu_14704_p2      |         -|   0|  0|   16|          15|          15|
    |y0_f10_tree3_2_fu_17151_p2        |         -|   0|  0|   16|          15|          15|
    |y0_f10_tree4_0_1_fu_21860_p2      |         -|   0|  0|   25|          18|          18|
    |y0_f10_tree4_0_fu_21577_p2        |         -|   0|  0|   25|          18|          18|
    |y0_f11_tree0_0_2_fu_21602_p2      |         -|   0|  0|   18|          18|          18|
    |y0_f11_tree0_0_fu_21885_p2        |         -|   0|  0|   18|          18|          18|
    |y0_f11_tree0_10_2_fu_19192_p2     |         -|   0|  0|   17|          17|          17|
    |y0_f11_tree0_10_fu_21119_p2       |         -|   0|  0|   17|          17|          17|
    |y0_f11_tree0_14_2_fu_14823_p2     |         -|   0|  0|   16|          16|          16|
    |y0_f11_tree0_14_fu_17270_p2       |         -|   0|  0|   16|          16|          16|
    |y0_f11_tree0_18_2_fu_10460_p2     |         -|   0|  0|   16|          14|          14|
    |y0_f11_tree0_18_fu_12384_p2       |         -|   0|  0|   16|          14|          14|
    |y0_f11_tree0_20_2_fu_14794_p2     |         -|   0|  0|   16|          16|          16|
    |y0_f11_tree0_20_fu_17241_p2       |         -|   0|  0|   16|          16|          16|
    |y0_f11_tree2_2_2_fu_19203_p2      |         -|   0|  0|   17|          17|          17|
    |y0_f11_tree2_2_fu_21130_p2        |         -|   0|  0|   17|          17|          17|
    |y0_f11_tree2_4_2_fu_14805_p2      |         -|   0|  0|   16|          16|          16|
    |y0_f11_tree2_4_fu_17252_p2        |         -|   0|  0|   16|          16|          16|
    |y0_f1_tree0_0_2_fu_18448_p2       |         -|   0|  0|   17|          17|          17|
    |y0_f1_tree0_0_fu_20375_p2         |         -|   0|  0|   17|          17|          17|
    |y0_f1_tree0_32_2_fu_21422_p2      |         -|   0|  0|   18|          18|          18|
    |y0_f1_tree0_32_fu_21705_p2        |         -|   0|  0|   18|          18|          18|
    |y0_f1_tree1_10_2_fu_9863_p2       |         -|   0|  0|   16|          16|          16|
    |y0_f1_tree1_10_fu_11787_p2        |         -|   0|  0|   16|          16|          16|
    |y0_f1_tree1_12_2_fu_9794_p2       |         -|   0|  0|   16|          15|          15|
    |y0_f1_tree1_12_fu_11718_p2        |         -|   0|  0|   16|          15|          15|
    |y0_f1_tree1_14_2_fu_7122_p2       |         -|   0|  0|   16|          14|          14|
    |y0_f1_tree1_14_fu_8249_p2         |         -|   0|  0|   16|          14|          14|
    |y0_f1_tree1_2_2_fu_18428_p2       |         -|   0|  0|   17|          17|          17|
    |y0_f1_tree1_2_fu_20355_p2         |         -|   0|  0|   17|          17|          17|
    |y0_f1_tree2_0_2_fu_21408_p2       |         -|   0|  0|   18|          18|          18|
    |y0_f1_tree2_0_fu_21691_p2         |         -|   0|  0|   18|          18|          18|
    |y0_f1_tree2_2_2_fu_14092_p2       |         -|   0|  0|   17|          17|          17|
    |y0_f1_tree2_2_fu_16539_p2         |         -|   0|  0|   17|          17|          17|
    |y0_f1_tree2_4_2_fu_9869_p2        |         -|   0|  0|   16|          16|          16|
    |y0_f1_tree2_4_fu_11793_p2         |         -|   0|  0|   16|          16|          16|
    |y0_f1_tree2_6_2_fu_9799_p2        |         -|   0|  0|   16|          15|          15|
    |y0_f1_tree2_6_fu_11723_p2         |         -|   0|  0|   16|          15|          15|
    |y0_f2_tree0_14_2_fu_14191_p2      |         -|   0|  0|   16|          16|          16|
    |y0_f2_tree0_14_fu_16638_p2        |         -|   0|  0|   16|          16|          16|
    |y0_f2_tree0_26_2_fu_14149_p2      |         -|   0|  0|   16|          14|          14|
    |y0_f2_tree0_26_fu_16596_p2        |         -|   0|  0|   16|          14|          14|
    |y0_f2_tree0_2_2_fu_21445_p2       |         -|   0|  0|   17|          17|          17|
    |y0_f2_tree0_2_fu_21728_p2         |         -|   0|  0|   17|          17|          17|
    |y0_f2_tree0_4_2_fu_18536_p2       |         -|   0|  0|   17|          17|          17|
    |y0_f2_tree0_4_fu_20463_p2         |         -|   0|  0|   17|          17|          17|
    |y0_f2_tree0_6_2_fu_18524_p2       |         -|   0|  0|   17|          17|          17|
    |y0_f2_tree0_6_fu_20451_p2         |         -|   0|  0|   17|          17|          17|
    |y0_f2_tree0_8_2_fu_18482_p2       |         -|   0|  0|   16|          16|          16|
    |y0_f2_tree0_8_fu_20409_p2         |         -|   0|  0|   16|          16|          16|
    |y0_f2_tree1_4_2_fu_18497_p2       |         -|   0|  0|   24|          17|          17|
    |y0_f2_tree1_4_fu_20424_p2         |         -|   0|  0|   24|          17|          17|
    |y0_f2_tree2_2_2_fu_18503_p2       |         -|   0|  0|   17|          17|          17|
    |y0_f2_tree2_2_fu_20430_p2         |         -|   0|  0|   17|          17|          17|
    |y0_f2_tree2_4_2_fu_14143_p2       |         -|   0|  0|   16|          14|          14|
    |y0_f2_tree2_4_fu_16590_p2         |         -|   0|  0|   16|          14|          14|
    |y0_f3_tree0_0_2_fu_18622_p2       |         -|   0|  0|   17|          17|          17|
    |y0_f3_tree0_0_fu_20549_p2         |         -|   0|  0|   17|          17|          17|
    |y0_f3_tree0_10_2_fu_14290_p2      |         -|   0|  0|   16|          16|          16|
    |y0_f3_tree0_10_fu_16737_p2        |         -|   0|  0|   16|          16|          16|
    |y0_f3_tree0_18_2_fu_9953_p2       |         -|   0|  0|   16|          15|          15|
    |y0_f3_tree0_18_fu_11877_p2        |         -|   0|  0|   16|          15|          15|
    |y0_f3_tree0_22_2_fu_9971_p2       |         -|   0|  0|   16|          15|          15|
    |y0_f3_tree0_22_fu_11895_p2        |         -|   0|  0|   16|          15|          15|
    |y0_f3_tree0_26_2_fu_7174_p2       |         -|   0|  0|   20|          13|          13|
    |y0_f3_tree0_26_fu_8301_p2         |         -|   0|  0|   20|          13|          13|
    |y0_f3_tree0_30_2_fu_7144_p2       |         -|   0|  0|   18|           6|          11|
    |y0_f3_tree0_30_fu_8271_p2         |         -|   0|  0|   18|           6|          11|
    |y0_f3_tree0_4_2_fu_18598_p2       |         -|   0|  0|   17|          17|          17|
    |y0_f3_tree0_4_fu_20525_p2         |         -|   0|  0|   17|          17|          17|
    |y0_f3_tree1_0_2_fu_18628_p2       |         -|   0|  0|   17|          17|          17|
    |y0_f3_tree1_0_fu_20555_p2         |         -|   0|  0|   17|          17|          17|
    |y0_f3_tree1_10_2_fu_14222_p2      |         -|   0|  0|   16|          16|          16|
    |y0_f3_tree1_10_fu_16669_p2        |         -|   0|  0|   16|          16|          16|
    |y0_f3_tree1_12_2_fu_9932_p2       |         -|   0|  0|   16|          14|          14|
    |y0_f3_tree1_12_fu_11856_p2        |         -|   0|  0|   16|          14|          14|
    |y0_f3_tree1_6_2_fu_14272_p2       |         -|   0|  0|   16|          16|          16|
    |y0_f3_tree1_6_fu_16719_p2         |         -|   0|  0|   16|          16|          16|
    |y0_f3_tree2_2_2_fu_18582_p2       |         -|   0|  0|   17|          17|          17|
    |y0_f3_tree2_2_fu_20509_p2         |         -|   0|  0|   17|          17|          17|
    |y0_f4_tree0_0_2_fu_21492_p2       |         -|   0|  0|   18|          18|          18|
    |y0_f4_tree0_0_fu_21775_p2         |         -|   0|  0|   18|          18|          18|
    |y0_f4_tree0_10_2_fu_18648_p2      |         -|   0|  0|   17|          17|          17|
    |y0_f4_tree0_10_fu_20575_p2        |         -|   0|  0|   17|          17|          17|
    |y0_f4_tree0_12_2_fu_14351_p2      |         -|   0|  0|   17|          17|          17|
    |y0_f4_tree0_12_fu_16798_p2        |         -|   0|  0|   17|          17|          17|
    |y0_f4_tree0_14_2_fu_14339_p2      |         -|   0|  0|   17|          17|          17|
    |y0_f4_tree0_14_fu_16786_p2        |         -|   0|  0|   17|          17|          17|
    |y0_f4_tree0_20_2_fu_14308_p2      |         -|   0|  0|   16|          16|          16|
    |y0_f4_tree0_20_fu_16755_p2        |         -|   0|  0|   16|          16|          16|
    |y0_f4_tree0_26_2_fu_7190_p2       |         -|   0|  0|   19|          12|          12|
    |y0_f4_tree0_26_fu_8317_p2         |         -|   0|  0|   19|          12|          12|
    |y0_f4_tree0_2_2_fu_18708_p2       |         -|   0|  0|   18|          18|          18|
    |y0_f4_tree0_2_fu_20635_p2         |         -|   0|  0|   18|          18|          18|
    |y0_f4_tree1_0_2_fu_21497_p2       |         -|   0|  0|   18|          18|          18|
    |y0_f4_tree1_0_fu_21780_p2         |         -|   0|  0|   18|          18|          18|
    |y0_f4_tree1_12_2_fu_9986_p2       |         -|   0|  0|   17|          13|          13|
    |y0_f4_tree1_12_fu_11910_p2        |         -|   0|  0|   17|          13|          13|
    |y0_f4_tree2_2_2_fu_18660_p2       |         -|   0|  0|   17|          17|          17|
    |y0_f4_tree2_2_fu_20587_p2         |         -|   0|  0|   17|          17|          17|
    |y0_f4_tree4_0_1_fu_21795_p2       |         -|   0|  0|   18|          18|          18|
    |y0_f4_tree4_0_fu_21512_p2         |         -|   0|  0|   18|          18|          18|
    |y0_f5_tree0_10_2_fu_14430_p2      |         -|   0|  0|   16|          16|          16|
    |y0_f5_tree0_10_fu_16877_p2        |         -|   0|  0|   16|          16|          16|
    |y0_f5_tree0_14_2_fu_14396_p2      |         -|   0|  0|   16|          16|          16|
    |y0_f5_tree0_14_fu_16843_p2        |         -|   0|  0|   16|          16|          16|
    |y0_f5_tree0_18_2_fu_7206_p2       |         -|   0|  0|   20|          13|          13|
    |y0_f5_tree0_18_fu_8333_p2         |         -|   0|  0|   20|          13|          13|
    |y0_f5_tree0_22_2_fu_10081_p2      |         -|   0|  0|   22|          15|          15|
    |y0_f5_tree0_22_fu_12005_p2        |         -|   0|  0|   22|          15|          15|
    |y0_f5_tree0_2_2_fu_18734_p2       |         -|   0|  0|   17|          17|          17|
    |y0_f5_tree0_2_fu_20661_p2         |         -|   0|  0|   17|          17|          17|
    |y0_f5_tree1_12_2_fu_14379_p2      |         -|   0|  0|   16|          16|          16|
    |y0_f5_tree1_12_fu_16826_p2        |         -|   0|  0|   16|          16|          16|
    |y0_f5_tree1_2_2_fu_18728_p2       |         -|   0|  0|   17|          17|          17|
    |y0_f5_tree1_2_fu_20655_p2         |         -|   0|  0|   17|          17|          17|
    |y0_f5_tree1_4_2_fu_14440_p2       |         -|   0|  0|   17|          17|          17|
    |y0_f5_tree1_4_fu_16887_p2         |         -|   0|  0|   17|          17|          17|
    |y0_f5_tree1_6_2_fu_14418_p2       |         -|   0|  0|   16|          16|          16|
    |y0_f5_tree1_6_fu_16865_p2         |         -|   0|  0|   16|          16|          16|
    |y0_f5_tree2_4_2_fu_10103_p2       |         -|   0|  0|   16|          15|          15|
    |y0_f5_tree2_4_fu_12027_p2         |         -|   0|  0|   16|          15|          15|
    |y0_f6_tree0_14_2_fu_10129_p2      |         -|   0|  0|   18|           8|          11|
    |y0_f6_tree0_14_fu_12053_p2        |         -|   0|  0|   18|           8|          11|
    |y0_f6_tree0_18_2_fu_18826_p2      |         -|   0|  0|   24|          17|          17|
    |y0_f6_tree0_18_fu_20753_p2        |         -|   0|  0|   24|          17|          17|
    |y0_f7_tree0_0_2_fu_18896_p2       |         -|   0|  0|   17|          17|          17|
    |y0_f7_tree0_0_fu_20823_p2         |         -|   0|  0|   17|          17|          17|
    |y0_f7_tree0_12_2_fu_10204_p2      |         -|   0|  0|   16|          15|          15|
    |y0_f7_tree0_12_fu_12128_p2        |         -|   0|  0|   16|          15|          15|
    |y0_f7_tree0_16_2_fu_7238_p2       |         -|   0|  0|   18|           7|          11|
    |y0_f7_tree0_16_fu_8365_p2         |         -|   0|  0|   18|           7|          11|
    |y0_f7_tree0_22_2_fu_7254_p2       |         -|   0|  0|   17|          13|          13|
    |y0_f7_tree0_22_fu_8381_p2         |         -|   0|  0|   17|          13|          13|
    |y0_f7_tree0_24_2_fu_10180_p2      |         -|   0|  0|   22|          15|          15|
    |y0_f7_tree0_24_fu_12104_p2        |         -|   0|  0|   22|          15|          15|
    |y0_f7_tree0_26_2_fu_10170_p2      |         -|   0|  0|   16|          14|          14|
    |y0_f7_tree0_26_fu_12094_p2        |         -|   0|  0|   16|          14|          14|
    |y0_f7_tree0_2_2_fu_18874_p2       |         -|   0|  0|   17|          17|          17|
    |y0_f7_tree0_2_fu_20801_p2         |         -|   0|  0|   17|          17|          17|
    |y0_f7_tree1_10_2_fu_7270_p2       |         -|   0|  0|   16|          14|          14|
    |y0_f7_tree1_10_fu_8397_p2         |         -|   0|  0|   16|          14|          14|
    |y0_f7_tree1_4_2_fu_14558_p2       |         -|   0|  0|   16|          16|          16|
    |y0_f7_tree1_4_fu_17005_p2         |         -|   0|  0|   16|          16|          16|
    |y0_f7_tree1_6_2_fu_14538_p2       |         -|   0|  0|   16|          15|          15|
    |y0_f7_tree1_6_fu_16985_p2         |         -|   0|  0|   16|          15|          15|
    |y0_f7_tree3_2_2_fu_10192_p2       |         -|   0|  0|   16|          15|          15|
    |y0_f7_tree3_2_fu_12116_p2         |         -|   0|  0|   16|          15|          15|
    |y0_f8_tree0_12_2_fu_14605_p2      |         -|   0|  0|   17|          17|          17|
    |y0_f8_tree0_12_fu_17052_p2        |         -|   0|  0|   17|          17|          17|
    |y0_f8_tree0_18_2_fu_10215_p2      |         -|   0|  0|   16|          15|          15|
    |y0_f8_tree0_18_fu_12139_p2        |         -|   0|  0|   16|          15|          15|
    |y0_f8_tree0_26_2_fu_7298_p2       |         -|   0|  0|   16|          14|          14|
    |y0_f8_tree0_26_fu_8425_p2         |         -|   0|  0|   16|          14|          14|
    |y0_f8_tree0_28_2_fu_7286_p2       |         -|   0|  0|   16|          14|          14|
    |y0_f8_tree0_28_fu_8413_p2         |         -|   0|  0|   16|          14|          14|
    |y0_f8_tree1_0_2_fu_21548_p2       |         -|   0|  0|   18|          18|          18|
    |y0_f8_tree1_0_fu_21831_p2         |         -|   0|  0|   18|          18|          18|
    |y0_f8_tree1_12_2_fu_7314_p2       |         -|   0|  0|   22|          15|          15|
    |y0_f8_tree1_12_fu_8441_p2         |         -|   0|  0|   22|          15|          15|
    |y0_f8_tree1_14_2_fu_7292_p2       |         -|   0|  0|   16|          14|          14|
    |y0_f8_tree1_14_fu_8419_p2         |         -|   0|  0|   16|          14|          14|
    |y0_f8_tree3_0_2_fu_21559_p2       |         -|   0|  0|   18|          18|          18|
    |y0_f8_tree3_0_fu_21842_p2         |         -|   0|  0|   18|          18|          18|
    |y0_f9_tree0_12_2_fu_14670_p2      |         -|   0|  0|   17|          17|          17|
    |y0_f9_tree0_12_fu_17117_p2        |         -|   0|  0|   17|          17|          17|
    |y0_f9_tree0_14_2_fu_14652_p2      |         -|   0|  0|   17|          17|          17|
    |y0_f9_tree0_14_fu_17099_p2        |         -|   0|  0|   17|          17|          17|
    |y0_f9_tree0_20_2_fu_10338_p2      |         -|   0|  0|   16|          16|          16|
    |y0_f9_tree0_20_fu_12262_p2        |         -|   0|  0|   16|          16|          16|
    |y0_f9_tree0_24_2_fu_7346_p2       |         -|   0|  0|   16|          14|          14|
    |y0_f9_tree0_24_fu_8473_p2         |         -|   0|  0|   16|          14|          14|
    |y0_f9_tree0_4_2_fu_19045_p2       |         -|   0|  0|   17|          17|          17|
    |y0_f9_tree0_4_fu_20972_p2         |         -|   0|  0|   17|          17|          17|
    |y0_f9_tree0_6_2_fu_19039_p2       |         -|   0|  0|   17|          17|          17|
    |y0_f9_tree0_6_fu_20966_p2         |         -|   0|  0|   17|          17|          17|
    |y0_f9_tree0_8_2_fu_14682_p2       |         -|   0|  0|   17|          17|          17|
    |y0_f9_tree0_8_fu_17129_p2         |         -|   0|  0|   17|          17|          17|
    |y0_f9_tree1_2_2_fu_19051_p2       |         -|   0|  0|   17|          17|          17|
    |y0_f9_tree1_2_fu_20978_p2         |         -|   0|  0|   17|          17|          17|
    |y0_f9_tree2_2_2_fu_19028_p2       |         -|   0|  0|   17|          17|          17|
    |y0_f9_tree2_2_fu_20955_p2         |         -|   0|  0|   17|          17|          17|
    |y0_f9_tree2_6_2_fu_7362_p2        |         -|   0|  0|   16|          15|          15|
    |y0_f9_tree2_6_fu_8489_p2          |         -|   0|  0|   16|          15|          15|
    |and_ln1183_fu_1943_p2             |       and|   0|  0|    2|           1|           1|
    |ap_block_state2_pp0_stage0_iter1  |       and|   0|  0|    2|           1|           1|
    |ap_block_state7_pp0_stage0_iter6  |       and|   0|  0|    2|           1|           1|
    |ap_condition_3073                 |       and|   0|  0|    2|           1|           1|
    |ap_predicate_op4471_write_state7  |       and|   0|  0|    2|           1|           1|
    |ready_fu_1901_p2                  |       and|   0|  0|    2|           1|           1|
    |icmp_ln1150_fu_1863_p2            |      icmp|   0|  0|   13|           6|           5|
    |icmp_ln1152_1_fu_1895_p2          |      icmp|   0|  0|   39|          32|           1|
    |icmp_ln1152_fu_1889_p2            |      icmp|   0|  0|   39|          32|           3|
    |icmp_ln1153_fu_1907_p2            |      icmp|   0|  0|   39|          32|           1|
    |icmp_ln1178_fu_1919_p2            |      icmp|   0|  0|   13|           6|           1|
    |icmp_ln1181_fu_1925_p2            |      icmp|   0|  0|   39|          32|           1|
    |icmp_ln1183_fu_1937_p2            |      icmp|   0|  0|   39|          32|           2|
    |icmp_ln1190_fu_1983_p2            |      icmp|   0|  0|   39|          32|           2|
    |icmp_ln9_fu_1913_p2               |      icmp|   0|  0|    9|           2|           1|
    |ap_block_pp0_stage0_01001         |        or|   0|  0|    2|           1|           1|
    |or_ln1183_fu_1955_p2              |        or|   0|  0|    2|           1|           1|
    |phase_4_fu_1989_p3                |    select|   0|  0|   32|           1|           1|
    |phase_5_fu_2005_p3                |    select|   0|  0|   32|           1|          32|
    |reuse_phase_3_fu_1997_p3          |    select|   0|  0|   32|           1|          32|
    |row_3_fu_2013_p3                  |    select|   0|  0|   32|           1|          32|
    |select_ln1178_10_fu_21975_p3      |    select|   0|  0|   18|           1|          18|
    |select_ln1178_11_fu_21982_p3      |    select|   0|  0|   18|           1|          18|
    |select_ln1178_12_fu_21989_p3      |    select|   0|  0|   18|           1|          18|
    |select_ln1178_13_fu_21996_p3      |    select|   0|  0|   18|           1|          18|
    |select_ln1178_14_fu_22003_p3      |    select|   0|  0|   18|           1|          18|
    |select_ln1178_15_fu_22009_p3      |    select|   0|  0|   18|           1|          18|
    |select_ln1178_16_fu_22016_p3      |    select|   0|  0|   18|           1|          18|
    |select_ln1178_17_fu_22023_p3      |    select|   0|  0|   18|           1|          18|
    |select_ln1178_18_fu_22030_p3      |    select|   0|  0|   18|           1|          18|
    |select_ln1178_19_fu_22037_p3      |    select|   0|  0|   18|           1|          18|
    |select_ln1178_1_fu_21913_p3       |    select|   0|  0|   18|           1|          18|
    |select_ln1178_20_fu_22044_p3      |    select|   0|  0|   18|           1|          18|
    |select_ln1178_21_fu_22051_p3      |    select|   0|  0|   18|           1|          18|
    |select_ln1178_22_fu_22058_p3      |    select|   0|  0|   18|           1|          18|
    |select_ln1178_23_fu_22065_p3      |    select|   0|  0|   18|           1|          18|
    |select_ln1178_24_fu_22072_p3      |    select|   0|  0|   18|           1|          18|
    |select_ln1178_25_fu_22079_p3      |    select|   0|  0|   18|           1|          18|
    |select_ln1178_26_fu_22086_p3      |    select|   0|  0|   18|           1|          18|
    |select_ln1178_27_fu_22092_p3      |    select|   0|  0|   18|           1|          18|
    |select_ln1178_28_fu_22099_p3      |    select|   0|  0|   18|           1|          18|
    |select_ln1178_29_fu_22106_p3      |    select|   0|  0|   18|           1|          18|
    |select_ln1178_2_fu_21920_p3       |    select|   0|  0|   18|           1|          18|
    |select_ln1178_30_fu_22113_p3      |    select|   0|  0|   18|           1|          18|
    |select_ln1178_31_fu_22120_p3      |    select|   0|  0|   18|           1|          18|
    |select_ln1178_32_fu_22127_p3      |    select|   0|  0|   18|           1|          18|
    |select_ln1178_33_fu_22134_p3      |    select|   0|  0|   18|           1|          18|
    |select_ln1178_34_fu_22141_p3      |    select|   0|  0|   18|           1|          18|
    |select_ln1178_35_fu_22148_p3      |    select|   0|  0|   18|           1|          18|
    |select_ln1178_36_fu_22155_p3      |    select|   0|  0|   18|           1|          18|
    |select_ln1178_37_fu_22162_p3      |    select|   0|  0|   18|           1|          18|
    |select_ln1178_38_fu_22169_p3      |    select|   0|  0|   18|           1|          18|
    |select_ln1178_39_fu_22175_p3      |    select|   0|  0|   18|           1|          18|
    |select_ln1178_3_fu_21926_p3       |    select|   0|  0|   18|           1|          18|
    |select_ln1178_40_fu_22182_p3      |    select|   0|  0|   18|           1|          18|
    |select_ln1178_41_fu_22189_p3      |    select|   0|  0|   18|           1|          18|
    |select_ln1178_42_fu_22196_p3      |    select|   0|  0|   18|           1|          18|
    |select_ln1178_43_fu_22203_p3      |    select|   0|  0|   18|           1|          18|
    |select_ln1178_44_fu_22210_p3      |    select|   0|  0|   18|           1|          18|
    |select_ln1178_45_fu_22217_p3      |    select|   0|  0|   18|           1|          18|
    |select_ln1178_46_fu_22224_p3      |    select|   0|  0|   18|           1|          18|
    |select_ln1178_47_fu_22231_p3      |    select|   0|  0|   18|           1|          18|
    |select_ln1178_4_fu_21933_p3       |    select|   0|  0|   18|           1|          18|
    |select_ln1178_5_fu_21940_p3       |    select|   0|  0|   18|           1|          18|
    |select_ln1178_6_fu_21947_p3       |    select|   0|  0|   18|           1|          18|
    |select_ln1178_7_fu_21954_p3       |    select|   0|  0|   18|           1|          18|
    |select_ln1178_8_fu_21961_p3       |    select|   0|  0|   18|           1|          18|
    |select_ln1178_9_fu_21968_p3       |    select|   0|  0|   18|           1|          18|
    |select_ln1178_fu_21906_p3         |    select|   0|  0|   18|           1|          18|
    |select_ln1183_1_fu_1969_p3        |    select|   0|  0|   32|           1|          32|
    |select_ln1183_fu_1961_p3          |    select|   0|  0|   32|           1|          32|
    |x0_raw_1_fu_7414_p3               |    select|   0|  0|   10|           1|          10|
    |x0_raw_fu_6287_p3                 |    select|   0|  0|   10|           1|          10|
    |x10_raw_1_fu_7484_p3              |    select|   0|  0|   10|           1|          10|
    |x10_raw_fu_6357_p3                |    select|   0|  0|   10|           1|          10|
    |x11_raw_1_fu_10528_p3             |    select|   0|  0|   10|           1|          10|
    |x11_raw_fu_8601_p3                |    select|   0|  0|   10|           1|          10|
    |x12_raw_1_fu_7491_p3              |    select|   0|  0|   10|           1|          10|
    |x12_raw_fu_6364_p3                |    select|   0|  0|   10|           1|          10|
    |x13_raw_1_fu_7498_p3              |    select|   0|  0|   10|           1|          10|
    |x13_raw_fu_6371_p3                |    select|   0|  0|   10|           1|          10|
    |x14_raw_1_fu_7505_p3              |    select|   0|  0|   10|           1|          10|
    |x14_raw_fu_6378_p3                |    select|   0|  0|   10|           1|          10|
    |x15_raw_1_fu_7512_p3              |    select|   0|  0|   10|           1|          10|
    |x15_raw_fu_6385_p3                |    select|   0|  0|   10|           1|          10|
    |x16_raw_1_fu_7519_p3              |    select|   0|  0|   10|           1|          10|
    |x16_raw_fu_6392_p3                |    select|   0|  0|   10|           1|          10|
    |x17_raw_1_fu_7526_p3              |    select|   0|  0|   10|           1|          10|
    |x17_raw_fu_6399_p3                |    select|   0|  0|   10|           1|          10|
    |x18_raw_1_fu_7533_p3              |    select|   0|  0|   10|           1|          10|
    |x18_raw_fu_6406_p3                |    select|   0|  0|   10|           1|          10|
    |x19_raw_1_fu_7540_p3              |    select|   0|  0|   10|           1|          10|
    |x19_raw_fu_6413_p3                |    select|   0|  0|   10|           1|          10|
    |x1_raw_1_fu_7421_p3               |    select|   0|  0|   10|           1|          10|
    |x1_raw_fu_6294_p3                 |    select|   0|  0|   10|           1|          10|
    |x20_raw_1_fu_7547_p3              |    select|   0|  0|   10|           1|          10|
    |x20_raw_fu_6420_p3                |    select|   0|  0|   10|           1|          10|
    |x21_fu_7554_p3                    |    select|   0|  0|   10|           1|          10|
    |x21_raw_1_fu_6427_p3              |    select|   0|  0|   10|           1|          10|
    |x22_raw_1_fu_7561_p3              |    select|   0|  0|   10|           1|          10|
    |x22_raw_fu_6434_p3                |    select|   0|  0|   10|           1|          10|
    |x23_raw_1_fu_10544_p3             |    select|   0|  0|   10|           1|          10|
    |x23_raw_fu_8617_p3                |    select|   0|  0|   10|           1|          10|
    |x24_raw_1_fu_7568_p3              |    select|   0|  0|   10|           1|          10|
    |x24_raw_fu_6441_p3                |    select|   0|  0|   10|           1|          10|
    |x25_raw_1_fu_7575_p3              |    select|   0|  0|   10|           1|          10|
    |x25_raw_fu_6448_p3                |    select|   0|  0|   10|           1|          10|
    |x26_raw_1_fu_7582_p3              |    select|   0|  0|   10|           1|          10|
    |x26_raw_fu_6455_p3                |    select|   0|  0|   10|           1|          10|
    |x27_raw_1_fu_7589_p3              |    select|   0|  0|   10|           1|          10|
    |x27_raw_fu_6462_p3                |    select|   0|  0|   10|           1|          10|
    |x28_raw_1_fu_7596_p3              |    select|   0|  0|   10|           1|          10|
    |x28_raw_fu_6469_p3                |    select|   0|  0|   10|           1|          10|
    |x29_raw_1_fu_7603_p3              |    select|   0|  0|   10|           1|          10|
    |x29_raw_fu_6476_p3                |    select|   0|  0|   10|           1|          10|
    |x2_raw_1_fu_7428_p3               |    select|   0|  0|   10|           1|          10|
    |x2_raw_fu_6301_p3                 |    select|   0|  0|   10|           1|          10|
    |x30_raw_1_fu_7610_p3              |    select|   0|  0|   10|           1|          10|
    |x30_raw_fu_6483_p3                |    select|   0|  0|   10|           1|          10|
    |x31_raw_1_fu_7617_p3              |    select|   0|  0|   10|           1|          10|
    |x31_raw_fu_6490_p3                |    select|   0|  0|   10|           1|          10|
    |x32_raw_1_fu_7624_p3              |    select|   0|  0|   10|           1|          10|
    |x32_raw_fu_6497_p3                |    select|   0|  0|   10|           1|          10|
    |x33_raw_1_fu_7631_p3              |    select|   0|  0|   10|           1|          10|
    |x33_raw_fu_6504_p3                |    select|   0|  0|   10|           1|          10|
    |x34_raw_1_fu_7638_p3              |    select|   0|  0|   10|           1|          10|
    |x34_raw_fu_6511_p3                |    select|   0|  0|   10|           1|          10|
    |x35_raw_1_fu_10551_p3             |    select|   0|  0|   10|           1|          10|
    |x35_raw_fu_8624_p3                |    select|   0|  0|   10|           1|          10|
    |x36_raw_1_fu_7645_p3              |    select|   0|  0|   10|           1|          10|
    |x36_raw_fu_6518_p3                |    select|   0|  0|   10|           1|          10|
    |x37_raw_1_fu_7652_p3              |    select|   0|  0|   10|           1|          10|
    |x37_raw_fu_6525_p3                |    select|   0|  0|   10|           1|          10|
    |x38_raw_1_fu_7659_p3              |    select|   0|  0|   10|           1|          10|
    |x38_raw_fu_6532_p3                |    select|   0|  0|   10|           1|          10|
    |x39_raw_1_fu_7666_p3              |    select|   0|  0|   10|           1|          10|
    |x39_raw_fu_6539_p3                |    select|   0|  0|   10|           1|          10|
    |x3_raw_1_fu_7435_p3               |    select|   0|  0|   10|           1|          10|
    |x3_raw_fu_6308_p3                 |    select|   0|  0|   10|           1|          10|
    |x40_raw_1_fu_7673_p3              |    select|   0|  0|   10|           1|          10|
    |x40_raw_fu_6546_p3                |    select|   0|  0|   10|           1|          10|
    |x41_raw_1_fu_7680_p3              |    select|   0|  0|   10|           1|          10|
    |x41_raw_fu_6553_p3                |    select|   0|  0|   10|           1|          10|
    |x42_raw_1_fu_7687_p3              |    select|   0|  0|   10|           1|          10|
    |x42_raw_fu_6560_p3                |    select|   0|  0|   10|           1|          10|
    |x43_raw_1_fu_7694_p3              |    select|   0|  0|   10|           1|          10|
    |x43_raw_fu_6567_p3                |    select|   0|  0|   10|           1|          10|
    |x44_raw_1_fu_7701_p3              |    select|   0|  0|   10|           1|          10|
    |x44_raw_fu_6574_p3                |    select|   0|  0|   10|           1|          10|
    |x45_raw_1_fu_7708_p3              |    select|   0|  0|   10|           1|          10|
    |x45_raw_fu_6581_p3                |    select|   0|  0|   10|           1|          10|
    |x46_raw_1_fu_7715_p3              |    select|   0|  0|   10|           1|          10|
    |x46_raw_fu_6588_p3                |    select|   0|  0|   10|           1|          10|
    |x47_raw_1_fu_10558_p3             |    select|   0|  0|   10|           1|          10|
    |x47_raw_fu_8631_p3                |    select|   0|  0|   10|           1|          10|
    |x48_raw_1_fu_7722_p3              |    select|   0|  0|   10|           1|          10|
    |x48_raw_fu_6595_p3                |    select|   0|  0|   10|           1|          10|
    |x49_fu_7729_p3                    |    select|   0|  0|   10|           1|          10|
    |x49_raw_1_fu_6602_p3              |    select|   0|  0|   10|           1|          10|
    |x4_raw_1_fu_7442_p3               |    select|   0|  0|   10|           1|          10|
    |x4_raw_fu_6315_p3                 |    select|   0|  0|   10|           1|          10|
    |x50_raw_1_fu_7736_p3              |    select|   0|  0|   10|           1|          10|
    |x50_raw_fu_6609_p3                |    select|   0|  0|   10|           1|          10|
    |x51_raw_1_fu_7743_p3              |    select|   0|  0|   10|           1|          10|
    |x51_raw_fu_6616_p3                |    select|   0|  0|   10|           1|          10|
    |x52_raw_1_fu_7750_p3              |    select|   0|  0|   10|           1|          10|
    |x52_raw_fu_6623_p3                |    select|   0|  0|   10|           1|          10|
    |x53_raw_1_fu_7757_p3              |    select|   0|  0|   10|           1|          10|
    |x53_raw_fu_6630_p3                |    select|   0|  0|   10|           1|          10|
    |x54_raw_1_fu_7764_p3              |    select|   0|  0|   10|           1|          10|
    |x54_raw_fu_6637_p3                |    select|   0|  0|   10|           1|          10|
    |x55_raw_1_fu_7771_p3              |    select|   0|  0|   10|           1|          10|
    |x55_raw_fu_6644_p3                |    select|   0|  0|   10|           1|          10|
    |x56_raw_1_fu_7778_p3              |    select|   0|  0|   10|           1|          10|
    |x56_raw_fu_6651_p3                |    select|   0|  0|   10|           1|          10|
    |x57_raw_1_fu_7785_p3              |    select|   0|  0|   10|           1|          10|
    |x57_raw_fu_6658_p3                |    select|   0|  0|   10|           1|          10|
    |x58_raw_1_fu_7792_p3              |    select|   0|  0|   10|           1|          10|
    |x58_raw_fu_6665_p3                |    select|   0|  0|   10|           1|          10|
    |x59_raw_1_fu_10565_p3             |    select|   0|  0|   10|           1|          10|
    |x59_raw_fu_8638_p3                |    select|   0|  0|   10|           1|          10|
    |x5_raw_1_fu_7449_p3               |    select|   0|  0|   10|           1|          10|
    |x5_raw_fu_6322_p3                 |    select|   0|  0|   10|           1|          10|
    |x6_raw_1_fu_7456_p3               |    select|   0|  0|   10|           1|          10|
    |x6_raw_fu_6329_p3                 |    select|   0|  0|   10|           1|          10|
    |x7_raw_1_fu_7463_p3               |    select|   0|  0|   10|           1|          10|
    |x7_raw_fu_6336_p3                 |    select|   0|  0|   10|           1|          10|
    |x8_raw_1_fu_7470_p3               |    select|   0|  0|   10|           1|          10|
    |x8_raw_fu_6343_p3                 |    select|   0|  0|   10|           1|          10|
    |x9_raw_1_fu_7477_p3               |    select|   0|  0|   10|           1|          10|
    |x9_raw_fu_6350_p3                 |    select|   0|  0|   10|           1|          10|
    |ap_enable_pp0                     |       xor|   0|  0|    2|           1|           2|
    |xor_ln1183_fu_1949_p2             |       xor|   0|  0|    2|           1|           2|
    +----------------------------------+----------+----+---+-----+------------+------------+
    |Total                             |          |   0|  0|24841|       18418|       20214|
    +----------------------------------+----------+----+---+-----+------------+------------+

    * Multiplexer: 
    +--------------------------------+----+-----------+-----+-----------+
    |              Name              | LUT| Input Size| Bits| Total Bits|
    +--------------------------------+----+-----------+-----+-----------+
    |ap_done_int                     |   9|          2|    1|          2|
    |ap_enable_reg_pp0_iter1         |   9|          2|    1|          2|
    |ap_sig_allocacmp_phase_3        |   9|          2|   32|         64|
    |ap_sig_allocacmp_reuse_phase_2  |   9|          2|   32|         64|
    |ap_sig_allocacmp_row_2          |   9|          2|   32|         64|
    |ap_sig_allocacmp_step_1         |   9|          2|    6|         12|
    |layer5_out_x4_blk_n             |   9|          2|    1|          2|
    |layer7_out_blk_n                |   9|          2|    1|          2|
    |phase_fu_658                    |   9|          2|   32|         64|
    |real_start                      |   9|          2|    1|          2|
    |reuse_phase_fu_654              |   9|          2|   32|         64|
    |row_fu_662                      |   9|          2|   32|         64|
    |step_fu_650                     |   9|          2|    6|         12|
    +--------------------------------+----+-----------+-----+-----------+
    |Total                           | 117|         26|  209|        418|
    +--------------------------------+----+-----------+-----+-----------+

    * Register: 
    +---------------------------------------------------------------------------------------+-----+----+-----+-----------+
    |                                          Name                                         |  FF | LUT| Bits| Const Bits|
    +---------------------------------------------------------------------------------------+-----+----+-----+-----------+
    |add_ln1036_2_reg_27134                                                                 |   13|   0|   14|          1|
    |add_ln1036_4_reg_27281                                                                 |   18|   0|   18|          0|
    |add_ln1036_6_reg_27286                                                                 |   13|   0|   14|          1|
    |add_ln1036_reg_27129                                                                   |   18|   0|   18|          0|
    |add_ln1047_2_reg_25734                                                                 |   11|   0|   11|          0|
    |add_ln1047_reg_25140                                                                   |   11|   0|   11|          0|
    |add_ln1053_2_reg_26076                                                                 |   12|   0|   12|          0|
    |add_ln1064_2_reg_27139                                                                 |   16|   0|   16|          0|
    |add_ln1064_6_reg_27291                                                                 |   16|   0|   16|          0|
    |add_ln262_1_reg_26623                                                                  |   12|   0|   13|          1|
    |add_ln262_4_reg_26907                                                                  |   12|   0|   13|          1|
    |add_ln416_2_reg_26648                                                                  |   14|   0|   14|          0|
    |add_ln416_4_reg_26927                                                                  |   17|   0|   17|          0|
    |add_ln416_6_reg_26932                                                                  |   14|   0|   14|          0|
    |add_ln416_reg_26643                                                                    |   17|   0|   17|          0|
    |add_ln431_2_reg_26026                                                                  |   14|   0|   14|          0|
    |add_ln431_6_reg_26374                                                                  |   14|   0|   14|          0|
    |add_ln504_1_reg_26860                                                                  |   13|   0|   13|          0|
    |add_ln504_reg_26576                                                                    |   13|   0|   13|          0|
    |add_ln563_2_reg_26409                                                                  |   13|   0|   13|          0|
    |add_ln563_reg_26061                                                                    |   13|   0|   13|          0|
    |add_ln604_1_reg_26257                                                                  |   12|   0|   12|          0|
    |add_ln604_reg_25909                                                                    |   12|   0|   12|          0|
    |add_ln653_1_reg_26287                                                                  |   11|   0|   12|          1|
    |add_ln653_reg_25939                                                                    |   11|   0|   12|          1|
    |add_ln654_1_reg_26840                                                                  |   13|   0|   13|          0|
    |add_ln654_reg_26556                                                                    |   13|   0|   13|          0|
    |add_ln684_1_reg_26308                                                                  |   12|   0|   12|          0|
    |add_ln684_reg_25960                                                                    |   12|   0|   12|          0|
    |add_ln711_1_reg_27185                                                                  |   11|   0|   11|          0|
    |add_ln711_reg_27033                                                                    |   11|   0|   11|          0|
    |add_ln721_2_reg_26334                                                                  |   13|   0|   13|          0|
    |add_ln721_reg_25986                                                                    |   13|   0|   13|          0|
    |add_ln756_2_reg_26001                                                                  |   13|   0|   14|          1|
    |add_ln756_6_reg_26349                                                                  |   13|   0|   14|          1|
    |add_ln759_2_reg_26344                                                                  |   11|   0|   13|          2|
    |add_ln759_reg_25996                                                                    |   11|   0|   13|          2|
    |add_ln783_2_reg_27200                                                                  |   16|   0|   16|          0|
    |add_ln783_reg_27048                                                                    |   16|   0|   16|          0|
    |add_ln811_2_reg_27063                                                                  |   16|   0|   16|          0|
    |add_ln811_6_reg_27215                                                                  |   16|   0|   16|          0|
    |add_ln842_1_reg_27073                                                                  |   14|   0|   14|          0|
    |add_ln842_4_reg_27225                                                                  |   14|   0|   14|          0|
    |add_ln854_2_reg_26369                                                                  |   14|   0|   14|          0|
    |add_ln854_reg_26021                                                                    |   14|   0|   14|          0|
    |add_ln869_2_reg_27235                                                                  |   15|   0|   15|          0|
    |add_ln869_reg_27083                                                                    |   15|   0|   15|          0|
    |add_ln874_2_reg_26658                                                                  |   14|   0|   14|          0|
    |add_ln874_4_reg_26937                                                                  |   17|   0|   17|          0|
    |add_ln874_6_reg_26942                                                                  |   14|   0|   14|          0|
    |add_ln874_reg_26653                                                                    |   17|   0|   17|          0|
    |add_ln916_10_reg_26952                                                                 |   12|   0|   12|          0|
    |add_ln916_3_reg_26668                                                                  |   12|   0|   12|          0|
    |add_ln916_7_reg_26947                                                                  |   16|   0|   16|          0|
    |add_ln916_reg_26663                                                                    |   16|   0|   16|          0|
    |add_ln917_1_reg_27098                                                                  |   14|   0|   14|          0|
    |add_ln917_4_reg_27250                                                                  |   14|   0|   14|          0|
    |add_ln976_2_reg_27265                                                                  |   15|   0|   15|          0|
    |add_ln976_reg_27113                                                                    |   15|   0|   15|          0|
    |ap_CS_fsm                                                                              |    1|   0|    1|          0|
    |ap_done_reg                                                                            |    1|   0|    1|          0|
    |ap_enable_reg_pp0_iter1                                                                |    1|   0|    1|          0|
    |ap_enable_reg_pp0_iter2                                                                |    1|   0|    1|          0|
    |ap_enable_reg_pp0_iter3                                                                |    1|   0|    1|          0|
    |ap_enable_reg_pp0_iter4                                                                |    1|   0|    1|          0|
    |ap_enable_reg_pp0_iter5                                                                |    1|   0|    1|          0|
    |ap_enable_reg_pp0_iter6                                                                |    1|   0|    1|          0|
    |ap_loop_exit_ready_pp0_iter1_reg                                                       |    1|   0|    1|          0|
    |ap_loop_exit_ready_pp0_iter2_reg                                                       |    1|   0|    1|          0|
    |ap_loop_exit_ready_pp0_iter3_reg                                                       |    1|   0|    1|          0|
    |ap_loop_exit_ready_pp0_iter4_reg                                                       |    1|   0|    1|          0|
    |ap_loop_exit_ready_pp0_iter5_reg                                                       |    1|   0|    1|          0|
    |cse0_1_reg_25679                                                                       |   12|   0|   12|          0|
    |cse0_reg_25085                                                                         |   12|   0|   12|          0|
    |cse102_1_reg_26313                                                                     |   12|   0|   12|          0|
    |cse102_reg_25965                                                                       |   12|   0|   12|          0|
    |cse103_1_reg_26865                                                                     |   13|   0|   13|          0|
    |cse103_reg_26581                                                                       |   13|   0|   13|          0|
    |cse107_2_reg_25970                                                                     |   14|   0|   14|          0|
    |cse107_reg_26318                                                                       |   14|   0|   14|          0|
    |cse109_1_reg_26870                                                                     |   15|   0|   15|          0|
    |cse109_reg_26586                                                                       |   15|   0|   15|          0|
    |cse113_1_reg_26876                                                                     |   12|   0|   12|          0|
    |cse113_reg_26592                                                                       |   12|   0|   12|          0|
    |cse119_1_reg_27179                                                                     |   14|   0|   14|          0|
    |cse119_reg_27027                                                                       |   14|   0|   14|          0|
    |cse120_1_reg_26323                                                                     |   12|   0|   12|          0|
    |cse120_reg_25975                                                                       |   12|   0|   12|          0|
    |cse122_1_reg_26886                                                                     |   12|   0|   13|          1|
    |cse122_reg_26602                                                                       |   12|   0|   13|          1|
    |cse128_1_reg_26892                                                                     |   12|   0|   13|          1|
    |cse128_reg_26608                                                                       |   12|   0|   13|          1|
    |cse13_1_reg_26789                                                                      |   11|   0|   11|          0|
    |cse13_reg_26505                                                                        |   11|   0|   11|          0|
    |cse15_2_reg_26525                                                                      |   14|   0|   14|          0|
    |cse15_reg_26809                                                                        |   14|   0|   14|          0|
    |cse25_1_reg_26794                                                                      |   13|   0|   13|          0|
    |cse25_reg_26510                                                                        |   13|   0|   13|          0|
    |cse31_2_reg_26520                                                                      |   13|   0|   13|          0|
    |cse31_reg_26804                                                                        |   13|   0|   13|          0|
    |cse33_1_reg_26799                                                                      |   15|   0|   15|          0|
    |cse33_reg_26515                                                                        |   15|   0|   15|          0|
    |cse35_2_reg_26530                                                                      |   15|   0|   15|          0|
    |cse35_reg_26814                                                                        |   15|   0|   15|          0|
    |cse38_1_reg_26262                                                                      |   14|   0|   14|          0|
    |cse38_reg_25914                                                                        |   14|   0|   14|          0|
    |cse41_1_reg_27169                                                                      |   15|   0|   15|          0|
    |cse41_reg_27017                                                                        |   15|   0|   15|          0|
    |cse46_2_reg_25919                                                                      |   15|   0|   15|          0|
    |cse46_reg_26267                                                                        |   15|   0|   15|          0|
    |cse48_2_reg_26535                                                                      |   15|   0|   15|          0|
    |cse48_reg_26819                                                                        |   15|   0|   15|          0|
    |cse55_1_reg_26824                                                                      |   15|   0|   15|          0|
    |cse55_reg_26540                                                                        |   15|   0|   15|          0|
    |cse56_1_reg_26830                                                                      |   12|   0|   13|          1|
    |cse56_reg_26546                                                                        |   12|   0|   13|          1|
    |cse58_1_reg_26277                                                                      |   11|   0|   11|          0|
    |cse58_reg_25929                                                                        |   11|   0|   11|          0|
    |cse62_2_reg_26551                                                                      |   14|   0|   14|          0|
    |cse62_reg_26835                                                                        |   14|   0|   14|          0|
    |cse69_2_reg_25944                                                                      |   14|   0|   14|          0|
    |cse69_reg_26292                                                                        |   14|   0|   14|          0|
    |cse75_1_reg_26297                                                                      |   13|   0|   13|          0|
    |cse75_1_reg_26297_pp0_iter4_reg                                                        |   13|   0|   13|          0|
    |cse75_reg_25949                                                                        |   13|   0|   13|          0|
    |cse75_reg_25949_pp0_iter4_reg                                                          |   13|   0|   13|          0|
    |cse79_1_reg_27174                                                                      |   13|   0|   13|          0|
    |cse79_reg_27022                                                                        |   13|   0|   13|          0|
    |cse7_1_reg_26252                                                                       |   13|   0|   13|          0|
    |cse7_reg_25904                                                                         |   13|   0|   13|          0|
    |cse80_1_reg_26845                                                                      |   11|   0|   11|          0|
    |cse80_reg_26561                                                                        |   11|   0|   11|          0|
    |cse83_1_reg_26302                                                                      |   12|   0|   12|          0|
    |cse83_reg_25954                                                                        |   12|   0|   12|          0|
    |cse85_1_reg_26850                                                                      |   12|   0|   13|          1|
    |cse85_reg_26566                                                                        |   12|   0|   13|          1|
    |cse92_2_reg_26571                                                                      |   14|   0|   14|          0|
    |cse92_reg_26855                                                                        |   14|   0|   14|          0|
    |empty_100_reg_26912                                                                    |   11|   0|   11|          0|
    |empty_101_reg_26414                                                                    |   11|   0|   11|          0|
    |empty_51_fu_1630                                                                       |   18|   0|   18|          0|
    |empty_52_fu_1634                                                                       |   18|   0|   18|          0|
    |empty_53_fu_1638                                                                       |   18|   0|   18|          0|
    |empty_54_fu_1642                                                                       |   18|   0|   18|          0|
    |empty_55_fu_1646                                                                       |   18|   0|   18|          0|
    |empty_56_fu_1650                                                                       |   18|   0|   18|          0|
    |empty_57_fu_1654                                                                       |   18|   0|   18|          0|
    |empty_58_fu_1658                                                                       |   18|   0|   18|          0|
    |empty_59_fu_1662                                                                       |   18|   0|   18|          0|
    |empty_60_fu_1666                                                                       |   18|   0|   18|          0|
    |empty_61_fu_1670                                                                       |   18|   0|   18|          0|
    |empty_62_fu_1674                                                                       |   18|   0|   18|          0|
    |empty_63_fu_1678                                                                       |   18|   0|   18|          0|
    |empty_64_fu_1682                                                                       |   18|   0|   18|          0|
    |empty_65_fu_1686                                                                       |   18|   0|   18|          0|
    |empty_66_fu_1690                                                                       |   18|   0|   18|          0|
    |empty_67_fu_1694                                                                       |   18|   0|   18|          0|
    |empty_68_fu_1698                                                                       |   18|   0|   18|          0|
    |empty_69_fu_1702                                                                       |   18|   0|   18|          0|
    |empty_70_fu_1706                                                                       |   18|   0|   18|          0|
    |empty_71_fu_1710                                                                       |   18|   0|   18|          0|
    |empty_72_fu_1714                                                                       |   18|   0|   18|          0|
    |empty_73_fu_1718                                                                       |   18|   0|   18|          0|
    |empty_74_fu_1722                                                                       |   18|   0|   18|          0|
    |empty_75_fu_1726                                                                       |   18|   0|   18|          0|
    |empty_76_fu_1730                                                                       |   18|   0|   18|          0|
    |empty_77_fu_1734                                                                       |   18|   0|   18|          0|
    |empty_78_fu_1738                                                                       |   18|   0|   18|          0|
    |empty_79_fu_1742                                                                       |   18|   0|   18|          0|
    |empty_80_fu_1746                                                                       |   18|   0|   18|          0|
    |empty_81_fu_1750                                                                       |   18|   0|   18|          0|
    |empty_82_fu_1754                                                                       |   18|   0|   18|          0|
    |empty_83_fu_1758                                                                       |   18|   0|   18|          0|
    |empty_84_fu_1762                                                                       |   18|   0|   18|          0|
    |empty_85_fu_1766                                                                       |   18|   0|   18|          0|
    |empty_86_fu_1770                                                                       |   18|   0|   18|          0|
    |empty_87_fu_1774                                                                       |   18|   0|   18|          0|
    |empty_88_fu_1778                                                                       |   18|   0|   18|          0|
    |empty_89_fu_1782                                                                       |   18|   0|   18|          0|
    |empty_90_fu_1786                                                                       |   18|   0|   18|          0|
    |empty_91_fu_1790                                                                       |   18|   0|   18|          0|
    |empty_92_fu_1794                                                                       |   18|   0|   18|          0|
    |empty_93_fu_1798                                                                       |   18|   0|   18|          0|
    |empty_94_fu_1802                                                                       |   18|   0|   18|          0|
    |empty_95_fu_1806                                                                       |   18|   0|   18|          0|
    |empty_96_fu_1810                                                                       |   18|   0|   18|          0|
    |empty_97_fu_1814                                                                       |   18|   0|   18|          0|
    |empty_98_reg_26628                                                                     |   11|   0|   11|          0|
    |empty_99_reg_26066                                                                     |   11|   0|   11|          0|
    |empty_fu_1626                                                                          |   18|   0|   18|          0|
    |icmp_ln1153_reg_24343                                                                  |    1|   0|    1|          0|
    |icmp_ln1153_reg_24343_pp0_iter1_reg                                                    |    1|   0|    1|          0|
    |icmp_ln1178_reg_24471                                                                  |    1|   0|    1|          0|
    |icmp_ln1181_reg_24523                                                                  |    1|   0|    1|          0|
    |icmp_ln9_reg_24347                                                                     |    1|   0|    1|          0|
    |p_ZZN5ravel11shared_convIN4nnet5arrayI8ap_fixedILi10ELi5EL9ap_q_mode0EL9ap_o_mode      |   10|   0|   10|          0|
    |p_ZZN5ravel11shared_convIN4nnet5arrayI8ap_fixedILi10ELi5EL9ap_q_mode0EL9ap_o_mode_1    |   10|   0|   10|          0|
    |p_ZZN5ravel11shared_convIN4nnet5arrayI8ap_fixedILi10ELi5EL9ap_q_mode0EL9ap_o_mode_10   |   10|   0|   10|          0|
    |p_ZZN5ravel11shared_convIN4nnet5arrayI8ap_fixedILi10ELi5EL9ap_q_mode0EL9ap_o_mode_11   |   10|   0|   10|          0|
    |p_ZZN5ravel11shared_convIN4nnet5arrayI8ap_fixedILi10ELi5EL9ap_q_mode0EL9ap_o_mode_12   |   10|   0|   10|          0|
    |p_ZZN5ravel11shared_convIN4nnet5arrayI8ap_fixedILi10ELi5EL9ap_q_mode0EL9ap_o_mode_13   |   10|   0|   10|          0|
    |p_ZZN5ravel11shared_convIN4nnet5arrayI8ap_fixedILi10ELi5EL9ap_q_mode0EL9ap_o_mode_14   |   10|   0|   10|          0|
    |p_ZZN5ravel11shared_convIN4nnet5arrayI8ap_fixedILi10ELi5EL9ap_q_mode0EL9ap_o_mode_15   |   10|   0|   10|          0|
    |p_ZZN5ravel11shared_convIN4nnet5arrayI8ap_fixedILi10ELi5EL9ap_q_mode0EL9ap_o_mode_16   |   10|   0|   10|          0|
    |p_ZZN5ravel11shared_convIN4nnet5arrayI8ap_fixedILi10ELi5EL9ap_q_mode0EL9ap_o_mode_17   |   10|   0|   10|          0|
    |p_ZZN5ravel11shared_convIN4nnet5arrayI8ap_fixedILi10ELi5EL9ap_q_mode0EL9ap_o_mode_18   |   10|   0|   10|          0|
    |p_ZZN5ravel11shared_convIN4nnet5arrayI8ap_fixedILi10ELi5EL9ap_q_mode0EL9ap_o_mode_19   |   10|   0|   10|          0|
    |p_ZZN5ravel11shared_convIN4nnet5arrayI8ap_fixedILi10ELi5EL9ap_q_mode0EL9ap_o_mode_191  |   10|   0|   10|          0|
    |p_ZZN5ravel11shared_convIN4nnet5arrayI8ap_fixedILi10ELi5EL9ap_q_mode0EL9ap_o_mode_192  |   10|   0|   10|          0|
    |p_ZZN5ravel11shared_convIN4nnet5arrayI8ap_fixedILi10ELi5EL9ap_q_mode0EL9ap_o_mode_193  |   10|   0|   10|          0|
    |p_ZZN5ravel11shared_convIN4nnet5arrayI8ap_fixedILi10ELi5EL9ap_q_mode0EL9ap_o_mode_194  |   10|   0|   10|          0|
    |p_ZZN5ravel11shared_convIN4nnet5arrayI8ap_fixedILi10ELi5EL9ap_q_mode0EL9ap_o_mode_195  |   10|   0|   10|          0|
    |p_ZZN5ravel11shared_convIN4nnet5arrayI8ap_fixedILi10ELi5EL9ap_q_mode0EL9ap_o_mode_196  |   10|   0|   10|          0|
    |p_ZZN5ravel11shared_convIN4nnet5arrayI8ap_fixedILi10ELi5EL9ap_q_mode0EL9ap_o_mode_197  |   10|   0|   10|          0|
    |p_ZZN5ravel11shared_convIN4nnet5arrayI8ap_fixedILi10ELi5EL9ap_q_mode0EL9ap_o_mode_198  |   10|   0|   10|          0|
    |p_ZZN5ravel11shared_convIN4nnet5arrayI8ap_fixedILi10ELi5EL9ap_q_mode0EL9ap_o_mode_199  |   10|   0|   10|          0|
    |p_ZZN5ravel11shared_convIN4nnet5arrayI8ap_fixedILi10ELi5EL9ap_q_mode0EL9ap_o_mode_2    |   10|   0|   10|          0|
    |p_ZZN5ravel11shared_convIN4nnet5arrayI8ap_fixedILi10ELi5EL9ap_q_mode0EL9ap_o_mode_20   |   10|   0|   10|          0|
    |p_ZZN5ravel11shared_convIN4nnet5arrayI8ap_fixedILi10ELi5EL9ap_q_mode0EL9ap_o_mode_200  |   10|   0|   10|          0|
    |p_ZZN5ravel11shared_convIN4nnet5arrayI8ap_fixedILi10ELi5EL9ap_q_mode0EL9ap_o_mode_201  |   10|   0|   10|          0|
    |p_ZZN5ravel11shared_convIN4nnet5arrayI8ap_fixedILi10ELi5EL9ap_q_mode0EL9ap_o_mode_202  |   10|   0|   10|          0|
    |p_ZZN5ravel11shared_convIN4nnet5arrayI8ap_fixedILi10ELi5EL9ap_q_mode0EL9ap_o_mode_203  |   10|   0|   10|          0|
    |p_ZZN5ravel11shared_convIN4nnet5arrayI8ap_fixedILi10ELi5EL9ap_q_mode0EL9ap_o_mode_204  |   10|   0|   10|          0|
    |p_ZZN5ravel11shared_convIN4nnet5arrayI8ap_fixedILi10ELi5EL9ap_q_mode0EL9ap_o_mode_205  |   10|   0|   10|          0|
    |p_ZZN5ravel11shared_convIN4nnet5arrayI8ap_fixedILi10ELi5EL9ap_q_mode0EL9ap_o_mode_206  |   10|   0|   10|          0|
    |p_ZZN5ravel11shared_convIN4nnet5arrayI8ap_fixedILi10ELi5EL9ap_q_mode0EL9ap_o_mode_207  |   10|   0|   10|          0|
    |p_ZZN5ravel11shared_convIN4nnet5arrayI8ap_fixedILi10ELi5EL9ap_q_mode0EL9ap_o_mode_208  |   10|   0|   10|          0|
    |p_ZZN5ravel11shared_convIN4nnet5arrayI8ap_fixedILi10ELi5EL9ap_q_mode0EL9ap_o_mode_209  |   10|   0|   10|          0|
    |p_ZZN5ravel11shared_convIN4nnet5arrayI8ap_fixedILi10ELi5EL9ap_q_mode0EL9ap_o_mode_21   |   10|   0|   10|          0|
    |p_ZZN5ravel11shared_convIN4nnet5arrayI8ap_fixedILi10ELi5EL9ap_q_mode0EL9ap_o_mode_210  |   10|   0|   10|          0|
    |p_ZZN5ravel11shared_convIN4nnet5arrayI8ap_fixedILi10ELi5EL9ap_q_mode0EL9ap_o_mode_211  |   10|   0|   10|          0|
    |p_ZZN5ravel11shared_convIN4nnet5arrayI8ap_fixedILi10ELi5EL9ap_q_mode0EL9ap_o_mode_212  |   10|   0|   10|          0|
    |p_ZZN5ravel11shared_convIN4nnet5arrayI8ap_fixedILi10ELi5EL9ap_q_mode0EL9ap_o_mode_213  |   10|   0|   10|          0|
    |p_ZZN5ravel11shared_convIN4nnet5arrayI8ap_fixedILi10ELi5EL9ap_q_mode0EL9ap_o_mode_214  |   10|   0|   10|          0|
    |p_ZZN5ravel11shared_convIN4nnet5arrayI8ap_fixedILi10ELi5EL9ap_q_mode0EL9ap_o_mode_215  |   10|   0|   10|          0|
    |p_ZZN5ravel11shared_convIN4nnet5arrayI8ap_fixedILi10ELi5EL9ap_q_mode0EL9ap_o_mode_216  |   10|   0|   10|          0|
    |p_ZZN5ravel11shared_convIN4nnet5arrayI8ap_fixedILi10ELi5EL9ap_q_mode0EL9ap_o_mode_217  |   10|   0|   10|          0|
    |p_ZZN5ravel11shared_convIN4nnet5arrayI8ap_fixedILi10ELi5EL9ap_q_mode0EL9ap_o_mode_218  |   10|   0|   10|          0|
    |p_ZZN5ravel11shared_convIN4nnet5arrayI8ap_fixedILi10ELi5EL9ap_q_mode0EL9ap_o_mode_219  |   10|   0|   10|          0|
    |p_ZZN5ravel11shared_convIN4nnet5arrayI8ap_fixedILi10ELi5EL9ap_q_mode0EL9ap_o_mode_22   |   10|   0|   10|          0|
    |p_ZZN5ravel11shared_convIN4nnet5arrayI8ap_fixedILi10ELi5EL9ap_q_mode0EL9ap_o_mode_220  |   10|   0|   10|          0|
    |p_ZZN5ravel11shared_convIN4nnet5arrayI8ap_fixedILi10ELi5EL9ap_q_mode0EL9ap_o_mode_221  |   10|   0|   10|          0|
    |p_ZZN5ravel11shared_convIN4nnet5arrayI8ap_fixedILi10ELi5EL9ap_q_mode0EL9ap_o_mode_222  |   10|   0|   10|          0|
    |p_ZZN5ravel11shared_convIN4nnet5arrayI8ap_fixedILi10ELi5EL9ap_q_mode0EL9ap_o_mode_223  |   10|   0|   10|          0|
    |p_ZZN5ravel11shared_convIN4nnet5arrayI8ap_fixedILi10ELi5EL9ap_q_mode0EL9ap_o_mode_224  |   10|   0|   10|          0|
    |p_ZZN5ravel11shared_convIN4nnet5arrayI8ap_fixedILi10ELi5EL9ap_q_mode0EL9ap_o_mode_225  |   10|   0|   10|          0|
    |p_ZZN5ravel11shared_convIN4nnet5arrayI8ap_fixedILi10ELi5EL9ap_q_mode0EL9ap_o_mode_226  |   10|   0|   10|          0|
    |p_ZZN5ravel11shared_convIN4nnet5arrayI8ap_fixedILi10ELi5EL9ap_q_mode0EL9ap_o_mode_227  |   10|   0|   10|          0|
    |p_ZZN5ravel11shared_convIN4nnet5arrayI8ap_fixedILi10ELi5EL9ap_q_mode0EL9ap_o_mode_228  |   10|   0|   10|          0|
    |p_ZZN5ravel11shared_convIN4nnet5arrayI8ap_fixedILi10ELi5EL9ap_q_mode0EL9ap_o_mode_229  |   10|   0|   10|          0|
    |p_ZZN5ravel11shared_convIN4nnet5arrayI8ap_fixedILi10ELi5EL9ap_q_mode0EL9ap_o_mode_23   |   10|   0|   10|          0|
    |p_ZZN5ravel11shared_convIN4nnet5arrayI8ap_fixedILi10ELi5EL9ap_q_mode0EL9ap_o_mode_230  |   10|   0|   10|          0|
    |p_ZZN5ravel11shared_convIN4nnet5arrayI8ap_fixedILi10ELi5EL9ap_q_mode0EL9ap_o_mode_231  |   10|   0|   10|          0|
    |p_ZZN5ravel11shared_convIN4nnet5arrayI8ap_fixedILi10ELi5EL9ap_q_mode0EL9ap_o_mode_232  |   10|   0|   10|          0|
    |p_ZZN5ravel11shared_convIN4nnet5arrayI8ap_fixedILi10ELi5EL9ap_q_mode0EL9ap_o_mode_233  |   10|   0|   10|          0|
    |p_ZZN5ravel11shared_convIN4nnet5arrayI8ap_fixedILi10ELi5EL9ap_q_mode0EL9ap_o_mode_234  |   10|   0|   10|          0|
    |p_ZZN5ravel11shared_convIN4nnet5arrayI8ap_fixedILi10ELi5EL9ap_q_mode0EL9ap_o_mode_235  |   10|   0|   10|          0|
    |p_ZZN5ravel11shared_convIN4nnet5arrayI8ap_fixedILi10ELi5EL9ap_q_mode0EL9ap_o_mode_236  |   10|   0|   10|          0|
    |p_ZZN5ravel11shared_convIN4nnet5arrayI8ap_fixedILi10ELi5EL9ap_q_mode0EL9ap_o_mode_237  |   10|   0|   10|          0|
    |p_ZZN5ravel11shared_convIN4nnet5arrayI8ap_fixedILi10ELi5EL9ap_q_mode0EL9ap_o_mode_238  |   10|   0|   10|          0|
    |p_ZZN5ravel11shared_convIN4nnet5arrayI8ap_fixedILi10ELi5EL9ap_q_mode0EL9ap_o_mode_239  |   10|   0|   10|          0|
    |p_ZZN5ravel11shared_convIN4nnet5arrayI8ap_fixedILi10ELi5EL9ap_q_mode0EL9ap_o_mode_24   |   10|   0|   10|          0|
    |p_ZZN5ravel11shared_convIN4nnet5arrayI8ap_fixedILi10ELi5EL9ap_q_mode0EL9ap_o_mode_240  |   10|   0|   10|          0|
    |p_ZZN5ravel11shared_convIN4nnet5arrayI8ap_fixedILi10ELi5EL9ap_q_mode0EL9ap_o_mode_241  |   10|   0|   10|          0|
    |p_ZZN5ravel11shared_convIN4nnet5arrayI8ap_fixedILi10ELi5EL9ap_q_mode0EL9ap_o_mode_242  |   10|   0|   10|          0|
    |p_ZZN5ravel11shared_convIN4nnet5arrayI8ap_fixedILi10ELi5EL9ap_q_mode0EL9ap_o_mode_243  |   10|   0|   10|          0|
    |p_ZZN5ravel11shared_convIN4nnet5arrayI8ap_fixedILi10ELi5EL9ap_q_mode0EL9ap_o_mode_244  |   10|   0|   10|          0|
    |p_ZZN5ravel11shared_convIN4nnet5arrayI8ap_fixedILi10ELi5EL9ap_q_mode0EL9ap_o_mode_245  |   10|   0|   10|          0|
    |p_ZZN5ravel11shared_convIN4nnet5arrayI8ap_fixedILi10ELi5EL9ap_q_mode0EL9ap_o_mode_246  |   10|   0|   10|          0|
    |p_ZZN5ravel11shared_convIN4nnet5arrayI8ap_fixedILi10ELi5EL9ap_q_mode0EL9ap_o_mode_247  |   10|   0|   10|          0|
    |p_ZZN5ravel11shared_convIN4nnet5arrayI8ap_fixedILi10ELi5EL9ap_q_mode0EL9ap_o_mode_248  |   10|   0|   10|          0|
    |p_ZZN5ravel11shared_convIN4nnet5arrayI8ap_fixedILi10ELi5EL9ap_q_mode0EL9ap_o_mode_249  |   10|   0|   10|          0|
    |p_ZZN5ravel11shared_convIN4nnet5arrayI8ap_fixedILi10ELi5EL9ap_q_mode0EL9ap_o_mode_25   |   10|   0|   10|          0|
    |p_ZZN5ravel11shared_convIN4nnet5arrayI8ap_fixedILi10ELi5EL9ap_q_mode0EL9ap_o_mode_250  |   10|   0|   10|          0|
    |p_ZZN5ravel11shared_convIN4nnet5arrayI8ap_fixedILi10ELi5EL9ap_q_mode0EL9ap_o_mode_251  |   10|   0|   10|          0|
    |p_ZZN5ravel11shared_convIN4nnet5arrayI8ap_fixedILi10ELi5EL9ap_q_mode0EL9ap_o_mode_252  |   10|   0|   10|          0|
    |p_ZZN5ravel11shared_convIN4nnet5arrayI8ap_fixedILi10ELi5EL9ap_q_mode0EL9ap_o_mode_253  |   10|   0|   10|          0|
    |p_ZZN5ravel11shared_convIN4nnet5arrayI8ap_fixedILi10ELi5EL9ap_q_mode0EL9ap_o_mode_254  |   10|   0|   10|          0|
    |p_ZZN5ravel11shared_convIN4nnet5arrayI8ap_fixedILi10ELi5EL9ap_q_mode0EL9ap_o_mode_255  |   10|   0|   10|          0|
    |p_ZZN5ravel11shared_convIN4nnet5arrayI8ap_fixedILi10ELi5EL9ap_q_mode0EL9ap_o_mode_256  |   10|   0|   10|          0|
    |p_ZZN5ravel11shared_convIN4nnet5arrayI8ap_fixedILi10ELi5EL9ap_q_mode0EL9ap_o_mode_257  |   10|   0|   10|          0|
    |p_ZZN5ravel11shared_convIN4nnet5arrayI8ap_fixedILi10ELi5EL9ap_q_mode0EL9ap_o_mode_258  |   10|   0|   10|          0|
    |p_ZZN5ravel11shared_convIN4nnet5arrayI8ap_fixedILi10ELi5EL9ap_q_mode0EL9ap_o_mode_259  |   10|   0|   10|          0|
    |p_ZZN5ravel11shared_convIN4nnet5arrayI8ap_fixedILi10ELi5EL9ap_q_mode0EL9ap_o_mode_26   |   10|   0|   10|          0|
    |p_ZZN5ravel11shared_convIN4nnet5arrayI8ap_fixedILi10ELi5EL9ap_q_mode0EL9ap_o_mode_260  |   10|   0|   10|          0|
    |p_ZZN5ravel11shared_convIN4nnet5arrayI8ap_fixedILi10ELi5EL9ap_q_mode0EL9ap_o_mode_261  |   10|   0|   10|          0|
    |p_ZZN5ravel11shared_convIN4nnet5arrayI8ap_fixedILi10ELi5EL9ap_q_mode0EL9ap_o_mode_262  |   10|   0|   10|          0|
    |p_ZZN5ravel11shared_convIN4nnet5arrayI8ap_fixedILi10ELi5EL9ap_q_mode0EL9ap_o_mode_263  |   10|   0|   10|          0|
    |p_ZZN5ravel11shared_convIN4nnet5arrayI8ap_fixedILi10ELi5EL9ap_q_mode0EL9ap_o_mode_264  |   10|   0|   10|          0|
    |p_ZZN5ravel11shared_convIN4nnet5arrayI8ap_fixedILi10ELi5EL9ap_q_mode0EL9ap_o_mode_265  |   10|   0|   10|          0|
    |p_ZZN5ravel11shared_convIN4nnet5arrayI8ap_fixedILi10ELi5EL9ap_q_mode0EL9ap_o_mode_266  |   10|   0|   10|          0|
    |p_ZZN5ravel11shared_convIN4nnet5arrayI8ap_fixedILi10ELi5EL9ap_q_mode0EL9ap_o_mode_267  |   10|   0|   10|          0|
    |p_ZZN5ravel11shared_convIN4nnet5arrayI8ap_fixedILi10ELi5EL9ap_q_mode0EL9ap_o_mode_268  |   10|   0|   10|          0|
    |p_ZZN5ravel11shared_convIN4nnet5arrayI8ap_fixedILi10ELi5EL9ap_q_mode0EL9ap_o_mode_269  |   10|   0|   10|          0|
    |p_ZZN5ravel11shared_convIN4nnet5arrayI8ap_fixedILi10ELi5EL9ap_q_mode0EL9ap_o_mode_27   |   10|   0|   10|          0|
    |p_ZZN5ravel11shared_convIN4nnet5arrayI8ap_fixedILi10ELi5EL9ap_q_mode0EL9ap_o_mode_270  |   10|   0|   10|          0|
    |p_ZZN5ravel11shared_convIN4nnet5arrayI8ap_fixedILi10ELi5EL9ap_q_mode0EL9ap_o_mode_271  |   10|   0|   10|          0|
    |p_ZZN5ravel11shared_convIN4nnet5arrayI8ap_fixedILi10ELi5EL9ap_q_mode0EL9ap_o_mode_272  |   10|   0|   10|          0|
    |p_ZZN5ravel11shared_convIN4nnet5arrayI8ap_fixedILi10ELi5EL9ap_q_mode0EL9ap_o_mode_273  |   10|   0|   10|          0|
    |p_ZZN5ravel11shared_convIN4nnet5arrayI8ap_fixedILi10ELi5EL9ap_q_mode0EL9ap_o_mode_274  |   10|   0|   10|          0|
    |p_ZZN5ravel11shared_convIN4nnet5arrayI8ap_fixedILi10ELi5EL9ap_q_mode0EL9ap_o_mode_275  |   10|   0|   10|          0|
    |p_ZZN5ravel11shared_convIN4nnet5arrayI8ap_fixedILi10ELi5EL9ap_q_mode0EL9ap_o_mode_276  |   10|   0|   10|          0|
    |p_ZZN5ravel11shared_convIN4nnet5arrayI8ap_fixedILi10ELi5EL9ap_q_mode0EL9ap_o_mode_277  |   10|   0|   10|          0|
    |p_ZZN5ravel11shared_convIN4nnet5arrayI8ap_fixedILi10ELi5EL9ap_q_mode0EL9ap_o_mode_278  |   10|   0|   10|          0|
    |p_ZZN5ravel11shared_convIN4nnet5arrayI8ap_fixedILi10ELi5EL9ap_q_mode0EL9ap_o_mode_279  |   10|   0|   10|          0|
    |p_ZZN5ravel11shared_convIN4nnet5arrayI8ap_fixedILi10ELi5EL9ap_q_mode0EL9ap_o_mode_28   |   10|   0|   10|          0|
    |p_ZZN5ravel11shared_convIN4nnet5arrayI8ap_fixedILi10ELi5EL9ap_q_mode0EL9ap_o_mode_280  |   10|   0|   10|          0|
    |p_ZZN5ravel11shared_convIN4nnet5arrayI8ap_fixedILi10ELi5EL9ap_q_mode0EL9ap_o_mode_281  |   10|   0|   10|          0|
    |p_ZZN5ravel11shared_convIN4nnet5arrayI8ap_fixedILi10ELi5EL9ap_q_mode0EL9ap_o_mode_282  |   10|   0|   10|          0|
    |p_ZZN5ravel11shared_convIN4nnet5arrayI8ap_fixedILi10ELi5EL9ap_q_mode0EL9ap_o_mode_29   |   10|   0|   10|          0|
    |p_ZZN5ravel11shared_convIN4nnet5arrayI8ap_fixedILi10ELi5EL9ap_q_mode0EL9ap_o_mode_3    |   10|   0|   10|          0|
    |p_ZZN5ravel11shared_convIN4nnet5arrayI8ap_fixedILi10ELi5EL9ap_q_mode0EL9ap_o_mode_30   |   10|   0|   10|          0|
    |p_ZZN5ravel11shared_convIN4nnet5arrayI8ap_fixedILi10ELi5EL9ap_q_mode0EL9ap_o_mode_31   |   10|   0|   10|          0|
    |p_ZZN5ravel11shared_convIN4nnet5arrayI8ap_fixedILi10ELi5EL9ap_q_mode0EL9ap_o_mode_32   |   10|   0|   10|          0|
    |p_ZZN5ravel11shared_convIN4nnet5arrayI8ap_fixedILi10ELi5EL9ap_q_mode0EL9ap_o_mode_33   |   10|   0|   10|          0|
    |p_ZZN5ravel11shared_convIN4nnet5arrayI8ap_fixedILi10ELi5EL9ap_q_mode0EL9ap_o_mode_34   |   10|   0|   10|          0|
    |p_ZZN5ravel11shared_convIN4nnet5arrayI8ap_fixedILi10ELi5EL9ap_q_mode0EL9ap_o_mode_35   |   10|   0|   10|          0|
    |p_ZZN5ravel11shared_convIN4nnet5arrayI8ap_fixedILi10ELi5EL9ap_q_mode0EL9ap_o_mode_36   |   10|   0|   10|          0|
    |p_ZZN5ravel11shared_convIN4nnet5arrayI8ap_fixedILi10ELi5EL9ap_q_mode0EL9ap_o_mode_37   |   10|   0|   10|          0|
    |p_ZZN5ravel11shared_convIN4nnet5arrayI8ap_fixedILi10ELi5EL9ap_q_mode0EL9ap_o_mode_38   |   10|   0|   10|          0|
    |p_ZZN5ravel11shared_convIN4nnet5arrayI8ap_fixedILi10ELi5EL9ap_q_mode0EL9ap_o_mode_39   |   10|   0|   10|          0|
    |p_ZZN5ravel11shared_convIN4nnet5arrayI8ap_fixedILi10ELi5EL9ap_q_mode0EL9ap_o_mode_4    |   10|   0|   10|          0|
    |p_ZZN5ravel11shared_convIN4nnet5arrayI8ap_fixedILi10ELi5EL9ap_q_mode0EL9ap_o_mode_40   |   10|   0|   10|          0|
    |p_ZZN5ravel11shared_convIN4nnet5arrayI8ap_fixedILi10ELi5EL9ap_q_mode0EL9ap_o_mode_41   |   10|   0|   10|          0|
    |p_ZZN5ravel11shared_convIN4nnet5arrayI8ap_fixedILi10ELi5EL9ap_q_mode0EL9ap_o_mode_42   |   10|   0|   10|          0|
    |p_ZZN5ravel11shared_convIN4nnet5arrayI8ap_fixedILi10ELi5EL9ap_q_mode0EL9ap_o_mode_43   |   10|   0|   10|          0|
    |p_ZZN5ravel11shared_convIN4nnet5arrayI8ap_fixedILi10ELi5EL9ap_q_mode0EL9ap_o_mode_44   |   10|   0|   10|          0|
    |p_ZZN5ravel11shared_convIN4nnet5arrayI8ap_fixedILi10ELi5EL9ap_q_mode0EL9ap_o_mode_45   |   10|   0|   10|          0|
    |p_ZZN5ravel11shared_convIN4nnet5arrayI8ap_fixedILi10ELi5EL9ap_q_mode0EL9ap_o_mode_46   |   10|   0|   10|          0|
    |p_ZZN5ravel11shared_convIN4nnet5arrayI8ap_fixedILi10ELi5EL9ap_q_mode0EL9ap_o_mode_47   |   10|   0|   10|          0|
    |p_ZZN5ravel11shared_convIN4nnet5arrayI8ap_fixedILi10ELi5EL9ap_q_mode0EL9ap_o_mode_48   |   10|   0|   10|          0|
    |p_ZZN5ravel11shared_convIN4nnet5arrayI8ap_fixedILi10ELi5EL9ap_q_mode0EL9ap_o_mode_49   |   10|   0|   10|          0|
    |p_ZZN5ravel11shared_convIN4nnet5arrayI8ap_fixedILi10ELi5EL9ap_q_mode0EL9ap_o_mode_5    |   10|   0|   10|          0|
    |p_ZZN5ravel11shared_convIN4nnet5arrayI8ap_fixedILi10ELi5EL9ap_q_mode0EL9ap_o_mode_50   |   10|   0|   10|          0|
    |p_ZZN5ravel11shared_convIN4nnet5arrayI8ap_fixedILi10ELi5EL9ap_q_mode0EL9ap_o_mode_51   |   10|   0|   10|          0|
    |p_ZZN5ravel11shared_convIN4nnet5arrayI8ap_fixedILi10ELi5EL9ap_q_mode0EL9ap_o_mode_52   |   10|   0|   10|          0|
    |p_ZZN5ravel11shared_convIN4nnet5arrayI8ap_fixedILi10ELi5EL9ap_q_mode0EL9ap_o_mode_53   |   10|   0|   10|          0|
    |p_ZZN5ravel11shared_convIN4nnet5arrayI8ap_fixedILi10ELi5EL9ap_q_mode0EL9ap_o_mode_54   |   10|   0|   10|          0|
    |p_ZZN5ravel11shared_convIN4nnet5arrayI8ap_fixedILi10ELi5EL9ap_q_mode0EL9ap_o_mode_55   |   10|   0|   10|          0|
    |p_ZZN5ravel11shared_convIN4nnet5arrayI8ap_fixedILi10ELi5EL9ap_q_mode0EL9ap_o_mode_56   |   10|   0|   10|          0|
    |p_ZZN5ravel11shared_convIN4nnet5arrayI8ap_fixedILi10ELi5EL9ap_q_mode0EL9ap_o_mode_57   |   10|   0|   10|          0|
    |p_ZZN5ravel11shared_convIN4nnet5arrayI8ap_fixedILi10ELi5EL9ap_q_mode0EL9ap_o_mode_58   |   10|   0|   10|          0|
    |p_ZZN5ravel11shared_convIN4nnet5arrayI8ap_fixedILi10ELi5EL9ap_q_mode0EL9ap_o_mode_59   |   10|   0|   10|          0|
    |p_ZZN5ravel11shared_convIN4nnet5arrayI8ap_fixedILi10ELi5EL9ap_q_mode0EL9ap_o_mode_6    |   10|   0|   10|          0|
    |p_ZZN5ravel11shared_convIN4nnet5arrayI8ap_fixedILi10ELi5EL9ap_q_mode0EL9ap_o_mode_60   |   10|   0|   10|          0|
    |p_ZZN5ravel11shared_convIN4nnet5arrayI8ap_fixedILi10ELi5EL9ap_q_mode0EL9ap_o_mode_61   |   10|   0|   10|          0|
    |p_ZZN5ravel11shared_convIN4nnet5arrayI8ap_fixedILi10ELi5EL9ap_q_mode0EL9ap_o_mode_62   |   10|   0|   10|          0|
    |p_ZZN5ravel11shared_convIN4nnet5arrayI8ap_fixedILi10ELi5EL9ap_q_mode0EL9ap_o_mode_63   |   10|   0|   10|          0|
    |p_ZZN5ravel11shared_convIN4nnet5arrayI8ap_fixedILi10ELi5EL9ap_q_mode0EL9ap_o_mode_64   |   10|   0|   10|          0|
    |p_ZZN5ravel11shared_convIN4nnet5arrayI8ap_fixedILi10ELi5EL9ap_q_mode0EL9ap_o_mode_65   |   10|   0|   10|          0|
    |p_ZZN5ravel11shared_convIN4nnet5arrayI8ap_fixedILi10ELi5EL9ap_q_mode0EL9ap_o_mode_66   |   10|   0|   10|          0|
    |p_ZZN5ravel11shared_convIN4nnet5arrayI8ap_fixedILi10ELi5EL9ap_q_mode0EL9ap_o_mode_67   |   10|   0|   10|          0|
    |p_ZZN5ravel11shared_convIN4nnet5arrayI8ap_fixedILi10ELi5EL9ap_q_mode0EL9ap_o_mode_68   |   10|   0|   10|          0|
    |p_ZZN5ravel11shared_convIN4nnet5arrayI8ap_fixedILi10ELi5EL9ap_q_mode0EL9ap_o_mode_69   |   10|   0|   10|          0|
    |p_ZZN5ravel11shared_convIN4nnet5arrayI8ap_fixedILi10ELi5EL9ap_q_mode0EL9ap_o_mode_7    |   10|   0|   10|          0|
    |p_ZZN5ravel11shared_convIN4nnet5arrayI8ap_fixedILi10ELi5EL9ap_q_mode0EL9ap_o_mode_70   |   10|   0|   10|          0|
    |p_ZZN5ravel11shared_convIN4nnet5arrayI8ap_fixedILi10ELi5EL9ap_q_mode0EL9ap_o_mode_71   |   10|   0|   10|          0|
    |p_ZZN5ravel11shared_convIN4nnet5arrayI8ap_fixedILi10ELi5EL9ap_q_mode0EL9ap_o_mode_72   |   10|   0|   10|          0|
    |p_ZZN5ravel11shared_convIN4nnet5arrayI8ap_fixedILi10ELi5EL9ap_q_mode0EL9ap_o_mode_73   |   10|   0|   10|          0|
    |p_ZZN5ravel11shared_convIN4nnet5arrayI8ap_fixedILi10ELi5EL9ap_q_mode0EL9ap_o_mode_74   |   10|   0|   10|          0|
    |p_ZZN5ravel11shared_convIN4nnet5arrayI8ap_fixedILi10ELi5EL9ap_q_mode0EL9ap_o_mode_75   |   10|   0|   10|          0|
    |p_ZZN5ravel11shared_convIN4nnet5arrayI8ap_fixedILi10ELi5EL9ap_q_mode0EL9ap_o_mode_76   |   10|   0|   10|          0|
    |p_ZZN5ravel11shared_convIN4nnet5arrayI8ap_fixedILi10ELi5EL9ap_q_mode0EL9ap_o_mode_77   |   10|   0|   10|          0|
    |p_ZZN5ravel11shared_convIN4nnet5arrayI8ap_fixedILi10ELi5EL9ap_q_mode0EL9ap_o_mode_78   |   10|   0|   10|          0|
    |p_ZZN5ravel11shared_convIN4nnet5arrayI8ap_fixedILi10ELi5EL9ap_q_mode0EL9ap_o_mode_79   |   10|   0|   10|          0|
    |p_ZZN5ravel11shared_convIN4nnet5arrayI8ap_fixedILi10ELi5EL9ap_q_mode0EL9ap_o_mode_8    |   10|   0|   10|          0|
    |p_ZZN5ravel11shared_convIN4nnet5arrayI8ap_fixedILi10ELi5EL9ap_q_mode0EL9ap_o_mode_80   |   10|   0|   10|          0|
    |p_ZZN5ravel11shared_convIN4nnet5arrayI8ap_fixedILi10ELi5EL9ap_q_mode0EL9ap_o_mode_81   |   10|   0|   10|          0|
    |p_ZZN5ravel11shared_convIN4nnet5arrayI8ap_fixedILi10ELi5EL9ap_q_mode0EL9ap_o_mode_82   |   10|   0|   10|          0|
    |p_ZZN5ravel11shared_convIN4nnet5arrayI8ap_fixedILi10ELi5EL9ap_q_mode0EL9ap_o_mode_83   |   10|   0|   10|          0|
    |p_ZZN5ravel11shared_convIN4nnet5arrayI8ap_fixedILi10ELi5EL9ap_q_mode0EL9ap_o_mode_84   |   10|   0|   10|          0|
    |p_ZZN5ravel11shared_convIN4nnet5arrayI8ap_fixedILi10ELi5EL9ap_q_mode0EL9ap_o_mode_85   |   10|   0|   10|          0|
    |p_ZZN5ravel11shared_convIN4nnet5arrayI8ap_fixedILi10ELi5EL9ap_q_mode0EL9ap_o_mode_86   |   10|   0|   10|          0|
    |p_ZZN5ravel11shared_convIN4nnet5arrayI8ap_fixedILi10ELi5EL9ap_q_mode0EL9ap_o_mode_87   |   10|   0|   10|          0|
    |p_ZZN5ravel11shared_convIN4nnet5arrayI8ap_fixedILi10ELi5EL9ap_q_mode0EL9ap_o_mode_88   |   10|   0|   10|          0|
    |p_ZZN5ravel11shared_convIN4nnet5arrayI8ap_fixedILi10ELi5EL9ap_q_mode0EL9ap_o_mode_89   |   10|   0|   10|          0|
    |p_ZZN5ravel11shared_convIN4nnet5arrayI8ap_fixedILi10ELi5EL9ap_q_mode0EL9ap_o_mode_9    |   10|   0|   10|          0|
    |p_ZZN5ravel11shared_convIN4nnet5arrayI8ap_fixedILi10ELi5EL9ap_q_mode0EL9ap_o_mode_90   |   10|   0|   10|          0|
    |p_ZZN5ravel11shared_convIN4nnet5arrayI8ap_fixedILi10ELi5EL9ap_q_mode0EL9ap_o_mode_91   |   10|   0|   10|          0|
    |p_ZZN5ravel11shared_convIN4nnet5arrayI8ap_fixedILi10ELi5EL9ap_q_mode0EL9ap_o_mode_92   |   10|   0|   10|          0|
    |p_ZZN5ravel11shared_convIN4nnet5arrayI8ap_fixedILi10ELi5EL9ap_q_mode0EL9ap_o_mode_93   |   10|   0|   10|          0|
    |p_ZZN5ravel11shared_convIN4nnet5arrayI8ap_fixedILi10ELi5EL9ap_q_mode0EL9ap_o_mode_94   |   10|   0|   10|          0|
    |p_ZZN5ravel11shared_convIN4nnet5arrayI8ap_fixedILi10ELi5EL9ap_q_mode0EL9ap_o_mode_95   |   10|   0|   10|          0|
    |p_ZZN5ravel11shared_convIN4nnet5arrayI8ap_fixedILi10ELi5EL9ap_q_mode0EL9ap_o_mode_96   |   10|   0|   10|          0|
    |p_ZZN5ravel11shared_convIN4nnet5arrayI8ap_fixedILi10ELi5EL9ap_q_mode0EL9ap_o_mode_97   |   10|   0|   10|          0|
    |p_ZZN5ravel11shared_convIN4nnet5arrayI8ap_fixedILi10ELi5EL9ap_q_mode0EL9ap_o_mode_98   |   10|   0|   10|          0|
    |p_ZZN5ravel11shared_convIN4nnet5arrayI8ap_fixedILi10ELi5EL9ap_q_mode0EL9ap_o_mode_99   |   10|   0|   10|          0|
    |phase_fu_658                                                                           |   32|   0|   32|          0|
    |ready_reg_24339                                                                        |    1|   0|    1|          0|
    |reuse_phase_fu_654                                                                     |   32|   0|   32|          0|
    |row_fu_662                                                                             |   32|   0|   32|          0|
    |sext_ln188_2_reg_24990                                                                 |   11|   0|   13|          2|
    |sext_ln188_5_reg_25584                                                                 |   11|   0|   13|          2|
    |sext_ln194_3_reg_25594                                                                 |   11|   0|   11|          0|
    |sext_ln194_3_reg_25594_pp0_iter3_reg                                                   |   11|   0|   11|          0|
    |sext_ln194_reg_25000                                                                   |   11|   0|   11|          0|
    |sext_ln194_reg_25000_pp0_iter3_reg                                                     |   11|   0|   11|          0|
    |sext_ln198_4_reg_25010                                                                 |   11|   0|   12|          1|
    |sext_ln198_4_reg_25010_pp0_iter3_reg                                                   |   11|   0|   12|          1|
    |sext_ln198_9_reg_25604                                                                 |   11|   0|   12|          1|
    |sext_ln198_9_reg_25604_pp0_iter3_reg                                                   |   11|   0|   12|          1|
    |sext_ln199_5_reg_25609                                                                 |   13|   0|   13|          0|
    |sext_ln199_reg_25015                                                                   |   13|   0|   13|          0|
    |sext_ln204_1_reg_25772                                                                 |   16|   0|   16|          0|
    |sext_ln204_3_reg_25777                                                                 |   11|   0|   13|          2|
    |sext_ln204_6_reg_26114                                                                 |   16|   0|   16|          0|
    |sext_ln204_8_reg_26119                                                                 |   11|   0|   13|          2|
    |sext_ln212_1_reg_25782                                                                 |   11|   0|   11|          0|
    |sext_ln212_5_reg_26124                                                                 |   11|   0|   11|          0|
    |sext_ln222_13_reg_26162                                                                |   11|   0|   13|          2|
    |sext_ln222_1_reg_25808                                                                 |   11|   0|   11|          0|
    |sext_ln222_6_reg_25819                                                                 |   11|   0|   13|          2|
    |sext_ln222_7_reg_26145                                                                 |   15|   0|   15|          0|
    |sext_ln222_8_reg_26150                                                                 |   11|   0|   11|          0|
    |sext_ln222_reg_25803                                                                   |   15|   0|   15|          0|
    |sext_ln229_10_reg_26167                                                                |   13|   0|   13|          0|
    |sext_ln229_3_reg_25824                                                                 |   13|   0|   13|          0|
    |sext_ln233_16_reg_26708                                                                |   17|   0|   17|          0|
    |sext_ln233_5_reg_26424                                                                 |   17|   0|   17|          0|
    |sext_ln235_12_reg_26713                                                                |   15|   0|   17|          2|
    |sext_ln235_5_reg_26429                                                                 |   15|   0|   17|          2|
    |sext_ln247_1_reg_26444                                                                 |   13|   0|   13|          0|
    |sext_ln247_5_reg_26728                                                                 |   13|   0|   13|          0|
    |sext_ln260_1_reg_25031                                                                 |   11|   0|   12|          1|
    |sext_ln260_2_reg_25620                                                                 |   11|   0|   11|          0|
    |sext_ln260_3_reg_25625                                                                 |   11|   0|   12|          1|
    |sext_ln260_reg_25026                                                                   |   11|   0|   11|          0|
    |sext_ln263_1_reg_25036                                                                 |   11|   0|   11|          0|
    |sext_ln263_5_reg_25630                                                                 |   11|   0|   11|          0|
    |sext_ln275_1_reg_25840                                                                 |   11|   0|   11|          0|
    |sext_ln275_4_reg_25846                                                                 |   12|   0|   14|          2|
    |sext_ln275_5_reg_26178                                                                 |   11|   0|   11|          0|
    |sext_ln275_5_reg_26178_pp0_iter4_reg                                                   |   11|   0|   11|          0|
    |sext_ln275_6_reg_26183                                                                 |   11|   0|   11|          0|
    |sext_ln275_9_reg_26189                                                                 |   12|   0|   14|          2|
    |sext_ln275_reg_25835                                                                   |   11|   0|   11|          0|
    |sext_ln275_reg_25835_pp0_iter4_reg                                                     |   11|   0|   11|          0|
    |sext_ln286_4_reg_26739                                                                 |   11|   0|   11|          0|
    |sext_ln286_reg_26455                                                                   |   11|   0|   11|          0|
    |sext_ln289_2_reg_26205                                                                 |   11|   0|   12|          1|
    |sext_ln304_2_reg_26460                                                                 |   11|   0|   13|          2|
    |sext_ln304_5_reg_26744                                                                 |   11|   0|   13|          2|
    |sext_ln316_4_reg_27154                                                                 |   17|   0|   17|          0|
    |sext_ln316_reg_27002                                                                   |   17|   0|   17|          0|
    |sext_ln344_1_reg_26475                                                                 |   12|   0|   14|          2|
    |sext_ln344_3_reg_26759                                                                 |   12|   0|   14|          2|
    |sext_ln360_4_reg_25647                                                                 |   11|   0|   11|          0|
    |sext_ln360_reg_25053                                                                   |   11|   0|   11|          0|
    |sext_ln386_1_reg_26237                                                                 |   11|   0|   12|          1|
    |sext_ln386_reg_25889                                                                   |   11|   0|   12|          1|
    |sext_ln389_1_reg_26764                                                                 |   16|   0|   17|          1|
    |sext_ln389_reg_26480                                                                   |   16|   0|   17|          1|
    |sext_ln405_1_reg_25658                                                                 |   11|   0|   13|          2|
    |sext_ln405_1_reg_25658_pp0_iter3_reg                                                   |   11|   0|   13|          2|
    |sext_ln405_reg_25064                                                                   |   11|   0|   13|          2|
    |sext_ln405_reg_25064_pp0_iter3_reg                                                     |   11|   0|   13|          2|
    |sext_ln409_1_reg_25663                                                                 |   11|   0|   12|          1|
    |sext_ln409_reg_25069                                                                   |   11|   0|   12|          1|
    |sext_ln451_1_reg_25669                                                                 |   14|   0|   14|          0|
    |sext_ln451_reg_25075                                                                   |   14|   0|   14|          0|
    |sext_ln591_1_reg_25684                                                                 |   13|   0|   13|          0|
    |sext_ln591_reg_25090                                                                   |   13|   0|   13|          0|
    |start_once_reg                                                                         |    1|   0|    1|          0|
    |step_fu_650                                                                            |    6|   0|    6|          0|
    |tmp239640_reg_27053                                                                    |   12|   0|   12|          0|
    |tmp240638_reg_26673                                                                    |   11|   0|   11|          0|
    |tmp241336_reg_26698                                                                    |   12|   0|   12|          0|
    |tmp241336_reg_26698_pp0_iter5_reg                                                      |   12|   0|   12|          0|
    |tmp244434_reg_27205                                                                    |   12|   0|   12|          0|
    |tmp245432_reg_26957                                                                    |   11|   0|   11|          0|
    |tmp246130_reg_26982                                                                    |   12|   0|   12|          0|
    |tmp246130_reg_26982_pp0_iter5_reg                                                      |   12|   0|   12|          0|
    |window_100_fu_1066                                                                     |   10|   0|   10|          0|
    |window_101_fu_1070                                                                     |   10|   0|   10|          0|
    |window_102_fu_1074                                                                     |   10|   0|   10|          0|
    |window_103_fu_1078                                                                     |   10|   0|   10|          0|
    |window_104_fu_1082                                                                     |   10|   0|   10|          0|
    |window_105_fu_1086                                                                     |   10|   0|   10|          0|
    |window_106_fu_1090                                                                     |   10|   0|   10|          0|
    |window_107_fu_1094                                                                     |   10|   0|   10|          0|
    |window_108_fu_1098                                                                     |   10|   0|   10|          0|
    |window_109_fu_1102                                                                     |   10|   0|   10|          0|
    |window_10_fu_706                                                                       |   10|   0|   10|          0|
    |window_110_fu_1106                                                                     |   10|   0|   10|          0|
    |window_111_fu_1110                                                                     |   10|   0|   10|          0|
    |window_112_fu_1114                                                                     |   10|   0|   10|          0|
    |window_113_fu_1118                                                                     |   10|   0|   10|          0|
    |window_114_fu_1122                                                                     |   10|   0|   10|          0|
    |window_115_fu_1126                                                                     |   10|   0|   10|          0|
    |window_116_fu_1130                                                                     |   10|   0|   10|          0|
    |window_117_fu_1134                                                                     |   10|   0|   10|          0|
    |window_118_fu_1138                                                                     |   10|   0|   10|          0|
    |window_119_fu_1142                                                                     |   10|   0|   10|          0|
    |window_11_fu_710                                                                       |   10|   0|   10|          0|
    |window_120_fu_1146                                                                     |   10|   0|   10|          0|
    |window_121_fu_1150                                                                     |   10|   0|   10|          0|
    |window_122_fu_1154                                                                     |   10|   0|   10|          0|
    |window_123_fu_1158                                                                     |   10|   0|   10|          0|
    |window_124_fu_1162                                                                     |   10|   0|   10|          0|
    |window_125_fu_1166                                                                     |   10|   0|   10|          0|
    |window_126_fu_1170                                                                     |   10|   0|   10|          0|
    |window_127_fu_1174                                                                     |   10|   0|   10|          0|
    |window_128_fu_1178                                                                     |   10|   0|   10|          0|
    |window_129_fu_1182                                                                     |   10|   0|   10|          0|
    |window_12_fu_714                                                                       |   10|   0|   10|          0|
    |window_130_fu_1186                                                                     |   10|   0|   10|          0|
    |window_131_fu_1190                                                                     |   10|   0|   10|          0|
    |window_132_fu_1194                                                                     |   10|   0|   10|          0|
    |window_133_fu_1198                                                                     |   10|   0|   10|          0|
    |window_134_fu_1202                                                                     |   10|   0|   10|          0|
    |window_135_fu_1206                                                                     |   10|   0|   10|          0|
    |window_136_fu_1210                                                                     |   10|   0|   10|          0|
    |window_137_fu_1214                                                                     |   10|   0|   10|          0|
    |window_138_fu_1218                                                                     |   10|   0|   10|          0|
    |window_139_fu_1222                                                                     |   10|   0|   10|          0|
    |window_13_fu_718                                                                       |   10|   0|   10|          0|
    |window_140_fu_1226                                                                     |   10|   0|   10|          0|
    |window_141_fu_1230                                                                     |   10|   0|   10|          0|
    |window_142_fu_1234                                                                     |   10|   0|   10|          0|
    |window_143_fu_1238                                                                     |   10|   0|   10|          0|
    |window_144_fu_1242                                                                     |   10|   0|   10|          0|
    |window_145_fu_1246                                                                     |   10|   0|   10|          0|
    |window_146_fu_1250                                                                     |   10|   0|   10|          0|
    |window_147_fu_1254                                                                     |   10|   0|   10|          0|
    |window_148_fu_1258                                                                     |   10|   0|   10|          0|
    |window_149_fu_1262                                                                     |   10|   0|   10|          0|
    |window_14_fu_722                                                                       |   10|   0|   10|          0|
    |window_150_fu_1266                                                                     |   10|   0|   10|          0|
    |window_151_fu_1270                                                                     |   10|   0|   10|          0|
    |window_152_fu_1274                                                                     |   10|   0|   10|          0|
    |window_153_fu_1278                                                                     |   10|   0|   10|          0|
    |window_154_fu_1282                                                                     |   10|   0|   10|          0|
    |window_155_fu_1286                                                                     |   10|   0|   10|          0|
    |window_156_fu_1290                                                                     |   10|   0|   10|          0|
    |window_157_fu_1294                                                                     |   10|   0|   10|          0|
    |window_158_fu_1298                                                                     |   10|   0|   10|          0|
    |window_159_fu_1302                                                                     |   10|   0|   10|          0|
    |window_15_fu_726                                                                       |   10|   0|   10|          0|
    |window_160_fu_1306                                                                     |   10|   0|   10|          0|
    |window_161_fu_1310                                                                     |   10|   0|   10|          0|
    |window_162_fu_1314                                                                     |   10|   0|   10|          0|
    |window_163_fu_1318                                                                     |   10|   0|   10|          0|
    |window_164_fu_1322                                                                     |   10|   0|   10|          0|
    |window_165_fu_1326                                                                     |   10|   0|   10|          0|
    |window_166_fu_1330                                                                     |   10|   0|   10|          0|
    |window_167_fu_1334                                                                     |   10|   0|   10|          0|
    |window_168_fu_1338                                                                     |   10|   0|   10|          0|
    |window_169_fu_1342                                                                     |   10|   0|   10|          0|
    |window_16_fu_730                                                                       |   10|   0|   10|          0|
    |window_170_fu_1346                                                                     |   10|   0|   10|          0|
    |window_171_fu_1350                                                                     |   10|   0|   10|          0|
    |window_172_fu_1354                                                                     |   10|   0|   10|          0|
    |window_173_fu_1358                                                                     |   10|   0|   10|          0|
    |window_174_fu_1362                                                                     |   10|   0|   10|          0|
    |window_175_fu_1366                                                                     |   10|   0|   10|          0|
    |window_176_fu_1370                                                                     |   10|   0|   10|          0|
    |window_177_fu_1374                                                                     |   10|   0|   10|          0|
    |window_178_fu_1378                                                                     |   10|   0|   10|          0|
    |window_179_fu_1382                                                                     |   10|   0|   10|          0|
    |window_17_fu_734                                                                       |   10|   0|   10|          0|
    |window_180_fu_1386                                                                     |   10|   0|   10|          0|
    |window_181_fu_1390                                                                     |   10|   0|   10|          0|
    |window_182_fu_1394                                                                     |   10|   0|   10|          0|
    |window_183_fu_1398                                                                     |   10|   0|   10|          0|
    |window_184_fu_1402                                                                     |   10|   0|   10|          0|
    |window_185_fu_1406                                                                     |   10|   0|   10|          0|
    |window_186_fu_1410                                                                     |   10|   0|   10|          0|
    |window_187_fu_1414                                                                     |   10|   0|   10|          0|
    |window_188_fu_1418                                                                     |   10|   0|   10|          0|
    |window_189_fu_1422                                                                     |   10|   0|   10|          0|
    |window_18_fu_738                                                                       |   10|   0|   10|          0|
    |window_190_fu_1426                                                                     |   10|   0|   10|          0|
    |window_191_fu_1430                                                                     |   10|   0|   10|          0|
    |window_192_fu_1434                                                                     |   10|   0|   10|          0|
    |window_193_fu_1438                                                                     |   10|   0|   10|          0|
    |window_194_fu_1442                                                                     |   10|   0|   10|          0|
    |window_195_fu_1446                                                                     |   10|   0|   10|          0|
    |window_196_fu_1450                                                                     |   10|   0|   10|          0|
    |window_197_fu_1454                                                                     |   10|   0|   10|          0|
    |window_198_fu_1458                                                                     |   10|   0|   10|          0|
    |window_199_fu_1462                                                                     |   10|   0|   10|          0|
    |window_19_fu_742                                                                       |   10|   0|   10|          0|
    |window_1_fu_670                                                                        |   10|   0|   10|          0|
    |window_200_fu_1466                                                                     |   10|   0|   10|          0|
    |window_201_fu_1470                                                                     |   10|   0|   10|          0|
    |window_202_fu_1474                                                                     |   10|   0|   10|          0|
    |window_203_fu_1478                                                                     |   10|   0|   10|          0|
    |window_204_fu_1482                                                                     |   10|   0|   10|          0|
    |window_205_fu_1486                                                                     |   10|   0|   10|          0|
    |window_206_fu_1490                                                                     |   10|   0|   10|          0|
    |window_207_fu_1494                                                                     |   10|   0|   10|          0|
    |window_208_fu_1498                                                                     |   10|   0|   10|          0|
    |window_209_fu_1502                                                                     |   10|   0|   10|          0|
    |window_20_fu_746                                                                       |   10|   0|   10|          0|
    |window_210_fu_1506                                                                     |   10|   0|   10|          0|
    |window_211_fu_1510                                                                     |   10|   0|   10|          0|
    |window_212_fu_1514                                                                     |   10|   0|   10|          0|
    |window_213_fu_1518                                                                     |   10|   0|   10|          0|
    |window_214_fu_1522                                                                     |   10|   0|   10|          0|
    |window_215_fu_1526                                                                     |   10|   0|   10|          0|
    |window_216_fu_1530                                                                     |   10|   0|   10|          0|
    |window_217_fu_1534                                                                     |   10|   0|   10|          0|
    |window_218_fu_1538                                                                     |   10|   0|   10|          0|
    |window_219_fu_1542                                                                     |   10|   0|   10|          0|
    |window_21_fu_750                                                                       |   10|   0|   10|          0|
    |window_220_fu_1546                                                                     |   10|   0|   10|          0|
    |window_221_fu_1550                                                                     |   10|   0|   10|          0|
    |window_222_fu_1554                                                                     |   10|   0|   10|          0|
    |window_223_fu_1558                                                                     |   10|   0|   10|          0|
    |window_224_fu_1562                                                                     |   10|   0|   10|          0|
    |window_225_fu_1566                                                                     |   10|   0|   10|          0|
    |window_226_fu_1570                                                                     |   10|   0|   10|          0|
    |window_227_fu_1574                                                                     |   10|   0|   10|          0|
    |window_228_fu_1578                                                                     |   10|   0|   10|          0|
    |window_229_fu_1582                                                                     |   10|   0|   10|          0|
    |window_22_fu_754                                                                       |   10|   0|   10|          0|
    |window_230_fu_1586                                                                     |   10|   0|   10|          0|
    |window_231_fu_1590                                                                     |   10|   0|   10|          0|
    |window_232_fu_1594                                                                     |   10|   0|   10|          0|
    |window_233_fu_1598                                                                     |   10|   0|   10|          0|
    |window_234_fu_1602                                                                     |   10|   0|   10|          0|
    |window_235_fu_1606                                                                     |   10|   0|   10|          0|
    |window_236_fu_1610                                                                     |   10|   0|   10|          0|
    |window_237_fu_1614                                                                     |   10|   0|   10|          0|
    |window_238_fu_1618                                                                     |   10|   0|   10|          0|
    |window_239_fu_1622                                                                     |   10|   0|   10|          0|
    |window_23_fu_758                                                                       |   10|   0|   10|          0|
    |window_24_fu_762                                                                       |   10|   0|   10|          0|
    |window_250_reg_24527                                                                   |   10|   0|   10|          0|
    |window_25_fu_766                                                                       |   10|   0|   10|          0|
    |window_262_reg_24533                                                                   |   10|   0|   10|          0|
    |window_26_fu_770                                                                       |   10|   0|   10|          0|
    |window_274_reg_24539                                                                   |   10|   0|   10|          0|
    |window_27_fu_774                                                                       |   10|   0|   10|          0|
    |window_286_reg_24545                                                                   |   10|   0|   10|          0|
    |window_28_fu_778                                                                       |   10|   0|   10|          0|
    |window_29_fu_782                                                                       |   10|   0|   10|          0|
    |window_2_fu_674                                                                        |   10|   0|   10|          0|
    |window_30_fu_786                                                                       |   10|   0|   10|          0|
    |window_31_fu_790                                                                       |   10|   0|   10|          0|
    |window_32_fu_794                                                                       |   10|   0|   10|          0|
    |window_33_fu_798                                                                       |   10|   0|   10|          0|
    |window_34_fu_802                                                                       |   10|   0|   10|          0|
    |window_35_fu_806                                                                       |   10|   0|   10|          0|
    |window_36_fu_810                                                                       |   10|   0|   10|          0|
    |window_37_fu_814                                                                       |   10|   0|   10|          0|
    |window_38_fu_818                                                                       |   10|   0|   10|          0|
    |window_39_fu_822                                                                       |   10|   0|   10|          0|
    |window_3_fu_678                                                                        |   10|   0|   10|          0|
    |window_40_fu_826                                                                       |   10|   0|   10|          0|
    |window_41_fu_830                                                                       |   10|   0|   10|          0|
    |window_42_fu_834                                                                       |   10|   0|   10|          0|
    |window_43_fu_838                                                                       |   10|   0|   10|          0|
    |window_44_fu_842                                                                       |   10|   0|   10|          0|
    |window_45_fu_846                                                                       |   10|   0|   10|          0|
    |window_46_fu_850                                                                       |   10|   0|   10|          0|
    |window_47_fu_854                                                                       |   10|   0|   10|          0|
    |window_48_fu_858                                                                       |   10|   0|   10|          0|
    |window_49_fu_862                                                                       |   10|   0|   10|          0|
    |window_4_fu_682                                                                        |   10|   0|   10|          0|
    |window_50_fu_866                                                                       |   10|   0|   10|          0|
    |window_51_fu_870                                                                       |   10|   0|   10|          0|
    |window_52_fu_874                                                                       |   10|   0|   10|          0|
    |window_53_fu_878                                                                       |   10|   0|   10|          0|
    |window_54_fu_882                                                                       |   10|   0|   10|          0|
    |window_55_fu_886                                                                       |   10|   0|   10|          0|
    |window_56_fu_890                                                                       |   10|   0|   10|          0|
    |window_57_fu_894                                                                       |   10|   0|   10|          0|
    |window_58_fu_898                                                                       |   10|   0|   10|          0|
    |window_59_fu_902                                                                       |   10|   0|   10|          0|
    |window_5_fu_686                                                                        |   10|   0|   10|          0|
    |window_60_fu_906                                                                       |   10|   0|   10|          0|
    |window_61_fu_910                                                                       |   10|   0|   10|          0|
    |window_62_fu_914                                                                       |   10|   0|   10|          0|
    |window_63_fu_918                                                                       |   10|   0|   10|          0|
    |window_64_fu_922                                                                       |   10|   0|   10|          0|
    |window_65_fu_926                                                                       |   10|   0|   10|          0|
    |window_66_fu_930                                                                       |   10|   0|   10|          0|
    |window_67_fu_934                                                                       |   10|   0|   10|          0|
    |window_68_fu_938                                                                       |   10|   0|   10|          0|
    |window_69_fu_942                                                                       |   10|   0|   10|          0|
    |window_6_fu_690                                                                        |   10|   0|   10|          0|
    |window_70_fu_946                                                                       |   10|   0|   10|          0|
    |window_71_fu_950                                                                       |   10|   0|   10|          0|
    |window_72_fu_954                                                                       |   10|   0|   10|          0|
    |window_73_fu_958                                                                       |   10|   0|   10|          0|
    |window_74_fu_962                                                                       |   10|   0|   10|          0|
    |window_75_fu_966                                                                       |   10|   0|   10|          0|
    |window_76_fu_970                                                                       |   10|   0|   10|          0|
    |window_77_fu_974                                                                       |   10|   0|   10|          0|
    |window_78_fu_978                                                                       |   10|   0|   10|          0|
    |window_79_fu_982                                                                       |   10|   0|   10|          0|
    |window_7_fu_694                                                                        |   10|   0|   10|          0|
    |window_80_fu_986                                                                       |   10|   0|   10|          0|
    |window_81_fu_990                                                                       |   10|   0|   10|          0|
    |window_82_fu_994                                                                       |   10|   0|   10|          0|
    |window_83_fu_998                                                                       |   10|   0|   10|          0|
    |window_84_fu_1002                                                                      |   10|   0|   10|          0|
    |window_85_fu_1006                                                                      |   10|   0|   10|          0|
    |window_86_fu_1010                                                                      |   10|   0|   10|          0|
    |window_87_fu_1014                                                                      |   10|   0|   10|          0|
    |window_88_fu_1018                                                                      |   10|   0|   10|          0|
    |window_89_fu_1022                                                                      |   10|   0|   10|          0|
    |window_8_fu_698                                                                        |   10|   0|   10|          0|
    |window_90_fu_1026                                                                      |   10|   0|   10|          0|
    |window_91_fu_1030                                                                      |   10|   0|   10|          0|
    |window_92_fu_1034                                                                      |   10|   0|   10|          0|
    |window_93_fu_1038                                                                      |   10|   0|   10|          0|
    |window_94_fu_1042                                                                      |   10|   0|   10|          0|
    |window_95_fu_1046                                                                      |   10|   0|   10|          0|
    |window_96_fu_1050                                                                      |   10|   0|   10|          0|
    |window_97_fu_1054                                                                      |   10|   0|   10|          0|
    |window_98_fu_1058                                                                      |   10|   0|   10|          0|
    |window_99_fu_1062                                                                      |   10|   0|   10|          0|
    |window_9_fu_702                                                                        |   10|   0|   10|          0|
    |window_fu_666                                                                          |   10|   0|   10|          0|
    |x0_raw_1_reg_25145                                                                     |   10|   0|   10|          0|
    |x0_raw_1_reg_25145_pp0_iter3_reg                                                       |   10|   0|   10|          0|
    |x0_raw_reg_24551                                                                       |   10|   0|   10|          0|
    |x0_raw_reg_24551_pp0_iter3_reg                                                         |   10|   0|   10|          0|
    |x10_raw_1_reg_25181                                                                    |   10|   0|   10|          0|
    |x10_raw_reg_24587                                                                      |   10|   0|   10|          0|
    |x10_shift1_1_reg_25614                                                                 |   10|   0|   11|          1|
    |x10_shift1_reg_25020                                                                   |   10|   0|   11|          1|
    |x12_raw_1_reg_25188                                                                    |   10|   0|   10|          0|
    |x12_raw_1_reg_25188_pp0_iter3_reg                                                      |   10|   0|   10|          0|
    |x12_raw_reg_24594                                                                      |   10|   0|   10|          0|
    |x12_raw_reg_24594_pp0_iter3_reg                                                        |   10|   0|   10|          0|
    |x13_raw_1_reg_25198                                                                    |   10|   0|   10|          0|
    |x13_raw_reg_24604                                                                      |   10|   0|   10|          0|
    |x14_raw_1_reg_25207                                                                    |   10|   0|   10|          0|
    |x14_raw_reg_24613                                                                      |   10|   0|   10|          0|
    |x14_shift1_1_reg_25641                                                                 |   10|   0|   11|          1|
    |x14_shift1_1_reg_25641_pp0_iter3_reg                                                   |   10|   0|   11|          1|
    |x14_shift1_reg_25047                                                                   |   10|   0|   11|          1|
    |x14_shift1_reg_25047_pp0_iter3_reg                                                     |   10|   0|   11|          1|
    |x15_raw_1_reg_25213                                                                    |   10|   0|   10|          0|
    |x15_raw_reg_24619                                                                      |   10|   0|   10|          0|
    |x16_raw_1_reg_25219                                                                    |   10|   0|   10|          0|
    |x16_raw_reg_24625                                                                      |   10|   0|   10|          0|
    |x17_raw_1_reg_25227                                                                    |   10|   0|   10|          0|
    |x17_raw_1_reg_25227_pp0_iter3_reg                                                      |   10|   0|   10|          0|
    |x17_raw_reg_24633                                                                      |   10|   0|   10|          0|
    |x17_raw_reg_24633_pp0_iter3_reg                                                        |   10|   0|   10|          0|
    |x18_raw_1_reg_25234                                                                    |   10|   0|   10|          0|
    |x18_raw_reg_24640                                                                      |   10|   0|   10|          0|
    |x19_c_3_negative1_2_reg_26678                                                          |   16|   0|   16|          0|
    |x19_c_3_negative1_reg_26962                                                            |   16|   0|   16|          0|
    |x19_raw_1_reg_25242                                                                    |   10|   0|   10|          0|
    |x19_raw_reg_24648                                                                      |   10|   0|   10|          0|
    |x20_raw_1_reg_25251                                                                    |   10|   0|   10|          0|
    |x20_raw_reg_24657                                                                      |   10|   0|   10|          0|
    |x20_shift1_1_reg_26194                                                                 |   10|   0|   11|          1|
    |x20_shift1_1_reg_26194_pp0_iter4_reg                                                   |   10|   0|   11|          1|
    |x20_shift1_reg_25851                                                                   |   10|   0|   11|          1|
    |x20_shift1_reg_25851_pp0_iter4_reg                                                     |   10|   0|   11|          1|
    |x21_raw_1_reg_24667                                                                    |   10|   0|   10|          0|
    |x21_reg_25261                                                                          |   10|   0|   10|          0|
    |x22_raw_1_reg_25269                                                                    |   10|   0|   10|          0|
    |x22_raw_1_reg_25269_pp0_iter3_reg                                                      |   10|   0|   10|          0|
    |x22_raw_reg_24675                                                                      |   10|   0|   10|          0|
    |x22_raw_reg_24675_pp0_iter3_reg                                                        |   10|   0|   10|          0|
    |x23_c_3_negative1_2_reg_25981                                                          |   16|   0|   16|          0|
    |x23_c_3_negative1_reg_26329                                                            |   16|   0|   16|          0|
    |x23_raw_1_reg_26081                                                                    |   10|   0|   10|          0|
    |x23_raw_reg_25739                                                                      |   10|   0|   10|          0|
    |x24_c3_negative1_1_reg_26242                                                           |   13|   0|   13|          0|
    |x24_c3_negative1_reg_25894                                                             |   13|   0|   13|          0|
    |x24_raw_1_reg_25279                                                                    |   10|   0|   10|          0|
    |x24_raw_1_reg_25279_pp0_iter3_reg                                                      |   10|   0|   10|          0|
    |x24_raw_reg_24685                                                                      |   10|   0|   10|          0|
    |x24_raw_reg_24685_pp0_iter3_reg                                                        |   10|   0|   10|          0|
    |x25_raw_1_reg_25287                                                                    |   10|   0|   10|          0|
    |x25_raw_reg_24693                                                                      |   10|   0|   10|          0|
    |x25_shift2_1_reg_26210                                                                 |   10|   0|   12|          2|
    |x25_shift2_reg_25862                                                                   |   10|   0|   12|          2|
    |x26_c6_negative1_2_reg_26703                                                           |   17|   0|   17|          0|
    |x26_c6_negative1_reg_26987                                                             |   17|   0|   17|          0|
    |x26_c_3_negative1_1_reg_26226                                                          |   13|   0|   13|          0|
    |x26_c_3_negative1_reg_25878                                                            |   13|   0|   13|          0|
    |x26_raw_1_reg_25295                                                                    |   10|   0|   10|          0|
    |x26_raw_1_reg_25295_pp0_iter3_reg                                                      |   10|   0|   10|          0|
    |x26_raw_reg_24701                                                                      |   10|   0|   10|          0|
    |x26_raw_reg_24701_pp0_iter3_reg                                                        |   10|   0|   10|          0|
    |x26_shift1_1_reg_26247                                                                 |   10|   0|   11|          1|
    |x26_shift1_reg_25899                                                                   |   10|   0|   11|          1|
    |x26_shift2_1_reg_26129                                                                 |   10|   0|   12|          2|
    |x26_shift2_reg_25787                                                                   |   10|   0|   12|          2|
    |x27_c5_positive1_2_reg_27058                                                           |   17|   0|   17|          0|
    |x27_c5_positive1_reg_27210                                                             |   17|   0|   17|          0|
    |x27_raw_1_reg_25305                                                                    |   10|   0|   10|          0|
    |x27_raw_1_reg_25305_pp0_iter3_reg                                                      |   10|   0|   10|          0|
    |x27_raw_reg_24711                                                                      |   10|   0|   10|          0|
    |x27_raw_reg_24711_pp0_iter3_reg                                                        |   10|   0|   10|          0|
    |x27_shift1_1_reg_26199                                                                 |   10|   0|   11|          1|
    |x27_shift1_reg_25856                                                                   |   10|   0|   11|          1|
    |x27_shift2_1_reg_26134                                                                 |   10|   0|   12|          2|
    |x27_shift2_reg_25792                                                                   |   10|   0|   12|          2|
    |x28_raw_1_reg_25315                                                                    |   10|   0|   10|          0|
    |x28_raw_1_reg_25315_pp0_iter3_reg                                                      |   10|   0|   10|          0|
    |x28_raw_reg_24721                                                                      |   10|   0|   10|          0|
    |x28_raw_reg_24721_pp0_iter3_reg                                                        |   10|   0|   10|          0|
    |x28_shift1_1_reg_26215                                                                 |   10|   0|   11|          1|
    |x28_shift1_reg_25867                                                                   |   10|   0|   11|          1|
    |x29_c_3_negative1_1_reg_26220                                                          |   13|   0|   13|          0|
    |x29_c_3_negative1_reg_25872                                                            |   13|   0|   13|          0|
    |x29_raw_1_reg_25324                                                                    |   10|   0|   10|          0|
    |x29_raw_1_reg_25324_pp0_iter3_reg                                                      |   10|   0|   10|          0|
    |x29_raw_reg_24730                                                                      |   10|   0|   10|          0|
    |x29_raw_reg_24730_pp0_iter3_reg                                                        |   10|   0|   10|          0|
    |x29_shift2_1_reg_26139                                                                 |   10|   0|   12|          2|
    |x29_shift2_reg_25797                                                                   |   10|   0|   12|          2|
    |x2_raw_1_reg_25150                                                                     |   10|   0|   10|          0|
    |x2_raw_reg_24556                                                                       |   10|   0|   10|          0|
    |x30_raw_1_reg_25333                                                                    |   10|   0|   10|          0|
    |x30_raw_1_reg_25333_pp0_iter3_reg                                                      |   10|   0|   10|          0|
    |x30_raw_reg_24739                                                                      |   10|   0|   10|          0|
    |x30_raw_reg_24739_pp0_iter3_reg                                                        |   10|   0|   10|          0|
    |x30_shift2_1_reg_26156                                                                 |   10|   0|   12|          2|
    |x30_shift2_reg_25813                                                                   |   10|   0|   12|          2|
    |x31_raw_1_reg_25342                                                                    |   10|   0|   10|          0|
    |x31_raw_1_reg_25342_pp0_iter3_reg                                                      |   10|   0|   10|          0|
    |x31_raw_reg_24748                                                                      |   10|   0|   10|          0|
    |x31_raw_reg_24748_pp0_iter3_reg                                                        |   10|   0|   10|          0|
    |x31_shift2_1_reg_26232                                                                 |   10|   0|   12|          2|
    |x31_shift2_reg_25884                                                                   |   10|   0|   12|          2|
    |x32_raw_1_reg_25351                                                                    |   10|   0|   10|          0|
    |x32_raw_1_reg_25351_pp0_iter3_reg                                                      |   10|   0|   10|          0|
    |x32_raw_reg_24757                                                                      |   10|   0|   10|          0|
    |x32_raw_reg_24757_pp0_iter3_reg                                                        |   10|   0|   10|          0|
    |x33_raw_1_reg_25359                                                                    |   10|   0|   10|          0|
    |x33_raw_1_reg_25359_pp0_iter3_reg                                                      |   10|   0|   10|          0|
    |x33_raw_reg_24765                                                                      |   10|   0|   10|          0|
    |x33_raw_reg_24765_pp0_iter3_reg                                                        |   10|   0|   10|          0|
    |x34_c5_positive1_2_reg_26683                                                           |   17|   0|   17|          0|
    |x34_c5_positive1_reg_26967                                                             |   17|   0|   17|          0|
    |x34_raw_1_reg_25370                                                                    |   10|   0|   10|          0|
    |x34_raw_1_reg_25370_pp0_iter3_reg                                                      |   10|   0|   10|          0|
    |x34_raw_reg_24776                                                                      |   10|   0|   10|          0|
    |x34_raw_reg_24776_pp0_iter3_reg                                                        |   10|   0|   10|          0|
    |x34_shift2_1_reg_26172                                                                 |   10|   0|   12|          2|
    |x34_shift2_reg_25829                                                                   |   10|   0|   12|          2|
    |x35_raw_1_reg_26088                                                                    |   10|   0|   10|          0|
    |x35_raw_reg_25746                                                                      |   10|   0|   10|          0|
    |x36_raw_1_reg_25381                                                                    |   10|   0|   10|          0|
    |x36_raw_1_reg_25381_pp0_iter3_reg                                                      |   10|   0|   10|          0|
    |x36_raw_reg_24787                                                                      |   10|   0|   10|          0|
    |x36_raw_reg_24787_pp0_iter3_reg                                                        |   10|   0|   10|          0|
    |x37_c3_negative1_2_reg_25934                                                           |   12|   0|   12|          0|
    |x37_c3_negative1_reg_26282                                                             |   12|   0|   12|          0|
    |x37_c_3_negative1_2_reg_26633                                                          |   16|   0|   16|          0|
    |x37_c_3_negative1_reg_26917                                                            |   16|   0|   16|          0|
    |x37_raw_1_reg_25389                                                                    |   10|   0|   10|          0|
    |x37_raw_1_reg_25389_pp0_iter3_reg                                                      |   10|   0|   10|          0|
    |x37_raw_reg_24795                                                                      |   10|   0|   10|          0|
    |x37_raw_reg_24795_pp0_iter3_reg                                                        |   10|   0|   10|          0|
    |x38_c5_positive1_2_reg_25130                                                           |   15|   0|   15|          0|
    |x38_c5_positive1_reg_25724                                                             |   15|   0|   15|          0|
    |x38_raw_1_reg_25399                                                                    |   10|   0|   10|          0|
    |x38_raw_1_reg_25399_pp0_iter3_reg                                                      |   10|   0|   10|          0|
    |x38_raw_reg_24805                                                                      |   10|   0|   10|          0|
    |x38_raw_reg_24805_pp0_iter3_reg                                                        |   10|   0|   10|          0|
    |x39_raw_1_reg_25410                                                                    |   10|   0|   10|          0|
    |x39_raw_1_reg_25410_pp0_iter3_reg                                                      |   10|   0|   10|          0|
    |x39_raw_reg_24816                                                                      |   10|   0|   10|          0|
    |x39_raw_reg_24816_pp0_iter3_reg                                                        |   10|   0|   10|          0|
    |x3_shift1_1_reg_25674                                                                  |   10|   0|   11|          1|
    |x3_shift1_reg_25080                                                                    |   10|   0|   11|          1|
    |x40_raw_1_reg_25420                                                                    |   10|   0|   10|          0|
    |x40_raw_reg_24826                                                                      |   10|   0|   10|          0|
    |x40_shift2_1_reg_26718                                                                 |   10|   0|   12|          2|
    |x40_shift2_reg_26434                                                                   |   10|   0|   12|          2|
    |x41_c_3_negative1_2_reg_25924                                                          |   13|   0|   13|          0|
    |x41_c_3_negative1_reg_26272                                                            |   13|   0|   13|          0|
    |x41_raw_1_reg_25429                                                                    |   10|   0|   10|          0|
    |x41_raw_reg_24835                                                                      |   10|   0|   10|          0|
    |x41_shift2_1_reg_26754                                                                 |   10|   0|   12|          2|
    |x41_shift2_reg_26470                                                                   |   10|   0|   12|          2|
    |x42_c3_negative1_1_reg_26779                                                           |   13|   0|   13|          0|
    |x42_c3_negative1_reg_26495                                                             |   13|   0|   13|          0|
    |x42_raw_1_reg_25438                                                                    |   10|   0|   10|          0|
    |x42_raw_reg_24844                                                                      |   10|   0|   10|          0|
    |x42_shift1_1_reg_26769                                                                 |   10|   0|   11|          1|
    |x42_shift1_reg_26485                                                                   |   10|   0|   11|          1|
    |x42_shift2_1_reg_26723                                                                 |   10|   0|   12|          2|
    |x42_shift2_reg_26439                                                                   |   10|   0|   12|          2|
    |x43_raw_1_reg_25448                                                                    |   10|   0|   10|          0|
    |x43_raw_reg_24854                                                                      |   10|   0|   10|          0|
    |x44_raw_1_reg_25458                                                                    |   10|   0|   10|          0|
    |x44_raw_reg_24864                                                                      |   10|   0|   10|          0|
    |x44_shift2_1_reg_26774                                                                 |   10|   0|   12|          2|
    |x44_shift2_reg_26490                                                                   |   10|   0|   12|          2|
    |x45_raw_1_reg_25467                                                                    |   10|   0|   10|          0|
    |x45_raw_1_reg_25467_pp0_iter3_reg                                                      |   10|   0|   10|          0|
    |x45_raw_reg_24873                                                                      |   10|   0|   10|          0|
    |x45_raw_reg_24873_pp0_iter3_reg                                                        |   10|   0|   10|          0|
    |x45_shift1_1_reg_26733                                                                 |   10|   0|   11|          1|
    |x45_shift1_reg_26449                                                                   |   10|   0|   11|          1|
    |x46_c3_negative1_1_reg_26749                                                           |   13|   0|   13|          0|
    |x46_c3_negative1_reg_26465                                                             |   13|   0|   13|          0|
    |x46_raw_1_reg_25475                                                                    |   10|   0|   10|          0|
    |x46_raw_reg_24881                                                                      |   10|   0|   10|          0|
    |x47_raw_1_reg_26097                                                                    |   10|   0|   10|          0|
    |x47_raw_1_reg_26097_pp0_iter4_reg                                                      |   10|   0|   10|          0|
    |x47_raw_reg_25755                                                                      |   10|   0|   10|          0|
    |x47_raw_reg_25755_pp0_iter4_reg                                                        |   10|   0|   10|          0|
    |x48_raw_1_reg_25483                                                                    |   10|   0|   10|          0|
    |x48_raw_reg_24889                                                                      |   10|   0|   10|          0|
    |x49_c3_negative1_2_reg_26597                                                           |   12|   0|   12|          0|
    |x49_c3_negative1_reg_26881                                                             |   12|   0|   12|          0|
    |x49_raw_1_reg_24897                                                                    |   10|   0|   10|          0|
    |x49_reg_25491                                                                          |   10|   0|   10|          0|
    |x4_shift1_1_reg_25589                                                                  |   10|   0|   11|          1|
    |x4_shift1_1_reg_25589_pp0_iter3_reg                                                    |   10|   0|   11|          1|
    |x4_shift1_reg_24995                                                                    |   10|   0|   11|          1|
    |x4_shift1_reg_24995_pp0_iter3_reg                                                      |   10|   0|   11|          1|
    |x50_raw_1_reg_25499                                                                    |   10|   0|   10|          0|
    |x50_raw_reg_24905                                                                      |   10|   0|   10|          0|
    |x51_raw_1_reg_25509                                                                    |   10|   0|   10|          0|
    |x51_raw_reg_24915                                                                      |   10|   0|   10|          0|
    |x52_raw_1_reg_25519                                                                    |   10|   0|   10|          0|
    |x52_raw_reg_24925                                                                      |   10|   0|   10|          0|
    |x53_c3_negative1_2_reg_25135                                                           |   14|   0|   14|          0|
    |x53_c3_negative1_reg_25729                                                             |   14|   0|   14|          0|
    |x53_c_6_negative1_2_reg_26071                                                          |   15|   0|   15|          0|
    |x53_c_6_negative1_reg_26419                                                            |   15|   0|   15|          0|
    |x53_raw_1_reg_25529                                                                    |   10|   0|   10|          0|
    |x53_raw_reg_24935                                                                      |   10|   0|   10|          0|
    |x53_shift2_1_reg_27149                                                                 |   10|   0|   12|          2|
    |x53_shift2_reg_26997                                                                   |   10|   0|   12|          2|
    |x54_raw_1_reg_25541                                                                    |   10|   0|   10|          0|
    |x54_raw_reg_24947                                                                      |   10|   0|   10|          0|
    |x54_shift1_1_reg_27144                                                                 |   10|   0|   11|          1|
    |x54_shift1_reg_26992                                                                   |   10|   0|   11|          1|
    |x55_raw_1_reg_25550                                                                    |   10|   0|   10|          0|
    |x55_raw_reg_24956                                                                      |   10|   0|   10|          0|
    |x56_raw_1_reg_25559                                                                    |   10|   0|   10|          0|
    |x56_raw_reg_24965                                                                      |   10|   0|   10|          0|
    |x56_shift1_1_reg_27164                                                                 |   10|   0|   11|          1|
    |x56_shift1_reg_27012                                                                   |   10|   0|   11|          1|
    |x56_shift2_1_reg_27159                                                                 |   10|   0|   12|          2|
    |x56_shift2_reg_27007                                                                   |   10|   0|   12|          2|
    |x57_raw_1_reg_25568                                                                    |   10|   0|   10|          0|
    |x57_raw_reg_24974                                                                      |   10|   0|   10|          0|
    |x58_c3_negative1_1_reg_26784                                                           |   13|   0|   13|          0|
    |x58_c3_negative1_reg_26500                                                             |   13|   0|   13|          0|
    |x58_raw_1_reg_25576                                                                    |   10|   0|   10|          0|
    |x58_raw_reg_24982                                                                      |   10|   0|   10|          0|
    |x59_raw_1_reg_26105                                                                    |   10|   0|   10|          0|
    |x59_raw_reg_25763                                                                      |   10|   0|   10|          0|
    |x5_raw_1_reg_25156                                                                     |   10|   0|   10|          0|
    |x5_raw_1_reg_25156_pp0_iter3_reg                                                       |   10|   0|   10|          0|
    |x5_raw_reg_24562                                                                       |   10|   0|   10|          0|
    |x5_raw_reg_24562_pp0_iter3_reg                                                         |   10|   0|   10|          0|
    |x6_raw_1_reg_25161                                                                     |   10|   0|   10|          0|
    |x6_raw_1_reg_25161_pp0_iter3_reg                                                       |   10|   0|   10|          0|
    |x6_raw_reg_24567                                                                       |   10|   0|   10|          0|
    |x6_raw_reg_24567_pp0_iter3_reg                                                         |   10|   0|   10|          0|
    |x6_shift1_1_reg_25599                                                                  |   10|   0|   11|          1|
    |x6_shift1_reg_25005                                                                    |   10|   0|   11|          1|
    |x7_raw_1_reg_25168                                                                     |   10|   0|   10|          0|
    |x7_raw_1_reg_25168_pp0_iter3_reg                                                       |   10|   0|   10|          0|
    |x7_raw_reg_24574                                                                       |   10|   0|   10|          0|
    |x7_raw_reg_24574_pp0_iter3_reg                                                         |   10|   0|   10|          0|
    |x7_shift1_1_reg_25636                                                                  |   10|   0|   11|          1|
    |x7_shift1_reg_25042                                                                    |   10|   0|   11|          1|
    |x8_raw_1_reg_25174                                                                     |   10|   0|   10|          0|
    |x8_raw_reg_24580                                                                       |   10|   0|   10|          0|
    |x9_shift2_1_reg_25652                                                                  |   10|   0|   12|          2|
    |x9_shift2_reg_25058                                                                    |   10|   0|   12|          2|
    |y0_f0_tree0_34_2_reg_27038                                                             |   17|   0|   17|          0|
    |y0_f0_tree0_34_reg_27190                                                               |   17|   0|   17|          0|
    |y0_f0_tree0_4_2_reg_26613                                                              |   17|   0|   17|          0|
    |y0_f0_tree0_4_reg_26897                                                                |   17|   0|   17|          0|
    |y0_f0_tree2_6_2_reg_25095                                                              |   15|   0|   15|          0|
    |y0_f0_tree2_6_reg_25689                                                                |   15|   0|   15|          0|
    |y0_f10_tree2_2_2_reg_26693                                                             |   16|   0|   16|          0|
    |y0_f10_tree2_2_reg_26977                                                               |   16|   0|   16|          0|
    |y0_f10_tree2_4_2_reg_26056                                                             |   15|   0|   15|          0|
    |y0_f10_tree2_4_reg_26404                                                               |   15|   0|   15|          0|
    |y0_f10_tree3_0_2_reg_27124                                                             |   17|   0|   17|          0|
    |y0_f10_tree3_0_reg_27276                                                               |   17|   0|   17|          0|
    |y0_f1_tree0_26_2_reg_25100                                                             |   15|   0|   15|          0|
    |y0_f1_tree0_26_reg_25694                                                               |   15|   0|   15|          0|
    |y0_f1_tree0_4_2_reg_26618                                                              |   17|   0|   17|          0|
    |y0_f1_tree0_4_reg_26902                                                                |   17|   0|   17|          0|
    |y0_f1_tree1_0_2_reg_27043                                                              |   18|   0|   18|          0|
    |y0_f1_tree1_0_reg_27195                                                                |   18|   0|   18|          0|
    |y0_f1_tree2_4_2_reg_25991                                                              |   16|   0|   16|          0|
    |y0_f1_tree2_4_reg_26339                                                                |   16|   0|   16|          0|
    |y0_f2_tree0_20_2_reg_26006                                                             |   13|   0|   13|          0|
    |y0_f2_tree0_20_reg_26354                                                               |   13|   0|   13|          0|
    |y0_f3_tree0_10_2_reg_26638                                                             |   16|   0|   16|          0|
    |y0_f3_tree0_10_reg_26922                                                               |   16|   0|   16|          0|
    |y0_f3_tree0_22_2_reg_26011                                                             |   15|   0|   15|          0|
    |y0_f3_tree0_22_reg_26359                                                               |   15|   0|   15|          0|
    |y0_f3_tree0_24_2_reg_25105                                                             |   14|   0|   14|          0|
    |y0_f3_tree0_24_reg_25699                                                               |   14|   0|   14|          0|
    |y0_f3_tree1_0_2_reg_27068                                                              |   17|   0|   17|          0|
    |y0_f3_tree1_0_reg_27220                                                                |   17|   0|   17|          0|
    |y0_f4_tree0_16_2_reg_26016                                                             |   15|   0|   15|          0|
    |y0_f4_tree0_16_reg_26364                                                               |   15|   0|   15|          0|
    |y0_f4_tree0_26_2_reg_25110                                                             |   12|   0|   12|          0|
    |y0_f4_tree0_26_reg_25704                                                               |   12|   0|   12|          0|
    |y0_f4_tree0_2_2_reg_27078                                                              |   18|   0|   18|          0|
    |y0_f4_tree0_2_reg_27230                                                                |   18|   0|   18|          0|
    |y0_f5_tree0_24_2_reg_26031                                                             |   16|   0|   16|          0|
    |y0_f5_tree0_24_reg_26379                                                               |   16|   0|   16|          0|
    |y0_f5_tree1_8_2_reg_25115                                                              |   14|   0|   14|          0|
    |y0_f5_tree1_8_reg_25709                                                                |   14|   0|   14|          0|
    |y0_f5_tree3_0_2_reg_27088                                                              |   17|   0|   17|          0|
    |y0_f5_tree3_0_reg_27240                                                                |   17|   0|   17|          0|
    |y0_f6_tree0_18_2_reg_27093                                                             |   17|   0|   17|          0|
    |y0_f6_tree0_18_reg_27245                                                               |   17|   0|   17|          0|
    |y0_f6_tree0_8_2_reg_26036                                                              |   14|   0|   14|          0|
    |y0_f6_tree0_8_reg_26384                                                                |   14|   0|   14|          0|
    |y0_f7_tree0_12_2_reg_26041                                                             |   15|   0|   15|          0|
    |y0_f7_tree0_12_reg_26389                                                               |   15|   0|   15|          0|
    |y0_f7_tree1_10_2_reg_25120                                                             |   14|   0|   14|          0|
    |y0_f7_tree1_10_reg_25714                                                               |   14|   0|   14|          0|
    |y0_f7_tree4_0_1_reg_27255                                                              |   17|   0|   17|          0|
    |y0_f7_tree4_0_reg_27103                                                                |   17|   0|   17|          0|
    |y0_f8_tree0_0_2_reg_27108                                                              |   18|   0|   18|          0|
    |y0_f8_tree0_0_reg_27260                                                                |   18|   0|   18|          0|
    |y0_f8_tree1_12_2_reg_25125                                                             |   15|   0|   15|          0|
    |y0_f8_tree1_12_reg_25719                                                               |   15|   0|   15|          0|
    |y0_f8_tree2_4_2_reg_26046                                                              |   16|   0|   16|          0|
    |y0_f8_tree2_4_reg_26394                                                                |   16|   0|   16|          0|
    |y0_f9_tree1_4_2_reg_26688                                                              |   17|   0|   17|          0|
    |y0_f9_tree1_4_reg_26972                                                                |   17|   0|   17|          0|
    |y0_f9_tree3_2_2_reg_26051                                                              |   16|   0|   16|          0|
    |y0_f9_tree3_2_reg_26399                                                                |   16|   0|   16|          0|
    |y0_f9_tree4_0_1_reg_27270                                                              |   18|   0|   18|          0|
    |y0_f9_tree4_0_reg_27118                                                                |   18|   0|   18|          0|
    |icmp_ln1178_reg_24471                                                                  |   64|  32|    1|          0|
    |icmp_ln1181_reg_24523                                                                  |   64|  32|    1|          0|
    |icmp_ln9_reg_24347                                                                     |   64|  32|    1|          0|
    |ready_reg_24339                                                                        |   64|  32|    1|          0|
    |sext_ln260_1_reg_25031                                                                 |   64|  32|   12|          1|
    |sext_ln260_3_reg_25625                                                                 |   64|  32|   12|          1|
    |sext_ln263_1_reg_25036                                                                 |   64|  32|   11|          0|
    |sext_ln263_5_reg_25630                                                                 |   64|  32|   11|          0|
    |x40_raw_1_reg_25420                                                                    |   64|  32|   10|          0|
    |x40_raw_reg_24826                                                                      |   64|  32|   10|          0|
    |x41_raw_1_reg_25429                                                                    |   64|  32|   10|          0|
    |x41_raw_reg_24835                                                                      |   64|  32|   10|          0|
    |x42_raw_1_reg_25438                                                                    |   64|  32|   10|          0|
    |x42_raw_reg_24844                                                                      |   64|  32|   10|          0|
    |x43_raw_1_reg_25448                                                                    |   64|  32|   10|          0|
    |x43_raw_reg_24854                                                                      |   64|  32|   10|          0|
    |x44_raw_1_reg_25458                                                                    |   64|  32|   10|          0|
    |x44_raw_reg_24864                                                                      |   64|  32|   10|          0|
    |x46_raw_1_reg_25475                                                                    |   64|  32|   10|          0|
    |x46_raw_reg_24881                                                                      |   64|  32|   10|          0|
    |x48_raw_1_reg_25483                                                                    |   64|  32|   10|          0|
    |x48_raw_reg_24889                                                                      |   64|  32|   10|          0|
    |x49_raw_1_reg_24897                                                                    |   64|  32|   10|          0|
    |x49_reg_25491                                                                          |   64|  32|   10|          0|
    |x50_raw_1_reg_25499                                                                    |   64|  32|   10|          0|
    |x50_raw_reg_24905                                                                      |   64|  32|   10|          0|
    |x51_raw_1_reg_25509                                                                    |   64|  32|   10|          0|
    |x51_raw_reg_24915                                                                      |   64|  32|   10|          0|
    |x52_raw_1_reg_25519                                                                    |   64|  32|   10|          0|
    |x52_raw_reg_24925                                                                      |   64|  32|   10|          0|
    |x53_raw_1_reg_25529                                                                    |   64|  32|   10|          0|
    |x53_raw_reg_24935                                                                      |   64|  32|   10|          0|
    |x54_raw_1_reg_25541                                                                    |   64|  32|   10|          0|
    |x54_raw_reg_24947                                                                      |   64|  32|   10|          0|
    |x55_raw_1_reg_25550                                                                    |   64|  32|   10|          0|
    |x55_raw_reg_24956                                                                      |   64|  32|   10|          0|
    |x56_raw_1_reg_25559                                                                    |   64|  32|   10|          0|
    |x56_raw_reg_24965                                                                      |   64|  32|   10|          0|
    |x57_raw_1_reg_25568                                                                    |   64|  32|   10|          0|
    |x57_raw_reg_24974                                                                      |   64|  32|   10|          0|
    |x58_raw_1_reg_25576                                                                    |   64|  32|   10|          0|
    |x58_raw_reg_24982                                                                      |   64|  32|   10|          0|
    |x59_raw_1_reg_26105                                                                    |   64|  32|   10|          0|
    |x59_raw_reg_25763                                                                      |   64|  32|   10|          0|
    |x8_raw_1_reg_25174                                                                     |   64|  32|   10|          0|
    |x8_raw_reg_24580                                                                       |   64|  32|   10|          0|
    +---------------------------------------------------------------------------------------+-----+----+-----+-----------+
    |Total                                                                                  |14687|1472|12332|        161|
    +---------------------------------------------------------------------------------------+-----+----+-----+-----------+



================================================================
== Interface
================================================================
* Summary: 
+------------------------------+-----+-----+------------+----------------------------------------------------------------------------+--------------+
|           RTL Ports          | Dir | Bits|  Protocol  |                                Source Object                               |    C Type    |
+------------------------------+-----+-----+------------+----------------------------------------------------------------------------+--------------+
|ap_clk                        |   in|    1|  ap_ctrl_hs|  shared_conv<array,array<ap_fixed,48u>,config7,4u,ravel_matrix_conv2d_1,2u>|  return value|
|ap_rst                        |   in|    1|  ap_ctrl_hs|  shared_conv<array,array<ap_fixed,48u>,config7,4u,ravel_matrix_conv2d_1,2u>|  return value|
|ap_start                      |   in|    1|  ap_ctrl_hs|  shared_conv<array,array<ap_fixed,48u>,config7,4u,ravel_matrix_conv2d_1,2u>|  return value|
|start_full_n                  |   in|    1|  ap_ctrl_hs|  shared_conv<array,array<ap_fixed,48u>,config7,4u,ravel_matrix_conv2d_1,2u>|  return value|
|ap_done                       |  out|    1|  ap_ctrl_hs|  shared_conv<array,array<ap_fixed,48u>,config7,4u,ravel_matrix_conv2d_1,2u>|  return value|
|ap_continue                   |   in|    1|  ap_ctrl_hs|  shared_conv<array,array<ap_fixed,48u>,config7,4u,ravel_matrix_conv2d_1,2u>|  return value|
|ap_idle                       |  out|    1|  ap_ctrl_hs|  shared_conv<array,array<ap_fixed,48u>,config7,4u,ravel_matrix_conv2d_1,2u>|  return value|
|ap_ready                      |  out|    1|  ap_ctrl_hs|  shared_conv<array,array<ap_fixed,48u>,config7,4u,ravel_matrix_conv2d_1,2u>|  return value|
|start_out                     |  out|    1|  ap_ctrl_hs|  shared_conv<array,array<ap_fixed,48u>,config7,4u,ravel_matrix_conv2d_1,2u>|  return value|
|start_write                   |  out|    1|  ap_ctrl_hs|  shared_conv<array,array<ap_fixed,48u>,config7,4u,ravel_matrix_conv2d_1,2u>|  return value|
|layer5_out_x4_dout            |   in|  480|     ap_fifo|                                                               layer5_out_x4|       pointer|
|layer5_out_x4_num_data_valid  |   in|    3|     ap_fifo|                                                               layer5_out_x4|       pointer|
|layer5_out_x4_fifo_cap        |   in|    3|     ap_fifo|                                                               layer5_out_x4|       pointer|
|layer5_out_x4_empty_n         |   in|    1|     ap_fifo|                                                               layer5_out_x4|       pointer|
|layer5_out_x4_read            |  out|    1|     ap_fifo|                                                               layer5_out_x4|       pointer|
|layer7_out_din                |  out|  864|     ap_fifo|                                                                  layer7_out|       pointer|
|layer7_out_num_data_valid     |   in|    3|     ap_fifo|                                                                  layer7_out|       pointer|
|layer7_out_fifo_cap           |   in|    3|     ap_fifo|                                                                  layer7_out|       pointer|
|layer7_out_full_n             |   in|    1|     ap_fifo|                                                                  layer7_out|       pointer|
|layer7_out_write              |  out|    1|     ap_fifo|                                                                  layer7_out|       pointer|
+------------------------------+-----+-----+------------+----------------------------------------------------------------------------+--------------+

