

================================================================
== Vitis HLS Report for 'dense_array_array_ap_fixed_9_5_5_3_0_1u_config7_Pipeline_DataPrepare'
================================================================
* Date:           Sun May 17 02:22:52 2026

* Version:        2023.2 (Build 4023990 on Oct 11 2023)
* Project:        cnn_core_streaming_prj
* Solution:       solution1 (Vivado IP Flow Target)
* Product family: kintexuplus
* Target device:  xcku5p-ffvb676-2-e


================================================================
== Performance Estimates
================================================================
+ Timing: 
    * Summary: 
    +--------+---------+----------+------------+
    |  Clock |  Target | Estimated| Uncertainty|
    +--------+---------+----------+------------+
    |ap_clk  |  5.00 ns|  1.736 ns|     1.35 ns|
    +--------+---------+----------+------------+

+ Latency: 
    * Summary: 
    +---------+---------+----------+----------+-----+-----+---------+
    |  Latency (cycles) |  Latency (absolute) |  Interval | Pipeline|
    |   min   |   max   |    min   |    max   | min | max |   Type  |
    +---------+---------+----------+----------+-----+-----+---------+
    |      170|      170|  0.850 us|  0.850 us|  170|  170|       no|
    +---------+---------+----------+----------+-----+-----+---------+

    + Detail: 
        * Instance: 
        N/A

        * Loop: 
        +---------------+---------+---------+----------+-----------+-----------+------+----------+
        |               |  Latency (cycles) | Iteration|  Initiation Interval  | Trip |          |
        |   Loop Name   |   min   |   max   |  Latency |  achieved |   target  | Count| Pipelined|
        +---------------+---------+---------+----------+-----------+-----------+------+----------+
        |- DataPrepare  |      168|      168|         2|          1|          1|   168|       yes|
        +---------------+---------+---------+----------+-----------+-----------+------+----------+

============================================================
+ Verbose Summary: Synthesis Manager
============================================================
InlineROM: 1
ExposeGlobal: 0
============================================================
+ Verbose Summary: CDFG Model
============================================================
IsTopModel: 0
ResetActiveHigh: 1
IsCombinational: 0
IsDatapathOnly: 0
HasWiredReturn: 1
HasMFsm: 2
HasVarLatency: 1
IsPipeline: 0
IsRtlPipelined: 0
IsInstanceOverlapped: 0
IsDontTouch: 0
HasImplIP: 0
IsGatedGlobalClock: 0

+ Individual pipeline summary: 
  * Pipeline-0: initiation interval (II) = 1, depth = 2


============================================================
+ Verbose Summary: Schedule
============================================================
* Number of FSM states : 2
* Pipeline : 1
  Pipeline-0 : II = 1, D = 2, States = { 1 2 }
* Dataflow Pipeline: 0

* FSM state transitions: 
1 --> 2 
2 --> 

* FSM state operations: 

State 1 <SV = 0> <Delay = 1.61>
ST_1 : Operation 5 [1/1] (0.00ns)   --->   "%i_in = alloca i32 1" [firmware/nnet_utils/nnet_dense_stream.h:33->firmware/nnet_utils/nnet_dense_stream.h:93]   --->   Operation 5 'alloca' 'i_in' <Predicate = true> <Delay = 0.00>
ST_1 : Operation 6 [1/1] (0.00ns)   --->   "%p_0_1_0_0_01 = alloca i32 1"   --->   Operation 6 'alloca' 'p_0_1_0_0_01' <Predicate = true> <Delay = 0.00>
ST_1 : Operation 7 [1/1] (0.00ns)   --->   "%p_0_2_0_0_03 = alloca i32 1"   --->   Operation 7 'alloca' 'p_0_2_0_0_03' <Predicate = true> <Delay = 0.00>
ST_1 : Operation 8 [1/1] (0.00ns)   --->   "%p_0_4_0_0_05 = alloca i32 1"   --->   Operation 8 'alloca' 'p_0_4_0_0_05' <Predicate = true> <Delay = 0.00>
ST_1 : Operation 9 [1/1] (0.00ns)   --->   "%p_0_5_0_0_07 = alloca i32 1"   --->   Operation 9 'alloca' 'p_0_5_0_0_07' <Predicate = true> <Delay = 0.00>
ST_1 : Operation 10 [1/1] (0.00ns)   --->   "%p_0_6_0_0_09 = alloca i32 1"   --->   Operation 10 'alloca' 'p_0_6_0_0_09' <Predicate = true> <Delay = 0.00>
ST_1 : Operation 11 [1/1] (0.00ns)   --->   "%p_0_1_0_0_011 = alloca i32 1"   --->   Operation 11 'alloca' 'p_0_1_0_0_011' <Predicate = true> <Delay = 0.00>
ST_1 : Operation 12 [1/1] (0.00ns)   --->   "%p_0_2_0_0_013 = alloca i32 1"   --->   Operation 12 'alloca' 'p_0_2_0_0_013' <Predicate = true> <Delay = 0.00>
ST_1 : Operation 13 [1/1] (0.00ns)   --->   "%p_0_4_0_0_015 = alloca i32 1"   --->   Operation 13 'alloca' 'p_0_4_0_0_015' <Predicate = true> <Delay = 0.00>
ST_1 : Operation 14 [1/1] (0.00ns)   --->   "%p_0_5_0_0_017 = alloca i32 1"   --->   Operation 14 'alloca' 'p_0_5_0_0_017' <Predicate = true> <Delay = 0.00>
ST_1 : Operation 15 [1/1] (0.00ns)   --->   "%p_0_6_0_0_019 = alloca i32 1"   --->   Operation 15 'alloca' 'p_0_6_0_0_019' <Predicate = true> <Delay = 0.00>
ST_1 : Operation 16 [1/1] (0.00ns)   --->   "%p_0_1_0_0_021 = alloca i32 1"   --->   Operation 16 'alloca' 'p_0_1_0_0_021' <Predicate = true> <Delay = 0.00>
ST_1 : Operation 17 [1/1] (0.00ns)   --->   "%p_0_2_0_0_023 = alloca i32 1"   --->   Operation 17 'alloca' 'p_0_2_0_0_023' <Predicate = true> <Delay = 0.00>
ST_1 : Operation 18 [1/1] (0.00ns)   --->   "%p_0_4_0_0_025 = alloca i32 1"   --->   Operation 18 'alloca' 'p_0_4_0_0_025' <Predicate = true> <Delay = 0.00>
ST_1 : Operation 19 [1/1] (0.00ns)   --->   "%p_0_5_0_0_027 = alloca i32 1"   --->   Operation 19 'alloca' 'p_0_5_0_0_027' <Predicate = true> <Delay = 0.00>
ST_1 : Operation 20 [1/1] (0.00ns)   --->   "%p_0_6_0_0_029 = alloca i32 1"   --->   Operation 20 'alloca' 'p_0_6_0_0_029' <Predicate = true> <Delay = 0.00>
ST_1 : Operation 21 [1/1] (0.00ns)   --->   "%p_0_1_0_0_031 = alloca i32 1"   --->   Operation 21 'alloca' 'p_0_1_0_0_031' <Predicate = true> <Delay = 0.00>
ST_1 : Operation 22 [1/1] (0.00ns)   --->   "%p_0_2_0_0_033 = alloca i32 1"   --->   Operation 22 'alloca' 'p_0_2_0_0_033' <Predicate = true> <Delay = 0.00>
ST_1 : Operation 23 [1/1] (0.00ns)   --->   "%p_0_5_0_0_035 = alloca i32 1"   --->   Operation 23 'alloca' 'p_0_5_0_0_035' <Predicate = true> <Delay = 0.00>
ST_1 : Operation 24 [1/1] (0.00ns)   --->   "%p_0_6_0_0_037 = alloca i32 1"   --->   Operation 24 'alloca' 'p_0_6_0_0_037' <Predicate = true> <Delay = 0.00>
ST_1 : Operation 25 [1/1] (0.00ns)   --->   "%p_0_1_0_0_039 = alloca i32 1"   --->   Operation 25 'alloca' 'p_0_1_0_0_039' <Predicate = true> <Delay = 0.00>
ST_1 : Operation 26 [1/1] (0.00ns)   --->   "%p_0_2_0_0_041 = alloca i32 1"   --->   Operation 26 'alloca' 'p_0_2_0_0_041' <Predicate = true> <Delay = 0.00>
ST_1 : Operation 27 [1/1] (0.00ns)   --->   "%p_0_5_0_0_043 = alloca i32 1"   --->   Operation 27 'alloca' 'p_0_5_0_0_043' <Predicate = true> <Delay = 0.00>
ST_1 : Operation 28 [1/1] (0.00ns)   --->   "%p_0_6_0_0_045 = alloca i32 1"   --->   Operation 28 'alloca' 'p_0_6_0_0_045' <Predicate = true> <Delay = 0.00>
ST_1 : Operation 29 [1/1] (0.00ns)   --->   "%p_0_1_0_0_047 = alloca i32 1"   --->   Operation 29 'alloca' 'p_0_1_0_0_047' <Predicate = true> <Delay = 0.00>
ST_1 : Operation 30 [1/1] (0.00ns)   --->   "%p_0_2_0_0_049 = alloca i32 1"   --->   Operation 30 'alloca' 'p_0_2_0_0_049' <Predicate = true> <Delay = 0.00>
ST_1 : Operation 31 [1/1] (0.00ns)   --->   "%p_0_5_0_0_051 = alloca i32 1"   --->   Operation 31 'alloca' 'p_0_5_0_0_051' <Predicate = true> <Delay = 0.00>
ST_1 : Operation 32 [1/1] (0.00ns)   --->   "%p_0_6_0_0_053 = alloca i32 1"   --->   Operation 32 'alloca' 'p_0_6_0_0_053' <Predicate = true> <Delay = 0.00>
ST_1 : Operation 33 [1/1] (0.00ns)   --->   "%p_0_1_0_0_055 = alloca i32 1"   --->   Operation 33 'alloca' 'p_0_1_0_0_055' <Predicate = true> <Delay = 0.00>
ST_1 : Operation 34 [1/1] (0.00ns)   --->   "%p_0_2_0_0_057 = alloca i32 1"   --->   Operation 34 'alloca' 'p_0_2_0_0_057' <Predicate = true> <Delay = 0.00>
ST_1 : Operation 35 [1/1] (0.00ns)   --->   "%p_0_5_0_0_059 = alloca i32 1"   --->   Operation 35 'alloca' 'p_0_5_0_0_059' <Predicate = true> <Delay = 0.00>
ST_1 : Operation 36 [1/1] (0.00ns)   --->   "%p_0_6_0_0_061 = alloca i32 1"   --->   Operation 36 'alloca' 'p_0_6_0_0_061' <Predicate = true> <Delay = 0.00>
ST_1 : Operation 37 [1/1] (0.00ns)   --->   "%p_0_1_0_0_063 = alloca i32 1"   --->   Operation 37 'alloca' 'p_0_1_0_0_063' <Predicate = true> <Delay = 0.00>
ST_1 : Operation 38 [1/1] (0.00ns)   --->   "%p_0_2_0_0_065 = alloca i32 1"   --->   Operation 38 'alloca' 'p_0_2_0_0_065' <Predicate = true> <Delay = 0.00>
ST_1 : Operation 39 [1/1] (0.00ns)   --->   "%p_0_5_0_0_067 = alloca i32 1"   --->   Operation 39 'alloca' 'p_0_5_0_0_067' <Predicate = true> <Delay = 0.00>
ST_1 : Operation 40 [1/1] (0.00ns)   --->   "%p_0_6_0_0_069 = alloca i32 1"   --->   Operation 40 'alloca' 'p_0_6_0_0_069' <Predicate = true> <Delay = 0.00>
ST_1 : Operation 41 [1/1] (0.00ns)   --->   "%p_0_0_0_0_071 = alloca i32 1"   --->   Operation 41 'alloca' 'p_0_0_0_0_071' <Predicate = true> <Delay = 0.00>
ST_1 : Operation 42 [1/1] (0.00ns)   --->   "%p_0_1_0_0_073 = alloca i32 1"   --->   Operation 42 'alloca' 'p_0_1_0_0_073' <Predicate = true> <Delay = 0.00>
ST_1 : Operation 43 [1/1] (0.00ns)   --->   "%p_0_2_0_0_075 = alloca i32 1"   --->   Operation 43 'alloca' 'p_0_2_0_0_075' <Predicate = true> <Delay = 0.00>
ST_1 : Operation 44 [1/1] (0.00ns)   --->   "%p_0_5_0_0_077 = alloca i32 1"   --->   Operation 44 'alloca' 'p_0_5_0_0_077' <Predicate = true> <Delay = 0.00>
ST_1 : Operation 45 [1/1] (0.00ns)   --->   "%p_0_6_0_0_079 = alloca i32 1"   --->   Operation 45 'alloca' 'p_0_6_0_0_079' <Predicate = true> <Delay = 0.00>
ST_1 : Operation 46 [1/1] (0.00ns)   --->   "%p_0_1_0_0_081 = alloca i32 1"   --->   Operation 46 'alloca' 'p_0_1_0_0_081' <Predicate = true> <Delay = 0.00>
ST_1 : Operation 47 [1/1] (0.00ns)   --->   "%p_0_2_0_0_083 = alloca i32 1"   --->   Operation 47 'alloca' 'p_0_2_0_0_083' <Predicate = true> <Delay = 0.00>
ST_1 : Operation 48 [1/1] (0.00ns)   --->   "%p_0_5_0_0_085 = alloca i32 1"   --->   Operation 48 'alloca' 'p_0_5_0_0_085' <Predicate = true> <Delay = 0.00>
ST_1 : Operation 49 [1/1] (0.00ns)   --->   "%p_0_6_0_0_087 = alloca i32 1"   --->   Operation 49 'alloca' 'p_0_6_0_0_087' <Predicate = true> <Delay = 0.00>
ST_1 : Operation 50 [1/1] (0.00ns)   --->   "%p_0_0_0_0_089 = alloca i32 1"   --->   Operation 50 'alloca' 'p_0_0_0_0_089' <Predicate = true> <Delay = 0.00>
ST_1 : Operation 51 [1/1] (0.00ns)   --->   "%p_0_1_0_0_091 = alloca i32 1"   --->   Operation 51 'alloca' 'p_0_1_0_0_091' <Predicate = true> <Delay = 0.00>
ST_1 : Operation 52 [1/1] (0.00ns)   --->   "%p_0_2_0_0_093 = alloca i32 1"   --->   Operation 52 'alloca' 'p_0_2_0_0_093' <Predicate = true> <Delay = 0.00>
ST_1 : Operation 53 [1/1] (0.00ns)   --->   "%p_0_5_0_0_095 = alloca i32 1"   --->   Operation 53 'alloca' 'p_0_5_0_0_095' <Predicate = true> <Delay = 0.00>
ST_1 : Operation 54 [1/1] (0.00ns)   --->   "%p_0_6_0_0_097 = alloca i32 1"   --->   Operation 54 'alloca' 'p_0_6_0_0_097' <Predicate = true> <Delay = 0.00>
ST_1 : Operation 55 [1/1] (0.00ns)   --->   "%p_0_0_0_0_099 = alloca i32 1"   --->   Operation 55 'alloca' 'p_0_0_0_0_099' <Predicate = true> <Delay = 0.00>
ST_1 : Operation 56 [1/1] (0.00ns)   --->   "%p_0_1_0_0_0101 = alloca i32 1"   --->   Operation 56 'alloca' 'p_0_1_0_0_0101' <Predicate = true> <Delay = 0.00>
ST_1 : Operation 57 [1/1] (0.00ns)   --->   "%p_0_2_0_0_0103 = alloca i32 1"   --->   Operation 57 'alloca' 'p_0_2_0_0_0103' <Predicate = true> <Delay = 0.00>
ST_1 : Operation 58 [1/1] (0.00ns)   --->   "%p_0_5_0_0_0105 = alloca i32 1"   --->   Operation 58 'alloca' 'p_0_5_0_0_0105' <Predicate = true> <Delay = 0.00>
ST_1 : Operation 59 [1/1] (0.00ns)   --->   "%p_0_6_0_0_0107 = alloca i32 1"   --->   Operation 59 'alloca' 'p_0_6_0_0_0107' <Predicate = true> <Delay = 0.00>
ST_1 : Operation 60 [1/1] (0.00ns)   --->   "%p_0_1_0_0_0109 = alloca i32 1"   --->   Operation 60 'alloca' 'p_0_1_0_0_0109' <Predicate = true> <Delay = 0.00>
ST_1 : Operation 61 [1/1] (0.00ns)   --->   "%p_0_2_0_0_0111 = alloca i32 1"   --->   Operation 61 'alloca' 'p_0_2_0_0_0111' <Predicate = true> <Delay = 0.00>
ST_1 : Operation 62 [1/1] (0.00ns)   --->   "%p_0_5_0_0_0113 = alloca i32 1"   --->   Operation 62 'alloca' 'p_0_5_0_0_0113' <Predicate = true> <Delay = 0.00>
ST_1 : Operation 63 [1/1] (0.00ns)   --->   "%p_0_6_0_0_0115 = alloca i32 1"   --->   Operation 63 'alloca' 'p_0_6_0_0_0115' <Predicate = true> <Delay = 0.00>
ST_1 : Operation 64 [1/1] (0.00ns)   --->   "%p_0_1_0_0_0117 = alloca i32 1"   --->   Operation 64 'alloca' 'p_0_1_0_0_0117' <Predicate = true> <Delay = 0.00>
ST_1 : Operation 65 [1/1] (0.00ns)   --->   "%p_0_2_0_0_0119 = alloca i32 1"   --->   Operation 65 'alloca' 'p_0_2_0_0_0119' <Predicate = true> <Delay = 0.00>
ST_1 : Operation 66 [1/1] (0.00ns)   --->   "%p_0_3_0_0_0121 = alloca i32 1"   --->   Operation 66 'alloca' 'p_0_3_0_0_0121' <Predicate = true> <Delay = 0.00>
ST_1 : Operation 67 [1/1] (0.00ns)   --->   "%p_0_5_0_0_0123 = alloca i32 1"   --->   Operation 67 'alloca' 'p_0_5_0_0_0123' <Predicate = true> <Delay = 0.00>
ST_1 : Operation 68 [1/1] (0.00ns)   --->   "%p_0_6_0_0_0125 = alloca i32 1"   --->   Operation 68 'alloca' 'p_0_6_0_0_0125' <Predicate = true> <Delay = 0.00>
ST_1 : Operation 69 [1/1] (0.00ns)   --->   "%p_0_1_0_0_0127 = alloca i32 1"   --->   Operation 69 'alloca' 'p_0_1_0_0_0127' <Predicate = true> <Delay = 0.00>
ST_1 : Operation 70 [1/1] (0.00ns)   --->   "%p_0_2_0_0_0129 = alloca i32 1"   --->   Operation 70 'alloca' 'p_0_2_0_0_0129' <Predicate = true> <Delay = 0.00>
ST_1 : Operation 71 [1/1] (0.00ns)   --->   "%p_0_4_0_0_0131 = alloca i32 1"   --->   Operation 71 'alloca' 'p_0_4_0_0_0131' <Predicate = true> <Delay = 0.00>
ST_1 : Operation 72 [1/1] (0.00ns)   --->   "%p_0_5_0_0_0133 = alloca i32 1"   --->   Operation 72 'alloca' 'p_0_5_0_0_0133' <Predicate = true> <Delay = 0.00>
ST_1 : Operation 73 [1/1] (0.00ns)   --->   "%p_0_6_0_0_0135 = alloca i32 1"   --->   Operation 73 'alloca' 'p_0_6_0_0_0135' <Predicate = true> <Delay = 0.00>
ST_1 : Operation 74 [1/1] (0.00ns)   --->   "%p_0_1_0_0_0137 = alloca i32 1"   --->   Operation 74 'alloca' 'p_0_1_0_0_0137' <Predicate = true> <Delay = 0.00>
ST_1 : Operation 75 [1/1] (0.00ns)   --->   "%p_0_2_0_0_0139 = alloca i32 1"   --->   Operation 75 'alloca' 'p_0_2_0_0_0139' <Predicate = true> <Delay = 0.00>
ST_1 : Operation 76 [1/1] (0.00ns)   --->   "%p_0_5_0_0_0141 = alloca i32 1"   --->   Operation 76 'alloca' 'p_0_5_0_0_0141' <Predicate = true> <Delay = 0.00>
ST_1 : Operation 77 [1/1] (0.00ns)   --->   "%p_0_6_0_0_0143 = alloca i32 1"   --->   Operation 77 'alloca' 'p_0_6_0_0_0143' <Predicate = true> <Delay = 0.00>
ST_1 : Operation 78 [1/1] (0.00ns)   --->   "%p_0_1_0_0_0145 = alloca i32 1"   --->   Operation 78 'alloca' 'p_0_1_0_0_0145' <Predicate = true> <Delay = 0.00>
ST_1 : Operation 79 [1/1] (0.00ns)   --->   "%p_0_2_0_0_0147 = alloca i32 1"   --->   Operation 79 'alloca' 'p_0_2_0_0_0147' <Predicate = true> <Delay = 0.00>
ST_1 : Operation 80 [1/1] (0.00ns)   --->   "%p_0_5_0_0_0149 = alloca i32 1"   --->   Operation 80 'alloca' 'p_0_5_0_0_0149' <Predicate = true> <Delay = 0.00>
ST_1 : Operation 81 [1/1] (0.00ns)   --->   "%p_0_6_0_0_0151 = alloca i32 1"   --->   Operation 81 'alloca' 'p_0_6_0_0_0151' <Predicate = true> <Delay = 0.00>
ST_1 : Operation 82 [1/1] (0.00ns)   --->   "%p_0_1_0_0_0153 = alloca i32 1"   --->   Operation 82 'alloca' 'p_0_1_0_0_0153' <Predicate = true> <Delay = 0.00>
ST_1 : Operation 83 [1/1] (0.00ns)   --->   "%p_0_2_0_0_0155 = alloca i32 1"   --->   Operation 83 'alloca' 'p_0_2_0_0_0155' <Predicate = true> <Delay = 0.00>
ST_1 : Operation 84 [1/1] (0.00ns)   --->   "%p_0_5_0_0_0157 = alloca i32 1"   --->   Operation 84 'alloca' 'p_0_5_0_0_0157' <Predicate = true> <Delay = 0.00>
ST_1 : Operation 85 [1/1] (0.00ns)   --->   "%p_0_6_0_0_0159 = alloca i32 1"   --->   Operation 85 'alloca' 'p_0_6_0_0_0159' <Predicate = true> <Delay = 0.00>
ST_1 : Operation 86 [1/1] (0.00ns)   --->   "%p_0_1_0_0_0161 = alloca i32 1"   --->   Operation 86 'alloca' 'p_0_1_0_0_0161' <Predicate = true> <Delay = 0.00>
ST_1 : Operation 87 [1/1] (0.00ns)   --->   "%p_0_2_0_0_0163 = alloca i32 1"   --->   Operation 87 'alloca' 'p_0_2_0_0_0163' <Predicate = true> <Delay = 0.00>
ST_1 : Operation 88 [1/1] (0.00ns)   --->   "%p_0_5_0_0_0165 = alloca i32 1"   --->   Operation 88 'alloca' 'p_0_5_0_0_0165' <Predicate = true> <Delay = 0.00>
ST_1 : Operation 89 [1/1] (0.00ns)   --->   "%p_0_6_0_0_0167 = alloca i32 1"   --->   Operation 89 'alloca' 'p_0_6_0_0_0167' <Predicate = true> <Delay = 0.00>
ST_1 : Operation 90 [1/1] (0.00ns)   --->   "%p_0_1_0_0_0169 = alloca i32 1"   --->   Operation 90 'alloca' 'p_0_1_0_0_0169' <Predicate = true> <Delay = 0.00>
ST_1 : Operation 91 [1/1] (0.00ns)   --->   "%p_0_2_0_0_0171 = alloca i32 1"   --->   Operation 91 'alloca' 'p_0_2_0_0_0171' <Predicate = true> <Delay = 0.00>
ST_1 : Operation 92 [1/1] (0.00ns)   --->   "%p_0_4_0_0_0173 = alloca i32 1"   --->   Operation 92 'alloca' 'p_0_4_0_0_0173' <Predicate = true> <Delay = 0.00>
ST_1 : Operation 93 [1/1] (0.00ns)   --->   "%p_0_5_0_0_0175 = alloca i32 1"   --->   Operation 93 'alloca' 'p_0_5_0_0_0175' <Predicate = true> <Delay = 0.00>
ST_1 : Operation 94 [1/1] (0.00ns)   --->   "%p_0_6_0_0_0177 = alloca i32 1"   --->   Operation 94 'alloca' 'p_0_6_0_0_0177' <Predicate = true> <Delay = 0.00>
ST_1 : Operation 95 [1/1] (0.00ns)   --->   "%p_0_1_0_0_0179 = alloca i32 1"   --->   Operation 95 'alloca' 'p_0_1_0_0_0179' <Predicate = true> <Delay = 0.00>
ST_1 : Operation 96 [1/1] (0.00ns)   --->   "%p_0_2_0_0_0181 = alloca i32 1"   --->   Operation 96 'alloca' 'p_0_2_0_0_0181' <Predicate = true> <Delay = 0.00>
ST_1 : Operation 97 [1/1] (0.00ns)   --->   "%p_0_5_0_0_0183 = alloca i32 1"   --->   Operation 97 'alloca' 'p_0_5_0_0_0183' <Predicate = true> <Delay = 0.00>
ST_1 : Operation 98 [1/1] (0.00ns)   --->   "%p_0_6_0_0_0185 = alloca i32 1"   --->   Operation 98 'alloca' 'p_0_6_0_0_0185' <Predicate = true> <Delay = 0.00>
ST_1 : Operation 99 [1/1] (0.00ns)   --->   "%p_0_1_0_0_0187 = alloca i32 1"   --->   Operation 99 'alloca' 'p_0_1_0_0_0187' <Predicate = true> <Delay = 0.00>
ST_1 : Operation 100 [1/1] (0.00ns)   --->   "%p_0_2_0_0_0189 = alloca i32 1"   --->   Operation 100 'alloca' 'p_0_2_0_0_0189' <Predicate = true> <Delay = 0.00>
ST_1 : Operation 101 [1/1] (0.00ns)   --->   "%p_0_5_0_0_0191 = alloca i32 1"   --->   Operation 101 'alloca' 'p_0_5_0_0_0191' <Predicate = true> <Delay = 0.00>
ST_1 : Operation 102 [1/1] (0.00ns)   --->   "%p_0_6_0_0_0193 = alloca i32 1"   --->   Operation 102 'alloca' 'p_0_6_0_0_0193' <Predicate = true> <Delay = 0.00>
ST_1 : Operation 103 [1/1] (0.00ns)   --->   "%p_0_1_0_0_0195 = alloca i32 1"   --->   Operation 103 'alloca' 'p_0_1_0_0_0195' <Predicate = true> <Delay = 0.00>
ST_1 : Operation 104 [1/1] (0.00ns)   --->   "%p_0_2_0_0_0197 = alloca i32 1"   --->   Operation 104 'alloca' 'p_0_2_0_0_0197' <Predicate = true> <Delay = 0.00>
ST_1 : Operation 105 [1/1] (0.00ns)   --->   "%p_0_5_0_0_0199 = alloca i32 1"   --->   Operation 105 'alloca' 'p_0_5_0_0_0199' <Predicate = true> <Delay = 0.00>
ST_1 : Operation 106 [1/1] (0.00ns)   --->   "%p_0_6_0_0_0201 = alloca i32 1"   --->   Operation 106 'alloca' 'p_0_6_0_0_0201' <Predicate = true> <Delay = 0.00>
ST_1 : Operation 107 [1/1] (0.00ns)   --->   "%p_0_1_0_0_0203 = alloca i32 1"   --->   Operation 107 'alloca' 'p_0_1_0_0_0203' <Predicate = true> <Delay = 0.00>
ST_1 : Operation 108 [1/1] (0.00ns)   --->   "%p_0_2_0_0_0205 = alloca i32 1"   --->   Operation 108 'alloca' 'p_0_2_0_0_0205' <Predicate = true> <Delay = 0.00>
ST_1 : Operation 109 [1/1] (0.00ns)   --->   "%p_0_5_0_0_0207 = alloca i32 1"   --->   Operation 109 'alloca' 'p_0_5_0_0_0207' <Predicate = true> <Delay = 0.00>
ST_1 : Operation 110 [1/1] (0.00ns)   --->   "%p_0_6_0_0_0209 = alloca i32 1"   --->   Operation 110 'alloca' 'p_0_6_0_0_0209' <Predicate = true> <Delay = 0.00>
ST_1 : Operation 111 [1/1] (0.00ns)   --->   "%p_0_1_0_0_0211 = alloca i32 1"   --->   Operation 111 'alloca' 'p_0_1_0_0_0211' <Predicate = true> <Delay = 0.00>
ST_1 : Operation 112 [1/1] (0.00ns)   --->   "%p_0_2_0_0_0213 = alloca i32 1"   --->   Operation 112 'alloca' 'p_0_2_0_0_0213' <Predicate = true> <Delay = 0.00>
ST_1 : Operation 113 [1/1] (0.00ns)   --->   "%p_0_5_0_0_0215 = alloca i32 1"   --->   Operation 113 'alloca' 'p_0_5_0_0_0215' <Predicate = true> <Delay = 0.00>
ST_1 : Operation 114 [1/1] (0.00ns)   --->   "%p_0_6_0_0_0217 = alloca i32 1"   --->   Operation 114 'alloca' 'p_0_6_0_0_0217' <Predicate = true> <Delay = 0.00>
ST_1 : Operation 115 [1/1] (0.00ns)   --->   "%p_0_1_0_0_0219 = alloca i32 1"   --->   Operation 115 'alloca' 'p_0_1_0_0_0219' <Predicate = true> <Delay = 0.00>
ST_1 : Operation 116 [1/1] (0.00ns)   --->   "%p_0_2_0_0_0221 = alloca i32 1"   --->   Operation 116 'alloca' 'p_0_2_0_0_0221' <Predicate = true> <Delay = 0.00>
ST_1 : Operation 117 [1/1] (0.00ns)   --->   "%p_0_5_0_0_0223 = alloca i32 1"   --->   Operation 117 'alloca' 'p_0_5_0_0_0223' <Predicate = true> <Delay = 0.00>
ST_1 : Operation 118 [1/1] (0.00ns)   --->   "%p_0_6_0_0_0225 = alloca i32 1"   --->   Operation 118 'alloca' 'p_0_6_0_0_0225' <Predicate = true> <Delay = 0.00>
ST_1 : Operation 119 [1/1] (0.00ns)   --->   "%p_0_1_0_0_0227 = alloca i32 1"   --->   Operation 119 'alloca' 'p_0_1_0_0_0227' <Predicate = true> <Delay = 0.00>
ST_1 : Operation 120 [1/1] (0.00ns)   --->   "%p_0_2_0_0_0229 = alloca i32 1"   --->   Operation 120 'alloca' 'p_0_2_0_0_0229' <Predicate = true> <Delay = 0.00>
ST_1 : Operation 121 [1/1] (0.00ns)   --->   "%p_0_5_0_0_0231 = alloca i32 1"   --->   Operation 121 'alloca' 'p_0_5_0_0_0231' <Predicate = true> <Delay = 0.00>
ST_1 : Operation 122 [1/1] (0.00ns)   --->   "%p_0_6_0_0_0233 = alloca i32 1"   --->   Operation 122 'alloca' 'p_0_6_0_0_0233' <Predicate = true> <Delay = 0.00>
ST_1 : Operation 123 [1/1] (0.00ns)   --->   "%p_0_1_0_0_0235 = alloca i32 1"   --->   Operation 123 'alloca' 'p_0_1_0_0_0235' <Predicate = true> <Delay = 0.00>
ST_1 : Operation 124 [1/1] (0.00ns)   --->   "%p_0_2_0_0_0237 = alloca i32 1"   --->   Operation 124 'alloca' 'p_0_2_0_0_0237' <Predicate = true> <Delay = 0.00>
ST_1 : Operation 125 [1/1] (0.00ns)   --->   "%p_0_5_0_0_0239 = alloca i32 1"   --->   Operation 125 'alloca' 'p_0_5_0_0_0239' <Predicate = true> <Delay = 0.00>
ST_1 : Operation 126 [1/1] (0.00ns)   --->   "%p_0_6_0_0_0241 = alloca i32 1"   --->   Operation 126 'alloca' 'p_0_6_0_0_0241' <Predicate = true> <Delay = 0.00>
ST_1 : Operation 127 [1/1] (0.00ns)   --->   "%p_0_1_0_0_0243 = alloca i32 1"   --->   Operation 127 'alloca' 'p_0_1_0_0_0243' <Predicate = true> <Delay = 0.00>
ST_1 : Operation 128 [1/1] (0.00ns)   --->   "%p_0_2_0_0_0245 = alloca i32 1"   --->   Operation 128 'alloca' 'p_0_2_0_0_0245' <Predicate = true> <Delay = 0.00>
ST_1 : Operation 129 [1/1] (0.00ns)   --->   "%p_0_5_0_0_0247 = alloca i32 1"   --->   Operation 129 'alloca' 'p_0_5_0_0_0247' <Predicate = true> <Delay = 0.00>
ST_1 : Operation 130 [1/1] (0.00ns)   --->   "%p_0_6_0_0_0249 = alloca i32 1"   --->   Operation 130 'alloca' 'p_0_6_0_0_0249' <Predicate = true> <Delay = 0.00>
ST_1 : Operation 131 [1/1] (0.00ns)   --->   "%p_0_1_0_0_0251 = alloca i32 1"   --->   Operation 131 'alloca' 'p_0_1_0_0_0251' <Predicate = true> <Delay = 0.00>
ST_1 : Operation 132 [1/1] (0.00ns)   --->   "%p_0_2_0_0_0253 = alloca i32 1"   --->   Operation 132 'alloca' 'p_0_2_0_0_0253' <Predicate = true> <Delay = 0.00>
ST_1 : Operation 133 [1/1] (0.00ns)   --->   "%p_0_5_0_0_0255 = alloca i32 1"   --->   Operation 133 'alloca' 'p_0_5_0_0_0255' <Predicate = true> <Delay = 0.00>
ST_1 : Operation 134 [1/1] (0.00ns)   --->   "%p_0_6_0_0_0257 = alloca i32 1"   --->   Operation 134 'alloca' 'p_0_6_0_0_0257' <Predicate = true> <Delay = 0.00>
ST_1 : Operation 135 [1/1] (0.00ns)   --->   "%p_0_1_0_0_0259 = alloca i32 1"   --->   Operation 135 'alloca' 'p_0_1_0_0_0259' <Predicate = true> <Delay = 0.00>
ST_1 : Operation 136 [1/1] (0.00ns)   --->   "%p_0_2_0_0_0261 = alloca i32 1"   --->   Operation 136 'alloca' 'p_0_2_0_0_0261' <Predicate = true> <Delay = 0.00>
ST_1 : Operation 137 [1/1] (0.00ns)   --->   "%p_0_5_0_0_0263 = alloca i32 1"   --->   Operation 137 'alloca' 'p_0_5_0_0_0263' <Predicate = true> <Delay = 0.00>
ST_1 : Operation 138 [1/1] (0.00ns)   --->   "%p_0_6_0_0_0265 = alloca i32 1"   --->   Operation 138 'alloca' 'p_0_6_0_0_0265' <Predicate = true> <Delay = 0.00>
ST_1 : Operation 139 [1/1] (0.00ns)   --->   "%p_0_0_0_0_0267 = alloca i32 1"   --->   Operation 139 'alloca' 'p_0_0_0_0_0267' <Predicate = true> <Delay = 0.00>
ST_1 : Operation 140 [1/1] (0.00ns)   --->   "%p_0_1_0_0_0269 = alloca i32 1"   --->   Operation 140 'alloca' 'p_0_1_0_0_0269' <Predicate = true> <Delay = 0.00>
ST_1 : Operation 141 [1/1] (0.00ns)   --->   "%p_0_2_0_0_0271 = alloca i32 1"   --->   Operation 141 'alloca' 'p_0_2_0_0_0271' <Predicate = true> <Delay = 0.00>
ST_1 : Operation 142 [1/1] (0.00ns)   --->   "%p_0_5_0_0_0273 = alloca i32 1"   --->   Operation 142 'alloca' 'p_0_5_0_0_0273' <Predicate = true> <Delay = 0.00>
ST_1 : Operation 143 [1/1] (0.00ns)   --->   "%p_0_6_0_0_0275 = alloca i32 1"   --->   Operation 143 'alloca' 'p_0_6_0_0_0275' <Predicate = true> <Delay = 0.00>
ST_1 : Operation 144 [1/1] (0.00ns)   --->   "%p_0_0_0_0_0277 = alloca i32 1"   --->   Operation 144 'alloca' 'p_0_0_0_0_0277' <Predicate = true> <Delay = 0.00>
ST_1 : Operation 145 [1/1] (0.00ns)   --->   "%p_0_1_0_0_0279 = alloca i32 1"   --->   Operation 145 'alloca' 'p_0_1_0_0_0279' <Predicate = true> <Delay = 0.00>
ST_1 : Operation 146 [1/1] (0.00ns)   --->   "%p_0_2_0_0_0281 = alloca i32 1"   --->   Operation 146 'alloca' 'p_0_2_0_0_0281' <Predicate = true> <Delay = 0.00>
ST_1 : Operation 147 [1/1] (0.00ns)   --->   "%p_0_5_0_0_0283 = alloca i32 1"   --->   Operation 147 'alloca' 'p_0_5_0_0_0283' <Predicate = true> <Delay = 0.00>
ST_1 : Operation 148 [1/1] (0.00ns)   --->   "%p_0_6_0_0_0285 = alloca i32 1"   --->   Operation 148 'alloca' 'p_0_6_0_0_0285' <Predicate = true> <Delay = 0.00>
ST_1 : Operation 149 [1/1] (0.00ns)   --->   "%p_0_1_0_0_0287 = alloca i32 1"   --->   Operation 149 'alloca' 'p_0_1_0_0_0287' <Predicate = true> <Delay = 0.00>
ST_1 : Operation 150 [1/1] (0.00ns)   --->   "%p_0_2_0_0_0289 = alloca i32 1"   --->   Operation 150 'alloca' 'p_0_2_0_0_0289' <Predicate = true> <Delay = 0.00>
ST_1 : Operation 151 [1/1] (0.00ns)   --->   "%p_0_5_0_0_0291 = alloca i32 1"   --->   Operation 151 'alloca' 'p_0_5_0_0_0291' <Predicate = true> <Delay = 0.00>
ST_1 : Operation 152 [1/1] (0.00ns)   --->   "%p_0_6_0_0_0293 = alloca i32 1"   --->   Operation 152 'alloca' 'p_0_6_0_0_0293' <Predicate = true> <Delay = 0.00>
ST_1 : Operation 153 [1/1] (0.00ns)   --->   "%p_0_1_0_0_0295 = alloca i32 1"   --->   Operation 153 'alloca' 'p_0_1_0_0_0295' <Predicate = true> <Delay = 0.00>
ST_1 : Operation 154 [1/1] (0.00ns)   --->   "%p_0_2_0_0_0297 = alloca i32 1"   --->   Operation 154 'alloca' 'p_0_2_0_0_0297' <Predicate = true> <Delay = 0.00>
ST_1 : Operation 155 [1/1] (0.00ns)   --->   "%p_0_4_0_0_0299 = alloca i32 1"   --->   Operation 155 'alloca' 'p_0_4_0_0_0299' <Predicate = true> <Delay = 0.00>
ST_1 : Operation 156 [1/1] (0.00ns)   --->   "%p_0_5_0_0_0301 = alloca i32 1"   --->   Operation 156 'alloca' 'p_0_5_0_0_0301' <Predicate = true> <Delay = 0.00>
ST_1 : Operation 157 [1/1] (0.00ns)   --->   "%p_0_6_0_0_0303 = alloca i32 1"   --->   Operation 157 'alloca' 'p_0_6_0_0_0303' <Predicate = true> <Delay = 0.00>
ST_1 : Operation 158 [1/1] (0.00ns)   --->   "%p_0_1_0_0_0305 = alloca i32 1"   --->   Operation 158 'alloca' 'p_0_1_0_0_0305' <Predicate = true> <Delay = 0.00>
ST_1 : Operation 159 [1/1] (0.00ns)   --->   "%p_0_2_0_0_0307 = alloca i32 1"   --->   Operation 159 'alloca' 'p_0_2_0_0_0307' <Predicate = true> <Delay = 0.00>
ST_1 : Operation 160 [1/1] (0.00ns)   --->   "%p_0_5_0_0_0309 = alloca i32 1"   --->   Operation 160 'alloca' 'p_0_5_0_0_0309' <Predicate = true> <Delay = 0.00>
ST_1 : Operation 161 [1/1] (0.00ns)   --->   "%p_0_6_0_0_0311 = alloca i32 1"   --->   Operation 161 'alloca' 'p_0_6_0_0_0311' <Predicate = true> <Delay = 0.00>
ST_1 : Operation 162 [1/1] (0.00ns)   --->   "%p_0_1_0_0_0313 = alloca i32 1"   --->   Operation 162 'alloca' 'p_0_1_0_0_0313' <Predicate = true> <Delay = 0.00>
ST_1 : Operation 163 [1/1] (0.00ns)   --->   "%p_0_2_0_0_0315 = alloca i32 1"   --->   Operation 163 'alloca' 'p_0_2_0_0_0315' <Predicate = true> <Delay = 0.00>
ST_1 : Operation 164 [1/1] (0.00ns)   --->   "%p_0_5_0_0_0317 = alloca i32 1"   --->   Operation 164 'alloca' 'p_0_5_0_0_0317' <Predicate = true> <Delay = 0.00>
ST_1 : Operation 165 [1/1] (0.00ns)   --->   "%p_0_6_0_0_0319 = alloca i32 1"   --->   Operation 165 'alloca' 'p_0_6_0_0_0319' <Predicate = true> <Delay = 0.00>
ST_1 : Operation 166 [1/1] (0.00ns)   --->   "%p_0_1_0_0_0321 = alloca i32 1"   --->   Operation 166 'alloca' 'p_0_1_0_0_0321' <Predicate = true> <Delay = 0.00>
ST_1 : Operation 167 [1/1] (0.00ns)   --->   "%p_0_2_0_0_0323 = alloca i32 1"   --->   Operation 167 'alloca' 'p_0_2_0_0_0323' <Predicate = true> <Delay = 0.00>
ST_1 : Operation 168 [1/1] (0.00ns)   --->   "%p_0_5_0_0_0325 = alloca i32 1"   --->   Operation 168 'alloca' 'p_0_5_0_0_0325' <Predicate = true> <Delay = 0.00>
ST_1 : Operation 169 [1/1] (0.00ns)   --->   "%p_0_6_0_0_0327 = alloca i32 1"   --->   Operation 169 'alloca' 'p_0_6_0_0_0327' <Predicate = true> <Delay = 0.00>
ST_1 : Operation 170 [1/1] (0.00ns)   --->   "%p_0_1_0_0_0329 = alloca i32 1"   --->   Operation 170 'alloca' 'p_0_1_0_0_0329' <Predicate = true> <Delay = 0.00>
ST_1 : Operation 171 [1/1] (0.00ns)   --->   "%p_0_2_0_0_0331 = alloca i32 1"   --->   Operation 171 'alloca' 'p_0_2_0_0_0331' <Predicate = true> <Delay = 0.00>
ST_1 : Operation 172 [1/1] (0.00ns)   --->   "%p_0_5_0_0_0333 = alloca i32 1"   --->   Operation 172 'alloca' 'p_0_5_0_0_0333' <Predicate = true> <Delay = 0.00>
ST_1 : Operation 173 [1/1] (0.00ns)   --->   "%p_0_6_0_0_0335 = alloca i32 1"   --->   Operation 173 'alloca' 'p_0_6_0_0_0335' <Predicate = true> <Delay = 0.00>
ST_1 : Operation 174 [1/1] (0.00ns)   --->   "%p_0_1_0_0_0337 = alloca i32 1"   --->   Operation 174 'alloca' 'p_0_1_0_0_0337' <Predicate = true> <Delay = 0.00>
ST_1 : Operation 175 [1/1] (0.00ns)   --->   "%p_0_2_0_0_0339 = alloca i32 1"   --->   Operation 175 'alloca' 'p_0_2_0_0_0339' <Predicate = true> <Delay = 0.00>
ST_1 : Operation 176 [1/1] (0.00ns)   --->   "%p_0_5_0_0_0341 = alloca i32 1"   --->   Operation 176 'alloca' 'p_0_5_0_0_0341' <Predicate = true> <Delay = 0.00>
ST_1 : Operation 177 [1/1] (0.00ns)   --->   "%p_0_6_0_0_0343 = alloca i32 1"   --->   Operation 177 'alloca' 'p_0_6_0_0_0343' <Predicate = true> <Delay = 0.00>
ST_1 : Operation 178 [1/1] (0.00ns)   --->   "%p_0_1_0_0_0345 = alloca i32 1"   --->   Operation 178 'alloca' 'p_0_1_0_0_0345' <Predicate = true> <Delay = 0.00>
ST_1 : Operation 179 [1/1] (0.00ns)   --->   "%p_0_2_0_0_0347 = alloca i32 1"   --->   Operation 179 'alloca' 'p_0_2_0_0_0347' <Predicate = true> <Delay = 0.00>
ST_1 : Operation 180 [1/1] (0.00ns)   --->   "%p_0_5_0_0_0349 = alloca i32 1"   --->   Operation 180 'alloca' 'p_0_5_0_0_0349' <Predicate = true> <Delay = 0.00>
ST_1 : Operation 181 [1/1] (0.00ns)   --->   "%p_0_6_0_0_0351 = alloca i32 1"   --->   Operation 181 'alloca' 'p_0_6_0_0_0351' <Predicate = true> <Delay = 0.00>
ST_1 : Operation 182 [1/1] (0.00ns)   --->   "%p_0_1_0_0_0353 = alloca i32 1"   --->   Operation 182 'alloca' 'p_0_1_0_0_0353' <Predicate = true> <Delay = 0.00>
ST_1 : Operation 183 [1/1] (0.00ns)   --->   "%p_0_2_0_0_0355 = alloca i32 1"   --->   Operation 183 'alloca' 'p_0_2_0_0_0355' <Predicate = true> <Delay = 0.00>
ST_1 : Operation 184 [1/1] (0.00ns)   --->   "%p_0_5_0_0_0357 = alloca i32 1"   --->   Operation 184 'alloca' 'p_0_5_0_0_0357' <Predicate = true> <Delay = 0.00>
ST_1 : Operation 185 [1/1] (0.00ns)   --->   "%p_0_6_0_0_0359 = alloca i32 1"   --->   Operation 185 'alloca' 'p_0_6_0_0_0359' <Predicate = true> <Delay = 0.00>
ST_1 : Operation 186 [1/1] (0.00ns)   --->   "%p_0_1_0_0_0361 = alloca i32 1"   --->   Operation 186 'alloca' 'p_0_1_0_0_0361' <Predicate = true> <Delay = 0.00>
ST_1 : Operation 187 [1/1] (0.00ns)   --->   "%p_0_2_0_0_0363 = alloca i32 1"   --->   Operation 187 'alloca' 'p_0_2_0_0_0363' <Predicate = true> <Delay = 0.00>
ST_1 : Operation 188 [1/1] (0.00ns)   --->   "%p_0_3_0_0_0365 = alloca i32 1"   --->   Operation 188 'alloca' 'p_0_3_0_0_0365' <Predicate = true> <Delay = 0.00>
ST_1 : Operation 189 [1/1] (0.00ns)   --->   "%p_0_5_0_0_0367 = alloca i32 1"   --->   Operation 189 'alloca' 'p_0_5_0_0_0367' <Predicate = true> <Delay = 0.00>
ST_1 : Operation 190 [1/1] (0.00ns)   --->   "%p_0_6_0_0_0369 = alloca i32 1"   --->   Operation 190 'alloca' 'p_0_6_0_0_0369' <Predicate = true> <Delay = 0.00>
ST_1 : Operation 191 [1/1] (0.00ns)   --->   "%p_0_1_0_0_0371 = alloca i32 1"   --->   Operation 191 'alloca' 'p_0_1_0_0_0371' <Predicate = true> <Delay = 0.00>
ST_1 : Operation 192 [1/1] (0.00ns)   --->   "%p_0_2_0_0_0373 = alloca i32 1"   --->   Operation 192 'alloca' 'p_0_2_0_0_0373' <Predicate = true> <Delay = 0.00>
ST_1 : Operation 193 [1/1] (0.00ns)   --->   "%p_0_5_0_0_0375 = alloca i32 1"   --->   Operation 193 'alloca' 'p_0_5_0_0_0375' <Predicate = true> <Delay = 0.00>
ST_1 : Operation 194 [1/1] (0.00ns)   --->   "%p_0_6_0_0_0377 = alloca i32 1"   --->   Operation 194 'alloca' 'p_0_6_0_0_0377' <Predicate = true> <Delay = 0.00>
ST_1 : Operation 195 [1/1] (0.00ns)   --->   "%p_0_1_0_0_0379 = alloca i32 1"   --->   Operation 195 'alloca' 'p_0_1_0_0_0379' <Predicate = true> <Delay = 0.00>
ST_1 : Operation 196 [1/1] (0.00ns)   --->   "%p_0_2_0_0_0381 = alloca i32 1"   --->   Operation 196 'alloca' 'p_0_2_0_0_0381' <Predicate = true> <Delay = 0.00>
ST_1 : Operation 197 [1/1] (0.00ns)   --->   "%p_0_5_0_0_0383 = alloca i32 1"   --->   Operation 197 'alloca' 'p_0_5_0_0_0383' <Predicate = true> <Delay = 0.00>
ST_1 : Operation 198 [1/1] (0.00ns)   --->   "%p_0_6_0_0_0385 = alloca i32 1"   --->   Operation 198 'alloca' 'p_0_6_0_0_0385' <Predicate = true> <Delay = 0.00>
ST_1 : Operation 199 [1/1] (0.00ns)   --->   "%p_0_1_0_0_0387 = alloca i32 1"   --->   Operation 199 'alloca' 'p_0_1_0_0_0387' <Predicate = true> <Delay = 0.00>
ST_1 : Operation 200 [1/1] (0.00ns)   --->   "%p_0_2_0_0_0389 = alloca i32 1"   --->   Operation 200 'alloca' 'p_0_2_0_0_0389' <Predicate = true> <Delay = 0.00>
ST_1 : Operation 201 [1/1] (0.00ns)   --->   "%p_0_5_0_0_0391 = alloca i32 1"   --->   Operation 201 'alloca' 'p_0_5_0_0_0391' <Predicate = true> <Delay = 0.00>
ST_1 : Operation 202 [1/1] (0.00ns)   --->   "%p_0_6_0_0_0393 = alloca i32 1"   --->   Operation 202 'alloca' 'p_0_6_0_0_0393' <Predicate = true> <Delay = 0.00>
ST_1 : Operation 203 [1/1] (0.00ns)   --->   "%p_0_1_0_0_0395 = alloca i32 1"   --->   Operation 203 'alloca' 'p_0_1_0_0_0395' <Predicate = true> <Delay = 0.00>
ST_1 : Operation 204 [1/1] (0.00ns)   --->   "%p_0_2_0_0_0397 = alloca i32 1"   --->   Operation 204 'alloca' 'p_0_2_0_0_0397' <Predicate = true> <Delay = 0.00>
ST_1 : Operation 205 [1/1] (0.00ns)   --->   "%p_0_5_0_0_0399 = alloca i32 1"   --->   Operation 205 'alloca' 'p_0_5_0_0_0399' <Predicate = true> <Delay = 0.00>
ST_1 : Operation 206 [1/1] (0.00ns)   --->   "%p_0_6_0_0_0401 = alloca i32 1"   --->   Operation 206 'alloca' 'p_0_6_0_0_0401' <Predicate = true> <Delay = 0.00>
ST_1 : Operation 207 [1/1] (0.00ns)   --->   "%p_0_1_0_0_0403 = alloca i32 1"   --->   Operation 207 'alloca' 'p_0_1_0_0_0403' <Predicate = true> <Delay = 0.00>
ST_1 : Operation 208 [1/1] (0.00ns)   --->   "%p_0_2_0_0_0405 = alloca i32 1"   --->   Operation 208 'alloca' 'p_0_2_0_0_0405' <Predicate = true> <Delay = 0.00>
ST_1 : Operation 209 [1/1] (0.00ns)   --->   "%p_0_5_0_0_0407 = alloca i32 1"   --->   Operation 209 'alloca' 'p_0_5_0_0_0407' <Predicate = true> <Delay = 0.00>
ST_1 : Operation 210 [1/1] (0.00ns)   --->   "%p_0_6_0_0_0409 = alloca i32 1"   --->   Operation 210 'alloca' 'p_0_6_0_0_0409' <Predicate = true> <Delay = 0.00>
ST_1 : Operation 211 [1/1] (0.00ns)   --->   "%p_0_1_0_0_0411 = alloca i32 1"   --->   Operation 211 'alloca' 'p_0_1_0_0_0411' <Predicate = true> <Delay = 0.00>
ST_1 : Operation 212 [1/1] (0.00ns)   --->   "%p_0_2_0_0_0413 = alloca i32 1"   --->   Operation 212 'alloca' 'p_0_2_0_0_0413' <Predicate = true> <Delay = 0.00>
ST_1 : Operation 213 [1/1] (0.00ns)   --->   "%p_0_4_0_0_0415 = alloca i32 1"   --->   Operation 213 'alloca' 'p_0_4_0_0_0415' <Predicate = true> <Delay = 0.00>
ST_1 : Operation 214 [1/1] (0.00ns)   --->   "%p_0_5_0_0_0417 = alloca i32 1"   --->   Operation 214 'alloca' 'p_0_5_0_0_0417' <Predicate = true> <Delay = 0.00>
ST_1 : Operation 215 [1/1] (0.00ns)   --->   "%p_0_6_0_0_0419 = alloca i32 1"   --->   Operation 215 'alloca' 'p_0_6_0_0_0419' <Predicate = true> <Delay = 0.00>
ST_1 : Operation 216 [1/1] (0.00ns)   --->   "%p_0_1_0_0_0421 = alloca i32 1"   --->   Operation 216 'alloca' 'p_0_1_0_0_0421' <Predicate = true> <Delay = 0.00>
ST_1 : Operation 217 [1/1] (0.00ns)   --->   "%p_0_2_0_0_0423 = alloca i32 1"   --->   Operation 217 'alloca' 'p_0_2_0_0_0423' <Predicate = true> <Delay = 0.00>
ST_1 : Operation 218 [1/1] (0.00ns)   --->   "%p_0_5_0_0_0425 = alloca i32 1"   --->   Operation 218 'alloca' 'p_0_5_0_0_0425' <Predicate = true> <Delay = 0.00>
ST_1 : Operation 219 [1/1] (0.00ns)   --->   "%p_0_6_0_0_0427 = alloca i32 1"   --->   Operation 219 'alloca' 'p_0_6_0_0_0427' <Predicate = true> <Delay = 0.00>
ST_1 : Operation 220 [1/1] (0.00ns)   --->   "%p_0_1_0_0_0429 = alloca i32 1"   --->   Operation 220 'alloca' 'p_0_1_0_0_0429' <Predicate = true> <Delay = 0.00>
ST_1 : Operation 221 [1/1] (0.00ns)   --->   "%p_0_2_0_0_0431 = alloca i32 1"   --->   Operation 221 'alloca' 'p_0_2_0_0_0431' <Predicate = true> <Delay = 0.00>
ST_1 : Operation 222 [1/1] (0.00ns)   --->   "%p_0_5_0_0_0433 = alloca i32 1"   --->   Operation 222 'alloca' 'p_0_5_0_0_0433' <Predicate = true> <Delay = 0.00>
ST_1 : Operation 223 [1/1] (0.00ns)   --->   "%p_0_6_0_0_0435 = alloca i32 1"   --->   Operation 223 'alloca' 'p_0_6_0_0_0435' <Predicate = true> <Delay = 0.00>
ST_1 : Operation 224 [1/1] (0.00ns)   --->   "%p_0_1_0_0_0437 = alloca i32 1"   --->   Operation 224 'alloca' 'p_0_1_0_0_0437' <Predicate = true> <Delay = 0.00>
ST_1 : Operation 225 [1/1] (0.00ns)   --->   "%p_0_2_0_0_0439 = alloca i32 1"   --->   Operation 225 'alloca' 'p_0_2_0_0_0439' <Predicate = true> <Delay = 0.00>
ST_1 : Operation 226 [1/1] (0.00ns)   --->   "%p_0_5_0_0_0441 = alloca i32 1"   --->   Operation 226 'alloca' 'p_0_5_0_0_0441' <Predicate = true> <Delay = 0.00>
ST_1 : Operation 227 [1/1] (0.00ns)   --->   "%p_0_6_0_0_0443 = alloca i32 1"   --->   Operation 227 'alloca' 'p_0_6_0_0_0443' <Predicate = true> <Delay = 0.00>
ST_1 : Operation 228 [1/1] (0.00ns)   --->   "%p_0_1_0_0_0445 = alloca i32 1"   --->   Operation 228 'alloca' 'p_0_1_0_0_0445' <Predicate = true> <Delay = 0.00>
ST_1 : Operation 229 [1/1] (0.00ns)   --->   "%p_0_2_0_0_0447 = alloca i32 1"   --->   Operation 229 'alloca' 'p_0_2_0_0_0447' <Predicate = true> <Delay = 0.00>
ST_1 : Operation 230 [1/1] (0.00ns)   --->   "%p_0_5_0_0_0449 = alloca i32 1"   --->   Operation 230 'alloca' 'p_0_5_0_0_0449' <Predicate = true> <Delay = 0.00>
ST_1 : Operation 231 [1/1] (0.00ns)   --->   "%p_0_6_0_0_0451 = alloca i32 1"   --->   Operation 231 'alloca' 'p_0_6_0_0_0451' <Predicate = true> <Delay = 0.00>
ST_1 : Operation 232 [1/1] (0.00ns)   --->   "%p_0_1_0_0_0453 = alloca i32 1"   --->   Operation 232 'alloca' 'p_0_1_0_0_0453' <Predicate = true> <Delay = 0.00>
ST_1 : Operation 233 [1/1] (0.00ns)   --->   "%p_0_2_0_0_0455 = alloca i32 1"   --->   Operation 233 'alloca' 'p_0_2_0_0_0455' <Predicate = true> <Delay = 0.00>
ST_1 : Operation 234 [1/1] (0.00ns)   --->   "%p_0_5_0_0_0457 = alloca i32 1"   --->   Operation 234 'alloca' 'p_0_5_0_0_0457' <Predicate = true> <Delay = 0.00>
ST_1 : Operation 235 [1/1] (0.00ns)   --->   "%p_0_6_0_0_0459 = alloca i32 1"   --->   Operation 235 'alloca' 'p_0_6_0_0_0459' <Predicate = true> <Delay = 0.00>
ST_1 : Operation 236 [1/1] (0.00ns)   --->   "%p_0_1_0_0_0461 = alloca i32 1"   --->   Operation 236 'alloca' 'p_0_1_0_0_0461' <Predicate = true> <Delay = 0.00>
ST_1 : Operation 237 [1/1] (0.00ns)   --->   "%p_0_2_0_0_0463 = alloca i32 1"   --->   Operation 237 'alloca' 'p_0_2_0_0_0463' <Predicate = true> <Delay = 0.00>
ST_1 : Operation 238 [1/1] (0.00ns)   --->   "%p_0_5_0_0_0465 = alloca i32 1"   --->   Operation 238 'alloca' 'p_0_5_0_0_0465' <Predicate = true> <Delay = 0.00>
ST_1 : Operation 239 [1/1] (0.00ns)   --->   "%p_0_6_0_0_0467 = alloca i32 1"   --->   Operation 239 'alloca' 'p_0_6_0_0_0467' <Predicate = true> <Delay = 0.00>
ST_1 : Operation 240 [1/1] (0.00ns)   --->   "%p_0_1_0_0_0469 = alloca i32 1"   --->   Operation 240 'alloca' 'p_0_1_0_0_0469' <Predicate = true> <Delay = 0.00>
ST_1 : Operation 241 [1/1] (0.00ns)   --->   "%p_0_2_0_0_0471 = alloca i32 1"   --->   Operation 241 'alloca' 'p_0_2_0_0_0471' <Predicate = true> <Delay = 0.00>
ST_1 : Operation 242 [1/1] (0.00ns)   --->   "%p_0_5_0_0_0473 = alloca i32 1"   --->   Operation 242 'alloca' 'p_0_5_0_0_0473' <Predicate = true> <Delay = 0.00>
ST_1 : Operation 243 [1/1] (0.00ns)   --->   "%p_0_6_0_0_0475 = alloca i32 1"   --->   Operation 243 'alloca' 'p_0_6_0_0_0475' <Predicate = true> <Delay = 0.00>
ST_1 : Operation 244 [1/1] (0.00ns)   --->   "%p_0_1_0_0_0477 = alloca i32 1"   --->   Operation 244 'alloca' 'p_0_1_0_0_0477' <Predicate = true> <Delay = 0.00>
ST_1 : Operation 245 [1/1] (0.00ns)   --->   "%p_0_2_0_0_0479 = alloca i32 1"   --->   Operation 245 'alloca' 'p_0_2_0_0_0479' <Predicate = true> <Delay = 0.00>
ST_1 : Operation 246 [1/1] (0.00ns)   --->   "%p_0_5_0_0_0481 = alloca i32 1"   --->   Operation 246 'alloca' 'p_0_5_0_0_0481' <Predicate = true> <Delay = 0.00>
ST_1 : Operation 247 [1/1] (0.00ns)   --->   "%p_0_6_0_0_0483 = alloca i32 1"   --->   Operation 247 'alloca' 'p_0_6_0_0_0483' <Predicate = true> <Delay = 0.00>
ST_1 : Operation 248 [1/1] (0.00ns)   --->   "%p_0_1_0_0_0485 = alloca i32 1"   --->   Operation 248 'alloca' 'p_0_1_0_0_0485' <Predicate = true> <Delay = 0.00>
ST_1 : Operation 249 [1/1] (0.00ns)   --->   "%p_0_2_0_0_0487 = alloca i32 1"   --->   Operation 249 'alloca' 'p_0_2_0_0_0487' <Predicate = true> <Delay = 0.00>
ST_1 : Operation 250 [1/1] (0.00ns)   --->   "%p_0_3_0_0_0489 = alloca i32 1"   --->   Operation 250 'alloca' 'p_0_3_0_0_0489' <Predicate = true> <Delay = 0.00>
ST_1 : Operation 251 [1/1] (0.00ns)   --->   "%p_0_5_0_0_0491 = alloca i32 1"   --->   Operation 251 'alloca' 'p_0_5_0_0_0491' <Predicate = true> <Delay = 0.00>
ST_1 : Operation 252 [1/1] (0.00ns)   --->   "%p_0_6_0_0_0493 = alloca i32 1"   --->   Operation 252 'alloca' 'p_0_6_0_0_0493' <Predicate = true> <Delay = 0.00>
ST_1 : Operation 253 [1/1] (0.00ns)   --->   "%p_0_1_0_0_0495 = alloca i32 1"   --->   Operation 253 'alloca' 'p_0_1_0_0_0495' <Predicate = true> <Delay = 0.00>
ST_1 : Operation 254 [1/1] (0.00ns)   --->   "%p_0_2_0_0_0497 = alloca i32 1"   --->   Operation 254 'alloca' 'p_0_2_0_0_0497' <Predicate = true> <Delay = 0.00>
ST_1 : Operation 255 [1/1] (0.00ns)   --->   "%p_0_5_0_0_0499 = alloca i32 1"   --->   Operation 255 'alloca' 'p_0_5_0_0_0499' <Predicate = true> <Delay = 0.00>
ST_1 : Operation 256 [1/1] (0.00ns)   --->   "%p_0_6_0_0_0501 = alloca i32 1"   --->   Operation 256 'alloca' 'p_0_6_0_0_0501' <Predicate = true> <Delay = 0.00>
ST_1 : Operation 257 [1/1] (0.00ns)   --->   "%p_0_1_0_0_0503 = alloca i32 1"   --->   Operation 257 'alloca' 'p_0_1_0_0_0503' <Predicate = true> <Delay = 0.00>
ST_1 : Operation 258 [1/1] (0.00ns)   --->   "%p_0_2_0_0_0505 = alloca i32 1"   --->   Operation 258 'alloca' 'p_0_2_0_0_0505' <Predicate = true> <Delay = 0.00>
ST_1 : Operation 259 [1/1] (0.00ns)   --->   "%p_0_5_0_0_0507 = alloca i32 1"   --->   Operation 259 'alloca' 'p_0_5_0_0_0507' <Predicate = true> <Delay = 0.00>
ST_1 : Operation 260 [1/1] (0.00ns)   --->   "%p_0_6_0_0_0509 = alloca i32 1"   --->   Operation 260 'alloca' 'p_0_6_0_0_0509' <Predicate = true> <Delay = 0.00>
ST_1 : Operation 261 [1/1] (0.00ns)   --->   "%p_0_1_0_0_0511 = alloca i32 1"   --->   Operation 261 'alloca' 'p_0_1_0_0_0511' <Predicate = true> <Delay = 0.00>
ST_1 : Operation 262 [1/1] (0.00ns)   --->   "%p_0_2_0_0_0513 = alloca i32 1"   --->   Operation 262 'alloca' 'p_0_2_0_0_0513' <Predicate = true> <Delay = 0.00>
ST_1 : Operation 263 [1/1] (0.00ns)   --->   "%p_0_5_0_0_0515 = alloca i32 1"   --->   Operation 263 'alloca' 'p_0_5_0_0_0515' <Predicate = true> <Delay = 0.00>
ST_1 : Operation 264 [1/1] (0.00ns)   --->   "%p_0_6_0_0_0517 = alloca i32 1"   --->   Operation 264 'alloca' 'p_0_6_0_0_0517' <Predicate = true> <Delay = 0.00>
ST_1 : Operation 265 [1/1] (0.00ns)   --->   "%p_0_0_0_0_0519 = alloca i32 1"   --->   Operation 265 'alloca' 'p_0_0_0_0_0519' <Predicate = true> <Delay = 0.00>
ST_1 : Operation 266 [1/1] (0.00ns)   --->   "%p_0_1_0_0_0521 = alloca i32 1"   --->   Operation 266 'alloca' 'p_0_1_0_0_0521' <Predicate = true> <Delay = 0.00>
ST_1 : Operation 267 [1/1] (0.00ns)   --->   "%p_0_2_0_0_0523 = alloca i32 1"   --->   Operation 267 'alloca' 'p_0_2_0_0_0523' <Predicate = true> <Delay = 0.00>
ST_1 : Operation 268 [1/1] (0.00ns)   --->   "%p_0_5_0_0_0525 = alloca i32 1"   --->   Operation 268 'alloca' 'p_0_5_0_0_0525' <Predicate = true> <Delay = 0.00>
ST_1 : Operation 269 [1/1] (0.00ns)   --->   "%p_0_6_0_0_0527 = alloca i32 1"   --->   Operation 269 'alloca' 'p_0_6_0_0_0527' <Predicate = true> <Delay = 0.00>
ST_1 : Operation 270 [1/1] (0.00ns)   --->   "%p_0_1_0_0_0529 = alloca i32 1"   --->   Operation 270 'alloca' 'p_0_1_0_0_0529' <Predicate = true> <Delay = 0.00>
ST_1 : Operation 271 [1/1] (0.00ns)   --->   "%p_0_2_0_0_0531 = alloca i32 1"   --->   Operation 271 'alloca' 'p_0_2_0_0_0531' <Predicate = true> <Delay = 0.00>
ST_1 : Operation 272 [1/1] (0.00ns)   --->   "%p_0_5_0_0_0533 = alloca i32 1"   --->   Operation 272 'alloca' 'p_0_5_0_0_0533' <Predicate = true> <Delay = 0.00>
ST_1 : Operation 273 [1/1] (0.00ns)   --->   "%p_0_6_0_0_0535 = alloca i32 1"   --->   Operation 273 'alloca' 'p_0_6_0_0_0535' <Predicate = true> <Delay = 0.00>
ST_1 : Operation 274 [1/1] (0.00ns)   --->   "%p_0_1_0_0_0537 = alloca i32 1"   --->   Operation 274 'alloca' 'p_0_1_0_0_0537' <Predicate = true> <Delay = 0.00>
ST_1 : Operation 275 [1/1] (0.00ns)   --->   "%p_0_2_0_0_0539 = alloca i32 1"   --->   Operation 275 'alloca' 'p_0_2_0_0_0539' <Predicate = true> <Delay = 0.00>
ST_1 : Operation 276 [1/1] (0.00ns)   --->   "%p_0_5_0_0_0541 = alloca i32 1"   --->   Operation 276 'alloca' 'p_0_5_0_0_0541' <Predicate = true> <Delay = 0.00>
ST_1 : Operation 277 [1/1] (0.00ns)   --->   "%p_0_6_0_0_0543 = alloca i32 1"   --->   Operation 277 'alloca' 'p_0_6_0_0_0543' <Predicate = true> <Delay = 0.00>
ST_1 : Operation 278 [1/1] (0.00ns)   --->   "%p_0_0_0_0_0545 = alloca i32 1"   --->   Operation 278 'alloca' 'p_0_0_0_0_0545' <Predicate = true> <Delay = 0.00>
ST_1 : Operation 279 [1/1] (0.00ns)   --->   "%p_0_1_0_0_0547 = alloca i32 1"   --->   Operation 279 'alloca' 'p_0_1_0_0_0547' <Predicate = true> <Delay = 0.00>
ST_1 : Operation 280 [1/1] (0.00ns)   --->   "%p_0_2_0_0_0549 = alloca i32 1"   --->   Operation 280 'alloca' 'p_0_2_0_0_0549' <Predicate = true> <Delay = 0.00>
ST_1 : Operation 281 [1/1] (0.00ns)   --->   "%p_0_5_0_0_0551 = alloca i32 1"   --->   Operation 281 'alloca' 'p_0_5_0_0_0551' <Predicate = true> <Delay = 0.00>
ST_1 : Operation 282 [1/1] (0.00ns)   --->   "%p_0_6_0_0_0553 = alloca i32 1"   --->   Operation 282 'alloca' 'p_0_6_0_0_0553' <Predicate = true> <Delay = 0.00>
ST_1 : Operation 283 [1/1] (0.00ns)   --->   "%p_0_1_0_0_0555 = alloca i32 1"   --->   Operation 283 'alloca' 'p_0_1_0_0_0555' <Predicate = true> <Delay = 0.00>
ST_1 : Operation 284 [1/1] (0.00ns)   --->   "%p_0_2_0_0_0557 = alloca i32 1"   --->   Operation 284 'alloca' 'p_0_2_0_0_0557' <Predicate = true> <Delay = 0.00>
ST_1 : Operation 285 [1/1] (0.00ns)   --->   "%p_0_5_0_0_0559 = alloca i32 1"   --->   Operation 285 'alloca' 'p_0_5_0_0_0559' <Predicate = true> <Delay = 0.00>
ST_1 : Operation 286 [1/1] (0.00ns)   --->   "%p_0_6_0_0_0561 = alloca i32 1"   --->   Operation 286 'alloca' 'p_0_6_0_0_0561' <Predicate = true> <Delay = 0.00>
ST_1 : Operation 287 [1/1] (0.00ns)   --->   "%p_0_1_0_0_0563 = alloca i32 1"   --->   Operation 287 'alloca' 'p_0_1_0_0_0563' <Predicate = true> <Delay = 0.00>
ST_1 : Operation 288 [1/1] (0.00ns)   --->   "%p_0_2_0_0_0565 = alloca i32 1"   --->   Operation 288 'alloca' 'p_0_2_0_0_0565' <Predicate = true> <Delay = 0.00>
ST_1 : Operation 289 [1/1] (0.00ns)   --->   "%p_0_3_0_0_0567 = alloca i32 1"   --->   Operation 289 'alloca' 'p_0_3_0_0_0567' <Predicate = true> <Delay = 0.00>
ST_1 : Operation 290 [1/1] (0.00ns)   --->   "%p_0_5_0_0_0569 = alloca i32 1"   --->   Operation 290 'alloca' 'p_0_5_0_0_0569' <Predicate = true> <Delay = 0.00>
ST_1 : Operation 291 [1/1] (0.00ns)   --->   "%p_0_6_0_0_0571 = alloca i32 1"   --->   Operation 291 'alloca' 'p_0_6_0_0_0571' <Predicate = true> <Delay = 0.00>
ST_1 : Operation 292 [1/1] (0.00ns)   --->   "%p_0_1_0_0_0573 = alloca i32 1"   --->   Operation 292 'alloca' 'p_0_1_0_0_0573' <Predicate = true> <Delay = 0.00>
ST_1 : Operation 293 [1/1] (0.00ns)   --->   "%p_0_2_0_0_0575 = alloca i32 1"   --->   Operation 293 'alloca' 'p_0_2_0_0_0575' <Predicate = true> <Delay = 0.00>
ST_1 : Operation 294 [1/1] (0.00ns)   --->   "%p_0_5_0_0_0577 = alloca i32 1"   --->   Operation 294 'alloca' 'p_0_5_0_0_0577' <Predicate = true> <Delay = 0.00>
ST_1 : Operation 295 [1/1] (0.00ns)   --->   "%p_0_6_0_0_0579 = alloca i32 1"   --->   Operation 295 'alloca' 'p_0_6_0_0_0579' <Predicate = true> <Delay = 0.00>
ST_1 : Operation 296 [1/1] (0.00ns)   --->   "%p_0_0_0_0_0581 = alloca i32 1"   --->   Operation 296 'alloca' 'p_0_0_0_0_0581' <Predicate = true> <Delay = 0.00>
ST_1 : Operation 297 [1/1] (0.00ns)   --->   "%p_0_1_0_0_0583 = alloca i32 1"   --->   Operation 297 'alloca' 'p_0_1_0_0_0583' <Predicate = true> <Delay = 0.00>
ST_1 : Operation 298 [1/1] (0.00ns)   --->   "%p_0_2_0_0_0585 = alloca i32 1"   --->   Operation 298 'alloca' 'p_0_2_0_0_0585' <Predicate = true> <Delay = 0.00>
ST_1 : Operation 299 [1/1] (0.00ns)   --->   "%p_0_5_0_0_0587 = alloca i32 1"   --->   Operation 299 'alloca' 'p_0_5_0_0_0587' <Predicate = true> <Delay = 0.00>
ST_1 : Operation 300 [1/1] (0.00ns)   --->   "%p_0_6_0_0_0589 = alloca i32 1"   --->   Operation 300 'alloca' 'p_0_6_0_0_0589' <Predicate = true> <Delay = 0.00>
ST_1 : Operation 301 [1/1] (0.00ns)   --->   "%p_0_1_0_0_0591 = alloca i32 1"   --->   Operation 301 'alloca' 'p_0_1_0_0_0591' <Predicate = true> <Delay = 0.00>
ST_1 : Operation 302 [1/1] (0.00ns)   --->   "%p_0_2_0_0_0593 = alloca i32 1"   --->   Operation 302 'alloca' 'p_0_2_0_0_0593' <Predicate = true> <Delay = 0.00>
ST_1 : Operation 303 [1/1] (0.00ns)   --->   "%p_0_3_0_0_0595 = alloca i32 1"   --->   Operation 303 'alloca' 'p_0_3_0_0_0595' <Predicate = true> <Delay = 0.00>
ST_1 : Operation 304 [1/1] (0.00ns)   --->   "%p_0_5_0_0_0597 = alloca i32 1"   --->   Operation 304 'alloca' 'p_0_5_0_0_0597' <Predicate = true> <Delay = 0.00>
ST_1 : Operation 305 [1/1] (0.00ns)   --->   "%p_0_6_0_0_0599 = alloca i32 1"   --->   Operation 305 'alloca' 'p_0_6_0_0_0599' <Predicate = true> <Delay = 0.00>
ST_1 : Operation 306 [1/1] (0.00ns)   --->   "%p_0_0_0_0_0601 = alloca i32 1"   --->   Operation 306 'alloca' 'p_0_0_0_0_0601' <Predicate = true> <Delay = 0.00>
ST_1 : Operation 307 [1/1] (0.00ns)   --->   "%p_0_1_0_0_0603 = alloca i32 1"   --->   Operation 307 'alloca' 'p_0_1_0_0_0603' <Predicate = true> <Delay = 0.00>
ST_1 : Operation 308 [1/1] (0.00ns)   --->   "%p_0_2_0_0_0605 = alloca i32 1"   --->   Operation 308 'alloca' 'p_0_2_0_0_0605' <Predicate = true> <Delay = 0.00>
ST_1 : Operation 309 [1/1] (0.00ns)   --->   "%p_0_5_0_0_0607 = alloca i32 1"   --->   Operation 309 'alloca' 'p_0_5_0_0_0607' <Predicate = true> <Delay = 0.00>
ST_1 : Operation 310 [1/1] (0.00ns)   --->   "%p_0_6_0_0_0609 = alloca i32 1"   --->   Operation 310 'alloca' 'p_0_6_0_0_0609' <Predicate = true> <Delay = 0.00>
ST_1 : Operation 311 [1/1] (0.00ns)   --->   "%p_0_1_0_0_0611 = alloca i32 1"   --->   Operation 311 'alloca' 'p_0_1_0_0_0611' <Predicate = true> <Delay = 0.00>
ST_1 : Operation 312 [1/1] (0.00ns)   --->   "%p_0_2_0_0_0613 = alloca i32 1"   --->   Operation 312 'alloca' 'p_0_2_0_0_0613' <Predicate = true> <Delay = 0.00>
ST_1 : Operation 313 [1/1] (0.00ns)   --->   "%p_0_5_0_0_0615 = alloca i32 1"   --->   Operation 313 'alloca' 'p_0_5_0_0_0615' <Predicate = true> <Delay = 0.00>
ST_1 : Operation 314 [1/1] (0.00ns)   --->   "%p_0_6_0_0_0617 = alloca i32 1"   --->   Operation 314 'alloca' 'p_0_6_0_0_0617' <Predicate = true> <Delay = 0.00>
ST_1 : Operation 315 [1/1] (0.00ns)   --->   "%p_0_1_0_0_0619 = alloca i32 1"   --->   Operation 315 'alloca' 'p_0_1_0_0_0619' <Predicate = true> <Delay = 0.00>
ST_1 : Operation 316 [1/1] (0.00ns)   --->   "%p_0_2_0_0_0621 = alloca i32 1"   --->   Operation 316 'alloca' 'p_0_2_0_0_0621' <Predicate = true> <Delay = 0.00>
ST_1 : Operation 317 [1/1] (0.00ns)   --->   "%p_0_5_0_0_0623 = alloca i32 1"   --->   Operation 317 'alloca' 'p_0_5_0_0_0623' <Predicate = true> <Delay = 0.00>
ST_1 : Operation 318 [1/1] (0.00ns)   --->   "%p_0_6_0_0_0625 = alloca i32 1"   --->   Operation 318 'alloca' 'p_0_6_0_0_0625' <Predicate = true> <Delay = 0.00>
ST_1 : Operation 319 [1/1] (0.00ns)   --->   "%p_0_1_0_0_0627 = alloca i32 1"   --->   Operation 319 'alloca' 'p_0_1_0_0_0627' <Predicate = true> <Delay = 0.00>
ST_1 : Operation 320 [1/1] (0.00ns)   --->   "%p_0_2_0_0_0629 = alloca i32 1"   --->   Operation 320 'alloca' 'p_0_2_0_0_0629' <Predicate = true> <Delay = 0.00>
ST_1 : Operation 321 [1/1] (0.00ns)   --->   "%p_0_5_0_0_0631 = alloca i32 1"   --->   Operation 321 'alloca' 'p_0_5_0_0_0631' <Predicate = true> <Delay = 0.00>
ST_1 : Operation 322 [1/1] (0.00ns)   --->   "%p_0_6_0_0_0633 = alloca i32 1"   --->   Operation 322 'alloca' 'p_0_6_0_0_0633' <Predicate = true> <Delay = 0.00>
ST_1 : Operation 323 [1/1] (0.00ns)   --->   "%p_0_1_0_0_0635 = alloca i32 1"   --->   Operation 323 'alloca' 'p_0_1_0_0_0635' <Predicate = true> <Delay = 0.00>
ST_1 : Operation 324 [1/1] (0.00ns)   --->   "%p_0_2_0_0_0637 = alloca i32 1"   --->   Operation 324 'alloca' 'p_0_2_0_0_0637' <Predicate = true> <Delay = 0.00>
ST_1 : Operation 325 [1/1] (0.00ns)   --->   "%p_0_5_0_0_0639 = alloca i32 1"   --->   Operation 325 'alloca' 'p_0_5_0_0_0639' <Predicate = true> <Delay = 0.00>
ST_1 : Operation 326 [1/1] (0.00ns)   --->   "%p_0_6_0_0_0641 = alloca i32 1"   --->   Operation 326 'alloca' 'p_0_6_0_0_0641' <Predicate = true> <Delay = 0.00>
ST_1 : Operation 327 [1/1] (0.00ns)   --->   "%p_0_1_0_0_0643 = alloca i32 1"   --->   Operation 327 'alloca' 'p_0_1_0_0_0643' <Predicate = true> <Delay = 0.00>
ST_1 : Operation 328 [1/1] (0.00ns)   --->   "%p_0_2_0_0_0645 = alloca i32 1"   --->   Operation 328 'alloca' 'p_0_2_0_0_0645' <Predicate = true> <Delay = 0.00>
ST_1 : Operation 329 [1/1] (0.00ns)   --->   "%p_0_5_0_0_0647 = alloca i32 1"   --->   Operation 329 'alloca' 'p_0_5_0_0_0647' <Predicate = true> <Delay = 0.00>
ST_1 : Operation 330 [1/1] (0.00ns)   --->   "%p_0_6_0_0_0649 = alloca i32 1"   --->   Operation 330 'alloca' 'p_0_6_0_0_0649' <Predicate = true> <Delay = 0.00>
ST_1 : Operation 331 [1/1] (0.00ns)   --->   "%p_0_1_0_0_0651 = alloca i32 1"   --->   Operation 331 'alloca' 'p_0_1_0_0_0651' <Predicate = true> <Delay = 0.00>
ST_1 : Operation 332 [1/1] (0.00ns)   --->   "%p_0_2_0_0_0653 = alloca i32 1"   --->   Operation 332 'alloca' 'p_0_2_0_0_0653' <Predicate = true> <Delay = 0.00>
ST_1 : Operation 333 [1/1] (0.00ns)   --->   "%p_0_5_0_0_0655 = alloca i32 1"   --->   Operation 333 'alloca' 'p_0_5_0_0_0655' <Predicate = true> <Delay = 0.00>
ST_1 : Operation 334 [1/1] (0.00ns)   --->   "%p_0_6_0_0_0657 = alloca i32 1"   --->   Operation 334 'alloca' 'p_0_6_0_0_0657' <Predicate = true> <Delay = 0.00>
ST_1 : Operation 335 [1/1] (0.00ns)   --->   "%p_0_1_0_0_0659 = alloca i32 1"   --->   Operation 335 'alloca' 'p_0_1_0_0_0659' <Predicate = true> <Delay = 0.00>
ST_1 : Operation 336 [1/1] (0.00ns)   --->   "%p_0_2_0_0_0661 = alloca i32 1"   --->   Operation 336 'alloca' 'p_0_2_0_0_0661' <Predicate = true> <Delay = 0.00>
ST_1 : Operation 337 [1/1] (0.00ns)   --->   "%p_0_5_0_0_0663 = alloca i32 1"   --->   Operation 337 'alloca' 'p_0_5_0_0_0663' <Predicate = true> <Delay = 0.00>
ST_1 : Operation 338 [1/1] (0.00ns)   --->   "%p_0_6_0_0_0665 = alloca i32 1"   --->   Operation 338 'alloca' 'p_0_6_0_0_0665' <Predicate = true> <Delay = 0.00>
ST_1 : Operation 339 [1/1] (0.00ns)   --->   "%p_0_1_0_0_0667 = alloca i32 1"   --->   Operation 339 'alloca' 'p_0_1_0_0_0667' <Predicate = true> <Delay = 0.00>
ST_1 : Operation 340 [1/1] (0.00ns)   --->   "%p_0_2_0_0_0669 = alloca i32 1"   --->   Operation 340 'alloca' 'p_0_2_0_0_0669' <Predicate = true> <Delay = 0.00>
ST_1 : Operation 341 [1/1] (0.00ns)   --->   "%p_0_3_0_0_0671 = alloca i32 1"   --->   Operation 341 'alloca' 'p_0_3_0_0_0671' <Predicate = true> <Delay = 0.00>
ST_1 : Operation 342 [1/1] (0.00ns)   --->   "%p_0_5_0_0_0673 = alloca i32 1"   --->   Operation 342 'alloca' 'p_0_5_0_0_0673' <Predicate = true> <Delay = 0.00>
ST_1 : Operation 343 [1/1] (0.00ns)   --->   "%p_0_6_0_0_0675 = alloca i32 1"   --->   Operation 343 'alloca' 'p_0_6_0_0_0675' <Predicate = true> <Delay = 0.00>
ST_1 : Operation 344 [1/1] (0.00ns)   --->   "%p_0_1_0_0_0677 = alloca i32 1"   --->   Operation 344 'alloca' 'p_0_1_0_0_0677' <Predicate = true> <Delay = 0.00>
ST_1 : Operation 345 [1/1] (0.00ns)   --->   "%p_0_2_0_0_0679 = alloca i32 1"   --->   Operation 345 'alloca' 'p_0_2_0_0_0679' <Predicate = true> <Delay = 0.00>
ST_1 : Operation 346 [1/1] (0.00ns)   --->   "%p_0_4_0_0_0681 = alloca i32 1"   --->   Operation 346 'alloca' 'p_0_4_0_0_0681' <Predicate = true> <Delay = 0.00>
ST_1 : Operation 347 [1/1] (0.00ns)   --->   "%p_0_5_0_0_0683 = alloca i32 1"   --->   Operation 347 'alloca' 'p_0_5_0_0_0683' <Predicate = true> <Delay = 0.00>
ST_1 : Operation 348 [1/1] (0.00ns)   --->   "%p_0_6_0_0_0685 = alloca i32 1"   --->   Operation 348 'alloca' 'p_0_6_0_0_0685' <Predicate = true> <Delay = 0.00>
ST_1 : Operation 349 [1/1] (0.00ns)   --->   "%p_0_0_0_0_0687 = alloca i32 1"   --->   Operation 349 'alloca' 'p_0_0_0_0_0687' <Predicate = true> <Delay = 0.00>
ST_1 : Operation 350 [1/1] (0.00ns)   --->   "%p_0_1_0_0_0689 = alloca i32 1"   --->   Operation 350 'alloca' 'p_0_1_0_0_0689' <Predicate = true> <Delay = 0.00>
ST_1 : Operation 351 [1/1] (0.00ns)   --->   "%p_0_2_0_0_0691 = alloca i32 1"   --->   Operation 351 'alloca' 'p_0_2_0_0_0691' <Predicate = true> <Delay = 0.00>
ST_1 : Operation 352 [1/1] (0.00ns)   --->   "%p_0_5_0_0_0693 = alloca i32 1"   --->   Operation 352 'alloca' 'p_0_5_0_0_0693' <Predicate = true> <Delay = 0.00>
ST_1 : Operation 353 [1/1] (0.00ns)   --->   "%p_0_6_0_0_0695 = alloca i32 1"   --->   Operation 353 'alloca' 'p_0_6_0_0_0695' <Predicate = true> <Delay = 0.00>
ST_1 : Operation 354 [1/1] (0.00ns)   --->   "%p_0_0_0_0_0697 = alloca i32 1"   --->   Operation 354 'alloca' 'p_0_0_0_0_0697' <Predicate = true> <Delay = 0.00>
ST_1 : Operation 355 [1/1] (0.00ns)   --->   "%p_0_1_0_0_0699 = alloca i32 1"   --->   Operation 355 'alloca' 'p_0_1_0_0_0699' <Predicate = true> <Delay = 0.00>
ST_1 : Operation 356 [1/1] (0.00ns)   --->   "%p_0_2_0_0_0701 = alloca i32 1"   --->   Operation 356 'alloca' 'p_0_2_0_0_0701' <Predicate = true> <Delay = 0.00>
ST_1 : Operation 357 [1/1] (0.00ns)   --->   "%p_0_5_0_0_0703 = alloca i32 1"   --->   Operation 357 'alloca' 'p_0_5_0_0_0703' <Predicate = true> <Delay = 0.00>
ST_1 : Operation 358 [1/1] (0.00ns)   --->   "%p_0_6_0_0_0705 = alloca i32 1"   --->   Operation 358 'alloca' 'p_0_6_0_0_0705' <Predicate = true> <Delay = 0.00>
ST_1 : Operation 359 [1/1] (0.00ns)   --->   "%p_0_1_0_0_0707 = alloca i32 1"   --->   Operation 359 'alloca' 'p_0_1_0_0_0707' <Predicate = true> <Delay = 0.00>
ST_1 : Operation 360 [1/1] (0.00ns)   --->   "%p_0_2_0_0_0709 = alloca i32 1"   --->   Operation 360 'alloca' 'p_0_2_0_0_0709' <Predicate = true> <Delay = 0.00>
ST_1 : Operation 361 [1/1] (0.00ns)   --->   "%p_0_5_0_0_0711 = alloca i32 1"   --->   Operation 361 'alloca' 'p_0_5_0_0_0711' <Predicate = true> <Delay = 0.00>
ST_1 : Operation 362 [1/1] (0.00ns)   --->   "%p_0_6_0_0_0713 = alloca i32 1"   --->   Operation 362 'alloca' 'p_0_6_0_0_0713' <Predicate = true> <Delay = 0.00>
ST_1 : Operation 363 [1/1] (0.00ns)   --->   "%p_0_1_0_0_0715 = alloca i32 1"   --->   Operation 363 'alloca' 'p_0_1_0_0_0715' <Predicate = true> <Delay = 0.00>
ST_1 : Operation 364 [1/1] (0.00ns)   --->   "%p_0_2_0_0_0717 = alloca i32 1"   --->   Operation 364 'alloca' 'p_0_2_0_0_0717' <Predicate = true> <Delay = 0.00>
ST_1 : Operation 365 [1/1] (0.00ns)   --->   "%p_0_3_0_0_0719 = alloca i32 1"   --->   Operation 365 'alloca' 'p_0_3_0_0_0719' <Predicate = true> <Delay = 0.00>
ST_1 : Operation 366 [1/1] (0.00ns)   --->   "%p_0_4_0_0_0721 = alloca i32 1"   --->   Operation 366 'alloca' 'p_0_4_0_0_0721' <Predicate = true> <Delay = 0.00>
ST_1 : Operation 367 [1/1] (0.00ns)   --->   "%p_0_5_0_0_0723 = alloca i32 1"   --->   Operation 367 'alloca' 'p_0_5_0_0_0723' <Predicate = true> <Delay = 0.00>
ST_1 : Operation 368 [1/1] (0.00ns)   --->   "%p_0_6_0_0_0725 = alloca i32 1"   --->   Operation 368 'alloca' 'p_0_6_0_0_0725' <Predicate = true> <Delay = 0.00>
ST_1 : Operation 369 [1/1] (0.00ns)   --->   "%p_0_1_0_0_0727 = alloca i32 1"   --->   Operation 369 'alloca' 'p_0_1_0_0_0727' <Predicate = true> <Delay = 0.00>
ST_1 : Operation 370 [1/1] (0.00ns)   --->   "%p_0_2_0_0_0729 = alloca i32 1"   --->   Operation 370 'alloca' 'p_0_2_0_0_0729' <Predicate = true> <Delay = 0.00>
ST_1 : Operation 371 [1/1] (0.00ns)   --->   "%p_0_5_0_0_0731 = alloca i32 1"   --->   Operation 371 'alloca' 'p_0_5_0_0_0731' <Predicate = true> <Delay = 0.00>
ST_1 : Operation 372 [1/1] (0.00ns)   --->   "%p_0_6_0_0_0733 = alloca i32 1"   --->   Operation 372 'alloca' 'p_0_6_0_0_0733' <Predicate = true> <Delay = 0.00>
ST_1 : Operation 373 [1/1] (0.00ns)   --->   "%p_0_1_0_0_0735 = alloca i32 1"   --->   Operation 373 'alloca' 'p_0_1_0_0_0735' <Predicate = true> <Delay = 0.00>
ST_1 : Operation 374 [1/1] (0.00ns)   --->   "%p_0_2_0_0_0737 = alloca i32 1"   --->   Operation 374 'alloca' 'p_0_2_0_0_0737' <Predicate = true> <Delay = 0.00>
ST_1 : Operation 375 [1/1] (0.00ns)   --->   "%p_0_5_0_0_0739 = alloca i32 1"   --->   Operation 375 'alloca' 'p_0_5_0_0_0739' <Predicate = true> <Delay = 0.00>
ST_1 : Operation 376 [1/1] (0.00ns)   --->   "%p_0_6_0_0_0741 = alloca i32 1"   --->   Operation 376 'alloca' 'p_0_6_0_0_0741' <Predicate = true> <Delay = 0.00>
ST_1 : Operation 377 [1/1] (0.00ns)   --->   "%p_0_1_0_0_0743 = alloca i32 1"   --->   Operation 377 'alloca' 'p_0_1_0_0_0743' <Predicate = true> <Delay = 0.00>
ST_1 : Operation 378 [1/1] (0.00ns)   --->   "%p_0_2_0_0_0745 = alloca i32 1"   --->   Operation 378 'alloca' 'p_0_2_0_0_0745' <Predicate = true> <Delay = 0.00>
ST_1 : Operation 379 [1/1] (0.00ns)   --->   "%p_0_5_0_0_0747 = alloca i32 1"   --->   Operation 379 'alloca' 'p_0_5_0_0_0747' <Predicate = true> <Delay = 0.00>
ST_1 : Operation 380 [1/1] (0.00ns)   --->   "%p_0_6_0_0_0749 = alloca i32 1"   --->   Operation 380 'alloca' 'p_0_6_0_0_0749' <Predicate = true> <Delay = 0.00>
ST_1 : Operation 381 [1/1] (0.00ns)   --->   "%p_0_0_0_0_0751 = alloca i32 1"   --->   Operation 381 'alloca' 'p_0_0_0_0_0751' <Predicate = true> <Delay = 0.00>
ST_1 : Operation 382 [1/1] (0.00ns)   --->   "%p_0_1_0_0_0753 = alloca i32 1"   --->   Operation 382 'alloca' 'p_0_1_0_0_0753' <Predicate = true> <Delay = 0.00>
ST_1 : Operation 383 [1/1] (0.00ns)   --->   "%p_0_2_0_0_0755 = alloca i32 1"   --->   Operation 383 'alloca' 'p_0_2_0_0_0755' <Predicate = true> <Delay = 0.00>
ST_1 : Operation 384 [1/1] (0.00ns)   --->   "%p_0_5_0_0_0757 = alloca i32 1"   --->   Operation 384 'alloca' 'p_0_5_0_0_0757' <Predicate = true> <Delay = 0.00>
ST_1 : Operation 385 [1/1] (0.00ns)   --->   "%p_0_6_0_0_0759 = alloca i32 1"   --->   Operation 385 'alloca' 'p_0_6_0_0_0759' <Predicate = true> <Delay = 0.00>
ST_1 : Operation 386 [1/1] (0.00ns)   --->   "%p_0_0_0_0_0761 = alloca i32 1"   --->   Operation 386 'alloca' 'p_0_0_0_0_0761' <Predicate = true> <Delay = 0.00>
ST_1 : Operation 387 [1/1] (0.00ns)   --->   "%p_0_1_0_0_0763 = alloca i32 1"   --->   Operation 387 'alloca' 'p_0_1_0_0_0763' <Predicate = true> <Delay = 0.00>
ST_1 : Operation 388 [1/1] (0.00ns)   --->   "%p_0_2_0_0_0765 = alloca i32 1"   --->   Operation 388 'alloca' 'p_0_2_0_0_0765' <Predicate = true> <Delay = 0.00>
ST_1 : Operation 389 [1/1] (0.00ns)   --->   "%p_0_4_0_0_0767 = alloca i32 1"   --->   Operation 389 'alloca' 'p_0_4_0_0_0767' <Predicate = true> <Delay = 0.00>
ST_1 : Operation 390 [1/1] (0.00ns)   --->   "%p_0_5_0_0_0769 = alloca i32 1"   --->   Operation 390 'alloca' 'p_0_5_0_0_0769' <Predicate = true> <Delay = 0.00>
ST_1 : Operation 391 [1/1] (0.00ns)   --->   "%p_0_6_0_0_0771 = alloca i32 1"   --->   Operation 391 'alloca' 'p_0_6_0_0_0771' <Predicate = true> <Delay = 0.00>
ST_1 : Operation 392 [1/1] (0.00ns)   --->   "%p_0_1_0_0_0773 = alloca i32 1"   --->   Operation 392 'alloca' 'p_0_1_0_0_0773' <Predicate = true> <Delay = 0.00>
ST_1 : Operation 393 [1/1] (0.00ns)   --->   "%p_0_2_0_0_0775 = alloca i32 1"   --->   Operation 393 'alloca' 'p_0_2_0_0_0775' <Predicate = true> <Delay = 0.00>
ST_1 : Operation 394 [1/1] (0.00ns)   --->   "%p_0_5_0_0_0777 = alloca i32 1"   --->   Operation 394 'alloca' 'p_0_5_0_0_0777' <Predicate = true> <Delay = 0.00>
ST_1 : Operation 395 [1/1] (0.00ns)   --->   "%p_0_6_0_0_0779 = alloca i32 1"   --->   Operation 395 'alloca' 'p_0_6_0_0_0779' <Predicate = true> <Delay = 0.00>
ST_1 : Operation 396 [1/1] (0.00ns)   --->   "%p_0_1_0_0_0781 = alloca i32 1"   --->   Operation 396 'alloca' 'p_0_1_0_0_0781' <Predicate = true> <Delay = 0.00>
ST_1 : Operation 397 [1/1] (0.00ns)   --->   "%p_0_2_0_0_0783 = alloca i32 1"   --->   Operation 397 'alloca' 'p_0_2_0_0_0783' <Predicate = true> <Delay = 0.00>
ST_1 : Operation 398 [1/1] (0.00ns)   --->   "%p_0_5_0_0_0785 = alloca i32 1"   --->   Operation 398 'alloca' 'p_0_5_0_0_0785' <Predicate = true> <Delay = 0.00>
ST_1 : Operation 399 [1/1] (0.00ns)   --->   "%p_0_6_0_0_0787 = alloca i32 1"   --->   Operation 399 'alloca' 'p_0_6_0_0_0787' <Predicate = true> <Delay = 0.00>
ST_1 : Operation 400 [1/1] (0.00ns)   --->   "%p_0_0_0_0_0789 = alloca i32 1"   --->   Operation 400 'alloca' 'p_0_0_0_0_0789' <Predicate = true> <Delay = 0.00>
ST_1 : Operation 401 [1/1] (0.00ns)   --->   "%p_0_1_0_0_0791 = alloca i32 1"   --->   Operation 401 'alloca' 'p_0_1_0_0_0791' <Predicate = true> <Delay = 0.00>
ST_1 : Operation 402 [1/1] (0.00ns)   --->   "%p_0_2_0_0_0793 = alloca i32 1"   --->   Operation 402 'alloca' 'p_0_2_0_0_0793' <Predicate = true> <Delay = 0.00>
ST_1 : Operation 403 [1/1] (0.00ns)   --->   "%p_0_4_0_0_0795 = alloca i32 1"   --->   Operation 403 'alloca' 'p_0_4_0_0_0795' <Predicate = true> <Delay = 0.00>
ST_1 : Operation 404 [1/1] (0.00ns)   --->   "%p_0_5_0_0_0797 = alloca i32 1"   --->   Operation 404 'alloca' 'p_0_5_0_0_0797' <Predicate = true> <Delay = 0.00>
ST_1 : Operation 405 [1/1] (0.00ns)   --->   "%p_0_6_0_0_0799 = alloca i32 1"   --->   Operation 405 'alloca' 'p_0_6_0_0_0799' <Predicate = true> <Delay = 0.00>
ST_1 : Operation 406 [1/1] (0.00ns)   --->   "%p_0_1_0_0_0801 = alloca i32 1"   --->   Operation 406 'alloca' 'p_0_1_0_0_0801' <Predicate = true> <Delay = 0.00>
ST_1 : Operation 407 [1/1] (0.00ns)   --->   "%p_0_2_0_0_0803 = alloca i32 1"   --->   Operation 407 'alloca' 'p_0_2_0_0_0803' <Predicate = true> <Delay = 0.00>
ST_1 : Operation 408 [1/1] (0.00ns)   --->   "%p_0_5_0_0_0805 = alloca i32 1"   --->   Operation 408 'alloca' 'p_0_5_0_0_0805' <Predicate = true> <Delay = 0.00>
ST_1 : Operation 409 [1/1] (0.00ns)   --->   "%p_0_6_0_0_0807 = alloca i32 1"   --->   Operation 409 'alloca' 'p_0_6_0_0_0807' <Predicate = true> <Delay = 0.00>
ST_1 : Operation 410 [1/1] (0.00ns)   --->   "%p_0_1_0_0_0809 = alloca i32 1"   --->   Operation 410 'alloca' 'p_0_1_0_0_0809' <Predicate = true> <Delay = 0.00>
ST_1 : Operation 411 [1/1] (0.00ns)   --->   "%p_0_2_0_0_0811 = alloca i32 1"   --->   Operation 411 'alloca' 'p_0_2_0_0_0811' <Predicate = true> <Delay = 0.00>
ST_1 : Operation 412 [1/1] (0.00ns)   --->   "%p_0_5_0_0_0813 = alloca i32 1"   --->   Operation 412 'alloca' 'p_0_5_0_0_0813' <Predicate = true> <Delay = 0.00>
ST_1 : Operation 413 [1/1] (0.00ns)   --->   "%p_0_6_0_0_0815 = alloca i32 1"   --->   Operation 413 'alloca' 'p_0_6_0_0_0815' <Predicate = true> <Delay = 0.00>
ST_1 : Operation 414 [1/1] (0.00ns)   --->   "%p_0_1_0_0_0817 = alloca i32 1"   --->   Operation 414 'alloca' 'p_0_1_0_0_0817' <Predicate = true> <Delay = 0.00>
ST_1 : Operation 415 [1/1] (0.00ns)   --->   "%p_0_2_0_0_0819 = alloca i32 1"   --->   Operation 415 'alloca' 'p_0_2_0_0_0819' <Predicate = true> <Delay = 0.00>
ST_1 : Operation 416 [1/1] (0.00ns)   --->   "%p_0_5_0_0_0821 = alloca i32 1"   --->   Operation 416 'alloca' 'p_0_5_0_0_0821' <Predicate = true> <Delay = 0.00>
ST_1 : Operation 417 [1/1] (0.00ns)   --->   "%p_0_6_0_0_0823 = alloca i32 1"   --->   Operation 417 'alloca' 'p_0_6_0_0_0823' <Predicate = true> <Delay = 0.00>
ST_1 : Operation 418 [1/1] (0.00ns)   --->   "%p_0_1_0_0_0825 = alloca i32 1"   --->   Operation 418 'alloca' 'p_0_1_0_0_0825' <Predicate = true> <Delay = 0.00>
ST_1 : Operation 419 [1/1] (0.00ns)   --->   "%p_0_2_0_0_0827 = alloca i32 1"   --->   Operation 419 'alloca' 'p_0_2_0_0_0827' <Predicate = true> <Delay = 0.00>
ST_1 : Operation 420 [1/1] (0.00ns)   --->   "%p_0_5_0_0_0829 = alloca i32 1"   --->   Operation 420 'alloca' 'p_0_5_0_0_0829' <Predicate = true> <Delay = 0.00>
ST_1 : Operation 421 [1/1] (0.00ns)   --->   "%p_0_6_0_0_0831 = alloca i32 1"   --->   Operation 421 'alloca' 'p_0_6_0_0_0831' <Predicate = true> <Delay = 0.00>
ST_1 : Operation 422 [1/1] (0.00ns)   --->   "%p_0_1_0_0_0833 = alloca i32 1"   --->   Operation 422 'alloca' 'p_0_1_0_0_0833' <Predicate = true> <Delay = 0.00>
ST_1 : Operation 423 [1/1] (0.00ns)   --->   "%p_0_2_0_0_0835 = alloca i32 1"   --->   Operation 423 'alloca' 'p_0_2_0_0_0835' <Predicate = true> <Delay = 0.00>
ST_1 : Operation 424 [1/1] (0.00ns)   --->   "%p_0_5_0_0_0837 = alloca i32 1"   --->   Operation 424 'alloca' 'p_0_5_0_0_0837' <Predicate = true> <Delay = 0.00>
ST_1 : Operation 425 [1/1] (0.00ns)   --->   "%p_0_6_0_0_0839 = alloca i32 1"   --->   Operation 425 'alloca' 'p_0_6_0_0_0839' <Predicate = true> <Delay = 0.00>
ST_1 : Operation 426 [1/1] (0.00ns)   --->   "%p_0_1_0_0_0841 = alloca i32 1"   --->   Operation 426 'alloca' 'p_0_1_0_0_0841' <Predicate = true> <Delay = 0.00>
ST_1 : Operation 427 [1/1] (0.00ns)   --->   "%p_0_2_0_0_0843 = alloca i32 1"   --->   Operation 427 'alloca' 'p_0_2_0_0_0843' <Predicate = true> <Delay = 0.00>
ST_1 : Operation 428 [1/1] (0.00ns)   --->   "%p_0_5_0_0_0845 = alloca i32 1"   --->   Operation 428 'alloca' 'p_0_5_0_0_0845' <Predicate = true> <Delay = 0.00>
ST_1 : Operation 429 [1/1] (0.00ns)   --->   "%p_0_6_0_0_0847 = alloca i32 1"   --->   Operation 429 'alloca' 'p_0_6_0_0_0847' <Predicate = true> <Delay = 0.00>
ST_1 : Operation 430 [1/1] (0.00ns)   --->   "%p_0_1_0_0_0849 = alloca i32 1"   --->   Operation 430 'alloca' 'p_0_1_0_0_0849' <Predicate = true> <Delay = 0.00>
ST_1 : Operation 431 [1/1] (0.00ns)   --->   "%p_0_2_0_0_0851 = alloca i32 1"   --->   Operation 431 'alloca' 'p_0_2_0_0_0851' <Predicate = true> <Delay = 0.00>
ST_1 : Operation 432 [1/1] (0.00ns)   --->   "%p_0_5_0_0_0853 = alloca i32 1"   --->   Operation 432 'alloca' 'p_0_5_0_0_0853' <Predicate = true> <Delay = 0.00>
ST_1 : Operation 433 [1/1] (0.00ns)   --->   "%p_0_6_0_0_0855 = alloca i32 1"   --->   Operation 433 'alloca' 'p_0_6_0_0_0855' <Predicate = true> <Delay = 0.00>
ST_1 : Operation 434 [1/1] (0.00ns)   --->   "%p_0_0_0_0_0857 = alloca i32 1"   --->   Operation 434 'alloca' 'p_0_0_0_0_0857' <Predicate = true> <Delay = 0.00>
ST_1 : Operation 435 [1/1] (0.00ns)   --->   "%p_0_1_0_0_0859 = alloca i32 1"   --->   Operation 435 'alloca' 'p_0_1_0_0_0859' <Predicate = true> <Delay = 0.00>
ST_1 : Operation 436 [1/1] (0.00ns)   --->   "%p_0_2_0_0_0861 = alloca i32 1"   --->   Operation 436 'alloca' 'p_0_2_0_0_0861' <Predicate = true> <Delay = 0.00>
ST_1 : Operation 437 [1/1] (0.00ns)   --->   "%p_0_5_0_0_0863 = alloca i32 1"   --->   Operation 437 'alloca' 'p_0_5_0_0_0863' <Predicate = true> <Delay = 0.00>
ST_1 : Operation 438 [1/1] (0.00ns)   --->   "%p_0_6_0_0_0865 = alloca i32 1"   --->   Operation 438 'alloca' 'p_0_6_0_0_0865' <Predicate = true> <Delay = 0.00>
ST_1 : Operation 439 [1/1] (0.00ns)   --->   "%p_0_0_0_0_0867 = alloca i32 1"   --->   Operation 439 'alloca' 'p_0_0_0_0_0867' <Predicate = true> <Delay = 0.00>
ST_1 : Operation 440 [1/1] (0.00ns)   --->   "%p_0_1_0_0_0869 = alloca i32 1"   --->   Operation 440 'alloca' 'p_0_1_0_0_0869' <Predicate = true> <Delay = 0.00>
ST_1 : Operation 441 [1/1] (0.00ns)   --->   "%p_0_2_0_0_0871 = alloca i32 1"   --->   Operation 441 'alloca' 'p_0_2_0_0_0871' <Predicate = true> <Delay = 0.00>
ST_1 : Operation 442 [1/1] (0.00ns)   --->   "%p_0_5_0_0_0873 = alloca i32 1"   --->   Operation 442 'alloca' 'p_0_5_0_0_0873' <Predicate = true> <Delay = 0.00>
ST_1 : Operation 443 [1/1] (0.00ns)   --->   "%p_0_6_0_0_0875 = alloca i32 1"   --->   Operation 443 'alloca' 'p_0_6_0_0_0875' <Predicate = true> <Delay = 0.00>
ST_1 : Operation 444 [1/1] (0.00ns)   --->   "%p_0_1_0_0_0877 = alloca i32 1"   --->   Operation 444 'alloca' 'p_0_1_0_0_0877' <Predicate = true> <Delay = 0.00>
ST_1 : Operation 445 [1/1] (0.00ns)   --->   "%p_0_2_0_0_0879 = alloca i32 1"   --->   Operation 445 'alloca' 'p_0_2_0_0_0879' <Predicate = true> <Delay = 0.00>
ST_1 : Operation 446 [1/1] (0.00ns)   --->   "%p_0_3_0_0_0881 = alloca i32 1"   --->   Operation 446 'alloca' 'p_0_3_0_0_0881' <Predicate = true> <Delay = 0.00>
ST_1 : Operation 447 [1/1] (0.00ns)   --->   "%p_0_5_0_0_0883 = alloca i32 1"   --->   Operation 447 'alloca' 'p_0_5_0_0_0883' <Predicate = true> <Delay = 0.00>
ST_1 : Operation 448 [1/1] (0.00ns)   --->   "%p_0_6_0_0_0885 = alloca i32 1"   --->   Operation 448 'alloca' 'p_0_6_0_0_0885' <Predicate = true> <Delay = 0.00>
ST_1 : Operation 449 [1/1] (0.00ns)   --->   "%p_0_1_0_0_0887 = alloca i32 1"   --->   Operation 449 'alloca' 'p_0_1_0_0_0887' <Predicate = true> <Delay = 0.00>
ST_1 : Operation 450 [1/1] (0.00ns)   --->   "%p_0_2_0_0_0889 = alloca i32 1"   --->   Operation 450 'alloca' 'p_0_2_0_0_0889' <Predicate = true> <Delay = 0.00>
ST_1 : Operation 451 [1/1] (0.00ns)   --->   "%p_0_3_0_0_0891 = alloca i32 1"   --->   Operation 451 'alloca' 'p_0_3_0_0_0891' <Predicate = true> <Delay = 0.00>
ST_1 : Operation 452 [1/1] (0.00ns)   --->   "%p_0_5_0_0_0893 = alloca i32 1"   --->   Operation 452 'alloca' 'p_0_5_0_0_0893' <Predicate = true> <Delay = 0.00>
ST_1 : Operation 453 [1/1] (0.00ns)   --->   "%p_0_6_0_0_0895 = alloca i32 1"   --->   Operation 453 'alloca' 'p_0_6_0_0_0895' <Predicate = true> <Delay = 0.00>
ST_1 : Operation 454 [1/1] (0.00ns)   --->   "%p_0_0_0_0_0897 = alloca i32 1"   --->   Operation 454 'alloca' 'p_0_0_0_0_0897' <Predicate = true> <Delay = 0.00>
ST_1 : Operation 455 [1/1] (0.00ns)   --->   "%p_0_1_0_0_0899 = alloca i32 1"   --->   Operation 455 'alloca' 'p_0_1_0_0_0899' <Predicate = true> <Delay = 0.00>
ST_1 : Operation 456 [1/1] (0.00ns)   --->   "%p_0_2_0_0_0901 = alloca i32 1"   --->   Operation 456 'alloca' 'p_0_2_0_0_0901' <Predicate = true> <Delay = 0.00>
ST_1 : Operation 457 [1/1] (0.00ns)   --->   "%p_0_3_0_0_0903 = alloca i32 1"   --->   Operation 457 'alloca' 'p_0_3_0_0_0903' <Predicate = true> <Delay = 0.00>
ST_1 : Operation 458 [1/1] (0.00ns)   --->   "%p_0_5_0_0_0905 = alloca i32 1"   --->   Operation 458 'alloca' 'p_0_5_0_0_0905' <Predicate = true> <Delay = 0.00>
ST_1 : Operation 459 [1/1] (0.00ns)   --->   "%p_0_6_0_0_0907 = alloca i32 1"   --->   Operation 459 'alloca' 'p_0_6_0_0_0907' <Predicate = true> <Delay = 0.00>
ST_1 : Operation 460 [1/1] (0.00ns)   --->   "%p_0_0_0_0_0909 = alloca i32 1"   --->   Operation 460 'alloca' 'p_0_0_0_0_0909' <Predicate = true> <Delay = 0.00>
ST_1 : Operation 461 [1/1] (0.00ns)   --->   "%p_0_1_0_0_0911 = alloca i32 1"   --->   Operation 461 'alloca' 'p_0_1_0_0_0911' <Predicate = true> <Delay = 0.00>
ST_1 : Operation 462 [1/1] (0.00ns)   --->   "%p_0_2_0_0_0913 = alloca i32 1"   --->   Operation 462 'alloca' 'p_0_2_0_0_0913' <Predicate = true> <Delay = 0.00>
ST_1 : Operation 463 [1/1] (0.00ns)   --->   "%p_0_3_0_0_0915 = alloca i32 1"   --->   Operation 463 'alloca' 'p_0_3_0_0_0915' <Predicate = true> <Delay = 0.00>
ST_1 : Operation 464 [1/1] (0.00ns)   --->   "%p_0_6_0_0_0917 = alloca i32 1"   --->   Operation 464 'alloca' 'p_0_6_0_0_0917' <Predicate = true> <Delay = 0.00>
ST_1 : Operation 465 [1/1] (0.00ns)   --->   "%p_0_0_0_0_0919 = alloca i32 1"   --->   Operation 465 'alloca' 'p_0_0_0_0_0919' <Predicate = true> <Delay = 0.00>
ST_1 : Operation 466 [1/1] (0.00ns)   --->   "%p_0_1_0_0_0921 = alloca i32 1"   --->   Operation 466 'alloca' 'p_0_1_0_0_0921' <Predicate = true> <Delay = 0.00>
ST_1 : Operation 467 [1/1] (0.00ns)   --->   "%p_0_2_0_0_0923 = alloca i32 1"   --->   Operation 467 'alloca' 'p_0_2_0_0_0923' <Predicate = true> <Delay = 0.00>
ST_1 : Operation 468 [1/1] (0.00ns)   --->   "%p_0_3_0_0_0925 = alloca i32 1"   --->   Operation 468 'alloca' 'p_0_3_0_0_0925' <Predicate = true> <Delay = 0.00>
ST_1 : Operation 469 [1/1] (0.00ns)   --->   "%p_0_6_0_0_0927 = alloca i32 1"   --->   Operation 469 'alloca' 'p_0_6_0_0_0927' <Predicate = true> <Delay = 0.00>
ST_1 : Operation 470 [1/1] (0.00ns)   --->   "%p_0_0_0_0_0929 = alloca i32 1"   --->   Operation 470 'alloca' 'p_0_0_0_0_0929' <Predicate = true> <Delay = 0.00>
ST_1 : Operation 471 [1/1] (0.00ns)   --->   "%p_0_1_0_0_0931 = alloca i32 1"   --->   Operation 471 'alloca' 'p_0_1_0_0_0931' <Predicate = true> <Delay = 0.00>
ST_1 : Operation 472 [1/1] (0.00ns)   --->   "%p_0_2_0_0_0933 = alloca i32 1"   --->   Operation 472 'alloca' 'p_0_2_0_0_0933' <Predicate = true> <Delay = 0.00>
ST_1 : Operation 473 [1/1] (0.00ns)   --->   "%p_0_3_0_0_0935 = alloca i32 1"   --->   Operation 473 'alloca' 'p_0_3_0_0_0935' <Predicate = true> <Delay = 0.00>
ST_1 : Operation 474 [1/1] (0.00ns)   --->   "%p_0_5_0_0_0937 = alloca i32 1"   --->   Operation 474 'alloca' 'p_0_5_0_0_0937' <Predicate = true> <Delay = 0.00>
ST_1 : Operation 475 [1/1] (0.00ns)   --->   "%p_0_6_0_0_0939 = alloca i32 1"   --->   Operation 475 'alloca' 'p_0_6_0_0_0939' <Predicate = true> <Delay = 0.00>
ST_1 : Operation 476 [1/1] (0.00ns)   --->   "%p_0_0_0_0_0941 = alloca i32 1"   --->   Operation 476 'alloca' 'p_0_0_0_0_0941' <Predicate = true> <Delay = 0.00>
ST_1 : Operation 477 [1/1] (0.00ns)   --->   "%p_0_1_0_0_0943 = alloca i32 1"   --->   Operation 477 'alloca' 'p_0_1_0_0_0943' <Predicate = true> <Delay = 0.00>
ST_1 : Operation 478 [1/1] (0.00ns)   --->   "%p_0_2_0_0_0945 = alloca i32 1"   --->   Operation 478 'alloca' 'p_0_2_0_0_0945' <Predicate = true> <Delay = 0.00>
ST_1 : Operation 479 [1/1] (0.00ns)   --->   "%p_0_3_0_0_0947 = alloca i32 1"   --->   Operation 479 'alloca' 'p_0_3_0_0_0947' <Predicate = true> <Delay = 0.00>
ST_1 : Operation 480 [1/1] (0.00ns)   --->   "%p_0_4_0_0_0949 = alloca i32 1"   --->   Operation 480 'alloca' 'p_0_4_0_0_0949' <Predicate = true> <Delay = 0.00>
ST_1 : Operation 481 [1/1] (0.00ns)   --->   "%p_0_6_0_0_0951 = alloca i32 1"   --->   Operation 481 'alloca' 'p_0_6_0_0_0951' <Predicate = true> <Delay = 0.00>
ST_1 : Operation 482 [1/1] (0.00ns)   --->   "%p_0_0_0_0_0953 = alloca i32 1"   --->   Operation 482 'alloca' 'p_0_0_0_0_0953' <Predicate = true> <Delay = 0.00>
ST_1 : Operation 483 [1/1] (0.00ns)   --->   "%p_0_1_0_0_0955 = alloca i32 1"   --->   Operation 483 'alloca' 'p_0_1_0_0_0955' <Predicate = true> <Delay = 0.00>
ST_1 : Operation 484 [1/1] (0.00ns)   --->   "%p_0_2_0_0_0957 = alloca i32 1"   --->   Operation 484 'alloca' 'p_0_2_0_0_0957' <Predicate = true> <Delay = 0.00>
ST_1 : Operation 485 [1/1] (0.00ns)   --->   "%p_0_3_0_0_0959 = alloca i32 1"   --->   Operation 485 'alloca' 'p_0_3_0_0_0959' <Predicate = true> <Delay = 0.00>
ST_1 : Operation 486 [1/1] (0.00ns)   --->   "%p_0_4_0_0_0961 = alloca i32 1"   --->   Operation 486 'alloca' 'p_0_4_0_0_0961' <Predicate = true> <Delay = 0.00>
ST_1 : Operation 487 [1/1] (0.00ns)   --->   "%p_0_6_0_0_0963 = alloca i32 1"   --->   Operation 487 'alloca' 'p_0_6_0_0_0963' <Predicate = true> <Delay = 0.00>
ST_1 : Operation 488 [1/1] (0.00ns)   --->   "%p_0_0_0_0_0965 = alloca i32 1"   --->   Operation 488 'alloca' 'p_0_0_0_0_0965' <Predicate = true> <Delay = 0.00>
ST_1 : Operation 489 [1/1] (0.00ns)   --->   "%p_0_1_0_0_0967 = alloca i32 1"   --->   Operation 489 'alloca' 'p_0_1_0_0_0967' <Predicate = true> <Delay = 0.00>
ST_1 : Operation 490 [1/1] (0.00ns)   --->   "%p_0_2_0_0_0969 = alloca i32 1"   --->   Operation 490 'alloca' 'p_0_2_0_0_0969' <Predicate = true> <Delay = 0.00>
ST_1 : Operation 491 [1/1] (0.00ns)   --->   "%p_0_3_0_0_0971 = alloca i32 1"   --->   Operation 491 'alloca' 'p_0_3_0_0_0971' <Predicate = true> <Delay = 0.00>
ST_1 : Operation 492 [1/1] (0.00ns)   --->   "%p_0_4_0_0_0973 = alloca i32 1"   --->   Operation 492 'alloca' 'p_0_4_0_0_0973' <Predicate = true> <Delay = 0.00>
ST_1 : Operation 493 [1/1] (0.00ns)   --->   "%p_0_6_0_0_0975 = alloca i32 1"   --->   Operation 493 'alloca' 'p_0_6_0_0_0975' <Predicate = true> <Delay = 0.00>
ST_1 : Operation 494 [1/1] (0.00ns)   --->   "%p_0_0_0_0_0977 = alloca i32 1"   --->   Operation 494 'alloca' 'p_0_0_0_0_0977' <Predicate = true> <Delay = 0.00>
ST_1 : Operation 495 [1/1] (0.00ns)   --->   "%p_0_1_0_0_0979 = alloca i32 1"   --->   Operation 495 'alloca' 'p_0_1_0_0_0979' <Predicate = true> <Delay = 0.00>
ST_1 : Operation 496 [1/1] (0.00ns)   --->   "%p_0_2_0_0_0981 = alloca i32 1"   --->   Operation 496 'alloca' 'p_0_2_0_0_0981' <Predicate = true> <Delay = 0.00>
ST_1 : Operation 497 [1/1] (0.00ns)   --->   "%p_0_3_0_0_0983 = alloca i32 1"   --->   Operation 497 'alloca' 'p_0_3_0_0_0983' <Predicate = true> <Delay = 0.00>
ST_1 : Operation 498 [1/1] (0.00ns)   --->   "%p_0_4_0_0_0985 = alloca i32 1"   --->   Operation 498 'alloca' 'p_0_4_0_0_0985' <Predicate = true> <Delay = 0.00>
ST_1 : Operation 499 [1/1] (0.00ns)   --->   "%p_0_6_0_0_0987 = alloca i32 1"   --->   Operation 499 'alloca' 'p_0_6_0_0_0987' <Predicate = true> <Delay = 0.00>
ST_1 : Operation 500 [1/1] (0.00ns)   --->   "%p_0_0_0_0_0989 = alloca i32 1"   --->   Operation 500 'alloca' 'p_0_0_0_0_0989' <Predicate = true> <Delay = 0.00>
ST_1 : Operation 501 [1/1] (0.00ns)   --->   "%p_0_1_0_0_0991 = alloca i32 1"   --->   Operation 501 'alloca' 'p_0_1_0_0_0991' <Predicate = true> <Delay = 0.00>
ST_1 : Operation 502 [1/1] (0.00ns)   --->   "%p_0_2_0_0_0993 = alloca i32 1"   --->   Operation 502 'alloca' 'p_0_2_0_0_0993' <Predicate = true> <Delay = 0.00>
ST_1 : Operation 503 [1/1] (0.00ns)   --->   "%p_0_3_0_0_0995 = alloca i32 1"   --->   Operation 503 'alloca' 'p_0_3_0_0_0995' <Predicate = true> <Delay = 0.00>
ST_1 : Operation 504 [1/1] (0.00ns)   --->   "%p_0_4_0_0_0997 = alloca i32 1"   --->   Operation 504 'alloca' 'p_0_4_0_0_0997' <Predicate = true> <Delay = 0.00>
ST_1 : Operation 505 [1/1] (0.00ns)   --->   "%p_0_5_0_0_0999 = alloca i32 1"   --->   Operation 505 'alloca' 'p_0_5_0_0_0999' <Predicate = true> <Delay = 0.00>
ST_1 : Operation 506 [1/1] (0.00ns)   --->   "%p_0_0_0_0_01001 = alloca i32 1"   --->   Operation 506 'alloca' 'p_0_0_0_0_01001' <Predicate = true> <Delay = 0.00>
ST_1 : Operation 507 [1/1] (0.00ns)   --->   "%p_0_2_0_0_01003 = alloca i32 1"   --->   Operation 507 'alloca' 'p_0_2_0_0_01003' <Predicate = true> <Delay = 0.00>
ST_1 : Operation 508 [1/1] (0.00ns)   --->   "%p_0_3_0_0_01005 = alloca i32 1"   --->   Operation 508 'alloca' 'p_0_3_0_0_01005' <Predicate = true> <Delay = 0.00>
ST_1 : Operation 509 [1/1] (0.00ns)   --->   "%p_0_4_0_0_01007 = alloca i32 1"   --->   Operation 509 'alloca' 'p_0_4_0_0_01007' <Predicate = true> <Delay = 0.00>
ST_1 : Operation 510 [1/1] (0.00ns)   --->   "%p_0_5_0_0_01009 = alloca i32 1"   --->   Operation 510 'alloca' 'p_0_5_0_0_01009' <Predicate = true> <Delay = 0.00>
ST_1 : Operation 511 [1/1] (0.00ns)   --->   "%p_0_6_0_0_01011 = alloca i32 1"   --->   Operation 511 'alloca' 'p_0_6_0_0_01011' <Predicate = true> <Delay = 0.00>
ST_1 : Operation 512 [1/1] (0.00ns)   --->   "%p_0_0_0_0_01013 = alloca i32 1"   --->   Operation 512 'alloca' 'p_0_0_0_0_01013' <Predicate = true> <Delay = 0.00>
ST_1 : Operation 513 [1/1] (0.00ns)   --->   "%p_0_1_0_0_01015 = alloca i32 1"   --->   Operation 513 'alloca' 'p_0_1_0_0_01015' <Predicate = true> <Delay = 0.00>
ST_1 : Operation 514 [1/1] (0.00ns)   --->   "%p_0_2_0_0_01017 = alloca i32 1"   --->   Operation 514 'alloca' 'p_0_2_0_0_01017' <Predicate = true> <Delay = 0.00>
ST_1 : Operation 515 [1/1] (0.00ns)   --->   "%p_0_3_0_0_01019 = alloca i32 1"   --->   Operation 515 'alloca' 'p_0_3_0_0_01019' <Predicate = true> <Delay = 0.00>
ST_1 : Operation 516 [1/1] (0.00ns)   --->   "%p_0_4_0_0_01021 = alloca i32 1"   --->   Operation 516 'alloca' 'p_0_4_0_0_01021' <Predicate = true> <Delay = 0.00>
ST_1 : Operation 517 [1/1] (0.00ns)   --->   "%p_0_5_0_0_01023 = alloca i32 1"   --->   Operation 517 'alloca' 'p_0_5_0_0_01023' <Predicate = true> <Delay = 0.00>
ST_1 : Operation 518 [1/1] (0.00ns)   --->   "%p_0_6_0_0_01025 = alloca i32 1"   --->   Operation 518 'alloca' 'p_0_6_0_0_01025' <Predicate = true> <Delay = 0.00>
ST_1 : Operation 519 [1/1] (0.00ns)   --->   "%p_0_0_0_0_01027 = alloca i32 1"   --->   Operation 519 'alloca' 'p_0_0_0_0_01027' <Predicate = true> <Delay = 0.00>
ST_1 : Operation 520 [1/1] (0.00ns)   --->   "%p_0_1_0_0_01029 = alloca i32 1"   --->   Operation 520 'alloca' 'p_0_1_0_0_01029' <Predicate = true> <Delay = 0.00>
ST_1 : Operation 521 [1/1] (0.00ns)   --->   "%p_0_2_0_0_01031 = alloca i32 1"   --->   Operation 521 'alloca' 'p_0_2_0_0_01031' <Predicate = true> <Delay = 0.00>
ST_1 : Operation 522 [1/1] (0.00ns)   --->   "%p_0_3_0_0_01033 = alloca i32 1"   --->   Operation 522 'alloca' 'p_0_3_0_0_01033' <Predicate = true> <Delay = 0.00>
ST_1 : Operation 523 [1/1] (0.00ns)   --->   "%p_0_4_0_0_01035 = alloca i32 1"   --->   Operation 523 'alloca' 'p_0_4_0_0_01035' <Predicate = true> <Delay = 0.00>
ST_1 : Operation 524 [1/1] (0.00ns)   --->   "%p_0_5_0_0_01037 = alloca i32 1"   --->   Operation 524 'alloca' 'p_0_5_0_0_01037' <Predicate = true> <Delay = 0.00>
ST_1 : Operation 525 [1/1] (0.00ns)   --->   "%p_0_6_0_0_01039 = alloca i32 1"   --->   Operation 525 'alloca' 'p_0_6_0_0_01039' <Predicate = true> <Delay = 0.00>
ST_1 : Operation 526 [1/1] (0.00ns)   --->   "%p_0_0_0_0_01041 = alloca i32 1"   --->   Operation 526 'alloca' 'p_0_0_0_0_01041' <Predicate = true> <Delay = 0.00>
ST_1 : Operation 527 [1/1] (0.00ns)   --->   "%p_0_1_0_0_01043 = alloca i32 1"   --->   Operation 527 'alloca' 'p_0_1_0_0_01043' <Predicate = true> <Delay = 0.00>
ST_1 : Operation 528 [1/1] (0.00ns)   --->   "%p_0_2_0_0_01045 = alloca i32 1"   --->   Operation 528 'alloca' 'p_0_2_0_0_01045' <Predicate = true> <Delay = 0.00>
ST_1 : Operation 529 [1/1] (0.00ns)   --->   "%p_0_3_0_0_01047 = alloca i32 1"   --->   Operation 529 'alloca' 'p_0_3_0_0_01047' <Predicate = true> <Delay = 0.00>
ST_1 : Operation 530 [1/1] (0.00ns)   --->   "%p_0_4_0_0_01049 = alloca i32 1"   --->   Operation 530 'alloca' 'p_0_4_0_0_01049' <Predicate = true> <Delay = 0.00>
ST_1 : Operation 531 [1/1] (0.00ns)   --->   "%p_0_5_0_0_01051 = alloca i32 1"   --->   Operation 531 'alloca' 'p_0_5_0_0_01051' <Predicate = true> <Delay = 0.00>
ST_1 : Operation 532 [1/1] (0.00ns)   --->   "%p_0_6_0_0_01053 = alloca i32 1"   --->   Operation 532 'alloca' 'p_0_6_0_0_01053' <Predicate = true> <Delay = 0.00>
ST_1 : Operation 533 [1/1] (0.00ns)   --->   "%p_0_0_0_0_01055 = alloca i32 1"   --->   Operation 533 'alloca' 'p_0_0_0_0_01055' <Predicate = true> <Delay = 0.00>
ST_1 : Operation 534 [1/1] (0.00ns)   --->   "%p_0_1_0_0_01057 = alloca i32 1"   --->   Operation 534 'alloca' 'p_0_1_0_0_01057' <Predicate = true> <Delay = 0.00>
ST_1 : Operation 535 [1/1] (0.00ns)   --->   "%p_0_2_0_0_01059 = alloca i32 1"   --->   Operation 535 'alloca' 'p_0_2_0_0_01059' <Predicate = true> <Delay = 0.00>
ST_1 : Operation 536 [1/1] (0.00ns)   --->   "%p_0_3_0_0_01061 = alloca i32 1"   --->   Operation 536 'alloca' 'p_0_3_0_0_01061' <Predicate = true> <Delay = 0.00>
ST_1 : Operation 537 [1/1] (0.00ns)   --->   "%p_0_4_0_0_01063 = alloca i32 1"   --->   Operation 537 'alloca' 'p_0_4_0_0_01063' <Predicate = true> <Delay = 0.00>
ST_1 : Operation 538 [1/1] (0.00ns)   --->   "%p_0_5_0_0_01065 = alloca i32 1"   --->   Operation 538 'alloca' 'p_0_5_0_0_01065' <Predicate = true> <Delay = 0.00>
ST_1 : Operation 539 [1/1] (0.00ns)   --->   "%p_0_6_0_0_01067 = alloca i32 1"   --->   Operation 539 'alloca' 'p_0_6_0_0_01067' <Predicate = true> <Delay = 0.00>
ST_1 : Operation 540 [1/1] (0.00ns)   --->   "%p_0_0_0_0_01069 = alloca i32 1"   --->   Operation 540 'alloca' 'p_0_0_0_0_01069' <Predicate = true> <Delay = 0.00>
ST_1 : Operation 541 [1/1] (0.00ns)   --->   "%p_0_1_0_0_01071 = alloca i32 1"   --->   Operation 541 'alloca' 'p_0_1_0_0_01071' <Predicate = true> <Delay = 0.00>
ST_1 : Operation 542 [1/1] (0.00ns)   --->   "%p_0_2_0_0_01073 = alloca i32 1"   --->   Operation 542 'alloca' 'p_0_2_0_0_01073' <Predicate = true> <Delay = 0.00>
ST_1 : Operation 543 [1/1] (0.00ns)   --->   "%p_0_3_0_0_01075 = alloca i32 1"   --->   Operation 543 'alloca' 'p_0_3_0_0_01075' <Predicate = true> <Delay = 0.00>
ST_1 : Operation 544 [1/1] (0.00ns)   --->   "%p_0_4_0_0_01077 = alloca i32 1"   --->   Operation 544 'alloca' 'p_0_4_0_0_01077' <Predicate = true> <Delay = 0.00>
ST_1 : Operation 545 [1/1] (0.00ns)   --->   "%p_0_5_0_0_01079 = alloca i32 1"   --->   Operation 545 'alloca' 'p_0_5_0_0_01079' <Predicate = true> <Delay = 0.00>
ST_1 : Operation 546 [1/1] (0.00ns)   --->   "%p_0_6_0_0_01081 = alloca i32 1"   --->   Operation 546 'alloca' 'p_0_6_0_0_01081' <Predicate = true> <Delay = 0.00>
ST_1 : Operation 547 [1/1] (0.00ns)   --->   "%p_0_0_0_0_01083 = alloca i32 1"   --->   Operation 547 'alloca' 'p_0_0_0_0_01083' <Predicate = true> <Delay = 0.00>
ST_1 : Operation 548 [1/1] (0.00ns)   --->   "%p_0_1_0_0_01085 = alloca i32 1"   --->   Operation 548 'alloca' 'p_0_1_0_0_01085' <Predicate = true> <Delay = 0.00>
ST_1 : Operation 549 [1/1] (0.00ns)   --->   "%p_0_2_0_0_01087 = alloca i32 1"   --->   Operation 549 'alloca' 'p_0_2_0_0_01087' <Predicate = true> <Delay = 0.00>
ST_1 : Operation 550 [1/1] (0.00ns)   --->   "%p_0_3_0_0_01089 = alloca i32 1"   --->   Operation 550 'alloca' 'p_0_3_0_0_01089' <Predicate = true> <Delay = 0.00>
ST_1 : Operation 551 [1/1] (0.00ns)   --->   "%p_0_4_0_0_01091 = alloca i32 1"   --->   Operation 551 'alloca' 'p_0_4_0_0_01091' <Predicate = true> <Delay = 0.00>
ST_1 : Operation 552 [1/1] (0.00ns)   --->   "%p_0_5_0_0_01093 = alloca i32 1"   --->   Operation 552 'alloca' 'p_0_5_0_0_01093' <Predicate = true> <Delay = 0.00>
ST_1 : Operation 553 [1/1] (0.00ns)   --->   "%p_0_6_0_0_01095 = alloca i32 1"   --->   Operation 553 'alloca' 'p_0_6_0_0_01095' <Predicate = true> <Delay = 0.00>
ST_1 : Operation 554 [1/1] (0.00ns)   --->   "%p_0_0_0_0_01097 = alloca i32 1"   --->   Operation 554 'alloca' 'p_0_0_0_0_01097' <Predicate = true> <Delay = 0.00>
ST_1 : Operation 555 [1/1] (0.00ns)   --->   "%p_0_1_0_0_01099 = alloca i32 1"   --->   Operation 555 'alloca' 'p_0_1_0_0_01099' <Predicate = true> <Delay = 0.00>
ST_1 : Operation 556 [1/1] (0.00ns)   --->   "%p_0_2_0_0_01101 = alloca i32 1"   --->   Operation 556 'alloca' 'p_0_2_0_0_01101' <Predicate = true> <Delay = 0.00>
ST_1 : Operation 557 [1/1] (0.00ns)   --->   "%p_0_3_0_0_01103 = alloca i32 1"   --->   Operation 557 'alloca' 'p_0_3_0_0_01103' <Predicate = true> <Delay = 0.00>
ST_1 : Operation 558 [1/1] (0.00ns)   --->   "%p_0_4_0_0_01105 = alloca i32 1"   --->   Operation 558 'alloca' 'p_0_4_0_0_01105' <Predicate = true> <Delay = 0.00>
ST_1 : Operation 559 [1/1] (0.00ns)   --->   "%p_0_5_0_0_01107 = alloca i32 1"   --->   Operation 559 'alloca' 'p_0_5_0_0_01107' <Predicate = true> <Delay = 0.00>
ST_1 : Operation 560 [1/1] (0.00ns)   --->   "%p_0_6_0_0_01109 = alloca i32 1"   --->   Operation 560 'alloca' 'p_0_6_0_0_01109' <Predicate = true> <Delay = 0.00>
ST_1 : Operation 561 [1/1] (0.00ns)   --->   "%p_0_0_0_0_01111 = alloca i32 1"   --->   Operation 561 'alloca' 'p_0_0_0_0_01111' <Predicate = true> <Delay = 0.00>
ST_1 : Operation 562 [1/1] (0.00ns)   --->   "%p_0_1_0_0_01113 = alloca i32 1"   --->   Operation 562 'alloca' 'p_0_1_0_0_01113' <Predicate = true> <Delay = 0.00>
ST_1 : Operation 563 [1/1] (0.00ns)   --->   "%p_0_2_0_0_01115 = alloca i32 1"   --->   Operation 563 'alloca' 'p_0_2_0_0_01115' <Predicate = true> <Delay = 0.00>
ST_1 : Operation 564 [1/1] (0.00ns)   --->   "%p_0_3_0_0_01117 = alloca i32 1"   --->   Operation 564 'alloca' 'p_0_3_0_0_01117' <Predicate = true> <Delay = 0.00>
ST_1 : Operation 565 [1/1] (0.00ns)   --->   "%p_0_4_0_0_01119 = alloca i32 1"   --->   Operation 565 'alloca' 'p_0_4_0_0_01119' <Predicate = true> <Delay = 0.00>
ST_1 : Operation 566 [1/1] (0.00ns)   --->   "%p_0_5_0_0_01121 = alloca i32 1"   --->   Operation 566 'alloca' 'p_0_5_0_0_01121' <Predicate = true> <Delay = 0.00>
ST_1 : Operation 567 [1/1] (0.00ns)   --->   "%p_0_6_0_0_01123 = alloca i32 1"   --->   Operation 567 'alloca' 'p_0_6_0_0_01123' <Predicate = true> <Delay = 0.00>
ST_1 : Operation 568 [1/1] (0.00ns)   --->   "%p_0_0_0_0_01125 = alloca i32 1"   --->   Operation 568 'alloca' 'p_0_0_0_0_01125' <Predicate = true> <Delay = 0.00>
ST_1 : Operation 569 [1/1] (0.00ns)   --->   "%p_0_1_0_0_01127 = alloca i32 1"   --->   Operation 569 'alloca' 'p_0_1_0_0_01127' <Predicate = true> <Delay = 0.00>
ST_1 : Operation 570 [1/1] (0.00ns)   --->   "%p_0_2_0_0_01129 = alloca i32 1"   --->   Operation 570 'alloca' 'p_0_2_0_0_01129' <Predicate = true> <Delay = 0.00>
ST_1 : Operation 571 [1/1] (0.00ns)   --->   "%p_0_3_0_0_01131 = alloca i32 1"   --->   Operation 571 'alloca' 'p_0_3_0_0_01131' <Predicate = true> <Delay = 0.00>
ST_1 : Operation 572 [1/1] (0.00ns)   --->   "%p_0_4_0_0_01133 = alloca i32 1"   --->   Operation 572 'alloca' 'p_0_4_0_0_01133' <Predicate = true> <Delay = 0.00>
ST_1 : Operation 573 [1/1] (0.00ns)   --->   "%p_0_5_0_0_01135 = alloca i32 1"   --->   Operation 573 'alloca' 'p_0_5_0_0_01135' <Predicate = true> <Delay = 0.00>
ST_1 : Operation 574 [1/1] (0.00ns)   --->   "%p_0_6_0_0_01137 = alloca i32 1"   --->   Operation 574 'alloca' 'p_0_6_0_0_01137' <Predicate = true> <Delay = 0.00>
ST_1 : Operation 575 [1/1] (0.00ns)   --->   "%p_0_0_0_0_01139 = alloca i32 1"   --->   Operation 575 'alloca' 'p_0_0_0_0_01139' <Predicate = true> <Delay = 0.00>
ST_1 : Operation 576 [1/1] (0.00ns)   --->   "%p_0_1_0_0_01141 = alloca i32 1"   --->   Operation 576 'alloca' 'p_0_1_0_0_01141' <Predicate = true> <Delay = 0.00>
ST_1 : Operation 577 [1/1] (0.00ns)   --->   "%p_0_2_0_0_01143 = alloca i32 1"   --->   Operation 577 'alloca' 'p_0_2_0_0_01143' <Predicate = true> <Delay = 0.00>
ST_1 : Operation 578 [1/1] (0.00ns)   --->   "%p_0_3_0_0_01145 = alloca i32 1"   --->   Operation 578 'alloca' 'p_0_3_0_0_01145' <Predicate = true> <Delay = 0.00>
ST_1 : Operation 579 [1/1] (0.00ns)   --->   "%p_0_4_0_0_01147 = alloca i32 1"   --->   Operation 579 'alloca' 'p_0_4_0_0_01147' <Predicate = true> <Delay = 0.00>
ST_1 : Operation 580 [1/1] (0.00ns)   --->   "%p_0_5_0_0_01149 = alloca i32 1"   --->   Operation 580 'alloca' 'p_0_5_0_0_01149' <Predicate = true> <Delay = 0.00>
ST_1 : Operation 581 [1/1] (0.00ns)   --->   "%p_0_6_0_0_01151 = alloca i32 1"   --->   Operation 581 'alloca' 'p_0_6_0_0_01151' <Predicate = true> <Delay = 0.00>
ST_1 : Operation 582 [1/1] (0.00ns)   --->   "%p_0_0_0_0_01153 = alloca i32 1"   --->   Operation 582 'alloca' 'p_0_0_0_0_01153' <Predicate = true> <Delay = 0.00>
ST_1 : Operation 583 [1/1] (0.00ns)   --->   "%p_0_1_0_0_01155 = alloca i32 1"   --->   Operation 583 'alloca' 'p_0_1_0_0_01155' <Predicate = true> <Delay = 0.00>
ST_1 : Operation 584 [1/1] (0.00ns)   --->   "%p_0_2_0_0_01157 = alloca i32 1"   --->   Operation 584 'alloca' 'p_0_2_0_0_01157' <Predicate = true> <Delay = 0.00>
ST_1 : Operation 585 [1/1] (0.00ns)   --->   "%p_0_3_0_0_01159 = alloca i32 1"   --->   Operation 585 'alloca' 'p_0_3_0_0_01159' <Predicate = true> <Delay = 0.00>
ST_1 : Operation 586 [1/1] (0.00ns)   --->   "%p_0_4_0_0_01161 = alloca i32 1"   --->   Operation 586 'alloca' 'p_0_4_0_0_01161' <Predicate = true> <Delay = 0.00>
ST_1 : Operation 587 [1/1] (0.00ns)   --->   "%p_0_5_0_0_01163 = alloca i32 1"   --->   Operation 587 'alloca' 'p_0_5_0_0_01163' <Predicate = true> <Delay = 0.00>
ST_1 : Operation 588 [1/1] (0.00ns)   --->   "%p_0_6_0_0_01165 = alloca i32 1"   --->   Operation 588 'alloca' 'p_0_6_0_0_01165' <Predicate = true> <Delay = 0.00>
ST_1 : Operation 589 [1/1] (0.00ns)   --->   "%p_0_0_0_0_01167 = alloca i32 1"   --->   Operation 589 'alloca' 'p_0_0_0_0_01167' <Predicate = true> <Delay = 0.00>
ST_1 : Operation 590 [1/1] (0.00ns)   --->   "%p_0_1_0_0_01169 = alloca i32 1"   --->   Operation 590 'alloca' 'p_0_1_0_0_01169' <Predicate = true> <Delay = 0.00>
ST_1 : Operation 591 [1/1] (0.00ns)   --->   "%p_0_2_0_0_01171 = alloca i32 1"   --->   Operation 591 'alloca' 'p_0_2_0_0_01171' <Predicate = true> <Delay = 0.00>
ST_1 : Operation 592 [1/1] (0.00ns)   --->   "%p_0_3_0_0_01173 = alloca i32 1"   --->   Operation 592 'alloca' 'p_0_3_0_0_01173' <Predicate = true> <Delay = 0.00>
ST_1 : Operation 593 [1/1] (0.00ns)   --->   "%p_0_4_0_0_01175 = alloca i32 1"   --->   Operation 593 'alloca' 'p_0_4_0_0_01175' <Predicate = true> <Delay = 0.00>
ST_1 : Operation 594 [1/1] (0.00ns)   --->   "%p_0_5_0_0_01177 = alloca i32 1"   --->   Operation 594 'alloca' 'p_0_5_0_0_01177' <Predicate = true> <Delay = 0.00>
ST_1 : Operation 595 [1/1] (0.00ns)   --->   "%p_0_6_0_0_01179 = alloca i32 1"   --->   Operation 595 'alloca' 'p_0_6_0_0_01179' <Predicate = true> <Delay = 0.00>
ST_1 : Operation 596 [1/1] (0.00ns)   --->   "%p_0_0_0_0_01181 = alloca i32 1"   --->   Operation 596 'alloca' 'p_0_0_0_0_01181' <Predicate = true> <Delay = 0.00>
ST_1 : Operation 597 [1/1] (0.00ns)   --->   "%p_0_1_0_0_01183 = alloca i32 1"   --->   Operation 597 'alloca' 'p_0_1_0_0_01183' <Predicate = true> <Delay = 0.00>
ST_1 : Operation 598 [1/1] (0.00ns)   --->   "%p_0_2_0_0_01185 = alloca i32 1"   --->   Operation 598 'alloca' 'p_0_2_0_0_01185' <Predicate = true> <Delay = 0.00>
ST_1 : Operation 599 [1/1] (0.00ns)   --->   "%p_0_3_0_0_01187 = alloca i32 1"   --->   Operation 599 'alloca' 'p_0_3_0_0_01187' <Predicate = true> <Delay = 0.00>
ST_1 : Operation 600 [1/1] (0.00ns)   --->   "%p_0_4_0_0_01189 = alloca i32 1"   --->   Operation 600 'alloca' 'p_0_4_0_0_01189' <Predicate = true> <Delay = 0.00>
ST_1 : Operation 601 [1/1] (0.00ns)   --->   "%p_0_5_0_0_01191 = alloca i32 1"   --->   Operation 601 'alloca' 'p_0_5_0_0_01191' <Predicate = true> <Delay = 0.00>
ST_1 : Operation 602 [1/1] (0.00ns)   --->   "%p_0_6_0_0_01193 = alloca i32 1"   --->   Operation 602 'alloca' 'p_0_6_0_0_01193' <Predicate = true> <Delay = 0.00>
ST_1 : Operation 603 [1/1] (0.00ns)   --->   "%p_0_0_0_0_01195 = alloca i32 1"   --->   Operation 603 'alloca' 'p_0_0_0_0_01195' <Predicate = true> <Delay = 0.00>
ST_1 : Operation 604 [1/1] (0.00ns)   --->   "%p_0_1_0_0_01197 = alloca i32 1"   --->   Operation 604 'alloca' 'p_0_1_0_0_01197' <Predicate = true> <Delay = 0.00>
ST_1 : Operation 605 [1/1] (0.00ns)   --->   "%p_0_2_0_0_01199 = alloca i32 1"   --->   Operation 605 'alloca' 'p_0_2_0_0_01199' <Predicate = true> <Delay = 0.00>
ST_1 : Operation 606 [1/1] (0.00ns)   --->   "%p_0_3_0_0_01201 = alloca i32 1"   --->   Operation 606 'alloca' 'p_0_3_0_0_01201' <Predicate = true> <Delay = 0.00>
ST_1 : Operation 607 [1/1] (0.00ns)   --->   "%p_0_4_0_0_01203 = alloca i32 1"   --->   Operation 607 'alloca' 'p_0_4_0_0_01203' <Predicate = true> <Delay = 0.00>
ST_1 : Operation 608 [1/1] (0.00ns)   --->   "%p_0_5_0_0_01205 = alloca i32 1"   --->   Operation 608 'alloca' 'p_0_5_0_0_01205' <Predicate = true> <Delay = 0.00>
ST_1 : Operation 609 [1/1] (0.00ns)   --->   "%p_0_6_0_0_01207 = alloca i32 1"   --->   Operation 609 'alloca' 'p_0_6_0_0_01207' <Predicate = true> <Delay = 0.00>
ST_1 : Operation 610 [1/1] (0.00ns)   --->   "%p_0_1_0_0_01209 = alloca i32 1"   --->   Operation 610 'alloca' 'p_0_1_0_0_01209' <Predicate = true> <Delay = 0.00>
ST_1 : Operation 611 [1/1] (0.00ns)   --->   "%p_0_2_0_0_01211 = alloca i32 1"   --->   Operation 611 'alloca' 'p_0_2_0_0_01211' <Predicate = true> <Delay = 0.00>
ST_1 : Operation 612 [1/1] (0.00ns)   --->   "%p_0_3_0_0_01213 = alloca i32 1"   --->   Operation 612 'alloca' 'p_0_3_0_0_01213' <Predicate = true> <Delay = 0.00>
ST_1 : Operation 613 [1/1] (0.00ns)   --->   "%p_0_4_0_0_01215 = alloca i32 1"   --->   Operation 613 'alloca' 'p_0_4_0_0_01215' <Predicate = true> <Delay = 0.00>
ST_1 : Operation 614 [1/1] (0.00ns)   --->   "%p_0_5_0_0_01217 = alloca i32 1"   --->   Operation 614 'alloca' 'p_0_5_0_0_01217' <Predicate = true> <Delay = 0.00>
ST_1 : Operation 615 [1/1] (0.00ns)   --->   "%p_0_6_0_0_01219 = alloca i32 1"   --->   Operation 615 'alloca' 'p_0_6_0_0_01219' <Predicate = true> <Delay = 0.00>
ST_1 : Operation 616 [1/1] (0.00ns)   --->   "%p_0_1_0_0_01221 = alloca i32 1"   --->   Operation 616 'alloca' 'p_0_1_0_0_01221' <Predicate = true> <Delay = 0.00>
ST_1 : Operation 617 [1/1] (0.00ns)   --->   "%p_0_2_0_0_01223 = alloca i32 1"   --->   Operation 617 'alloca' 'p_0_2_0_0_01223' <Predicate = true> <Delay = 0.00>
ST_1 : Operation 618 [1/1] (0.00ns)   --->   "%p_0_3_0_0_01225 = alloca i32 1"   --->   Operation 618 'alloca' 'p_0_3_0_0_01225' <Predicate = true> <Delay = 0.00>
ST_1 : Operation 619 [1/1] (0.00ns)   --->   "%p_0_4_0_0_01227 = alloca i32 1"   --->   Operation 619 'alloca' 'p_0_4_0_0_01227' <Predicate = true> <Delay = 0.00>
ST_1 : Operation 620 [1/1] (0.00ns)   --->   "%p_0_5_0_0_01229 = alloca i32 1"   --->   Operation 620 'alloca' 'p_0_5_0_0_01229' <Predicate = true> <Delay = 0.00>
ST_1 : Operation 621 [1/1] (0.00ns)   --->   "%p_0_6_0_0_01231 = alloca i32 1"   --->   Operation 621 'alloca' 'p_0_6_0_0_01231' <Predicate = true> <Delay = 0.00>
ST_1 : Operation 622 [1/1] (0.00ns)   --->   "%p_0_0_0_0_01233 = alloca i32 1"   --->   Operation 622 'alloca' 'p_0_0_0_0_01233' <Predicate = true> <Delay = 0.00>
ST_1 : Operation 623 [1/1] (0.00ns)   --->   "%p_0_1_0_0_01235 = alloca i32 1"   --->   Operation 623 'alloca' 'p_0_1_0_0_01235' <Predicate = true> <Delay = 0.00>
ST_1 : Operation 624 [1/1] (0.00ns)   --->   "%p_0_2_0_0_01237 = alloca i32 1"   --->   Operation 624 'alloca' 'p_0_2_0_0_01237' <Predicate = true> <Delay = 0.00>
ST_1 : Operation 625 [1/1] (0.00ns)   --->   "%p_0_3_0_0_01239 = alloca i32 1"   --->   Operation 625 'alloca' 'p_0_3_0_0_01239' <Predicate = true> <Delay = 0.00>
ST_1 : Operation 626 [1/1] (0.00ns)   --->   "%p_0_4_0_0_01241 = alloca i32 1"   --->   Operation 626 'alloca' 'p_0_4_0_0_01241' <Predicate = true> <Delay = 0.00>
ST_1 : Operation 627 [1/1] (0.00ns)   --->   "%p_0_5_0_0_01243 = alloca i32 1"   --->   Operation 627 'alloca' 'p_0_5_0_0_01243' <Predicate = true> <Delay = 0.00>
ST_1 : Operation 628 [1/1] (0.00ns)   --->   "%p_0_6_0_0_01245 = alloca i32 1"   --->   Operation 628 'alloca' 'p_0_6_0_0_01245' <Predicate = true> <Delay = 0.00>
ST_1 : Operation 629 [1/1] (0.00ns)   --->   "%p_0_0_0_0_01247 = alloca i32 1"   --->   Operation 629 'alloca' 'p_0_0_0_0_01247' <Predicate = true> <Delay = 0.00>
ST_1 : Operation 630 [1/1] (0.00ns)   --->   "%p_0_1_0_0_01249 = alloca i32 1"   --->   Operation 630 'alloca' 'p_0_1_0_0_01249' <Predicate = true> <Delay = 0.00>
ST_1 : Operation 631 [1/1] (0.00ns)   --->   "%p_0_2_0_0_01251 = alloca i32 1"   --->   Operation 631 'alloca' 'p_0_2_0_0_01251' <Predicate = true> <Delay = 0.00>
ST_1 : Operation 632 [1/1] (0.00ns)   --->   "%p_0_3_0_0_01253 = alloca i32 1"   --->   Operation 632 'alloca' 'p_0_3_0_0_01253' <Predicate = true> <Delay = 0.00>
ST_1 : Operation 633 [1/1] (0.00ns)   --->   "%p_0_4_0_0_01255 = alloca i32 1"   --->   Operation 633 'alloca' 'p_0_4_0_0_01255' <Predicate = true> <Delay = 0.00>
ST_1 : Operation 634 [1/1] (0.00ns)   --->   "%p_0_5_0_0_01257 = alloca i32 1"   --->   Operation 634 'alloca' 'p_0_5_0_0_01257' <Predicate = true> <Delay = 0.00>
ST_1 : Operation 635 [1/1] (0.00ns)   --->   "%p_0_6_0_0_01259 = alloca i32 1"   --->   Operation 635 'alloca' 'p_0_6_0_0_01259' <Predicate = true> <Delay = 0.00>
ST_1 : Operation 636 [1/1] (0.00ns)   --->   "%p_0_2_0_0_01261 = alloca i32 1"   --->   Operation 636 'alloca' 'p_0_2_0_0_01261' <Predicate = true> <Delay = 0.00>
ST_1 : Operation 637 [1/1] (0.00ns)   --->   "%p_0_4_0_0_01263 = alloca i32 1"   --->   Operation 637 'alloca' 'p_0_4_0_0_01263' <Predicate = true> <Delay = 0.00>
ST_1 : Operation 638 [1/1] (0.00ns)   --->   "%p_0_5_0_0_01265 = alloca i32 1"   --->   Operation 638 'alloca' 'p_0_5_0_0_01265' <Predicate = true> <Delay = 0.00>
ST_1 : Operation 639 [1/1] (0.00ns)   --->   "%p_0_6_0_0_01267 = alloca i32 1"   --->   Operation 639 'alloca' 'p_0_6_0_0_01267' <Predicate = true> <Delay = 0.00>
ST_1 : Operation 640 [1/1] (0.00ns)   --->   "%p_0_0_0_0_01269 = alloca i32 1"   --->   Operation 640 'alloca' 'p_0_0_0_0_01269' <Predicate = true> <Delay = 0.00>
ST_1 : Operation 641 [1/1] (0.00ns)   --->   "%p_0_1_0_0_01271 = alloca i32 1"   --->   Operation 641 'alloca' 'p_0_1_0_0_01271' <Predicate = true> <Delay = 0.00>
ST_1 : Operation 642 [1/1] (0.00ns)   --->   "%p_0_2_0_0_01273 = alloca i32 1"   --->   Operation 642 'alloca' 'p_0_2_0_0_01273' <Predicate = true> <Delay = 0.00>
ST_1 : Operation 643 [1/1] (0.00ns)   --->   "%p_0_5_0_0_01275 = alloca i32 1"   --->   Operation 643 'alloca' 'p_0_5_0_0_01275' <Predicate = true> <Delay = 0.00>
ST_1 : Operation 644 [1/1] (0.00ns)   --->   "%p_0_6_0_0_01277 = alloca i32 1"   --->   Operation 644 'alloca' 'p_0_6_0_0_01277' <Predicate = true> <Delay = 0.00>
ST_1 : Operation 645 [1/1] (0.00ns)   --->   "%p_0_0_0_0_01279 = alloca i32 1"   --->   Operation 645 'alloca' 'p_0_0_0_0_01279' <Predicate = true> <Delay = 0.00>
ST_1 : Operation 646 [1/1] (0.00ns)   --->   "%p_0_1_0_0_01281 = alloca i32 1"   --->   Operation 646 'alloca' 'p_0_1_0_0_01281' <Predicate = true> <Delay = 0.00>
ST_1 : Operation 647 [1/1] (0.00ns)   --->   "%p_0_5_0_0_01283 = alloca i32 1"   --->   Operation 647 'alloca' 'p_0_5_0_0_01283' <Predicate = true> <Delay = 0.00>
ST_1 : Operation 648 [1/1] (0.00ns)   --->   "%p_0_6_0_0_01285 = alloca i32 1"   --->   Operation 648 'alloca' 'p_0_6_0_0_01285' <Predicate = true> <Delay = 0.00>
ST_1 : Operation 649 [1/1] (0.00ns)   --->   "%p_0_0_0_0_01287 = alloca i32 1"   --->   Operation 649 'alloca' 'p_0_0_0_0_01287' <Predicate = true> <Delay = 0.00>
ST_1 : Operation 650 [1/1] (0.00ns)   --->   "%p_0_2_0_0_01289 = alloca i32 1"   --->   Operation 650 'alloca' 'p_0_2_0_0_01289' <Predicate = true> <Delay = 0.00>
ST_1 : Operation 651 [1/1] (0.00ns)   --->   "%p_0_5_0_0_01291 = alloca i32 1"   --->   Operation 651 'alloca' 'p_0_5_0_0_01291' <Predicate = true> <Delay = 0.00>
ST_1 : Operation 652 [1/1] (0.00ns)   --->   "%p_0_6_0_0_01293 = alloca i32 1"   --->   Operation 652 'alloca' 'p_0_6_0_0_01293' <Predicate = true> <Delay = 0.00>
ST_1 : Operation 653 [1/1] (0.00ns)   --->   "%p_0_0_0_0_01295 = alloca i32 1"   --->   Operation 653 'alloca' 'p_0_0_0_0_01295' <Predicate = true> <Delay = 0.00>
ST_1 : Operation 654 [1/1] (0.00ns)   --->   "%p_0_1_0_0_01297 = alloca i32 1"   --->   Operation 654 'alloca' 'p_0_1_0_0_01297' <Predicate = true> <Delay = 0.00>
ST_1 : Operation 655 [1/1] (0.00ns)   --->   "%p_0_2_0_0_01299 = alloca i32 1"   --->   Operation 655 'alloca' 'p_0_2_0_0_01299' <Predicate = true> <Delay = 0.00>
ST_1 : Operation 656 [1/1] (0.00ns)   --->   "%p_0_5_0_0_01301 = alloca i32 1"   --->   Operation 656 'alloca' 'p_0_5_0_0_01301' <Predicate = true> <Delay = 0.00>
ST_1 : Operation 657 [1/1] (0.00ns)   --->   "%p_0_6_0_0_01303 = alloca i32 1"   --->   Operation 657 'alloca' 'p_0_6_0_0_01303' <Predicate = true> <Delay = 0.00>
ST_1 : Operation 658 [1/1] (0.00ns)   --->   "%p_0_1_0_0_01305 = alloca i32 1"   --->   Operation 658 'alloca' 'p_0_1_0_0_01305' <Predicate = true> <Delay = 0.00>
ST_1 : Operation 659 [1/1] (0.00ns)   --->   "%p_0_2_0_0_01307 = alloca i32 1"   --->   Operation 659 'alloca' 'p_0_2_0_0_01307' <Predicate = true> <Delay = 0.00>
ST_1 : Operation 660 [1/1] (0.00ns)   --->   "%p_0_5_0_0_01309 = alloca i32 1"   --->   Operation 660 'alloca' 'p_0_5_0_0_01309' <Predicate = true> <Delay = 0.00>
ST_1 : Operation 661 [1/1] (0.00ns)   --->   "%p_0_6_0_0_01311 = alloca i32 1"   --->   Operation 661 'alloca' 'p_0_6_0_0_01311' <Predicate = true> <Delay = 0.00>
ST_1 : Operation 662 [1/1] (0.00ns)   --->   "%p_0_1_0_0_01313 = alloca i32 1"   --->   Operation 662 'alloca' 'p_0_1_0_0_01313' <Predicate = true> <Delay = 0.00>
ST_1 : Operation 663 [1/1] (0.00ns)   --->   "%p_0_2_0_0_01315 = alloca i32 1"   --->   Operation 663 'alloca' 'p_0_2_0_0_01315' <Predicate = true> <Delay = 0.00>
ST_1 : Operation 664 [1/1] (0.00ns)   --->   "%p_0_5_0_0_01317 = alloca i32 1"   --->   Operation 664 'alloca' 'p_0_5_0_0_01317' <Predicate = true> <Delay = 0.00>
ST_1 : Operation 665 [1/1] (0.00ns)   --->   "%p_0_6_0_0_01319 = alloca i32 1"   --->   Operation 665 'alloca' 'p_0_6_0_0_01319' <Predicate = true> <Delay = 0.00>
ST_1 : Operation 666 [1/1] (0.00ns)   --->   "%p_0_1_0_0_01321 = alloca i32 1"   --->   Operation 666 'alloca' 'p_0_1_0_0_01321' <Predicate = true> <Delay = 0.00>
ST_1 : Operation 667 [1/1] (0.00ns)   --->   "%p_0_2_0_0_01323 = alloca i32 1"   --->   Operation 667 'alloca' 'p_0_2_0_0_01323' <Predicate = true> <Delay = 0.00>
ST_1 : Operation 668 [1/1] (0.00ns)   --->   "%p_0_5_0_0_01325 = alloca i32 1"   --->   Operation 668 'alloca' 'p_0_5_0_0_01325' <Predicate = true> <Delay = 0.00>
ST_1 : Operation 669 [1/1] (0.00ns)   --->   "%p_0_6_0_0_01327 = alloca i32 1"   --->   Operation 669 'alloca' 'p_0_6_0_0_01327' <Predicate = true> <Delay = 0.00>
ST_1 : Operation 670 [1/1] (0.00ns)   --->   "%p_0_1_0_0_01329 = alloca i32 1"   --->   Operation 670 'alloca' 'p_0_1_0_0_01329' <Predicate = true> <Delay = 0.00>
ST_1 : Operation 671 [1/1] (0.00ns)   --->   "%p_0_2_0_0_01331 = alloca i32 1"   --->   Operation 671 'alloca' 'p_0_2_0_0_01331' <Predicate = true> <Delay = 0.00>
ST_1 : Operation 672 [1/1] (0.00ns)   --->   "%p_0_5_0_0_01333 = alloca i32 1"   --->   Operation 672 'alloca' 'p_0_5_0_0_01333' <Predicate = true> <Delay = 0.00>
ST_1 : Operation 673 [1/1] (0.00ns)   --->   "%p_0_6_0_0_01335 = alloca i32 1"   --->   Operation 673 'alloca' 'p_0_6_0_0_01335' <Predicate = true> <Delay = 0.00>
ST_1 : Operation 674 [1/1] (0.00ns)   --->   "%p_0_1_0_0_01337 = alloca i32 1"   --->   Operation 674 'alloca' 'p_0_1_0_0_01337' <Predicate = true> <Delay = 0.00>
ST_1 : Operation 675 [1/1] (0.00ns)   --->   "%p_0_2_0_0_01339 = alloca i32 1"   --->   Operation 675 'alloca' 'p_0_2_0_0_01339' <Predicate = true> <Delay = 0.00>
ST_1 : Operation 676 [1/1] (0.00ns)   --->   "%p_0_5_0_0_01341 = alloca i32 1"   --->   Operation 676 'alloca' 'p_0_5_0_0_01341' <Predicate = true> <Delay = 0.00>
ST_1 : Operation 677 [1/1] (0.00ns)   --->   "%p_0_6_0_0_01343 = alloca i32 1"   --->   Operation 677 'alloca' 'p_0_6_0_0_01343' <Predicate = true> <Delay = 0.00>
ST_1 : Operation 678 [1/1] (0.00ns)   --->   "%p_0_1_0_0_01345 = alloca i32 1"   --->   Operation 678 'alloca' 'p_0_1_0_0_01345' <Predicate = true> <Delay = 0.00>
ST_1 : Operation 679 [1/1] (0.00ns)   --->   "%p_0_2_0_0_01347 = alloca i32 1"   --->   Operation 679 'alloca' 'p_0_2_0_0_01347' <Predicate = true> <Delay = 0.00>
ST_1 : Operation 680 [1/1] (0.00ns)   --->   "%p_0_5_0_0_01349 = alloca i32 1"   --->   Operation 680 'alloca' 'p_0_5_0_0_01349' <Predicate = true> <Delay = 0.00>
ST_1 : Operation 681 [1/1] (0.00ns)   --->   "%p_0_6_0_0_01351 = alloca i32 1"   --->   Operation 681 'alloca' 'p_0_6_0_0_01351' <Predicate = true> <Delay = 0.00>
ST_1 : Operation 682 [1/1] (0.00ns)   --->   "%p_0_1_0_0_01353 = alloca i32 1"   --->   Operation 682 'alloca' 'p_0_1_0_0_01353' <Predicate = true> <Delay = 0.00>
ST_1 : Operation 683 [1/1] (0.00ns)   --->   "%p_0_2_0_0_01355 = alloca i32 1"   --->   Operation 683 'alloca' 'p_0_2_0_0_01355' <Predicate = true> <Delay = 0.00>
ST_1 : Operation 684 [1/1] (0.00ns)   --->   "%p_0_3_0_0_01357 = alloca i32 1"   --->   Operation 684 'alloca' 'p_0_3_0_0_01357' <Predicate = true> <Delay = 0.00>
ST_1 : Operation 685 [1/1] (0.00ns)   --->   "%p_0_5_0_0_01359 = alloca i32 1"   --->   Operation 685 'alloca' 'p_0_5_0_0_01359' <Predicate = true> <Delay = 0.00>
ST_1 : Operation 686 [1/1] (0.00ns)   --->   "%p_0_6_0_0_01361 = alloca i32 1"   --->   Operation 686 'alloca' 'p_0_6_0_0_01361' <Predicate = true> <Delay = 0.00>
ST_1 : Operation 687 [1/1] (0.00ns)   --->   "%p_0_1_0_0_01363 = alloca i32 1"   --->   Operation 687 'alloca' 'p_0_1_0_0_01363' <Predicate = true> <Delay = 0.00>
ST_1 : Operation 688 [1/1] (0.00ns)   --->   "%p_0_2_0_0_01365 = alloca i32 1"   --->   Operation 688 'alloca' 'p_0_2_0_0_01365' <Predicate = true> <Delay = 0.00>
ST_1 : Operation 689 [1/1] (0.00ns)   --->   "%p_0_5_0_0_01367 = alloca i32 1"   --->   Operation 689 'alloca' 'p_0_5_0_0_01367' <Predicate = true> <Delay = 0.00>
ST_1 : Operation 690 [1/1] (0.00ns)   --->   "%p_0_6_0_0_01369 = alloca i32 1"   --->   Operation 690 'alloca' 'p_0_6_0_0_01369' <Predicate = true> <Delay = 0.00>
ST_1 : Operation 691 [1/1] (0.00ns)   --->   "%p_0_1_0_0_01371 = alloca i32 1"   --->   Operation 691 'alloca' 'p_0_1_0_0_01371' <Predicate = true> <Delay = 0.00>
ST_1 : Operation 692 [1/1] (0.00ns)   --->   "%p_0_2_0_0_01373 = alloca i32 1"   --->   Operation 692 'alloca' 'p_0_2_0_0_01373' <Predicate = true> <Delay = 0.00>
ST_1 : Operation 693 [1/1] (0.00ns)   --->   "%p_0_5_0_0_01375 = alloca i32 1"   --->   Operation 693 'alloca' 'p_0_5_0_0_01375' <Predicate = true> <Delay = 0.00>
ST_1 : Operation 694 [1/1] (0.00ns)   --->   "%p_0_6_0_0_01377 = alloca i32 1"   --->   Operation 694 'alloca' 'p_0_6_0_0_01377' <Predicate = true> <Delay = 0.00>
ST_1 : Operation 695 [1/1] (0.00ns)   --->   "%p_0_1_0_0_01379 = alloca i32 1"   --->   Operation 695 'alloca' 'p_0_1_0_0_01379' <Predicate = true> <Delay = 0.00>
ST_1 : Operation 696 [1/1] (0.00ns)   --->   "%p_0_2_0_0_01381 = alloca i32 1"   --->   Operation 696 'alloca' 'p_0_2_0_0_01381' <Predicate = true> <Delay = 0.00>
ST_1 : Operation 697 [1/1] (0.00ns)   --->   "%p_0_5_0_0_01383 = alloca i32 1"   --->   Operation 697 'alloca' 'p_0_5_0_0_01383' <Predicate = true> <Delay = 0.00>
ST_1 : Operation 698 [1/1] (0.00ns)   --->   "%p_0_6_0_0_01385 = alloca i32 1"   --->   Operation 698 'alloca' 'p_0_6_0_0_01385' <Predicate = true> <Delay = 0.00>
ST_1 : Operation 699 [1/1] (0.00ns)   --->   "%p_0_1_0_0_01387 = alloca i32 1"   --->   Operation 699 'alloca' 'p_0_1_0_0_01387' <Predicate = true> <Delay = 0.00>
ST_1 : Operation 700 [1/1] (0.00ns)   --->   "%p_0_2_0_0_01389 = alloca i32 1"   --->   Operation 700 'alloca' 'p_0_2_0_0_01389' <Predicate = true> <Delay = 0.00>
ST_1 : Operation 701 [1/1] (0.00ns)   --->   "%p_0_4_0_0_01391 = alloca i32 1"   --->   Operation 701 'alloca' 'p_0_4_0_0_01391' <Predicate = true> <Delay = 0.00>
ST_1 : Operation 702 [1/1] (0.00ns)   --->   "%p_0_5_0_0_01393 = alloca i32 1"   --->   Operation 702 'alloca' 'p_0_5_0_0_01393' <Predicate = true> <Delay = 0.00>
ST_1 : Operation 703 [1/1] (0.00ns)   --->   "%p_0_6_0_0_01395 = alloca i32 1"   --->   Operation 703 'alloca' 'p_0_6_0_0_01395' <Predicate = true> <Delay = 0.00>
ST_1 : Operation 704 [1/1] (0.00ns)   --->   "%p_0_1_0_0_01397 = alloca i32 1"   --->   Operation 704 'alloca' 'p_0_1_0_0_01397' <Predicate = true> <Delay = 0.00>
ST_1 : Operation 705 [1/1] (0.00ns)   --->   "%p_0_2_0_0_01399 = alloca i32 1"   --->   Operation 705 'alloca' 'p_0_2_0_0_01399' <Predicate = true> <Delay = 0.00>
ST_1 : Operation 706 [1/1] (0.00ns)   --->   "%p_0_5_0_0_01401 = alloca i32 1"   --->   Operation 706 'alloca' 'p_0_5_0_0_01401' <Predicate = true> <Delay = 0.00>
ST_1 : Operation 707 [1/1] (0.00ns)   --->   "%p_0_6_0_0_01403 = alloca i32 1"   --->   Operation 707 'alloca' 'p_0_6_0_0_01403' <Predicate = true> <Delay = 0.00>
ST_1 : Operation 708 [1/1] (0.00ns)   --->   "%p_0_1_0_0_01405 = alloca i32 1"   --->   Operation 708 'alloca' 'p_0_1_0_0_01405' <Predicate = true> <Delay = 0.00>
ST_1 : Operation 709 [1/1] (0.00ns)   --->   "%p_0_2_0_0_01407 = alloca i32 1"   --->   Operation 709 'alloca' 'p_0_2_0_0_01407' <Predicate = true> <Delay = 0.00>
ST_1 : Operation 710 [1/1] (0.00ns)   --->   "%p_0_5_0_0_01409 = alloca i32 1"   --->   Operation 710 'alloca' 'p_0_5_0_0_01409' <Predicate = true> <Delay = 0.00>
ST_1 : Operation 711 [1/1] (0.00ns)   --->   "%p_0_6_0_0_01411 = alloca i32 1"   --->   Operation 711 'alloca' 'p_0_6_0_0_01411' <Predicate = true> <Delay = 0.00>
ST_1 : Operation 712 [1/1] (0.00ns)   --->   "%p_0_0_0_0_01413 = alloca i32 1"   --->   Operation 712 'alloca' 'p_0_0_0_0_01413' <Predicate = true> <Delay = 0.00>
ST_1 : Operation 713 [1/1] (0.00ns)   --->   "%p_0_1_0_0_01415 = alloca i32 1"   --->   Operation 713 'alloca' 'p_0_1_0_0_01415' <Predicate = true> <Delay = 0.00>
ST_1 : Operation 714 [1/1] (0.00ns)   --->   "%p_0_2_0_0_01417 = alloca i32 1"   --->   Operation 714 'alloca' 'p_0_2_0_0_01417' <Predicate = true> <Delay = 0.00>
ST_1 : Operation 715 [1/1] (0.00ns)   --->   "%p_0_4_0_0_01419 = alloca i32 1"   --->   Operation 715 'alloca' 'p_0_4_0_0_01419' <Predicate = true> <Delay = 0.00>
ST_1 : Operation 716 [1/1] (0.00ns)   --->   "%p_0_5_0_0_01421 = alloca i32 1"   --->   Operation 716 'alloca' 'p_0_5_0_0_01421' <Predicate = true> <Delay = 0.00>
ST_1 : Operation 717 [1/1] (0.00ns)   --->   "%p_0_6_0_0_01423 = alloca i32 1"   --->   Operation 717 'alloca' 'p_0_6_0_0_01423' <Predicate = true> <Delay = 0.00>
ST_1 : Operation 718 [1/1] (0.00ns)   --->   "%p_0_1_0_0_01425 = alloca i32 1"   --->   Operation 718 'alloca' 'p_0_1_0_0_01425' <Predicate = true> <Delay = 0.00>
ST_1 : Operation 719 [1/1] (0.00ns)   --->   "%p_0_2_0_0_01427 = alloca i32 1"   --->   Operation 719 'alloca' 'p_0_2_0_0_01427' <Predicate = true> <Delay = 0.00>
ST_1 : Operation 720 [1/1] (0.00ns)   --->   "%p_0_3_0_0_01429 = alloca i32 1"   --->   Operation 720 'alloca' 'p_0_3_0_0_01429' <Predicate = true> <Delay = 0.00>
ST_1 : Operation 721 [1/1] (0.00ns)   --->   "%p_0_5_0_0_01431 = alloca i32 1"   --->   Operation 721 'alloca' 'p_0_5_0_0_01431' <Predicate = true> <Delay = 0.00>
ST_1 : Operation 722 [1/1] (0.00ns)   --->   "%p_0_6_0_0_01433 = alloca i32 1"   --->   Operation 722 'alloca' 'p_0_6_0_0_01433' <Predicate = true> <Delay = 0.00>
ST_1 : Operation 723 [1/1] (0.00ns)   --->   "%p_0_0_0_0_01435 = alloca i32 1"   --->   Operation 723 'alloca' 'p_0_0_0_0_01435' <Predicate = true> <Delay = 0.00>
ST_1 : Operation 724 [1/1] (0.00ns)   --->   "%p_0_1_0_0_01437 = alloca i32 1"   --->   Operation 724 'alloca' 'p_0_1_0_0_01437' <Predicate = true> <Delay = 0.00>
ST_1 : Operation 725 [1/1] (0.00ns)   --->   "%p_0_2_0_0_01439 = alloca i32 1"   --->   Operation 725 'alloca' 'p_0_2_0_0_01439' <Predicate = true> <Delay = 0.00>
ST_1 : Operation 726 [1/1] (0.00ns)   --->   "%p_0_5_0_0_01441 = alloca i32 1"   --->   Operation 726 'alloca' 'p_0_5_0_0_01441' <Predicate = true> <Delay = 0.00>
ST_1 : Operation 727 [1/1] (0.00ns)   --->   "%p_0_6_0_0_01443 = alloca i32 1"   --->   Operation 727 'alloca' 'p_0_6_0_0_01443' <Predicate = true> <Delay = 0.00>
ST_1 : Operation 728 [1/1] (0.00ns)   --->   "%p_0_1_0_0_01445 = alloca i32 1"   --->   Operation 728 'alloca' 'p_0_1_0_0_01445' <Predicate = true> <Delay = 0.00>
ST_1 : Operation 729 [1/1] (0.00ns)   --->   "%p_0_2_0_0_01447 = alloca i32 1"   --->   Operation 729 'alloca' 'p_0_2_0_0_01447' <Predicate = true> <Delay = 0.00>
ST_1 : Operation 730 [1/1] (0.00ns)   --->   "%p_0_5_0_0_01449 = alloca i32 1"   --->   Operation 730 'alloca' 'p_0_5_0_0_01449' <Predicate = true> <Delay = 0.00>
ST_1 : Operation 731 [1/1] (0.00ns)   --->   "%p_0_6_0_0_01451 = alloca i32 1"   --->   Operation 731 'alloca' 'p_0_6_0_0_01451' <Predicate = true> <Delay = 0.00>
ST_1 : Operation 732 [1/1] (0.00ns)   --->   "%p_0_1_0_0_01453 = alloca i32 1"   --->   Operation 732 'alloca' 'p_0_1_0_0_01453' <Predicate = true> <Delay = 0.00>
ST_1 : Operation 733 [1/1] (0.00ns)   --->   "%p_0_2_0_0_01455 = alloca i32 1"   --->   Operation 733 'alloca' 'p_0_2_0_0_01455' <Predicate = true> <Delay = 0.00>
ST_1 : Operation 734 [1/1] (0.00ns)   --->   "%p_0_5_0_0_01457 = alloca i32 1"   --->   Operation 734 'alloca' 'p_0_5_0_0_01457' <Predicate = true> <Delay = 0.00>
ST_1 : Operation 735 [1/1] (0.00ns)   --->   "%p_0_6_0_0_01459 = alloca i32 1"   --->   Operation 735 'alloca' 'p_0_6_0_0_01459' <Predicate = true> <Delay = 0.00>
ST_1 : Operation 736 [1/1] (0.00ns)   --->   "%p_0_1_0_0_01461 = alloca i32 1"   --->   Operation 736 'alloca' 'p_0_1_0_0_01461' <Predicate = true> <Delay = 0.00>
ST_1 : Operation 737 [1/1] (0.00ns)   --->   "%p_0_2_0_0_01463 = alloca i32 1"   --->   Operation 737 'alloca' 'p_0_2_0_0_01463' <Predicate = true> <Delay = 0.00>
ST_1 : Operation 738 [1/1] (0.00ns)   --->   "%p_0_5_0_0_01465 = alloca i32 1"   --->   Operation 738 'alloca' 'p_0_5_0_0_01465' <Predicate = true> <Delay = 0.00>
ST_1 : Operation 739 [1/1] (0.00ns)   --->   "%p_0_6_0_0_01467 = alloca i32 1"   --->   Operation 739 'alloca' 'p_0_6_0_0_01467' <Predicate = true> <Delay = 0.00>
ST_1 : Operation 740 [1/1] (0.00ns)   --->   "%p_0_1_0_0_01469 = alloca i32 1"   --->   Operation 740 'alloca' 'p_0_1_0_0_01469' <Predicate = true> <Delay = 0.00>
ST_1 : Operation 741 [1/1] (0.00ns)   --->   "%p_0_2_0_0_01471 = alloca i32 1"   --->   Operation 741 'alloca' 'p_0_2_0_0_01471' <Predicate = true> <Delay = 0.00>
ST_1 : Operation 742 [1/1] (0.00ns)   --->   "%p_0_5_0_0_01473 = alloca i32 1"   --->   Operation 742 'alloca' 'p_0_5_0_0_01473' <Predicate = true> <Delay = 0.00>
ST_1 : Operation 743 [1/1] (0.00ns)   --->   "%p_0_6_0_0_01475 = alloca i32 1"   --->   Operation 743 'alloca' 'p_0_6_0_0_01475' <Predicate = true> <Delay = 0.00>
ST_1 : Operation 744 [1/1] (0.00ns)   --->   "%p_0_0_0_0_01477 = alloca i32 1"   --->   Operation 744 'alloca' 'p_0_0_0_0_01477' <Predicate = true> <Delay = 0.00>
ST_1 : Operation 745 [1/1] (0.00ns)   --->   "%p_0_1_0_0_01479 = alloca i32 1"   --->   Operation 745 'alloca' 'p_0_1_0_0_01479' <Predicate = true> <Delay = 0.00>
ST_1 : Operation 746 [1/1] (0.00ns)   --->   "%p_0_2_0_0_01481 = alloca i32 1"   --->   Operation 746 'alloca' 'p_0_2_0_0_01481' <Predicate = true> <Delay = 0.00>
ST_1 : Operation 747 [1/1] (0.00ns)   --->   "%p_0_5_0_0_01483 = alloca i32 1"   --->   Operation 747 'alloca' 'p_0_5_0_0_01483' <Predicate = true> <Delay = 0.00>
ST_1 : Operation 748 [1/1] (0.00ns)   --->   "%p_0_6_0_0_01485 = alloca i32 1"   --->   Operation 748 'alloca' 'p_0_6_0_0_01485' <Predicate = true> <Delay = 0.00>
ST_1 : Operation 749 [1/1] (0.00ns)   --->   "%p_0_1_0_0_01487 = alloca i32 1"   --->   Operation 749 'alloca' 'p_0_1_0_0_01487' <Predicate = true> <Delay = 0.00>
ST_1 : Operation 750 [1/1] (0.00ns)   --->   "%p_0_2_0_0_01489 = alloca i32 1"   --->   Operation 750 'alloca' 'p_0_2_0_0_01489' <Predicate = true> <Delay = 0.00>
ST_1 : Operation 751 [1/1] (0.00ns)   --->   "%p_0_5_0_0_01491 = alloca i32 1"   --->   Operation 751 'alloca' 'p_0_5_0_0_01491' <Predicate = true> <Delay = 0.00>
ST_1 : Operation 752 [1/1] (0.00ns)   --->   "%p_0_6_0_0_01493 = alloca i32 1"   --->   Operation 752 'alloca' 'p_0_6_0_0_01493' <Predicate = true> <Delay = 0.00>
ST_1 : Operation 753 [1/1] (0.00ns)   --->   "%p_0_0_0_0_01495 = alloca i32 1"   --->   Operation 753 'alloca' 'p_0_0_0_0_01495' <Predicate = true> <Delay = 0.00>
ST_1 : Operation 754 [1/1] (0.00ns)   --->   "%p_0_1_0_0_01497 = alloca i32 1"   --->   Operation 754 'alloca' 'p_0_1_0_0_01497' <Predicate = true> <Delay = 0.00>
ST_1 : Operation 755 [1/1] (0.00ns)   --->   "%p_0_2_0_0_01499 = alloca i32 1"   --->   Operation 755 'alloca' 'p_0_2_0_0_01499' <Predicate = true> <Delay = 0.00>
ST_1 : Operation 756 [1/1] (0.00ns)   --->   "%p_0_5_0_0_01501 = alloca i32 1"   --->   Operation 756 'alloca' 'p_0_5_0_0_01501' <Predicate = true> <Delay = 0.00>
ST_1 : Operation 757 [1/1] (0.00ns)   --->   "%p_0_6_0_0_01503 = alloca i32 1"   --->   Operation 757 'alloca' 'p_0_6_0_0_01503' <Predicate = true> <Delay = 0.00>
ST_1 : Operation 758 [1/1] (0.00ns)   --->   "%p_0_1_0_0_01505 = alloca i32 1"   --->   Operation 758 'alloca' 'p_0_1_0_0_01505' <Predicate = true> <Delay = 0.00>
ST_1 : Operation 759 [1/1] (0.00ns)   --->   "%p_0_2_0_0_01507 = alloca i32 1"   --->   Operation 759 'alloca' 'p_0_2_0_0_01507' <Predicate = true> <Delay = 0.00>
ST_1 : Operation 760 [1/1] (0.00ns)   --->   "%p_0_3_0_0_01509 = alloca i32 1"   --->   Operation 760 'alloca' 'p_0_3_0_0_01509' <Predicate = true> <Delay = 0.00>
ST_1 : Operation 761 [1/1] (0.00ns)   --->   "%p_0_5_0_0_01511 = alloca i32 1"   --->   Operation 761 'alloca' 'p_0_5_0_0_01511' <Predicate = true> <Delay = 0.00>
ST_1 : Operation 762 [1/1] (0.00ns)   --->   "%p_0_6_0_0_01513 = alloca i32 1"   --->   Operation 762 'alloca' 'p_0_6_0_0_01513' <Predicate = true> <Delay = 0.00>
ST_1 : Operation 763 [1/1] (0.00ns)   --->   "%p_0_1_0_0_01515 = alloca i32 1"   --->   Operation 763 'alloca' 'p_0_1_0_0_01515' <Predicate = true> <Delay = 0.00>
ST_1 : Operation 764 [1/1] (0.00ns)   --->   "%p_0_2_0_0_01517 = alloca i32 1"   --->   Operation 764 'alloca' 'p_0_2_0_0_01517' <Predicate = true> <Delay = 0.00>
ST_1 : Operation 765 [1/1] (0.00ns)   --->   "%p_0_5_0_0_01519 = alloca i32 1"   --->   Operation 765 'alloca' 'p_0_5_0_0_01519' <Predicate = true> <Delay = 0.00>
ST_1 : Operation 766 [1/1] (0.00ns)   --->   "%p_0_6_0_0_01521 = alloca i32 1"   --->   Operation 766 'alloca' 'p_0_6_0_0_01521' <Predicate = true> <Delay = 0.00>
ST_1 : Operation 767 [1/1] (0.00ns)   --->   "%p_0_1_0_0_01523 = alloca i32 1"   --->   Operation 767 'alloca' 'p_0_1_0_0_01523' <Predicate = true> <Delay = 0.00>
ST_1 : Operation 768 [1/1] (0.00ns)   --->   "%p_0_2_0_0_01525 = alloca i32 1"   --->   Operation 768 'alloca' 'p_0_2_0_0_01525' <Predicate = true> <Delay = 0.00>
ST_1 : Operation 769 [1/1] (0.00ns)   --->   "%p_0_5_0_0_01527 = alloca i32 1"   --->   Operation 769 'alloca' 'p_0_5_0_0_01527' <Predicate = true> <Delay = 0.00>
ST_1 : Operation 770 [1/1] (0.00ns)   --->   "%p_0_6_0_0_01529 = alloca i32 1"   --->   Operation 770 'alloca' 'p_0_6_0_0_01529' <Predicate = true> <Delay = 0.00>
ST_1 : Operation 771 [1/1] (0.00ns)   --->   "%p_0_1_0_0_01531 = alloca i32 1"   --->   Operation 771 'alloca' 'p_0_1_0_0_01531' <Predicate = true> <Delay = 0.00>
ST_1 : Operation 772 [1/1] (0.00ns)   --->   "%p_0_2_0_0_01533 = alloca i32 1"   --->   Operation 772 'alloca' 'p_0_2_0_0_01533' <Predicate = true> <Delay = 0.00>
ST_1 : Operation 773 [1/1] (0.00ns)   --->   "%p_0_5_0_0_01535 = alloca i32 1"   --->   Operation 773 'alloca' 'p_0_5_0_0_01535' <Predicate = true> <Delay = 0.00>
ST_1 : Operation 774 [1/1] (0.00ns)   --->   "%p_0_6_0_0_01537 = alloca i32 1"   --->   Operation 774 'alloca' 'p_0_6_0_0_01537' <Predicate = true> <Delay = 0.00>
ST_1 : Operation 775 [1/1] (0.00ns)   --->   "%p_0_1_0_0_01539 = alloca i32 1"   --->   Operation 775 'alloca' 'p_0_1_0_0_01539' <Predicate = true> <Delay = 0.00>
ST_1 : Operation 776 [1/1] (0.00ns)   --->   "%p_0_2_0_0_01541 = alloca i32 1"   --->   Operation 776 'alloca' 'p_0_2_0_0_01541' <Predicate = true> <Delay = 0.00>
ST_1 : Operation 777 [1/1] (0.00ns)   --->   "%p_0_5_0_0_01543 = alloca i32 1"   --->   Operation 777 'alloca' 'p_0_5_0_0_01543' <Predicate = true> <Delay = 0.00>
ST_1 : Operation 778 [1/1] (0.00ns)   --->   "%p_0_6_0_0_01545 = alloca i32 1"   --->   Operation 778 'alloca' 'p_0_6_0_0_01545' <Predicate = true> <Delay = 0.00>
ST_1 : Operation 779 [1/1] (0.00ns)   --->   "%p_0_1_0_0_01547 = alloca i32 1"   --->   Operation 779 'alloca' 'p_0_1_0_0_01547' <Predicate = true> <Delay = 0.00>
ST_1 : Operation 780 [1/1] (0.00ns)   --->   "%p_0_2_0_0_01549 = alloca i32 1"   --->   Operation 780 'alloca' 'p_0_2_0_0_01549' <Predicate = true> <Delay = 0.00>
ST_1 : Operation 781 [1/1] (0.00ns)   --->   "%p_0_5_0_0_01551 = alloca i32 1"   --->   Operation 781 'alloca' 'p_0_5_0_0_01551' <Predicate = true> <Delay = 0.00>
ST_1 : Operation 782 [1/1] (0.00ns)   --->   "%p_0_6_0_0_01553 = alloca i32 1"   --->   Operation 782 'alloca' 'p_0_6_0_0_01553' <Predicate = true> <Delay = 0.00>
ST_1 : Operation 783 [1/1] (0.00ns)   --->   "%p_0_1_0_0_01555 = alloca i32 1"   --->   Operation 783 'alloca' 'p_0_1_0_0_01555' <Predicate = true> <Delay = 0.00>
ST_1 : Operation 784 [1/1] (0.00ns)   --->   "%p_0_2_0_0_01557 = alloca i32 1"   --->   Operation 784 'alloca' 'p_0_2_0_0_01557' <Predicate = true> <Delay = 0.00>
ST_1 : Operation 785 [1/1] (0.00ns)   --->   "%p_0_5_0_0_01559 = alloca i32 1"   --->   Operation 785 'alloca' 'p_0_5_0_0_01559' <Predicate = true> <Delay = 0.00>
ST_1 : Operation 786 [1/1] (0.00ns)   --->   "%p_0_6_0_0_01561 = alloca i32 1"   --->   Operation 786 'alloca' 'p_0_6_0_0_01561' <Predicate = true> <Delay = 0.00>
ST_1 : Operation 787 [1/1] (0.00ns)   --->   "%p_0_1_0_0_01563 = alloca i32 1"   --->   Operation 787 'alloca' 'p_0_1_0_0_01563' <Predicate = true> <Delay = 0.00>
ST_1 : Operation 788 [1/1] (0.00ns)   --->   "%p_0_2_0_0_01565 = alloca i32 1"   --->   Operation 788 'alloca' 'p_0_2_0_0_01565' <Predicate = true> <Delay = 0.00>
ST_1 : Operation 789 [1/1] (0.00ns)   --->   "%p_0_5_0_0_01567 = alloca i32 1"   --->   Operation 789 'alloca' 'p_0_5_0_0_01567' <Predicate = true> <Delay = 0.00>
ST_1 : Operation 790 [1/1] (0.00ns)   --->   "%p_0_6_0_0_01569 = alloca i32 1"   --->   Operation 790 'alloca' 'p_0_6_0_0_01569' <Predicate = true> <Delay = 0.00>
ST_1 : Operation 791 [1/1] (0.00ns)   --->   "%p_0_1_0_0_01571 = alloca i32 1"   --->   Operation 791 'alloca' 'p_0_1_0_0_01571' <Predicate = true> <Delay = 0.00>
ST_1 : Operation 792 [1/1] (0.00ns)   --->   "%p_0_2_0_0_01573 = alloca i32 1"   --->   Operation 792 'alloca' 'p_0_2_0_0_01573' <Predicate = true> <Delay = 0.00>
ST_1 : Operation 793 [1/1] (0.00ns)   --->   "%p_0_4_0_0_01575 = alloca i32 1"   --->   Operation 793 'alloca' 'p_0_4_0_0_01575' <Predicate = true> <Delay = 0.00>
ST_1 : Operation 794 [1/1] (0.00ns)   --->   "%p_0_5_0_0_01577 = alloca i32 1"   --->   Operation 794 'alloca' 'p_0_5_0_0_01577' <Predicate = true> <Delay = 0.00>
ST_1 : Operation 795 [1/1] (0.00ns)   --->   "%p_0_6_0_0_01579 = alloca i32 1"   --->   Operation 795 'alloca' 'p_0_6_0_0_01579' <Predicate = true> <Delay = 0.00>
ST_1 : Operation 796 [1/1] (0.00ns)   --->   "%specinterface_ln0 = specinterface void @_ssdm_op_SpecInterface, i112 %layer5_out, void @empty_2, i32 0, i32 0, void @empty_1, i32 0, i32 0, void @empty_1, void @empty_1, void @empty_1, i32 0, i32 0, i32 0, i32 0, void @empty_1, void @empty_1, i32 4294967295, i32 0"   --->   Operation 796 'specinterface' 'specinterface_ln0' <Predicate = true> <Delay = 0.00>
ST_1 : Operation 797 [1/1] (0.42ns)   --->   "%store_ln33 = store i8 0, i8 %i_in" [firmware/nnet_utils/nnet_dense_stream.h:33->firmware/nnet_utils/nnet_dense_stream.h:93]   --->   Operation 797 'store' 'store_ln33' <Predicate = true> <Delay = 0.42>
ST_1 : Operation 798 [1/1] (0.00ns)   --->   "%br_ln0 = br void %for.body.i"   --->   Operation 798 'br' 'br_ln0' <Predicate = true> <Delay = 0.00>
ST_1 : Operation 799 [1/1] (0.00ns)   --->   "%i_in_1 = load i8 %i_in" [firmware/nnet_utils/nnet_dense_stream.h:33->firmware/nnet_utils/nnet_dense_stream.h:93]   --->   Operation 799 'load' 'i_in_1' <Predicate = true> <Delay = 0.00>
ST_1 : Operation 800 [1/1] (0.76ns)   --->   "%icmp_ln33 = icmp_eq  i8 %i_in_1, i8 168" [firmware/nnet_utils/nnet_dense_stream.h:33->firmware/nnet_utils/nnet_dense_stream.h:93]   --->   Operation 800 'icmp' 'icmp_ln33' <Predicate = true> <Delay = 0.76> <CoreInst = "Cmp">   --->   Core 9 'Cmp' <Latency = 0> <II = 1> <Delay = 0.76> <FuncUnit> <Opcode : 'icmp'> <InPorts = 2> <OutPorts = 1>
ST_1 : Operation 801 [1/1] (0.76ns)   --->   "%add_ln33 = add i8 %i_in_1, i8 1" [firmware/nnet_utils/nnet_dense_stream.h:33->firmware/nnet_utils/nnet_dense_stream.h:93]   --->   Operation 801 'add' 'add_ln33' <Predicate = true> <Delay = 0.76> <CoreInst = "Adder">   --->   Core 1 'Adder' <Latency = 0> <II = 1> <Delay = 0.76> <FuncUnit> <Opcode : 'add' 'sub'> <InPorts = 2> <OutPorts = 1>
ST_1 : Operation 802 [1/1] (0.00ns)   --->   "%br_ln33 = br i1 %icmp_ln33, void %for.body.i.split, void %_ZN4nnet12data_prepareINS_5arrayI8ap_fixedILi16ELi6EL9ap_q_mode5EL9ap_o_mode3ELi0EELj7EEE7config7EEvRN3hls6streamIT_Li0EEEPNSA_10value_typeE.4.exit.exitStub" [firmware/nnet_utils/nnet_dense_stream.h:33->firmware/nnet_utils/nnet_dense_stream.h:93]   --->   Operation 802 'br' 'br_ln33' <Predicate = true> <Delay = 0.00>
ST_1 : Operation 803 [1/1] (0.75ns)   --->   "%switch_ln39 = switch i8 %i_in_1, void %arrayidx.i3.6.case.1175, i8 0, void %for.body.i.split.arrayidx.i3.6.exit_crit_edge2, i8 1, void %arrayidx.i3.6.case.13, i8 2, void %arrayidx.i3.6.case.20, i8 3, void %arrayidx.i3.6.case.27, i8 4, void %arrayidx.i3.6.case.34, i8 5, void %arrayidx.i3.6.case.41, i8 6, void %arrayidx.i3.6.case.48, i8 7, void %arrayidx.i3.6.case.55, i8 8, void %arrayidx.i3.6.case.62, i8 9, void %arrayidx.i3.6.case.69, i8 10, void %arrayidx.i3.6.case.76, i8 11, void %arrayidx.i3.6.case.83, i8 12, void %arrayidx.i3.6.case.90, i8 13, void %arrayidx.i3.6.case.97, i8 14, void %arrayidx.i3.6.case.104, i8 15, void %arrayidx.i3.6.case.111, i8 16, void %arrayidx.i3.6.case.118, i8 17, void %arrayidx.i3.6.case.125, i8 18, void %arrayidx.i3.6.case.132, i8 19, void %arrayidx.i3.6.case.139, i8 20, void %arrayidx.i3.6.case.146, i8 21, void %arrayidx.i3.6.case.153, i8 22, void %arrayidx.i3.6.case.160, i8 23, void %arrayidx.i3.6.case.167, i8 24, void %arrayidx.i3.6.case.174, i8 25, void %arrayidx.i3.6.case.181, i8 26, void %arrayidx.i3.6.case.188, i8 27, void %arrayidx.i3.6.case.195, i8 28, void %arrayidx.i3.6.case.202, i8 29, void %arrayidx.i3.6.case.209, i8 30, void %arrayidx.i3.6.case.216, i8 31, void %arrayidx.i3.6.case.223, i8 32, void %arrayidx.i3.6.case.230, i8 33, void %arrayidx.i3.6.case.237, i8 34, void %arrayidx.i3.6.case.244, i8 35, void %arrayidx.i3.6.case.251, i8 36, void %arrayidx.i3.6.case.258, i8 37, void %arrayidx.i3.6.case.265, i8 38, void %arrayidx.i3.6.case.272, i8 39, void %arrayidx.i3.6.case.279, i8 40, void %arrayidx.i3.6.case.286, i8 41, void %arrayidx.i3.6.case.293, i8 42, void %arrayidx.i3.6.case.300, i8 43, void %arrayidx.i3.6.case.307, i8 44, void %arrayidx.i3.6.case.314, i8 45, void %arrayidx.i3.6.case.321, i8 46, void %arrayidx.i3.6.case.328, i8 47, void %arrayidx.i3.6.case.335, i8 48, void %arrayidx.i3.6.case.342, i8 49, void %arrayidx.i3.6.case.349, i8 50, void %arrayidx.i3.6.case.356, i8 51, void %arrayidx.i3.6.case.363, i8 52, void %arrayidx.i3.6.case.370, i8 53, void %arrayidx.i3.6.case.377, i8 54, void %arrayidx.i3.6.case.384, i8 55, void %arrayidx.i3.6.case.391, i8 56, void %arrayidx.i3.6.case.398, i8 57, void %arrayidx.i3.6.case.405, i8 58, void %arrayidx.i3.6.case.412, i8 59, void %arrayidx.i3.6.case.419, i8 60, void %arrayidx.i3.6.case.426, i8 61, void %arrayidx.i3.6.case.433, i8 62, void %arrayidx.i3.6.case.440, i8 63, void %arrayidx.i3.6.case.447, i8 64, void %arrayidx.i3.6.case.454, i8 65, void %arrayidx.i3.6.case.461, i8 66, void %arrayidx.i3.6.case.468, i8 67, void %arrayidx.i3.6.case.475, i8 68, void %arrayidx.i3.6.case.482, i8 69, void %arrayidx.i3.6.case.489, i8 70, void %arrayidx.i3.6.case.496, i8 71, void %arrayidx.i3.6.case.503, i8 72, void %arrayidx.i3.6.case.510, i8 73, void %arrayidx.i3.6.case.517, i8 74, void %arrayidx.i3.6.case.524, i8 75, void %arrayidx.i3.6.case.531, i8 76, void %arrayidx.i3.6.case.538, i8 77, void %arrayidx.i3.6.case.545, i8 78, void %arrayidx.i3.6.case.552, i8 79, void %arrayidx.i3.6.case.559, i8 80, void %arrayidx.i3.6.case.566, i8 81, void %arrayidx.i3.6.case.573, i8 82, void %arrayidx.i3.6.case.580, i8 83, void %arrayidx.i3.6.case.587, i8 84, void %arrayidx.i3.6.case.594, i8 85, void %arrayidx.i3.6.case.601, i8 86, void %arrayidx.i3.6.case.608, i8 87, void %arrayidx.i3.6.case.615, i8 88, void %arrayidx.i3.6.case.622, i8 89, void %arrayidx.i3.6.case.629, i8 90, void %arrayidx.i3.6.case.636, i8 91, void %arrayidx.i3.6.case.643, i8 92, void %arrayidx.i3.6.case.650, i8 93, void %arrayidx.i3.6.case.657, i8 94, void %arrayidx.i3.6.case.664, i8 95, void %arrayidx.i3.6.case.671, i8 96, void %arrayidx.i3.6.case.678, i8 97, void %arrayidx.i3.6.case.685, i8 98, void %arrayidx.i3.6.case.692, i8 99, void %arrayidx.i3.6.case.699, i8 100, void %arrayidx.i3.6.case.706, i8 101, void %arrayidx.i3.6.case.713, i8 102, void %arrayidx.i3.6.case.720, i8 103, void %arrayidx.i3.6.case.727, i8 104, void %arrayidx.i3.6.case.734, i8 105, void %arrayidx.i3.6.case.741, i8 106, void %arrayidx.i3.6.case.748, i8 107, void %arrayidx.i3.6.case.755, i8 108, void %arrayidx.i3.6.case.762, i8 109, void %arrayidx.i3.6.case.769, i8 110, void %arrayidx.i3.6.case.776, i8 111, void %arrayidx.i3.6.case.783, i8 112, void %arrayidx.i3.6.case.790, i8 113, void %arrayidx.i3.6.case.797, i8 114, void %arrayidx.i3.6.case.804, i8 115, void %arrayidx.i3.6.case.811, i8 116, void %arrayidx.i3.6.case.818, i8 117, void %arrayidx.i3.6.case.825, i8 118, void %arrayidx.i3.6.case.832, i8 119, void %arrayidx.i3.6.case.839, i8 120, void %arrayidx.i3.6.case.846, i8 121, void %arrayidx.i3.6.case.853, i8 122, void %arrayidx.i3.6.case.860, i8 123, void %arrayidx.i3.6.case.867, i8 124, void %arrayidx.i3.6.case.874, i8 125, void %arrayidx.i3.6.case.881, i8 126, void %arrayidx.i3.6.case.888, i8 127, void %arrayidx.i3.6.case.895, i8 128, void %arrayidx.i3.6.case.902, i8 129, void %arrayidx.i3.6.case.909, i8 130, void %arrayidx.i3.6.case.916, i8 131, void %arrayidx.i3.6.case.923, i8 132, void %arrayidx.i3.6.case.930, i8 133, void %arrayidx.i3.6.case.937, i8 134, void %arrayidx.i3.6.case.944, i8 135, void %arrayidx.i3.6.case.951, i8 136, void %arrayidx.i3.6.case.958, i8 137, void %arrayidx.i3.6.case.965, i8 138, void %arrayidx.i3.6.case.972, i8 139, void %arrayidx.i3.6.case.979, i8 140, void %arrayidx.i3.6.case.986, i8 141, void %arrayidx.i3.6.case.993, i8 142, void %arrayidx.i3.6.case.1000, i8 143, void %arrayidx.i3.6.case.1007, i8 144, void %arrayidx.i3.6.case.1014, i8 145, void %arrayidx.i3.6.case.1021, i8 146, void %arrayidx.i3.6.case.1028, i8 147, void %arrayidx.i3.6.case.1035, i8 148, void %arrayidx.i3.6.case.1042, i8 149, void %arrayidx.i3.6.case.1049, i8 150, void %arrayidx.i3.6.case.1056, i8 151, void %arrayidx.i3.6.case.1063, i8 152, void %arrayidx.i3.6.case.1070, i8 153, void %arrayidx.i3.6.case.1077, i8 154, void %arrayidx.i3.6.case.1084, i8 155, void %arrayidx.i3.6.case.1091, i8 156, void %arrayidx.i3.6.case.1098, i8 157, void %arrayidx.i3.6.case.1105, i8 158, void %arrayidx.i3.6.case.1112, i8 159, void %arrayidx.i3.6.case.1119, i8 160, void %arrayidx.i3.6.case.1126, i8 161, void %arrayidx.i3.6.case.1133, i8 162, void %arrayidx.i3.6.case.1140, i8 163, void %arrayidx.i3.6.case.1147, i8 164, void %arrayidx.i3.6.case.1154, i8 165, void %arrayidx.i3.6.case.1161, i8 166, void %for.body.i.split.arrayidx.i3.6.exit_crit_edge" [firmware/nnet_utils/nnet_dense_stream.h:39->firmware/nnet_utils/nnet_dense_stream.h:93]   --->   Operation 803 'switch' 'switch_ln39' <Predicate = (!icmp_ln33)> <Delay = 0.75>
ST_1 : Operation 804 [1/1] (0.42ns)   --->   "%store_ln33 = store i8 %add_ln33, i8 %i_in" [firmware/nnet_utils/nnet_dense_stream.h:33->firmware/nnet_utils/nnet_dense_stream.h:93]   --->   Operation 804 'store' 'store_ln33' <Predicate = (!icmp_ln33)> <Delay = 0.42>
ST_1 : Operation 805 [1/1] (0.00ns)   --->   "%br_ln33 = br void %for.body.i" [firmware/nnet_utils/nnet_dense_stream.h:33->firmware/nnet_utils/nnet_dense_stream.h:93]   --->   Operation 805 'br' 'br_ln33' <Predicate = (!icmp_ln33)> <Delay = 0.00>
ST_1 : Operation 1775 [1/1] (0.00ns)   --->   "%p_0_1_0_0_01_load = load i16 %p_0_1_0_0_01"   --->   Operation 1775 'load' 'p_0_1_0_0_01_load' <Predicate = (icmp_ln33)> <Delay = 0.00>
ST_1 : Operation 1776 [1/1] (0.00ns)   --->   "%p_0_2_0_0_03_load = load i16 %p_0_2_0_0_03"   --->   Operation 1776 'load' 'p_0_2_0_0_03_load' <Predicate = (icmp_ln33)> <Delay = 0.00>
ST_1 : Operation 1777 [1/1] (0.00ns)   --->   "%p_0_4_0_0_05_load = load i16 %p_0_4_0_0_05"   --->   Operation 1777 'load' 'p_0_4_0_0_05_load' <Predicate = (icmp_ln33)> <Delay = 0.00>
ST_1 : Operation 1778 [1/1] (0.00ns)   --->   "%p_0_5_0_0_07_load = load i16 %p_0_5_0_0_07"   --->   Operation 1778 'load' 'p_0_5_0_0_07_load' <Predicate = (icmp_ln33)> <Delay = 0.00>
ST_1 : Operation 1779 [1/1] (0.00ns)   --->   "%p_0_6_0_0_09_load = load i16 %p_0_6_0_0_09"   --->   Operation 1779 'load' 'p_0_6_0_0_09_load' <Predicate = (icmp_ln33)> <Delay = 0.00>
ST_1 : Operation 1780 [1/1] (0.00ns)   --->   "%p_0_1_0_0_011_load = load i16 %p_0_1_0_0_011"   --->   Operation 1780 'load' 'p_0_1_0_0_011_load' <Predicate = (icmp_ln33)> <Delay = 0.00>
ST_1 : Operation 1781 [1/1] (0.00ns)   --->   "%p_0_2_0_0_013_load = load i16 %p_0_2_0_0_013"   --->   Operation 1781 'load' 'p_0_2_0_0_013_load' <Predicate = (icmp_ln33)> <Delay = 0.00>
ST_1 : Operation 1782 [1/1] (0.00ns)   --->   "%p_0_4_0_0_015_load = load i16 %p_0_4_0_0_015"   --->   Operation 1782 'load' 'p_0_4_0_0_015_load' <Predicate = (icmp_ln33)> <Delay = 0.00>
ST_1 : Operation 1783 [1/1] (0.00ns)   --->   "%p_0_5_0_0_017_load = load i16 %p_0_5_0_0_017"   --->   Operation 1783 'load' 'p_0_5_0_0_017_load' <Predicate = (icmp_ln33)> <Delay = 0.00>
ST_1 : Operation 1784 [1/1] (0.00ns)   --->   "%p_0_6_0_0_019_load = load i16 %p_0_6_0_0_019"   --->   Operation 1784 'load' 'p_0_6_0_0_019_load' <Predicate = (icmp_ln33)> <Delay = 0.00>
ST_1 : Operation 1785 [1/1] (0.00ns)   --->   "%p_0_1_0_0_021_load = load i16 %p_0_1_0_0_021"   --->   Operation 1785 'load' 'p_0_1_0_0_021_load' <Predicate = (icmp_ln33)> <Delay = 0.00>
ST_1 : Operation 1786 [1/1] (0.00ns)   --->   "%p_0_2_0_0_023_load = load i16 %p_0_2_0_0_023"   --->   Operation 1786 'load' 'p_0_2_0_0_023_load' <Predicate = (icmp_ln33)> <Delay = 0.00>
ST_1 : Operation 1787 [1/1] (0.00ns)   --->   "%p_0_4_0_0_025_load = load i16 %p_0_4_0_0_025"   --->   Operation 1787 'load' 'p_0_4_0_0_025_load' <Predicate = (icmp_ln33)> <Delay = 0.00>
ST_1 : Operation 1788 [1/1] (0.00ns)   --->   "%p_0_5_0_0_027_load = load i16 %p_0_5_0_0_027"   --->   Operation 1788 'load' 'p_0_5_0_0_027_load' <Predicate = (icmp_ln33)> <Delay = 0.00>
ST_1 : Operation 1789 [1/1] (0.00ns)   --->   "%p_0_6_0_0_029_load = load i16 %p_0_6_0_0_029"   --->   Operation 1789 'load' 'p_0_6_0_0_029_load' <Predicate = (icmp_ln33)> <Delay = 0.00>
ST_1 : Operation 1790 [1/1] (0.00ns)   --->   "%p_0_1_0_0_031_load = load i16 %p_0_1_0_0_031"   --->   Operation 1790 'load' 'p_0_1_0_0_031_load' <Predicate = (icmp_ln33)> <Delay = 0.00>
ST_1 : Operation 1791 [1/1] (0.00ns)   --->   "%p_0_2_0_0_033_load = load i16 %p_0_2_0_0_033"   --->   Operation 1791 'load' 'p_0_2_0_0_033_load' <Predicate = (icmp_ln33)> <Delay = 0.00>
ST_1 : Operation 1792 [1/1] (0.00ns)   --->   "%p_0_5_0_0_035_load = load i16 %p_0_5_0_0_035"   --->   Operation 1792 'load' 'p_0_5_0_0_035_load' <Predicate = (icmp_ln33)> <Delay = 0.00>
ST_1 : Operation 1793 [1/1] (0.00ns)   --->   "%p_0_6_0_0_037_load = load i16 %p_0_6_0_0_037"   --->   Operation 1793 'load' 'p_0_6_0_0_037_load' <Predicate = (icmp_ln33)> <Delay = 0.00>
ST_1 : Operation 1794 [1/1] (0.00ns)   --->   "%p_0_1_0_0_039_load = load i16 %p_0_1_0_0_039"   --->   Operation 1794 'load' 'p_0_1_0_0_039_load' <Predicate = (icmp_ln33)> <Delay = 0.00>
ST_1 : Operation 1795 [1/1] (0.00ns)   --->   "%p_0_2_0_0_041_load = load i16 %p_0_2_0_0_041"   --->   Operation 1795 'load' 'p_0_2_0_0_041_load' <Predicate = (icmp_ln33)> <Delay = 0.00>
ST_1 : Operation 1796 [1/1] (0.00ns)   --->   "%p_0_5_0_0_043_load = load i16 %p_0_5_0_0_043"   --->   Operation 1796 'load' 'p_0_5_0_0_043_load' <Predicate = (icmp_ln33)> <Delay = 0.00>
ST_1 : Operation 1797 [1/1] (0.00ns)   --->   "%p_0_6_0_0_045_load = load i16 %p_0_6_0_0_045"   --->   Operation 1797 'load' 'p_0_6_0_0_045_load' <Predicate = (icmp_ln33)> <Delay = 0.00>
ST_1 : Operation 1798 [1/1] (0.00ns)   --->   "%p_0_1_0_0_047_load = load i16 %p_0_1_0_0_047"   --->   Operation 1798 'load' 'p_0_1_0_0_047_load' <Predicate = (icmp_ln33)> <Delay = 0.00>
ST_1 : Operation 1799 [1/1] (0.00ns)   --->   "%p_0_2_0_0_049_load = load i16 %p_0_2_0_0_049"   --->   Operation 1799 'load' 'p_0_2_0_0_049_load' <Predicate = (icmp_ln33)> <Delay = 0.00>
ST_1 : Operation 1800 [1/1] (0.00ns)   --->   "%p_0_5_0_0_051_load = load i16 %p_0_5_0_0_051"   --->   Operation 1800 'load' 'p_0_5_0_0_051_load' <Predicate = (icmp_ln33)> <Delay = 0.00>
ST_1 : Operation 1801 [1/1] (0.00ns)   --->   "%p_0_6_0_0_053_load = load i16 %p_0_6_0_0_053"   --->   Operation 1801 'load' 'p_0_6_0_0_053_load' <Predicate = (icmp_ln33)> <Delay = 0.00>
ST_1 : Operation 1802 [1/1] (0.00ns)   --->   "%p_0_1_0_0_055_load = load i16 %p_0_1_0_0_055"   --->   Operation 1802 'load' 'p_0_1_0_0_055_load' <Predicate = (icmp_ln33)> <Delay = 0.00>
ST_1 : Operation 1803 [1/1] (0.00ns)   --->   "%p_0_2_0_0_057_load = load i16 %p_0_2_0_0_057"   --->   Operation 1803 'load' 'p_0_2_0_0_057_load' <Predicate = (icmp_ln33)> <Delay = 0.00>
ST_1 : Operation 1804 [1/1] (0.00ns)   --->   "%p_0_5_0_0_059_load = load i16 %p_0_5_0_0_059"   --->   Operation 1804 'load' 'p_0_5_0_0_059_load' <Predicate = (icmp_ln33)> <Delay = 0.00>
ST_1 : Operation 1805 [1/1] (0.00ns)   --->   "%p_0_6_0_0_061_load = load i16 %p_0_6_0_0_061"   --->   Operation 1805 'load' 'p_0_6_0_0_061_load' <Predicate = (icmp_ln33)> <Delay = 0.00>
ST_1 : Operation 1806 [1/1] (0.00ns)   --->   "%p_0_1_0_0_063_load = load i16 %p_0_1_0_0_063"   --->   Operation 1806 'load' 'p_0_1_0_0_063_load' <Predicate = (icmp_ln33)> <Delay = 0.00>
ST_1 : Operation 1807 [1/1] (0.00ns)   --->   "%p_0_2_0_0_065_load = load i16 %p_0_2_0_0_065"   --->   Operation 1807 'load' 'p_0_2_0_0_065_load' <Predicate = (icmp_ln33)> <Delay = 0.00>
ST_1 : Operation 1808 [1/1] (0.00ns)   --->   "%p_0_5_0_0_067_load = load i16 %p_0_5_0_0_067"   --->   Operation 1808 'load' 'p_0_5_0_0_067_load' <Predicate = (icmp_ln33)> <Delay = 0.00>
ST_1 : Operation 1809 [1/1] (0.00ns)   --->   "%p_0_6_0_0_069_load = load i16 %p_0_6_0_0_069"   --->   Operation 1809 'load' 'p_0_6_0_0_069_load' <Predicate = (icmp_ln33)> <Delay = 0.00>
ST_1 : Operation 1810 [1/1] (0.00ns)   --->   "%p_0_0_0_0_071_load = load i16 %p_0_0_0_0_071"   --->   Operation 1810 'load' 'p_0_0_0_0_071_load' <Predicate = (icmp_ln33)> <Delay = 0.00>
ST_1 : Operation 1811 [1/1] (0.00ns)   --->   "%p_0_1_0_0_073_load = load i16 %p_0_1_0_0_073"   --->   Operation 1811 'load' 'p_0_1_0_0_073_load' <Predicate = (icmp_ln33)> <Delay = 0.00>
ST_1 : Operation 1812 [1/1] (0.00ns)   --->   "%p_0_2_0_0_075_load = load i16 %p_0_2_0_0_075"   --->   Operation 1812 'load' 'p_0_2_0_0_075_load' <Predicate = (icmp_ln33)> <Delay = 0.00>
ST_1 : Operation 1813 [1/1] (0.00ns)   --->   "%p_0_5_0_0_077_load = load i16 %p_0_5_0_0_077"   --->   Operation 1813 'load' 'p_0_5_0_0_077_load' <Predicate = (icmp_ln33)> <Delay = 0.00>
ST_1 : Operation 1814 [1/1] (0.00ns)   --->   "%p_0_6_0_0_079_load = load i16 %p_0_6_0_0_079"   --->   Operation 1814 'load' 'p_0_6_0_0_079_load' <Predicate = (icmp_ln33)> <Delay = 0.00>
ST_1 : Operation 1815 [1/1] (0.00ns)   --->   "%p_0_1_0_0_081_load = load i16 %p_0_1_0_0_081"   --->   Operation 1815 'load' 'p_0_1_0_0_081_load' <Predicate = (icmp_ln33)> <Delay = 0.00>
ST_1 : Operation 1816 [1/1] (0.00ns)   --->   "%p_0_2_0_0_083_load = load i16 %p_0_2_0_0_083"   --->   Operation 1816 'load' 'p_0_2_0_0_083_load' <Predicate = (icmp_ln33)> <Delay = 0.00>
ST_1 : Operation 1817 [1/1] (0.00ns)   --->   "%p_0_5_0_0_085_load = load i16 %p_0_5_0_0_085"   --->   Operation 1817 'load' 'p_0_5_0_0_085_load' <Predicate = (icmp_ln33)> <Delay = 0.00>
ST_1 : Operation 1818 [1/1] (0.00ns)   --->   "%p_0_6_0_0_087_load = load i16 %p_0_6_0_0_087"   --->   Operation 1818 'load' 'p_0_6_0_0_087_load' <Predicate = (icmp_ln33)> <Delay = 0.00>
ST_1 : Operation 1819 [1/1] (0.00ns)   --->   "%p_0_0_0_0_089_load = load i16 %p_0_0_0_0_089"   --->   Operation 1819 'load' 'p_0_0_0_0_089_load' <Predicate = (icmp_ln33)> <Delay = 0.00>
ST_1 : Operation 1820 [1/1] (0.00ns)   --->   "%p_0_1_0_0_091_load = load i16 %p_0_1_0_0_091"   --->   Operation 1820 'load' 'p_0_1_0_0_091_load' <Predicate = (icmp_ln33)> <Delay = 0.00>
ST_1 : Operation 1821 [1/1] (0.00ns)   --->   "%p_0_2_0_0_093_load = load i16 %p_0_2_0_0_093"   --->   Operation 1821 'load' 'p_0_2_0_0_093_load' <Predicate = (icmp_ln33)> <Delay = 0.00>
ST_1 : Operation 1822 [1/1] (0.00ns)   --->   "%p_0_5_0_0_095_load = load i16 %p_0_5_0_0_095"   --->   Operation 1822 'load' 'p_0_5_0_0_095_load' <Predicate = (icmp_ln33)> <Delay = 0.00>
ST_1 : Operation 1823 [1/1] (0.00ns)   --->   "%p_0_6_0_0_097_load = load i16 %p_0_6_0_0_097"   --->   Operation 1823 'load' 'p_0_6_0_0_097_load' <Predicate = (icmp_ln33)> <Delay = 0.00>
ST_1 : Operation 1824 [1/1] (0.00ns)   --->   "%p_0_0_0_0_099_load = load i16 %p_0_0_0_0_099"   --->   Operation 1824 'load' 'p_0_0_0_0_099_load' <Predicate = (icmp_ln33)> <Delay = 0.00>
ST_1 : Operation 1825 [1/1] (0.00ns)   --->   "%p_0_1_0_0_0101_load = load i16 %p_0_1_0_0_0101"   --->   Operation 1825 'load' 'p_0_1_0_0_0101_load' <Predicate = (icmp_ln33)> <Delay = 0.00>
ST_1 : Operation 1826 [1/1] (0.00ns)   --->   "%p_0_2_0_0_0103_load = load i16 %p_0_2_0_0_0103"   --->   Operation 1826 'load' 'p_0_2_0_0_0103_load' <Predicate = (icmp_ln33)> <Delay = 0.00>
ST_1 : Operation 1827 [1/1] (0.00ns)   --->   "%p_0_5_0_0_0105_load = load i16 %p_0_5_0_0_0105"   --->   Operation 1827 'load' 'p_0_5_0_0_0105_load' <Predicate = (icmp_ln33)> <Delay = 0.00>
ST_1 : Operation 1828 [1/1] (0.00ns)   --->   "%p_0_6_0_0_0107_load = load i16 %p_0_6_0_0_0107"   --->   Operation 1828 'load' 'p_0_6_0_0_0107_load' <Predicate = (icmp_ln33)> <Delay = 0.00>
ST_1 : Operation 1829 [1/1] (0.00ns)   --->   "%p_0_1_0_0_0109_load = load i16 %p_0_1_0_0_0109"   --->   Operation 1829 'load' 'p_0_1_0_0_0109_load' <Predicate = (icmp_ln33)> <Delay = 0.00>
ST_1 : Operation 1830 [1/1] (0.00ns)   --->   "%p_0_2_0_0_0111_load = load i16 %p_0_2_0_0_0111"   --->   Operation 1830 'load' 'p_0_2_0_0_0111_load' <Predicate = (icmp_ln33)> <Delay = 0.00>
ST_1 : Operation 1831 [1/1] (0.00ns)   --->   "%p_0_5_0_0_0113_load = load i16 %p_0_5_0_0_0113"   --->   Operation 1831 'load' 'p_0_5_0_0_0113_load' <Predicate = (icmp_ln33)> <Delay = 0.00>
ST_1 : Operation 1832 [1/1] (0.00ns)   --->   "%p_0_6_0_0_0115_load = load i16 %p_0_6_0_0_0115"   --->   Operation 1832 'load' 'p_0_6_0_0_0115_load' <Predicate = (icmp_ln33)> <Delay = 0.00>
ST_1 : Operation 1833 [1/1] (0.00ns)   --->   "%p_0_1_0_0_0117_load = load i16 %p_0_1_0_0_0117"   --->   Operation 1833 'load' 'p_0_1_0_0_0117_load' <Predicate = (icmp_ln33)> <Delay = 0.00>
ST_1 : Operation 1834 [1/1] (0.00ns)   --->   "%p_0_2_0_0_0119_load = load i16 %p_0_2_0_0_0119"   --->   Operation 1834 'load' 'p_0_2_0_0_0119_load' <Predicate = (icmp_ln33)> <Delay = 0.00>
ST_1 : Operation 1835 [1/1] (0.00ns)   --->   "%p_0_3_0_0_0121_load = load i16 %p_0_3_0_0_0121"   --->   Operation 1835 'load' 'p_0_3_0_0_0121_load' <Predicate = (icmp_ln33)> <Delay = 0.00>
ST_1 : Operation 1836 [1/1] (0.00ns)   --->   "%p_0_5_0_0_0123_load = load i16 %p_0_5_0_0_0123"   --->   Operation 1836 'load' 'p_0_5_0_0_0123_load' <Predicate = (icmp_ln33)> <Delay = 0.00>
ST_1 : Operation 1837 [1/1] (0.00ns)   --->   "%p_0_6_0_0_0125_load = load i16 %p_0_6_0_0_0125"   --->   Operation 1837 'load' 'p_0_6_0_0_0125_load' <Predicate = (icmp_ln33)> <Delay = 0.00>
ST_1 : Operation 1838 [1/1] (0.00ns)   --->   "%p_0_1_0_0_0127_load = load i16 %p_0_1_0_0_0127"   --->   Operation 1838 'load' 'p_0_1_0_0_0127_load' <Predicate = (icmp_ln33)> <Delay = 0.00>
ST_1 : Operation 1839 [1/1] (0.00ns)   --->   "%p_0_2_0_0_0129_load = load i16 %p_0_2_0_0_0129"   --->   Operation 1839 'load' 'p_0_2_0_0_0129_load' <Predicate = (icmp_ln33)> <Delay = 0.00>
ST_1 : Operation 1840 [1/1] (0.00ns)   --->   "%p_0_4_0_0_0131_load = load i16 %p_0_4_0_0_0131"   --->   Operation 1840 'load' 'p_0_4_0_0_0131_load' <Predicate = (icmp_ln33)> <Delay = 0.00>
ST_1 : Operation 1841 [1/1] (0.00ns)   --->   "%p_0_5_0_0_0133_load = load i16 %p_0_5_0_0_0133"   --->   Operation 1841 'load' 'p_0_5_0_0_0133_load' <Predicate = (icmp_ln33)> <Delay = 0.00>
ST_1 : Operation 1842 [1/1] (0.00ns)   --->   "%p_0_6_0_0_0135_load = load i16 %p_0_6_0_0_0135"   --->   Operation 1842 'load' 'p_0_6_0_0_0135_load' <Predicate = (icmp_ln33)> <Delay = 0.00>
ST_1 : Operation 1843 [1/1] (0.00ns)   --->   "%p_0_1_0_0_0137_load = load i16 %p_0_1_0_0_0137"   --->   Operation 1843 'load' 'p_0_1_0_0_0137_load' <Predicate = (icmp_ln33)> <Delay = 0.00>
ST_1 : Operation 1844 [1/1] (0.00ns)   --->   "%p_0_2_0_0_0139_load = load i16 %p_0_2_0_0_0139"   --->   Operation 1844 'load' 'p_0_2_0_0_0139_load' <Predicate = (icmp_ln33)> <Delay = 0.00>
ST_1 : Operation 1845 [1/1] (0.00ns)   --->   "%p_0_5_0_0_0141_load = load i16 %p_0_5_0_0_0141"   --->   Operation 1845 'load' 'p_0_5_0_0_0141_load' <Predicate = (icmp_ln33)> <Delay = 0.00>
ST_1 : Operation 1846 [1/1] (0.00ns)   --->   "%p_0_6_0_0_0143_load = load i16 %p_0_6_0_0_0143"   --->   Operation 1846 'load' 'p_0_6_0_0_0143_load' <Predicate = (icmp_ln33)> <Delay = 0.00>
ST_1 : Operation 1847 [1/1] (0.00ns)   --->   "%p_0_1_0_0_0145_load = load i16 %p_0_1_0_0_0145"   --->   Operation 1847 'load' 'p_0_1_0_0_0145_load' <Predicate = (icmp_ln33)> <Delay = 0.00>
ST_1 : Operation 1848 [1/1] (0.00ns)   --->   "%p_0_2_0_0_0147_load = load i16 %p_0_2_0_0_0147"   --->   Operation 1848 'load' 'p_0_2_0_0_0147_load' <Predicate = (icmp_ln33)> <Delay = 0.00>
ST_1 : Operation 1849 [1/1] (0.00ns)   --->   "%p_0_5_0_0_0149_load = load i16 %p_0_5_0_0_0149"   --->   Operation 1849 'load' 'p_0_5_0_0_0149_load' <Predicate = (icmp_ln33)> <Delay = 0.00>
ST_1 : Operation 1850 [1/1] (0.00ns)   --->   "%p_0_6_0_0_0151_load = load i16 %p_0_6_0_0_0151"   --->   Operation 1850 'load' 'p_0_6_0_0_0151_load' <Predicate = (icmp_ln33)> <Delay = 0.00>
ST_1 : Operation 1851 [1/1] (0.00ns)   --->   "%p_0_1_0_0_0153_load = load i16 %p_0_1_0_0_0153"   --->   Operation 1851 'load' 'p_0_1_0_0_0153_load' <Predicate = (icmp_ln33)> <Delay = 0.00>
ST_1 : Operation 1852 [1/1] (0.00ns)   --->   "%p_0_2_0_0_0155_load = load i16 %p_0_2_0_0_0155"   --->   Operation 1852 'load' 'p_0_2_0_0_0155_load' <Predicate = (icmp_ln33)> <Delay = 0.00>
ST_1 : Operation 1853 [1/1] (0.00ns)   --->   "%p_0_5_0_0_0157_load = load i16 %p_0_5_0_0_0157"   --->   Operation 1853 'load' 'p_0_5_0_0_0157_load' <Predicate = (icmp_ln33)> <Delay = 0.00>
ST_1 : Operation 1854 [1/1] (0.00ns)   --->   "%p_0_6_0_0_0159_load = load i16 %p_0_6_0_0_0159"   --->   Operation 1854 'load' 'p_0_6_0_0_0159_load' <Predicate = (icmp_ln33)> <Delay = 0.00>
ST_1 : Operation 1855 [1/1] (0.00ns)   --->   "%p_0_1_0_0_0161_load = load i16 %p_0_1_0_0_0161"   --->   Operation 1855 'load' 'p_0_1_0_0_0161_load' <Predicate = (icmp_ln33)> <Delay = 0.00>
ST_1 : Operation 1856 [1/1] (0.00ns)   --->   "%p_0_2_0_0_0163_load = load i16 %p_0_2_0_0_0163"   --->   Operation 1856 'load' 'p_0_2_0_0_0163_load' <Predicate = (icmp_ln33)> <Delay = 0.00>
ST_1 : Operation 1857 [1/1] (0.00ns)   --->   "%p_0_5_0_0_0165_load = load i16 %p_0_5_0_0_0165"   --->   Operation 1857 'load' 'p_0_5_0_0_0165_load' <Predicate = (icmp_ln33)> <Delay = 0.00>
ST_1 : Operation 1858 [1/1] (0.00ns)   --->   "%p_0_6_0_0_0167_load = load i16 %p_0_6_0_0_0167"   --->   Operation 1858 'load' 'p_0_6_0_0_0167_load' <Predicate = (icmp_ln33)> <Delay = 0.00>
ST_1 : Operation 1859 [1/1] (0.00ns)   --->   "%p_0_1_0_0_0169_load = load i16 %p_0_1_0_0_0169"   --->   Operation 1859 'load' 'p_0_1_0_0_0169_load' <Predicate = (icmp_ln33)> <Delay = 0.00>
ST_1 : Operation 1860 [1/1] (0.00ns)   --->   "%p_0_2_0_0_0171_load = load i16 %p_0_2_0_0_0171"   --->   Operation 1860 'load' 'p_0_2_0_0_0171_load' <Predicate = (icmp_ln33)> <Delay = 0.00>
ST_1 : Operation 1861 [1/1] (0.00ns)   --->   "%p_0_4_0_0_0173_load = load i16 %p_0_4_0_0_0173"   --->   Operation 1861 'load' 'p_0_4_0_0_0173_load' <Predicate = (icmp_ln33)> <Delay = 0.00>
ST_1 : Operation 1862 [1/1] (0.00ns)   --->   "%p_0_5_0_0_0175_load = load i16 %p_0_5_0_0_0175"   --->   Operation 1862 'load' 'p_0_5_0_0_0175_load' <Predicate = (icmp_ln33)> <Delay = 0.00>
ST_1 : Operation 1863 [1/1] (0.00ns)   --->   "%p_0_6_0_0_0177_load = load i16 %p_0_6_0_0_0177"   --->   Operation 1863 'load' 'p_0_6_0_0_0177_load' <Predicate = (icmp_ln33)> <Delay = 0.00>
ST_1 : Operation 1864 [1/1] (0.00ns)   --->   "%p_0_1_0_0_0179_load = load i16 %p_0_1_0_0_0179"   --->   Operation 1864 'load' 'p_0_1_0_0_0179_load' <Predicate = (icmp_ln33)> <Delay = 0.00>
ST_1 : Operation 1865 [1/1] (0.00ns)   --->   "%p_0_2_0_0_0181_load = load i16 %p_0_2_0_0_0181"   --->   Operation 1865 'load' 'p_0_2_0_0_0181_load' <Predicate = (icmp_ln33)> <Delay = 0.00>
ST_1 : Operation 1866 [1/1] (0.00ns)   --->   "%p_0_5_0_0_0183_load = load i16 %p_0_5_0_0_0183"   --->   Operation 1866 'load' 'p_0_5_0_0_0183_load' <Predicate = (icmp_ln33)> <Delay = 0.00>
ST_1 : Operation 1867 [1/1] (0.00ns)   --->   "%p_0_6_0_0_0185_load = load i16 %p_0_6_0_0_0185"   --->   Operation 1867 'load' 'p_0_6_0_0_0185_load' <Predicate = (icmp_ln33)> <Delay = 0.00>
ST_1 : Operation 1868 [1/1] (0.00ns)   --->   "%p_0_1_0_0_0187_load = load i16 %p_0_1_0_0_0187"   --->   Operation 1868 'load' 'p_0_1_0_0_0187_load' <Predicate = (icmp_ln33)> <Delay = 0.00>
ST_1 : Operation 1869 [1/1] (0.00ns)   --->   "%p_0_2_0_0_0189_load = load i16 %p_0_2_0_0_0189"   --->   Operation 1869 'load' 'p_0_2_0_0_0189_load' <Predicate = (icmp_ln33)> <Delay = 0.00>
ST_1 : Operation 1870 [1/1] (0.00ns)   --->   "%p_0_5_0_0_0191_load = load i16 %p_0_5_0_0_0191"   --->   Operation 1870 'load' 'p_0_5_0_0_0191_load' <Predicate = (icmp_ln33)> <Delay = 0.00>
ST_1 : Operation 1871 [1/1] (0.00ns)   --->   "%p_0_6_0_0_0193_load = load i16 %p_0_6_0_0_0193"   --->   Operation 1871 'load' 'p_0_6_0_0_0193_load' <Predicate = (icmp_ln33)> <Delay = 0.00>
ST_1 : Operation 1872 [1/1] (0.00ns)   --->   "%p_0_1_0_0_0195_load = load i16 %p_0_1_0_0_0195"   --->   Operation 1872 'load' 'p_0_1_0_0_0195_load' <Predicate = (icmp_ln33)> <Delay = 0.00>
ST_1 : Operation 1873 [1/1] (0.00ns)   --->   "%p_0_2_0_0_0197_load = load i16 %p_0_2_0_0_0197"   --->   Operation 1873 'load' 'p_0_2_0_0_0197_load' <Predicate = (icmp_ln33)> <Delay = 0.00>
ST_1 : Operation 1874 [1/1] (0.00ns)   --->   "%p_0_5_0_0_0199_load = load i16 %p_0_5_0_0_0199"   --->   Operation 1874 'load' 'p_0_5_0_0_0199_load' <Predicate = (icmp_ln33)> <Delay = 0.00>
ST_1 : Operation 1875 [1/1] (0.00ns)   --->   "%p_0_6_0_0_0201_load = load i16 %p_0_6_0_0_0201"   --->   Operation 1875 'load' 'p_0_6_0_0_0201_load' <Predicate = (icmp_ln33)> <Delay = 0.00>
ST_1 : Operation 1876 [1/1] (0.00ns)   --->   "%p_0_1_0_0_0203_load = load i16 %p_0_1_0_0_0203"   --->   Operation 1876 'load' 'p_0_1_0_0_0203_load' <Predicate = (icmp_ln33)> <Delay = 0.00>
ST_1 : Operation 1877 [1/1] (0.00ns)   --->   "%p_0_2_0_0_0205_load = load i16 %p_0_2_0_0_0205"   --->   Operation 1877 'load' 'p_0_2_0_0_0205_load' <Predicate = (icmp_ln33)> <Delay = 0.00>
ST_1 : Operation 1878 [1/1] (0.00ns)   --->   "%p_0_5_0_0_0207_load = load i16 %p_0_5_0_0_0207"   --->   Operation 1878 'load' 'p_0_5_0_0_0207_load' <Predicate = (icmp_ln33)> <Delay = 0.00>
ST_1 : Operation 1879 [1/1] (0.00ns)   --->   "%p_0_6_0_0_0209_load = load i16 %p_0_6_0_0_0209"   --->   Operation 1879 'load' 'p_0_6_0_0_0209_load' <Predicate = (icmp_ln33)> <Delay = 0.00>
ST_1 : Operation 1880 [1/1] (0.00ns)   --->   "%p_0_1_0_0_0211_load = load i16 %p_0_1_0_0_0211"   --->   Operation 1880 'load' 'p_0_1_0_0_0211_load' <Predicate = (icmp_ln33)> <Delay = 0.00>
ST_1 : Operation 1881 [1/1] (0.00ns)   --->   "%p_0_2_0_0_0213_load = load i16 %p_0_2_0_0_0213"   --->   Operation 1881 'load' 'p_0_2_0_0_0213_load' <Predicate = (icmp_ln33)> <Delay = 0.00>
ST_1 : Operation 1882 [1/1] (0.00ns)   --->   "%p_0_5_0_0_0215_load = load i16 %p_0_5_0_0_0215"   --->   Operation 1882 'load' 'p_0_5_0_0_0215_load' <Predicate = (icmp_ln33)> <Delay = 0.00>
ST_1 : Operation 1883 [1/1] (0.00ns)   --->   "%p_0_6_0_0_0217_load = load i16 %p_0_6_0_0_0217"   --->   Operation 1883 'load' 'p_0_6_0_0_0217_load' <Predicate = (icmp_ln33)> <Delay = 0.00>
ST_1 : Operation 1884 [1/1] (0.00ns)   --->   "%p_0_1_0_0_0219_load = load i16 %p_0_1_0_0_0219"   --->   Operation 1884 'load' 'p_0_1_0_0_0219_load' <Predicate = (icmp_ln33)> <Delay = 0.00>
ST_1 : Operation 1885 [1/1] (0.00ns)   --->   "%p_0_2_0_0_0221_load = load i16 %p_0_2_0_0_0221"   --->   Operation 1885 'load' 'p_0_2_0_0_0221_load' <Predicate = (icmp_ln33)> <Delay = 0.00>
ST_1 : Operation 1886 [1/1] (0.00ns)   --->   "%p_0_5_0_0_0223_load = load i16 %p_0_5_0_0_0223"   --->   Operation 1886 'load' 'p_0_5_0_0_0223_load' <Predicate = (icmp_ln33)> <Delay = 0.00>
ST_1 : Operation 1887 [1/1] (0.00ns)   --->   "%p_0_6_0_0_0225_load = load i16 %p_0_6_0_0_0225"   --->   Operation 1887 'load' 'p_0_6_0_0_0225_load' <Predicate = (icmp_ln33)> <Delay = 0.00>
ST_1 : Operation 1888 [1/1] (0.00ns)   --->   "%p_0_1_0_0_0227_load = load i16 %p_0_1_0_0_0227"   --->   Operation 1888 'load' 'p_0_1_0_0_0227_load' <Predicate = (icmp_ln33)> <Delay = 0.00>
ST_1 : Operation 1889 [1/1] (0.00ns)   --->   "%p_0_2_0_0_0229_load = load i16 %p_0_2_0_0_0229"   --->   Operation 1889 'load' 'p_0_2_0_0_0229_load' <Predicate = (icmp_ln33)> <Delay = 0.00>
ST_1 : Operation 1890 [1/1] (0.00ns)   --->   "%p_0_5_0_0_0231_load = load i16 %p_0_5_0_0_0231"   --->   Operation 1890 'load' 'p_0_5_0_0_0231_load' <Predicate = (icmp_ln33)> <Delay = 0.00>
ST_1 : Operation 1891 [1/1] (0.00ns)   --->   "%p_0_6_0_0_0233_load = load i16 %p_0_6_0_0_0233"   --->   Operation 1891 'load' 'p_0_6_0_0_0233_load' <Predicate = (icmp_ln33)> <Delay = 0.00>
ST_1 : Operation 1892 [1/1] (0.00ns)   --->   "%p_0_1_0_0_0235_load = load i16 %p_0_1_0_0_0235"   --->   Operation 1892 'load' 'p_0_1_0_0_0235_load' <Predicate = (icmp_ln33)> <Delay = 0.00>
ST_1 : Operation 1893 [1/1] (0.00ns)   --->   "%p_0_2_0_0_0237_load = load i16 %p_0_2_0_0_0237"   --->   Operation 1893 'load' 'p_0_2_0_0_0237_load' <Predicate = (icmp_ln33)> <Delay = 0.00>
ST_1 : Operation 1894 [1/1] (0.00ns)   --->   "%p_0_5_0_0_0239_load = load i16 %p_0_5_0_0_0239"   --->   Operation 1894 'load' 'p_0_5_0_0_0239_load' <Predicate = (icmp_ln33)> <Delay = 0.00>
ST_1 : Operation 1895 [1/1] (0.00ns)   --->   "%p_0_6_0_0_0241_load = load i16 %p_0_6_0_0_0241"   --->   Operation 1895 'load' 'p_0_6_0_0_0241_load' <Predicate = (icmp_ln33)> <Delay = 0.00>
ST_1 : Operation 1896 [1/1] (0.00ns)   --->   "%p_0_1_0_0_0243_load = load i16 %p_0_1_0_0_0243"   --->   Operation 1896 'load' 'p_0_1_0_0_0243_load' <Predicate = (icmp_ln33)> <Delay = 0.00>
ST_1 : Operation 1897 [1/1] (0.00ns)   --->   "%p_0_2_0_0_0245_load = load i16 %p_0_2_0_0_0245"   --->   Operation 1897 'load' 'p_0_2_0_0_0245_load' <Predicate = (icmp_ln33)> <Delay = 0.00>
ST_1 : Operation 1898 [1/1] (0.00ns)   --->   "%p_0_5_0_0_0247_load = load i16 %p_0_5_0_0_0247"   --->   Operation 1898 'load' 'p_0_5_0_0_0247_load' <Predicate = (icmp_ln33)> <Delay = 0.00>
ST_1 : Operation 1899 [1/1] (0.00ns)   --->   "%p_0_6_0_0_0249_load = load i16 %p_0_6_0_0_0249"   --->   Operation 1899 'load' 'p_0_6_0_0_0249_load' <Predicate = (icmp_ln33)> <Delay = 0.00>
ST_1 : Operation 1900 [1/1] (0.00ns)   --->   "%p_0_1_0_0_0251_load = load i16 %p_0_1_0_0_0251"   --->   Operation 1900 'load' 'p_0_1_0_0_0251_load' <Predicate = (icmp_ln33)> <Delay = 0.00>
ST_1 : Operation 1901 [1/1] (0.00ns)   --->   "%p_0_2_0_0_0253_load = load i16 %p_0_2_0_0_0253"   --->   Operation 1901 'load' 'p_0_2_0_0_0253_load' <Predicate = (icmp_ln33)> <Delay = 0.00>
ST_1 : Operation 1902 [1/1] (0.00ns)   --->   "%p_0_5_0_0_0255_load = load i16 %p_0_5_0_0_0255"   --->   Operation 1902 'load' 'p_0_5_0_0_0255_load' <Predicate = (icmp_ln33)> <Delay = 0.00>
ST_1 : Operation 1903 [1/1] (0.00ns)   --->   "%p_0_6_0_0_0257_load = load i16 %p_0_6_0_0_0257"   --->   Operation 1903 'load' 'p_0_6_0_0_0257_load' <Predicate = (icmp_ln33)> <Delay = 0.00>
ST_1 : Operation 1904 [1/1] (0.00ns)   --->   "%p_0_1_0_0_0259_load = load i16 %p_0_1_0_0_0259"   --->   Operation 1904 'load' 'p_0_1_0_0_0259_load' <Predicate = (icmp_ln33)> <Delay = 0.00>
ST_1 : Operation 1905 [1/1] (0.00ns)   --->   "%p_0_2_0_0_0261_load = load i16 %p_0_2_0_0_0261"   --->   Operation 1905 'load' 'p_0_2_0_0_0261_load' <Predicate = (icmp_ln33)> <Delay = 0.00>
ST_1 : Operation 1906 [1/1] (0.00ns)   --->   "%p_0_5_0_0_0263_load = load i16 %p_0_5_0_0_0263"   --->   Operation 1906 'load' 'p_0_5_0_0_0263_load' <Predicate = (icmp_ln33)> <Delay = 0.00>
ST_1 : Operation 1907 [1/1] (0.00ns)   --->   "%p_0_6_0_0_0265_load = load i16 %p_0_6_0_0_0265"   --->   Operation 1907 'load' 'p_0_6_0_0_0265_load' <Predicate = (icmp_ln33)> <Delay = 0.00>
ST_1 : Operation 1908 [1/1] (0.00ns)   --->   "%p_0_0_0_0_0267_load = load i16 %p_0_0_0_0_0267"   --->   Operation 1908 'load' 'p_0_0_0_0_0267_load' <Predicate = (icmp_ln33)> <Delay = 0.00>
ST_1 : Operation 1909 [1/1] (0.00ns)   --->   "%p_0_1_0_0_0269_load = load i16 %p_0_1_0_0_0269"   --->   Operation 1909 'load' 'p_0_1_0_0_0269_load' <Predicate = (icmp_ln33)> <Delay = 0.00>
ST_1 : Operation 1910 [1/1] (0.00ns)   --->   "%p_0_2_0_0_0271_load = load i16 %p_0_2_0_0_0271"   --->   Operation 1910 'load' 'p_0_2_0_0_0271_load' <Predicate = (icmp_ln33)> <Delay = 0.00>
ST_1 : Operation 1911 [1/1] (0.00ns)   --->   "%p_0_5_0_0_0273_load = load i16 %p_0_5_0_0_0273"   --->   Operation 1911 'load' 'p_0_5_0_0_0273_load' <Predicate = (icmp_ln33)> <Delay = 0.00>
ST_1 : Operation 1912 [1/1] (0.00ns)   --->   "%p_0_6_0_0_0275_load = load i16 %p_0_6_0_0_0275"   --->   Operation 1912 'load' 'p_0_6_0_0_0275_load' <Predicate = (icmp_ln33)> <Delay = 0.00>
ST_1 : Operation 1913 [1/1] (0.00ns)   --->   "%p_0_0_0_0_0277_load = load i16 %p_0_0_0_0_0277"   --->   Operation 1913 'load' 'p_0_0_0_0_0277_load' <Predicate = (icmp_ln33)> <Delay = 0.00>
ST_1 : Operation 1914 [1/1] (0.00ns)   --->   "%p_0_1_0_0_0279_load = load i16 %p_0_1_0_0_0279"   --->   Operation 1914 'load' 'p_0_1_0_0_0279_load' <Predicate = (icmp_ln33)> <Delay = 0.00>
ST_1 : Operation 1915 [1/1] (0.00ns)   --->   "%p_0_2_0_0_0281_load = load i16 %p_0_2_0_0_0281"   --->   Operation 1915 'load' 'p_0_2_0_0_0281_load' <Predicate = (icmp_ln33)> <Delay = 0.00>
ST_1 : Operation 1916 [1/1] (0.00ns)   --->   "%p_0_5_0_0_0283_load = load i16 %p_0_5_0_0_0283"   --->   Operation 1916 'load' 'p_0_5_0_0_0283_load' <Predicate = (icmp_ln33)> <Delay = 0.00>
ST_1 : Operation 1917 [1/1] (0.00ns)   --->   "%p_0_6_0_0_0285_load = load i16 %p_0_6_0_0_0285"   --->   Operation 1917 'load' 'p_0_6_0_0_0285_load' <Predicate = (icmp_ln33)> <Delay = 0.00>
ST_1 : Operation 1918 [1/1] (0.00ns)   --->   "%p_0_1_0_0_0287_load = load i16 %p_0_1_0_0_0287"   --->   Operation 1918 'load' 'p_0_1_0_0_0287_load' <Predicate = (icmp_ln33)> <Delay = 0.00>
ST_1 : Operation 1919 [1/1] (0.00ns)   --->   "%p_0_2_0_0_0289_load = load i16 %p_0_2_0_0_0289"   --->   Operation 1919 'load' 'p_0_2_0_0_0289_load' <Predicate = (icmp_ln33)> <Delay = 0.00>
ST_1 : Operation 1920 [1/1] (0.00ns)   --->   "%p_0_5_0_0_0291_load = load i16 %p_0_5_0_0_0291"   --->   Operation 1920 'load' 'p_0_5_0_0_0291_load' <Predicate = (icmp_ln33)> <Delay = 0.00>
ST_1 : Operation 1921 [1/1] (0.00ns)   --->   "%p_0_6_0_0_0293_load = load i16 %p_0_6_0_0_0293"   --->   Operation 1921 'load' 'p_0_6_0_0_0293_load' <Predicate = (icmp_ln33)> <Delay = 0.00>
ST_1 : Operation 1922 [1/1] (0.00ns)   --->   "%p_0_1_0_0_0295_load = load i16 %p_0_1_0_0_0295"   --->   Operation 1922 'load' 'p_0_1_0_0_0295_load' <Predicate = (icmp_ln33)> <Delay = 0.00>
ST_1 : Operation 1923 [1/1] (0.00ns)   --->   "%p_0_2_0_0_0297_load = load i16 %p_0_2_0_0_0297"   --->   Operation 1923 'load' 'p_0_2_0_0_0297_load' <Predicate = (icmp_ln33)> <Delay = 0.00>
ST_1 : Operation 1924 [1/1] (0.00ns)   --->   "%p_0_4_0_0_0299_load = load i16 %p_0_4_0_0_0299"   --->   Operation 1924 'load' 'p_0_4_0_0_0299_load' <Predicate = (icmp_ln33)> <Delay = 0.00>
ST_1 : Operation 1925 [1/1] (0.00ns)   --->   "%p_0_5_0_0_0301_load = load i16 %p_0_5_0_0_0301"   --->   Operation 1925 'load' 'p_0_5_0_0_0301_load' <Predicate = (icmp_ln33)> <Delay = 0.00>
ST_1 : Operation 1926 [1/1] (0.00ns)   --->   "%p_0_6_0_0_0303_load = load i16 %p_0_6_0_0_0303"   --->   Operation 1926 'load' 'p_0_6_0_0_0303_load' <Predicate = (icmp_ln33)> <Delay = 0.00>
ST_1 : Operation 1927 [1/1] (0.00ns)   --->   "%p_0_1_0_0_0305_load = load i16 %p_0_1_0_0_0305"   --->   Operation 1927 'load' 'p_0_1_0_0_0305_load' <Predicate = (icmp_ln33)> <Delay = 0.00>
ST_1 : Operation 1928 [1/1] (0.00ns)   --->   "%p_0_2_0_0_0307_load = load i16 %p_0_2_0_0_0307"   --->   Operation 1928 'load' 'p_0_2_0_0_0307_load' <Predicate = (icmp_ln33)> <Delay = 0.00>
ST_1 : Operation 1929 [1/1] (0.00ns)   --->   "%p_0_5_0_0_0309_load = load i16 %p_0_5_0_0_0309"   --->   Operation 1929 'load' 'p_0_5_0_0_0309_load' <Predicate = (icmp_ln33)> <Delay = 0.00>
ST_1 : Operation 1930 [1/1] (0.00ns)   --->   "%p_0_6_0_0_0311_load = load i16 %p_0_6_0_0_0311"   --->   Operation 1930 'load' 'p_0_6_0_0_0311_load' <Predicate = (icmp_ln33)> <Delay = 0.00>
ST_1 : Operation 1931 [1/1] (0.00ns)   --->   "%p_0_1_0_0_0313_load = load i16 %p_0_1_0_0_0313"   --->   Operation 1931 'load' 'p_0_1_0_0_0313_load' <Predicate = (icmp_ln33)> <Delay = 0.00>
ST_1 : Operation 1932 [1/1] (0.00ns)   --->   "%p_0_2_0_0_0315_load = load i16 %p_0_2_0_0_0315"   --->   Operation 1932 'load' 'p_0_2_0_0_0315_load' <Predicate = (icmp_ln33)> <Delay = 0.00>
ST_1 : Operation 1933 [1/1] (0.00ns)   --->   "%p_0_5_0_0_0317_load = load i16 %p_0_5_0_0_0317"   --->   Operation 1933 'load' 'p_0_5_0_0_0317_load' <Predicate = (icmp_ln33)> <Delay = 0.00>
ST_1 : Operation 1934 [1/1] (0.00ns)   --->   "%p_0_6_0_0_0319_load = load i16 %p_0_6_0_0_0319"   --->   Operation 1934 'load' 'p_0_6_0_0_0319_load' <Predicate = (icmp_ln33)> <Delay = 0.00>
ST_1 : Operation 1935 [1/1] (0.00ns)   --->   "%p_0_1_0_0_0321_load = load i16 %p_0_1_0_0_0321"   --->   Operation 1935 'load' 'p_0_1_0_0_0321_load' <Predicate = (icmp_ln33)> <Delay = 0.00>
ST_1 : Operation 1936 [1/1] (0.00ns)   --->   "%p_0_2_0_0_0323_load = load i16 %p_0_2_0_0_0323"   --->   Operation 1936 'load' 'p_0_2_0_0_0323_load' <Predicate = (icmp_ln33)> <Delay = 0.00>
ST_1 : Operation 1937 [1/1] (0.00ns)   --->   "%p_0_5_0_0_0325_load = load i16 %p_0_5_0_0_0325"   --->   Operation 1937 'load' 'p_0_5_0_0_0325_load' <Predicate = (icmp_ln33)> <Delay = 0.00>
ST_1 : Operation 1938 [1/1] (0.00ns)   --->   "%p_0_6_0_0_0327_load = load i16 %p_0_6_0_0_0327"   --->   Operation 1938 'load' 'p_0_6_0_0_0327_load' <Predicate = (icmp_ln33)> <Delay = 0.00>
ST_1 : Operation 1939 [1/1] (0.00ns)   --->   "%p_0_1_0_0_0329_load = load i16 %p_0_1_0_0_0329"   --->   Operation 1939 'load' 'p_0_1_0_0_0329_load' <Predicate = (icmp_ln33)> <Delay = 0.00>
ST_1 : Operation 1940 [1/1] (0.00ns)   --->   "%p_0_2_0_0_0331_load = load i16 %p_0_2_0_0_0331"   --->   Operation 1940 'load' 'p_0_2_0_0_0331_load' <Predicate = (icmp_ln33)> <Delay = 0.00>
ST_1 : Operation 1941 [1/1] (0.00ns)   --->   "%p_0_5_0_0_0333_load = load i16 %p_0_5_0_0_0333"   --->   Operation 1941 'load' 'p_0_5_0_0_0333_load' <Predicate = (icmp_ln33)> <Delay = 0.00>
ST_1 : Operation 1942 [1/1] (0.00ns)   --->   "%p_0_6_0_0_0335_load = load i16 %p_0_6_0_0_0335"   --->   Operation 1942 'load' 'p_0_6_0_0_0335_load' <Predicate = (icmp_ln33)> <Delay = 0.00>
ST_1 : Operation 1943 [1/1] (0.00ns)   --->   "%p_0_1_0_0_0337_load = load i16 %p_0_1_0_0_0337"   --->   Operation 1943 'load' 'p_0_1_0_0_0337_load' <Predicate = (icmp_ln33)> <Delay = 0.00>
ST_1 : Operation 1944 [1/1] (0.00ns)   --->   "%p_0_2_0_0_0339_load = load i16 %p_0_2_0_0_0339"   --->   Operation 1944 'load' 'p_0_2_0_0_0339_load' <Predicate = (icmp_ln33)> <Delay = 0.00>
ST_1 : Operation 1945 [1/1] (0.00ns)   --->   "%p_0_5_0_0_0341_load = load i16 %p_0_5_0_0_0341"   --->   Operation 1945 'load' 'p_0_5_0_0_0341_load' <Predicate = (icmp_ln33)> <Delay = 0.00>
ST_1 : Operation 1946 [1/1] (0.00ns)   --->   "%p_0_6_0_0_0343_load = load i16 %p_0_6_0_0_0343"   --->   Operation 1946 'load' 'p_0_6_0_0_0343_load' <Predicate = (icmp_ln33)> <Delay = 0.00>
ST_1 : Operation 1947 [1/1] (0.00ns)   --->   "%p_0_1_0_0_0345_load = load i16 %p_0_1_0_0_0345"   --->   Operation 1947 'load' 'p_0_1_0_0_0345_load' <Predicate = (icmp_ln33)> <Delay = 0.00>
ST_1 : Operation 1948 [1/1] (0.00ns)   --->   "%p_0_2_0_0_0347_load = load i16 %p_0_2_0_0_0347"   --->   Operation 1948 'load' 'p_0_2_0_0_0347_load' <Predicate = (icmp_ln33)> <Delay = 0.00>
ST_1 : Operation 1949 [1/1] (0.00ns)   --->   "%p_0_5_0_0_0349_load = load i16 %p_0_5_0_0_0349"   --->   Operation 1949 'load' 'p_0_5_0_0_0349_load' <Predicate = (icmp_ln33)> <Delay = 0.00>
ST_1 : Operation 1950 [1/1] (0.00ns)   --->   "%p_0_6_0_0_0351_load = load i16 %p_0_6_0_0_0351"   --->   Operation 1950 'load' 'p_0_6_0_0_0351_load' <Predicate = (icmp_ln33)> <Delay = 0.00>
ST_1 : Operation 1951 [1/1] (0.00ns)   --->   "%p_0_1_0_0_0353_load = load i16 %p_0_1_0_0_0353"   --->   Operation 1951 'load' 'p_0_1_0_0_0353_load' <Predicate = (icmp_ln33)> <Delay = 0.00>
ST_1 : Operation 1952 [1/1] (0.00ns)   --->   "%p_0_2_0_0_0355_load = load i16 %p_0_2_0_0_0355"   --->   Operation 1952 'load' 'p_0_2_0_0_0355_load' <Predicate = (icmp_ln33)> <Delay = 0.00>
ST_1 : Operation 1953 [1/1] (0.00ns)   --->   "%p_0_5_0_0_0357_load = load i16 %p_0_5_0_0_0357"   --->   Operation 1953 'load' 'p_0_5_0_0_0357_load' <Predicate = (icmp_ln33)> <Delay = 0.00>
ST_1 : Operation 1954 [1/1] (0.00ns)   --->   "%p_0_6_0_0_0359_load = load i16 %p_0_6_0_0_0359"   --->   Operation 1954 'load' 'p_0_6_0_0_0359_load' <Predicate = (icmp_ln33)> <Delay = 0.00>
ST_1 : Operation 1955 [1/1] (0.00ns)   --->   "%p_0_1_0_0_0361_load = load i16 %p_0_1_0_0_0361"   --->   Operation 1955 'load' 'p_0_1_0_0_0361_load' <Predicate = (icmp_ln33)> <Delay = 0.00>
ST_1 : Operation 1956 [1/1] (0.00ns)   --->   "%p_0_2_0_0_0363_load = load i16 %p_0_2_0_0_0363"   --->   Operation 1956 'load' 'p_0_2_0_0_0363_load' <Predicate = (icmp_ln33)> <Delay = 0.00>
ST_1 : Operation 1957 [1/1] (0.00ns)   --->   "%p_0_3_0_0_0365_load = load i16 %p_0_3_0_0_0365"   --->   Operation 1957 'load' 'p_0_3_0_0_0365_load' <Predicate = (icmp_ln33)> <Delay = 0.00>
ST_1 : Operation 1958 [1/1] (0.00ns)   --->   "%p_0_5_0_0_0367_load = load i16 %p_0_5_0_0_0367"   --->   Operation 1958 'load' 'p_0_5_0_0_0367_load' <Predicate = (icmp_ln33)> <Delay = 0.00>
ST_1 : Operation 1959 [1/1] (0.00ns)   --->   "%p_0_6_0_0_0369_load = load i16 %p_0_6_0_0_0369"   --->   Operation 1959 'load' 'p_0_6_0_0_0369_load' <Predicate = (icmp_ln33)> <Delay = 0.00>
ST_1 : Operation 1960 [1/1] (0.00ns)   --->   "%p_0_1_0_0_0371_load = load i16 %p_0_1_0_0_0371"   --->   Operation 1960 'load' 'p_0_1_0_0_0371_load' <Predicate = (icmp_ln33)> <Delay = 0.00>
ST_1 : Operation 1961 [1/1] (0.00ns)   --->   "%p_0_2_0_0_0373_load = load i16 %p_0_2_0_0_0373"   --->   Operation 1961 'load' 'p_0_2_0_0_0373_load' <Predicate = (icmp_ln33)> <Delay = 0.00>
ST_1 : Operation 1962 [1/1] (0.00ns)   --->   "%p_0_5_0_0_0375_load = load i16 %p_0_5_0_0_0375"   --->   Operation 1962 'load' 'p_0_5_0_0_0375_load' <Predicate = (icmp_ln33)> <Delay = 0.00>
ST_1 : Operation 1963 [1/1] (0.00ns)   --->   "%p_0_6_0_0_0377_load = load i16 %p_0_6_0_0_0377"   --->   Operation 1963 'load' 'p_0_6_0_0_0377_load' <Predicate = (icmp_ln33)> <Delay = 0.00>
ST_1 : Operation 1964 [1/1] (0.00ns)   --->   "%p_0_1_0_0_0379_load = load i16 %p_0_1_0_0_0379"   --->   Operation 1964 'load' 'p_0_1_0_0_0379_load' <Predicate = (icmp_ln33)> <Delay = 0.00>
ST_1 : Operation 1965 [1/1] (0.00ns)   --->   "%p_0_2_0_0_0381_load = load i16 %p_0_2_0_0_0381"   --->   Operation 1965 'load' 'p_0_2_0_0_0381_load' <Predicate = (icmp_ln33)> <Delay = 0.00>
ST_1 : Operation 1966 [1/1] (0.00ns)   --->   "%p_0_5_0_0_0383_load = load i16 %p_0_5_0_0_0383"   --->   Operation 1966 'load' 'p_0_5_0_0_0383_load' <Predicate = (icmp_ln33)> <Delay = 0.00>
ST_1 : Operation 1967 [1/1] (0.00ns)   --->   "%p_0_6_0_0_0385_load = load i16 %p_0_6_0_0_0385"   --->   Operation 1967 'load' 'p_0_6_0_0_0385_load' <Predicate = (icmp_ln33)> <Delay = 0.00>
ST_1 : Operation 1968 [1/1] (0.00ns)   --->   "%p_0_1_0_0_0387_load = load i16 %p_0_1_0_0_0387"   --->   Operation 1968 'load' 'p_0_1_0_0_0387_load' <Predicate = (icmp_ln33)> <Delay = 0.00>
ST_1 : Operation 1969 [1/1] (0.00ns)   --->   "%p_0_2_0_0_0389_load = load i16 %p_0_2_0_0_0389"   --->   Operation 1969 'load' 'p_0_2_0_0_0389_load' <Predicate = (icmp_ln33)> <Delay = 0.00>
ST_1 : Operation 1970 [1/1] (0.00ns)   --->   "%p_0_5_0_0_0391_load = load i16 %p_0_5_0_0_0391"   --->   Operation 1970 'load' 'p_0_5_0_0_0391_load' <Predicate = (icmp_ln33)> <Delay = 0.00>
ST_1 : Operation 1971 [1/1] (0.00ns)   --->   "%p_0_6_0_0_0393_load = load i16 %p_0_6_0_0_0393"   --->   Operation 1971 'load' 'p_0_6_0_0_0393_load' <Predicate = (icmp_ln33)> <Delay = 0.00>
ST_1 : Operation 1972 [1/1] (0.00ns)   --->   "%p_0_1_0_0_0395_load = load i16 %p_0_1_0_0_0395"   --->   Operation 1972 'load' 'p_0_1_0_0_0395_load' <Predicate = (icmp_ln33)> <Delay = 0.00>
ST_1 : Operation 1973 [1/1] (0.00ns)   --->   "%p_0_2_0_0_0397_load = load i16 %p_0_2_0_0_0397"   --->   Operation 1973 'load' 'p_0_2_0_0_0397_load' <Predicate = (icmp_ln33)> <Delay = 0.00>
ST_1 : Operation 1974 [1/1] (0.00ns)   --->   "%p_0_5_0_0_0399_load = load i16 %p_0_5_0_0_0399"   --->   Operation 1974 'load' 'p_0_5_0_0_0399_load' <Predicate = (icmp_ln33)> <Delay = 0.00>
ST_1 : Operation 1975 [1/1] (0.00ns)   --->   "%p_0_6_0_0_0401_load = load i16 %p_0_6_0_0_0401"   --->   Operation 1975 'load' 'p_0_6_0_0_0401_load' <Predicate = (icmp_ln33)> <Delay = 0.00>
ST_1 : Operation 1976 [1/1] (0.00ns)   --->   "%p_0_1_0_0_0403_load = load i16 %p_0_1_0_0_0403"   --->   Operation 1976 'load' 'p_0_1_0_0_0403_load' <Predicate = (icmp_ln33)> <Delay = 0.00>
ST_1 : Operation 1977 [1/1] (0.00ns)   --->   "%p_0_2_0_0_0405_load = load i16 %p_0_2_0_0_0405"   --->   Operation 1977 'load' 'p_0_2_0_0_0405_load' <Predicate = (icmp_ln33)> <Delay = 0.00>
ST_1 : Operation 1978 [1/1] (0.00ns)   --->   "%p_0_5_0_0_0407_load = load i16 %p_0_5_0_0_0407"   --->   Operation 1978 'load' 'p_0_5_0_0_0407_load' <Predicate = (icmp_ln33)> <Delay = 0.00>
ST_1 : Operation 1979 [1/1] (0.00ns)   --->   "%p_0_6_0_0_0409_load = load i16 %p_0_6_0_0_0409"   --->   Operation 1979 'load' 'p_0_6_0_0_0409_load' <Predicate = (icmp_ln33)> <Delay = 0.00>
ST_1 : Operation 1980 [1/1] (0.00ns)   --->   "%p_0_1_0_0_0411_load = load i16 %p_0_1_0_0_0411"   --->   Operation 1980 'load' 'p_0_1_0_0_0411_load' <Predicate = (icmp_ln33)> <Delay = 0.00>
ST_1 : Operation 1981 [1/1] (0.00ns)   --->   "%p_0_2_0_0_0413_load = load i16 %p_0_2_0_0_0413"   --->   Operation 1981 'load' 'p_0_2_0_0_0413_load' <Predicate = (icmp_ln33)> <Delay = 0.00>
ST_1 : Operation 1982 [1/1] (0.00ns)   --->   "%p_0_4_0_0_0415_load = load i16 %p_0_4_0_0_0415"   --->   Operation 1982 'load' 'p_0_4_0_0_0415_load' <Predicate = (icmp_ln33)> <Delay = 0.00>
ST_1 : Operation 1983 [1/1] (0.00ns)   --->   "%p_0_5_0_0_0417_load = load i16 %p_0_5_0_0_0417"   --->   Operation 1983 'load' 'p_0_5_0_0_0417_load' <Predicate = (icmp_ln33)> <Delay = 0.00>
ST_1 : Operation 1984 [1/1] (0.00ns)   --->   "%p_0_6_0_0_0419_load = load i16 %p_0_6_0_0_0419"   --->   Operation 1984 'load' 'p_0_6_0_0_0419_load' <Predicate = (icmp_ln33)> <Delay = 0.00>
ST_1 : Operation 1985 [1/1] (0.00ns)   --->   "%p_0_1_0_0_0421_load = load i16 %p_0_1_0_0_0421"   --->   Operation 1985 'load' 'p_0_1_0_0_0421_load' <Predicate = (icmp_ln33)> <Delay = 0.00>
ST_1 : Operation 1986 [1/1] (0.00ns)   --->   "%p_0_2_0_0_0423_load = load i16 %p_0_2_0_0_0423"   --->   Operation 1986 'load' 'p_0_2_0_0_0423_load' <Predicate = (icmp_ln33)> <Delay = 0.00>
ST_1 : Operation 1987 [1/1] (0.00ns)   --->   "%p_0_5_0_0_0425_load = load i16 %p_0_5_0_0_0425"   --->   Operation 1987 'load' 'p_0_5_0_0_0425_load' <Predicate = (icmp_ln33)> <Delay = 0.00>
ST_1 : Operation 1988 [1/1] (0.00ns)   --->   "%p_0_6_0_0_0427_load = load i16 %p_0_6_0_0_0427"   --->   Operation 1988 'load' 'p_0_6_0_0_0427_load' <Predicate = (icmp_ln33)> <Delay = 0.00>
ST_1 : Operation 1989 [1/1] (0.00ns)   --->   "%p_0_1_0_0_0429_load = load i16 %p_0_1_0_0_0429"   --->   Operation 1989 'load' 'p_0_1_0_0_0429_load' <Predicate = (icmp_ln33)> <Delay = 0.00>
ST_1 : Operation 1990 [1/1] (0.00ns)   --->   "%p_0_2_0_0_0431_load = load i16 %p_0_2_0_0_0431"   --->   Operation 1990 'load' 'p_0_2_0_0_0431_load' <Predicate = (icmp_ln33)> <Delay = 0.00>
ST_1 : Operation 1991 [1/1] (0.00ns)   --->   "%p_0_5_0_0_0433_load = load i16 %p_0_5_0_0_0433"   --->   Operation 1991 'load' 'p_0_5_0_0_0433_load' <Predicate = (icmp_ln33)> <Delay = 0.00>
ST_1 : Operation 1992 [1/1] (0.00ns)   --->   "%p_0_6_0_0_0435_load = load i16 %p_0_6_0_0_0435"   --->   Operation 1992 'load' 'p_0_6_0_0_0435_load' <Predicate = (icmp_ln33)> <Delay = 0.00>
ST_1 : Operation 1993 [1/1] (0.00ns)   --->   "%p_0_1_0_0_0437_load = load i16 %p_0_1_0_0_0437"   --->   Operation 1993 'load' 'p_0_1_0_0_0437_load' <Predicate = (icmp_ln33)> <Delay = 0.00>
ST_1 : Operation 1994 [1/1] (0.00ns)   --->   "%p_0_2_0_0_0439_load = load i16 %p_0_2_0_0_0439"   --->   Operation 1994 'load' 'p_0_2_0_0_0439_load' <Predicate = (icmp_ln33)> <Delay = 0.00>
ST_1 : Operation 1995 [1/1] (0.00ns)   --->   "%p_0_5_0_0_0441_load = load i16 %p_0_5_0_0_0441"   --->   Operation 1995 'load' 'p_0_5_0_0_0441_load' <Predicate = (icmp_ln33)> <Delay = 0.00>
ST_1 : Operation 1996 [1/1] (0.00ns)   --->   "%p_0_6_0_0_0443_load = load i16 %p_0_6_0_0_0443"   --->   Operation 1996 'load' 'p_0_6_0_0_0443_load' <Predicate = (icmp_ln33)> <Delay = 0.00>
ST_1 : Operation 1997 [1/1] (0.00ns)   --->   "%p_0_1_0_0_0445_load = load i16 %p_0_1_0_0_0445"   --->   Operation 1997 'load' 'p_0_1_0_0_0445_load' <Predicate = (icmp_ln33)> <Delay = 0.00>
ST_1 : Operation 1998 [1/1] (0.00ns)   --->   "%p_0_2_0_0_0447_load = load i16 %p_0_2_0_0_0447"   --->   Operation 1998 'load' 'p_0_2_0_0_0447_load' <Predicate = (icmp_ln33)> <Delay = 0.00>
ST_1 : Operation 1999 [1/1] (0.00ns)   --->   "%p_0_5_0_0_0449_load = load i16 %p_0_5_0_0_0449"   --->   Operation 1999 'load' 'p_0_5_0_0_0449_load' <Predicate = (icmp_ln33)> <Delay = 0.00>
ST_1 : Operation 2000 [1/1] (0.00ns)   --->   "%p_0_6_0_0_0451_load = load i16 %p_0_6_0_0_0451"   --->   Operation 2000 'load' 'p_0_6_0_0_0451_load' <Predicate = (icmp_ln33)> <Delay = 0.00>
ST_1 : Operation 2001 [1/1] (0.00ns)   --->   "%p_0_1_0_0_0453_load = load i16 %p_0_1_0_0_0453"   --->   Operation 2001 'load' 'p_0_1_0_0_0453_load' <Predicate = (icmp_ln33)> <Delay = 0.00>
ST_1 : Operation 2002 [1/1] (0.00ns)   --->   "%p_0_2_0_0_0455_load = load i16 %p_0_2_0_0_0455"   --->   Operation 2002 'load' 'p_0_2_0_0_0455_load' <Predicate = (icmp_ln33)> <Delay = 0.00>
ST_1 : Operation 2003 [1/1] (0.00ns)   --->   "%p_0_5_0_0_0457_load = load i16 %p_0_5_0_0_0457"   --->   Operation 2003 'load' 'p_0_5_0_0_0457_load' <Predicate = (icmp_ln33)> <Delay = 0.00>
ST_1 : Operation 2004 [1/1] (0.00ns)   --->   "%p_0_6_0_0_0459_load = load i16 %p_0_6_0_0_0459"   --->   Operation 2004 'load' 'p_0_6_0_0_0459_load' <Predicate = (icmp_ln33)> <Delay = 0.00>
ST_1 : Operation 2005 [1/1] (0.00ns)   --->   "%p_0_1_0_0_0461_load = load i16 %p_0_1_0_0_0461"   --->   Operation 2005 'load' 'p_0_1_0_0_0461_load' <Predicate = (icmp_ln33)> <Delay = 0.00>
ST_1 : Operation 2006 [1/1] (0.00ns)   --->   "%p_0_2_0_0_0463_load = load i16 %p_0_2_0_0_0463"   --->   Operation 2006 'load' 'p_0_2_0_0_0463_load' <Predicate = (icmp_ln33)> <Delay = 0.00>
ST_1 : Operation 2007 [1/1] (0.00ns)   --->   "%p_0_5_0_0_0465_load = load i16 %p_0_5_0_0_0465"   --->   Operation 2007 'load' 'p_0_5_0_0_0465_load' <Predicate = (icmp_ln33)> <Delay = 0.00>
ST_1 : Operation 2008 [1/1] (0.00ns)   --->   "%p_0_6_0_0_0467_load = load i16 %p_0_6_0_0_0467"   --->   Operation 2008 'load' 'p_0_6_0_0_0467_load' <Predicate = (icmp_ln33)> <Delay = 0.00>
ST_1 : Operation 2009 [1/1] (0.00ns)   --->   "%p_0_1_0_0_0469_load = load i16 %p_0_1_0_0_0469"   --->   Operation 2009 'load' 'p_0_1_0_0_0469_load' <Predicate = (icmp_ln33)> <Delay = 0.00>
ST_1 : Operation 2010 [1/1] (0.00ns)   --->   "%p_0_2_0_0_0471_load = load i16 %p_0_2_0_0_0471"   --->   Operation 2010 'load' 'p_0_2_0_0_0471_load' <Predicate = (icmp_ln33)> <Delay = 0.00>
ST_1 : Operation 2011 [1/1] (0.00ns)   --->   "%p_0_5_0_0_0473_load = load i16 %p_0_5_0_0_0473"   --->   Operation 2011 'load' 'p_0_5_0_0_0473_load' <Predicate = (icmp_ln33)> <Delay = 0.00>
ST_1 : Operation 2012 [1/1] (0.00ns)   --->   "%p_0_6_0_0_0475_load = load i16 %p_0_6_0_0_0475"   --->   Operation 2012 'load' 'p_0_6_0_0_0475_load' <Predicate = (icmp_ln33)> <Delay = 0.00>
ST_1 : Operation 2013 [1/1] (0.00ns)   --->   "%p_0_1_0_0_0477_load = load i16 %p_0_1_0_0_0477"   --->   Operation 2013 'load' 'p_0_1_0_0_0477_load' <Predicate = (icmp_ln33)> <Delay = 0.00>
ST_1 : Operation 2014 [1/1] (0.00ns)   --->   "%p_0_2_0_0_0479_load = load i16 %p_0_2_0_0_0479"   --->   Operation 2014 'load' 'p_0_2_0_0_0479_load' <Predicate = (icmp_ln33)> <Delay = 0.00>
ST_1 : Operation 2015 [1/1] (0.00ns)   --->   "%p_0_5_0_0_0481_load = load i16 %p_0_5_0_0_0481"   --->   Operation 2015 'load' 'p_0_5_0_0_0481_load' <Predicate = (icmp_ln33)> <Delay = 0.00>
ST_1 : Operation 2016 [1/1] (0.00ns)   --->   "%p_0_6_0_0_0483_load = load i16 %p_0_6_0_0_0483"   --->   Operation 2016 'load' 'p_0_6_0_0_0483_load' <Predicate = (icmp_ln33)> <Delay = 0.00>
ST_1 : Operation 2017 [1/1] (0.00ns)   --->   "%p_0_1_0_0_0485_load = load i16 %p_0_1_0_0_0485"   --->   Operation 2017 'load' 'p_0_1_0_0_0485_load' <Predicate = (icmp_ln33)> <Delay = 0.00>
ST_1 : Operation 2018 [1/1] (0.00ns)   --->   "%p_0_2_0_0_0487_load = load i16 %p_0_2_0_0_0487"   --->   Operation 2018 'load' 'p_0_2_0_0_0487_load' <Predicate = (icmp_ln33)> <Delay = 0.00>
ST_1 : Operation 2019 [1/1] (0.00ns)   --->   "%p_0_3_0_0_0489_load = load i16 %p_0_3_0_0_0489"   --->   Operation 2019 'load' 'p_0_3_0_0_0489_load' <Predicate = (icmp_ln33)> <Delay = 0.00>
ST_1 : Operation 2020 [1/1] (0.00ns)   --->   "%p_0_5_0_0_0491_load = load i16 %p_0_5_0_0_0491"   --->   Operation 2020 'load' 'p_0_5_0_0_0491_load' <Predicate = (icmp_ln33)> <Delay = 0.00>
ST_1 : Operation 2021 [1/1] (0.00ns)   --->   "%p_0_6_0_0_0493_load = load i16 %p_0_6_0_0_0493"   --->   Operation 2021 'load' 'p_0_6_0_0_0493_load' <Predicate = (icmp_ln33)> <Delay = 0.00>
ST_1 : Operation 2022 [1/1] (0.00ns)   --->   "%p_0_1_0_0_0495_load = load i16 %p_0_1_0_0_0495"   --->   Operation 2022 'load' 'p_0_1_0_0_0495_load' <Predicate = (icmp_ln33)> <Delay = 0.00>
ST_1 : Operation 2023 [1/1] (0.00ns)   --->   "%p_0_2_0_0_0497_load = load i16 %p_0_2_0_0_0497"   --->   Operation 2023 'load' 'p_0_2_0_0_0497_load' <Predicate = (icmp_ln33)> <Delay = 0.00>
ST_1 : Operation 2024 [1/1] (0.00ns)   --->   "%p_0_5_0_0_0499_load = load i16 %p_0_5_0_0_0499"   --->   Operation 2024 'load' 'p_0_5_0_0_0499_load' <Predicate = (icmp_ln33)> <Delay = 0.00>
ST_1 : Operation 2025 [1/1] (0.00ns)   --->   "%p_0_6_0_0_0501_load = load i16 %p_0_6_0_0_0501"   --->   Operation 2025 'load' 'p_0_6_0_0_0501_load' <Predicate = (icmp_ln33)> <Delay = 0.00>
ST_1 : Operation 2026 [1/1] (0.00ns)   --->   "%p_0_1_0_0_0503_load = load i16 %p_0_1_0_0_0503"   --->   Operation 2026 'load' 'p_0_1_0_0_0503_load' <Predicate = (icmp_ln33)> <Delay = 0.00>
ST_1 : Operation 2027 [1/1] (0.00ns)   --->   "%p_0_2_0_0_0505_load = load i16 %p_0_2_0_0_0505"   --->   Operation 2027 'load' 'p_0_2_0_0_0505_load' <Predicate = (icmp_ln33)> <Delay = 0.00>
ST_1 : Operation 2028 [1/1] (0.00ns)   --->   "%p_0_5_0_0_0507_load = load i16 %p_0_5_0_0_0507"   --->   Operation 2028 'load' 'p_0_5_0_0_0507_load' <Predicate = (icmp_ln33)> <Delay = 0.00>
ST_1 : Operation 2029 [1/1] (0.00ns)   --->   "%p_0_6_0_0_0509_load = load i16 %p_0_6_0_0_0509"   --->   Operation 2029 'load' 'p_0_6_0_0_0509_load' <Predicate = (icmp_ln33)> <Delay = 0.00>
ST_1 : Operation 2030 [1/1] (0.00ns)   --->   "%p_0_1_0_0_0511_load = load i16 %p_0_1_0_0_0511"   --->   Operation 2030 'load' 'p_0_1_0_0_0511_load' <Predicate = (icmp_ln33)> <Delay = 0.00>
ST_1 : Operation 2031 [1/1] (0.00ns)   --->   "%p_0_2_0_0_0513_load = load i16 %p_0_2_0_0_0513"   --->   Operation 2031 'load' 'p_0_2_0_0_0513_load' <Predicate = (icmp_ln33)> <Delay = 0.00>
ST_1 : Operation 2032 [1/1] (0.00ns)   --->   "%p_0_5_0_0_0515_load = load i16 %p_0_5_0_0_0515"   --->   Operation 2032 'load' 'p_0_5_0_0_0515_load' <Predicate = (icmp_ln33)> <Delay = 0.00>
ST_1 : Operation 2033 [1/1] (0.00ns)   --->   "%p_0_6_0_0_0517_load = load i16 %p_0_6_0_0_0517"   --->   Operation 2033 'load' 'p_0_6_0_0_0517_load' <Predicate = (icmp_ln33)> <Delay = 0.00>
ST_1 : Operation 2034 [1/1] (0.00ns)   --->   "%p_0_0_0_0_0519_load = load i16 %p_0_0_0_0_0519"   --->   Operation 2034 'load' 'p_0_0_0_0_0519_load' <Predicate = (icmp_ln33)> <Delay = 0.00>
ST_1 : Operation 2035 [1/1] (0.00ns)   --->   "%p_0_1_0_0_0521_load = load i16 %p_0_1_0_0_0521"   --->   Operation 2035 'load' 'p_0_1_0_0_0521_load' <Predicate = (icmp_ln33)> <Delay = 0.00>
ST_1 : Operation 2036 [1/1] (0.00ns)   --->   "%p_0_2_0_0_0523_load = load i16 %p_0_2_0_0_0523"   --->   Operation 2036 'load' 'p_0_2_0_0_0523_load' <Predicate = (icmp_ln33)> <Delay = 0.00>
ST_1 : Operation 2037 [1/1] (0.00ns)   --->   "%p_0_5_0_0_0525_load = load i16 %p_0_5_0_0_0525"   --->   Operation 2037 'load' 'p_0_5_0_0_0525_load' <Predicate = (icmp_ln33)> <Delay = 0.00>
ST_1 : Operation 2038 [1/1] (0.00ns)   --->   "%p_0_6_0_0_0527_load = load i16 %p_0_6_0_0_0527"   --->   Operation 2038 'load' 'p_0_6_0_0_0527_load' <Predicate = (icmp_ln33)> <Delay = 0.00>
ST_1 : Operation 2039 [1/1] (0.00ns)   --->   "%p_0_1_0_0_0529_load = load i16 %p_0_1_0_0_0529"   --->   Operation 2039 'load' 'p_0_1_0_0_0529_load' <Predicate = (icmp_ln33)> <Delay = 0.00>
ST_1 : Operation 2040 [1/1] (0.00ns)   --->   "%p_0_2_0_0_0531_load = load i16 %p_0_2_0_0_0531"   --->   Operation 2040 'load' 'p_0_2_0_0_0531_load' <Predicate = (icmp_ln33)> <Delay = 0.00>
ST_1 : Operation 2041 [1/1] (0.00ns)   --->   "%p_0_5_0_0_0533_load = load i16 %p_0_5_0_0_0533"   --->   Operation 2041 'load' 'p_0_5_0_0_0533_load' <Predicate = (icmp_ln33)> <Delay = 0.00>
ST_1 : Operation 2042 [1/1] (0.00ns)   --->   "%p_0_6_0_0_0535_load = load i16 %p_0_6_0_0_0535"   --->   Operation 2042 'load' 'p_0_6_0_0_0535_load' <Predicate = (icmp_ln33)> <Delay = 0.00>
ST_1 : Operation 2043 [1/1] (0.00ns)   --->   "%p_0_1_0_0_0537_load = load i16 %p_0_1_0_0_0537"   --->   Operation 2043 'load' 'p_0_1_0_0_0537_load' <Predicate = (icmp_ln33)> <Delay = 0.00>
ST_1 : Operation 2044 [1/1] (0.00ns)   --->   "%p_0_2_0_0_0539_load = load i16 %p_0_2_0_0_0539"   --->   Operation 2044 'load' 'p_0_2_0_0_0539_load' <Predicate = (icmp_ln33)> <Delay = 0.00>
ST_1 : Operation 2045 [1/1] (0.00ns)   --->   "%p_0_5_0_0_0541_load = load i16 %p_0_5_0_0_0541"   --->   Operation 2045 'load' 'p_0_5_0_0_0541_load' <Predicate = (icmp_ln33)> <Delay = 0.00>
ST_1 : Operation 2046 [1/1] (0.00ns)   --->   "%p_0_6_0_0_0543_load = load i16 %p_0_6_0_0_0543"   --->   Operation 2046 'load' 'p_0_6_0_0_0543_load' <Predicate = (icmp_ln33)> <Delay = 0.00>
ST_1 : Operation 2047 [1/1] (0.00ns)   --->   "%p_0_0_0_0_0545_load = load i16 %p_0_0_0_0_0545"   --->   Operation 2047 'load' 'p_0_0_0_0_0545_load' <Predicate = (icmp_ln33)> <Delay = 0.00>
ST_1 : Operation 2048 [1/1] (0.00ns)   --->   "%p_0_1_0_0_0547_load = load i16 %p_0_1_0_0_0547"   --->   Operation 2048 'load' 'p_0_1_0_0_0547_load' <Predicate = (icmp_ln33)> <Delay = 0.00>
ST_1 : Operation 2049 [1/1] (0.00ns)   --->   "%p_0_2_0_0_0549_load = load i16 %p_0_2_0_0_0549"   --->   Operation 2049 'load' 'p_0_2_0_0_0549_load' <Predicate = (icmp_ln33)> <Delay = 0.00>
ST_1 : Operation 2050 [1/1] (0.00ns)   --->   "%p_0_5_0_0_0551_load = load i16 %p_0_5_0_0_0551"   --->   Operation 2050 'load' 'p_0_5_0_0_0551_load' <Predicate = (icmp_ln33)> <Delay = 0.00>
ST_1 : Operation 2051 [1/1] (0.00ns)   --->   "%p_0_6_0_0_0553_load = load i16 %p_0_6_0_0_0553"   --->   Operation 2051 'load' 'p_0_6_0_0_0553_load' <Predicate = (icmp_ln33)> <Delay = 0.00>
ST_1 : Operation 2052 [1/1] (0.00ns)   --->   "%p_0_1_0_0_0555_load = load i16 %p_0_1_0_0_0555"   --->   Operation 2052 'load' 'p_0_1_0_0_0555_load' <Predicate = (icmp_ln33)> <Delay = 0.00>
ST_1 : Operation 2053 [1/1] (0.00ns)   --->   "%p_0_2_0_0_0557_load = load i16 %p_0_2_0_0_0557"   --->   Operation 2053 'load' 'p_0_2_0_0_0557_load' <Predicate = (icmp_ln33)> <Delay = 0.00>
ST_1 : Operation 2054 [1/1] (0.00ns)   --->   "%p_0_5_0_0_0559_load = load i16 %p_0_5_0_0_0559"   --->   Operation 2054 'load' 'p_0_5_0_0_0559_load' <Predicate = (icmp_ln33)> <Delay = 0.00>
ST_1 : Operation 2055 [1/1] (0.00ns)   --->   "%p_0_6_0_0_0561_load = load i16 %p_0_6_0_0_0561"   --->   Operation 2055 'load' 'p_0_6_0_0_0561_load' <Predicate = (icmp_ln33)> <Delay = 0.00>
ST_1 : Operation 2056 [1/1] (0.00ns)   --->   "%p_0_1_0_0_0563_load = load i16 %p_0_1_0_0_0563"   --->   Operation 2056 'load' 'p_0_1_0_0_0563_load' <Predicate = (icmp_ln33)> <Delay = 0.00>
ST_1 : Operation 2057 [1/1] (0.00ns)   --->   "%p_0_2_0_0_0565_load = load i16 %p_0_2_0_0_0565"   --->   Operation 2057 'load' 'p_0_2_0_0_0565_load' <Predicate = (icmp_ln33)> <Delay = 0.00>
ST_1 : Operation 2058 [1/1] (0.00ns)   --->   "%p_0_3_0_0_0567_load = load i16 %p_0_3_0_0_0567"   --->   Operation 2058 'load' 'p_0_3_0_0_0567_load' <Predicate = (icmp_ln33)> <Delay = 0.00>
ST_1 : Operation 2059 [1/1] (0.00ns)   --->   "%p_0_5_0_0_0569_load = load i16 %p_0_5_0_0_0569"   --->   Operation 2059 'load' 'p_0_5_0_0_0569_load' <Predicate = (icmp_ln33)> <Delay = 0.00>
ST_1 : Operation 2060 [1/1] (0.00ns)   --->   "%p_0_6_0_0_0571_load = load i16 %p_0_6_0_0_0571"   --->   Operation 2060 'load' 'p_0_6_0_0_0571_load' <Predicate = (icmp_ln33)> <Delay = 0.00>
ST_1 : Operation 2061 [1/1] (0.00ns)   --->   "%p_0_1_0_0_0573_load = load i16 %p_0_1_0_0_0573"   --->   Operation 2061 'load' 'p_0_1_0_0_0573_load' <Predicate = (icmp_ln33)> <Delay = 0.00>
ST_1 : Operation 2062 [1/1] (0.00ns)   --->   "%p_0_2_0_0_0575_load = load i16 %p_0_2_0_0_0575"   --->   Operation 2062 'load' 'p_0_2_0_0_0575_load' <Predicate = (icmp_ln33)> <Delay = 0.00>
ST_1 : Operation 2063 [1/1] (0.00ns)   --->   "%p_0_5_0_0_0577_load = load i16 %p_0_5_0_0_0577"   --->   Operation 2063 'load' 'p_0_5_0_0_0577_load' <Predicate = (icmp_ln33)> <Delay = 0.00>
ST_1 : Operation 2064 [1/1] (0.00ns)   --->   "%p_0_6_0_0_0579_load = load i16 %p_0_6_0_0_0579"   --->   Operation 2064 'load' 'p_0_6_0_0_0579_load' <Predicate = (icmp_ln33)> <Delay = 0.00>
ST_1 : Operation 2065 [1/1] (0.00ns)   --->   "%p_0_0_0_0_0581_load = load i16 %p_0_0_0_0_0581"   --->   Operation 2065 'load' 'p_0_0_0_0_0581_load' <Predicate = (icmp_ln33)> <Delay = 0.00>
ST_1 : Operation 2066 [1/1] (0.00ns)   --->   "%p_0_1_0_0_0583_load = load i16 %p_0_1_0_0_0583"   --->   Operation 2066 'load' 'p_0_1_0_0_0583_load' <Predicate = (icmp_ln33)> <Delay = 0.00>
ST_1 : Operation 2067 [1/1] (0.00ns)   --->   "%p_0_2_0_0_0585_load = load i16 %p_0_2_0_0_0585"   --->   Operation 2067 'load' 'p_0_2_0_0_0585_load' <Predicate = (icmp_ln33)> <Delay = 0.00>
ST_1 : Operation 2068 [1/1] (0.00ns)   --->   "%p_0_5_0_0_0587_load = load i16 %p_0_5_0_0_0587"   --->   Operation 2068 'load' 'p_0_5_0_0_0587_load' <Predicate = (icmp_ln33)> <Delay = 0.00>
ST_1 : Operation 2069 [1/1] (0.00ns)   --->   "%p_0_6_0_0_0589_load = load i16 %p_0_6_0_0_0589"   --->   Operation 2069 'load' 'p_0_6_0_0_0589_load' <Predicate = (icmp_ln33)> <Delay = 0.00>
ST_1 : Operation 2070 [1/1] (0.00ns)   --->   "%p_0_1_0_0_0591_load = load i16 %p_0_1_0_0_0591"   --->   Operation 2070 'load' 'p_0_1_0_0_0591_load' <Predicate = (icmp_ln33)> <Delay = 0.00>
ST_1 : Operation 2071 [1/1] (0.00ns)   --->   "%p_0_2_0_0_0593_load = load i16 %p_0_2_0_0_0593"   --->   Operation 2071 'load' 'p_0_2_0_0_0593_load' <Predicate = (icmp_ln33)> <Delay = 0.00>
ST_1 : Operation 2072 [1/1] (0.00ns)   --->   "%p_0_3_0_0_0595_load = load i16 %p_0_3_0_0_0595"   --->   Operation 2072 'load' 'p_0_3_0_0_0595_load' <Predicate = (icmp_ln33)> <Delay = 0.00>
ST_1 : Operation 2073 [1/1] (0.00ns)   --->   "%p_0_5_0_0_0597_load = load i16 %p_0_5_0_0_0597"   --->   Operation 2073 'load' 'p_0_5_0_0_0597_load' <Predicate = (icmp_ln33)> <Delay = 0.00>
ST_1 : Operation 2074 [1/1] (0.00ns)   --->   "%p_0_6_0_0_0599_load = load i16 %p_0_6_0_0_0599"   --->   Operation 2074 'load' 'p_0_6_0_0_0599_load' <Predicate = (icmp_ln33)> <Delay = 0.00>
ST_1 : Operation 2075 [1/1] (0.00ns)   --->   "%p_0_0_0_0_0601_load = load i16 %p_0_0_0_0_0601"   --->   Operation 2075 'load' 'p_0_0_0_0_0601_load' <Predicate = (icmp_ln33)> <Delay = 0.00>
ST_1 : Operation 2076 [1/1] (0.00ns)   --->   "%p_0_1_0_0_0603_load = load i16 %p_0_1_0_0_0603"   --->   Operation 2076 'load' 'p_0_1_0_0_0603_load' <Predicate = (icmp_ln33)> <Delay = 0.00>
ST_1 : Operation 2077 [1/1] (0.00ns)   --->   "%p_0_2_0_0_0605_load = load i16 %p_0_2_0_0_0605"   --->   Operation 2077 'load' 'p_0_2_0_0_0605_load' <Predicate = (icmp_ln33)> <Delay = 0.00>
ST_1 : Operation 2078 [1/1] (0.00ns)   --->   "%p_0_5_0_0_0607_load = load i16 %p_0_5_0_0_0607"   --->   Operation 2078 'load' 'p_0_5_0_0_0607_load' <Predicate = (icmp_ln33)> <Delay = 0.00>
ST_1 : Operation 2079 [1/1] (0.00ns)   --->   "%p_0_6_0_0_0609_load = load i16 %p_0_6_0_0_0609"   --->   Operation 2079 'load' 'p_0_6_0_0_0609_load' <Predicate = (icmp_ln33)> <Delay = 0.00>
ST_1 : Operation 2080 [1/1] (0.00ns)   --->   "%p_0_1_0_0_0611_load = load i16 %p_0_1_0_0_0611"   --->   Operation 2080 'load' 'p_0_1_0_0_0611_load' <Predicate = (icmp_ln33)> <Delay = 0.00>
ST_1 : Operation 2081 [1/1] (0.00ns)   --->   "%p_0_2_0_0_0613_load = load i16 %p_0_2_0_0_0613"   --->   Operation 2081 'load' 'p_0_2_0_0_0613_load' <Predicate = (icmp_ln33)> <Delay = 0.00>
ST_1 : Operation 2082 [1/1] (0.00ns)   --->   "%p_0_5_0_0_0615_load = load i16 %p_0_5_0_0_0615"   --->   Operation 2082 'load' 'p_0_5_0_0_0615_load' <Predicate = (icmp_ln33)> <Delay = 0.00>
ST_1 : Operation 2083 [1/1] (0.00ns)   --->   "%p_0_6_0_0_0617_load = load i16 %p_0_6_0_0_0617"   --->   Operation 2083 'load' 'p_0_6_0_0_0617_load' <Predicate = (icmp_ln33)> <Delay = 0.00>
ST_1 : Operation 2084 [1/1] (0.00ns)   --->   "%p_0_1_0_0_0619_load = load i16 %p_0_1_0_0_0619"   --->   Operation 2084 'load' 'p_0_1_0_0_0619_load' <Predicate = (icmp_ln33)> <Delay = 0.00>
ST_1 : Operation 2085 [1/1] (0.00ns)   --->   "%p_0_2_0_0_0621_load = load i16 %p_0_2_0_0_0621"   --->   Operation 2085 'load' 'p_0_2_0_0_0621_load' <Predicate = (icmp_ln33)> <Delay = 0.00>
ST_1 : Operation 2086 [1/1] (0.00ns)   --->   "%p_0_5_0_0_0623_load = load i16 %p_0_5_0_0_0623"   --->   Operation 2086 'load' 'p_0_5_0_0_0623_load' <Predicate = (icmp_ln33)> <Delay = 0.00>
ST_1 : Operation 2087 [1/1] (0.00ns)   --->   "%p_0_6_0_0_0625_load = load i16 %p_0_6_0_0_0625"   --->   Operation 2087 'load' 'p_0_6_0_0_0625_load' <Predicate = (icmp_ln33)> <Delay = 0.00>
ST_1 : Operation 2088 [1/1] (0.00ns)   --->   "%p_0_1_0_0_0627_load = load i16 %p_0_1_0_0_0627"   --->   Operation 2088 'load' 'p_0_1_0_0_0627_load' <Predicate = (icmp_ln33)> <Delay = 0.00>
ST_1 : Operation 2089 [1/1] (0.00ns)   --->   "%p_0_2_0_0_0629_load = load i16 %p_0_2_0_0_0629"   --->   Operation 2089 'load' 'p_0_2_0_0_0629_load' <Predicate = (icmp_ln33)> <Delay = 0.00>
ST_1 : Operation 2090 [1/1] (0.00ns)   --->   "%p_0_5_0_0_0631_load = load i16 %p_0_5_0_0_0631"   --->   Operation 2090 'load' 'p_0_5_0_0_0631_load' <Predicate = (icmp_ln33)> <Delay = 0.00>
ST_1 : Operation 2091 [1/1] (0.00ns)   --->   "%p_0_6_0_0_0633_load = load i16 %p_0_6_0_0_0633"   --->   Operation 2091 'load' 'p_0_6_0_0_0633_load' <Predicate = (icmp_ln33)> <Delay = 0.00>
ST_1 : Operation 2092 [1/1] (0.00ns)   --->   "%p_0_1_0_0_0635_load = load i16 %p_0_1_0_0_0635"   --->   Operation 2092 'load' 'p_0_1_0_0_0635_load' <Predicate = (icmp_ln33)> <Delay = 0.00>
ST_1 : Operation 2093 [1/1] (0.00ns)   --->   "%p_0_2_0_0_0637_load = load i16 %p_0_2_0_0_0637"   --->   Operation 2093 'load' 'p_0_2_0_0_0637_load' <Predicate = (icmp_ln33)> <Delay = 0.00>
ST_1 : Operation 2094 [1/1] (0.00ns)   --->   "%p_0_5_0_0_0639_load = load i16 %p_0_5_0_0_0639"   --->   Operation 2094 'load' 'p_0_5_0_0_0639_load' <Predicate = (icmp_ln33)> <Delay = 0.00>
ST_1 : Operation 2095 [1/1] (0.00ns)   --->   "%p_0_6_0_0_0641_load = load i16 %p_0_6_0_0_0641"   --->   Operation 2095 'load' 'p_0_6_0_0_0641_load' <Predicate = (icmp_ln33)> <Delay = 0.00>
ST_1 : Operation 2096 [1/1] (0.00ns)   --->   "%p_0_1_0_0_0643_load = load i16 %p_0_1_0_0_0643"   --->   Operation 2096 'load' 'p_0_1_0_0_0643_load' <Predicate = (icmp_ln33)> <Delay = 0.00>
ST_1 : Operation 2097 [1/1] (0.00ns)   --->   "%p_0_2_0_0_0645_load = load i16 %p_0_2_0_0_0645"   --->   Operation 2097 'load' 'p_0_2_0_0_0645_load' <Predicate = (icmp_ln33)> <Delay = 0.00>
ST_1 : Operation 2098 [1/1] (0.00ns)   --->   "%p_0_5_0_0_0647_load = load i16 %p_0_5_0_0_0647"   --->   Operation 2098 'load' 'p_0_5_0_0_0647_load' <Predicate = (icmp_ln33)> <Delay = 0.00>
ST_1 : Operation 2099 [1/1] (0.00ns)   --->   "%p_0_6_0_0_0649_load = load i16 %p_0_6_0_0_0649"   --->   Operation 2099 'load' 'p_0_6_0_0_0649_load' <Predicate = (icmp_ln33)> <Delay = 0.00>
ST_1 : Operation 2100 [1/1] (0.00ns)   --->   "%p_0_1_0_0_0651_load = load i16 %p_0_1_0_0_0651"   --->   Operation 2100 'load' 'p_0_1_0_0_0651_load' <Predicate = (icmp_ln33)> <Delay = 0.00>
ST_1 : Operation 2101 [1/1] (0.00ns)   --->   "%p_0_2_0_0_0653_load = load i16 %p_0_2_0_0_0653"   --->   Operation 2101 'load' 'p_0_2_0_0_0653_load' <Predicate = (icmp_ln33)> <Delay = 0.00>
ST_1 : Operation 2102 [1/1] (0.00ns)   --->   "%p_0_5_0_0_0655_load = load i16 %p_0_5_0_0_0655"   --->   Operation 2102 'load' 'p_0_5_0_0_0655_load' <Predicate = (icmp_ln33)> <Delay = 0.00>
ST_1 : Operation 2103 [1/1] (0.00ns)   --->   "%p_0_6_0_0_0657_load = load i16 %p_0_6_0_0_0657"   --->   Operation 2103 'load' 'p_0_6_0_0_0657_load' <Predicate = (icmp_ln33)> <Delay = 0.00>
ST_1 : Operation 2104 [1/1] (0.00ns)   --->   "%p_0_1_0_0_0659_load = load i16 %p_0_1_0_0_0659"   --->   Operation 2104 'load' 'p_0_1_0_0_0659_load' <Predicate = (icmp_ln33)> <Delay = 0.00>
ST_1 : Operation 2105 [1/1] (0.00ns)   --->   "%p_0_2_0_0_0661_load = load i16 %p_0_2_0_0_0661"   --->   Operation 2105 'load' 'p_0_2_0_0_0661_load' <Predicate = (icmp_ln33)> <Delay = 0.00>
ST_1 : Operation 2106 [1/1] (0.00ns)   --->   "%p_0_5_0_0_0663_load = load i16 %p_0_5_0_0_0663"   --->   Operation 2106 'load' 'p_0_5_0_0_0663_load' <Predicate = (icmp_ln33)> <Delay = 0.00>
ST_1 : Operation 2107 [1/1] (0.00ns)   --->   "%p_0_6_0_0_0665_load = load i16 %p_0_6_0_0_0665"   --->   Operation 2107 'load' 'p_0_6_0_0_0665_load' <Predicate = (icmp_ln33)> <Delay = 0.00>
ST_1 : Operation 2108 [1/1] (0.00ns)   --->   "%p_0_1_0_0_0667_load = load i16 %p_0_1_0_0_0667"   --->   Operation 2108 'load' 'p_0_1_0_0_0667_load' <Predicate = (icmp_ln33)> <Delay = 0.00>
ST_1 : Operation 2109 [1/1] (0.00ns)   --->   "%p_0_2_0_0_0669_load = load i16 %p_0_2_0_0_0669"   --->   Operation 2109 'load' 'p_0_2_0_0_0669_load' <Predicate = (icmp_ln33)> <Delay = 0.00>
ST_1 : Operation 2110 [1/1] (0.00ns)   --->   "%p_0_3_0_0_0671_load = load i16 %p_0_3_0_0_0671"   --->   Operation 2110 'load' 'p_0_3_0_0_0671_load' <Predicate = (icmp_ln33)> <Delay = 0.00>
ST_1 : Operation 2111 [1/1] (0.00ns)   --->   "%p_0_5_0_0_0673_load = load i16 %p_0_5_0_0_0673"   --->   Operation 2111 'load' 'p_0_5_0_0_0673_load' <Predicate = (icmp_ln33)> <Delay = 0.00>
ST_1 : Operation 2112 [1/1] (0.00ns)   --->   "%p_0_6_0_0_0675_load = load i16 %p_0_6_0_0_0675"   --->   Operation 2112 'load' 'p_0_6_0_0_0675_load' <Predicate = (icmp_ln33)> <Delay = 0.00>
ST_1 : Operation 2113 [1/1] (0.00ns)   --->   "%p_0_1_0_0_0677_load = load i16 %p_0_1_0_0_0677"   --->   Operation 2113 'load' 'p_0_1_0_0_0677_load' <Predicate = (icmp_ln33)> <Delay = 0.00>
ST_1 : Operation 2114 [1/1] (0.00ns)   --->   "%p_0_2_0_0_0679_load = load i16 %p_0_2_0_0_0679"   --->   Operation 2114 'load' 'p_0_2_0_0_0679_load' <Predicate = (icmp_ln33)> <Delay = 0.00>
ST_1 : Operation 2115 [1/1] (0.00ns)   --->   "%p_0_4_0_0_0681_load = load i16 %p_0_4_0_0_0681"   --->   Operation 2115 'load' 'p_0_4_0_0_0681_load' <Predicate = (icmp_ln33)> <Delay = 0.00>
ST_1 : Operation 2116 [1/1] (0.00ns)   --->   "%p_0_5_0_0_0683_load = load i16 %p_0_5_0_0_0683"   --->   Operation 2116 'load' 'p_0_5_0_0_0683_load' <Predicate = (icmp_ln33)> <Delay = 0.00>
ST_1 : Operation 2117 [1/1] (0.00ns)   --->   "%p_0_6_0_0_0685_load = load i16 %p_0_6_0_0_0685"   --->   Operation 2117 'load' 'p_0_6_0_0_0685_load' <Predicate = (icmp_ln33)> <Delay = 0.00>
ST_1 : Operation 2118 [1/1] (0.00ns)   --->   "%p_0_0_0_0_0687_load = load i16 %p_0_0_0_0_0687"   --->   Operation 2118 'load' 'p_0_0_0_0_0687_load' <Predicate = (icmp_ln33)> <Delay = 0.00>
ST_1 : Operation 2119 [1/1] (0.00ns)   --->   "%p_0_1_0_0_0689_load = load i16 %p_0_1_0_0_0689"   --->   Operation 2119 'load' 'p_0_1_0_0_0689_load' <Predicate = (icmp_ln33)> <Delay = 0.00>
ST_1 : Operation 2120 [1/1] (0.00ns)   --->   "%p_0_2_0_0_0691_load = load i16 %p_0_2_0_0_0691"   --->   Operation 2120 'load' 'p_0_2_0_0_0691_load' <Predicate = (icmp_ln33)> <Delay = 0.00>
ST_1 : Operation 2121 [1/1] (0.00ns)   --->   "%p_0_5_0_0_0693_load = load i16 %p_0_5_0_0_0693"   --->   Operation 2121 'load' 'p_0_5_0_0_0693_load' <Predicate = (icmp_ln33)> <Delay = 0.00>
ST_1 : Operation 2122 [1/1] (0.00ns)   --->   "%p_0_6_0_0_0695_load = load i16 %p_0_6_0_0_0695"   --->   Operation 2122 'load' 'p_0_6_0_0_0695_load' <Predicate = (icmp_ln33)> <Delay = 0.00>
ST_1 : Operation 2123 [1/1] (0.00ns)   --->   "%p_0_0_0_0_0697_load = load i16 %p_0_0_0_0_0697"   --->   Operation 2123 'load' 'p_0_0_0_0_0697_load' <Predicate = (icmp_ln33)> <Delay = 0.00>
ST_1 : Operation 2124 [1/1] (0.00ns)   --->   "%p_0_1_0_0_0699_load = load i16 %p_0_1_0_0_0699"   --->   Operation 2124 'load' 'p_0_1_0_0_0699_load' <Predicate = (icmp_ln33)> <Delay = 0.00>
ST_1 : Operation 2125 [1/1] (0.00ns)   --->   "%p_0_2_0_0_0701_load = load i16 %p_0_2_0_0_0701"   --->   Operation 2125 'load' 'p_0_2_0_0_0701_load' <Predicate = (icmp_ln33)> <Delay = 0.00>
ST_1 : Operation 2126 [1/1] (0.00ns)   --->   "%p_0_5_0_0_0703_load = load i16 %p_0_5_0_0_0703"   --->   Operation 2126 'load' 'p_0_5_0_0_0703_load' <Predicate = (icmp_ln33)> <Delay = 0.00>
ST_1 : Operation 2127 [1/1] (0.00ns)   --->   "%p_0_6_0_0_0705_load = load i16 %p_0_6_0_0_0705"   --->   Operation 2127 'load' 'p_0_6_0_0_0705_load' <Predicate = (icmp_ln33)> <Delay = 0.00>
ST_1 : Operation 2128 [1/1] (0.00ns)   --->   "%p_0_1_0_0_0707_load = load i16 %p_0_1_0_0_0707"   --->   Operation 2128 'load' 'p_0_1_0_0_0707_load' <Predicate = (icmp_ln33)> <Delay = 0.00>
ST_1 : Operation 2129 [1/1] (0.00ns)   --->   "%p_0_2_0_0_0709_load = load i16 %p_0_2_0_0_0709"   --->   Operation 2129 'load' 'p_0_2_0_0_0709_load' <Predicate = (icmp_ln33)> <Delay = 0.00>
ST_1 : Operation 2130 [1/1] (0.00ns)   --->   "%p_0_5_0_0_0711_load = load i16 %p_0_5_0_0_0711"   --->   Operation 2130 'load' 'p_0_5_0_0_0711_load' <Predicate = (icmp_ln33)> <Delay = 0.00>
ST_1 : Operation 2131 [1/1] (0.00ns)   --->   "%p_0_6_0_0_0713_load = load i16 %p_0_6_0_0_0713"   --->   Operation 2131 'load' 'p_0_6_0_0_0713_load' <Predicate = (icmp_ln33)> <Delay = 0.00>
ST_1 : Operation 2132 [1/1] (0.00ns)   --->   "%p_0_1_0_0_0715_load = load i16 %p_0_1_0_0_0715"   --->   Operation 2132 'load' 'p_0_1_0_0_0715_load' <Predicate = (icmp_ln33)> <Delay = 0.00>
ST_1 : Operation 2133 [1/1] (0.00ns)   --->   "%p_0_2_0_0_0717_load = load i16 %p_0_2_0_0_0717"   --->   Operation 2133 'load' 'p_0_2_0_0_0717_load' <Predicate = (icmp_ln33)> <Delay = 0.00>
ST_1 : Operation 2134 [1/1] (0.00ns)   --->   "%p_0_3_0_0_0719_load = load i16 %p_0_3_0_0_0719"   --->   Operation 2134 'load' 'p_0_3_0_0_0719_load' <Predicate = (icmp_ln33)> <Delay = 0.00>
ST_1 : Operation 2135 [1/1] (0.00ns)   --->   "%p_0_4_0_0_0721_load = load i16 %p_0_4_0_0_0721"   --->   Operation 2135 'load' 'p_0_4_0_0_0721_load' <Predicate = (icmp_ln33)> <Delay = 0.00>
ST_1 : Operation 2136 [1/1] (0.00ns)   --->   "%p_0_5_0_0_0723_load = load i16 %p_0_5_0_0_0723"   --->   Operation 2136 'load' 'p_0_5_0_0_0723_load' <Predicate = (icmp_ln33)> <Delay = 0.00>
ST_1 : Operation 2137 [1/1] (0.00ns)   --->   "%p_0_6_0_0_0725_load = load i16 %p_0_6_0_0_0725"   --->   Operation 2137 'load' 'p_0_6_0_0_0725_load' <Predicate = (icmp_ln33)> <Delay = 0.00>
ST_1 : Operation 2138 [1/1] (0.00ns)   --->   "%p_0_1_0_0_0727_load = load i16 %p_0_1_0_0_0727"   --->   Operation 2138 'load' 'p_0_1_0_0_0727_load' <Predicate = (icmp_ln33)> <Delay = 0.00>
ST_1 : Operation 2139 [1/1] (0.00ns)   --->   "%p_0_2_0_0_0729_load = load i16 %p_0_2_0_0_0729"   --->   Operation 2139 'load' 'p_0_2_0_0_0729_load' <Predicate = (icmp_ln33)> <Delay = 0.00>
ST_1 : Operation 2140 [1/1] (0.00ns)   --->   "%p_0_5_0_0_0731_load = load i16 %p_0_5_0_0_0731"   --->   Operation 2140 'load' 'p_0_5_0_0_0731_load' <Predicate = (icmp_ln33)> <Delay = 0.00>
ST_1 : Operation 2141 [1/1] (0.00ns)   --->   "%p_0_6_0_0_0733_load = load i16 %p_0_6_0_0_0733"   --->   Operation 2141 'load' 'p_0_6_0_0_0733_load' <Predicate = (icmp_ln33)> <Delay = 0.00>
ST_1 : Operation 2142 [1/1] (0.00ns)   --->   "%p_0_1_0_0_0735_load = load i16 %p_0_1_0_0_0735"   --->   Operation 2142 'load' 'p_0_1_0_0_0735_load' <Predicate = (icmp_ln33)> <Delay = 0.00>
ST_1 : Operation 2143 [1/1] (0.00ns)   --->   "%p_0_2_0_0_0737_load = load i16 %p_0_2_0_0_0737"   --->   Operation 2143 'load' 'p_0_2_0_0_0737_load' <Predicate = (icmp_ln33)> <Delay = 0.00>
ST_1 : Operation 2144 [1/1] (0.00ns)   --->   "%p_0_5_0_0_0739_load = load i16 %p_0_5_0_0_0739"   --->   Operation 2144 'load' 'p_0_5_0_0_0739_load' <Predicate = (icmp_ln33)> <Delay = 0.00>
ST_1 : Operation 2145 [1/1] (0.00ns)   --->   "%p_0_6_0_0_0741_load = load i16 %p_0_6_0_0_0741"   --->   Operation 2145 'load' 'p_0_6_0_0_0741_load' <Predicate = (icmp_ln33)> <Delay = 0.00>
ST_1 : Operation 2146 [1/1] (0.00ns)   --->   "%p_0_1_0_0_0743_load = load i16 %p_0_1_0_0_0743"   --->   Operation 2146 'load' 'p_0_1_0_0_0743_load' <Predicate = (icmp_ln33)> <Delay = 0.00>
ST_1 : Operation 2147 [1/1] (0.00ns)   --->   "%p_0_2_0_0_0745_load = load i16 %p_0_2_0_0_0745"   --->   Operation 2147 'load' 'p_0_2_0_0_0745_load' <Predicate = (icmp_ln33)> <Delay = 0.00>
ST_1 : Operation 2148 [1/1] (0.00ns)   --->   "%p_0_5_0_0_0747_load = load i16 %p_0_5_0_0_0747"   --->   Operation 2148 'load' 'p_0_5_0_0_0747_load' <Predicate = (icmp_ln33)> <Delay = 0.00>
ST_1 : Operation 2149 [1/1] (0.00ns)   --->   "%p_0_6_0_0_0749_load = load i16 %p_0_6_0_0_0749"   --->   Operation 2149 'load' 'p_0_6_0_0_0749_load' <Predicate = (icmp_ln33)> <Delay = 0.00>
ST_1 : Operation 2150 [1/1] (0.00ns)   --->   "%p_0_0_0_0_0751_load = load i16 %p_0_0_0_0_0751"   --->   Operation 2150 'load' 'p_0_0_0_0_0751_load' <Predicate = (icmp_ln33)> <Delay = 0.00>
ST_1 : Operation 2151 [1/1] (0.00ns)   --->   "%p_0_1_0_0_0753_load = load i16 %p_0_1_0_0_0753"   --->   Operation 2151 'load' 'p_0_1_0_0_0753_load' <Predicate = (icmp_ln33)> <Delay = 0.00>
ST_1 : Operation 2152 [1/1] (0.00ns)   --->   "%p_0_2_0_0_0755_load = load i16 %p_0_2_0_0_0755"   --->   Operation 2152 'load' 'p_0_2_0_0_0755_load' <Predicate = (icmp_ln33)> <Delay = 0.00>
ST_1 : Operation 2153 [1/1] (0.00ns)   --->   "%p_0_5_0_0_0757_load = load i16 %p_0_5_0_0_0757"   --->   Operation 2153 'load' 'p_0_5_0_0_0757_load' <Predicate = (icmp_ln33)> <Delay = 0.00>
ST_1 : Operation 2154 [1/1] (0.00ns)   --->   "%p_0_6_0_0_0759_load = load i16 %p_0_6_0_0_0759"   --->   Operation 2154 'load' 'p_0_6_0_0_0759_load' <Predicate = (icmp_ln33)> <Delay = 0.00>
ST_1 : Operation 2155 [1/1] (0.00ns)   --->   "%p_0_0_0_0_0761_load = load i16 %p_0_0_0_0_0761"   --->   Operation 2155 'load' 'p_0_0_0_0_0761_load' <Predicate = (icmp_ln33)> <Delay = 0.00>
ST_1 : Operation 2156 [1/1] (0.00ns)   --->   "%p_0_1_0_0_0763_load = load i16 %p_0_1_0_0_0763"   --->   Operation 2156 'load' 'p_0_1_0_0_0763_load' <Predicate = (icmp_ln33)> <Delay = 0.00>
ST_1 : Operation 2157 [1/1] (0.00ns)   --->   "%p_0_2_0_0_0765_load = load i16 %p_0_2_0_0_0765"   --->   Operation 2157 'load' 'p_0_2_0_0_0765_load' <Predicate = (icmp_ln33)> <Delay = 0.00>
ST_1 : Operation 2158 [1/1] (0.00ns)   --->   "%p_0_4_0_0_0767_load = load i16 %p_0_4_0_0_0767"   --->   Operation 2158 'load' 'p_0_4_0_0_0767_load' <Predicate = (icmp_ln33)> <Delay = 0.00>
ST_1 : Operation 2159 [1/1] (0.00ns)   --->   "%p_0_5_0_0_0769_load = load i16 %p_0_5_0_0_0769"   --->   Operation 2159 'load' 'p_0_5_0_0_0769_load' <Predicate = (icmp_ln33)> <Delay = 0.00>
ST_1 : Operation 2160 [1/1] (0.00ns)   --->   "%p_0_6_0_0_0771_load = load i16 %p_0_6_0_0_0771"   --->   Operation 2160 'load' 'p_0_6_0_0_0771_load' <Predicate = (icmp_ln33)> <Delay = 0.00>
ST_1 : Operation 2161 [1/1] (0.00ns)   --->   "%p_0_1_0_0_0773_load = load i16 %p_0_1_0_0_0773"   --->   Operation 2161 'load' 'p_0_1_0_0_0773_load' <Predicate = (icmp_ln33)> <Delay = 0.00>
ST_1 : Operation 2162 [1/1] (0.00ns)   --->   "%p_0_2_0_0_0775_load = load i16 %p_0_2_0_0_0775"   --->   Operation 2162 'load' 'p_0_2_0_0_0775_load' <Predicate = (icmp_ln33)> <Delay = 0.00>
ST_1 : Operation 2163 [1/1] (0.00ns)   --->   "%p_0_5_0_0_0777_load = load i16 %p_0_5_0_0_0777"   --->   Operation 2163 'load' 'p_0_5_0_0_0777_load' <Predicate = (icmp_ln33)> <Delay = 0.00>
ST_1 : Operation 2164 [1/1] (0.00ns)   --->   "%p_0_6_0_0_0779_load = load i16 %p_0_6_0_0_0779"   --->   Operation 2164 'load' 'p_0_6_0_0_0779_load' <Predicate = (icmp_ln33)> <Delay = 0.00>
ST_1 : Operation 2165 [1/1] (0.00ns)   --->   "%p_0_1_0_0_0781_load = load i16 %p_0_1_0_0_0781"   --->   Operation 2165 'load' 'p_0_1_0_0_0781_load' <Predicate = (icmp_ln33)> <Delay = 0.00>
ST_1 : Operation 2166 [1/1] (0.00ns)   --->   "%p_0_2_0_0_0783_load = load i16 %p_0_2_0_0_0783"   --->   Operation 2166 'load' 'p_0_2_0_0_0783_load' <Predicate = (icmp_ln33)> <Delay = 0.00>
ST_1 : Operation 2167 [1/1] (0.00ns)   --->   "%p_0_5_0_0_0785_load = load i16 %p_0_5_0_0_0785"   --->   Operation 2167 'load' 'p_0_5_0_0_0785_load' <Predicate = (icmp_ln33)> <Delay = 0.00>
ST_1 : Operation 2168 [1/1] (0.00ns)   --->   "%p_0_6_0_0_0787_load = load i16 %p_0_6_0_0_0787"   --->   Operation 2168 'load' 'p_0_6_0_0_0787_load' <Predicate = (icmp_ln33)> <Delay = 0.00>
ST_1 : Operation 2169 [1/1] (0.00ns)   --->   "%p_0_0_0_0_0789_load = load i16 %p_0_0_0_0_0789"   --->   Operation 2169 'load' 'p_0_0_0_0_0789_load' <Predicate = (icmp_ln33)> <Delay = 0.00>
ST_1 : Operation 2170 [1/1] (0.00ns)   --->   "%p_0_1_0_0_0791_load = load i16 %p_0_1_0_0_0791"   --->   Operation 2170 'load' 'p_0_1_0_0_0791_load' <Predicate = (icmp_ln33)> <Delay = 0.00>
ST_1 : Operation 2171 [1/1] (0.00ns)   --->   "%p_0_2_0_0_0793_load = load i16 %p_0_2_0_0_0793"   --->   Operation 2171 'load' 'p_0_2_0_0_0793_load' <Predicate = (icmp_ln33)> <Delay = 0.00>
ST_1 : Operation 2172 [1/1] (0.00ns)   --->   "%p_0_4_0_0_0795_load = load i16 %p_0_4_0_0_0795"   --->   Operation 2172 'load' 'p_0_4_0_0_0795_load' <Predicate = (icmp_ln33)> <Delay = 0.00>
ST_1 : Operation 2173 [1/1] (0.00ns)   --->   "%p_0_5_0_0_0797_load = load i16 %p_0_5_0_0_0797"   --->   Operation 2173 'load' 'p_0_5_0_0_0797_load' <Predicate = (icmp_ln33)> <Delay = 0.00>
ST_1 : Operation 2174 [1/1] (0.00ns)   --->   "%p_0_6_0_0_0799_load = load i16 %p_0_6_0_0_0799"   --->   Operation 2174 'load' 'p_0_6_0_0_0799_load' <Predicate = (icmp_ln33)> <Delay = 0.00>
ST_1 : Operation 2175 [1/1] (0.00ns)   --->   "%p_0_1_0_0_0801_load = load i16 %p_0_1_0_0_0801"   --->   Operation 2175 'load' 'p_0_1_0_0_0801_load' <Predicate = (icmp_ln33)> <Delay = 0.00>
ST_1 : Operation 2176 [1/1] (0.00ns)   --->   "%p_0_2_0_0_0803_load = load i16 %p_0_2_0_0_0803"   --->   Operation 2176 'load' 'p_0_2_0_0_0803_load' <Predicate = (icmp_ln33)> <Delay = 0.00>
ST_1 : Operation 2177 [1/1] (0.00ns)   --->   "%p_0_5_0_0_0805_load = load i16 %p_0_5_0_0_0805"   --->   Operation 2177 'load' 'p_0_5_0_0_0805_load' <Predicate = (icmp_ln33)> <Delay = 0.00>
ST_1 : Operation 2178 [1/1] (0.00ns)   --->   "%p_0_6_0_0_0807_load = load i16 %p_0_6_0_0_0807"   --->   Operation 2178 'load' 'p_0_6_0_0_0807_load' <Predicate = (icmp_ln33)> <Delay = 0.00>
ST_1 : Operation 2179 [1/1] (0.00ns)   --->   "%p_0_1_0_0_0809_load = load i16 %p_0_1_0_0_0809"   --->   Operation 2179 'load' 'p_0_1_0_0_0809_load' <Predicate = (icmp_ln33)> <Delay = 0.00>
ST_1 : Operation 2180 [1/1] (0.00ns)   --->   "%p_0_2_0_0_0811_load = load i16 %p_0_2_0_0_0811"   --->   Operation 2180 'load' 'p_0_2_0_0_0811_load' <Predicate = (icmp_ln33)> <Delay = 0.00>
ST_1 : Operation 2181 [1/1] (0.00ns)   --->   "%p_0_5_0_0_0813_load = load i16 %p_0_5_0_0_0813"   --->   Operation 2181 'load' 'p_0_5_0_0_0813_load' <Predicate = (icmp_ln33)> <Delay = 0.00>
ST_1 : Operation 2182 [1/1] (0.00ns)   --->   "%p_0_6_0_0_0815_load = load i16 %p_0_6_0_0_0815"   --->   Operation 2182 'load' 'p_0_6_0_0_0815_load' <Predicate = (icmp_ln33)> <Delay = 0.00>
ST_1 : Operation 2183 [1/1] (0.00ns)   --->   "%p_0_1_0_0_0817_load = load i16 %p_0_1_0_0_0817"   --->   Operation 2183 'load' 'p_0_1_0_0_0817_load' <Predicate = (icmp_ln33)> <Delay = 0.00>
ST_1 : Operation 2184 [1/1] (0.00ns)   --->   "%p_0_2_0_0_0819_load = load i16 %p_0_2_0_0_0819"   --->   Operation 2184 'load' 'p_0_2_0_0_0819_load' <Predicate = (icmp_ln33)> <Delay = 0.00>
ST_1 : Operation 2185 [1/1] (0.00ns)   --->   "%p_0_5_0_0_0821_load = load i16 %p_0_5_0_0_0821"   --->   Operation 2185 'load' 'p_0_5_0_0_0821_load' <Predicate = (icmp_ln33)> <Delay = 0.00>
ST_1 : Operation 2186 [1/1] (0.00ns)   --->   "%p_0_6_0_0_0823_load = load i16 %p_0_6_0_0_0823"   --->   Operation 2186 'load' 'p_0_6_0_0_0823_load' <Predicate = (icmp_ln33)> <Delay = 0.00>
ST_1 : Operation 2187 [1/1] (0.00ns)   --->   "%p_0_1_0_0_0825_load = load i16 %p_0_1_0_0_0825"   --->   Operation 2187 'load' 'p_0_1_0_0_0825_load' <Predicate = (icmp_ln33)> <Delay = 0.00>
ST_1 : Operation 2188 [1/1] (0.00ns)   --->   "%p_0_2_0_0_0827_load = load i16 %p_0_2_0_0_0827"   --->   Operation 2188 'load' 'p_0_2_0_0_0827_load' <Predicate = (icmp_ln33)> <Delay = 0.00>
ST_1 : Operation 2189 [1/1] (0.00ns)   --->   "%p_0_5_0_0_0829_load = load i16 %p_0_5_0_0_0829"   --->   Operation 2189 'load' 'p_0_5_0_0_0829_load' <Predicate = (icmp_ln33)> <Delay = 0.00>
ST_1 : Operation 2190 [1/1] (0.00ns)   --->   "%p_0_6_0_0_0831_load = load i16 %p_0_6_0_0_0831"   --->   Operation 2190 'load' 'p_0_6_0_0_0831_load' <Predicate = (icmp_ln33)> <Delay = 0.00>
ST_1 : Operation 2191 [1/1] (0.00ns)   --->   "%p_0_1_0_0_0833_load = load i16 %p_0_1_0_0_0833"   --->   Operation 2191 'load' 'p_0_1_0_0_0833_load' <Predicate = (icmp_ln33)> <Delay = 0.00>
ST_1 : Operation 2192 [1/1] (0.00ns)   --->   "%p_0_2_0_0_0835_load = load i16 %p_0_2_0_0_0835"   --->   Operation 2192 'load' 'p_0_2_0_0_0835_load' <Predicate = (icmp_ln33)> <Delay = 0.00>
ST_1 : Operation 2193 [1/1] (0.00ns)   --->   "%p_0_5_0_0_0837_load = load i16 %p_0_5_0_0_0837"   --->   Operation 2193 'load' 'p_0_5_0_0_0837_load' <Predicate = (icmp_ln33)> <Delay = 0.00>
ST_1 : Operation 2194 [1/1] (0.00ns)   --->   "%p_0_6_0_0_0839_load = load i16 %p_0_6_0_0_0839"   --->   Operation 2194 'load' 'p_0_6_0_0_0839_load' <Predicate = (icmp_ln33)> <Delay = 0.00>
ST_1 : Operation 2195 [1/1] (0.00ns)   --->   "%p_0_1_0_0_0841_load = load i16 %p_0_1_0_0_0841"   --->   Operation 2195 'load' 'p_0_1_0_0_0841_load' <Predicate = (icmp_ln33)> <Delay = 0.00>
ST_1 : Operation 2196 [1/1] (0.00ns)   --->   "%p_0_2_0_0_0843_load = load i16 %p_0_2_0_0_0843"   --->   Operation 2196 'load' 'p_0_2_0_0_0843_load' <Predicate = (icmp_ln33)> <Delay = 0.00>
ST_1 : Operation 2197 [1/1] (0.00ns)   --->   "%p_0_5_0_0_0845_load = load i16 %p_0_5_0_0_0845"   --->   Operation 2197 'load' 'p_0_5_0_0_0845_load' <Predicate = (icmp_ln33)> <Delay = 0.00>
ST_1 : Operation 2198 [1/1] (0.00ns)   --->   "%p_0_6_0_0_0847_load = load i16 %p_0_6_0_0_0847"   --->   Operation 2198 'load' 'p_0_6_0_0_0847_load' <Predicate = (icmp_ln33)> <Delay = 0.00>
ST_1 : Operation 2199 [1/1] (0.00ns)   --->   "%p_0_1_0_0_0849_load = load i16 %p_0_1_0_0_0849"   --->   Operation 2199 'load' 'p_0_1_0_0_0849_load' <Predicate = (icmp_ln33)> <Delay = 0.00>
ST_1 : Operation 2200 [1/1] (0.00ns)   --->   "%p_0_2_0_0_0851_load = load i16 %p_0_2_0_0_0851"   --->   Operation 2200 'load' 'p_0_2_0_0_0851_load' <Predicate = (icmp_ln33)> <Delay = 0.00>
ST_1 : Operation 2201 [1/1] (0.00ns)   --->   "%p_0_5_0_0_0853_load = load i16 %p_0_5_0_0_0853"   --->   Operation 2201 'load' 'p_0_5_0_0_0853_load' <Predicate = (icmp_ln33)> <Delay = 0.00>
ST_1 : Operation 2202 [1/1] (0.00ns)   --->   "%p_0_6_0_0_0855_load = load i16 %p_0_6_0_0_0855"   --->   Operation 2202 'load' 'p_0_6_0_0_0855_load' <Predicate = (icmp_ln33)> <Delay = 0.00>
ST_1 : Operation 2203 [1/1] (0.00ns)   --->   "%p_0_0_0_0_0857_load = load i16 %p_0_0_0_0_0857"   --->   Operation 2203 'load' 'p_0_0_0_0_0857_load' <Predicate = (icmp_ln33)> <Delay = 0.00>
ST_1 : Operation 2204 [1/1] (0.00ns)   --->   "%p_0_1_0_0_0859_load = load i16 %p_0_1_0_0_0859"   --->   Operation 2204 'load' 'p_0_1_0_0_0859_load' <Predicate = (icmp_ln33)> <Delay = 0.00>
ST_1 : Operation 2205 [1/1] (0.00ns)   --->   "%p_0_2_0_0_0861_load = load i16 %p_0_2_0_0_0861"   --->   Operation 2205 'load' 'p_0_2_0_0_0861_load' <Predicate = (icmp_ln33)> <Delay = 0.00>
ST_1 : Operation 2206 [1/1] (0.00ns)   --->   "%p_0_5_0_0_0863_load = load i16 %p_0_5_0_0_0863"   --->   Operation 2206 'load' 'p_0_5_0_0_0863_load' <Predicate = (icmp_ln33)> <Delay = 0.00>
ST_1 : Operation 2207 [1/1] (0.00ns)   --->   "%p_0_6_0_0_0865_load = load i16 %p_0_6_0_0_0865"   --->   Operation 2207 'load' 'p_0_6_0_0_0865_load' <Predicate = (icmp_ln33)> <Delay = 0.00>
ST_1 : Operation 2208 [1/1] (0.00ns)   --->   "%p_0_0_0_0_0867_load = load i16 %p_0_0_0_0_0867"   --->   Operation 2208 'load' 'p_0_0_0_0_0867_load' <Predicate = (icmp_ln33)> <Delay = 0.00>
ST_1 : Operation 2209 [1/1] (0.00ns)   --->   "%p_0_1_0_0_0869_load = load i16 %p_0_1_0_0_0869"   --->   Operation 2209 'load' 'p_0_1_0_0_0869_load' <Predicate = (icmp_ln33)> <Delay = 0.00>
ST_1 : Operation 2210 [1/1] (0.00ns)   --->   "%p_0_2_0_0_0871_load = load i16 %p_0_2_0_0_0871"   --->   Operation 2210 'load' 'p_0_2_0_0_0871_load' <Predicate = (icmp_ln33)> <Delay = 0.00>
ST_1 : Operation 2211 [1/1] (0.00ns)   --->   "%p_0_5_0_0_0873_load = load i16 %p_0_5_0_0_0873"   --->   Operation 2211 'load' 'p_0_5_0_0_0873_load' <Predicate = (icmp_ln33)> <Delay = 0.00>
ST_1 : Operation 2212 [1/1] (0.00ns)   --->   "%p_0_6_0_0_0875_load = load i16 %p_0_6_0_0_0875"   --->   Operation 2212 'load' 'p_0_6_0_0_0875_load' <Predicate = (icmp_ln33)> <Delay = 0.00>
ST_1 : Operation 2213 [1/1] (0.00ns)   --->   "%p_0_1_0_0_0877_load = load i16 %p_0_1_0_0_0877"   --->   Operation 2213 'load' 'p_0_1_0_0_0877_load' <Predicate = (icmp_ln33)> <Delay = 0.00>
ST_1 : Operation 2214 [1/1] (0.00ns)   --->   "%p_0_2_0_0_0879_load = load i16 %p_0_2_0_0_0879"   --->   Operation 2214 'load' 'p_0_2_0_0_0879_load' <Predicate = (icmp_ln33)> <Delay = 0.00>
ST_1 : Operation 2215 [1/1] (0.00ns)   --->   "%p_0_3_0_0_0881_load = load i16 %p_0_3_0_0_0881"   --->   Operation 2215 'load' 'p_0_3_0_0_0881_load' <Predicate = (icmp_ln33)> <Delay = 0.00>
ST_1 : Operation 2216 [1/1] (0.00ns)   --->   "%p_0_5_0_0_0883_load = load i16 %p_0_5_0_0_0883"   --->   Operation 2216 'load' 'p_0_5_0_0_0883_load' <Predicate = (icmp_ln33)> <Delay = 0.00>
ST_1 : Operation 2217 [1/1] (0.00ns)   --->   "%p_0_6_0_0_0885_load = load i16 %p_0_6_0_0_0885"   --->   Operation 2217 'load' 'p_0_6_0_0_0885_load' <Predicate = (icmp_ln33)> <Delay = 0.00>
ST_1 : Operation 2218 [1/1] (0.00ns)   --->   "%p_0_1_0_0_0887_load = load i16 %p_0_1_0_0_0887"   --->   Operation 2218 'load' 'p_0_1_0_0_0887_load' <Predicate = (icmp_ln33)> <Delay = 0.00>
ST_1 : Operation 2219 [1/1] (0.00ns)   --->   "%p_0_2_0_0_0889_load = load i16 %p_0_2_0_0_0889"   --->   Operation 2219 'load' 'p_0_2_0_0_0889_load' <Predicate = (icmp_ln33)> <Delay = 0.00>
ST_1 : Operation 2220 [1/1] (0.00ns)   --->   "%p_0_3_0_0_0891_load = load i16 %p_0_3_0_0_0891"   --->   Operation 2220 'load' 'p_0_3_0_0_0891_load' <Predicate = (icmp_ln33)> <Delay = 0.00>
ST_1 : Operation 2221 [1/1] (0.00ns)   --->   "%p_0_5_0_0_0893_load = load i16 %p_0_5_0_0_0893"   --->   Operation 2221 'load' 'p_0_5_0_0_0893_load' <Predicate = (icmp_ln33)> <Delay = 0.00>
ST_1 : Operation 2222 [1/1] (0.00ns)   --->   "%p_0_6_0_0_0895_load = load i16 %p_0_6_0_0_0895"   --->   Operation 2222 'load' 'p_0_6_0_0_0895_load' <Predicate = (icmp_ln33)> <Delay = 0.00>
ST_1 : Operation 2223 [1/1] (0.00ns)   --->   "%p_0_0_0_0_0897_load = load i16 %p_0_0_0_0_0897"   --->   Operation 2223 'load' 'p_0_0_0_0_0897_load' <Predicate = (icmp_ln33)> <Delay = 0.00>
ST_1 : Operation 2224 [1/1] (0.00ns)   --->   "%p_0_1_0_0_0899_load = load i16 %p_0_1_0_0_0899"   --->   Operation 2224 'load' 'p_0_1_0_0_0899_load' <Predicate = (icmp_ln33)> <Delay = 0.00>
ST_1 : Operation 2225 [1/1] (0.00ns)   --->   "%p_0_2_0_0_0901_load = load i16 %p_0_2_0_0_0901"   --->   Operation 2225 'load' 'p_0_2_0_0_0901_load' <Predicate = (icmp_ln33)> <Delay = 0.00>
ST_1 : Operation 2226 [1/1] (0.00ns)   --->   "%p_0_3_0_0_0903_load = load i16 %p_0_3_0_0_0903"   --->   Operation 2226 'load' 'p_0_3_0_0_0903_load' <Predicate = (icmp_ln33)> <Delay = 0.00>
ST_1 : Operation 2227 [1/1] (0.00ns)   --->   "%p_0_5_0_0_0905_load = load i16 %p_0_5_0_0_0905"   --->   Operation 2227 'load' 'p_0_5_0_0_0905_load' <Predicate = (icmp_ln33)> <Delay = 0.00>
ST_1 : Operation 2228 [1/1] (0.00ns)   --->   "%p_0_6_0_0_0907_load = load i16 %p_0_6_0_0_0907"   --->   Operation 2228 'load' 'p_0_6_0_0_0907_load' <Predicate = (icmp_ln33)> <Delay = 0.00>
ST_1 : Operation 2229 [1/1] (0.00ns)   --->   "%p_0_0_0_0_0909_load = load i16 %p_0_0_0_0_0909"   --->   Operation 2229 'load' 'p_0_0_0_0_0909_load' <Predicate = (icmp_ln33)> <Delay = 0.00>
ST_1 : Operation 2230 [1/1] (0.00ns)   --->   "%p_0_1_0_0_0911_load = load i16 %p_0_1_0_0_0911"   --->   Operation 2230 'load' 'p_0_1_0_0_0911_load' <Predicate = (icmp_ln33)> <Delay = 0.00>
ST_1 : Operation 2231 [1/1] (0.00ns)   --->   "%p_0_2_0_0_0913_load = load i16 %p_0_2_0_0_0913"   --->   Operation 2231 'load' 'p_0_2_0_0_0913_load' <Predicate = (icmp_ln33)> <Delay = 0.00>
ST_1 : Operation 2232 [1/1] (0.00ns)   --->   "%p_0_3_0_0_0915_load = load i16 %p_0_3_0_0_0915"   --->   Operation 2232 'load' 'p_0_3_0_0_0915_load' <Predicate = (icmp_ln33)> <Delay = 0.00>
ST_1 : Operation 2233 [1/1] (0.00ns)   --->   "%p_0_6_0_0_0917_load = load i16 %p_0_6_0_0_0917"   --->   Operation 2233 'load' 'p_0_6_0_0_0917_load' <Predicate = (icmp_ln33)> <Delay = 0.00>
ST_1 : Operation 2234 [1/1] (0.00ns)   --->   "%p_0_0_0_0_0919_load = load i16 %p_0_0_0_0_0919"   --->   Operation 2234 'load' 'p_0_0_0_0_0919_load' <Predicate = (icmp_ln33)> <Delay = 0.00>
ST_1 : Operation 2235 [1/1] (0.00ns)   --->   "%p_0_1_0_0_0921_load = load i16 %p_0_1_0_0_0921"   --->   Operation 2235 'load' 'p_0_1_0_0_0921_load' <Predicate = (icmp_ln33)> <Delay = 0.00>
ST_1 : Operation 2236 [1/1] (0.00ns)   --->   "%p_0_2_0_0_0923_load = load i16 %p_0_2_0_0_0923"   --->   Operation 2236 'load' 'p_0_2_0_0_0923_load' <Predicate = (icmp_ln33)> <Delay = 0.00>
ST_1 : Operation 2237 [1/1] (0.00ns)   --->   "%p_0_3_0_0_0925_load = load i16 %p_0_3_0_0_0925"   --->   Operation 2237 'load' 'p_0_3_0_0_0925_load' <Predicate = (icmp_ln33)> <Delay = 0.00>
ST_1 : Operation 2238 [1/1] (0.00ns)   --->   "%p_0_6_0_0_0927_load = load i16 %p_0_6_0_0_0927"   --->   Operation 2238 'load' 'p_0_6_0_0_0927_load' <Predicate = (icmp_ln33)> <Delay = 0.00>
ST_1 : Operation 2239 [1/1] (0.00ns)   --->   "%p_0_0_0_0_0929_load = load i16 %p_0_0_0_0_0929"   --->   Operation 2239 'load' 'p_0_0_0_0_0929_load' <Predicate = (icmp_ln33)> <Delay = 0.00>
ST_1 : Operation 2240 [1/1] (0.00ns)   --->   "%p_0_1_0_0_0931_load = load i16 %p_0_1_0_0_0931"   --->   Operation 2240 'load' 'p_0_1_0_0_0931_load' <Predicate = (icmp_ln33)> <Delay = 0.00>
ST_1 : Operation 2241 [1/1] (0.00ns)   --->   "%p_0_2_0_0_0933_load = load i16 %p_0_2_0_0_0933"   --->   Operation 2241 'load' 'p_0_2_0_0_0933_load' <Predicate = (icmp_ln33)> <Delay = 0.00>
ST_1 : Operation 2242 [1/1] (0.00ns)   --->   "%p_0_3_0_0_0935_load = load i16 %p_0_3_0_0_0935"   --->   Operation 2242 'load' 'p_0_3_0_0_0935_load' <Predicate = (icmp_ln33)> <Delay = 0.00>
ST_1 : Operation 2243 [1/1] (0.00ns)   --->   "%p_0_5_0_0_0937_load = load i16 %p_0_5_0_0_0937"   --->   Operation 2243 'load' 'p_0_5_0_0_0937_load' <Predicate = (icmp_ln33)> <Delay = 0.00>
ST_1 : Operation 2244 [1/1] (0.00ns)   --->   "%p_0_6_0_0_0939_load = load i16 %p_0_6_0_0_0939"   --->   Operation 2244 'load' 'p_0_6_0_0_0939_load' <Predicate = (icmp_ln33)> <Delay = 0.00>
ST_1 : Operation 2245 [1/1] (0.00ns)   --->   "%p_0_0_0_0_0941_load = load i16 %p_0_0_0_0_0941"   --->   Operation 2245 'load' 'p_0_0_0_0_0941_load' <Predicate = (icmp_ln33)> <Delay = 0.00>
ST_1 : Operation 2246 [1/1] (0.00ns)   --->   "%p_0_1_0_0_0943_load = load i16 %p_0_1_0_0_0943"   --->   Operation 2246 'load' 'p_0_1_0_0_0943_load' <Predicate = (icmp_ln33)> <Delay = 0.00>
ST_1 : Operation 2247 [1/1] (0.00ns)   --->   "%p_0_2_0_0_0945_load = load i16 %p_0_2_0_0_0945"   --->   Operation 2247 'load' 'p_0_2_0_0_0945_load' <Predicate = (icmp_ln33)> <Delay = 0.00>
ST_1 : Operation 2248 [1/1] (0.00ns)   --->   "%p_0_3_0_0_0947_load = load i16 %p_0_3_0_0_0947"   --->   Operation 2248 'load' 'p_0_3_0_0_0947_load' <Predicate = (icmp_ln33)> <Delay = 0.00>
ST_1 : Operation 2249 [1/1] (0.00ns)   --->   "%p_0_4_0_0_0949_load = load i16 %p_0_4_0_0_0949"   --->   Operation 2249 'load' 'p_0_4_0_0_0949_load' <Predicate = (icmp_ln33)> <Delay = 0.00>
ST_1 : Operation 2250 [1/1] (0.00ns)   --->   "%p_0_6_0_0_0951_load = load i16 %p_0_6_0_0_0951"   --->   Operation 2250 'load' 'p_0_6_0_0_0951_load' <Predicate = (icmp_ln33)> <Delay = 0.00>
ST_1 : Operation 2251 [1/1] (0.00ns)   --->   "%p_0_0_0_0_0953_load = load i16 %p_0_0_0_0_0953"   --->   Operation 2251 'load' 'p_0_0_0_0_0953_load' <Predicate = (icmp_ln33)> <Delay = 0.00>
ST_1 : Operation 2252 [1/1] (0.00ns)   --->   "%p_0_1_0_0_0955_load = load i16 %p_0_1_0_0_0955"   --->   Operation 2252 'load' 'p_0_1_0_0_0955_load' <Predicate = (icmp_ln33)> <Delay = 0.00>
ST_1 : Operation 2253 [1/1] (0.00ns)   --->   "%p_0_2_0_0_0957_load = load i16 %p_0_2_0_0_0957"   --->   Operation 2253 'load' 'p_0_2_0_0_0957_load' <Predicate = (icmp_ln33)> <Delay = 0.00>
ST_1 : Operation 2254 [1/1] (0.00ns)   --->   "%p_0_3_0_0_0959_load = load i16 %p_0_3_0_0_0959"   --->   Operation 2254 'load' 'p_0_3_0_0_0959_load' <Predicate = (icmp_ln33)> <Delay = 0.00>
ST_1 : Operation 2255 [1/1] (0.00ns)   --->   "%p_0_4_0_0_0961_load = load i16 %p_0_4_0_0_0961"   --->   Operation 2255 'load' 'p_0_4_0_0_0961_load' <Predicate = (icmp_ln33)> <Delay = 0.00>
ST_1 : Operation 2256 [1/1] (0.00ns)   --->   "%p_0_6_0_0_0963_load = load i16 %p_0_6_0_0_0963"   --->   Operation 2256 'load' 'p_0_6_0_0_0963_load' <Predicate = (icmp_ln33)> <Delay = 0.00>
ST_1 : Operation 2257 [1/1] (0.00ns)   --->   "%p_0_0_0_0_0965_load = load i16 %p_0_0_0_0_0965"   --->   Operation 2257 'load' 'p_0_0_0_0_0965_load' <Predicate = (icmp_ln33)> <Delay = 0.00>
ST_1 : Operation 2258 [1/1] (0.00ns)   --->   "%p_0_1_0_0_0967_load = load i16 %p_0_1_0_0_0967"   --->   Operation 2258 'load' 'p_0_1_0_0_0967_load' <Predicate = (icmp_ln33)> <Delay = 0.00>
ST_1 : Operation 2259 [1/1] (0.00ns)   --->   "%p_0_2_0_0_0969_load = load i16 %p_0_2_0_0_0969"   --->   Operation 2259 'load' 'p_0_2_0_0_0969_load' <Predicate = (icmp_ln33)> <Delay = 0.00>
ST_1 : Operation 2260 [1/1] (0.00ns)   --->   "%p_0_3_0_0_0971_load = load i16 %p_0_3_0_0_0971"   --->   Operation 2260 'load' 'p_0_3_0_0_0971_load' <Predicate = (icmp_ln33)> <Delay = 0.00>
ST_1 : Operation 2261 [1/1] (0.00ns)   --->   "%p_0_4_0_0_0973_load = load i16 %p_0_4_0_0_0973"   --->   Operation 2261 'load' 'p_0_4_0_0_0973_load' <Predicate = (icmp_ln33)> <Delay = 0.00>
ST_1 : Operation 2262 [1/1] (0.00ns)   --->   "%p_0_6_0_0_0975_load = load i16 %p_0_6_0_0_0975"   --->   Operation 2262 'load' 'p_0_6_0_0_0975_load' <Predicate = (icmp_ln33)> <Delay = 0.00>
ST_1 : Operation 2263 [1/1] (0.00ns)   --->   "%p_0_0_0_0_0977_load = load i16 %p_0_0_0_0_0977"   --->   Operation 2263 'load' 'p_0_0_0_0_0977_load' <Predicate = (icmp_ln33)> <Delay = 0.00>
ST_1 : Operation 2264 [1/1] (0.00ns)   --->   "%p_0_1_0_0_0979_load = load i16 %p_0_1_0_0_0979"   --->   Operation 2264 'load' 'p_0_1_0_0_0979_load' <Predicate = (icmp_ln33)> <Delay = 0.00>
ST_1 : Operation 2265 [1/1] (0.00ns)   --->   "%p_0_2_0_0_0981_load = load i16 %p_0_2_0_0_0981"   --->   Operation 2265 'load' 'p_0_2_0_0_0981_load' <Predicate = (icmp_ln33)> <Delay = 0.00>
ST_1 : Operation 2266 [1/1] (0.00ns)   --->   "%p_0_3_0_0_0983_load = load i16 %p_0_3_0_0_0983"   --->   Operation 2266 'load' 'p_0_3_0_0_0983_load' <Predicate = (icmp_ln33)> <Delay = 0.00>
ST_1 : Operation 2267 [1/1] (0.00ns)   --->   "%p_0_4_0_0_0985_load = load i16 %p_0_4_0_0_0985"   --->   Operation 2267 'load' 'p_0_4_0_0_0985_load' <Predicate = (icmp_ln33)> <Delay = 0.00>
ST_1 : Operation 2268 [1/1] (0.00ns)   --->   "%p_0_6_0_0_0987_load = load i16 %p_0_6_0_0_0987"   --->   Operation 2268 'load' 'p_0_6_0_0_0987_load' <Predicate = (icmp_ln33)> <Delay = 0.00>
ST_1 : Operation 2269 [1/1] (0.00ns)   --->   "%p_0_0_0_0_0989_load = load i16 %p_0_0_0_0_0989"   --->   Operation 2269 'load' 'p_0_0_0_0_0989_load' <Predicate = (icmp_ln33)> <Delay = 0.00>
ST_1 : Operation 2270 [1/1] (0.00ns)   --->   "%p_0_1_0_0_0991_load = load i16 %p_0_1_0_0_0991"   --->   Operation 2270 'load' 'p_0_1_0_0_0991_load' <Predicate = (icmp_ln33)> <Delay = 0.00>
ST_1 : Operation 2271 [1/1] (0.00ns)   --->   "%p_0_2_0_0_0993_load = load i16 %p_0_2_0_0_0993"   --->   Operation 2271 'load' 'p_0_2_0_0_0993_load' <Predicate = (icmp_ln33)> <Delay = 0.00>
ST_1 : Operation 2272 [1/1] (0.00ns)   --->   "%p_0_3_0_0_0995_load = load i16 %p_0_3_0_0_0995"   --->   Operation 2272 'load' 'p_0_3_0_0_0995_load' <Predicate = (icmp_ln33)> <Delay = 0.00>
ST_1 : Operation 2273 [1/1] (0.00ns)   --->   "%p_0_4_0_0_0997_load = load i16 %p_0_4_0_0_0997"   --->   Operation 2273 'load' 'p_0_4_0_0_0997_load' <Predicate = (icmp_ln33)> <Delay = 0.00>
ST_1 : Operation 2274 [1/1] (0.00ns)   --->   "%p_0_5_0_0_0999_load = load i16 %p_0_5_0_0_0999"   --->   Operation 2274 'load' 'p_0_5_0_0_0999_load' <Predicate = (icmp_ln33)> <Delay = 0.00>
ST_1 : Operation 2275 [1/1] (0.00ns)   --->   "%p_0_0_0_0_01001_load = load i16 %p_0_0_0_0_01001"   --->   Operation 2275 'load' 'p_0_0_0_0_01001_load' <Predicate = (icmp_ln33)> <Delay = 0.00>
ST_1 : Operation 2276 [1/1] (0.00ns)   --->   "%p_0_2_0_0_01003_load = load i16 %p_0_2_0_0_01003"   --->   Operation 2276 'load' 'p_0_2_0_0_01003_load' <Predicate = (icmp_ln33)> <Delay = 0.00>
ST_1 : Operation 2277 [1/1] (0.00ns)   --->   "%p_0_3_0_0_01005_load = load i16 %p_0_3_0_0_01005"   --->   Operation 2277 'load' 'p_0_3_0_0_01005_load' <Predicate = (icmp_ln33)> <Delay = 0.00>
ST_1 : Operation 2278 [1/1] (0.00ns)   --->   "%p_0_4_0_0_01007_load = load i16 %p_0_4_0_0_01007"   --->   Operation 2278 'load' 'p_0_4_0_0_01007_load' <Predicate = (icmp_ln33)> <Delay = 0.00>
ST_1 : Operation 2279 [1/1] (0.00ns)   --->   "%p_0_5_0_0_01009_load = load i16 %p_0_5_0_0_01009"   --->   Operation 2279 'load' 'p_0_5_0_0_01009_load' <Predicate = (icmp_ln33)> <Delay = 0.00>
ST_1 : Operation 2280 [1/1] (0.00ns)   --->   "%p_0_6_0_0_01011_load = load i16 %p_0_6_0_0_01011"   --->   Operation 2280 'load' 'p_0_6_0_0_01011_load' <Predicate = (icmp_ln33)> <Delay = 0.00>
ST_1 : Operation 2281 [1/1] (0.00ns)   --->   "%p_0_0_0_0_01013_load = load i16 %p_0_0_0_0_01013"   --->   Operation 2281 'load' 'p_0_0_0_0_01013_load' <Predicate = (icmp_ln33)> <Delay = 0.00>
ST_1 : Operation 2282 [1/1] (0.00ns)   --->   "%p_0_1_0_0_01015_load = load i16 %p_0_1_0_0_01015"   --->   Operation 2282 'load' 'p_0_1_0_0_01015_load' <Predicate = (icmp_ln33)> <Delay = 0.00>
ST_1 : Operation 2283 [1/1] (0.00ns)   --->   "%p_0_2_0_0_01017_load = load i16 %p_0_2_0_0_01017"   --->   Operation 2283 'load' 'p_0_2_0_0_01017_load' <Predicate = (icmp_ln33)> <Delay = 0.00>
ST_1 : Operation 2284 [1/1] (0.00ns)   --->   "%p_0_3_0_0_01019_load = load i16 %p_0_3_0_0_01019"   --->   Operation 2284 'load' 'p_0_3_0_0_01019_load' <Predicate = (icmp_ln33)> <Delay = 0.00>
ST_1 : Operation 2285 [1/1] (0.00ns)   --->   "%p_0_4_0_0_01021_load = load i16 %p_0_4_0_0_01021"   --->   Operation 2285 'load' 'p_0_4_0_0_01021_load' <Predicate = (icmp_ln33)> <Delay = 0.00>
ST_1 : Operation 2286 [1/1] (0.00ns)   --->   "%p_0_5_0_0_01023_load = load i16 %p_0_5_0_0_01023"   --->   Operation 2286 'load' 'p_0_5_0_0_01023_load' <Predicate = (icmp_ln33)> <Delay = 0.00>
ST_1 : Operation 2287 [1/1] (0.00ns)   --->   "%p_0_6_0_0_01025_load = load i16 %p_0_6_0_0_01025"   --->   Operation 2287 'load' 'p_0_6_0_0_01025_load' <Predicate = (icmp_ln33)> <Delay = 0.00>
ST_1 : Operation 2288 [1/1] (0.00ns)   --->   "%p_0_0_0_0_01027_load = load i16 %p_0_0_0_0_01027"   --->   Operation 2288 'load' 'p_0_0_0_0_01027_load' <Predicate = (icmp_ln33)> <Delay = 0.00>
ST_1 : Operation 2289 [1/1] (0.00ns)   --->   "%p_0_1_0_0_01029_load = load i16 %p_0_1_0_0_01029"   --->   Operation 2289 'load' 'p_0_1_0_0_01029_load' <Predicate = (icmp_ln33)> <Delay = 0.00>
ST_1 : Operation 2290 [1/1] (0.00ns)   --->   "%p_0_2_0_0_01031_load = load i16 %p_0_2_0_0_01031"   --->   Operation 2290 'load' 'p_0_2_0_0_01031_load' <Predicate = (icmp_ln33)> <Delay = 0.00>
ST_1 : Operation 2291 [1/1] (0.00ns)   --->   "%p_0_3_0_0_01033_load = load i16 %p_0_3_0_0_01033"   --->   Operation 2291 'load' 'p_0_3_0_0_01033_load' <Predicate = (icmp_ln33)> <Delay = 0.00>
ST_1 : Operation 2292 [1/1] (0.00ns)   --->   "%p_0_4_0_0_01035_load = load i16 %p_0_4_0_0_01035"   --->   Operation 2292 'load' 'p_0_4_0_0_01035_load' <Predicate = (icmp_ln33)> <Delay = 0.00>
ST_1 : Operation 2293 [1/1] (0.00ns)   --->   "%p_0_5_0_0_01037_load = load i16 %p_0_5_0_0_01037"   --->   Operation 2293 'load' 'p_0_5_0_0_01037_load' <Predicate = (icmp_ln33)> <Delay = 0.00>
ST_1 : Operation 2294 [1/1] (0.00ns)   --->   "%p_0_6_0_0_01039_load = load i16 %p_0_6_0_0_01039"   --->   Operation 2294 'load' 'p_0_6_0_0_01039_load' <Predicate = (icmp_ln33)> <Delay = 0.00>
ST_1 : Operation 2295 [1/1] (0.00ns)   --->   "%p_0_0_0_0_01041_load = load i16 %p_0_0_0_0_01041"   --->   Operation 2295 'load' 'p_0_0_0_0_01041_load' <Predicate = (icmp_ln33)> <Delay = 0.00>
ST_1 : Operation 2296 [1/1] (0.00ns)   --->   "%p_0_1_0_0_01043_load = load i16 %p_0_1_0_0_01043"   --->   Operation 2296 'load' 'p_0_1_0_0_01043_load' <Predicate = (icmp_ln33)> <Delay = 0.00>
ST_1 : Operation 2297 [1/1] (0.00ns)   --->   "%p_0_2_0_0_01045_load = load i16 %p_0_2_0_0_01045"   --->   Operation 2297 'load' 'p_0_2_0_0_01045_load' <Predicate = (icmp_ln33)> <Delay = 0.00>
ST_1 : Operation 2298 [1/1] (0.00ns)   --->   "%p_0_3_0_0_01047_load = load i16 %p_0_3_0_0_01047"   --->   Operation 2298 'load' 'p_0_3_0_0_01047_load' <Predicate = (icmp_ln33)> <Delay = 0.00>
ST_1 : Operation 2299 [1/1] (0.00ns)   --->   "%p_0_4_0_0_01049_load = load i16 %p_0_4_0_0_01049"   --->   Operation 2299 'load' 'p_0_4_0_0_01049_load' <Predicate = (icmp_ln33)> <Delay = 0.00>
ST_1 : Operation 2300 [1/1] (0.00ns)   --->   "%p_0_5_0_0_01051_load = load i16 %p_0_5_0_0_01051"   --->   Operation 2300 'load' 'p_0_5_0_0_01051_load' <Predicate = (icmp_ln33)> <Delay = 0.00>
ST_1 : Operation 2301 [1/1] (0.00ns)   --->   "%p_0_6_0_0_01053_load = load i16 %p_0_6_0_0_01053"   --->   Operation 2301 'load' 'p_0_6_0_0_01053_load' <Predicate = (icmp_ln33)> <Delay = 0.00>
ST_1 : Operation 2302 [1/1] (0.00ns)   --->   "%p_0_0_0_0_01055_load = load i16 %p_0_0_0_0_01055"   --->   Operation 2302 'load' 'p_0_0_0_0_01055_load' <Predicate = (icmp_ln33)> <Delay = 0.00>
ST_1 : Operation 2303 [1/1] (0.00ns)   --->   "%p_0_1_0_0_01057_load = load i16 %p_0_1_0_0_01057"   --->   Operation 2303 'load' 'p_0_1_0_0_01057_load' <Predicate = (icmp_ln33)> <Delay = 0.00>
ST_1 : Operation 2304 [1/1] (0.00ns)   --->   "%p_0_2_0_0_01059_load = load i16 %p_0_2_0_0_01059"   --->   Operation 2304 'load' 'p_0_2_0_0_01059_load' <Predicate = (icmp_ln33)> <Delay = 0.00>
ST_1 : Operation 2305 [1/1] (0.00ns)   --->   "%p_0_3_0_0_01061_load = load i16 %p_0_3_0_0_01061"   --->   Operation 2305 'load' 'p_0_3_0_0_01061_load' <Predicate = (icmp_ln33)> <Delay = 0.00>
ST_1 : Operation 2306 [1/1] (0.00ns)   --->   "%p_0_4_0_0_01063_load = load i16 %p_0_4_0_0_01063"   --->   Operation 2306 'load' 'p_0_4_0_0_01063_load' <Predicate = (icmp_ln33)> <Delay = 0.00>
ST_1 : Operation 2307 [1/1] (0.00ns)   --->   "%p_0_5_0_0_01065_load = load i16 %p_0_5_0_0_01065"   --->   Operation 2307 'load' 'p_0_5_0_0_01065_load' <Predicate = (icmp_ln33)> <Delay = 0.00>
ST_1 : Operation 2308 [1/1] (0.00ns)   --->   "%p_0_6_0_0_01067_load = load i16 %p_0_6_0_0_01067"   --->   Operation 2308 'load' 'p_0_6_0_0_01067_load' <Predicate = (icmp_ln33)> <Delay = 0.00>
ST_1 : Operation 2309 [1/1] (0.00ns)   --->   "%p_0_0_0_0_01069_load = load i16 %p_0_0_0_0_01069"   --->   Operation 2309 'load' 'p_0_0_0_0_01069_load' <Predicate = (icmp_ln33)> <Delay = 0.00>
ST_1 : Operation 2310 [1/1] (0.00ns)   --->   "%p_0_1_0_0_01071_load = load i16 %p_0_1_0_0_01071"   --->   Operation 2310 'load' 'p_0_1_0_0_01071_load' <Predicate = (icmp_ln33)> <Delay = 0.00>
ST_1 : Operation 2311 [1/1] (0.00ns)   --->   "%p_0_2_0_0_01073_load = load i16 %p_0_2_0_0_01073"   --->   Operation 2311 'load' 'p_0_2_0_0_01073_load' <Predicate = (icmp_ln33)> <Delay = 0.00>
ST_1 : Operation 2312 [1/1] (0.00ns)   --->   "%p_0_3_0_0_01075_load = load i16 %p_0_3_0_0_01075"   --->   Operation 2312 'load' 'p_0_3_0_0_01075_load' <Predicate = (icmp_ln33)> <Delay = 0.00>
ST_1 : Operation 2313 [1/1] (0.00ns)   --->   "%p_0_4_0_0_01077_load = load i16 %p_0_4_0_0_01077"   --->   Operation 2313 'load' 'p_0_4_0_0_01077_load' <Predicate = (icmp_ln33)> <Delay = 0.00>
ST_1 : Operation 2314 [1/1] (0.00ns)   --->   "%p_0_5_0_0_01079_load = load i16 %p_0_5_0_0_01079"   --->   Operation 2314 'load' 'p_0_5_0_0_01079_load' <Predicate = (icmp_ln33)> <Delay = 0.00>
ST_1 : Operation 2315 [1/1] (0.00ns)   --->   "%p_0_6_0_0_01081_load = load i16 %p_0_6_0_0_01081"   --->   Operation 2315 'load' 'p_0_6_0_0_01081_load' <Predicate = (icmp_ln33)> <Delay = 0.00>
ST_1 : Operation 2316 [1/1] (0.00ns)   --->   "%p_0_0_0_0_01083_load = load i16 %p_0_0_0_0_01083"   --->   Operation 2316 'load' 'p_0_0_0_0_01083_load' <Predicate = (icmp_ln33)> <Delay = 0.00>
ST_1 : Operation 2317 [1/1] (0.00ns)   --->   "%p_0_1_0_0_01085_load = load i16 %p_0_1_0_0_01085"   --->   Operation 2317 'load' 'p_0_1_0_0_01085_load' <Predicate = (icmp_ln33)> <Delay = 0.00>
ST_1 : Operation 2318 [1/1] (0.00ns)   --->   "%p_0_2_0_0_01087_load = load i16 %p_0_2_0_0_01087"   --->   Operation 2318 'load' 'p_0_2_0_0_01087_load' <Predicate = (icmp_ln33)> <Delay = 0.00>
ST_1 : Operation 2319 [1/1] (0.00ns)   --->   "%p_0_3_0_0_01089_load = load i16 %p_0_3_0_0_01089"   --->   Operation 2319 'load' 'p_0_3_0_0_01089_load' <Predicate = (icmp_ln33)> <Delay = 0.00>
ST_1 : Operation 2320 [1/1] (0.00ns)   --->   "%p_0_4_0_0_01091_load = load i16 %p_0_4_0_0_01091"   --->   Operation 2320 'load' 'p_0_4_0_0_01091_load' <Predicate = (icmp_ln33)> <Delay = 0.00>
ST_1 : Operation 2321 [1/1] (0.00ns)   --->   "%p_0_5_0_0_01093_load = load i16 %p_0_5_0_0_01093"   --->   Operation 2321 'load' 'p_0_5_0_0_01093_load' <Predicate = (icmp_ln33)> <Delay = 0.00>
ST_1 : Operation 2322 [1/1] (0.00ns)   --->   "%p_0_6_0_0_01095_load = load i16 %p_0_6_0_0_01095"   --->   Operation 2322 'load' 'p_0_6_0_0_01095_load' <Predicate = (icmp_ln33)> <Delay = 0.00>
ST_1 : Operation 2323 [1/1] (0.00ns)   --->   "%p_0_0_0_0_01097_load = load i16 %p_0_0_0_0_01097"   --->   Operation 2323 'load' 'p_0_0_0_0_01097_load' <Predicate = (icmp_ln33)> <Delay = 0.00>
ST_1 : Operation 2324 [1/1] (0.00ns)   --->   "%p_0_1_0_0_01099_load = load i16 %p_0_1_0_0_01099"   --->   Operation 2324 'load' 'p_0_1_0_0_01099_load' <Predicate = (icmp_ln33)> <Delay = 0.00>
ST_1 : Operation 2325 [1/1] (0.00ns)   --->   "%p_0_2_0_0_01101_load = load i16 %p_0_2_0_0_01101"   --->   Operation 2325 'load' 'p_0_2_0_0_01101_load' <Predicate = (icmp_ln33)> <Delay = 0.00>
ST_1 : Operation 2326 [1/1] (0.00ns)   --->   "%p_0_3_0_0_01103_load = load i16 %p_0_3_0_0_01103"   --->   Operation 2326 'load' 'p_0_3_0_0_01103_load' <Predicate = (icmp_ln33)> <Delay = 0.00>
ST_1 : Operation 2327 [1/1] (0.00ns)   --->   "%p_0_4_0_0_01105_load = load i16 %p_0_4_0_0_01105"   --->   Operation 2327 'load' 'p_0_4_0_0_01105_load' <Predicate = (icmp_ln33)> <Delay = 0.00>
ST_1 : Operation 2328 [1/1] (0.00ns)   --->   "%p_0_5_0_0_01107_load = load i16 %p_0_5_0_0_01107"   --->   Operation 2328 'load' 'p_0_5_0_0_01107_load' <Predicate = (icmp_ln33)> <Delay = 0.00>
ST_1 : Operation 2329 [1/1] (0.00ns)   --->   "%p_0_6_0_0_01109_load = load i16 %p_0_6_0_0_01109"   --->   Operation 2329 'load' 'p_0_6_0_0_01109_load' <Predicate = (icmp_ln33)> <Delay = 0.00>
ST_1 : Operation 2330 [1/1] (0.00ns)   --->   "%p_0_0_0_0_01111_load = load i16 %p_0_0_0_0_01111"   --->   Operation 2330 'load' 'p_0_0_0_0_01111_load' <Predicate = (icmp_ln33)> <Delay = 0.00>
ST_1 : Operation 2331 [1/1] (0.00ns)   --->   "%p_0_1_0_0_01113_load = load i16 %p_0_1_0_0_01113"   --->   Operation 2331 'load' 'p_0_1_0_0_01113_load' <Predicate = (icmp_ln33)> <Delay = 0.00>
ST_1 : Operation 2332 [1/1] (0.00ns)   --->   "%p_0_2_0_0_01115_load = load i16 %p_0_2_0_0_01115"   --->   Operation 2332 'load' 'p_0_2_0_0_01115_load' <Predicate = (icmp_ln33)> <Delay = 0.00>
ST_1 : Operation 2333 [1/1] (0.00ns)   --->   "%p_0_3_0_0_01117_load = load i16 %p_0_3_0_0_01117"   --->   Operation 2333 'load' 'p_0_3_0_0_01117_load' <Predicate = (icmp_ln33)> <Delay = 0.00>
ST_1 : Operation 2334 [1/1] (0.00ns)   --->   "%p_0_4_0_0_01119_load = load i16 %p_0_4_0_0_01119"   --->   Operation 2334 'load' 'p_0_4_0_0_01119_load' <Predicate = (icmp_ln33)> <Delay = 0.00>
ST_1 : Operation 2335 [1/1] (0.00ns)   --->   "%p_0_5_0_0_01121_load = load i16 %p_0_5_0_0_01121"   --->   Operation 2335 'load' 'p_0_5_0_0_01121_load' <Predicate = (icmp_ln33)> <Delay = 0.00>
ST_1 : Operation 2336 [1/1] (0.00ns)   --->   "%p_0_6_0_0_01123_load = load i16 %p_0_6_0_0_01123"   --->   Operation 2336 'load' 'p_0_6_0_0_01123_load' <Predicate = (icmp_ln33)> <Delay = 0.00>
ST_1 : Operation 2337 [1/1] (0.00ns)   --->   "%p_0_0_0_0_01125_load = load i16 %p_0_0_0_0_01125"   --->   Operation 2337 'load' 'p_0_0_0_0_01125_load' <Predicate = (icmp_ln33)> <Delay = 0.00>
ST_1 : Operation 2338 [1/1] (0.00ns)   --->   "%p_0_1_0_0_01127_load = load i16 %p_0_1_0_0_01127"   --->   Operation 2338 'load' 'p_0_1_0_0_01127_load' <Predicate = (icmp_ln33)> <Delay = 0.00>
ST_1 : Operation 2339 [1/1] (0.00ns)   --->   "%p_0_2_0_0_01129_load = load i16 %p_0_2_0_0_01129"   --->   Operation 2339 'load' 'p_0_2_0_0_01129_load' <Predicate = (icmp_ln33)> <Delay = 0.00>
ST_1 : Operation 2340 [1/1] (0.00ns)   --->   "%p_0_3_0_0_01131_load = load i16 %p_0_3_0_0_01131"   --->   Operation 2340 'load' 'p_0_3_0_0_01131_load' <Predicate = (icmp_ln33)> <Delay = 0.00>
ST_1 : Operation 2341 [1/1] (0.00ns)   --->   "%p_0_4_0_0_01133_load = load i16 %p_0_4_0_0_01133"   --->   Operation 2341 'load' 'p_0_4_0_0_01133_load' <Predicate = (icmp_ln33)> <Delay = 0.00>
ST_1 : Operation 2342 [1/1] (0.00ns)   --->   "%p_0_5_0_0_01135_load = load i16 %p_0_5_0_0_01135"   --->   Operation 2342 'load' 'p_0_5_0_0_01135_load' <Predicate = (icmp_ln33)> <Delay = 0.00>
ST_1 : Operation 2343 [1/1] (0.00ns)   --->   "%p_0_6_0_0_01137_load = load i16 %p_0_6_0_0_01137"   --->   Operation 2343 'load' 'p_0_6_0_0_01137_load' <Predicate = (icmp_ln33)> <Delay = 0.00>
ST_1 : Operation 2344 [1/1] (0.00ns)   --->   "%p_0_0_0_0_01139_load = load i16 %p_0_0_0_0_01139"   --->   Operation 2344 'load' 'p_0_0_0_0_01139_load' <Predicate = (icmp_ln33)> <Delay = 0.00>
ST_1 : Operation 2345 [1/1] (0.00ns)   --->   "%p_0_1_0_0_01141_load = load i16 %p_0_1_0_0_01141"   --->   Operation 2345 'load' 'p_0_1_0_0_01141_load' <Predicate = (icmp_ln33)> <Delay = 0.00>
ST_1 : Operation 2346 [1/1] (0.00ns)   --->   "%p_0_2_0_0_01143_load = load i16 %p_0_2_0_0_01143"   --->   Operation 2346 'load' 'p_0_2_0_0_01143_load' <Predicate = (icmp_ln33)> <Delay = 0.00>
ST_1 : Operation 2347 [1/1] (0.00ns)   --->   "%p_0_3_0_0_01145_load = load i16 %p_0_3_0_0_01145"   --->   Operation 2347 'load' 'p_0_3_0_0_01145_load' <Predicate = (icmp_ln33)> <Delay = 0.00>
ST_1 : Operation 2348 [1/1] (0.00ns)   --->   "%p_0_4_0_0_01147_load = load i16 %p_0_4_0_0_01147"   --->   Operation 2348 'load' 'p_0_4_0_0_01147_load' <Predicate = (icmp_ln33)> <Delay = 0.00>
ST_1 : Operation 2349 [1/1] (0.00ns)   --->   "%p_0_5_0_0_01149_load = load i16 %p_0_5_0_0_01149"   --->   Operation 2349 'load' 'p_0_5_0_0_01149_load' <Predicate = (icmp_ln33)> <Delay = 0.00>
ST_1 : Operation 2350 [1/1] (0.00ns)   --->   "%p_0_6_0_0_01151_load = load i16 %p_0_6_0_0_01151"   --->   Operation 2350 'load' 'p_0_6_0_0_01151_load' <Predicate = (icmp_ln33)> <Delay = 0.00>
ST_1 : Operation 2351 [1/1] (0.00ns)   --->   "%p_0_0_0_0_01153_load = load i16 %p_0_0_0_0_01153"   --->   Operation 2351 'load' 'p_0_0_0_0_01153_load' <Predicate = (icmp_ln33)> <Delay = 0.00>
ST_1 : Operation 2352 [1/1] (0.00ns)   --->   "%p_0_1_0_0_01155_load = load i16 %p_0_1_0_0_01155"   --->   Operation 2352 'load' 'p_0_1_0_0_01155_load' <Predicate = (icmp_ln33)> <Delay = 0.00>
ST_1 : Operation 2353 [1/1] (0.00ns)   --->   "%p_0_2_0_0_01157_load = load i16 %p_0_2_0_0_01157"   --->   Operation 2353 'load' 'p_0_2_0_0_01157_load' <Predicate = (icmp_ln33)> <Delay = 0.00>
ST_1 : Operation 2354 [1/1] (0.00ns)   --->   "%p_0_3_0_0_01159_load = load i16 %p_0_3_0_0_01159"   --->   Operation 2354 'load' 'p_0_3_0_0_01159_load' <Predicate = (icmp_ln33)> <Delay = 0.00>
ST_1 : Operation 2355 [1/1] (0.00ns)   --->   "%p_0_4_0_0_01161_load = load i16 %p_0_4_0_0_01161"   --->   Operation 2355 'load' 'p_0_4_0_0_01161_load' <Predicate = (icmp_ln33)> <Delay = 0.00>
ST_1 : Operation 2356 [1/1] (0.00ns)   --->   "%p_0_5_0_0_01163_load = load i16 %p_0_5_0_0_01163"   --->   Operation 2356 'load' 'p_0_5_0_0_01163_load' <Predicate = (icmp_ln33)> <Delay = 0.00>
ST_1 : Operation 2357 [1/1] (0.00ns)   --->   "%p_0_6_0_0_01165_load = load i16 %p_0_6_0_0_01165"   --->   Operation 2357 'load' 'p_0_6_0_0_01165_load' <Predicate = (icmp_ln33)> <Delay = 0.00>
ST_1 : Operation 2358 [1/1] (0.00ns)   --->   "%p_0_0_0_0_01167_load = load i16 %p_0_0_0_0_01167"   --->   Operation 2358 'load' 'p_0_0_0_0_01167_load' <Predicate = (icmp_ln33)> <Delay = 0.00>
ST_1 : Operation 2359 [1/1] (0.00ns)   --->   "%p_0_1_0_0_01169_load = load i16 %p_0_1_0_0_01169"   --->   Operation 2359 'load' 'p_0_1_0_0_01169_load' <Predicate = (icmp_ln33)> <Delay = 0.00>
ST_1 : Operation 2360 [1/1] (0.00ns)   --->   "%p_0_2_0_0_01171_load = load i16 %p_0_2_0_0_01171"   --->   Operation 2360 'load' 'p_0_2_0_0_01171_load' <Predicate = (icmp_ln33)> <Delay = 0.00>
ST_1 : Operation 2361 [1/1] (0.00ns)   --->   "%p_0_3_0_0_01173_load = load i16 %p_0_3_0_0_01173"   --->   Operation 2361 'load' 'p_0_3_0_0_01173_load' <Predicate = (icmp_ln33)> <Delay = 0.00>
ST_1 : Operation 2362 [1/1] (0.00ns)   --->   "%p_0_4_0_0_01175_load = load i16 %p_0_4_0_0_01175"   --->   Operation 2362 'load' 'p_0_4_0_0_01175_load' <Predicate = (icmp_ln33)> <Delay = 0.00>
ST_1 : Operation 2363 [1/1] (0.00ns)   --->   "%p_0_5_0_0_01177_load = load i16 %p_0_5_0_0_01177"   --->   Operation 2363 'load' 'p_0_5_0_0_01177_load' <Predicate = (icmp_ln33)> <Delay = 0.00>
ST_1 : Operation 2364 [1/1] (0.00ns)   --->   "%p_0_6_0_0_01179_load = load i16 %p_0_6_0_0_01179"   --->   Operation 2364 'load' 'p_0_6_0_0_01179_load' <Predicate = (icmp_ln33)> <Delay = 0.00>
ST_1 : Operation 2365 [1/1] (0.00ns)   --->   "%p_0_0_0_0_01181_load = load i16 %p_0_0_0_0_01181"   --->   Operation 2365 'load' 'p_0_0_0_0_01181_load' <Predicate = (icmp_ln33)> <Delay = 0.00>
ST_1 : Operation 2366 [1/1] (0.00ns)   --->   "%p_0_1_0_0_01183_load = load i16 %p_0_1_0_0_01183"   --->   Operation 2366 'load' 'p_0_1_0_0_01183_load' <Predicate = (icmp_ln33)> <Delay = 0.00>
ST_1 : Operation 2367 [1/1] (0.00ns)   --->   "%p_0_2_0_0_01185_load = load i16 %p_0_2_0_0_01185"   --->   Operation 2367 'load' 'p_0_2_0_0_01185_load' <Predicate = (icmp_ln33)> <Delay = 0.00>
ST_1 : Operation 2368 [1/1] (0.00ns)   --->   "%p_0_3_0_0_01187_load = load i16 %p_0_3_0_0_01187"   --->   Operation 2368 'load' 'p_0_3_0_0_01187_load' <Predicate = (icmp_ln33)> <Delay = 0.00>
ST_1 : Operation 2369 [1/1] (0.00ns)   --->   "%p_0_4_0_0_01189_load = load i16 %p_0_4_0_0_01189"   --->   Operation 2369 'load' 'p_0_4_0_0_01189_load' <Predicate = (icmp_ln33)> <Delay = 0.00>
ST_1 : Operation 2370 [1/1] (0.00ns)   --->   "%p_0_5_0_0_01191_load = load i16 %p_0_5_0_0_01191"   --->   Operation 2370 'load' 'p_0_5_0_0_01191_load' <Predicate = (icmp_ln33)> <Delay = 0.00>
ST_1 : Operation 2371 [1/1] (0.00ns)   --->   "%p_0_6_0_0_01193_load = load i16 %p_0_6_0_0_01193"   --->   Operation 2371 'load' 'p_0_6_0_0_01193_load' <Predicate = (icmp_ln33)> <Delay = 0.00>
ST_1 : Operation 2372 [1/1] (0.00ns)   --->   "%p_0_0_0_0_01195_load = load i16 %p_0_0_0_0_01195"   --->   Operation 2372 'load' 'p_0_0_0_0_01195_load' <Predicate = (icmp_ln33)> <Delay = 0.00>
ST_1 : Operation 2373 [1/1] (0.00ns)   --->   "%p_0_1_0_0_01197_load = load i16 %p_0_1_0_0_01197"   --->   Operation 2373 'load' 'p_0_1_0_0_01197_load' <Predicate = (icmp_ln33)> <Delay = 0.00>
ST_1 : Operation 2374 [1/1] (0.00ns)   --->   "%p_0_2_0_0_01199_load = load i16 %p_0_2_0_0_01199"   --->   Operation 2374 'load' 'p_0_2_0_0_01199_load' <Predicate = (icmp_ln33)> <Delay = 0.00>
ST_1 : Operation 2375 [1/1] (0.00ns)   --->   "%p_0_3_0_0_01201_load = load i16 %p_0_3_0_0_01201"   --->   Operation 2375 'load' 'p_0_3_0_0_01201_load' <Predicate = (icmp_ln33)> <Delay = 0.00>
ST_1 : Operation 2376 [1/1] (0.00ns)   --->   "%p_0_4_0_0_01203_load = load i16 %p_0_4_0_0_01203"   --->   Operation 2376 'load' 'p_0_4_0_0_01203_load' <Predicate = (icmp_ln33)> <Delay = 0.00>
ST_1 : Operation 2377 [1/1] (0.00ns)   --->   "%p_0_5_0_0_01205_load = load i16 %p_0_5_0_0_01205"   --->   Operation 2377 'load' 'p_0_5_0_0_01205_load' <Predicate = (icmp_ln33)> <Delay = 0.00>
ST_1 : Operation 2378 [1/1] (0.00ns)   --->   "%p_0_6_0_0_01207_load = load i16 %p_0_6_0_0_01207"   --->   Operation 2378 'load' 'p_0_6_0_0_01207_load' <Predicate = (icmp_ln33)> <Delay = 0.00>
ST_1 : Operation 2379 [1/1] (0.00ns)   --->   "%p_0_1_0_0_01209_load = load i16 %p_0_1_0_0_01209"   --->   Operation 2379 'load' 'p_0_1_0_0_01209_load' <Predicate = (icmp_ln33)> <Delay = 0.00>
ST_1 : Operation 2380 [1/1] (0.00ns)   --->   "%p_0_2_0_0_01211_load = load i16 %p_0_2_0_0_01211"   --->   Operation 2380 'load' 'p_0_2_0_0_01211_load' <Predicate = (icmp_ln33)> <Delay = 0.00>
ST_1 : Operation 2381 [1/1] (0.00ns)   --->   "%p_0_3_0_0_01213_load = load i16 %p_0_3_0_0_01213"   --->   Operation 2381 'load' 'p_0_3_0_0_01213_load' <Predicate = (icmp_ln33)> <Delay = 0.00>
ST_1 : Operation 2382 [1/1] (0.00ns)   --->   "%p_0_4_0_0_01215_load = load i16 %p_0_4_0_0_01215"   --->   Operation 2382 'load' 'p_0_4_0_0_01215_load' <Predicate = (icmp_ln33)> <Delay = 0.00>
ST_1 : Operation 2383 [1/1] (0.00ns)   --->   "%p_0_5_0_0_01217_load = load i16 %p_0_5_0_0_01217"   --->   Operation 2383 'load' 'p_0_5_0_0_01217_load' <Predicate = (icmp_ln33)> <Delay = 0.00>
ST_1 : Operation 2384 [1/1] (0.00ns)   --->   "%p_0_6_0_0_01219_load = load i16 %p_0_6_0_0_01219"   --->   Operation 2384 'load' 'p_0_6_0_0_01219_load' <Predicate = (icmp_ln33)> <Delay = 0.00>
ST_1 : Operation 2385 [1/1] (0.00ns)   --->   "%p_0_1_0_0_01221_load = load i16 %p_0_1_0_0_01221"   --->   Operation 2385 'load' 'p_0_1_0_0_01221_load' <Predicate = (icmp_ln33)> <Delay = 0.00>
ST_1 : Operation 2386 [1/1] (0.00ns)   --->   "%p_0_2_0_0_01223_load = load i16 %p_0_2_0_0_01223"   --->   Operation 2386 'load' 'p_0_2_0_0_01223_load' <Predicate = (icmp_ln33)> <Delay = 0.00>
ST_1 : Operation 2387 [1/1] (0.00ns)   --->   "%p_0_3_0_0_01225_load = load i16 %p_0_3_0_0_01225"   --->   Operation 2387 'load' 'p_0_3_0_0_01225_load' <Predicate = (icmp_ln33)> <Delay = 0.00>
ST_1 : Operation 2388 [1/1] (0.00ns)   --->   "%p_0_4_0_0_01227_load = load i16 %p_0_4_0_0_01227"   --->   Operation 2388 'load' 'p_0_4_0_0_01227_load' <Predicate = (icmp_ln33)> <Delay = 0.00>
ST_1 : Operation 2389 [1/1] (0.00ns)   --->   "%p_0_5_0_0_01229_load = load i16 %p_0_5_0_0_01229"   --->   Operation 2389 'load' 'p_0_5_0_0_01229_load' <Predicate = (icmp_ln33)> <Delay = 0.00>
ST_1 : Operation 2390 [1/1] (0.00ns)   --->   "%p_0_6_0_0_01231_load = load i16 %p_0_6_0_0_01231"   --->   Operation 2390 'load' 'p_0_6_0_0_01231_load' <Predicate = (icmp_ln33)> <Delay = 0.00>
ST_1 : Operation 2391 [1/1] (0.00ns)   --->   "%p_0_0_0_0_01233_load = load i16 %p_0_0_0_0_01233"   --->   Operation 2391 'load' 'p_0_0_0_0_01233_load' <Predicate = (icmp_ln33)> <Delay = 0.00>
ST_1 : Operation 2392 [1/1] (0.00ns)   --->   "%p_0_1_0_0_01235_load = load i16 %p_0_1_0_0_01235"   --->   Operation 2392 'load' 'p_0_1_0_0_01235_load' <Predicate = (icmp_ln33)> <Delay = 0.00>
ST_1 : Operation 2393 [1/1] (0.00ns)   --->   "%p_0_2_0_0_01237_load = load i16 %p_0_2_0_0_01237"   --->   Operation 2393 'load' 'p_0_2_0_0_01237_load' <Predicate = (icmp_ln33)> <Delay = 0.00>
ST_1 : Operation 2394 [1/1] (0.00ns)   --->   "%p_0_3_0_0_01239_load = load i16 %p_0_3_0_0_01239"   --->   Operation 2394 'load' 'p_0_3_0_0_01239_load' <Predicate = (icmp_ln33)> <Delay = 0.00>
ST_1 : Operation 2395 [1/1] (0.00ns)   --->   "%p_0_4_0_0_01241_load = load i16 %p_0_4_0_0_01241"   --->   Operation 2395 'load' 'p_0_4_0_0_01241_load' <Predicate = (icmp_ln33)> <Delay = 0.00>
ST_1 : Operation 2396 [1/1] (0.00ns)   --->   "%p_0_5_0_0_01243_load = load i16 %p_0_5_0_0_01243"   --->   Operation 2396 'load' 'p_0_5_0_0_01243_load' <Predicate = (icmp_ln33)> <Delay = 0.00>
ST_1 : Operation 2397 [1/1] (0.00ns)   --->   "%p_0_6_0_0_01245_load = load i16 %p_0_6_0_0_01245"   --->   Operation 2397 'load' 'p_0_6_0_0_01245_load' <Predicate = (icmp_ln33)> <Delay = 0.00>
ST_1 : Operation 2398 [1/1] (0.00ns)   --->   "%p_0_0_0_0_01247_load = load i16 %p_0_0_0_0_01247"   --->   Operation 2398 'load' 'p_0_0_0_0_01247_load' <Predicate = (icmp_ln33)> <Delay = 0.00>
ST_1 : Operation 2399 [1/1] (0.00ns)   --->   "%p_0_1_0_0_01249_load = load i16 %p_0_1_0_0_01249"   --->   Operation 2399 'load' 'p_0_1_0_0_01249_load' <Predicate = (icmp_ln33)> <Delay = 0.00>
ST_1 : Operation 2400 [1/1] (0.00ns)   --->   "%p_0_2_0_0_01251_load = load i16 %p_0_2_0_0_01251"   --->   Operation 2400 'load' 'p_0_2_0_0_01251_load' <Predicate = (icmp_ln33)> <Delay = 0.00>
ST_1 : Operation 2401 [1/1] (0.00ns)   --->   "%p_0_3_0_0_01253_load = load i16 %p_0_3_0_0_01253"   --->   Operation 2401 'load' 'p_0_3_0_0_01253_load' <Predicate = (icmp_ln33)> <Delay = 0.00>
ST_1 : Operation 2402 [1/1] (0.00ns)   --->   "%p_0_4_0_0_01255_load = load i16 %p_0_4_0_0_01255"   --->   Operation 2402 'load' 'p_0_4_0_0_01255_load' <Predicate = (icmp_ln33)> <Delay = 0.00>
ST_1 : Operation 2403 [1/1] (0.00ns)   --->   "%p_0_5_0_0_01257_load = load i16 %p_0_5_0_0_01257"   --->   Operation 2403 'load' 'p_0_5_0_0_01257_load' <Predicate = (icmp_ln33)> <Delay = 0.00>
ST_1 : Operation 2404 [1/1] (0.00ns)   --->   "%p_0_6_0_0_01259_load = load i16 %p_0_6_0_0_01259"   --->   Operation 2404 'load' 'p_0_6_0_0_01259_load' <Predicate = (icmp_ln33)> <Delay = 0.00>
ST_1 : Operation 2405 [1/1] (0.00ns)   --->   "%p_0_2_0_0_01261_load = load i16 %p_0_2_0_0_01261"   --->   Operation 2405 'load' 'p_0_2_0_0_01261_load' <Predicate = (icmp_ln33)> <Delay = 0.00>
ST_1 : Operation 2406 [1/1] (0.00ns)   --->   "%p_0_4_0_0_01263_load = load i16 %p_0_4_0_0_01263"   --->   Operation 2406 'load' 'p_0_4_0_0_01263_load' <Predicate = (icmp_ln33)> <Delay = 0.00>
ST_1 : Operation 2407 [1/1] (0.00ns)   --->   "%p_0_5_0_0_01265_load = load i16 %p_0_5_0_0_01265"   --->   Operation 2407 'load' 'p_0_5_0_0_01265_load' <Predicate = (icmp_ln33)> <Delay = 0.00>
ST_1 : Operation 2408 [1/1] (0.00ns)   --->   "%p_0_6_0_0_01267_load = load i16 %p_0_6_0_0_01267"   --->   Operation 2408 'load' 'p_0_6_0_0_01267_load' <Predicate = (icmp_ln33)> <Delay = 0.00>
ST_1 : Operation 2409 [1/1] (0.00ns)   --->   "%p_0_0_0_0_01269_load = load i16 %p_0_0_0_0_01269"   --->   Operation 2409 'load' 'p_0_0_0_0_01269_load' <Predicate = (icmp_ln33)> <Delay = 0.00>
ST_1 : Operation 2410 [1/1] (0.00ns)   --->   "%p_0_1_0_0_01271_load = load i16 %p_0_1_0_0_01271"   --->   Operation 2410 'load' 'p_0_1_0_0_01271_load' <Predicate = (icmp_ln33)> <Delay = 0.00>
ST_1 : Operation 2411 [1/1] (0.00ns)   --->   "%p_0_2_0_0_01273_load = load i16 %p_0_2_0_0_01273"   --->   Operation 2411 'load' 'p_0_2_0_0_01273_load' <Predicate = (icmp_ln33)> <Delay = 0.00>
ST_1 : Operation 2412 [1/1] (0.00ns)   --->   "%p_0_5_0_0_01275_load = load i16 %p_0_5_0_0_01275"   --->   Operation 2412 'load' 'p_0_5_0_0_01275_load' <Predicate = (icmp_ln33)> <Delay = 0.00>
ST_1 : Operation 2413 [1/1] (0.00ns)   --->   "%p_0_6_0_0_01277_load = load i16 %p_0_6_0_0_01277"   --->   Operation 2413 'load' 'p_0_6_0_0_01277_load' <Predicate = (icmp_ln33)> <Delay = 0.00>
ST_1 : Operation 2414 [1/1] (0.00ns)   --->   "%p_0_0_0_0_01279_load = load i16 %p_0_0_0_0_01279"   --->   Operation 2414 'load' 'p_0_0_0_0_01279_load' <Predicate = (icmp_ln33)> <Delay = 0.00>
ST_1 : Operation 2415 [1/1] (0.00ns)   --->   "%p_0_1_0_0_01281_load = load i16 %p_0_1_0_0_01281"   --->   Operation 2415 'load' 'p_0_1_0_0_01281_load' <Predicate = (icmp_ln33)> <Delay = 0.00>
ST_1 : Operation 2416 [1/1] (0.00ns)   --->   "%p_0_5_0_0_01283_load = load i16 %p_0_5_0_0_01283"   --->   Operation 2416 'load' 'p_0_5_0_0_01283_load' <Predicate = (icmp_ln33)> <Delay = 0.00>
ST_1 : Operation 2417 [1/1] (0.00ns)   --->   "%p_0_6_0_0_01285_load = load i16 %p_0_6_0_0_01285"   --->   Operation 2417 'load' 'p_0_6_0_0_01285_load' <Predicate = (icmp_ln33)> <Delay = 0.00>
ST_1 : Operation 2418 [1/1] (0.00ns)   --->   "%p_0_0_0_0_01287_load = load i16 %p_0_0_0_0_01287"   --->   Operation 2418 'load' 'p_0_0_0_0_01287_load' <Predicate = (icmp_ln33)> <Delay = 0.00>
ST_1 : Operation 2419 [1/1] (0.00ns)   --->   "%p_0_2_0_0_01289_load = load i16 %p_0_2_0_0_01289"   --->   Operation 2419 'load' 'p_0_2_0_0_01289_load' <Predicate = (icmp_ln33)> <Delay = 0.00>
ST_1 : Operation 2420 [1/1] (0.00ns)   --->   "%p_0_5_0_0_01291_load = load i16 %p_0_5_0_0_01291"   --->   Operation 2420 'load' 'p_0_5_0_0_01291_load' <Predicate = (icmp_ln33)> <Delay = 0.00>
ST_1 : Operation 2421 [1/1] (0.00ns)   --->   "%p_0_6_0_0_01293_load = load i16 %p_0_6_0_0_01293"   --->   Operation 2421 'load' 'p_0_6_0_0_01293_load' <Predicate = (icmp_ln33)> <Delay = 0.00>
ST_1 : Operation 2422 [1/1] (0.00ns)   --->   "%p_0_0_0_0_01295_load = load i16 %p_0_0_0_0_01295"   --->   Operation 2422 'load' 'p_0_0_0_0_01295_load' <Predicate = (icmp_ln33)> <Delay = 0.00>
ST_1 : Operation 2423 [1/1] (0.00ns)   --->   "%p_0_1_0_0_01297_load = load i16 %p_0_1_0_0_01297"   --->   Operation 2423 'load' 'p_0_1_0_0_01297_load' <Predicate = (icmp_ln33)> <Delay = 0.00>
ST_1 : Operation 2424 [1/1] (0.00ns)   --->   "%p_0_2_0_0_01299_load = load i16 %p_0_2_0_0_01299"   --->   Operation 2424 'load' 'p_0_2_0_0_01299_load' <Predicate = (icmp_ln33)> <Delay = 0.00>
ST_1 : Operation 2425 [1/1] (0.00ns)   --->   "%p_0_5_0_0_01301_load = load i16 %p_0_5_0_0_01301"   --->   Operation 2425 'load' 'p_0_5_0_0_01301_load' <Predicate = (icmp_ln33)> <Delay = 0.00>
ST_1 : Operation 2426 [1/1] (0.00ns)   --->   "%p_0_6_0_0_01303_load = load i16 %p_0_6_0_0_01303"   --->   Operation 2426 'load' 'p_0_6_0_0_01303_load' <Predicate = (icmp_ln33)> <Delay = 0.00>
ST_1 : Operation 2427 [1/1] (0.00ns)   --->   "%p_0_1_0_0_01305_load = load i16 %p_0_1_0_0_01305"   --->   Operation 2427 'load' 'p_0_1_0_0_01305_load' <Predicate = (icmp_ln33)> <Delay = 0.00>
ST_1 : Operation 2428 [1/1] (0.00ns)   --->   "%p_0_2_0_0_01307_load = load i16 %p_0_2_0_0_01307"   --->   Operation 2428 'load' 'p_0_2_0_0_01307_load' <Predicate = (icmp_ln33)> <Delay = 0.00>
ST_1 : Operation 2429 [1/1] (0.00ns)   --->   "%p_0_5_0_0_01309_load = load i16 %p_0_5_0_0_01309"   --->   Operation 2429 'load' 'p_0_5_0_0_01309_load' <Predicate = (icmp_ln33)> <Delay = 0.00>
ST_1 : Operation 2430 [1/1] (0.00ns)   --->   "%p_0_6_0_0_01311_load = load i16 %p_0_6_0_0_01311"   --->   Operation 2430 'load' 'p_0_6_0_0_01311_load' <Predicate = (icmp_ln33)> <Delay = 0.00>
ST_1 : Operation 2431 [1/1] (0.00ns)   --->   "%p_0_1_0_0_01313_load = load i16 %p_0_1_0_0_01313"   --->   Operation 2431 'load' 'p_0_1_0_0_01313_load' <Predicate = (icmp_ln33)> <Delay = 0.00>
ST_1 : Operation 2432 [1/1] (0.00ns)   --->   "%p_0_2_0_0_01315_load = load i16 %p_0_2_0_0_01315"   --->   Operation 2432 'load' 'p_0_2_0_0_01315_load' <Predicate = (icmp_ln33)> <Delay = 0.00>
ST_1 : Operation 2433 [1/1] (0.00ns)   --->   "%p_0_5_0_0_01317_load = load i16 %p_0_5_0_0_01317"   --->   Operation 2433 'load' 'p_0_5_0_0_01317_load' <Predicate = (icmp_ln33)> <Delay = 0.00>
ST_1 : Operation 2434 [1/1] (0.00ns)   --->   "%p_0_6_0_0_01319_load = load i16 %p_0_6_0_0_01319"   --->   Operation 2434 'load' 'p_0_6_0_0_01319_load' <Predicate = (icmp_ln33)> <Delay = 0.00>
ST_1 : Operation 2435 [1/1] (0.00ns)   --->   "%p_0_1_0_0_01321_load = load i16 %p_0_1_0_0_01321"   --->   Operation 2435 'load' 'p_0_1_0_0_01321_load' <Predicate = (icmp_ln33)> <Delay = 0.00>
ST_1 : Operation 2436 [1/1] (0.00ns)   --->   "%p_0_2_0_0_01323_load = load i16 %p_0_2_0_0_01323"   --->   Operation 2436 'load' 'p_0_2_0_0_01323_load' <Predicate = (icmp_ln33)> <Delay = 0.00>
ST_1 : Operation 2437 [1/1] (0.00ns)   --->   "%p_0_5_0_0_01325_load = load i16 %p_0_5_0_0_01325"   --->   Operation 2437 'load' 'p_0_5_0_0_01325_load' <Predicate = (icmp_ln33)> <Delay = 0.00>
ST_1 : Operation 2438 [1/1] (0.00ns)   --->   "%p_0_6_0_0_01327_load = load i16 %p_0_6_0_0_01327"   --->   Operation 2438 'load' 'p_0_6_0_0_01327_load' <Predicate = (icmp_ln33)> <Delay = 0.00>
ST_1 : Operation 2439 [1/1] (0.00ns)   --->   "%p_0_1_0_0_01329_load = load i16 %p_0_1_0_0_01329"   --->   Operation 2439 'load' 'p_0_1_0_0_01329_load' <Predicate = (icmp_ln33)> <Delay = 0.00>
ST_1 : Operation 2440 [1/1] (0.00ns)   --->   "%p_0_2_0_0_01331_load = load i16 %p_0_2_0_0_01331"   --->   Operation 2440 'load' 'p_0_2_0_0_01331_load' <Predicate = (icmp_ln33)> <Delay = 0.00>
ST_1 : Operation 2441 [1/1] (0.00ns)   --->   "%p_0_5_0_0_01333_load = load i16 %p_0_5_0_0_01333"   --->   Operation 2441 'load' 'p_0_5_0_0_01333_load' <Predicate = (icmp_ln33)> <Delay = 0.00>
ST_1 : Operation 2442 [1/1] (0.00ns)   --->   "%p_0_6_0_0_01335_load = load i16 %p_0_6_0_0_01335"   --->   Operation 2442 'load' 'p_0_6_0_0_01335_load' <Predicate = (icmp_ln33)> <Delay = 0.00>
ST_1 : Operation 2443 [1/1] (0.00ns)   --->   "%p_0_1_0_0_01337_load = load i16 %p_0_1_0_0_01337"   --->   Operation 2443 'load' 'p_0_1_0_0_01337_load' <Predicate = (icmp_ln33)> <Delay = 0.00>
ST_1 : Operation 2444 [1/1] (0.00ns)   --->   "%p_0_2_0_0_01339_load = load i16 %p_0_2_0_0_01339"   --->   Operation 2444 'load' 'p_0_2_0_0_01339_load' <Predicate = (icmp_ln33)> <Delay = 0.00>
ST_1 : Operation 2445 [1/1] (0.00ns)   --->   "%p_0_5_0_0_01341_load = load i16 %p_0_5_0_0_01341"   --->   Operation 2445 'load' 'p_0_5_0_0_01341_load' <Predicate = (icmp_ln33)> <Delay = 0.00>
ST_1 : Operation 2446 [1/1] (0.00ns)   --->   "%p_0_6_0_0_01343_load = load i16 %p_0_6_0_0_01343"   --->   Operation 2446 'load' 'p_0_6_0_0_01343_load' <Predicate = (icmp_ln33)> <Delay = 0.00>
ST_1 : Operation 2447 [1/1] (0.00ns)   --->   "%p_0_1_0_0_01345_load = load i16 %p_0_1_0_0_01345"   --->   Operation 2447 'load' 'p_0_1_0_0_01345_load' <Predicate = (icmp_ln33)> <Delay = 0.00>
ST_1 : Operation 2448 [1/1] (0.00ns)   --->   "%p_0_2_0_0_01347_load = load i16 %p_0_2_0_0_01347"   --->   Operation 2448 'load' 'p_0_2_0_0_01347_load' <Predicate = (icmp_ln33)> <Delay = 0.00>
ST_1 : Operation 2449 [1/1] (0.00ns)   --->   "%p_0_5_0_0_01349_load = load i16 %p_0_5_0_0_01349"   --->   Operation 2449 'load' 'p_0_5_0_0_01349_load' <Predicate = (icmp_ln33)> <Delay = 0.00>
ST_1 : Operation 2450 [1/1] (0.00ns)   --->   "%p_0_6_0_0_01351_load = load i16 %p_0_6_0_0_01351"   --->   Operation 2450 'load' 'p_0_6_0_0_01351_load' <Predicate = (icmp_ln33)> <Delay = 0.00>
ST_1 : Operation 2451 [1/1] (0.00ns)   --->   "%p_0_1_0_0_01353_load = load i16 %p_0_1_0_0_01353"   --->   Operation 2451 'load' 'p_0_1_0_0_01353_load' <Predicate = (icmp_ln33)> <Delay = 0.00>
ST_1 : Operation 2452 [1/1] (0.00ns)   --->   "%p_0_2_0_0_01355_load = load i16 %p_0_2_0_0_01355"   --->   Operation 2452 'load' 'p_0_2_0_0_01355_load' <Predicate = (icmp_ln33)> <Delay = 0.00>
ST_1 : Operation 2453 [1/1] (0.00ns)   --->   "%p_0_3_0_0_01357_load = load i16 %p_0_3_0_0_01357"   --->   Operation 2453 'load' 'p_0_3_0_0_01357_load' <Predicate = (icmp_ln33)> <Delay = 0.00>
ST_1 : Operation 2454 [1/1] (0.00ns)   --->   "%p_0_5_0_0_01359_load = load i16 %p_0_5_0_0_01359"   --->   Operation 2454 'load' 'p_0_5_0_0_01359_load' <Predicate = (icmp_ln33)> <Delay = 0.00>
ST_1 : Operation 2455 [1/1] (0.00ns)   --->   "%p_0_6_0_0_01361_load = load i16 %p_0_6_0_0_01361"   --->   Operation 2455 'load' 'p_0_6_0_0_01361_load' <Predicate = (icmp_ln33)> <Delay = 0.00>
ST_1 : Operation 2456 [1/1] (0.00ns)   --->   "%p_0_1_0_0_01363_load = load i16 %p_0_1_0_0_01363"   --->   Operation 2456 'load' 'p_0_1_0_0_01363_load' <Predicate = (icmp_ln33)> <Delay = 0.00>
ST_1 : Operation 2457 [1/1] (0.00ns)   --->   "%p_0_2_0_0_01365_load = load i16 %p_0_2_0_0_01365"   --->   Operation 2457 'load' 'p_0_2_0_0_01365_load' <Predicate = (icmp_ln33)> <Delay = 0.00>
ST_1 : Operation 2458 [1/1] (0.00ns)   --->   "%p_0_5_0_0_01367_load = load i16 %p_0_5_0_0_01367"   --->   Operation 2458 'load' 'p_0_5_0_0_01367_load' <Predicate = (icmp_ln33)> <Delay = 0.00>
ST_1 : Operation 2459 [1/1] (0.00ns)   --->   "%p_0_6_0_0_01369_load = load i16 %p_0_6_0_0_01369"   --->   Operation 2459 'load' 'p_0_6_0_0_01369_load' <Predicate = (icmp_ln33)> <Delay = 0.00>
ST_1 : Operation 2460 [1/1] (0.00ns)   --->   "%p_0_1_0_0_01371_load = load i16 %p_0_1_0_0_01371"   --->   Operation 2460 'load' 'p_0_1_0_0_01371_load' <Predicate = (icmp_ln33)> <Delay = 0.00>
ST_1 : Operation 2461 [1/1] (0.00ns)   --->   "%p_0_2_0_0_01373_load = load i16 %p_0_2_0_0_01373"   --->   Operation 2461 'load' 'p_0_2_0_0_01373_load' <Predicate = (icmp_ln33)> <Delay = 0.00>
ST_1 : Operation 2462 [1/1] (0.00ns)   --->   "%p_0_5_0_0_01375_load = load i16 %p_0_5_0_0_01375"   --->   Operation 2462 'load' 'p_0_5_0_0_01375_load' <Predicate = (icmp_ln33)> <Delay = 0.00>
ST_1 : Operation 2463 [1/1] (0.00ns)   --->   "%p_0_6_0_0_01377_load = load i16 %p_0_6_0_0_01377"   --->   Operation 2463 'load' 'p_0_6_0_0_01377_load' <Predicate = (icmp_ln33)> <Delay = 0.00>
ST_1 : Operation 2464 [1/1] (0.00ns)   --->   "%p_0_1_0_0_01379_load = load i16 %p_0_1_0_0_01379"   --->   Operation 2464 'load' 'p_0_1_0_0_01379_load' <Predicate = (icmp_ln33)> <Delay = 0.00>
ST_1 : Operation 2465 [1/1] (0.00ns)   --->   "%p_0_2_0_0_01381_load = load i16 %p_0_2_0_0_01381"   --->   Operation 2465 'load' 'p_0_2_0_0_01381_load' <Predicate = (icmp_ln33)> <Delay = 0.00>
ST_1 : Operation 2466 [1/1] (0.00ns)   --->   "%p_0_5_0_0_01383_load = load i16 %p_0_5_0_0_01383"   --->   Operation 2466 'load' 'p_0_5_0_0_01383_load' <Predicate = (icmp_ln33)> <Delay = 0.00>
ST_1 : Operation 2467 [1/1] (0.00ns)   --->   "%p_0_6_0_0_01385_load = load i16 %p_0_6_0_0_01385"   --->   Operation 2467 'load' 'p_0_6_0_0_01385_load' <Predicate = (icmp_ln33)> <Delay = 0.00>
ST_1 : Operation 2468 [1/1] (0.00ns)   --->   "%p_0_1_0_0_01387_load = load i16 %p_0_1_0_0_01387"   --->   Operation 2468 'load' 'p_0_1_0_0_01387_load' <Predicate = (icmp_ln33)> <Delay = 0.00>
ST_1 : Operation 2469 [1/1] (0.00ns)   --->   "%p_0_2_0_0_01389_load = load i16 %p_0_2_0_0_01389"   --->   Operation 2469 'load' 'p_0_2_0_0_01389_load' <Predicate = (icmp_ln33)> <Delay = 0.00>
ST_1 : Operation 2470 [1/1] (0.00ns)   --->   "%p_0_4_0_0_01391_load = load i16 %p_0_4_0_0_01391"   --->   Operation 2470 'load' 'p_0_4_0_0_01391_load' <Predicate = (icmp_ln33)> <Delay = 0.00>
ST_1 : Operation 2471 [1/1] (0.00ns)   --->   "%p_0_5_0_0_01393_load = load i16 %p_0_5_0_0_01393"   --->   Operation 2471 'load' 'p_0_5_0_0_01393_load' <Predicate = (icmp_ln33)> <Delay = 0.00>
ST_1 : Operation 2472 [1/1] (0.00ns)   --->   "%p_0_6_0_0_01395_load = load i16 %p_0_6_0_0_01395"   --->   Operation 2472 'load' 'p_0_6_0_0_01395_load' <Predicate = (icmp_ln33)> <Delay = 0.00>
ST_1 : Operation 2473 [1/1] (0.00ns)   --->   "%p_0_1_0_0_01397_load = load i16 %p_0_1_0_0_01397"   --->   Operation 2473 'load' 'p_0_1_0_0_01397_load' <Predicate = (icmp_ln33)> <Delay = 0.00>
ST_1 : Operation 2474 [1/1] (0.00ns)   --->   "%p_0_2_0_0_01399_load = load i16 %p_0_2_0_0_01399"   --->   Operation 2474 'load' 'p_0_2_0_0_01399_load' <Predicate = (icmp_ln33)> <Delay = 0.00>
ST_1 : Operation 2475 [1/1] (0.00ns)   --->   "%p_0_5_0_0_01401_load = load i16 %p_0_5_0_0_01401"   --->   Operation 2475 'load' 'p_0_5_0_0_01401_load' <Predicate = (icmp_ln33)> <Delay = 0.00>
ST_1 : Operation 2476 [1/1] (0.00ns)   --->   "%p_0_6_0_0_01403_load = load i16 %p_0_6_0_0_01403"   --->   Operation 2476 'load' 'p_0_6_0_0_01403_load' <Predicate = (icmp_ln33)> <Delay = 0.00>
ST_1 : Operation 2477 [1/1] (0.00ns)   --->   "%p_0_1_0_0_01405_load = load i16 %p_0_1_0_0_01405"   --->   Operation 2477 'load' 'p_0_1_0_0_01405_load' <Predicate = (icmp_ln33)> <Delay = 0.00>
ST_1 : Operation 2478 [1/1] (0.00ns)   --->   "%p_0_2_0_0_01407_load = load i16 %p_0_2_0_0_01407"   --->   Operation 2478 'load' 'p_0_2_0_0_01407_load' <Predicate = (icmp_ln33)> <Delay = 0.00>
ST_1 : Operation 2479 [1/1] (0.00ns)   --->   "%p_0_5_0_0_01409_load = load i16 %p_0_5_0_0_01409"   --->   Operation 2479 'load' 'p_0_5_0_0_01409_load' <Predicate = (icmp_ln33)> <Delay = 0.00>
ST_1 : Operation 2480 [1/1] (0.00ns)   --->   "%p_0_6_0_0_01411_load = load i16 %p_0_6_0_0_01411"   --->   Operation 2480 'load' 'p_0_6_0_0_01411_load' <Predicate = (icmp_ln33)> <Delay = 0.00>
ST_1 : Operation 2481 [1/1] (0.00ns)   --->   "%p_0_0_0_0_01413_load = load i16 %p_0_0_0_0_01413"   --->   Operation 2481 'load' 'p_0_0_0_0_01413_load' <Predicate = (icmp_ln33)> <Delay = 0.00>
ST_1 : Operation 2482 [1/1] (0.00ns)   --->   "%p_0_1_0_0_01415_load = load i16 %p_0_1_0_0_01415"   --->   Operation 2482 'load' 'p_0_1_0_0_01415_load' <Predicate = (icmp_ln33)> <Delay = 0.00>
ST_1 : Operation 2483 [1/1] (0.00ns)   --->   "%p_0_2_0_0_01417_load = load i16 %p_0_2_0_0_01417"   --->   Operation 2483 'load' 'p_0_2_0_0_01417_load' <Predicate = (icmp_ln33)> <Delay = 0.00>
ST_1 : Operation 2484 [1/1] (0.00ns)   --->   "%p_0_4_0_0_01419_load = load i16 %p_0_4_0_0_01419"   --->   Operation 2484 'load' 'p_0_4_0_0_01419_load' <Predicate = (icmp_ln33)> <Delay = 0.00>
ST_1 : Operation 2485 [1/1] (0.00ns)   --->   "%p_0_5_0_0_01421_load = load i16 %p_0_5_0_0_01421"   --->   Operation 2485 'load' 'p_0_5_0_0_01421_load' <Predicate = (icmp_ln33)> <Delay = 0.00>
ST_1 : Operation 2486 [1/1] (0.00ns)   --->   "%p_0_6_0_0_01423_load = load i16 %p_0_6_0_0_01423"   --->   Operation 2486 'load' 'p_0_6_0_0_01423_load' <Predicate = (icmp_ln33)> <Delay = 0.00>
ST_1 : Operation 2487 [1/1] (0.00ns)   --->   "%p_0_1_0_0_01425_load = load i16 %p_0_1_0_0_01425"   --->   Operation 2487 'load' 'p_0_1_0_0_01425_load' <Predicate = (icmp_ln33)> <Delay = 0.00>
ST_1 : Operation 2488 [1/1] (0.00ns)   --->   "%p_0_2_0_0_01427_load = load i16 %p_0_2_0_0_01427"   --->   Operation 2488 'load' 'p_0_2_0_0_01427_load' <Predicate = (icmp_ln33)> <Delay = 0.00>
ST_1 : Operation 2489 [1/1] (0.00ns)   --->   "%p_0_3_0_0_01429_load = load i16 %p_0_3_0_0_01429"   --->   Operation 2489 'load' 'p_0_3_0_0_01429_load' <Predicate = (icmp_ln33)> <Delay = 0.00>
ST_1 : Operation 2490 [1/1] (0.00ns)   --->   "%p_0_5_0_0_01431_load = load i16 %p_0_5_0_0_01431"   --->   Operation 2490 'load' 'p_0_5_0_0_01431_load' <Predicate = (icmp_ln33)> <Delay = 0.00>
ST_1 : Operation 2491 [1/1] (0.00ns)   --->   "%p_0_6_0_0_01433_load = load i16 %p_0_6_0_0_01433"   --->   Operation 2491 'load' 'p_0_6_0_0_01433_load' <Predicate = (icmp_ln33)> <Delay = 0.00>
ST_1 : Operation 2492 [1/1] (0.00ns)   --->   "%p_0_0_0_0_01435_load = load i16 %p_0_0_0_0_01435"   --->   Operation 2492 'load' 'p_0_0_0_0_01435_load' <Predicate = (icmp_ln33)> <Delay = 0.00>
ST_1 : Operation 2493 [1/1] (0.00ns)   --->   "%p_0_1_0_0_01437_load = load i16 %p_0_1_0_0_01437"   --->   Operation 2493 'load' 'p_0_1_0_0_01437_load' <Predicate = (icmp_ln33)> <Delay = 0.00>
ST_1 : Operation 2494 [1/1] (0.00ns)   --->   "%p_0_2_0_0_01439_load = load i16 %p_0_2_0_0_01439"   --->   Operation 2494 'load' 'p_0_2_0_0_01439_load' <Predicate = (icmp_ln33)> <Delay = 0.00>
ST_1 : Operation 2495 [1/1] (0.00ns)   --->   "%p_0_5_0_0_01441_load = load i16 %p_0_5_0_0_01441"   --->   Operation 2495 'load' 'p_0_5_0_0_01441_load' <Predicate = (icmp_ln33)> <Delay = 0.00>
ST_1 : Operation 2496 [1/1] (0.00ns)   --->   "%p_0_6_0_0_01443_load = load i16 %p_0_6_0_0_01443"   --->   Operation 2496 'load' 'p_0_6_0_0_01443_load' <Predicate = (icmp_ln33)> <Delay = 0.00>
ST_1 : Operation 2497 [1/1] (0.00ns)   --->   "%p_0_1_0_0_01445_load = load i16 %p_0_1_0_0_01445"   --->   Operation 2497 'load' 'p_0_1_0_0_01445_load' <Predicate = (icmp_ln33)> <Delay = 0.00>
ST_1 : Operation 2498 [1/1] (0.00ns)   --->   "%p_0_2_0_0_01447_load = load i16 %p_0_2_0_0_01447"   --->   Operation 2498 'load' 'p_0_2_0_0_01447_load' <Predicate = (icmp_ln33)> <Delay = 0.00>
ST_1 : Operation 2499 [1/1] (0.00ns)   --->   "%p_0_5_0_0_01449_load = load i16 %p_0_5_0_0_01449"   --->   Operation 2499 'load' 'p_0_5_0_0_01449_load' <Predicate = (icmp_ln33)> <Delay = 0.00>
ST_1 : Operation 2500 [1/1] (0.00ns)   --->   "%p_0_6_0_0_01451_load = load i16 %p_0_6_0_0_01451"   --->   Operation 2500 'load' 'p_0_6_0_0_01451_load' <Predicate = (icmp_ln33)> <Delay = 0.00>
ST_1 : Operation 2501 [1/1] (0.00ns)   --->   "%p_0_1_0_0_01453_load = load i16 %p_0_1_0_0_01453"   --->   Operation 2501 'load' 'p_0_1_0_0_01453_load' <Predicate = (icmp_ln33)> <Delay = 0.00>
ST_1 : Operation 2502 [1/1] (0.00ns)   --->   "%p_0_2_0_0_01455_load = load i16 %p_0_2_0_0_01455"   --->   Operation 2502 'load' 'p_0_2_0_0_01455_load' <Predicate = (icmp_ln33)> <Delay = 0.00>
ST_1 : Operation 2503 [1/1] (0.00ns)   --->   "%p_0_5_0_0_01457_load = load i16 %p_0_5_0_0_01457"   --->   Operation 2503 'load' 'p_0_5_0_0_01457_load' <Predicate = (icmp_ln33)> <Delay = 0.00>
ST_1 : Operation 2504 [1/1] (0.00ns)   --->   "%p_0_6_0_0_01459_load = load i16 %p_0_6_0_0_01459"   --->   Operation 2504 'load' 'p_0_6_0_0_01459_load' <Predicate = (icmp_ln33)> <Delay = 0.00>
ST_1 : Operation 2505 [1/1] (0.00ns)   --->   "%p_0_1_0_0_01461_load = load i16 %p_0_1_0_0_01461"   --->   Operation 2505 'load' 'p_0_1_0_0_01461_load' <Predicate = (icmp_ln33)> <Delay = 0.00>
ST_1 : Operation 2506 [1/1] (0.00ns)   --->   "%p_0_2_0_0_01463_load = load i16 %p_0_2_0_0_01463"   --->   Operation 2506 'load' 'p_0_2_0_0_01463_load' <Predicate = (icmp_ln33)> <Delay = 0.00>
ST_1 : Operation 2507 [1/1] (0.00ns)   --->   "%p_0_5_0_0_01465_load = load i16 %p_0_5_0_0_01465"   --->   Operation 2507 'load' 'p_0_5_0_0_01465_load' <Predicate = (icmp_ln33)> <Delay = 0.00>
ST_1 : Operation 2508 [1/1] (0.00ns)   --->   "%p_0_6_0_0_01467_load = load i16 %p_0_6_0_0_01467"   --->   Operation 2508 'load' 'p_0_6_0_0_01467_load' <Predicate = (icmp_ln33)> <Delay = 0.00>
ST_1 : Operation 2509 [1/1] (0.00ns)   --->   "%p_0_1_0_0_01469_load = load i16 %p_0_1_0_0_01469"   --->   Operation 2509 'load' 'p_0_1_0_0_01469_load' <Predicate = (icmp_ln33)> <Delay = 0.00>
ST_1 : Operation 2510 [1/1] (0.00ns)   --->   "%p_0_2_0_0_01471_load = load i16 %p_0_2_0_0_01471"   --->   Operation 2510 'load' 'p_0_2_0_0_01471_load' <Predicate = (icmp_ln33)> <Delay = 0.00>
ST_1 : Operation 2511 [1/1] (0.00ns)   --->   "%p_0_5_0_0_01473_load = load i16 %p_0_5_0_0_01473"   --->   Operation 2511 'load' 'p_0_5_0_0_01473_load' <Predicate = (icmp_ln33)> <Delay = 0.00>
ST_1 : Operation 2512 [1/1] (0.00ns)   --->   "%p_0_6_0_0_01475_load = load i16 %p_0_6_0_0_01475"   --->   Operation 2512 'load' 'p_0_6_0_0_01475_load' <Predicate = (icmp_ln33)> <Delay = 0.00>
ST_1 : Operation 2513 [1/1] (0.00ns)   --->   "%p_0_0_0_0_01477_load = load i16 %p_0_0_0_0_01477"   --->   Operation 2513 'load' 'p_0_0_0_0_01477_load' <Predicate = (icmp_ln33)> <Delay = 0.00>
ST_1 : Operation 2514 [1/1] (0.00ns)   --->   "%p_0_1_0_0_01479_load = load i16 %p_0_1_0_0_01479"   --->   Operation 2514 'load' 'p_0_1_0_0_01479_load' <Predicate = (icmp_ln33)> <Delay = 0.00>
ST_1 : Operation 2515 [1/1] (0.00ns)   --->   "%p_0_2_0_0_01481_load = load i16 %p_0_2_0_0_01481"   --->   Operation 2515 'load' 'p_0_2_0_0_01481_load' <Predicate = (icmp_ln33)> <Delay = 0.00>
ST_1 : Operation 2516 [1/1] (0.00ns)   --->   "%p_0_5_0_0_01483_load = load i16 %p_0_5_0_0_01483"   --->   Operation 2516 'load' 'p_0_5_0_0_01483_load' <Predicate = (icmp_ln33)> <Delay = 0.00>
ST_1 : Operation 2517 [1/1] (0.00ns)   --->   "%p_0_6_0_0_01485_load = load i16 %p_0_6_0_0_01485"   --->   Operation 2517 'load' 'p_0_6_0_0_01485_load' <Predicate = (icmp_ln33)> <Delay = 0.00>
ST_1 : Operation 2518 [1/1] (0.00ns)   --->   "%p_0_1_0_0_01487_load = load i16 %p_0_1_0_0_01487"   --->   Operation 2518 'load' 'p_0_1_0_0_01487_load' <Predicate = (icmp_ln33)> <Delay = 0.00>
ST_1 : Operation 2519 [1/1] (0.00ns)   --->   "%p_0_2_0_0_01489_load = load i16 %p_0_2_0_0_01489"   --->   Operation 2519 'load' 'p_0_2_0_0_01489_load' <Predicate = (icmp_ln33)> <Delay = 0.00>
ST_1 : Operation 2520 [1/1] (0.00ns)   --->   "%p_0_5_0_0_01491_load = load i16 %p_0_5_0_0_01491"   --->   Operation 2520 'load' 'p_0_5_0_0_01491_load' <Predicate = (icmp_ln33)> <Delay = 0.00>
ST_1 : Operation 2521 [1/1] (0.00ns)   --->   "%p_0_6_0_0_01493_load = load i16 %p_0_6_0_0_01493"   --->   Operation 2521 'load' 'p_0_6_0_0_01493_load' <Predicate = (icmp_ln33)> <Delay = 0.00>
ST_1 : Operation 2522 [1/1] (0.00ns)   --->   "%p_0_0_0_0_01495_load = load i16 %p_0_0_0_0_01495"   --->   Operation 2522 'load' 'p_0_0_0_0_01495_load' <Predicate = (icmp_ln33)> <Delay = 0.00>
ST_1 : Operation 2523 [1/1] (0.00ns)   --->   "%p_0_1_0_0_01497_load = load i16 %p_0_1_0_0_01497"   --->   Operation 2523 'load' 'p_0_1_0_0_01497_load' <Predicate = (icmp_ln33)> <Delay = 0.00>
ST_1 : Operation 2524 [1/1] (0.00ns)   --->   "%p_0_2_0_0_01499_load = load i16 %p_0_2_0_0_01499"   --->   Operation 2524 'load' 'p_0_2_0_0_01499_load' <Predicate = (icmp_ln33)> <Delay = 0.00>
ST_1 : Operation 2525 [1/1] (0.00ns)   --->   "%p_0_5_0_0_01501_load = load i16 %p_0_5_0_0_01501"   --->   Operation 2525 'load' 'p_0_5_0_0_01501_load' <Predicate = (icmp_ln33)> <Delay = 0.00>
ST_1 : Operation 2526 [1/1] (0.00ns)   --->   "%p_0_6_0_0_01503_load = load i16 %p_0_6_0_0_01503"   --->   Operation 2526 'load' 'p_0_6_0_0_01503_load' <Predicate = (icmp_ln33)> <Delay = 0.00>
ST_1 : Operation 2527 [1/1] (0.00ns)   --->   "%p_0_1_0_0_01505_load = load i16 %p_0_1_0_0_01505"   --->   Operation 2527 'load' 'p_0_1_0_0_01505_load' <Predicate = (icmp_ln33)> <Delay = 0.00>
ST_1 : Operation 2528 [1/1] (0.00ns)   --->   "%p_0_2_0_0_01507_load = load i16 %p_0_2_0_0_01507"   --->   Operation 2528 'load' 'p_0_2_0_0_01507_load' <Predicate = (icmp_ln33)> <Delay = 0.00>
ST_1 : Operation 2529 [1/1] (0.00ns)   --->   "%p_0_3_0_0_01509_load = load i16 %p_0_3_0_0_01509"   --->   Operation 2529 'load' 'p_0_3_0_0_01509_load' <Predicate = (icmp_ln33)> <Delay = 0.00>
ST_1 : Operation 2530 [1/1] (0.00ns)   --->   "%p_0_5_0_0_01511_load = load i16 %p_0_5_0_0_01511"   --->   Operation 2530 'load' 'p_0_5_0_0_01511_load' <Predicate = (icmp_ln33)> <Delay = 0.00>
ST_1 : Operation 2531 [1/1] (0.00ns)   --->   "%p_0_6_0_0_01513_load = load i16 %p_0_6_0_0_01513"   --->   Operation 2531 'load' 'p_0_6_0_0_01513_load' <Predicate = (icmp_ln33)> <Delay = 0.00>
ST_1 : Operation 2532 [1/1] (0.00ns)   --->   "%p_0_1_0_0_01515_load = load i16 %p_0_1_0_0_01515"   --->   Operation 2532 'load' 'p_0_1_0_0_01515_load' <Predicate = (icmp_ln33)> <Delay = 0.00>
ST_1 : Operation 2533 [1/1] (0.00ns)   --->   "%p_0_2_0_0_01517_load = load i16 %p_0_2_0_0_01517"   --->   Operation 2533 'load' 'p_0_2_0_0_01517_load' <Predicate = (icmp_ln33)> <Delay = 0.00>
ST_1 : Operation 2534 [1/1] (0.00ns)   --->   "%p_0_5_0_0_01519_load = load i16 %p_0_5_0_0_01519"   --->   Operation 2534 'load' 'p_0_5_0_0_01519_load' <Predicate = (icmp_ln33)> <Delay = 0.00>
ST_1 : Operation 2535 [1/1] (0.00ns)   --->   "%p_0_6_0_0_01521_load = load i16 %p_0_6_0_0_01521"   --->   Operation 2535 'load' 'p_0_6_0_0_01521_load' <Predicate = (icmp_ln33)> <Delay = 0.00>
ST_1 : Operation 2536 [1/1] (0.00ns)   --->   "%p_0_1_0_0_01523_load = load i16 %p_0_1_0_0_01523"   --->   Operation 2536 'load' 'p_0_1_0_0_01523_load' <Predicate = (icmp_ln33)> <Delay = 0.00>
ST_1 : Operation 2537 [1/1] (0.00ns)   --->   "%p_0_2_0_0_01525_load = load i16 %p_0_2_0_0_01525"   --->   Operation 2537 'load' 'p_0_2_0_0_01525_load' <Predicate = (icmp_ln33)> <Delay = 0.00>
ST_1 : Operation 2538 [1/1] (0.00ns)   --->   "%p_0_5_0_0_01527_load = load i16 %p_0_5_0_0_01527"   --->   Operation 2538 'load' 'p_0_5_0_0_01527_load' <Predicate = (icmp_ln33)> <Delay = 0.00>
ST_1 : Operation 2539 [1/1] (0.00ns)   --->   "%p_0_6_0_0_01529_load = load i16 %p_0_6_0_0_01529"   --->   Operation 2539 'load' 'p_0_6_0_0_01529_load' <Predicate = (icmp_ln33)> <Delay = 0.00>
ST_1 : Operation 2540 [1/1] (0.00ns)   --->   "%p_0_1_0_0_01531_load = load i16 %p_0_1_0_0_01531"   --->   Operation 2540 'load' 'p_0_1_0_0_01531_load' <Predicate = (icmp_ln33)> <Delay = 0.00>
ST_1 : Operation 2541 [1/1] (0.00ns)   --->   "%p_0_2_0_0_01533_load = load i16 %p_0_2_0_0_01533"   --->   Operation 2541 'load' 'p_0_2_0_0_01533_load' <Predicate = (icmp_ln33)> <Delay = 0.00>
ST_1 : Operation 2542 [1/1] (0.00ns)   --->   "%p_0_5_0_0_01535_load = load i16 %p_0_5_0_0_01535"   --->   Operation 2542 'load' 'p_0_5_0_0_01535_load' <Predicate = (icmp_ln33)> <Delay = 0.00>
ST_1 : Operation 2543 [1/1] (0.00ns)   --->   "%p_0_6_0_0_01537_load = load i16 %p_0_6_0_0_01537"   --->   Operation 2543 'load' 'p_0_6_0_0_01537_load' <Predicate = (icmp_ln33)> <Delay = 0.00>
ST_1 : Operation 2544 [1/1] (0.00ns)   --->   "%p_0_1_0_0_01539_load = load i16 %p_0_1_0_0_01539"   --->   Operation 2544 'load' 'p_0_1_0_0_01539_load' <Predicate = (icmp_ln33)> <Delay = 0.00>
ST_1 : Operation 2545 [1/1] (0.00ns)   --->   "%p_0_2_0_0_01541_load = load i16 %p_0_2_0_0_01541"   --->   Operation 2545 'load' 'p_0_2_0_0_01541_load' <Predicate = (icmp_ln33)> <Delay = 0.00>
ST_1 : Operation 2546 [1/1] (0.00ns)   --->   "%p_0_5_0_0_01543_load = load i16 %p_0_5_0_0_01543"   --->   Operation 2546 'load' 'p_0_5_0_0_01543_load' <Predicate = (icmp_ln33)> <Delay = 0.00>
ST_1 : Operation 2547 [1/1] (0.00ns)   --->   "%p_0_6_0_0_01545_load = load i16 %p_0_6_0_0_01545"   --->   Operation 2547 'load' 'p_0_6_0_0_01545_load' <Predicate = (icmp_ln33)> <Delay = 0.00>
ST_1 : Operation 2548 [1/1] (0.00ns)   --->   "%p_0_1_0_0_01547_load = load i16 %p_0_1_0_0_01547"   --->   Operation 2548 'load' 'p_0_1_0_0_01547_load' <Predicate = (icmp_ln33)> <Delay = 0.00>
ST_1 : Operation 2549 [1/1] (0.00ns)   --->   "%p_0_2_0_0_01549_load = load i16 %p_0_2_0_0_01549"   --->   Operation 2549 'load' 'p_0_2_0_0_01549_load' <Predicate = (icmp_ln33)> <Delay = 0.00>
ST_1 : Operation 2550 [1/1] (0.00ns)   --->   "%p_0_5_0_0_01551_load = load i16 %p_0_5_0_0_01551"   --->   Operation 2550 'load' 'p_0_5_0_0_01551_load' <Predicate = (icmp_ln33)> <Delay = 0.00>
ST_1 : Operation 2551 [1/1] (0.00ns)   --->   "%p_0_6_0_0_01553_load = load i16 %p_0_6_0_0_01553"   --->   Operation 2551 'load' 'p_0_6_0_0_01553_load' <Predicate = (icmp_ln33)> <Delay = 0.00>
ST_1 : Operation 2552 [1/1] (0.00ns)   --->   "%p_0_1_0_0_01555_load = load i16 %p_0_1_0_0_01555"   --->   Operation 2552 'load' 'p_0_1_0_0_01555_load' <Predicate = (icmp_ln33)> <Delay = 0.00>
ST_1 : Operation 2553 [1/1] (0.00ns)   --->   "%p_0_2_0_0_01557_load = load i16 %p_0_2_0_0_01557"   --->   Operation 2553 'load' 'p_0_2_0_0_01557_load' <Predicate = (icmp_ln33)> <Delay = 0.00>
ST_1 : Operation 2554 [1/1] (0.00ns)   --->   "%p_0_5_0_0_01559_load = load i16 %p_0_5_0_0_01559"   --->   Operation 2554 'load' 'p_0_5_0_0_01559_load' <Predicate = (icmp_ln33)> <Delay = 0.00>
ST_1 : Operation 2555 [1/1] (0.00ns)   --->   "%p_0_6_0_0_01561_load = load i16 %p_0_6_0_0_01561"   --->   Operation 2555 'load' 'p_0_6_0_0_01561_load' <Predicate = (icmp_ln33)> <Delay = 0.00>
ST_1 : Operation 2556 [1/1] (0.00ns)   --->   "%p_0_1_0_0_01563_load = load i16 %p_0_1_0_0_01563"   --->   Operation 2556 'load' 'p_0_1_0_0_01563_load' <Predicate = (icmp_ln33)> <Delay = 0.00>
ST_1 : Operation 2557 [1/1] (0.00ns)   --->   "%p_0_2_0_0_01565_load = load i16 %p_0_2_0_0_01565"   --->   Operation 2557 'load' 'p_0_2_0_0_01565_load' <Predicate = (icmp_ln33)> <Delay = 0.00>
ST_1 : Operation 2558 [1/1] (0.00ns)   --->   "%p_0_5_0_0_01567_load = load i16 %p_0_5_0_0_01567"   --->   Operation 2558 'load' 'p_0_5_0_0_01567_load' <Predicate = (icmp_ln33)> <Delay = 0.00>
ST_1 : Operation 2559 [1/1] (0.00ns)   --->   "%p_0_6_0_0_01569_load = load i16 %p_0_6_0_0_01569"   --->   Operation 2559 'load' 'p_0_6_0_0_01569_load' <Predicate = (icmp_ln33)> <Delay = 0.00>
ST_1 : Operation 2560 [1/1] (0.00ns)   --->   "%p_0_1_0_0_01571_load = load i16 %p_0_1_0_0_01571"   --->   Operation 2560 'load' 'p_0_1_0_0_01571_load' <Predicate = (icmp_ln33)> <Delay = 0.00>
ST_1 : Operation 2561 [1/1] (0.00ns)   --->   "%p_0_2_0_0_01573_load = load i16 %p_0_2_0_0_01573"   --->   Operation 2561 'load' 'p_0_2_0_0_01573_load' <Predicate = (icmp_ln33)> <Delay = 0.00>
ST_1 : Operation 2562 [1/1] (0.00ns)   --->   "%p_0_4_0_0_01575_load = load i16 %p_0_4_0_0_01575"   --->   Operation 2562 'load' 'p_0_4_0_0_01575_load' <Predicate = (icmp_ln33)> <Delay = 0.00>
ST_1 : Operation 2563 [1/1] (0.00ns)   --->   "%p_0_5_0_0_01577_load = load i16 %p_0_5_0_0_01577"   --->   Operation 2563 'load' 'p_0_5_0_0_01577_load' <Predicate = (icmp_ln33)> <Delay = 0.00>
ST_1 : Operation 2564 [1/1] (0.00ns)   --->   "%p_0_6_0_0_01579_load = load i16 %p_0_6_0_0_01579"   --->   Operation 2564 'load' 'p_0_6_0_0_01579_load' <Predicate = (icmp_ln33)> <Delay = 0.00>
ST_1 : Operation 2565 [1/1] (0.00ns)   --->   "%write_ln0 = write void @_ssdm_op_Write.ap_auto.i16P0A, i16 %p_0_6_0_0_01579_out, i16 %p_0_6_0_0_01579_load"   --->   Operation 2565 'write' 'write_ln0' <Predicate = (icmp_ln33)> <Delay = 0.00>
ST_1 : Operation 2566 [1/1] (0.00ns)   --->   "%write_ln0 = write void @_ssdm_op_Write.ap_auto.i16P0A, i16 %p_0_5_0_0_01577_out, i16 %p_0_5_0_0_01577_load"   --->   Operation 2566 'write' 'write_ln0' <Predicate = (icmp_ln33)> <Delay = 0.00>
ST_1 : Operation 2567 [1/1] (0.00ns)   --->   "%write_ln0 = write void @_ssdm_op_Write.ap_auto.i16P0A, i16 %p_0_4_0_0_01575_out, i16 %p_0_4_0_0_01575_load"   --->   Operation 2567 'write' 'write_ln0' <Predicate = (icmp_ln33)> <Delay = 0.00>
ST_1 : Operation 2568 [1/1] (0.00ns)   --->   "%write_ln0 = write void @_ssdm_op_Write.ap_auto.i16P0A, i16 %p_0_2_0_0_01573_out, i16 %p_0_2_0_0_01573_load"   --->   Operation 2568 'write' 'write_ln0' <Predicate = (icmp_ln33)> <Delay = 0.00>
ST_1 : Operation 2569 [1/1] (0.00ns)   --->   "%write_ln0 = write void @_ssdm_op_Write.ap_auto.i16P0A, i16 %p_0_1_0_0_01571_out, i16 %p_0_1_0_0_01571_load"   --->   Operation 2569 'write' 'write_ln0' <Predicate = (icmp_ln33)> <Delay = 0.00>
ST_1 : Operation 2570 [1/1] (0.00ns)   --->   "%write_ln0 = write void @_ssdm_op_Write.ap_auto.i16P0A, i16 %p_0_6_0_0_01569_out, i16 %p_0_6_0_0_01569_load"   --->   Operation 2570 'write' 'write_ln0' <Predicate = (icmp_ln33)> <Delay = 0.00>
ST_1 : Operation 2571 [1/1] (0.00ns)   --->   "%write_ln0 = write void @_ssdm_op_Write.ap_auto.i16P0A, i16 %p_0_5_0_0_01567_out, i16 %p_0_5_0_0_01567_load"   --->   Operation 2571 'write' 'write_ln0' <Predicate = (icmp_ln33)> <Delay = 0.00>
ST_1 : Operation 2572 [1/1] (0.00ns)   --->   "%write_ln0 = write void @_ssdm_op_Write.ap_auto.i16P0A, i16 %p_0_2_0_0_01565_out, i16 %p_0_2_0_0_01565_load"   --->   Operation 2572 'write' 'write_ln0' <Predicate = (icmp_ln33)> <Delay = 0.00>
ST_1 : Operation 2573 [1/1] (0.00ns)   --->   "%write_ln0 = write void @_ssdm_op_Write.ap_auto.i16P0A, i16 %p_0_1_0_0_01563_out, i16 %p_0_1_0_0_01563_load"   --->   Operation 2573 'write' 'write_ln0' <Predicate = (icmp_ln33)> <Delay = 0.00>
ST_1 : Operation 2574 [1/1] (0.00ns)   --->   "%write_ln0 = write void @_ssdm_op_Write.ap_auto.i16P0A, i16 %p_0_6_0_0_01561_out, i16 %p_0_6_0_0_01561_load"   --->   Operation 2574 'write' 'write_ln0' <Predicate = (icmp_ln33)> <Delay = 0.00>
ST_1 : Operation 2575 [1/1] (0.00ns)   --->   "%write_ln0 = write void @_ssdm_op_Write.ap_auto.i16P0A, i16 %p_0_5_0_0_01559_out, i16 %p_0_5_0_0_01559_load"   --->   Operation 2575 'write' 'write_ln0' <Predicate = (icmp_ln33)> <Delay = 0.00>
ST_1 : Operation 2576 [1/1] (0.00ns)   --->   "%write_ln0 = write void @_ssdm_op_Write.ap_auto.i16P0A, i16 %p_0_2_0_0_01557_out, i16 %p_0_2_0_0_01557_load"   --->   Operation 2576 'write' 'write_ln0' <Predicate = (icmp_ln33)> <Delay = 0.00>
ST_1 : Operation 2577 [1/1] (0.00ns)   --->   "%write_ln0 = write void @_ssdm_op_Write.ap_auto.i16P0A, i16 %p_0_1_0_0_01555_out, i16 %p_0_1_0_0_01555_load"   --->   Operation 2577 'write' 'write_ln0' <Predicate = (icmp_ln33)> <Delay = 0.00>
ST_1 : Operation 2578 [1/1] (0.00ns)   --->   "%write_ln0 = write void @_ssdm_op_Write.ap_auto.i16P0A, i16 %p_0_6_0_0_01553_out, i16 %p_0_6_0_0_01553_load"   --->   Operation 2578 'write' 'write_ln0' <Predicate = (icmp_ln33)> <Delay = 0.00>
ST_1 : Operation 2579 [1/1] (0.00ns)   --->   "%write_ln0 = write void @_ssdm_op_Write.ap_auto.i16P0A, i16 %p_0_5_0_0_01551_out, i16 %p_0_5_0_0_01551_load"   --->   Operation 2579 'write' 'write_ln0' <Predicate = (icmp_ln33)> <Delay = 0.00>
ST_1 : Operation 2580 [1/1] (0.00ns)   --->   "%write_ln0 = write void @_ssdm_op_Write.ap_auto.i16P0A, i16 %p_0_2_0_0_01549_out, i16 %p_0_2_0_0_01549_load"   --->   Operation 2580 'write' 'write_ln0' <Predicate = (icmp_ln33)> <Delay = 0.00>
ST_1 : Operation 2581 [1/1] (0.00ns)   --->   "%write_ln0 = write void @_ssdm_op_Write.ap_auto.i16P0A, i16 %p_0_1_0_0_01547_out, i16 %p_0_1_0_0_01547_load"   --->   Operation 2581 'write' 'write_ln0' <Predicate = (icmp_ln33)> <Delay = 0.00>
ST_1 : Operation 2582 [1/1] (0.00ns)   --->   "%write_ln0 = write void @_ssdm_op_Write.ap_auto.i16P0A, i16 %p_0_6_0_0_01545_out, i16 %p_0_6_0_0_01545_load"   --->   Operation 2582 'write' 'write_ln0' <Predicate = (icmp_ln33)> <Delay = 0.00>
ST_1 : Operation 2583 [1/1] (0.00ns)   --->   "%write_ln0 = write void @_ssdm_op_Write.ap_auto.i16P0A, i16 %p_0_5_0_0_01543_out, i16 %p_0_5_0_0_01543_load"   --->   Operation 2583 'write' 'write_ln0' <Predicate = (icmp_ln33)> <Delay = 0.00>
ST_1 : Operation 2584 [1/1] (0.00ns)   --->   "%write_ln0 = write void @_ssdm_op_Write.ap_auto.i16P0A, i16 %p_0_2_0_0_01541_out, i16 %p_0_2_0_0_01541_load"   --->   Operation 2584 'write' 'write_ln0' <Predicate = (icmp_ln33)> <Delay = 0.00>
ST_1 : Operation 2585 [1/1] (0.00ns)   --->   "%write_ln0 = write void @_ssdm_op_Write.ap_auto.i16P0A, i16 %p_0_1_0_0_01539_out, i16 %p_0_1_0_0_01539_load"   --->   Operation 2585 'write' 'write_ln0' <Predicate = (icmp_ln33)> <Delay = 0.00>
ST_1 : Operation 2586 [1/1] (0.00ns)   --->   "%write_ln0 = write void @_ssdm_op_Write.ap_auto.i16P0A, i16 %p_0_6_0_0_01537_out, i16 %p_0_6_0_0_01537_load"   --->   Operation 2586 'write' 'write_ln0' <Predicate = (icmp_ln33)> <Delay = 0.00>
ST_1 : Operation 2587 [1/1] (0.00ns)   --->   "%write_ln0 = write void @_ssdm_op_Write.ap_auto.i16P0A, i16 %p_0_5_0_0_01535_out, i16 %p_0_5_0_0_01535_load"   --->   Operation 2587 'write' 'write_ln0' <Predicate = (icmp_ln33)> <Delay = 0.00>
ST_1 : Operation 2588 [1/1] (0.00ns)   --->   "%write_ln0 = write void @_ssdm_op_Write.ap_auto.i16P0A, i16 %p_0_2_0_0_01533_out, i16 %p_0_2_0_0_01533_load"   --->   Operation 2588 'write' 'write_ln0' <Predicate = (icmp_ln33)> <Delay = 0.00>
ST_1 : Operation 2589 [1/1] (0.00ns)   --->   "%write_ln0 = write void @_ssdm_op_Write.ap_auto.i16P0A, i16 %p_0_1_0_0_01531_out, i16 %p_0_1_0_0_01531_load"   --->   Operation 2589 'write' 'write_ln0' <Predicate = (icmp_ln33)> <Delay = 0.00>
ST_1 : Operation 2590 [1/1] (0.00ns)   --->   "%write_ln0 = write void @_ssdm_op_Write.ap_auto.i16P0A, i16 %p_0_6_0_0_01529_out, i16 %p_0_6_0_0_01529_load"   --->   Operation 2590 'write' 'write_ln0' <Predicate = (icmp_ln33)> <Delay = 0.00>
ST_1 : Operation 2591 [1/1] (0.00ns)   --->   "%write_ln0 = write void @_ssdm_op_Write.ap_auto.i16P0A, i16 %p_0_5_0_0_01527_out, i16 %p_0_5_0_0_01527_load"   --->   Operation 2591 'write' 'write_ln0' <Predicate = (icmp_ln33)> <Delay = 0.00>
ST_1 : Operation 2592 [1/1] (0.00ns)   --->   "%write_ln0 = write void @_ssdm_op_Write.ap_auto.i16P0A, i16 %p_0_2_0_0_01525_out, i16 %p_0_2_0_0_01525_load"   --->   Operation 2592 'write' 'write_ln0' <Predicate = (icmp_ln33)> <Delay = 0.00>
ST_1 : Operation 2593 [1/1] (0.00ns)   --->   "%write_ln0 = write void @_ssdm_op_Write.ap_auto.i16P0A, i16 %p_0_1_0_0_01523_out, i16 %p_0_1_0_0_01523_load"   --->   Operation 2593 'write' 'write_ln0' <Predicate = (icmp_ln33)> <Delay = 0.00>
ST_1 : Operation 2594 [1/1] (0.00ns)   --->   "%write_ln0 = write void @_ssdm_op_Write.ap_auto.i16P0A, i16 %p_0_6_0_0_01521_out, i16 %p_0_6_0_0_01521_load"   --->   Operation 2594 'write' 'write_ln0' <Predicate = (icmp_ln33)> <Delay = 0.00>
ST_1 : Operation 2595 [1/1] (0.00ns)   --->   "%write_ln0 = write void @_ssdm_op_Write.ap_auto.i16P0A, i16 %p_0_5_0_0_01519_out, i16 %p_0_5_0_0_01519_load"   --->   Operation 2595 'write' 'write_ln0' <Predicate = (icmp_ln33)> <Delay = 0.00>
ST_1 : Operation 2596 [1/1] (0.00ns)   --->   "%write_ln0 = write void @_ssdm_op_Write.ap_auto.i16P0A, i16 %p_0_2_0_0_01517_out, i16 %p_0_2_0_0_01517_load"   --->   Operation 2596 'write' 'write_ln0' <Predicate = (icmp_ln33)> <Delay = 0.00>
ST_1 : Operation 2597 [1/1] (0.00ns)   --->   "%write_ln0 = write void @_ssdm_op_Write.ap_auto.i16P0A, i16 %p_0_1_0_0_01515_out, i16 %p_0_1_0_0_01515_load"   --->   Operation 2597 'write' 'write_ln0' <Predicate = (icmp_ln33)> <Delay = 0.00>
ST_1 : Operation 2598 [1/1] (0.00ns)   --->   "%write_ln0 = write void @_ssdm_op_Write.ap_auto.i16P0A, i16 %p_0_6_0_0_01513_out, i16 %p_0_6_0_0_01513_load"   --->   Operation 2598 'write' 'write_ln0' <Predicate = (icmp_ln33)> <Delay = 0.00>
ST_1 : Operation 2599 [1/1] (0.00ns)   --->   "%write_ln0 = write void @_ssdm_op_Write.ap_auto.i16P0A, i16 %p_0_5_0_0_01511_out, i16 %p_0_5_0_0_01511_load"   --->   Operation 2599 'write' 'write_ln0' <Predicate = (icmp_ln33)> <Delay = 0.00>
ST_1 : Operation 2600 [1/1] (0.00ns)   --->   "%write_ln0 = write void @_ssdm_op_Write.ap_auto.i16P0A, i16 %p_0_3_0_0_01509_out, i16 %p_0_3_0_0_01509_load"   --->   Operation 2600 'write' 'write_ln0' <Predicate = (icmp_ln33)> <Delay = 0.00>
ST_1 : Operation 2601 [1/1] (0.00ns)   --->   "%write_ln0 = write void @_ssdm_op_Write.ap_auto.i16P0A, i16 %p_0_2_0_0_01507_out, i16 %p_0_2_0_0_01507_load"   --->   Operation 2601 'write' 'write_ln0' <Predicate = (icmp_ln33)> <Delay = 0.00>
ST_1 : Operation 2602 [1/1] (0.00ns)   --->   "%write_ln0 = write void @_ssdm_op_Write.ap_auto.i16P0A, i16 %p_0_1_0_0_01505_out, i16 %p_0_1_0_0_01505_load"   --->   Operation 2602 'write' 'write_ln0' <Predicate = (icmp_ln33)> <Delay = 0.00>
ST_1 : Operation 2603 [1/1] (0.00ns)   --->   "%write_ln0 = write void @_ssdm_op_Write.ap_auto.i16P0A, i16 %p_0_6_0_0_01503_out, i16 %p_0_6_0_0_01503_load"   --->   Operation 2603 'write' 'write_ln0' <Predicate = (icmp_ln33)> <Delay = 0.00>
ST_1 : Operation 2604 [1/1] (0.00ns)   --->   "%write_ln0 = write void @_ssdm_op_Write.ap_auto.i16P0A, i16 %p_0_5_0_0_01501_out, i16 %p_0_5_0_0_01501_load"   --->   Operation 2604 'write' 'write_ln0' <Predicate = (icmp_ln33)> <Delay = 0.00>
ST_1 : Operation 2605 [1/1] (0.00ns)   --->   "%write_ln0 = write void @_ssdm_op_Write.ap_auto.i16P0A, i16 %p_0_2_0_0_01499_out, i16 %p_0_2_0_0_01499_load"   --->   Operation 2605 'write' 'write_ln0' <Predicate = (icmp_ln33)> <Delay = 0.00>
ST_1 : Operation 2606 [1/1] (0.00ns)   --->   "%write_ln0 = write void @_ssdm_op_Write.ap_auto.i16P0A, i16 %p_0_1_0_0_01497_out, i16 %p_0_1_0_0_01497_load"   --->   Operation 2606 'write' 'write_ln0' <Predicate = (icmp_ln33)> <Delay = 0.00>
ST_1 : Operation 2607 [1/1] (0.00ns)   --->   "%write_ln0 = write void @_ssdm_op_Write.ap_auto.i16P0A, i16 %p_0_0_0_0_01495_out, i16 %p_0_0_0_0_01495_load"   --->   Operation 2607 'write' 'write_ln0' <Predicate = (icmp_ln33)> <Delay = 0.00>
ST_1 : Operation 2608 [1/1] (0.00ns)   --->   "%write_ln0 = write void @_ssdm_op_Write.ap_auto.i16P0A, i16 %p_0_6_0_0_01493_out, i16 %p_0_6_0_0_01493_load"   --->   Operation 2608 'write' 'write_ln0' <Predicate = (icmp_ln33)> <Delay = 0.00>
ST_1 : Operation 2609 [1/1] (0.00ns)   --->   "%write_ln0 = write void @_ssdm_op_Write.ap_auto.i16P0A, i16 %p_0_5_0_0_01491_out, i16 %p_0_5_0_0_01491_load"   --->   Operation 2609 'write' 'write_ln0' <Predicate = (icmp_ln33)> <Delay = 0.00>
ST_1 : Operation 2610 [1/1] (0.00ns)   --->   "%write_ln0 = write void @_ssdm_op_Write.ap_auto.i16P0A, i16 %p_0_2_0_0_01489_out, i16 %p_0_2_0_0_01489_load"   --->   Operation 2610 'write' 'write_ln0' <Predicate = (icmp_ln33)> <Delay = 0.00>
ST_1 : Operation 2611 [1/1] (0.00ns)   --->   "%write_ln0 = write void @_ssdm_op_Write.ap_auto.i16P0A, i16 %p_0_1_0_0_01487_out, i16 %p_0_1_0_0_01487_load"   --->   Operation 2611 'write' 'write_ln0' <Predicate = (icmp_ln33)> <Delay = 0.00>
ST_1 : Operation 2612 [1/1] (0.00ns)   --->   "%write_ln0 = write void @_ssdm_op_Write.ap_auto.i16P0A, i16 %p_0_6_0_0_01485_out, i16 %p_0_6_0_0_01485_load"   --->   Operation 2612 'write' 'write_ln0' <Predicate = (icmp_ln33)> <Delay = 0.00>
ST_1 : Operation 2613 [1/1] (0.00ns)   --->   "%write_ln0 = write void @_ssdm_op_Write.ap_auto.i16P0A, i16 %p_0_5_0_0_01483_out, i16 %p_0_5_0_0_01483_load"   --->   Operation 2613 'write' 'write_ln0' <Predicate = (icmp_ln33)> <Delay = 0.00>
ST_1 : Operation 2614 [1/1] (0.00ns)   --->   "%write_ln0 = write void @_ssdm_op_Write.ap_auto.i16P0A, i16 %p_0_2_0_0_01481_out, i16 %p_0_2_0_0_01481_load"   --->   Operation 2614 'write' 'write_ln0' <Predicate = (icmp_ln33)> <Delay = 0.00>
ST_1 : Operation 2615 [1/1] (0.00ns)   --->   "%write_ln0 = write void @_ssdm_op_Write.ap_auto.i16P0A, i16 %p_0_1_0_0_01479_out, i16 %p_0_1_0_0_01479_load"   --->   Operation 2615 'write' 'write_ln0' <Predicate = (icmp_ln33)> <Delay = 0.00>
ST_1 : Operation 2616 [1/1] (0.00ns)   --->   "%write_ln0 = write void @_ssdm_op_Write.ap_auto.i16P0A, i16 %p_0_0_0_0_01477_out, i16 %p_0_0_0_0_01477_load"   --->   Operation 2616 'write' 'write_ln0' <Predicate = (icmp_ln33)> <Delay = 0.00>
ST_1 : Operation 2617 [1/1] (0.00ns)   --->   "%write_ln0 = write void @_ssdm_op_Write.ap_auto.i16P0A, i16 %p_0_6_0_0_01475_out, i16 %p_0_6_0_0_01475_load"   --->   Operation 2617 'write' 'write_ln0' <Predicate = (icmp_ln33)> <Delay = 0.00>
ST_1 : Operation 2618 [1/1] (0.00ns)   --->   "%write_ln0 = write void @_ssdm_op_Write.ap_auto.i16P0A, i16 %p_0_5_0_0_01473_out, i16 %p_0_5_0_0_01473_load"   --->   Operation 2618 'write' 'write_ln0' <Predicate = (icmp_ln33)> <Delay = 0.00>
ST_1 : Operation 2619 [1/1] (0.00ns)   --->   "%write_ln0 = write void @_ssdm_op_Write.ap_auto.i16P0A, i16 %p_0_2_0_0_01471_out, i16 %p_0_2_0_0_01471_load"   --->   Operation 2619 'write' 'write_ln0' <Predicate = (icmp_ln33)> <Delay = 0.00>
ST_1 : Operation 2620 [1/1] (0.00ns)   --->   "%write_ln0 = write void @_ssdm_op_Write.ap_auto.i16P0A, i16 %p_0_1_0_0_01469_out, i16 %p_0_1_0_0_01469_load"   --->   Operation 2620 'write' 'write_ln0' <Predicate = (icmp_ln33)> <Delay = 0.00>
ST_1 : Operation 2621 [1/1] (0.00ns)   --->   "%write_ln0 = write void @_ssdm_op_Write.ap_auto.i16P0A, i16 %p_0_6_0_0_01467_out, i16 %p_0_6_0_0_01467_load"   --->   Operation 2621 'write' 'write_ln0' <Predicate = (icmp_ln33)> <Delay = 0.00>
ST_1 : Operation 2622 [1/1] (0.00ns)   --->   "%write_ln0 = write void @_ssdm_op_Write.ap_auto.i16P0A, i16 %p_0_5_0_0_01465_out, i16 %p_0_5_0_0_01465_load"   --->   Operation 2622 'write' 'write_ln0' <Predicate = (icmp_ln33)> <Delay = 0.00>
ST_1 : Operation 2623 [1/1] (0.00ns)   --->   "%write_ln0 = write void @_ssdm_op_Write.ap_auto.i16P0A, i16 %p_0_2_0_0_01463_out, i16 %p_0_2_0_0_01463_load"   --->   Operation 2623 'write' 'write_ln0' <Predicate = (icmp_ln33)> <Delay = 0.00>
ST_1 : Operation 2624 [1/1] (0.00ns)   --->   "%write_ln0 = write void @_ssdm_op_Write.ap_auto.i16P0A, i16 %p_0_1_0_0_01461_out, i16 %p_0_1_0_0_01461_load"   --->   Operation 2624 'write' 'write_ln0' <Predicate = (icmp_ln33)> <Delay = 0.00>
ST_1 : Operation 2625 [1/1] (0.00ns)   --->   "%write_ln0 = write void @_ssdm_op_Write.ap_auto.i16P0A, i16 %p_0_6_0_0_01459_out, i16 %p_0_6_0_0_01459_load"   --->   Operation 2625 'write' 'write_ln0' <Predicate = (icmp_ln33)> <Delay = 0.00>
ST_1 : Operation 2626 [1/1] (0.00ns)   --->   "%write_ln0 = write void @_ssdm_op_Write.ap_auto.i16P0A, i16 %p_0_5_0_0_01457_out, i16 %p_0_5_0_0_01457_load"   --->   Operation 2626 'write' 'write_ln0' <Predicate = (icmp_ln33)> <Delay = 0.00>
ST_1 : Operation 2627 [1/1] (0.00ns)   --->   "%write_ln0 = write void @_ssdm_op_Write.ap_auto.i16P0A, i16 %p_0_2_0_0_01455_out, i16 %p_0_2_0_0_01455_load"   --->   Operation 2627 'write' 'write_ln0' <Predicate = (icmp_ln33)> <Delay = 0.00>
ST_1 : Operation 2628 [1/1] (0.00ns)   --->   "%write_ln0 = write void @_ssdm_op_Write.ap_auto.i16P0A, i16 %p_0_1_0_0_01453_out, i16 %p_0_1_0_0_01453_load"   --->   Operation 2628 'write' 'write_ln0' <Predicate = (icmp_ln33)> <Delay = 0.00>
ST_1 : Operation 2629 [1/1] (0.00ns)   --->   "%write_ln0 = write void @_ssdm_op_Write.ap_auto.i16P0A, i16 %p_0_6_0_0_01451_out, i16 %p_0_6_0_0_01451_load"   --->   Operation 2629 'write' 'write_ln0' <Predicate = (icmp_ln33)> <Delay = 0.00>
ST_1 : Operation 2630 [1/1] (0.00ns)   --->   "%write_ln0 = write void @_ssdm_op_Write.ap_auto.i16P0A, i16 %p_0_5_0_0_01449_out, i16 %p_0_5_0_0_01449_load"   --->   Operation 2630 'write' 'write_ln0' <Predicate = (icmp_ln33)> <Delay = 0.00>
ST_1 : Operation 2631 [1/1] (0.00ns)   --->   "%write_ln0 = write void @_ssdm_op_Write.ap_auto.i16P0A, i16 %p_0_2_0_0_01447_out, i16 %p_0_2_0_0_01447_load"   --->   Operation 2631 'write' 'write_ln0' <Predicate = (icmp_ln33)> <Delay = 0.00>
ST_1 : Operation 2632 [1/1] (0.00ns)   --->   "%write_ln0 = write void @_ssdm_op_Write.ap_auto.i16P0A, i16 %p_0_1_0_0_01445_out, i16 %p_0_1_0_0_01445_load"   --->   Operation 2632 'write' 'write_ln0' <Predicate = (icmp_ln33)> <Delay = 0.00>
ST_1 : Operation 2633 [1/1] (0.00ns)   --->   "%write_ln0 = write void @_ssdm_op_Write.ap_auto.i16P0A, i16 %p_0_6_0_0_01443_out, i16 %p_0_6_0_0_01443_load"   --->   Operation 2633 'write' 'write_ln0' <Predicate = (icmp_ln33)> <Delay = 0.00>
ST_1 : Operation 2634 [1/1] (0.00ns)   --->   "%write_ln0 = write void @_ssdm_op_Write.ap_auto.i16P0A, i16 %p_0_5_0_0_01441_out, i16 %p_0_5_0_0_01441_load"   --->   Operation 2634 'write' 'write_ln0' <Predicate = (icmp_ln33)> <Delay = 0.00>
ST_1 : Operation 2635 [1/1] (0.00ns)   --->   "%write_ln0 = write void @_ssdm_op_Write.ap_auto.i16P0A, i16 %p_0_2_0_0_01439_out, i16 %p_0_2_0_0_01439_load"   --->   Operation 2635 'write' 'write_ln0' <Predicate = (icmp_ln33)> <Delay = 0.00>
ST_1 : Operation 2636 [1/1] (0.00ns)   --->   "%write_ln0 = write void @_ssdm_op_Write.ap_auto.i16P0A, i16 %p_0_1_0_0_01437_out, i16 %p_0_1_0_0_01437_load"   --->   Operation 2636 'write' 'write_ln0' <Predicate = (icmp_ln33)> <Delay = 0.00>
ST_1 : Operation 2637 [1/1] (0.00ns)   --->   "%write_ln0 = write void @_ssdm_op_Write.ap_auto.i16P0A, i16 %p_0_0_0_0_01435_out, i16 %p_0_0_0_0_01435_load"   --->   Operation 2637 'write' 'write_ln0' <Predicate = (icmp_ln33)> <Delay = 0.00>
ST_1 : Operation 2638 [1/1] (0.00ns)   --->   "%write_ln0 = write void @_ssdm_op_Write.ap_auto.i16P0A, i16 %p_0_6_0_0_01433_out, i16 %p_0_6_0_0_01433_load"   --->   Operation 2638 'write' 'write_ln0' <Predicate = (icmp_ln33)> <Delay = 0.00>
ST_1 : Operation 2639 [1/1] (0.00ns)   --->   "%write_ln0 = write void @_ssdm_op_Write.ap_auto.i16P0A, i16 %p_0_5_0_0_01431_out, i16 %p_0_5_0_0_01431_load"   --->   Operation 2639 'write' 'write_ln0' <Predicate = (icmp_ln33)> <Delay = 0.00>
ST_1 : Operation 2640 [1/1] (0.00ns)   --->   "%write_ln0 = write void @_ssdm_op_Write.ap_auto.i16P0A, i16 %p_0_3_0_0_01429_out, i16 %p_0_3_0_0_01429_load"   --->   Operation 2640 'write' 'write_ln0' <Predicate = (icmp_ln33)> <Delay = 0.00>
ST_1 : Operation 2641 [1/1] (0.00ns)   --->   "%write_ln0 = write void @_ssdm_op_Write.ap_auto.i16P0A, i16 %p_0_2_0_0_01427_out, i16 %p_0_2_0_0_01427_load"   --->   Operation 2641 'write' 'write_ln0' <Predicate = (icmp_ln33)> <Delay = 0.00>
ST_1 : Operation 2642 [1/1] (0.00ns)   --->   "%write_ln0 = write void @_ssdm_op_Write.ap_auto.i16P0A, i16 %p_0_1_0_0_01425_out, i16 %p_0_1_0_0_01425_load"   --->   Operation 2642 'write' 'write_ln0' <Predicate = (icmp_ln33)> <Delay = 0.00>
ST_1 : Operation 2643 [1/1] (0.00ns)   --->   "%write_ln0 = write void @_ssdm_op_Write.ap_auto.i16P0A, i16 %p_0_6_0_0_01423_out, i16 %p_0_6_0_0_01423_load"   --->   Operation 2643 'write' 'write_ln0' <Predicate = (icmp_ln33)> <Delay = 0.00>
ST_1 : Operation 2644 [1/1] (0.00ns)   --->   "%write_ln0 = write void @_ssdm_op_Write.ap_auto.i16P0A, i16 %p_0_5_0_0_01421_out, i16 %p_0_5_0_0_01421_load"   --->   Operation 2644 'write' 'write_ln0' <Predicate = (icmp_ln33)> <Delay = 0.00>
ST_1 : Operation 2645 [1/1] (0.00ns)   --->   "%write_ln0 = write void @_ssdm_op_Write.ap_auto.i16P0A, i16 %p_0_4_0_0_01419_out, i16 %p_0_4_0_0_01419_load"   --->   Operation 2645 'write' 'write_ln0' <Predicate = (icmp_ln33)> <Delay = 0.00>
ST_1 : Operation 2646 [1/1] (0.00ns)   --->   "%write_ln0 = write void @_ssdm_op_Write.ap_auto.i16P0A, i16 %p_0_2_0_0_01417_out, i16 %p_0_2_0_0_01417_load"   --->   Operation 2646 'write' 'write_ln0' <Predicate = (icmp_ln33)> <Delay = 0.00>
ST_1 : Operation 2647 [1/1] (0.00ns)   --->   "%write_ln0 = write void @_ssdm_op_Write.ap_auto.i16P0A, i16 %p_0_1_0_0_01415_out, i16 %p_0_1_0_0_01415_load"   --->   Operation 2647 'write' 'write_ln0' <Predicate = (icmp_ln33)> <Delay = 0.00>
ST_1 : Operation 2648 [1/1] (0.00ns)   --->   "%write_ln0 = write void @_ssdm_op_Write.ap_auto.i16P0A, i16 %p_0_0_0_0_01413_out, i16 %p_0_0_0_0_01413_load"   --->   Operation 2648 'write' 'write_ln0' <Predicate = (icmp_ln33)> <Delay = 0.00>
ST_1 : Operation 2649 [1/1] (0.00ns)   --->   "%write_ln0 = write void @_ssdm_op_Write.ap_auto.i16P0A, i16 %p_0_6_0_0_01411_out, i16 %p_0_6_0_0_01411_load"   --->   Operation 2649 'write' 'write_ln0' <Predicate = (icmp_ln33)> <Delay = 0.00>
ST_1 : Operation 2650 [1/1] (0.00ns)   --->   "%write_ln0 = write void @_ssdm_op_Write.ap_auto.i16P0A, i16 %p_0_5_0_0_01409_out, i16 %p_0_5_0_0_01409_load"   --->   Operation 2650 'write' 'write_ln0' <Predicate = (icmp_ln33)> <Delay = 0.00>
ST_1 : Operation 2651 [1/1] (0.00ns)   --->   "%write_ln0 = write void @_ssdm_op_Write.ap_auto.i16P0A, i16 %p_0_2_0_0_01407_out, i16 %p_0_2_0_0_01407_load"   --->   Operation 2651 'write' 'write_ln0' <Predicate = (icmp_ln33)> <Delay = 0.00>
ST_1 : Operation 2652 [1/1] (0.00ns)   --->   "%write_ln0 = write void @_ssdm_op_Write.ap_auto.i16P0A, i16 %p_0_1_0_0_01405_out, i16 %p_0_1_0_0_01405_load"   --->   Operation 2652 'write' 'write_ln0' <Predicate = (icmp_ln33)> <Delay = 0.00>
ST_1 : Operation 2653 [1/1] (0.00ns)   --->   "%write_ln0 = write void @_ssdm_op_Write.ap_auto.i16P0A, i16 %p_0_6_0_0_01403_out, i16 %p_0_6_0_0_01403_load"   --->   Operation 2653 'write' 'write_ln0' <Predicate = (icmp_ln33)> <Delay = 0.00>
ST_1 : Operation 2654 [1/1] (0.00ns)   --->   "%write_ln0 = write void @_ssdm_op_Write.ap_auto.i16P0A, i16 %p_0_5_0_0_01401_out, i16 %p_0_5_0_0_01401_load"   --->   Operation 2654 'write' 'write_ln0' <Predicate = (icmp_ln33)> <Delay = 0.00>
ST_1 : Operation 2655 [1/1] (0.00ns)   --->   "%write_ln0 = write void @_ssdm_op_Write.ap_auto.i16P0A, i16 %p_0_2_0_0_01399_out, i16 %p_0_2_0_0_01399_load"   --->   Operation 2655 'write' 'write_ln0' <Predicate = (icmp_ln33)> <Delay = 0.00>
ST_1 : Operation 2656 [1/1] (0.00ns)   --->   "%write_ln0 = write void @_ssdm_op_Write.ap_auto.i16P0A, i16 %p_0_1_0_0_01397_out, i16 %p_0_1_0_0_01397_load"   --->   Operation 2656 'write' 'write_ln0' <Predicate = (icmp_ln33)> <Delay = 0.00>
ST_1 : Operation 2657 [1/1] (0.00ns)   --->   "%write_ln0 = write void @_ssdm_op_Write.ap_auto.i16P0A, i16 %p_0_6_0_0_01395_out, i16 %p_0_6_0_0_01395_load"   --->   Operation 2657 'write' 'write_ln0' <Predicate = (icmp_ln33)> <Delay = 0.00>
ST_1 : Operation 2658 [1/1] (0.00ns)   --->   "%write_ln0 = write void @_ssdm_op_Write.ap_auto.i16P0A, i16 %p_0_5_0_0_01393_out, i16 %p_0_5_0_0_01393_load"   --->   Operation 2658 'write' 'write_ln0' <Predicate = (icmp_ln33)> <Delay = 0.00>
ST_1 : Operation 2659 [1/1] (0.00ns)   --->   "%write_ln0 = write void @_ssdm_op_Write.ap_auto.i16P0A, i16 %p_0_4_0_0_01391_out, i16 %p_0_4_0_0_01391_load"   --->   Operation 2659 'write' 'write_ln0' <Predicate = (icmp_ln33)> <Delay = 0.00>
ST_1 : Operation 2660 [1/1] (0.00ns)   --->   "%write_ln0 = write void @_ssdm_op_Write.ap_auto.i16P0A, i16 %p_0_2_0_0_01389_out, i16 %p_0_2_0_0_01389_load"   --->   Operation 2660 'write' 'write_ln0' <Predicate = (icmp_ln33)> <Delay = 0.00>
ST_1 : Operation 2661 [1/1] (0.00ns)   --->   "%write_ln0 = write void @_ssdm_op_Write.ap_auto.i16P0A, i16 %p_0_1_0_0_01387_out, i16 %p_0_1_0_0_01387_load"   --->   Operation 2661 'write' 'write_ln0' <Predicate = (icmp_ln33)> <Delay = 0.00>
ST_1 : Operation 2662 [1/1] (0.00ns)   --->   "%write_ln0 = write void @_ssdm_op_Write.ap_auto.i16P0A, i16 %p_0_6_0_0_01385_out, i16 %p_0_6_0_0_01385_load"   --->   Operation 2662 'write' 'write_ln0' <Predicate = (icmp_ln33)> <Delay = 0.00>
ST_1 : Operation 2663 [1/1] (0.00ns)   --->   "%write_ln0 = write void @_ssdm_op_Write.ap_auto.i16P0A, i16 %p_0_5_0_0_01383_out, i16 %p_0_5_0_0_01383_load"   --->   Operation 2663 'write' 'write_ln0' <Predicate = (icmp_ln33)> <Delay = 0.00>
ST_1 : Operation 2664 [1/1] (0.00ns)   --->   "%write_ln0 = write void @_ssdm_op_Write.ap_auto.i16P0A, i16 %p_0_2_0_0_01381_out, i16 %p_0_2_0_0_01381_load"   --->   Operation 2664 'write' 'write_ln0' <Predicate = (icmp_ln33)> <Delay = 0.00>
ST_1 : Operation 2665 [1/1] (0.00ns)   --->   "%write_ln0 = write void @_ssdm_op_Write.ap_auto.i16P0A, i16 %p_0_1_0_0_01379_out, i16 %p_0_1_0_0_01379_load"   --->   Operation 2665 'write' 'write_ln0' <Predicate = (icmp_ln33)> <Delay = 0.00>
ST_1 : Operation 2666 [1/1] (0.00ns)   --->   "%write_ln0 = write void @_ssdm_op_Write.ap_auto.i16P0A, i16 %p_0_6_0_0_01377_out, i16 %p_0_6_0_0_01377_load"   --->   Operation 2666 'write' 'write_ln0' <Predicate = (icmp_ln33)> <Delay = 0.00>
ST_1 : Operation 2667 [1/1] (0.00ns)   --->   "%write_ln0 = write void @_ssdm_op_Write.ap_auto.i16P0A, i16 %p_0_5_0_0_01375_out, i16 %p_0_5_0_0_01375_load"   --->   Operation 2667 'write' 'write_ln0' <Predicate = (icmp_ln33)> <Delay = 0.00>
ST_1 : Operation 2668 [1/1] (0.00ns)   --->   "%write_ln0 = write void @_ssdm_op_Write.ap_auto.i16P0A, i16 %p_0_2_0_0_01373_out, i16 %p_0_2_0_0_01373_load"   --->   Operation 2668 'write' 'write_ln0' <Predicate = (icmp_ln33)> <Delay = 0.00>
ST_1 : Operation 2669 [1/1] (0.00ns)   --->   "%write_ln0 = write void @_ssdm_op_Write.ap_auto.i16P0A, i16 %p_0_1_0_0_01371_out, i16 %p_0_1_0_0_01371_load"   --->   Operation 2669 'write' 'write_ln0' <Predicate = (icmp_ln33)> <Delay = 0.00>
ST_1 : Operation 2670 [1/1] (0.00ns)   --->   "%write_ln0 = write void @_ssdm_op_Write.ap_auto.i16P0A, i16 %p_0_6_0_0_01369_out, i16 %p_0_6_0_0_01369_load"   --->   Operation 2670 'write' 'write_ln0' <Predicate = (icmp_ln33)> <Delay = 0.00>
ST_1 : Operation 2671 [1/1] (0.00ns)   --->   "%write_ln0 = write void @_ssdm_op_Write.ap_auto.i16P0A, i16 %p_0_5_0_0_01367_out, i16 %p_0_5_0_0_01367_load"   --->   Operation 2671 'write' 'write_ln0' <Predicate = (icmp_ln33)> <Delay = 0.00>
ST_1 : Operation 2672 [1/1] (0.00ns)   --->   "%write_ln0 = write void @_ssdm_op_Write.ap_auto.i16P0A, i16 %p_0_2_0_0_01365_out, i16 %p_0_2_0_0_01365_load"   --->   Operation 2672 'write' 'write_ln0' <Predicate = (icmp_ln33)> <Delay = 0.00>
ST_1 : Operation 2673 [1/1] (0.00ns)   --->   "%write_ln0 = write void @_ssdm_op_Write.ap_auto.i16P0A, i16 %p_0_1_0_0_01363_out, i16 %p_0_1_0_0_01363_load"   --->   Operation 2673 'write' 'write_ln0' <Predicate = (icmp_ln33)> <Delay = 0.00>
ST_1 : Operation 2674 [1/1] (0.00ns)   --->   "%write_ln0 = write void @_ssdm_op_Write.ap_auto.i16P0A, i16 %p_0_6_0_0_01361_out, i16 %p_0_6_0_0_01361_load"   --->   Operation 2674 'write' 'write_ln0' <Predicate = (icmp_ln33)> <Delay = 0.00>
ST_1 : Operation 2675 [1/1] (0.00ns)   --->   "%write_ln0 = write void @_ssdm_op_Write.ap_auto.i16P0A, i16 %p_0_5_0_0_01359_out, i16 %p_0_5_0_0_01359_load"   --->   Operation 2675 'write' 'write_ln0' <Predicate = (icmp_ln33)> <Delay = 0.00>
ST_1 : Operation 2676 [1/1] (0.00ns)   --->   "%write_ln0 = write void @_ssdm_op_Write.ap_auto.i16P0A, i16 %p_0_3_0_0_01357_out, i16 %p_0_3_0_0_01357_load"   --->   Operation 2676 'write' 'write_ln0' <Predicate = (icmp_ln33)> <Delay = 0.00>
ST_1 : Operation 2677 [1/1] (0.00ns)   --->   "%write_ln0 = write void @_ssdm_op_Write.ap_auto.i16P0A, i16 %p_0_2_0_0_01355_out, i16 %p_0_2_0_0_01355_load"   --->   Operation 2677 'write' 'write_ln0' <Predicate = (icmp_ln33)> <Delay = 0.00>
ST_1 : Operation 2678 [1/1] (0.00ns)   --->   "%write_ln0 = write void @_ssdm_op_Write.ap_auto.i16P0A, i16 %p_0_1_0_0_01353_out, i16 %p_0_1_0_0_01353_load"   --->   Operation 2678 'write' 'write_ln0' <Predicate = (icmp_ln33)> <Delay = 0.00>
ST_1 : Operation 2679 [1/1] (0.00ns)   --->   "%write_ln0 = write void @_ssdm_op_Write.ap_auto.i16P0A, i16 %p_0_6_0_0_01351_out, i16 %p_0_6_0_0_01351_load"   --->   Operation 2679 'write' 'write_ln0' <Predicate = (icmp_ln33)> <Delay = 0.00>
ST_1 : Operation 2680 [1/1] (0.00ns)   --->   "%write_ln0 = write void @_ssdm_op_Write.ap_auto.i16P0A, i16 %p_0_5_0_0_01349_out, i16 %p_0_5_0_0_01349_load"   --->   Operation 2680 'write' 'write_ln0' <Predicate = (icmp_ln33)> <Delay = 0.00>
ST_1 : Operation 2681 [1/1] (0.00ns)   --->   "%write_ln0 = write void @_ssdm_op_Write.ap_auto.i16P0A, i16 %p_0_2_0_0_01347_out, i16 %p_0_2_0_0_01347_load"   --->   Operation 2681 'write' 'write_ln0' <Predicate = (icmp_ln33)> <Delay = 0.00>
ST_1 : Operation 2682 [1/1] (0.00ns)   --->   "%write_ln0 = write void @_ssdm_op_Write.ap_auto.i16P0A, i16 %p_0_1_0_0_01345_out, i16 %p_0_1_0_0_01345_load"   --->   Operation 2682 'write' 'write_ln0' <Predicate = (icmp_ln33)> <Delay = 0.00>
ST_1 : Operation 2683 [1/1] (0.00ns)   --->   "%write_ln0 = write void @_ssdm_op_Write.ap_auto.i16P0A, i16 %p_0_6_0_0_01343_out, i16 %p_0_6_0_0_01343_load"   --->   Operation 2683 'write' 'write_ln0' <Predicate = (icmp_ln33)> <Delay = 0.00>
ST_1 : Operation 2684 [1/1] (0.00ns)   --->   "%write_ln0 = write void @_ssdm_op_Write.ap_auto.i16P0A, i16 %p_0_5_0_0_01341_out, i16 %p_0_5_0_0_01341_load"   --->   Operation 2684 'write' 'write_ln0' <Predicate = (icmp_ln33)> <Delay = 0.00>
ST_1 : Operation 2685 [1/1] (0.00ns)   --->   "%write_ln0 = write void @_ssdm_op_Write.ap_auto.i16P0A, i16 %p_0_2_0_0_01339_out, i16 %p_0_2_0_0_01339_load"   --->   Operation 2685 'write' 'write_ln0' <Predicate = (icmp_ln33)> <Delay = 0.00>
ST_1 : Operation 2686 [1/1] (0.00ns)   --->   "%write_ln0 = write void @_ssdm_op_Write.ap_auto.i16P0A, i16 %p_0_1_0_0_01337_out, i16 %p_0_1_0_0_01337_load"   --->   Operation 2686 'write' 'write_ln0' <Predicate = (icmp_ln33)> <Delay = 0.00>
ST_1 : Operation 2687 [1/1] (0.00ns)   --->   "%write_ln0 = write void @_ssdm_op_Write.ap_auto.i16P0A, i16 %p_0_6_0_0_01335_out, i16 %p_0_6_0_0_01335_load"   --->   Operation 2687 'write' 'write_ln0' <Predicate = (icmp_ln33)> <Delay = 0.00>
ST_1 : Operation 2688 [1/1] (0.00ns)   --->   "%write_ln0 = write void @_ssdm_op_Write.ap_auto.i16P0A, i16 %p_0_5_0_0_01333_out, i16 %p_0_5_0_0_01333_load"   --->   Operation 2688 'write' 'write_ln0' <Predicate = (icmp_ln33)> <Delay = 0.00>
ST_1 : Operation 2689 [1/1] (0.00ns)   --->   "%write_ln0 = write void @_ssdm_op_Write.ap_auto.i16P0A, i16 %p_0_2_0_0_01331_out, i16 %p_0_2_0_0_01331_load"   --->   Operation 2689 'write' 'write_ln0' <Predicate = (icmp_ln33)> <Delay = 0.00>
ST_1 : Operation 2690 [1/1] (0.00ns)   --->   "%write_ln0 = write void @_ssdm_op_Write.ap_auto.i16P0A, i16 %p_0_1_0_0_01329_out, i16 %p_0_1_0_0_01329_load"   --->   Operation 2690 'write' 'write_ln0' <Predicate = (icmp_ln33)> <Delay = 0.00>
ST_1 : Operation 2691 [1/1] (0.00ns)   --->   "%write_ln0 = write void @_ssdm_op_Write.ap_auto.i16P0A, i16 %p_0_6_0_0_01327_out, i16 %p_0_6_0_0_01327_load"   --->   Operation 2691 'write' 'write_ln0' <Predicate = (icmp_ln33)> <Delay = 0.00>
ST_1 : Operation 2692 [1/1] (0.00ns)   --->   "%write_ln0 = write void @_ssdm_op_Write.ap_auto.i16P0A, i16 %p_0_5_0_0_01325_out, i16 %p_0_5_0_0_01325_load"   --->   Operation 2692 'write' 'write_ln0' <Predicate = (icmp_ln33)> <Delay = 0.00>
ST_1 : Operation 2693 [1/1] (0.00ns)   --->   "%write_ln0 = write void @_ssdm_op_Write.ap_auto.i16P0A, i16 %p_0_2_0_0_01323_out, i16 %p_0_2_0_0_01323_load"   --->   Operation 2693 'write' 'write_ln0' <Predicate = (icmp_ln33)> <Delay = 0.00>
ST_1 : Operation 2694 [1/1] (0.00ns)   --->   "%write_ln0 = write void @_ssdm_op_Write.ap_auto.i16P0A, i16 %p_0_1_0_0_01321_out, i16 %p_0_1_0_0_01321_load"   --->   Operation 2694 'write' 'write_ln0' <Predicate = (icmp_ln33)> <Delay = 0.00>
ST_1 : Operation 2695 [1/1] (0.00ns)   --->   "%write_ln0 = write void @_ssdm_op_Write.ap_auto.i16P0A, i16 %p_0_6_0_0_01319_out, i16 %p_0_6_0_0_01319_load"   --->   Operation 2695 'write' 'write_ln0' <Predicate = (icmp_ln33)> <Delay = 0.00>
ST_1 : Operation 2696 [1/1] (0.00ns)   --->   "%write_ln0 = write void @_ssdm_op_Write.ap_auto.i16P0A, i16 %p_0_5_0_0_01317_out, i16 %p_0_5_0_0_01317_load"   --->   Operation 2696 'write' 'write_ln0' <Predicate = (icmp_ln33)> <Delay = 0.00>
ST_1 : Operation 2697 [1/1] (0.00ns)   --->   "%write_ln0 = write void @_ssdm_op_Write.ap_auto.i16P0A, i16 %p_0_2_0_0_01315_out, i16 %p_0_2_0_0_01315_load"   --->   Operation 2697 'write' 'write_ln0' <Predicate = (icmp_ln33)> <Delay = 0.00>
ST_1 : Operation 2698 [1/1] (0.00ns)   --->   "%write_ln0 = write void @_ssdm_op_Write.ap_auto.i16P0A, i16 %p_0_1_0_0_01313_out, i16 %p_0_1_0_0_01313_load"   --->   Operation 2698 'write' 'write_ln0' <Predicate = (icmp_ln33)> <Delay = 0.00>
ST_1 : Operation 2699 [1/1] (0.00ns)   --->   "%write_ln0 = write void @_ssdm_op_Write.ap_auto.i16P0A, i16 %p_0_6_0_0_01311_out, i16 %p_0_6_0_0_01311_load"   --->   Operation 2699 'write' 'write_ln0' <Predicate = (icmp_ln33)> <Delay = 0.00>
ST_1 : Operation 2700 [1/1] (0.00ns)   --->   "%write_ln0 = write void @_ssdm_op_Write.ap_auto.i16P0A, i16 %p_0_5_0_0_01309_out, i16 %p_0_5_0_0_01309_load"   --->   Operation 2700 'write' 'write_ln0' <Predicate = (icmp_ln33)> <Delay = 0.00>
ST_1 : Operation 2701 [1/1] (0.00ns)   --->   "%write_ln0 = write void @_ssdm_op_Write.ap_auto.i16P0A, i16 %p_0_2_0_0_01307_out, i16 %p_0_2_0_0_01307_load"   --->   Operation 2701 'write' 'write_ln0' <Predicate = (icmp_ln33)> <Delay = 0.00>
ST_1 : Operation 2702 [1/1] (0.00ns)   --->   "%write_ln0 = write void @_ssdm_op_Write.ap_auto.i16P0A, i16 %p_0_1_0_0_01305_out, i16 %p_0_1_0_0_01305_load"   --->   Operation 2702 'write' 'write_ln0' <Predicate = (icmp_ln33)> <Delay = 0.00>
ST_1 : Operation 2703 [1/1] (0.00ns)   --->   "%write_ln0 = write void @_ssdm_op_Write.ap_auto.i16P0A, i16 %p_0_6_0_0_01303_out, i16 %p_0_6_0_0_01303_load"   --->   Operation 2703 'write' 'write_ln0' <Predicate = (icmp_ln33)> <Delay = 0.00>
ST_1 : Operation 2704 [1/1] (0.00ns)   --->   "%write_ln0 = write void @_ssdm_op_Write.ap_auto.i16P0A, i16 %p_0_5_0_0_01301_out, i16 %p_0_5_0_0_01301_load"   --->   Operation 2704 'write' 'write_ln0' <Predicate = (icmp_ln33)> <Delay = 0.00>
ST_1 : Operation 2705 [1/1] (0.00ns)   --->   "%write_ln0 = write void @_ssdm_op_Write.ap_auto.i16P0A, i16 %p_0_2_0_0_01299_out, i16 %p_0_2_0_0_01299_load"   --->   Operation 2705 'write' 'write_ln0' <Predicate = (icmp_ln33)> <Delay = 0.00>
ST_1 : Operation 2706 [1/1] (0.00ns)   --->   "%write_ln0 = write void @_ssdm_op_Write.ap_auto.i16P0A, i16 %p_0_1_0_0_01297_out, i16 %p_0_1_0_0_01297_load"   --->   Operation 2706 'write' 'write_ln0' <Predicate = (icmp_ln33)> <Delay = 0.00>
ST_1 : Operation 2707 [1/1] (0.00ns)   --->   "%write_ln0 = write void @_ssdm_op_Write.ap_auto.i16P0A, i16 %p_0_0_0_0_01295_out, i16 %p_0_0_0_0_01295_load"   --->   Operation 2707 'write' 'write_ln0' <Predicate = (icmp_ln33)> <Delay = 0.00>
ST_1 : Operation 2708 [1/1] (0.00ns)   --->   "%write_ln0 = write void @_ssdm_op_Write.ap_auto.i16P0A, i16 %p_0_6_0_0_01293_out, i16 %p_0_6_0_0_01293_load"   --->   Operation 2708 'write' 'write_ln0' <Predicate = (icmp_ln33)> <Delay = 0.00>
ST_1 : Operation 2709 [1/1] (0.00ns)   --->   "%write_ln0 = write void @_ssdm_op_Write.ap_auto.i16P0A, i16 %p_0_5_0_0_01291_out, i16 %p_0_5_0_0_01291_load"   --->   Operation 2709 'write' 'write_ln0' <Predicate = (icmp_ln33)> <Delay = 0.00>
ST_1 : Operation 2710 [1/1] (0.00ns)   --->   "%write_ln0 = write void @_ssdm_op_Write.ap_auto.i16P0A, i16 %p_0_2_0_0_01289_out, i16 %p_0_2_0_0_01289_load"   --->   Operation 2710 'write' 'write_ln0' <Predicate = (icmp_ln33)> <Delay = 0.00>
ST_1 : Operation 2711 [1/1] (0.00ns)   --->   "%write_ln0 = write void @_ssdm_op_Write.ap_auto.i16P0A, i16 %p_0_0_0_0_01287_out, i16 %p_0_0_0_0_01287_load"   --->   Operation 2711 'write' 'write_ln0' <Predicate = (icmp_ln33)> <Delay = 0.00>
ST_1 : Operation 2712 [1/1] (0.00ns)   --->   "%write_ln0 = write void @_ssdm_op_Write.ap_auto.i16P0A, i16 %p_0_6_0_0_01285_out, i16 %p_0_6_0_0_01285_load"   --->   Operation 2712 'write' 'write_ln0' <Predicate = (icmp_ln33)> <Delay = 0.00>
ST_1 : Operation 2713 [1/1] (0.00ns)   --->   "%write_ln0 = write void @_ssdm_op_Write.ap_auto.i16P0A, i16 %p_0_5_0_0_01283_out, i16 %p_0_5_0_0_01283_load"   --->   Operation 2713 'write' 'write_ln0' <Predicate = (icmp_ln33)> <Delay = 0.00>
ST_1 : Operation 2714 [1/1] (0.00ns)   --->   "%write_ln0 = write void @_ssdm_op_Write.ap_auto.i16P0A, i16 %p_0_1_0_0_01281_out, i16 %p_0_1_0_0_01281_load"   --->   Operation 2714 'write' 'write_ln0' <Predicate = (icmp_ln33)> <Delay = 0.00>
ST_1 : Operation 2715 [1/1] (0.00ns)   --->   "%write_ln0 = write void @_ssdm_op_Write.ap_auto.i16P0A, i16 %p_0_0_0_0_01279_out, i16 %p_0_0_0_0_01279_load"   --->   Operation 2715 'write' 'write_ln0' <Predicate = (icmp_ln33)> <Delay = 0.00>
ST_1 : Operation 2716 [1/1] (0.00ns)   --->   "%write_ln0 = write void @_ssdm_op_Write.ap_auto.i16P0A, i16 %p_0_6_0_0_01277_out, i16 %p_0_6_0_0_01277_load"   --->   Operation 2716 'write' 'write_ln0' <Predicate = (icmp_ln33)> <Delay = 0.00>
ST_1 : Operation 2717 [1/1] (0.00ns)   --->   "%write_ln0 = write void @_ssdm_op_Write.ap_auto.i16P0A, i16 %p_0_5_0_0_01275_out, i16 %p_0_5_0_0_01275_load"   --->   Operation 2717 'write' 'write_ln0' <Predicate = (icmp_ln33)> <Delay = 0.00>
ST_1 : Operation 2718 [1/1] (0.00ns)   --->   "%write_ln0 = write void @_ssdm_op_Write.ap_auto.i16P0A, i16 %p_0_2_0_0_01273_out, i16 %p_0_2_0_0_01273_load"   --->   Operation 2718 'write' 'write_ln0' <Predicate = (icmp_ln33)> <Delay = 0.00>
ST_1 : Operation 2719 [1/1] (0.00ns)   --->   "%write_ln0 = write void @_ssdm_op_Write.ap_auto.i16P0A, i16 %p_0_1_0_0_01271_out, i16 %p_0_1_0_0_01271_load"   --->   Operation 2719 'write' 'write_ln0' <Predicate = (icmp_ln33)> <Delay = 0.00>
ST_1 : Operation 2720 [1/1] (0.00ns)   --->   "%write_ln0 = write void @_ssdm_op_Write.ap_auto.i16P0A, i16 %p_0_0_0_0_01269_out, i16 %p_0_0_0_0_01269_load"   --->   Operation 2720 'write' 'write_ln0' <Predicate = (icmp_ln33)> <Delay = 0.00>
ST_1 : Operation 2721 [1/1] (0.00ns)   --->   "%write_ln0 = write void @_ssdm_op_Write.ap_auto.i16P0A, i16 %p_0_6_0_0_01267_out, i16 %p_0_6_0_0_01267_load"   --->   Operation 2721 'write' 'write_ln0' <Predicate = (icmp_ln33)> <Delay = 0.00>
ST_1 : Operation 2722 [1/1] (0.00ns)   --->   "%write_ln0 = write void @_ssdm_op_Write.ap_auto.i16P0A, i16 %p_0_5_0_0_01265_out, i16 %p_0_5_0_0_01265_load"   --->   Operation 2722 'write' 'write_ln0' <Predicate = (icmp_ln33)> <Delay = 0.00>
ST_1 : Operation 2723 [1/1] (0.00ns)   --->   "%write_ln0 = write void @_ssdm_op_Write.ap_auto.i16P0A, i16 %p_0_4_0_0_01263_out, i16 %p_0_4_0_0_01263_load"   --->   Operation 2723 'write' 'write_ln0' <Predicate = (icmp_ln33)> <Delay = 0.00>
ST_1 : Operation 2724 [1/1] (0.00ns)   --->   "%write_ln0 = write void @_ssdm_op_Write.ap_auto.i16P0A, i16 %p_0_2_0_0_01261_out, i16 %p_0_2_0_0_01261_load"   --->   Operation 2724 'write' 'write_ln0' <Predicate = (icmp_ln33)> <Delay = 0.00>
ST_1 : Operation 2725 [1/1] (0.00ns)   --->   "%write_ln0 = write void @_ssdm_op_Write.ap_auto.i16P0A, i16 %p_0_6_0_0_01259_out, i16 %p_0_6_0_0_01259_load"   --->   Operation 2725 'write' 'write_ln0' <Predicate = (icmp_ln33)> <Delay = 0.00>
ST_1 : Operation 2726 [1/1] (0.00ns)   --->   "%write_ln0 = write void @_ssdm_op_Write.ap_auto.i16P0A, i16 %p_0_5_0_0_01257_out, i16 %p_0_5_0_0_01257_load"   --->   Operation 2726 'write' 'write_ln0' <Predicate = (icmp_ln33)> <Delay = 0.00>
ST_1 : Operation 2727 [1/1] (0.00ns)   --->   "%write_ln0 = write void @_ssdm_op_Write.ap_auto.i16P0A, i16 %p_0_4_0_0_01255_out, i16 %p_0_4_0_0_01255_load"   --->   Operation 2727 'write' 'write_ln0' <Predicate = (icmp_ln33)> <Delay = 0.00>
ST_1 : Operation 2728 [1/1] (0.00ns)   --->   "%write_ln0 = write void @_ssdm_op_Write.ap_auto.i16P0A, i16 %p_0_3_0_0_01253_out, i16 %p_0_3_0_0_01253_load"   --->   Operation 2728 'write' 'write_ln0' <Predicate = (icmp_ln33)> <Delay = 0.00>
ST_1 : Operation 2729 [1/1] (0.00ns)   --->   "%write_ln0 = write void @_ssdm_op_Write.ap_auto.i16P0A, i16 %p_0_2_0_0_01251_out, i16 %p_0_2_0_0_01251_load"   --->   Operation 2729 'write' 'write_ln0' <Predicate = (icmp_ln33)> <Delay = 0.00>
ST_1 : Operation 2730 [1/1] (0.00ns)   --->   "%write_ln0 = write void @_ssdm_op_Write.ap_auto.i16P0A, i16 %p_0_1_0_0_01249_out, i16 %p_0_1_0_0_01249_load"   --->   Operation 2730 'write' 'write_ln0' <Predicate = (icmp_ln33)> <Delay = 0.00>
ST_1 : Operation 2731 [1/1] (0.00ns)   --->   "%write_ln0 = write void @_ssdm_op_Write.ap_auto.i16P0A, i16 %p_0_0_0_0_01247_out, i16 %p_0_0_0_0_01247_load"   --->   Operation 2731 'write' 'write_ln0' <Predicate = (icmp_ln33)> <Delay = 0.00>
ST_1 : Operation 2732 [1/1] (0.00ns)   --->   "%write_ln0 = write void @_ssdm_op_Write.ap_auto.i16P0A, i16 %p_0_6_0_0_01245_out, i16 %p_0_6_0_0_01245_load"   --->   Operation 2732 'write' 'write_ln0' <Predicate = (icmp_ln33)> <Delay = 0.00>
ST_1 : Operation 2733 [1/1] (0.00ns)   --->   "%write_ln0 = write void @_ssdm_op_Write.ap_auto.i16P0A, i16 %p_0_5_0_0_01243_out, i16 %p_0_5_0_0_01243_load"   --->   Operation 2733 'write' 'write_ln0' <Predicate = (icmp_ln33)> <Delay = 0.00>
ST_1 : Operation 2734 [1/1] (0.00ns)   --->   "%write_ln0 = write void @_ssdm_op_Write.ap_auto.i16P0A, i16 %p_0_4_0_0_01241_out, i16 %p_0_4_0_0_01241_load"   --->   Operation 2734 'write' 'write_ln0' <Predicate = (icmp_ln33)> <Delay = 0.00>
ST_1 : Operation 2735 [1/1] (0.00ns)   --->   "%write_ln0 = write void @_ssdm_op_Write.ap_auto.i16P0A, i16 %p_0_3_0_0_01239_out, i16 %p_0_3_0_0_01239_load"   --->   Operation 2735 'write' 'write_ln0' <Predicate = (icmp_ln33)> <Delay = 0.00>
ST_1 : Operation 2736 [1/1] (0.00ns)   --->   "%write_ln0 = write void @_ssdm_op_Write.ap_auto.i16P0A, i16 %p_0_2_0_0_01237_out, i16 %p_0_2_0_0_01237_load"   --->   Operation 2736 'write' 'write_ln0' <Predicate = (icmp_ln33)> <Delay = 0.00>
ST_1 : Operation 2737 [1/1] (0.00ns)   --->   "%write_ln0 = write void @_ssdm_op_Write.ap_auto.i16P0A, i16 %p_0_1_0_0_01235_out, i16 %p_0_1_0_0_01235_load"   --->   Operation 2737 'write' 'write_ln0' <Predicate = (icmp_ln33)> <Delay = 0.00>
ST_1 : Operation 2738 [1/1] (0.00ns)   --->   "%write_ln0 = write void @_ssdm_op_Write.ap_auto.i16P0A, i16 %p_0_0_0_0_01233_out, i16 %p_0_0_0_0_01233_load"   --->   Operation 2738 'write' 'write_ln0' <Predicate = (icmp_ln33)> <Delay = 0.00>
ST_1 : Operation 2739 [1/1] (0.00ns)   --->   "%write_ln0 = write void @_ssdm_op_Write.ap_auto.i16P0A, i16 %p_0_6_0_0_01231_out, i16 %p_0_6_0_0_01231_load"   --->   Operation 2739 'write' 'write_ln0' <Predicate = (icmp_ln33)> <Delay = 0.00>
ST_1 : Operation 2740 [1/1] (0.00ns)   --->   "%write_ln0 = write void @_ssdm_op_Write.ap_auto.i16P0A, i16 %p_0_5_0_0_01229_out, i16 %p_0_5_0_0_01229_load"   --->   Operation 2740 'write' 'write_ln0' <Predicate = (icmp_ln33)> <Delay = 0.00>
ST_1 : Operation 2741 [1/1] (0.00ns)   --->   "%write_ln0 = write void @_ssdm_op_Write.ap_auto.i16P0A, i16 %p_0_4_0_0_01227_out, i16 %p_0_4_0_0_01227_load"   --->   Operation 2741 'write' 'write_ln0' <Predicate = (icmp_ln33)> <Delay = 0.00>
ST_1 : Operation 2742 [1/1] (0.00ns)   --->   "%write_ln0 = write void @_ssdm_op_Write.ap_auto.i16P0A, i16 %p_0_3_0_0_01225_out, i16 %p_0_3_0_0_01225_load"   --->   Operation 2742 'write' 'write_ln0' <Predicate = (icmp_ln33)> <Delay = 0.00>
ST_1 : Operation 2743 [1/1] (0.00ns)   --->   "%write_ln0 = write void @_ssdm_op_Write.ap_auto.i16P0A, i16 %p_0_2_0_0_01223_out, i16 %p_0_2_0_0_01223_load"   --->   Operation 2743 'write' 'write_ln0' <Predicate = (icmp_ln33)> <Delay = 0.00>
ST_1 : Operation 2744 [1/1] (0.00ns)   --->   "%write_ln0 = write void @_ssdm_op_Write.ap_auto.i16P0A, i16 %p_0_1_0_0_01221_out, i16 %p_0_1_0_0_01221_load"   --->   Operation 2744 'write' 'write_ln0' <Predicate = (icmp_ln33)> <Delay = 0.00>
ST_1 : Operation 2745 [1/1] (0.00ns)   --->   "%write_ln0 = write void @_ssdm_op_Write.ap_auto.i16P0A, i16 %p_0_6_0_0_01219_out, i16 %p_0_6_0_0_01219_load"   --->   Operation 2745 'write' 'write_ln0' <Predicate = (icmp_ln33)> <Delay = 0.00>
ST_1 : Operation 2746 [1/1] (0.00ns)   --->   "%write_ln0 = write void @_ssdm_op_Write.ap_auto.i16P0A, i16 %p_0_5_0_0_01217_out, i16 %p_0_5_0_0_01217_load"   --->   Operation 2746 'write' 'write_ln0' <Predicate = (icmp_ln33)> <Delay = 0.00>
ST_1 : Operation 2747 [1/1] (0.00ns)   --->   "%write_ln0 = write void @_ssdm_op_Write.ap_auto.i16P0A, i16 %p_0_4_0_0_01215_out, i16 %p_0_4_0_0_01215_load"   --->   Operation 2747 'write' 'write_ln0' <Predicate = (icmp_ln33)> <Delay = 0.00>
ST_1 : Operation 2748 [1/1] (0.00ns)   --->   "%write_ln0 = write void @_ssdm_op_Write.ap_auto.i16P0A, i16 %p_0_3_0_0_01213_out, i16 %p_0_3_0_0_01213_load"   --->   Operation 2748 'write' 'write_ln0' <Predicate = (icmp_ln33)> <Delay = 0.00>
ST_1 : Operation 2749 [1/1] (0.00ns)   --->   "%write_ln0 = write void @_ssdm_op_Write.ap_auto.i16P0A, i16 %p_0_2_0_0_01211_out, i16 %p_0_2_0_0_01211_load"   --->   Operation 2749 'write' 'write_ln0' <Predicate = (icmp_ln33)> <Delay = 0.00>
ST_1 : Operation 2750 [1/1] (0.00ns)   --->   "%write_ln0 = write void @_ssdm_op_Write.ap_auto.i16P0A, i16 %p_0_1_0_0_01209_out, i16 %p_0_1_0_0_01209_load"   --->   Operation 2750 'write' 'write_ln0' <Predicate = (icmp_ln33)> <Delay = 0.00>
ST_1 : Operation 2751 [1/1] (0.00ns)   --->   "%write_ln0 = write void @_ssdm_op_Write.ap_auto.i16P0A, i16 %p_0_6_0_0_01207_out, i16 %p_0_6_0_0_01207_load"   --->   Operation 2751 'write' 'write_ln0' <Predicate = (icmp_ln33)> <Delay = 0.00>
ST_1 : Operation 2752 [1/1] (0.00ns)   --->   "%write_ln0 = write void @_ssdm_op_Write.ap_auto.i16P0A, i16 %p_0_5_0_0_01205_out, i16 %p_0_5_0_0_01205_load"   --->   Operation 2752 'write' 'write_ln0' <Predicate = (icmp_ln33)> <Delay = 0.00>
ST_1 : Operation 2753 [1/1] (0.00ns)   --->   "%write_ln0 = write void @_ssdm_op_Write.ap_auto.i16P0A, i16 %p_0_4_0_0_01203_out, i16 %p_0_4_0_0_01203_load"   --->   Operation 2753 'write' 'write_ln0' <Predicate = (icmp_ln33)> <Delay = 0.00>
ST_1 : Operation 2754 [1/1] (0.00ns)   --->   "%write_ln0 = write void @_ssdm_op_Write.ap_auto.i16P0A, i16 %p_0_3_0_0_01201_out, i16 %p_0_3_0_0_01201_load"   --->   Operation 2754 'write' 'write_ln0' <Predicate = (icmp_ln33)> <Delay = 0.00>
ST_1 : Operation 2755 [1/1] (0.00ns)   --->   "%write_ln0 = write void @_ssdm_op_Write.ap_auto.i16P0A, i16 %p_0_2_0_0_01199_out, i16 %p_0_2_0_0_01199_load"   --->   Operation 2755 'write' 'write_ln0' <Predicate = (icmp_ln33)> <Delay = 0.00>
ST_1 : Operation 2756 [1/1] (0.00ns)   --->   "%write_ln0 = write void @_ssdm_op_Write.ap_auto.i16P0A, i16 %p_0_1_0_0_01197_out, i16 %p_0_1_0_0_01197_load"   --->   Operation 2756 'write' 'write_ln0' <Predicate = (icmp_ln33)> <Delay = 0.00>
ST_1 : Operation 2757 [1/1] (0.00ns)   --->   "%write_ln0 = write void @_ssdm_op_Write.ap_auto.i16P0A, i16 %p_0_0_0_0_01195_out, i16 %p_0_0_0_0_01195_load"   --->   Operation 2757 'write' 'write_ln0' <Predicate = (icmp_ln33)> <Delay = 0.00>
ST_1 : Operation 2758 [1/1] (0.00ns)   --->   "%write_ln0 = write void @_ssdm_op_Write.ap_auto.i16P0A, i16 %p_0_6_0_0_01193_out, i16 %p_0_6_0_0_01193_load"   --->   Operation 2758 'write' 'write_ln0' <Predicate = (icmp_ln33)> <Delay = 0.00>
ST_1 : Operation 2759 [1/1] (0.00ns)   --->   "%write_ln0 = write void @_ssdm_op_Write.ap_auto.i16P0A, i16 %p_0_5_0_0_01191_out, i16 %p_0_5_0_0_01191_load"   --->   Operation 2759 'write' 'write_ln0' <Predicate = (icmp_ln33)> <Delay = 0.00>
ST_1 : Operation 2760 [1/1] (0.00ns)   --->   "%write_ln0 = write void @_ssdm_op_Write.ap_auto.i16P0A, i16 %p_0_4_0_0_01189_out, i16 %p_0_4_0_0_01189_load"   --->   Operation 2760 'write' 'write_ln0' <Predicate = (icmp_ln33)> <Delay = 0.00>
ST_1 : Operation 2761 [1/1] (0.00ns)   --->   "%write_ln0 = write void @_ssdm_op_Write.ap_auto.i16P0A, i16 %p_0_3_0_0_01187_out, i16 %p_0_3_0_0_01187_load"   --->   Operation 2761 'write' 'write_ln0' <Predicate = (icmp_ln33)> <Delay = 0.00>
ST_1 : Operation 2762 [1/1] (0.00ns)   --->   "%write_ln0 = write void @_ssdm_op_Write.ap_auto.i16P0A, i16 %p_0_2_0_0_01185_out, i16 %p_0_2_0_0_01185_load"   --->   Operation 2762 'write' 'write_ln0' <Predicate = (icmp_ln33)> <Delay = 0.00>
ST_1 : Operation 2763 [1/1] (0.00ns)   --->   "%write_ln0 = write void @_ssdm_op_Write.ap_auto.i16P0A, i16 %p_0_1_0_0_01183_out, i16 %p_0_1_0_0_01183_load"   --->   Operation 2763 'write' 'write_ln0' <Predicate = (icmp_ln33)> <Delay = 0.00>
ST_1 : Operation 2764 [1/1] (0.00ns)   --->   "%write_ln0 = write void @_ssdm_op_Write.ap_auto.i16P0A, i16 %p_0_0_0_0_01181_out, i16 %p_0_0_0_0_01181_load"   --->   Operation 2764 'write' 'write_ln0' <Predicate = (icmp_ln33)> <Delay = 0.00>
ST_1 : Operation 2765 [1/1] (0.00ns)   --->   "%write_ln0 = write void @_ssdm_op_Write.ap_auto.i16P0A, i16 %p_0_6_0_0_01179_out, i16 %p_0_6_0_0_01179_load"   --->   Operation 2765 'write' 'write_ln0' <Predicate = (icmp_ln33)> <Delay = 0.00>
ST_1 : Operation 2766 [1/1] (0.00ns)   --->   "%write_ln0 = write void @_ssdm_op_Write.ap_auto.i16P0A, i16 %p_0_5_0_0_01177_out, i16 %p_0_5_0_0_01177_load"   --->   Operation 2766 'write' 'write_ln0' <Predicate = (icmp_ln33)> <Delay = 0.00>
ST_1 : Operation 2767 [1/1] (0.00ns)   --->   "%write_ln0 = write void @_ssdm_op_Write.ap_auto.i16P0A, i16 %p_0_4_0_0_01175_out, i16 %p_0_4_0_0_01175_load"   --->   Operation 2767 'write' 'write_ln0' <Predicate = (icmp_ln33)> <Delay = 0.00>
ST_1 : Operation 2768 [1/1] (0.00ns)   --->   "%write_ln0 = write void @_ssdm_op_Write.ap_auto.i16P0A, i16 %p_0_3_0_0_01173_out, i16 %p_0_3_0_0_01173_load"   --->   Operation 2768 'write' 'write_ln0' <Predicate = (icmp_ln33)> <Delay = 0.00>
ST_1 : Operation 2769 [1/1] (0.00ns)   --->   "%write_ln0 = write void @_ssdm_op_Write.ap_auto.i16P0A, i16 %p_0_2_0_0_01171_out, i16 %p_0_2_0_0_01171_load"   --->   Operation 2769 'write' 'write_ln0' <Predicate = (icmp_ln33)> <Delay = 0.00>
ST_1 : Operation 2770 [1/1] (0.00ns)   --->   "%write_ln0 = write void @_ssdm_op_Write.ap_auto.i16P0A, i16 %p_0_1_0_0_01169_out, i16 %p_0_1_0_0_01169_load"   --->   Operation 2770 'write' 'write_ln0' <Predicate = (icmp_ln33)> <Delay = 0.00>
ST_1 : Operation 2771 [1/1] (0.00ns)   --->   "%write_ln0 = write void @_ssdm_op_Write.ap_auto.i16P0A, i16 %p_0_0_0_0_01167_out, i16 %p_0_0_0_0_01167_load"   --->   Operation 2771 'write' 'write_ln0' <Predicate = (icmp_ln33)> <Delay = 0.00>
ST_1 : Operation 2772 [1/1] (0.00ns)   --->   "%write_ln0 = write void @_ssdm_op_Write.ap_auto.i16P0A, i16 %p_0_6_0_0_01165_out, i16 %p_0_6_0_0_01165_load"   --->   Operation 2772 'write' 'write_ln0' <Predicate = (icmp_ln33)> <Delay = 0.00>
ST_1 : Operation 2773 [1/1] (0.00ns)   --->   "%write_ln0 = write void @_ssdm_op_Write.ap_auto.i16P0A, i16 %p_0_5_0_0_01163_out, i16 %p_0_5_0_0_01163_load"   --->   Operation 2773 'write' 'write_ln0' <Predicate = (icmp_ln33)> <Delay = 0.00>
ST_1 : Operation 2774 [1/1] (0.00ns)   --->   "%write_ln0 = write void @_ssdm_op_Write.ap_auto.i16P0A, i16 %p_0_4_0_0_01161_out, i16 %p_0_4_0_0_01161_load"   --->   Operation 2774 'write' 'write_ln0' <Predicate = (icmp_ln33)> <Delay = 0.00>
ST_1 : Operation 2775 [1/1] (0.00ns)   --->   "%write_ln0 = write void @_ssdm_op_Write.ap_auto.i16P0A, i16 %p_0_3_0_0_01159_out, i16 %p_0_3_0_0_01159_load"   --->   Operation 2775 'write' 'write_ln0' <Predicate = (icmp_ln33)> <Delay = 0.00>
ST_1 : Operation 2776 [1/1] (0.00ns)   --->   "%write_ln0 = write void @_ssdm_op_Write.ap_auto.i16P0A, i16 %p_0_2_0_0_01157_out, i16 %p_0_2_0_0_01157_load"   --->   Operation 2776 'write' 'write_ln0' <Predicate = (icmp_ln33)> <Delay = 0.00>
ST_1 : Operation 2777 [1/1] (0.00ns)   --->   "%write_ln0 = write void @_ssdm_op_Write.ap_auto.i16P0A, i16 %p_0_1_0_0_01155_out, i16 %p_0_1_0_0_01155_load"   --->   Operation 2777 'write' 'write_ln0' <Predicate = (icmp_ln33)> <Delay = 0.00>
ST_1 : Operation 2778 [1/1] (0.00ns)   --->   "%write_ln0 = write void @_ssdm_op_Write.ap_auto.i16P0A, i16 %p_0_0_0_0_01153_out, i16 %p_0_0_0_0_01153_load"   --->   Operation 2778 'write' 'write_ln0' <Predicate = (icmp_ln33)> <Delay = 0.00>
ST_1 : Operation 2779 [1/1] (0.00ns)   --->   "%write_ln0 = write void @_ssdm_op_Write.ap_auto.i16P0A, i16 %p_0_6_0_0_01151_out, i16 %p_0_6_0_0_01151_load"   --->   Operation 2779 'write' 'write_ln0' <Predicate = (icmp_ln33)> <Delay = 0.00>
ST_1 : Operation 2780 [1/1] (0.00ns)   --->   "%write_ln0 = write void @_ssdm_op_Write.ap_auto.i16P0A, i16 %p_0_5_0_0_01149_out, i16 %p_0_5_0_0_01149_load"   --->   Operation 2780 'write' 'write_ln0' <Predicate = (icmp_ln33)> <Delay = 0.00>
ST_1 : Operation 2781 [1/1] (0.00ns)   --->   "%write_ln0 = write void @_ssdm_op_Write.ap_auto.i16P0A, i16 %p_0_4_0_0_01147_out, i16 %p_0_4_0_0_01147_load"   --->   Operation 2781 'write' 'write_ln0' <Predicate = (icmp_ln33)> <Delay = 0.00>
ST_1 : Operation 2782 [1/1] (0.00ns)   --->   "%write_ln0 = write void @_ssdm_op_Write.ap_auto.i16P0A, i16 %p_0_3_0_0_01145_out, i16 %p_0_3_0_0_01145_load"   --->   Operation 2782 'write' 'write_ln0' <Predicate = (icmp_ln33)> <Delay = 0.00>
ST_1 : Operation 2783 [1/1] (0.00ns)   --->   "%write_ln0 = write void @_ssdm_op_Write.ap_auto.i16P0A, i16 %p_0_2_0_0_01143_out, i16 %p_0_2_0_0_01143_load"   --->   Operation 2783 'write' 'write_ln0' <Predicate = (icmp_ln33)> <Delay = 0.00>
ST_1 : Operation 2784 [1/1] (0.00ns)   --->   "%write_ln0 = write void @_ssdm_op_Write.ap_auto.i16P0A, i16 %p_0_1_0_0_01141_out, i16 %p_0_1_0_0_01141_load"   --->   Operation 2784 'write' 'write_ln0' <Predicate = (icmp_ln33)> <Delay = 0.00>
ST_1 : Operation 2785 [1/1] (0.00ns)   --->   "%write_ln0 = write void @_ssdm_op_Write.ap_auto.i16P0A, i16 %p_0_0_0_0_01139_out, i16 %p_0_0_0_0_01139_load"   --->   Operation 2785 'write' 'write_ln0' <Predicate = (icmp_ln33)> <Delay = 0.00>
ST_1 : Operation 2786 [1/1] (0.00ns)   --->   "%write_ln0 = write void @_ssdm_op_Write.ap_auto.i16P0A, i16 %p_0_6_0_0_01137_out, i16 %p_0_6_0_0_01137_load"   --->   Operation 2786 'write' 'write_ln0' <Predicate = (icmp_ln33)> <Delay = 0.00>
ST_1 : Operation 2787 [1/1] (0.00ns)   --->   "%write_ln0 = write void @_ssdm_op_Write.ap_auto.i16P0A, i16 %p_0_5_0_0_01135_out, i16 %p_0_5_0_0_01135_load"   --->   Operation 2787 'write' 'write_ln0' <Predicate = (icmp_ln33)> <Delay = 0.00>
ST_1 : Operation 2788 [1/1] (0.00ns)   --->   "%write_ln0 = write void @_ssdm_op_Write.ap_auto.i16P0A, i16 %p_0_4_0_0_01133_out, i16 %p_0_4_0_0_01133_load"   --->   Operation 2788 'write' 'write_ln0' <Predicate = (icmp_ln33)> <Delay = 0.00>
ST_1 : Operation 2789 [1/1] (0.00ns)   --->   "%write_ln0 = write void @_ssdm_op_Write.ap_auto.i16P0A, i16 %p_0_3_0_0_01131_out, i16 %p_0_3_0_0_01131_load"   --->   Operation 2789 'write' 'write_ln0' <Predicate = (icmp_ln33)> <Delay = 0.00>
ST_1 : Operation 2790 [1/1] (0.00ns)   --->   "%write_ln0 = write void @_ssdm_op_Write.ap_auto.i16P0A, i16 %p_0_2_0_0_01129_out, i16 %p_0_2_0_0_01129_load"   --->   Operation 2790 'write' 'write_ln0' <Predicate = (icmp_ln33)> <Delay = 0.00>
ST_1 : Operation 2791 [1/1] (0.00ns)   --->   "%write_ln0 = write void @_ssdm_op_Write.ap_auto.i16P0A, i16 %p_0_1_0_0_01127_out, i16 %p_0_1_0_0_01127_load"   --->   Operation 2791 'write' 'write_ln0' <Predicate = (icmp_ln33)> <Delay = 0.00>
ST_1 : Operation 2792 [1/1] (0.00ns)   --->   "%write_ln0 = write void @_ssdm_op_Write.ap_auto.i16P0A, i16 %p_0_0_0_0_01125_out, i16 %p_0_0_0_0_01125_load"   --->   Operation 2792 'write' 'write_ln0' <Predicate = (icmp_ln33)> <Delay = 0.00>
ST_1 : Operation 2793 [1/1] (0.00ns)   --->   "%write_ln0 = write void @_ssdm_op_Write.ap_auto.i16P0A, i16 %p_0_6_0_0_01123_out, i16 %p_0_6_0_0_01123_load"   --->   Operation 2793 'write' 'write_ln0' <Predicate = (icmp_ln33)> <Delay = 0.00>
ST_1 : Operation 2794 [1/1] (0.00ns)   --->   "%write_ln0 = write void @_ssdm_op_Write.ap_auto.i16P0A, i16 %p_0_5_0_0_01121_out, i16 %p_0_5_0_0_01121_load"   --->   Operation 2794 'write' 'write_ln0' <Predicate = (icmp_ln33)> <Delay = 0.00>
ST_1 : Operation 2795 [1/1] (0.00ns)   --->   "%write_ln0 = write void @_ssdm_op_Write.ap_auto.i16P0A, i16 %p_0_4_0_0_01119_out, i16 %p_0_4_0_0_01119_load"   --->   Operation 2795 'write' 'write_ln0' <Predicate = (icmp_ln33)> <Delay = 0.00>
ST_1 : Operation 2796 [1/1] (0.00ns)   --->   "%write_ln0 = write void @_ssdm_op_Write.ap_auto.i16P0A, i16 %p_0_3_0_0_01117_out, i16 %p_0_3_0_0_01117_load"   --->   Operation 2796 'write' 'write_ln0' <Predicate = (icmp_ln33)> <Delay = 0.00>
ST_1 : Operation 2797 [1/1] (0.00ns)   --->   "%write_ln0 = write void @_ssdm_op_Write.ap_auto.i16P0A, i16 %p_0_2_0_0_01115_out, i16 %p_0_2_0_0_01115_load"   --->   Operation 2797 'write' 'write_ln0' <Predicate = (icmp_ln33)> <Delay = 0.00>
ST_1 : Operation 2798 [1/1] (0.00ns)   --->   "%write_ln0 = write void @_ssdm_op_Write.ap_auto.i16P0A, i16 %p_0_1_0_0_01113_out, i16 %p_0_1_0_0_01113_load"   --->   Operation 2798 'write' 'write_ln0' <Predicate = (icmp_ln33)> <Delay = 0.00>
ST_1 : Operation 2799 [1/1] (0.00ns)   --->   "%write_ln0 = write void @_ssdm_op_Write.ap_auto.i16P0A, i16 %p_0_0_0_0_01111_out, i16 %p_0_0_0_0_01111_load"   --->   Operation 2799 'write' 'write_ln0' <Predicate = (icmp_ln33)> <Delay = 0.00>
ST_1 : Operation 2800 [1/1] (0.00ns)   --->   "%write_ln0 = write void @_ssdm_op_Write.ap_auto.i16P0A, i16 %p_0_6_0_0_01109_out, i16 %p_0_6_0_0_01109_load"   --->   Operation 2800 'write' 'write_ln0' <Predicate = (icmp_ln33)> <Delay = 0.00>
ST_1 : Operation 2801 [1/1] (0.00ns)   --->   "%write_ln0 = write void @_ssdm_op_Write.ap_auto.i16P0A, i16 %p_0_5_0_0_01107_out, i16 %p_0_5_0_0_01107_load"   --->   Operation 2801 'write' 'write_ln0' <Predicate = (icmp_ln33)> <Delay = 0.00>
ST_1 : Operation 2802 [1/1] (0.00ns)   --->   "%write_ln0 = write void @_ssdm_op_Write.ap_auto.i16P0A, i16 %p_0_4_0_0_01105_out, i16 %p_0_4_0_0_01105_load"   --->   Operation 2802 'write' 'write_ln0' <Predicate = (icmp_ln33)> <Delay = 0.00>
ST_1 : Operation 2803 [1/1] (0.00ns)   --->   "%write_ln0 = write void @_ssdm_op_Write.ap_auto.i16P0A, i16 %p_0_3_0_0_01103_out, i16 %p_0_3_0_0_01103_load"   --->   Operation 2803 'write' 'write_ln0' <Predicate = (icmp_ln33)> <Delay = 0.00>
ST_1 : Operation 2804 [1/1] (0.00ns)   --->   "%write_ln0 = write void @_ssdm_op_Write.ap_auto.i16P0A, i16 %p_0_2_0_0_01101_out, i16 %p_0_2_0_0_01101_load"   --->   Operation 2804 'write' 'write_ln0' <Predicate = (icmp_ln33)> <Delay = 0.00>
ST_1 : Operation 2805 [1/1] (0.00ns)   --->   "%write_ln0 = write void @_ssdm_op_Write.ap_auto.i16P0A, i16 %p_0_1_0_0_01099_out, i16 %p_0_1_0_0_01099_load"   --->   Operation 2805 'write' 'write_ln0' <Predicate = (icmp_ln33)> <Delay = 0.00>
ST_1 : Operation 2806 [1/1] (0.00ns)   --->   "%write_ln0 = write void @_ssdm_op_Write.ap_auto.i16P0A, i16 %p_0_0_0_0_01097_out, i16 %p_0_0_0_0_01097_load"   --->   Operation 2806 'write' 'write_ln0' <Predicate = (icmp_ln33)> <Delay = 0.00>
ST_1 : Operation 2807 [1/1] (0.00ns)   --->   "%write_ln0 = write void @_ssdm_op_Write.ap_auto.i16P0A, i16 %p_0_6_0_0_01095_out, i16 %p_0_6_0_0_01095_load"   --->   Operation 2807 'write' 'write_ln0' <Predicate = (icmp_ln33)> <Delay = 0.00>
ST_1 : Operation 2808 [1/1] (0.00ns)   --->   "%write_ln0 = write void @_ssdm_op_Write.ap_auto.i16P0A, i16 %p_0_5_0_0_01093_out, i16 %p_0_5_0_0_01093_load"   --->   Operation 2808 'write' 'write_ln0' <Predicate = (icmp_ln33)> <Delay = 0.00>
ST_1 : Operation 2809 [1/1] (0.00ns)   --->   "%write_ln0 = write void @_ssdm_op_Write.ap_auto.i16P0A, i16 %p_0_4_0_0_01091_out, i16 %p_0_4_0_0_01091_load"   --->   Operation 2809 'write' 'write_ln0' <Predicate = (icmp_ln33)> <Delay = 0.00>
ST_1 : Operation 2810 [1/1] (0.00ns)   --->   "%write_ln0 = write void @_ssdm_op_Write.ap_auto.i16P0A, i16 %p_0_3_0_0_01089_out, i16 %p_0_3_0_0_01089_load"   --->   Operation 2810 'write' 'write_ln0' <Predicate = (icmp_ln33)> <Delay = 0.00>
ST_1 : Operation 2811 [1/1] (0.00ns)   --->   "%write_ln0 = write void @_ssdm_op_Write.ap_auto.i16P0A, i16 %p_0_2_0_0_01087_out, i16 %p_0_2_0_0_01087_load"   --->   Operation 2811 'write' 'write_ln0' <Predicate = (icmp_ln33)> <Delay = 0.00>
ST_1 : Operation 2812 [1/1] (0.00ns)   --->   "%write_ln0 = write void @_ssdm_op_Write.ap_auto.i16P0A, i16 %p_0_1_0_0_01085_out, i16 %p_0_1_0_0_01085_load"   --->   Operation 2812 'write' 'write_ln0' <Predicate = (icmp_ln33)> <Delay = 0.00>
ST_1 : Operation 2813 [1/1] (0.00ns)   --->   "%write_ln0 = write void @_ssdm_op_Write.ap_auto.i16P0A, i16 %p_0_0_0_0_01083_out, i16 %p_0_0_0_0_01083_load"   --->   Operation 2813 'write' 'write_ln0' <Predicate = (icmp_ln33)> <Delay = 0.00>
ST_1 : Operation 2814 [1/1] (0.00ns)   --->   "%write_ln0 = write void @_ssdm_op_Write.ap_auto.i16P0A, i16 %p_0_6_0_0_01081_out, i16 %p_0_6_0_0_01081_load"   --->   Operation 2814 'write' 'write_ln0' <Predicate = (icmp_ln33)> <Delay = 0.00>
ST_1 : Operation 2815 [1/1] (0.00ns)   --->   "%write_ln0 = write void @_ssdm_op_Write.ap_auto.i16P0A, i16 %p_0_5_0_0_01079_out, i16 %p_0_5_0_0_01079_load"   --->   Operation 2815 'write' 'write_ln0' <Predicate = (icmp_ln33)> <Delay = 0.00>
ST_1 : Operation 2816 [1/1] (0.00ns)   --->   "%write_ln0 = write void @_ssdm_op_Write.ap_auto.i16P0A, i16 %p_0_4_0_0_01077_out, i16 %p_0_4_0_0_01077_load"   --->   Operation 2816 'write' 'write_ln0' <Predicate = (icmp_ln33)> <Delay = 0.00>
ST_1 : Operation 2817 [1/1] (0.00ns)   --->   "%write_ln0 = write void @_ssdm_op_Write.ap_auto.i16P0A, i16 %p_0_3_0_0_01075_out, i16 %p_0_3_0_0_01075_load"   --->   Operation 2817 'write' 'write_ln0' <Predicate = (icmp_ln33)> <Delay = 0.00>
ST_1 : Operation 2818 [1/1] (0.00ns)   --->   "%write_ln0 = write void @_ssdm_op_Write.ap_auto.i16P0A, i16 %p_0_2_0_0_01073_out, i16 %p_0_2_0_0_01073_load"   --->   Operation 2818 'write' 'write_ln0' <Predicate = (icmp_ln33)> <Delay = 0.00>
ST_1 : Operation 2819 [1/1] (0.00ns)   --->   "%write_ln0 = write void @_ssdm_op_Write.ap_auto.i16P0A, i16 %p_0_1_0_0_01071_out, i16 %p_0_1_0_0_01071_load"   --->   Operation 2819 'write' 'write_ln0' <Predicate = (icmp_ln33)> <Delay = 0.00>
ST_1 : Operation 2820 [1/1] (0.00ns)   --->   "%write_ln0 = write void @_ssdm_op_Write.ap_auto.i16P0A, i16 %p_0_0_0_0_01069_out, i16 %p_0_0_0_0_01069_load"   --->   Operation 2820 'write' 'write_ln0' <Predicate = (icmp_ln33)> <Delay = 0.00>
ST_1 : Operation 2821 [1/1] (0.00ns)   --->   "%write_ln0 = write void @_ssdm_op_Write.ap_auto.i16P0A, i16 %p_0_6_0_0_01067_out, i16 %p_0_6_0_0_01067_load"   --->   Operation 2821 'write' 'write_ln0' <Predicate = (icmp_ln33)> <Delay = 0.00>
ST_1 : Operation 2822 [1/1] (0.00ns)   --->   "%write_ln0 = write void @_ssdm_op_Write.ap_auto.i16P0A, i16 %p_0_5_0_0_01065_out, i16 %p_0_5_0_0_01065_load"   --->   Operation 2822 'write' 'write_ln0' <Predicate = (icmp_ln33)> <Delay = 0.00>
ST_1 : Operation 2823 [1/1] (0.00ns)   --->   "%write_ln0 = write void @_ssdm_op_Write.ap_auto.i16P0A, i16 %p_0_4_0_0_01063_out, i16 %p_0_4_0_0_01063_load"   --->   Operation 2823 'write' 'write_ln0' <Predicate = (icmp_ln33)> <Delay = 0.00>
ST_1 : Operation 2824 [1/1] (0.00ns)   --->   "%write_ln0 = write void @_ssdm_op_Write.ap_auto.i16P0A, i16 %p_0_3_0_0_01061_out, i16 %p_0_3_0_0_01061_load"   --->   Operation 2824 'write' 'write_ln0' <Predicate = (icmp_ln33)> <Delay = 0.00>
ST_1 : Operation 2825 [1/1] (0.00ns)   --->   "%write_ln0 = write void @_ssdm_op_Write.ap_auto.i16P0A, i16 %p_0_2_0_0_01059_out, i16 %p_0_2_0_0_01059_load"   --->   Operation 2825 'write' 'write_ln0' <Predicate = (icmp_ln33)> <Delay = 0.00>
ST_1 : Operation 2826 [1/1] (0.00ns)   --->   "%write_ln0 = write void @_ssdm_op_Write.ap_auto.i16P0A, i16 %p_0_1_0_0_01057_out, i16 %p_0_1_0_0_01057_load"   --->   Operation 2826 'write' 'write_ln0' <Predicate = (icmp_ln33)> <Delay = 0.00>
ST_1 : Operation 2827 [1/1] (0.00ns)   --->   "%write_ln0 = write void @_ssdm_op_Write.ap_auto.i16P0A, i16 %p_0_0_0_0_01055_out, i16 %p_0_0_0_0_01055_load"   --->   Operation 2827 'write' 'write_ln0' <Predicate = (icmp_ln33)> <Delay = 0.00>
ST_1 : Operation 2828 [1/1] (0.00ns)   --->   "%write_ln0 = write void @_ssdm_op_Write.ap_auto.i16P0A, i16 %p_0_6_0_0_01053_out, i16 %p_0_6_0_0_01053_load"   --->   Operation 2828 'write' 'write_ln0' <Predicate = (icmp_ln33)> <Delay = 0.00>
ST_1 : Operation 2829 [1/1] (0.00ns)   --->   "%write_ln0 = write void @_ssdm_op_Write.ap_auto.i16P0A, i16 %p_0_5_0_0_01051_out, i16 %p_0_5_0_0_01051_load"   --->   Operation 2829 'write' 'write_ln0' <Predicate = (icmp_ln33)> <Delay = 0.00>
ST_1 : Operation 2830 [1/1] (0.00ns)   --->   "%write_ln0 = write void @_ssdm_op_Write.ap_auto.i16P0A, i16 %p_0_4_0_0_01049_out, i16 %p_0_4_0_0_01049_load"   --->   Operation 2830 'write' 'write_ln0' <Predicate = (icmp_ln33)> <Delay = 0.00>
ST_1 : Operation 2831 [1/1] (0.00ns)   --->   "%write_ln0 = write void @_ssdm_op_Write.ap_auto.i16P0A, i16 %p_0_3_0_0_01047_out, i16 %p_0_3_0_0_01047_load"   --->   Operation 2831 'write' 'write_ln0' <Predicate = (icmp_ln33)> <Delay = 0.00>
ST_1 : Operation 2832 [1/1] (0.00ns)   --->   "%write_ln0 = write void @_ssdm_op_Write.ap_auto.i16P0A, i16 %p_0_2_0_0_01045_out, i16 %p_0_2_0_0_01045_load"   --->   Operation 2832 'write' 'write_ln0' <Predicate = (icmp_ln33)> <Delay = 0.00>
ST_1 : Operation 2833 [1/1] (0.00ns)   --->   "%write_ln0 = write void @_ssdm_op_Write.ap_auto.i16P0A, i16 %p_0_1_0_0_01043_out, i16 %p_0_1_0_0_01043_load"   --->   Operation 2833 'write' 'write_ln0' <Predicate = (icmp_ln33)> <Delay = 0.00>
ST_1 : Operation 2834 [1/1] (0.00ns)   --->   "%write_ln0 = write void @_ssdm_op_Write.ap_auto.i16P0A, i16 %p_0_0_0_0_01041_out, i16 %p_0_0_0_0_01041_load"   --->   Operation 2834 'write' 'write_ln0' <Predicate = (icmp_ln33)> <Delay = 0.00>
ST_1 : Operation 2835 [1/1] (0.00ns)   --->   "%write_ln0 = write void @_ssdm_op_Write.ap_auto.i16P0A, i16 %p_0_6_0_0_01039_out, i16 %p_0_6_0_0_01039_load"   --->   Operation 2835 'write' 'write_ln0' <Predicate = (icmp_ln33)> <Delay = 0.00>
ST_1 : Operation 2836 [1/1] (0.00ns)   --->   "%write_ln0 = write void @_ssdm_op_Write.ap_auto.i16P0A, i16 %p_0_5_0_0_01037_out, i16 %p_0_5_0_0_01037_load"   --->   Operation 2836 'write' 'write_ln0' <Predicate = (icmp_ln33)> <Delay = 0.00>
ST_1 : Operation 2837 [1/1] (0.00ns)   --->   "%write_ln0 = write void @_ssdm_op_Write.ap_auto.i16P0A, i16 %p_0_4_0_0_01035_out, i16 %p_0_4_0_0_01035_load"   --->   Operation 2837 'write' 'write_ln0' <Predicate = (icmp_ln33)> <Delay = 0.00>
ST_1 : Operation 2838 [1/1] (0.00ns)   --->   "%write_ln0 = write void @_ssdm_op_Write.ap_auto.i16P0A, i16 %p_0_3_0_0_01033_out, i16 %p_0_3_0_0_01033_load"   --->   Operation 2838 'write' 'write_ln0' <Predicate = (icmp_ln33)> <Delay = 0.00>
ST_1 : Operation 2839 [1/1] (0.00ns)   --->   "%write_ln0 = write void @_ssdm_op_Write.ap_auto.i16P0A, i16 %p_0_2_0_0_01031_out, i16 %p_0_2_0_0_01031_load"   --->   Operation 2839 'write' 'write_ln0' <Predicate = (icmp_ln33)> <Delay = 0.00>
ST_1 : Operation 2840 [1/1] (0.00ns)   --->   "%write_ln0 = write void @_ssdm_op_Write.ap_auto.i16P0A, i16 %p_0_1_0_0_01029_out, i16 %p_0_1_0_0_01029_load"   --->   Operation 2840 'write' 'write_ln0' <Predicate = (icmp_ln33)> <Delay = 0.00>
ST_1 : Operation 2841 [1/1] (0.00ns)   --->   "%write_ln0 = write void @_ssdm_op_Write.ap_auto.i16P0A, i16 %p_0_0_0_0_01027_out, i16 %p_0_0_0_0_01027_load"   --->   Operation 2841 'write' 'write_ln0' <Predicate = (icmp_ln33)> <Delay = 0.00>
ST_1 : Operation 2842 [1/1] (0.00ns)   --->   "%write_ln0 = write void @_ssdm_op_Write.ap_auto.i16P0A, i16 %p_0_6_0_0_01025_out, i16 %p_0_6_0_0_01025_load"   --->   Operation 2842 'write' 'write_ln0' <Predicate = (icmp_ln33)> <Delay = 0.00>
ST_1 : Operation 2843 [1/1] (0.00ns)   --->   "%write_ln0 = write void @_ssdm_op_Write.ap_auto.i16P0A, i16 %p_0_5_0_0_01023_out, i16 %p_0_5_0_0_01023_load"   --->   Operation 2843 'write' 'write_ln0' <Predicate = (icmp_ln33)> <Delay = 0.00>
ST_1 : Operation 2844 [1/1] (0.00ns)   --->   "%write_ln0 = write void @_ssdm_op_Write.ap_auto.i16P0A, i16 %p_0_4_0_0_01021_out, i16 %p_0_4_0_0_01021_load"   --->   Operation 2844 'write' 'write_ln0' <Predicate = (icmp_ln33)> <Delay = 0.00>
ST_1 : Operation 2845 [1/1] (0.00ns)   --->   "%write_ln0 = write void @_ssdm_op_Write.ap_auto.i16P0A, i16 %p_0_3_0_0_01019_out, i16 %p_0_3_0_0_01019_load"   --->   Operation 2845 'write' 'write_ln0' <Predicate = (icmp_ln33)> <Delay = 0.00>
ST_1 : Operation 2846 [1/1] (0.00ns)   --->   "%write_ln0 = write void @_ssdm_op_Write.ap_auto.i16P0A, i16 %p_0_2_0_0_01017_out, i16 %p_0_2_0_0_01017_load"   --->   Operation 2846 'write' 'write_ln0' <Predicate = (icmp_ln33)> <Delay = 0.00>
ST_1 : Operation 2847 [1/1] (0.00ns)   --->   "%write_ln0 = write void @_ssdm_op_Write.ap_auto.i16P0A, i16 %p_0_1_0_0_01015_out, i16 %p_0_1_0_0_01015_load"   --->   Operation 2847 'write' 'write_ln0' <Predicate = (icmp_ln33)> <Delay = 0.00>
ST_1 : Operation 2848 [1/1] (0.00ns)   --->   "%write_ln0 = write void @_ssdm_op_Write.ap_auto.i16P0A, i16 %p_0_0_0_0_01013_out, i16 %p_0_0_0_0_01013_load"   --->   Operation 2848 'write' 'write_ln0' <Predicate = (icmp_ln33)> <Delay = 0.00>
ST_1 : Operation 2849 [1/1] (0.00ns)   --->   "%write_ln0 = write void @_ssdm_op_Write.ap_auto.i16P0A, i16 %p_0_6_0_0_01011_out, i16 %p_0_6_0_0_01011_load"   --->   Operation 2849 'write' 'write_ln0' <Predicate = (icmp_ln33)> <Delay = 0.00>
ST_1 : Operation 2850 [1/1] (0.00ns)   --->   "%write_ln0 = write void @_ssdm_op_Write.ap_auto.i16P0A, i16 %p_0_5_0_0_01009_out, i16 %p_0_5_0_0_01009_load"   --->   Operation 2850 'write' 'write_ln0' <Predicate = (icmp_ln33)> <Delay = 0.00>
ST_1 : Operation 2851 [1/1] (0.00ns)   --->   "%write_ln0 = write void @_ssdm_op_Write.ap_auto.i16P0A, i16 %p_0_4_0_0_01007_out, i16 %p_0_4_0_0_01007_load"   --->   Operation 2851 'write' 'write_ln0' <Predicate = (icmp_ln33)> <Delay = 0.00>
ST_1 : Operation 2852 [1/1] (0.00ns)   --->   "%write_ln0 = write void @_ssdm_op_Write.ap_auto.i16P0A, i16 %p_0_3_0_0_01005_out, i16 %p_0_3_0_0_01005_load"   --->   Operation 2852 'write' 'write_ln0' <Predicate = (icmp_ln33)> <Delay = 0.00>
ST_1 : Operation 2853 [1/1] (0.00ns)   --->   "%write_ln0 = write void @_ssdm_op_Write.ap_auto.i16P0A, i16 %p_0_2_0_0_01003_out, i16 %p_0_2_0_0_01003_load"   --->   Operation 2853 'write' 'write_ln0' <Predicate = (icmp_ln33)> <Delay = 0.00>
ST_1 : Operation 2854 [1/1] (0.00ns)   --->   "%write_ln0 = write void @_ssdm_op_Write.ap_auto.i16P0A, i16 %p_0_0_0_0_01001_out, i16 %p_0_0_0_0_01001_load"   --->   Operation 2854 'write' 'write_ln0' <Predicate = (icmp_ln33)> <Delay = 0.00>
ST_1 : Operation 2855 [1/1] (0.00ns)   --->   "%write_ln0 = write void @_ssdm_op_Write.ap_auto.i16P0A, i16 %p_0_5_0_0_0999_out, i16 %p_0_5_0_0_0999_load"   --->   Operation 2855 'write' 'write_ln0' <Predicate = (icmp_ln33)> <Delay = 0.00>
ST_1 : Operation 2856 [1/1] (0.00ns)   --->   "%write_ln0 = write void @_ssdm_op_Write.ap_auto.i16P0A, i16 %p_0_4_0_0_0997_out, i16 %p_0_4_0_0_0997_load"   --->   Operation 2856 'write' 'write_ln0' <Predicate = (icmp_ln33)> <Delay = 0.00>
ST_1 : Operation 2857 [1/1] (0.00ns)   --->   "%write_ln0 = write void @_ssdm_op_Write.ap_auto.i16P0A, i16 %p_0_3_0_0_0995_out, i16 %p_0_3_0_0_0995_load"   --->   Operation 2857 'write' 'write_ln0' <Predicate = (icmp_ln33)> <Delay = 0.00>
ST_1 : Operation 2858 [1/1] (0.00ns)   --->   "%write_ln0 = write void @_ssdm_op_Write.ap_auto.i16P0A, i16 %p_0_2_0_0_0993_out, i16 %p_0_2_0_0_0993_load"   --->   Operation 2858 'write' 'write_ln0' <Predicate = (icmp_ln33)> <Delay = 0.00>
ST_1 : Operation 2859 [1/1] (0.00ns)   --->   "%write_ln0 = write void @_ssdm_op_Write.ap_auto.i16P0A, i16 %p_0_1_0_0_0991_out, i16 %p_0_1_0_0_0991_load"   --->   Operation 2859 'write' 'write_ln0' <Predicate = (icmp_ln33)> <Delay = 0.00>
ST_1 : Operation 2860 [1/1] (0.00ns)   --->   "%write_ln0 = write void @_ssdm_op_Write.ap_auto.i16P0A, i16 %p_0_0_0_0_0989_out, i16 %p_0_0_0_0_0989_load"   --->   Operation 2860 'write' 'write_ln0' <Predicate = (icmp_ln33)> <Delay = 0.00>
ST_1 : Operation 2861 [1/1] (0.00ns)   --->   "%write_ln0 = write void @_ssdm_op_Write.ap_auto.i16P0A, i16 %p_0_6_0_0_0987_out, i16 %p_0_6_0_0_0987_load"   --->   Operation 2861 'write' 'write_ln0' <Predicate = (icmp_ln33)> <Delay = 0.00>
ST_1 : Operation 2862 [1/1] (0.00ns)   --->   "%write_ln0 = write void @_ssdm_op_Write.ap_auto.i16P0A, i16 %p_0_4_0_0_0985_out, i16 %p_0_4_0_0_0985_load"   --->   Operation 2862 'write' 'write_ln0' <Predicate = (icmp_ln33)> <Delay = 0.00>
ST_1 : Operation 2863 [1/1] (0.00ns)   --->   "%write_ln0 = write void @_ssdm_op_Write.ap_auto.i16P0A, i16 %p_0_3_0_0_0983_out, i16 %p_0_3_0_0_0983_load"   --->   Operation 2863 'write' 'write_ln0' <Predicate = (icmp_ln33)> <Delay = 0.00>
ST_1 : Operation 2864 [1/1] (0.00ns)   --->   "%write_ln0 = write void @_ssdm_op_Write.ap_auto.i16P0A, i16 %p_0_2_0_0_0981_out, i16 %p_0_2_0_0_0981_load"   --->   Operation 2864 'write' 'write_ln0' <Predicate = (icmp_ln33)> <Delay = 0.00>
ST_1 : Operation 2865 [1/1] (0.00ns)   --->   "%write_ln0 = write void @_ssdm_op_Write.ap_auto.i16P0A, i16 %p_0_1_0_0_0979_out, i16 %p_0_1_0_0_0979_load"   --->   Operation 2865 'write' 'write_ln0' <Predicate = (icmp_ln33)> <Delay = 0.00>
ST_1 : Operation 2866 [1/1] (0.00ns)   --->   "%write_ln0 = write void @_ssdm_op_Write.ap_auto.i16P0A, i16 %p_0_0_0_0_0977_out, i16 %p_0_0_0_0_0977_load"   --->   Operation 2866 'write' 'write_ln0' <Predicate = (icmp_ln33)> <Delay = 0.00>
ST_1 : Operation 2867 [1/1] (0.00ns)   --->   "%write_ln0 = write void @_ssdm_op_Write.ap_auto.i16P0A, i16 %p_0_6_0_0_0975_out, i16 %p_0_6_0_0_0975_load"   --->   Operation 2867 'write' 'write_ln0' <Predicate = (icmp_ln33)> <Delay = 0.00>
ST_1 : Operation 2868 [1/1] (0.00ns)   --->   "%write_ln0 = write void @_ssdm_op_Write.ap_auto.i16P0A, i16 %p_0_4_0_0_0973_out, i16 %p_0_4_0_0_0973_load"   --->   Operation 2868 'write' 'write_ln0' <Predicate = (icmp_ln33)> <Delay = 0.00>
ST_1 : Operation 2869 [1/1] (0.00ns)   --->   "%write_ln0 = write void @_ssdm_op_Write.ap_auto.i16P0A, i16 %p_0_3_0_0_0971_out, i16 %p_0_3_0_0_0971_load"   --->   Operation 2869 'write' 'write_ln0' <Predicate = (icmp_ln33)> <Delay = 0.00>
ST_1 : Operation 2870 [1/1] (0.00ns)   --->   "%write_ln0 = write void @_ssdm_op_Write.ap_auto.i16P0A, i16 %p_0_2_0_0_0969_out, i16 %p_0_2_0_0_0969_load"   --->   Operation 2870 'write' 'write_ln0' <Predicate = (icmp_ln33)> <Delay = 0.00>
ST_1 : Operation 2871 [1/1] (0.00ns)   --->   "%write_ln0 = write void @_ssdm_op_Write.ap_auto.i16P0A, i16 %p_0_1_0_0_0967_out, i16 %p_0_1_0_0_0967_load"   --->   Operation 2871 'write' 'write_ln0' <Predicate = (icmp_ln33)> <Delay = 0.00>
ST_1 : Operation 2872 [1/1] (0.00ns)   --->   "%write_ln0 = write void @_ssdm_op_Write.ap_auto.i16P0A, i16 %p_0_0_0_0_0965_out, i16 %p_0_0_0_0_0965_load"   --->   Operation 2872 'write' 'write_ln0' <Predicate = (icmp_ln33)> <Delay = 0.00>
ST_1 : Operation 2873 [1/1] (0.00ns)   --->   "%write_ln0 = write void @_ssdm_op_Write.ap_auto.i16P0A, i16 %p_0_6_0_0_0963_out, i16 %p_0_6_0_0_0963_load"   --->   Operation 2873 'write' 'write_ln0' <Predicate = (icmp_ln33)> <Delay = 0.00>
ST_1 : Operation 2874 [1/1] (0.00ns)   --->   "%write_ln0 = write void @_ssdm_op_Write.ap_auto.i16P0A, i16 %p_0_4_0_0_0961_out, i16 %p_0_4_0_0_0961_load"   --->   Operation 2874 'write' 'write_ln0' <Predicate = (icmp_ln33)> <Delay = 0.00>
ST_1 : Operation 2875 [1/1] (0.00ns)   --->   "%write_ln0 = write void @_ssdm_op_Write.ap_auto.i16P0A, i16 %p_0_3_0_0_0959_out, i16 %p_0_3_0_0_0959_load"   --->   Operation 2875 'write' 'write_ln0' <Predicate = (icmp_ln33)> <Delay = 0.00>
ST_1 : Operation 2876 [1/1] (0.00ns)   --->   "%write_ln0 = write void @_ssdm_op_Write.ap_auto.i16P0A, i16 %p_0_2_0_0_0957_out, i16 %p_0_2_0_0_0957_load"   --->   Operation 2876 'write' 'write_ln0' <Predicate = (icmp_ln33)> <Delay = 0.00>
ST_1 : Operation 2877 [1/1] (0.00ns)   --->   "%write_ln0 = write void @_ssdm_op_Write.ap_auto.i16P0A, i16 %p_0_1_0_0_0955_out, i16 %p_0_1_0_0_0955_load"   --->   Operation 2877 'write' 'write_ln0' <Predicate = (icmp_ln33)> <Delay = 0.00>
ST_1 : Operation 2878 [1/1] (0.00ns)   --->   "%write_ln0 = write void @_ssdm_op_Write.ap_auto.i16P0A, i16 %p_0_0_0_0_0953_out, i16 %p_0_0_0_0_0953_load"   --->   Operation 2878 'write' 'write_ln0' <Predicate = (icmp_ln33)> <Delay = 0.00>
ST_1 : Operation 2879 [1/1] (0.00ns)   --->   "%write_ln0 = write void @_ssdm_op_Write.ap_auto.i16P0A, i16 %p_0_6_0_0_0951_out, i16 %p_0_6_0_0_0951_load"   --->   Operation 2879 'write' 'write_ln0' <Predicate = (icmp_ln33)> <Delay = 0.00>
ST_1 : Operation 2880 [1/1] (0.00ns)   --->   "%write_ln0 = write void @_ssdm_op_Write.ap_auto.i16P0A, i16 %p_0_4_0_0_0949_out, i16 %p_0_4_0_0_0949_load"   --->   Operation 2880 'write' 'write_ln0' <Predicate = (icmp_ln33)> <Delay = 0.00>
ST_1 : Operation 2881 [1/1] (0.00ns)   --->   "%write_ln0 = write void @_ssdm_op_Write.ap_auto.i16P0A, i16 %p_0_3_0_0_0947_out, i16 %p_0_3_0_0_0947_load"   --->   Operation 2881 'write' 'write_ln0' <Predicate = (icmp_ln33)> <Delay = 0.00>
ST_1 : Operation 2882 [1/1] (0.00ns)   --->   "%write_ln0 = write void @_ssdm_op_Write.ap_auto.i16P0A, i16 %p_0_2_0_0_0945_out, i16 %p_0_2_0_0_0945_load"   --->   Operation 2882 'write' 'write_ln0' <Predicate = (icmp_ln33)> <Delay = 0.00>
ST_1 : Operation 2883 [1/1] (0.00ns)   --->   "%write_ln0 = write void @_ssdm_op_Write.ap_auto.i16P0A, i16 %p_0_1_0_0_0943_out, i16 %p_0_1_0_0_0943_load"   --->   Operation 2883 'write' 'write_ln0' <Predicate = (icmp_ln33)> <Delay = 0.00>
ST_1 : Operation 2884 [1/1] (0.00ns)   --->   "%write_ln0 = write void @_ssdm_op_Write.ap_auto.i16P0A, i16 %p_0_0_0_0_0941_out, i16 %p_0_0_0_0_0941_load"   --->   Operation 2884 'write' 'write_ln0' <Predicate = (icmp_ln33)> <Delay = 0.00>
ST_1 : Operation 2885 [1/1] (0.00ns)   --->   "%write_ln0 = write void @_ssdm_op_Write.ap_auto.i16P0A, i16 %p_0_6_0_0_0939_out, i16 %p_0_6_0_0_0939_load"   --->   Operation 2885 'write' 'write_ln0' <Predicate = (icmp_ln33)> <Delay = 0.00>
ST_1 : Operation 2886 [1/1] (0.00ns)   --->   "%write_ln0 = write void @_ssdm_op_Write.ap_auto.i16P0A, i16 %p_0_5_0_0_0937_out, i16 %p_0_5_0_0_0937_load"   --->   Operation 2886 'write' 'write_ln0' <Predicate = (icmp_ln33)> <Delay = 0.00>
ST_1 : Operation 2887 [1/1] (0.00ns)   --->   "%write_ln0 = write void @_ssdm_op_Write.ap_auto.i16P0A, i16 %p_0_3_0_0_0935_out, i16 %p_0_3_0_0_0935_load"   --->   Operation 2887 'write' 'write_ln0' <Predicate = (icmp_ln33)> <Delay = 0.00>
ST_1 : Operation 2888 [1/1] (0.00ns)   --->   "%write_ln0 = write void @_ssdm_op_Write.ap_auto.i16P0A, i16 %p_0_2_0_0_0933_out, i16 %p_0_2_0_0_0933_load"   --->   Operation 2888 'write' 'write_ln0' <Predicate = (icmp_ln33)> <Delay = 0.00>
ST_1 : Operation 2889 [1/1] (0.00ns)   --->   "%write_ln0 = write void @_ssdm_op_Write.ap_auto.i16P0A, i16 %p_0_1_0_0_0931_out, i16 %p_0_1_0_0_0931_load"   --->   Operation 2889 'write' 'write_ln0' <Predicate = (icmp_ln33)> <Delay = 0.00>
ST_1 : Operation 2890 [1/1] (0.00ns)   --->   "%write_ln0 = write void @_ssdm_op_Write.ap_auto.i16P0A, i16 %p_0_0_0_0_0929_out, i16 %p_0_0_0_0_0929_load"   --->   Operation 2890 'write' 'write_ln0' <Predicate = (icmp_ln33)> <Delay = 0.00>
ST_1 : Operation 2891 [1/1] (0.00ns)   --->   "%write_ln0 = write void @_ssdm_op_Write.ap_auto.i16P0A, i16 %p_0_6_0_0_0927_out, i16 %p_0_6_0_0_0927_load"   --->   Operation 2891 'write' 'write_ln0' <Predicate = (icmp_ln33)> <Delay = 0.00>
ST_1 : Operation 2892 [1/1] (0.00ns)   --->   "%write_ln0 = write void @_ssdm_op_Write.ap_auto.i16P0A, i16 %p_0_3_0_0_0925_out, i16 %p_0_3_0_0_0925_load"   --->   Operation 2892 'write' 'write_ln0' <Predicate = (icmp_ln33)> <Delay = 0.00>
ST_1 : Operation 2893 [1/1] (0.00ns)   --->   "%write_ln0 = write void @_ssdm_op_Write.ap_auto.i16P0A, i16 %p_0_2_0_0_0923_out, i16 %p_0_2_0_0_0923_load"   --->   Operation 2893 'write' 'write_ln0' <Predicate = (icmp_ln33)> <Delay = 0.00>
ST_1 : Operation 2894 [1/1] (0.00ns)   --->   "%write_ln0 = write void @_ssdm_op_Write.ap_auto.i16P0A, i16 %p_0_1_0_0_0921_out, i16 %p_0_1_0_0_0921_load"   --->   Operation 2894 'write' 'write_ln0' <Predicate = (icmp_ln33)> <Delay = 0.00>
ST_1 : Operation 2895 [1/1] (0.00ns)   --->   "%write_ln0 = write void @_ssdm_op_Write.ap_auto.i16P0A, i16 %p_0_0_0_0_0919_out, i16 %p_0_0_0_0_0919_load"   --->   Operation 2895 'write' 'write_ln0' <Predicate = (icmp_ln33)> <Delay = 0.00>
ST_1 : Operation 2896 [1/1] (0.00ns)   --->   "%write_ln0 = write void @_ssdm_op_Write.ap_auto.i16P0A, i16 %p_0_6_0_0_0917_out, i16 %p_0_6_0_0_0917_load"   --->   Operation 2896 'write' 'write_ln0' <Predicate = (icmp_ln33)> <Delay = 0.00>
ST_1 : Operation 2897 [1/1] (0.00ns)   --->   "%write_ln0 = write void @_ssdm_op_Write.ap_auto.i16P0A, i16 %p_0_3_0_0_0915_out, i16 %p_0_3_0_0_0915_load"   --->   Operation 2897 'write' 'write_ln0' <Predicate = (icmp_ln33)> <Delay = 0.00>
ST_1 : Operation 2898 [1/1] (0.00ns)   --->   "%write_ln0 = write void @_ssdm_op_Write.ap_auto.i16P0A, i16 %p_0_2_0_0_0913_out, i16 %p_0_2_0_0_0913_load"   --->   Operation 2898 'write' 'write_ln0' <Predicate = (icmp_ln33)> <Delay = 0.00>
ST_1 : Operation 2899 [1/1] (0.00ns)   --->   "%write_ln0 = write void @_ssdm_op_Write.ap_auto.i16P0A, i16 %p_0_1_0_0_0911_out, i16 %p_0_1_0_0_0911_load"   --->   Operation 2899 'write' 'write_ln0' <Predicate = (icmp_ln33)> <Delay = 0.00>
ST_1 : Operation 2900 [1/1] (0.00ns)   --->   "%write_ln0 = write void @_ssdm_op_Write.ap_auto.i16P0A, i16 %p_0_0_0_0_0909_out, i16 %p_0_0_0_0_0909_load"   --->   Operation 2900 'write' 'write_ln0' <Predicate = (icmp_ln33)> <Delay = 0.00>
ST_1 : Operation 2901 [1/1] (0.00ns)   --->   "%write_ln0 = write void @_ssdm_op_Write.ap_auto.i16P0A, i16 %p_0_6_0_0_0907_out, i16 %p_0_6_0_0_0907_load"   --->   Operation 2901 'write' 'write_ln0' <Predicate = (icmp_ln33)> <Delay = 0.00>
ST_1 : Operation 2902 [1/1] (0.00ns)   --->   "%write_ln0 = write void @_ssdm_op_Write.ap_auto.i16P0A, i16 %p_0_5_0_0_0905_out, i16 %p_0_5_0_0_0905_load"   --->   Operation 2902 'write' 'write_ln0' <Predicate = (icmp_ln33)> <Delay = 0.00>
ST_1 : Operation 2903 [1/1] (0.00ns)   --->   "%write_ln0 = write void @_ssdm_op_Write.ap_auto.i16P0A, i16 %p_0_3_0_0_0903_out, i16 %p_0_3_0_0_0903_load"   --->   Operation 2903 'write' 'write_ln0' <Predicate = (icmp_ln33)> <Delay = 0.00>
ST_1 : Operation 2904 [1/1] (0.00ns)   --->   "%write_ln0 = write void @_ssdm_op_Write.ap_auto.i16P0A, i16 %p_0_2_0_0_0901_out, i16 %p_0_2_0_0_0901_load"   --->   Operation 2904 'write' 'write_ln0' <Predicate = (icmp_ln33)> <Delay = 0.00>
ST_1 : Operation 2905 [1/1] (0.00ns)   --->   "%write_ln0 = write void @_ssdm_op_Write.ap_auto.i16P0A, i16 %p_0_1_0_0_0899_out, i16 %p_0_1_0_0_0899_load"   --->   Operation 2905 'write' 'write_ln0' <Predicate = (icmp_ln33)> <Delay = 0.00>
ST_1 : Operation 2906 [1/1] (0.00ns)   --->   "%write_ln0 = write void @_ssdm_op_Write.ap_auto.i16P0A, i16 %p_0_0_0_0_0897_out, i16 %p_0_0_0_0_0897_load"   --->   Operation 2906 'write' 'write_ln0' <Predicate = (icmp_ln33)> <Delay = 0.00>
ST_1 : Operation 2907 [1/1] (0.00ns)   --->   "%write_ln0 = write void @_ssdm_op_Write.ap_auto.i16P0A, i16 %p_0_6_0_0_0895_out, i16 %p_0_6_0_0_0895_load"   --->   Operation 2907 'write' 'write_ln0' <Predicate = (icmp_ln33)> <Delay = 0.00>
ST_1 : Operation 2908 [1/1] (0.00ns)   --->   "%write_ln0 = write void @_ssdm_op_Write.ap_auto.i16P0A, i16 %p_0_5_0_0_0893_out, i16 %p_0_5_0_0_0893_load"   --->   Operation 2908 'write' 'write_ln0' <Predicate = (icmp_ln33)> <Delay = 0.00>
ST_1 : Operation 2909 [1/1] (0.00ns)   --->   "%write_ln0 = write void @_ssdm_op_Write.ap_auto.i16P0A, i16 %p_0_3_0_0_0891_out, i16 %p_0_3_0_0_0891_load"   --->   Operation 2909 'write' 'write_ln0' <Predicate = (icmp_ln33)> <Delay = 0.00>
ST_1 : Operation 2910 [1/1] (0.00ns)   --->   "%write_ln0 = write void @_ssdm_op_Write.ap_auto.i16P0A, i16 %p_0_2_0_0_0889_out, i16 %p_0_2_0_0_0889_load"   --->   Operation 2910 'write' 'write_ln0' <Predicate = (icmp_ln33)> <Delay = 0.00>
ST_1 : Operation 2911 [1/1] (0.00ns)   --->   "%write_ln0 = write void @_ssdm_op_Write.ap_auto.i16P0A, i16 %p_0_1_0_0_0887_out, i16 %p_0_1_0_0_0887_load"   --->   Operation 2911 'write' 'write_ln0' <Predicate = (icmp_ln33)> <Delay = 0.00>
ST_1 : Operation 2912 [1/1] (0.00ns)   --->   "%write_ln0 = write void @_ssdm_op_Write.ap_auto.i16P0A, i16 %p_0_6_0_0_0885_out, i16 %p_0_6_0_0_0885_load"   --->   Operation 2912 'write' 'write_ln0' <Predicate = (icmp_ln33)> <Delay = 0.00>
ST_1 : Operation 2913 [1/1] (0.00ns)   --->   "%write_ln0 = write void @_ssdm_op_Write.ap_auto.i16P0A, i16 %p_0_5_0_0_0883_out, i16 %p_0_5_0_0_0883_load"   --->   Operation 2913 'write' 'write_ln0' <Predicate = (icmp_ln33)> <Delay = 0.00>
ST_1 : Operation 2914 [1/1] (0.00ns)   --->   "%write_ln0 = write void @_ssdm_op_Write.ap_auto.i16P0A, i16 %p_0_3_0_0_0881_out, i16 %p_0_3_0_0_0881_load"   --->   Operation 2914 'write' 'write_ln0' <Predicate = (icmp_ln33)> <Delay = 0.00>
ST_1 : Operation 2915 [1/1] (0.00ns)   --->   "%write_ln0 = write void @_ssdm_op_Write.ap_auto.i16P0A, i16 %p_0_2_0_0_0879_out, i16 %p_0_2_0_0_0879_load"   --->   Operation 2915 'write' 'write_ln0' <Predicate = (icmp_ln33)> <Delay = 0.00>
ST_1 : Operation 2916 [1/1] (0.00ns)   --->   "%write_ln0 = write void @_ssdm_op_Write.ap_auto.i16P0A, i16 %p_0_1_0_0_0877_out, i16 %p_0_1_0_0_0877_load"   --->   Operation 2916 'write' 'write_ln0' <Predicate = (icmp_ln33)> <Delay = 0.00>
ST_1 : Operation 2917 [1/1] (0.00ns)   --->   "%write_ln0 = write void @_ssdm_op_Write.ap_auto.i16P0A, i16 %p_0_6_0_0_0875_out, i16 %p_0_6_0_0_0875_load"   --->   Operation 2917 'write' 'write_ln0' <Predicate = (icmp_ln33)> <Delay = 0.00>
ST_1 : Operation 2918 [1/1] (0.00ns)   --->   "%write_ln0 = write void @_ssdm_op_Write.ap_auto.i16P0A, i16 %p_0_5_0_0_0873_out, i16 %p_0_5_0_0_0873_load"   --->   Operation 2918 'write' 'write_ln0' <Predicate = (icmp_ln33)> <Delay = 0.00>
ST_1 : Operation 2919 [1/1] (0.00ns)   --->   "%write_ln0 = write void @_ssdm_op_Write.ap_auto.i16P0A, i16 %p_0_2_0_0_0871_out, i16 %p_0_2_0_0_0871_load"   --->   Operation 2919 'write' 'write_ln0' <Predicate = (icmp_ln33)> <Delay = 0.00>
ST_1 : Operation 2920 [1/1] (0.00ns)   --->   "%write_ln0 = write void @_ssdm_op_Write.ap_auto.i16P0A, i16 %p_0_1_0_0_0869_out, i16 %p_0_1_0_0_0869_load"   --->   Operation 2920 'write' 'write_ln0' <Predicate = (icmp_ln33)> <Delay = 0.00>
ST_1 : Operation 2921 [1/1] (0.00ns)   --->   "%write_ln0 = write void @_ssdm_op_Write.ap_auto.i16P0A, i16 %p_0_0_0_0_0867_out, i16 %p_0_0_0_0_0867_load"   --->   Operation 2921 'write' 'write_ln0' <Predicate = (icmp_ln33)> <Delay = 0.00>
ST_1 : Operation 2922 [1/1] (0.00ns)   --->   "%write_ln0 = write void @_ssdm_op_Write.ap_auto.i16P0A, i16 %p_0_6_0_0_0865_out, i16 %p_0_6_0_0_0865_load"   --->   Operation 2922 'write' 'write_ln0' <Predicate = (icmp_ln33)> <Delay = 0.00>
ST_1 : Operation 2923 [1/1] (0.00ns)   --->   "%write_ln0 = write void @_ssdm_op_Write.ap_auto.i16P0A, i16 %p_0_5_0_0_0863_out, i16 %p_0_5_0_0_0863_load"   --->   Operation 2923 'write' 'write_ln0' <Predicate = (icmp_ln33)> <Delay = 0.00>
ST_1 : Operation 2924 [1/1] (0.00ns)   --->   "%write_ln0 = write void @_ssdm_op_Write.ap_auto.i16P0A, i16 %p_0_2_0_0_0861_out, i16 %p_0_2_0_0_0861_load"   --->   Operation 2924 'write' 'write_ln0' <Predicate = (icmp_ln33)> <Delay = 0.00>
ST_1 : Operation 2925 [1/1] (0.00ns)   --->   "%write_ln0 = write void @_ssdm_op_Write.ap_auto.i16P0A, i16 %p_0_1_0_0_0859_out, i16 %p_0_1_0_0_0859_load"   --->   Operation 2925 'write' 'write_ln0' <Predicate = (icmp_ln33)> <Delay = 0.00>
ST_1 : Operation 2926 [1/1] (0.00ns)   --->   "%write_ln0 = write void @_ssdm_op_Write.ap_auto.i16P0A, i16 %p_0_0_0_0_0857_out, i16 %p_0_0_0_0_0857_load"   --->   Operation 2926 'write' 'write_ln0' <Predicate = (icmp_ln33)> <Delay = 0.00>
ST_1 : Operation 2927 [1/1] (0.00ns)   --->   "%write_ln0 = write void @_ssdm_op_Write.ap_auto.i16P0A, i16 %p_0_6_0_0_0855_out, i16 %p_0_6_0_0_0855_load"   --->   Operation 2927 'write' 'write_ln0' <Predicate = (icmp_ln33)> <Delay = 0.00>
ST_1 : Operation 2928 [1/1] (0.00ns)   --->   "%write_ln0 = write void @_ssdm_op_Write.ap_auto.i16P0A, i16 %p_0_5_0_0_0853_out, i16 %p_0_5_0_0_0853_load"   --->   Operation 2928 'write' 'write_ln0' <Predicate = (icmp_ln33)> <Delay = 0.00>
ST_1 : Operation 2929 [1/1] (0.00ns)   --->   "%write_ln0 = write void @_ssdm_op_Write.ap_auto.i16P0A, i16 %p_0_2_0_0_0851_out, i16 %p_0_2_0_0_0851_load"   --->   Operation 2929 'write' 'write_ln0' <Predicate = (icmp_ln33)> <Delay = 0.00>
ST_1 : Operation 2930 [1/1] (0.00ns)   --->   "%write_ln0 = write void @_ssdm_op_Write.ap_auto.i16P0A, i16 %p_0_1_0_0_0849_out, i16 %p_0_1_0_0_0849_load"   --->   Operation 2930 'write' 'write_ln0' <Predicate = (icmp_ln33)> <Delay = 0.00>
ST_1 : Operation 2931 [1/1] (0.00ns)   --->   "%write_ln0 = write void @_ssdm_op_Write.ap_auto.i16P0A, i16 %p_0_6_0_0_0847_out, i16 %p_0_6_0_0_0847_load"   --->   Operation 2931 'write' 'write_ln0' <Predicate = (icmp_ln33)> <Delay = 0.00>
ST_1 : Operation 2932 [1/1] (0.00ns)   --->   "%write_ln0 = write void @_ssdm_op_Write.ap_auto.i16P0A, i16 %p_0_5_0_0_0845_out, i16 %p_0_5_0_0_0845_load"   --->   Operation 2932 'write' 'write_ln0' <Predicate = (icmp_ln33)> <Delay = 0.00>
ST_1 : Operation 2933 [1/1] (0.00ns)   --->   "%write_ln0 = write void @_ssdm_op_Write.ap_auto.i16P0A, i16 %p_0_2_0_0_0843_out, i16 %p_0_2_0_0_0843_load"   --->   Operation 2933 'write' 'write_ln0' <Predicate = (icmp_ln33)> <Delay = 0.00>
ST_1 : Operation 2934 [1/1] (0.00ns)   --->   "%write_ln0 = write void @_ssdm_op_Write.ap_auto.i16P0A, i16 %p_0_1_0_0_0841_out, i16 %p_0_1_0_0_0841_load"   --->   Operation 2934 'write' 'write_ln0' <Predicate = (icmp_ln33)> <Delay = 0.00>
ST_1 : Operation 2935 [1/1] (0.00ns)   --->   "%write_ln0 = write void @_ssdm_op_Write.ap_auto.i16P0A, i16 %p_0_6_0_0_0839_out, i16 %p_0_6_0_0_0839_load"   --->   Operation 2935 'write' 'write_ln0' <Predicate = (icmp_ln33)> <Delay = 0.00>
ST_1 : Operation 2936 [1/1] (0.00ns)   --->   "%write_ln0 = write void @_ssdm_op_Write.ap_auto.i16P0A, i16 %p_0_5_0_0_0837_out, i16 %p_0_5_0_0_0837_load"   --->   Operation 2936 'write' 'write_ln0' <Predicate = (icmp_ln33)> <Delay = 0.00>
ST_1 : Operation 2937 [1/1] (0.00ns)   --->   "%write_ln0 = write void @_ssdm_op_Write.ap_auto.i16P0A, i16 %p_0_2_0_0_0835_out, i16 %p_0_2_0_0_0835_load"   --->   Operation 2937 'write' 'write_ln0' <Predicate = (icmp_ln33)> <Delay = 0.00>
ST_1 : Operation 2938 [1/1] (0.00ns)   --->   "%write_ln0 = write void @_ssdm_op_Write.ap_auto.i16P0A, i16 %p_0_1_0_0_0833_out, i16 %p_0_1_0_0_0833_load"   --->   Operation 2938 'write' 'write_ln0' <Predicate = (icmp_ln33)> <Delay = 0.00>
ST_1 : Operation 2939 [1/1] (0.00ns)   --->   "%write_ln0 = write void @_ssdm_op_Write.ap_auto.i16P0A, i16 %p_0_6_0_0_0831_out, i16 %p_0_6_0_0_0831_load"   --->   Operation 2939 'write' 'write_ln0' <Predicate = (icmp_ln33)> <Delay = 0.00>
ST_1 : Operation 2940 [1/1] (0.00ns)   --->   "%write_ln0 = write void @_ssdm_op_Write.ap_auto.i16P0A, i16 %p_0_5_0_0_0829_out, i16 %p_0_5_0_0_0829_load"   --->   Operation 2940 'write' 'write_ln0' <Predicate = (icmp_ln33)> <Delay = 0.00>
ST_1 : Operation 2941 [1/1] (0.00ns)   --->   "%write_ln0 = write void @_ssdm_op_Write.ap_auto.i16P0A, i16 %p_0_2_0_0_0827_out, i16 %p_0_2_0_0_0827_load"   --->   Operation 2941 'write' 'write_ln0' <Predicate = (icmp_ln33)> <Delay = 0.00>
ST_1 : Operation 2942 [1/1] (0.00ns)   --->   "%write_ln0 = write void @_ssdm_op_Write.ap_auto.i16P0A, i16 %p_0_1_0_0_0825_out, i16 %p_0_1_0_0_0825_load"   --->   Operation 2942 'write' 'write_ln0' <Predicate = (icmp_ln33)> <Delay = 0.00>
ST_1 : Operation 2943 [1/1] (0.00ns)   --->   "%write_ln0 = write void @_ssdm_op_Write.ap_auto.i16P0A, i16 %p_0_6_0_0_0823_out, i16 %p_0_6_0_0_0823_load"   --->   Operation 2943 'write' 'write_ln0' <Predicate = (icmp_ln33)> <Delay = 0.00>
ST_1 : Operation 2944 [1/1] (0.00ns)   --->   "%write_ln0 = write void @_ssdm_op_Write.ap_auto.i16P0A, i16 %p_0_5_0_0_0821_out, i16 %p_0_5_0_0_0821_load"   --->   Operation 2944 'write' 'write_ln0' <Predicate = (icmp_ln33)> <Delay = 0.00>
ST_1 : Operation 2945 [1/1] (0.00ns)   --->   "%write_ln0 = write void @_ssdm_op_Write.ap_auto.i16P0A, i16 %p_0_2_0_0_0819_out, i16 %p_0_2_0_0_0819_load"   --->   Operation 2945 'write' 'write_ln0' <Predicate = (icmp_ln33)> <Delay = 0.00>
ST_1 : Operation 2946 [1/1] (0.00ns)   --->   "%write_ln0 = write void @_ssdm_op_Write.ap_auto.i16P0A, i16 %p_0_1_0_0_0817_out, i16 %p_0_1_0_0_0817_load"   --->   Operation 2946 'write' 'write_ln0' <Predicate = (icmp_ln33)> <Delay = 0.00>
ST_1 : Operation 2947 [1/1] (0.00ns)   --->   "%write_ln0 = write void @_ssdm_op_Write.ap_auto.i16P0A, i16 %p_0_6_0_0_0815_out, i16 %p_0_6_0_0_0815_load"   --->   Operation 2947 'write' 'write_ln0' <Predicate = (icmp_ln33)> <Delay = 0.00>
ST_1 : Operation 2948 [1/1] (0.00ns)   --->   "%write_ln0 = write void @_ssdm_op_Write.ap_auto.i16P0A, i16 %p_0_5_0_0_0813_out, i16 %p_0_5_0_0_0813_load"   --->   Operation 2948 'write' 'write_ln0' <Predicate = (icmp_ln33)> <Delay = 0.00>
ST_1 : Operation 2949 [1/1] (0.00ns)   --->   "%write_ln0 = write void @_ssdm_op_Write.ap_auto.i16P0A, i16 %p_0_2_0_0_0811_out, i16 %p_0_2_0_0_0811_load"   --->   Operation 2949 'write' 'write_ln0' <Predicate = (icmp_ln33)> <Delay = 0.00>
ST_1 : Operation 2950 [1/1] (0.00ns)   --->   "%write_ln0 = write void @_ssdm_op_Write.ap_auto.i16P0A, i16 %p_0_1_0_0_0809_out, i16 %p_0_1_0_0_0809_load"   --->   Operation 2950 'write' 'write_ln0' <Predicate = (icmp_ln33)> <Delay = 0.00>
ST_1 : Operation 2951 [1/1] (0.00ns)   --->   "%write_ln0 = write void @_ssdm_op_Write.ap_auto.i16P0A, i16 %p_0_6_0_0_0807_out, i16 %p_0_6_0_0_0807_load"   --->   Operation 2951 'write' 'write_ln0' <Predicate = (icmp_ln33)> <Delay = 0.00>
ST_1 : Operation 2952 [1/1] (0.00ns)   --->   "%write_ln0 = write void @_ssdm_op_Write.ap_auto.i16P0A, i16 %p_0_5_0_0_0805_out, i16 %p_0_5_0_0_0805_load"   --->   Operation 2952 'write' 'write_ln0' <Predicate = (icmp_ln33)> <Delay = 0.00>
ST_1 : Operation 2953 [1/1] (0.00ns)   --->   "%write_ln0 = write void @_ssdm_op_Write.ap_auto.i16P0A, i16 %p_0_2_0_0_0803_out, i16 %p_0_2_0_0_0803_load"   --->   Operation 2953 'write' 'write_ln0' <Predicate = (icmp_ln33)> <Delay = 0.00>
ST_1 : Operation 2954 [1/1] (0.00ns)   --->   "%write_ln0 = write void @_ssdm_op_Write.ap_auto.i16P0A, i16 %p_0_1_0_0_0801_out, i16 %p_0_1_0_0_0801_load"   --->   Operation 2954 'write' 'write_ln0' <Predicate = (icmp_ln33)> <Delay = 0.00>
ST_1 : Operation 2955 [1/1] (0.00ns)   --->   "%write_ln0 = write void @_ssdm_op_Write.ap_auto.i16P0A, i16 %p_0_6_0_0_0799_out, i16 %p_0_6_0_0_0799_load"   --->   Operation 2955 'write' 'write_ln0' <Predicate = (icmp_ln33)> <Delay = 0.00>
ST_1 : Operation 2956 [1/1] (0.00ns)   --->   "%write_ln0 = write void @_ssdm_op_Write.ap_auto.i16P0A, i16 %p_0_5_0_0_0797_out, i16 %p_0_5_0_0_0797_load"   --->   Operation 2956 'write' 'write_ln0' <Predicate = (icmp_ln33)> <Delay = 0.00>
ST_1 : Operation 2957 [1/1] (0.00ns)   --->   "%write_ln0 = write void @_ssdm_op_Write.ap_auto.i16P0A, i16 %p_0_4_0_0_0795_out, i16 %p_0_4_0_0_0795_load"   --->   Operation 2957 'write' 'write_ln0' <Predicate = (icmp_ln33)> <Delay = 0.00>
ST_1 : Operation 2958 [1/1] (0.00ns)   --->   "%write_ln0 = write void @_ssdm_op_Write.ap_auto.i16P0A, i16 %p_0_2_0_0_0793_out, i16 %p_0_2_0_0_0793_load"   --->   Operation 2958 'write' 'write_ln0' <Predicate = (icmp_ln33)> <Delay = 0.00>
ST_1 : Operation 2959 [1/1] (0.00ns)   --->   "%write_ln0 = write void @_ssdm_op_Write.ap_auto.i16P0A, i16 %p_0_1_0_0_0791_out, i16 %p_0_1_0_0_0791_load"   --->   Operation 2959 'write' 'write_ln0' <Predicate = (icmp_ln33)> <Delay = 0.00>
ST_1 : Operation 2960 [1/1] (0.00ns)   --->   "%write_ln0 = write void @_ssdm_op_Write.ap_auto.i16P0A, i16 %p_0_0_0_0_0789_out, i16 %p_0_0_0_0_0789_load"   --->   Operation 2960 'write' 'write_ln0' <Predicate = (icmp_ln33)> <Delay = 0.00>
ST_1 : Operation 2961 [1/1] (0.00ns)   --->   "%write_ln0 = write void @_ssdm_op_Write.ap_auto.i16P0A, i16 %p_0_6_0_0_0787_out, i16 %p_0_6_0_0_0787_load"   --->   Operation 2961 'write' 'write_ln0' <Predicate = (icmp_ln33)> <Delay = 0.00>
ST_1 : Operation 2962 [1/1] (0.00ns)   --->   "%write_ln0 = write void @_ssdm_op_Write.ap_auto.i16P0A, i16 %p_0_5_0_0_0785_out, i16 %p_0_5_0_0_0785_load"   --->   Operation 2962 'write' 'write_ln0' <Predicate = (icmp_ln33)> <Delay = 0.00>
ST_1 : Operation 2963 [1/1] (0.00ns)   --->   "%write_ln0 = write void @_ssdm_op_Write.ap_auto.i16P0A, i16 %p_0_2_0_0_0783_out, i16 %p_0_2_0_0_0783_load"   --->   Operation 2963 'write' 'write_ln0' <Predicate = (icmp_ln33)> <Delay = 0.00>
ST_1 : Operation 2964 [1/1] (0.00ns)   --->   "%write_ln0 = write void @_ssdm_op_Write.ap_auto.i16P0A, i16 %p_0_1_0_0_0781_out, i16 %p_0_1_0_0_0781_load"   --->   Operation 2964 'write' 'write_ln0' <Predicate = (icmp_ln33)> <Delay = 0.00>
ST_1 : Operation 2965 [1/1] (0.00ns)   --->   "%write_ln0 = write void @_ssdm_op_Write.ap_auto.i16P0A, i16 %p_0_6_0_0_0779_out, i16 %p_0_6_0_0_0779_load"   --->   Operation 2965 'write' 'write_ln0' <Predicate = (icmp_ln33)> <Delay = 0.00>
ST_1 : Operation 2966 [1/1] (0.00ns)   --->   "%write_ln0 = write void @_ssdm_op_Write.ap_auto.i16P0A, i16 %p_0_5_0_0_0777_out, i16 %p_0_5_0_0_0777_load"   --->   Operation 2966 'write' 'write_ln0' <Predicate = (icmp_ln33)> <Delay = 0.00>
ST_1 : Operation 2967 [1/1] (0.00ns)   --->   "%write_ln0 = write void @_ssdm_op_Write.ap_auto.i16P0A, i16 %p_0_2_0_0_0775_out, i16 %p_0_2_0_0_0775_load"   --->   Operation 2967 'write' 'write_ln0' <Predicate = (icmp_ln33)> <Delay = 0.00>
ST_1 : Operation 2968 [1/1] (0.00ns)   --->   "%write_ln0 = write void @_ssdm_op_Write.ap_auto.i16P0A, i16 %p_0_1_0_0_0773_out, i16 %p_0_1_0_0_0773_load"   --->   Operation 2968 'write' 'write_ln0' <Predicate = (icmp_ln33)> <Delay = 0.00>
ST_1 : Operation 2969 [1/1] (0.00ns)   --->   "%write_ln0 = write void @_ssdm_op_Write.ap_auto.i16P0A, i16 %p_0_6_0_0_0771_out, i16 %p_0_6_0_0_0771_load"   --->   Operation 2969 'write' 'write_ln0' <Predicate = (icmp_ln33)> <Delay = 0.00>
ST_1 : Operation 2970 [1/1] (0.00ns)   --->   "%write_ln0 = write void @_ssdm_op_Write.ap_auto.i16P0A, i16 %p_0_5_0_0_0769_out, i16 %p_0_5_0_0_0769_load"   --->   Operation 2970 'write' 'write_ln0' <Predicate = (icmp_ln33)> <Delay = 0.00>
ST_1 : Operation 2971 [1/1] (0.00ns)   --->   "%write_ln0 = write void @_ssdm_op_Write.ap_auto.i16P0A, i16 %p_0_4_0_0_0767_out, i16 %p_0_4_0_0_0767_load"   --->   Operation 2971 'write' 'write_ln0' <Predicate = (icmp_ln33)> <Delay = 0.00>
ST_1 : Operation 2972 [1/1] (0.00ns)   --->   "%write_ln0 = write void @_ssdm_op_Write.ap_auto.i16P0A, i16 %p_0_2_0_0_0765_out, i16 %p_0_2_0_0_0765_load"   --->   Operation 2972 'write' 'write_ln0' <Predicate = (icmp_ln33)> <Delay = 0.00>
ST_1 : Operation 2973 [1/1] (0.00ns)   --->   "%write_ln0 = write void @_ssdm_op_Write.ap_auto.i16P0A, i16 %p_0_1_0_0_0763_out, i16 %p_0_1_0_0_0763_load"   --->   Operation 2973 'write' 'write_ln0' <Predicate = (icmp_ln33)> <Delay = 0.00>
ST_1 : Operation 2974 [1/1] (0.00ns)   --->   "%write_ln0 = write void @_ssdm_op_Write.ap_auto.i16P0A, i16 %p_0_0_0_0_0761_out, i16 %p_0_0_0_0_0761_load"   --->   Operation 2974 'write' 'write_ln0' <Predicate = (icmp_ln33)> <Delay = 0.00>
ST_1 : Operation 2975 [1/1] (0.00ns)   --->   "%write_ln0 = write void @_ssdm_op_Write.ap_auto.i16P0A, i16 %p_0_6_0_0_0759_out, i16 %p_0_6_0_0_0759_load"   --->   Operation 2975 'write' 'write_ln0' <Predicate = (icmp_ln33)> <Delay = 0.00>
ST_1 : Operation 2976 [1/1] (0.00ns)   --->   "%write_ln0 = write void @_ssdm_op_Write.ap_auto.i16P0A, i16 %p_0_5_0_0_0757_out, i16 %p_0_5_0_0_0757_load"   --->   Operation 2976 'write' 'write_ln0' <Predicate = (icmp_ln33)> <Delay = 0.00>
ST_1 : Operation 2977 [1/1] (0.00ns)   --->   "%write_ln0 = write void @_ssdm_op_Write.ap_auto.i16P0A, i16 %p_0_2_0_0_0755_out, i16 %p_0_2_0_0_0755_load"   --->   Operation 2977 'write' 'write_ln0' <Predicate = (icmp_ln33)> <Delay = 0.00>
ST_1 : Operation 2978 [1/1] (0.00ns)   --->   "%write_ln0 = write void @_ssdm_op_Write.ap_auto.i16P0A, i16 %p_0_1_0_0_0753_out, i16 %p_0_1_0_0_0753_load"   --->   Operation 2978 'write' 'write_ln0' <Predicate = (icmp_ln33)> <Delay = 0.00>
ST_1 : Operation 2979 [1/1] (0.00ns)   --->   "%write_ln0 = write void @_ssdm_op_Write.ap_auto.i16P0A, i16 %p_0_0_0_0_0751_out, i16 %p_0_0_0_0_0751_load"   --->   Operation 2979 'write' 'write_ln0' <Predicate = (icmp_ln33)> <Delay = 0.00>
ST_1 : Operation 2980 [1/1] (0.00ns)   --->   "%write_ln0 = write void @_ssdm_op_Write.ap_auto.i16P0A, i16 %p_0_6_0_0_0749_out, i16 %p_0_6_0_0_0749_load"   --->   Operation 2980 'write' 'write_ln0' <Predicate = (icmp_ln33)> <Delay = 0.00>
ST_1 : Operation 2981 [1/1] (0.00ns)   --->   "%write_ln0 = write void @_ssdm_op_Write.ap_auto.i16P0A, i16 %p_0_5_0_0_0747_out, i16 %p_0_5_0_0_0747_load"   --->   Operation 2981 'write' 'write_ln0' <Predicate = (icmp_ln33)> <Delay = 0.00>
ST_1 : Operation 2982 [1/1] (0.00ns)   --->   "%write_ln0 = write void @_ssdm_op_Write.ap_auto.i16P0A, i16 %p_0_2_0_0_0745_out, i16 %p_0_2_0_0_0745_load"   --->   Operation 2982 'write' 'write_ln0' <Predicate = (icmp_ln33)> <Delay = 0.00>
ST_1 : Operation 2983 [1/1] (0.00ns)   --->   "%write_ln0 = write void @_ssdm_op_Write.ap_auto.i16P0A, i16 %p_0_1_0_0_0743_out, i16 %p_0_1_0_0_0743_load"   --->   Operation 2983 'write' 'write_ln0' <Predicate = (icmp_ln33)> <Delay = 0.00>
ST_1 : Operation 2984 [1/1] (0.00ns)   --->   "%write_ln0 = write void @_ssdm_op_Write.ap_auto.i16P0A, i16 %p_0_6_0_0_0741_out, i16 %p_0_6_0_0_0741_load"   --->   Operation 2984 'write' 'write_ln0' <Predicate = (icmp_ln33)> <Delay = 0.00>
ST_1 : Operation 2985 [1/1] (0.00ns)   --->   "%write_ln0 = write void @_ssdm_op_Write.ap_auto.i16P0A, i16 %p_0_5_0_0_0739_out, i16 %p_0_5_0_0_0739_load"   --->   Operation 2985 'write' 'write_ln0' <Predicate = (icmp_ln33)> <Delay = 0.00>
ST_1 : Operation 2986 [1/1] (0.00ns)   --->   "%write_ln0 = write void @_ssdm_op_Write.ap_auto.i16P0A, i16 %p_0_2_0_0_0737_out, i16 %p_0_2_0_0_0737_load"   --->   Operation 2986 'write' 'write_ln0' <Predicate = (icmp_ln33)> <Delay = 0.00>
ST_1 : Operation 2987 [1/1] (0.00ns)   --->   "%write_ln0 = write void @_ssdm_op_Write.ap_auto.i16P0A, i16 %p_0_1_0_0_0735_out, i16 %p_0_1_0_0_0735_load"   --->   Operation 2987 'write' 'write_ln0' <Predicate = (icmp_ln33)> <Delay = 0.00>
ST_1 : Operation 2988 [1/1] (0.00ns)   --->   "%write_ln0 = write void @_ssdm_op_Write.ap_auto.i16P0A, i16 %p_0_6_0_0_0733_out, i16 %p_0_6_0_0_0733_load"   --->   Operation 2988 'write' 'write_ln0' <Predicate = (icmp_ln33)> <Delay = 0.00>
ST_1 : Operation 2989 [1/1] (0.00ns)   --->   "%write_ln0 = write void @_ssdm_op_Write.ap_auto.i16P0A, i16 %p_0_5_0_0_0731_out, i16 %p_0_5_0_0_0731_load"   --->   Operation 2989 'write' 'write_ln0' <Predicate = (icmp_ln33)> <Delay = 0.00>
ST_1 : Operation 2990 [1/1] (0.00ns)   --->   "%write_ln0 = write void @_ssdm_op_Write.ap_auto.i16P0A, i16 %p_0_2_0_0_0729_out, i16 %p_0_2_0_0_0729_load"   --->   Operation 2990 'write' 'write_ln0' <Predicate = (icmp_ln33)> <Delay = 0.00>
ST_1 : Operation 2991 [1/1] (0.00ns)   --->   "%write_ln0 = write void @_ssdm_op_Write.ap_auto.i16P0A, i16 %p_0_1_0_0_0727_out, i16 %p_0_1_0_0_0727_load"   --->   Operation 2991 'write' 'write_ln0' <Predicate = (icmp_ln33)> <Delay = 0.00>
ST_1 : Operation 2992 [1/1] (0.00ns)   --->   "%write_ln0 = write void @_ssdm_op_Write.ap_auto.i16P0A, i16 %p_0_6_0_0_0725_out, i16 %p_0_6_0_0_0725_load"   --->   Operation 2992 'write' 'write_ln0' <Predicate = (icmp_ln33)> <Delay = 0.00>
ST_1 : Operation 2993 [1/1] (0.00ns)   --->   "%write_ln0 = write void @_ssdm_op_Write.ap_auto.i16P0A, i16 %p_0_5_0_0_0723_out, i16 %p_0_5_0_0_0723_load"   --->   Operation 2993 'write' 'write_ln0' <Predicate = (icmp_ln33)> <Delay = 0.00>
ST_1 : Operation 2994 [1/1] (0.00ns)   --->   "%write_ln0 = write void @_ssdm_op_Write.ap_auto.i16P0A, i16 %p_0_4_0_0_0721_out, i16 %p_0_4_0_0_0721_load"   --->   Operation 2994 'write' 'write_ln0' <Predicate = (icmp_ln33)> <Delay = 0.00>
ST_1 : Operation 2995 [1/1] (0.00ns)   --->   "%write_ln0 = write void @_ssdm_op_Write.ap_auto.i16P0A, i16 %p_0_3_0_0_0719_out, i16 %p_0_3_0_0_0719_load"   --->   Operation 2995 'write' 'write_ln0' <Predicate = (icmp_ln33)> <Delay = 0.00>
ST_1 : Operation 2996 [1/1] (0.00ns)   --->   "%write_ln0 = write void @_ssdm_op_Write.ap_auto.i16P0A, i16 %p_0_2_0_0_0717_out, i16 %p_0_2_0_0_0717_load"   --->   Operation 2996 'write' 'write_ln0' <Predicate = (icmp_ln33)> <Delay = 0.00>
ST_1 : Operation 2997 [1/1] (0.00ns)   --->   "%write_ln0 = write void @_ssdm_op_Write.ap_auto.i16P0A, i16 %p_0_1_0_0_0715_out, i16 %p_0_1_0_0_0715_load"   --->   Operation 2997 'write' 'write_ln0' <Predicate = (icmp_ln33)> <Delay = 0.00>
ST_1 : Operation 2998 [1/1] (0.00ns)   --->   "%write_ln0 = write void @_ssdm_op_Write.ap_auto.i16P0A, i16 %p_0_6_0_0_0713_out, i16 %p_0_6_0_0_0713_load"   --->   Operation 2998 'write' 'write_ln0' <Predicate = (icmp_ln33)> <Delay = 0.00>
ST_1 : Operation 2999 [1/1] (0.00ns)   --->   "%write_ln0 = write void @_ssdm_op_Write.ap_auto.i16P0A, i16 %p_0_5_0_0_0711_out, i16 %p_0_5_0_0_0711_load"   --->   Operation 2999 'write' 'write_ln0' <Predicate = (icmp_ln33)> <Delay = 0.00>
ST_1 : Operation 3000 [1/1] (0.00ns)   --->   "%write_ln0 = write void @_ssdm_op_Write.ap_auto.i16P0A, i16 %p_0_2_0_0_0709_out, i16 %p_0_2_0_0_0709_load"   --->   Operation 3000 'write' 'write_ln0' <Predicate = (icmp_ln33)> <Delay = 0.00>
ST_1 : Operation 3001 [1/1] (0.00ns)   --->   "%write_ln0 = write void @_ssdm_op_Write.ap_auto.i16P0A, i16 %p_0_1_0_0_0707_out, i16 %p_0_1_0_0_0707_load"   --->   Operation 3001 'write' 'write_ln0' <Predicate = (icmp_ln33)> <Delay = 0.00>
ST_1 : Operation 3002 [1/1] (0.00ns)   --->   "%write_ln0 = write void @_ssdm_op_Write.ap_auto.i16P0A, i16 %p_0_6_0_0_0705_out, i16 %p_0_6_0_0_0705_load"   --->   Operation 3002 'write' 'write_ln0' <Predicate = (icmp_ln33)> <Delay = 0.00>
ST_1 : Operation 3003 [1/1] (0.00ns)   --->   "%write_ln0 = write void @_ssdm_op_Write.ap_auto.i16P0A, i16 %p_0_5_0_0_0703_out, i16 %p_0_5_0_0_0703_load"   --->   Operation 3003 'write' 'write_ln0' <Predicate = (icmp_ln33)> <Delay = 0.00>
ST_1 : Operation 3004 [1/1] (0.00ns)   --->   "%write_ln0 = write void @_ssdm_op_Write.ap_auto.i16P0A, i16 %p_0_2_0_0_0701_out, i16 %p_0_2_0_0_0701_load"   --->   Operation 3004 'write' 'write_ln0' <Predicate = (icmp_ln33)> <Delay = 0.00>
ST_1 : Operation 3005 [1/1] (0.00ns)   --->   "%write_ln0 = write void @_ssdm_op_Write.ap_auto.i16P0A, i16 %p_0_1_0_0_0699_out, i16 %p_0_1_0_0_0699_load"   --->   Operation 3005 'write' 'write_ln0' <Predicate = (icmp_ln33)> <Delay = 0.00>
ST_1 : Operation 3006 [1/1] (0.00ns)   --->   "%write_ln0 = write void @_ssdm_op_Write.ap_auto.i16P0A, i16 %p_0_0_0_0_0697_out, i16 %p_0_0_0_0_0697_load"   --->   Operation 3006 'write' 'write_ln0' <Predicate = (icmp_ln33)> <Delay = 0.00>
ST_1 : Operation 3007 [1/1] (0.00ns)   --->   "%write_ln0 = write void @_ssdm_op_Write.ap_auto.i16P0A, i16 %p_0_6_0_0_0695_out, i16 %p_0_6_0_0_0695_load"   --->   Operation 3007 'write' 'write_ln0' <Predicate = (icmp_ln33)> <Delay = 0.00>
ST_1 : Operation 3008 [1/1] (0.00ns)   --->   "%write_ln0 = write void @_ssdm_op_Write.ap_auto.i16P0A, i16 %p_0_5_0_0_0693_out, i16 %p_0_5_0_0_0693_load"   --->   Operation 3008 'write' 'write_ln0' <Predicate = (icmp_ln33)> <Delay = 0.00>
ST_1 : Operation 3009 [1/1] (0.00ns)   --->   "%write_ln0 = write void @_ssdm_op_Write.ap_auto.i16P0A, i16 %p_0_2_0_0_0691_out, i16 %p_0_2_0_0_0691_load"   --->   Operation 3009 'write' 'write_ln0' <Predicate = (icmp_ln33)> <Delay = 0.00>
ST_1 : Operation 3010 [1/1] (0.00ns)   --->   "%write_ln0 = write void @_ssdm_op_Write.ap_auto.i16P0A, i16 %p_0_1_0_0_0689_out, i16 %p_0_1_0_0_0689_load"   --->   Operation 3010 'write' 'write_ln0' <Predicate = (icmp_ln33)> <Delay = 0.00>
ST_1 : Operation 3011 [1/1] (0.00ns)   --->   "%write_ln0 = write void @_ssdm_op_Write.ap_auto.i16P0A, i16 %p_0_0_0_0_0687_out, i16 %p_0_0_0_0_0687_load"   --->   Operation 3011 'write' 'write_ln0' <Predicate = (icmp_ln33)> <Delay = 0.00>
ST_1 : Operation 3012 [1/1] (0.00ns)   --->   "%write_ln0 = write void @_ssdm_op_Write.ap_auto.i16P0A, i16 %p_0_6_0_0_0685_out, i16 %p_0_6_0_0_0685_load"   --->   Operation 3012 'write' 'write_ln0' <Predicate = (icmp_ln33)> <Delay = 0.00>
ST_1 : Operation 3013 [1/1] (0.00ns)   --->   "%write_ln0 = write void @_ssdm_op_Write.ap_auto.i16P0A, i16 %p_0_5_0_0_0683_out, i16 %p_0_5_0_0_0683_load"   --->   Operation 3013 'write' 'write_ln0' <Predicate = (icmp_ln33)> <Delay = 0.00>
ST_1 : Operation 3014 [1/1] (0.00ns)   --->   "%write_ln0 = write void @_ssdm_op_Write.ap_auto.i16P0A, i16 %p_0_4_0_0_0681_out, i16 %p_0_4_0_0_0681_load"   --->   Operation 3014 'write' 'write_ln0' <Predicate = (icmp_ln33)> <Delay = 0.00>
ST_1 : Operation 3015 [1/1] (0.00ns)   --->   "%write_ln0 = write void @_ssdm_op_Write.ap_auto.i16P0A, i16 %p_0_2_0_0_0679_out, i16 %p_0_2_0_0_0679_load"   --->   Operation 3015 'write' 'write_ln0' <Predicate = (icmp_ln33)> <Delay = 0.00>
ST_1 : Operation 3016 [1/1] (0.00ns)   --->   "%write_ln0 = write void @_ssdm_op_Write.ap_auto.i16P0A, i16 %p_0_1_0_0_0677_out, i16 %p_0_1_0_0_0677_load"   --->   Operation 3016 'write' 'write_ln0' <Predicate = (icmp_ln33)> <Delay = 0.00>
ST_1 : Operation 3017 [1/1] (0.00ns)   --->   "%write_ln0 = write void @_ssdm_op_Write.ap_auto.i16P0A, i16 %p_0_6_0_0_0675_out, i16 %p_0_6_0_0_0675_load"   --->   Operation 3017 'write' 'write_ln0' <Predicate = (icmp_ln33)> <Delay = 0.00>
ST_1 : Operation 3018 [1/1] (0.00ns)   --->   "%write_ln0 = write void @_ssdm_op_Write.ap_auto.i16P0A, i16 %p_0_5_0_0_0673_out, i16 %p_0_5_0_0_0673_load"   --->   Operation 3018 'write' 'write_ln0' <Predicate = (icmp_ln33)> <Delay = 0.00>
ST_1 : Operation 3019 [1/1] (0.00ns)   --->   "%write_ln0 = write void @_ssdm_op_Write.ap_auto.i16P0A, i16 %p_0_3_0_0_0671_out, i16 %p_0_3_0_0_0671_load"   --->   Operation 3019 'write' 'write_ln0' <Predicate = (icmp_ln33)> <Delay = 0.00>
ST_1 : Operation 3020 [1/1] (0.00ns)   --->   "%write_ln0 = write void @_ssdm_op_Write.ap_auto.i16P0A, i16 %p_0_2_0_0_0669_out, i16 %p_0_2_0_0_0669_load"   --->   Operation 3020 'write' 'write_ln0' <Predicate = (icmp_ln33)> <Delay = 0.00>
ST_1 : Operation 3021 [1/1] (0.00ns)   --->   "%write_ln0 = write void @_ssdm_op_Write.ap_auto.i16P0A, i16 %p_0_1_0_0_0667_out, i16 %p_0_1_0_0_0667_load"   --->   Operation 3021 'write' 'write_ln0' <Predicate = (icmp_ln33)> <Delay = 0.00>
ST_1 : Operation 3022 [1/1] (0.00ns)   --->   "%write_ln0 = write void @_ssdm_op_Write.ap_auto.i16P0A, i16 %p_0_6_0_0_0665_out, i16 %p_0_6_0_0_0665_load"   --->   Operation 3022 'write' 'write_ln0' <Predicate = (icmp_ln33)> <Delay = 0.00>
ST_1 : Operation 3023 [1/1] (0.00ns)   --->   "%write_ln0 = write void @_ssdm_op_Write.ap_auto.i16P0A, i16 %p_0_5_0_0_0663_out, i16 %p_0_5_0_0_0663_load"   --->   Operation 3023 'write' 'write_ln0' <Predicate = (icmp_ln33)> <Delay = 0.00>
ST_1 : Operation 3024 [1/1] (0.00ns)   --->   "%write_ln0 = write void @_ssdm_op_Write.ap_auto.i16P0A, i16 %p_0_2_0_0_0661_out, i16 %p_0_2_0_0_0661_load"   --->   Operation 3024 'write' 'write_ln0' <Predicate = (icmp_ln33)> <Delay = 0.00>
ST_1 : Operation 3025 [1/1] (0.00ns)   --->   "%write_ln0 = write void @_ssdm_op_Write.ap_auto.i16P0A, i16 %p_0_1_0_0_0659_out, i16 %p_0_1_0_0_0659_load"   --->   Operation 3025 'write' 'write_ln0' <Predicate = (icmp_ln33)> <Delay = 0.00>
ST_1 : Operation 3026 [1/1] (0.00ns)   --->   "%write_ln0 = write void @_ssdm_op_Write.ap_auto.i16P0A, i16 %p_0_6_0_0_0657_out, i16 %p_0_6_0_0_0657_load"   --->   Operation 3026 'write' 'write_ln0' <Predicate = (icmp_ln33)> <Delay = 0.00>
ST_1 : Operation 3027 [1/1] (0.00ns)   --->   "%write_ln0 = write void @_ssdm_op_Write.ap_auto.i16P0A, i16 %p_0_5_0_0_0655_out, i16 %p_0_5_0_0_0655_load"   --->   Operation 3027 'write' 'write_ln0' <Predicate = (icmp_ln33)> <Delay = 0.00>
ST_1 : Operation 3028 [1/1] (0.00ns)   --->   "%write_ln0 = write void @_ssdm_op_Write.ap_auto.i16P0A, i16 %p_0_2_0_0_0653_out, i16 %p_0_2_0_0_0653_load"   --->   Operation 3028 'write' 'write_ln0' <Predicate = (icmp_ln33)> <Delay = 0.00>
ST_1 : Operation 3029 [1/1] (0.00ns)   --->   "%write_ln0 = write void @_ssdm_op_Write.ap_auto.i16P0A, i16 %p_0_1_0_0_0651_out, i16 %p_0_1_0_0_0651_load"   --->   Operation 3029 'write' 'write_ln0' <Predicate = (icmp_ln33)> <Delay = 0.00>
ST_1 : Operation 3030 [1/1] (0.00ns)   --->   "%write_ln0 = write void @_ssdm_op_Write.ap_auto.i16P0A, i16 %p_0_6_0_0_0649_out, i16 %p_0_6_0_0_0649_load"   --->   Operation 3030 'write' 'write_ln0' <Predicate = (icmp_ln33)> <Delay = 0.00>
ST_1 : Operation 3031 [1/1] (0.00ns)   --->   "%write_ln0 = write void @_ssdm_op_Write.ap_auto.i16P0A, i16 %p_0_5_0_0_0647_out, i16 %p_0_5_0_0_0647_load"   --->   Operation 3031 'write' 'write_ln0' <Predicate = (icmp_ln33)> <Delay = 0.00>
ST_1 : Operation 3032 [1/1] (0.00ns)   --->   "%write_ln0 = write void @_ssdm_op_Write.ap_auto.i16P0A, i16 %p_0_2_0_0_0645_out, i16 %p_0_2_0_0_0645_load"   --->   Operation 3032 'write' 'write_ln0' <Predicate = (icmp_ln33)> <Delay = 0.00>
ST_1 : Operation 3033 [1/1] (0.00ns)   --->   "%write_ln0 = write void @_ssdm_op_Write.ap_auto.i16P0A, i16 %p_0_1_0_0_0643_out, i16 %p_0_1_0_0_0643_load"   --->   Operation 3033 'write' 'write_ln0' <Predicate = (icmp_ln33)> <Delay = 0.00>
ST_1 : Operation 3034 [1/1] (0.00ns)   --->   "%write_ln0 = write void @_ssdm_op_Write.ap_auto.i16P0A, i16 %p_0_6_0_0_0641_out, i16 %p_0_6_0_0_0641_load"   --->   Operation 3034 'write' 'write_ln0' <Predicate = (icmp_ln33)> <Delay = 0.00>
ST_1 : Operation 3035 [1/1] (0.00ns)   --->   "%write_ln0 = write void @_ssdm_op_Write.ap_auto.i16P0A, i16 %p_0_5_0_0_0639_out, i16 %p_0_5_0_0_0639_load"   --->   Operation 3035 'write' 'write_ln0' <Predicate = (icmp_ln33)> <Delay = 0.00>
ST_1 : Operation 3036 [1/1] (0.00ns)   --->   "%write_ln0 = write void @_ssdm_op_Write.ap_auto.i16P0A, i16 %p_0_2_0_0_0637_out, i16 %p_0_2_0_0_0637_load"   --->   Operation 3036 'write' 'write_ln0' <Predicate = (icmp_ln33)> <Delay = 0.00>
ST_1 : Operation 3037 [1/1] (0.00ns)   --->   "%write_ln0 = write void @_ssdm_op_Write.ap_auto.i16P0A, i16 %p_0_1_0_0_0635_out, i16 %p_0_1_0_0_0635_load"   --->   Operation 3037 'write' 'write_ln0' <Predicate = (icmp_ln33)> <Delay = 0.00>
ST_1 : Operation 3038 [1/1] (0.00ns)   --->   "%write_ln0 = write void @_ssdm_op_Write.ap_auto.i16P0A, i16 %p_0_6_0_0_0633_out, i16 %p_0_6_0_0_0633_load"   --->   Operation 3038 'write' 'write_ln0' <Predicate = (icmp_ln33)> <Delay = 0.00>
ST_1 : Operation 3039 [1/1] (0.00ns)   --->   "%write_ln0 = write void @_ssdm_op_Write.ap_auto.i16P0A, i16 %p_0_5_0_0_0631_out, i16 %p_0_5_0_0_0631_load"   --->   Operation 3039 'write' 'write_ln0' <Predicate = (icmp_ln33)> <Delay = 0.00>
ST_1 : Operation 3040 [1/1] (0.00ns)   --->   "%write_ln0 = write void @_ssdm_op_Write.ap_auto.i16P0A, i16 %p_0_2_0_0_0629_out, i16 %p_0_2_0_0_0629_load"   --->   Operation 3040 'write' 'write_ln0' <Predicate = (icmp_ln33)> <Delay = 0.00>
ST_1 : Operation 3041 [1/1] (0.00ns)   --->   "%write_ln0 = write void @_ssdm_op_Write.ap_auto.i16P0A, i16 %p_0_1_0_0_0627_out, i16 %p_0_1_0_0_0627_load"   --->   Operation 3041 'write' 'write_ln0' <Predicate = (icmp_ln33)> <Delay = 0.00>
ST_1 : Operation 3042 [1/1] (0.00ns)   --->   "%write_ln0 = write void @_ssdm_op_Write.ap_auto.i16P0A, i16 %p_0_6_0_0_0625_out, i16 %p_0_6_0_0_0625_load"   --->   Operation 3042 'write' 'write_ln0' <Predicate = (icmp_ln33)> <Delay = 0.00>
ST_1 : Operation 3043 [1/1] (0.00ns)   --->   "%write_ln0 = write void @_ssdm_op_Write.ap_auto.i16P0A, i16 %p_0_5_0_0_0623_out, i16 %p_0_5_0_0_0623_load"   --->   Operation 3043 'write' 'write_ln0' <Predicate = (icmp_ln33)> <Delay = 0.00>
ST_1 : Operation 3044 [1/1] (0.00ns)   --->   "%write_ln0 = write void @_ssdm_op_Write.ap_auto.i16P0A, i16 %p_0_2_0_0_0621_out, i16 %p_0_2_0_0_0621_load"   --->   Operation 3044 'write' 'write_ln0' <Predicate = (icmp_ln33)> <Delay = 0.00>
ST_1 : Operation 3045 [1/1] (0.00ns)   --->   "%write_ln0 = write void @_ssdm_op_Write.ap_auto.i16P0A, i16 %p_0_1_0_0_0619_out, i16 %p_0_1_0_0_0619_load"   --->   Operation 3045 'write' 'write_ln0' <Predicate = (icmp_ln33)> <Delay = 0.00>
ST_1 : Operation 3046 [1/1] (0.00ns)   --->   "%write_ln0 = write void @_ssdm_op_Write.ap_auto.i16P0A, i16 %p_0_6_0_0_0617_out, i16 %p_0_6_0_0_0617_load"   --->   Operation 3046 'write' 'write_ln0' <Predicate = (icmp_ln33)> <Delay = 0.00>
ST_1 : Operation 3047 [1/1] (0.00ns)   --->   "%write_ln0 = write void @_ssdm_op_Write.ap_auto.i16P0A, i16 %p_0_5_0_0_0615_out, i16 %p_0_5_0_0_0615_load"   --->   Operation 3047 'write' 'write_ln0' <Predicate = (icmp_ln33)> <Delay = 0.00>
ST_1 : Operation 3048 [1/1] (0.00ns)   --->   "%write_ln0 = write void @_ssdm_op_Write.ap_auto.i16P0A, i16 %p_0_2_0_0_0613_out, i16 %p_0_2_0_0_0613_load"   --->   Operation 3048 'write' 'write_ln0' <Predicate = (icmp_ln33)> <Delay = 0.00>
ST_1 : Operation 3049 [1/1] (0.00ns)   --->   "%write_ln0 = write void @_ssdm_op_Write.ap_auto.i16P0A, i16 %p_0_1_0_0_0611_out, i16 %p_0_1_0_0_0611_load"   --->   Operation 3049 'write' 'write_ln0' <Predicate = (icmp_ln33)> <Delay = 0.00>
ST_1 : Operation 3050 [1/1] (0.00ns)   --->   "%write_ln0 = write void @_ssdm_op_Write.ap_auto.i16P0A, i16 %p_0_6_0_0_0609_out, i16 %p_0_6_0_0_0609_load"   --->   Operation 3050 'write' 'write_ln0' <Predicate = (icmp_ln33)> <Delay = 0.00>
ST_1 : Operation 3051 [1/1] (0.00ns)   --->   "%write_ln0 = write void @_ssdm_op_Write.ap_auto.i16P0A, i16 %p_0_5_0_0_0607_out, i16 %p_0_5_0_0_0607_load"   --->   Operation 3051 'write' 'write_ln0' <Predicate = (icmp_ln33)> <Delay = 0.00>
ST_1 : Operation 3052 [1/1] (0.00ns)   --->   "%write_ln0 = write void @_ssdm_op_Write.ap_auto.i16P0A, i16 %p_0_2_0_0_0605_out, i16 %p_0_2_0_0_0605_load"   --->   Operation 3052 'write' 'write_ln0' <Predicate = (icmp_ln33)> <Delay = 0.00>
ST_1 : Operation 3053 [1/1] (0.00ns)   --->   "%write_ln0 = write void @_ssdm_op_Write.ap_auto.i16P0A, i16 %p_0_1_0_0_0603_out, i16 %p_0_1_0_0_0603_load"   --->   Operation 3053 'write' 'write_ln0' <Predicate = (icmp_ln33)> <Delay = 0.00>
ST_1 : Operation 3054 [1/1] (0.00ns)   --->   "%write_ln0 = write void @_ssdm_op_Write.ap_auto.i16P0A, i16 %p_0_0_0_0_0601_out, i16 %p_0_0_0_0_0601_load"   --->   Operation 3054 'write' 'write_ln0' <Predicate = (icmp_ln33)> <Delay = 0.00>
ST_1 : Operation 3055 [1/1] (0.00ns)   --->   "%write_ln0 = write void @_ssdm_op_Write.ap_auto.i16P0A, i16 %p_0_6_0_0_0599_out, i16 %p_0_6_0_0_0599_load"   --->   Operation 3055 'write' 'write_ln0' <Predicate = (icmp_ln33)> <Delay = 0.00>
ST_1 : Operation 3056 [1/1] (0.00ns)   --->   "%write_ln0 = write void @_ssdm_op_Write.ap_auto.i16P0A, i16 %p_0_5_0_0_0597_out, i16 %p_0_5_0_0_0597_load"   --->   Operation 3056 'write' 'write_ln0' <Predicate = (icmp_ln33)> <Delay = 0.00>
ST_1 : Operation 3057 [1/1] (0.00ns)   --->   "%write_ln0 = write void @_ssdm_op_Write.ap_auto.i16P0A, i16 %p_0_3_0_0_0595_out, i16 %p_0_3_0_0_0595_load"   --->   Operation 3057 'write' 'write_ln0' <Predicate = (icmp_ln33)> <Delay = 0.00>
ST_1 : Operation 3058 [1/1] (0.00ns)   --->   "%write_ln0 = write void @_ssdm_op_Write.ap_auto.i16P0A, i16 %p_0_2_0_0_0593_out, i16 %p_0_2_0_0_0593_load"   --->   Operation 3058 'write' 'write_ln0' <Predicate = (icmp_ln33)> <Delay = 0.00>
ST_1 : Operation 3059 [1/1] (0.00ns)   --->   "%write_ln0 = write void @_ssdm_op_Write.ap_auto.i16P0A, i16 %p_0_1_0_0_0591_out, i16 %p_0_1_0_0_0591_load"   --->   Operation 3059 'write' 'write_ln0' <Predicate = (icmp_ln33)> <Delay = 0.00>
ST_1 : Operation 3060 [1/1] (0.00ns)   --->   "%write_ln0 = write void @_ssdm_op_Write.ap_auto.i16P0A, i16 %p_0_6_0_0_0589_out, i16 %p_0_6_0_0_0589_load"   --->   Operation 3060 'write' 'write_ln0' <Predicate = (icmp_ln33)> <Delay = 0.00>
ST_1 : Operation 3061 [1/1] (0.00ns)   --->   "%write_ln0 = write void @_ssdm_op_Write.ap_auto.i16P0A, i16 %p_0_5_0_0_0587_out, i16 %p_0_5_0_0_0587_load"   --->   Operation 3061 'write' 'write_ln0' <Predicate = (icmp_ln33)> <Delay = 0.00>
ST_1 : Operation 3062 [1/1] (0.00ns)   --->   "%write_ln0 = write void @_ssdm_op_Write.ap_auto.i16P0A, i16 %p_0_2_0_0_0585_out, i16 %p_0_2_0_0_0585_load"   --->   Operation 3062 'write' 'write_ln0' <Predicate = (icmp_ln33)> <Delay = 0.00>
ST_1 : Operation 3063 [1/1] (0.00ns)   --->   "%write_ln0 = write void @_ssdm_op_Write.ap_auto.i16P0A, i16 %p_0_1_0_0_0583_out, i16 %p_0_1_0_0_0583_load"   --->   Operation 3063 'write' 'write_ln0' <Predicate = (icmp_ln33)> <Delay = 0.00>
ST_1 : Operation 3064 [1/1] (0.00ns)   --->   "%write_ln0 = write void @_ssdm_op_Write.ap_auto.i16P0A, i16 %p_0_0_0_0_0581_out, i16 %p_0_0_0_0_0581_load"   --->   Operation 3064 'write' 'write_ln0' <Predicate = (icmp_ln33)> <Delay = 0.00>
ST_1 : Operation 3065 [1/1] (0.00ns)   --->   "%write_ln0 = write void @_ssdm_op_Write.ap_auto.i16P0A, i16 %p_0_6_0_0_0579_out, i16 %p_0_6_0_0_0579_load"   --->   Operation 3065 'write' 'write_ln0' <Predicate = (icmp_ln33)> <Delay = 0.00>
ST_1 : Operation 3066 [1/1] (0.00ns)   --->   "%write_ln0 = write void @_ssdm_op_Write.ap_auto.i16P0A, i16 %p_0_5_0_0_0577_out, i16 %p_0_5_0_0_0577_load"   --->   Operation 3066 'write' 'write_ln0' <Predicate = (icmp_ln33)> <Delay = 0.00>
ST_1 : Operation 3067 [1/1] (0.00ns)   --->   "%write_ln0 = write void @_ssdm_op_Write.ap_auto.i16P0A, i16 %p_0_2_0_0_0575_out, i16 %p_0_2_0_0_0575_load"   --->   Operation 3067 'write' 'write_ln0' <Predicate = (icmp_ln33)> <Delay = 0.00>
ST_1 : Operation 3068 [1/1] (0.00ns)   --->   "%write_ln0 = write void @_ssdm_op_Write.ap_auto.i16P0A, i16 %p_0_1_0_0_0573_out, i16 %p_0_1_0_0_0573_load"   --->   Operation 3068 'write' 'write_ln0' <Predicate = (icmp_ln33)> <Delay = 0.00>
ST_1 : Operation 3069 [1/1] (0.00ns)   --->   "%write_ln0 = write void @_ssdm_op_Write.ap_auto.i16P0A, i16 %p_0_6_0_0_0571_out, i16 %p_0_6_0_0_0571_load"   --->   Operation 3069 'write' 'write_ln0' <Predicate = (icmp_ln33)> <Delay = 0.00>
ST_1 : Operation 3070 [1/1] (0.00ns)   --->   "%write_ln0 = write void @_ssdm_op_Write.ap_auto.i16P0A, i16 %p_0_5_0_0_0569_out, i16 %p_0_5_0_0_0569_load"   --->   Operation 3070 'write' 'write_ln0' <Predicate = (icmp_ln33)> <Delay = 0.00>
ST_1 : Operation 3071 [1/1] (0.00ns)   --->   "%write_ln0 = write void @_ssdm_op_Write.ap_auto.i16P0A, i16 %p_0_3_0_0_0567_out, i16 %p_0_3_0_0_0567_load"   --->   Operation 3071 'write' 'write_ln0' <Predicate = (icmp_ln33)> <Delay = 0.00>
ST_1 : Operation 3072 [1/1] (0.00ns)   --->   "%write_ln0 = write void @_ssdm_op_Write.ap_auto.i16P0A, i16 %p_0_2_0_0_0565_out, i16 %p_0_2_0_0_0565_load"   --->   Operation 3072 'write' 'write_ln0' <Predicate = (icmp_ln33)> <Delay = 0.00>
ST_1 : Operation 3073 [1/1] (0.00ns)   --->   "%write_ln0 = write void @_ssdm_op_Write.ap_auto.i16P0A, i16 %p_0_1_0_0_0563_out, i16 %p_0_1_0_0_0563_load"   --->   Operation 3073 'write' 'write_ln0' <Predicate = (icmp_ln33)> <Delay = 0.00>
ST_1 : Operation 3074 [1/1] (0.00ns)   --->   "%write_ln0 = write void @_ssdm_op_Write.ap_auto.i16P0A, i16 %p_0_6_0_0_0561_out, i16 %p_0_6_0_0_0561_load"   --->   Operation 3074 'write' 'write_ln0' <Predicate = (icmp_ln33)> <Delay = 0.00>
ST_1 : Operation 3075 [1/1] (0.00ns)   --->   "%write_ln0 = write void @_ssdm_op_Write.ap_auto.i16P0A, i16 %p_0_5_0_0_0559_out, i16 %p_0_5_0_0_0559_load"   --->   Operation 3075 'write' 'write_ln0' <Predicate = (icmp_ln33)> <Delay = 0.00>
ST_1 : Operation 3076 [1/1] (0.00ns)   --->   "%write_ln0 = write void @_ssdm_op_Write.ap_auto.i16P0A, i16 %p_0_2_0_0_0557_out, i16 %p_0_2_0_0_0557_load"   --->   Operation 3076 'write' 'write_ln0' <Predicate = (icmp_ln33)> <Delay = 0.00>
ST_1 : Operation 3077 [1/1] (0.00ns)   --->   "%write_ln0 = write void @_ssdm_op_Write.ap_auto.i16P0A, i16 %p_0_1_0_0_0555_out, i16 %p_0_1_0_0_0555_load"   --->   Operation 3077 'write' 'write_ln0' <Predicate = (icmp_ln33)> <Delay = 0.00>
ST_1 : Operation 3078 [1/1] (0.00ns)   --->   "%write_ln0 = write void @_ssdm_op_Write.ap_auto.i16P0A, i16 %p_0_6_0_0_0553_out, i16 %p_0_6_0_0_0553_load"   --->   Operation 3078 'write' 'write_ln0' <Predicate = (icmp_ln33)> <Delay = 0.00>
ST_1 : Operation 3079 [1/1] (0.00ns)   --->   "%write_ln0 = write void @_ssdm_op_Write.ap_auto.i16P0A, i16 %p_0_5_0_0_0551_out, i16 %p_0_5_0_0_0551_load"   --->   Operation 3079 'write' 'write_ln0' <Predicate = (icmp_ln33)> <Delay = 0.00>
ST_1 : Operation 3080 [1/1] (0.00ns)   --->   "%write_ln0 = write void @_ssdm_op_Write.ap_auto.i16P0A, i16 %p_0_2_0_0_0549_out, i16 %p_0_2_0_0_0549_load"   --->   Operation 3080 'write' 'write_ln0' <Predicate = (icmp_ln33)> <Delay = 0.00>
ST_1 : Operation 3081 [1/1] (0.00ns)   --->   "%write_ln0 = write void @_ssdm_op_Write.ap_auto.i16P0A, i16 %p_0_1_0_0_0547_out, i16 %p_0_1_0_0_0547_load"   --->   Operation 3081 'write' 'write_ln0' <Predicate = (icmp_ln33)> <Delay = 0.00>
ST_1 : Operation 3082 [1/1] (0.00ns)   --->   "%write_ln0 = write void @_ssdm_op_Write.ap_auto.i16P0A, i16 %p_0_0_0_0_0545_out, i16 %p_0_0_0_0_0545_load"   --->   Operation 3082 'write' 'write_ln0' <Predicate = (icmp_ln33)> <Delay = 0.00>
ST_1 : Operation 3083 [1/1] (0.00ns)   --->   "%write_ln0 = write void @_ssdm_op_Write.ap_auto.i16P0A, i16 %p_0_6_0_0_0543_out, i16 %p_0_6_0_0_0543_load"   --->   Operation 3083 'write' 'write_ln0' <Predicate = (icmp_ln33)> <Delay = 0.00>
ST_1 : Operation 3084 [1/1] (0.00ns)   --->   "%write_ln0 = write void @_ssdm_op_Write.ap_auto.i16P0A, i16 %p_0_5_0_0_0541_out, i16 %p_0_5_0_0_0541_load"   --->   Operation 3084 'write' 'write_ln0' <Predicate = (icmp_ln33)> <Delay = 0.00>
ST_1 : Operation 3085 [1/1] (0.00ns)   --->   "%write_ln0 = write void @_ssdm_op_Write.ap_auto.i16P0A, i16 %p_0_2_0_0_0539_out, i16 %p_0_2_0_0_0539_load"   --->   Operation 3085 'write' 'write_ln0' <Predicate = (icmp_ln33)> <Delay = 0.00>
ST_1 : Operation 3086 [1/1] (0.00ns)   --->   "%write_ln0 = write void @_ssdm_op_Write.ap_auto.i16P0A, i16 %p_0_1_0_0_0537_out, i16 %p_0_1_0_0_0537_load"   --->   Operation 3086 'write' 'write_ln0' <Predicate = (icmp_ln33)> <Delay = 0.00>
ST_1 : Operation 3087 [1/1] (0.00ns)   --->   "%write_ln0 = write void @_ssdm_op_Write.ap_auto.i16P0A, i16 %p_0_6_0_0_0535_out, i16 %p_0_6_0_0_0535_load"   --->   Operation 3087 'write' 'write_ln0' <Predicate = (icmp_ln33)> <Delay = 0.00>
ST_1 : Operation 3088 [1/1] (0.00ns)   --->   "%write_ln0 = write void @_ssdm_op_Write.ap_auto.i16P0A, i16 %p_0_5_0_0_0533_out, i16 %p_0_5_0_0_0533_load"   --->   Operation 3088 'write' 'write_ln0' <Predicate = (icmp_ln33)> <Delay = 0.00>
ST_1 : Operation 3089 [1/1] (0.00ns)   --->   "%write_ln0 = write void @_ssdm_op_Write.ap_auto.i16P0A, i16 %p_0_2_0_0_0531_out, i16 %p_0_2_0_0_0531_load"   --->   Operation 3089 'write' 'write_ln0' <Predicate = (icmp_ln33)> <Delay = 0.00>
ST_1 : Operation 3090 [1/1] (0.00ns)   --->   "%write_ln0 = write void @_ssdm_op_Write.ap_auto.i16P0A, i16 %p_0_1_0_0_0529_out, i16 %p_0_1_0_0_0529_load"   --->   Operation 3090 'write' 'write_ln0' <Predicate = (icmp_ln33)> <Delay = 0.00>
ST_1 : Operation 3091 [1/1] (0.00ns)   --->   "%write_ln0 = write void @_ssdm_op_Write.ap_auto.i16P0A, i16 %p_0_6_0_0_0527_out, i16 %p_0_6_0_0_0527_load"   --->   Operation 3091 'write' 'write_ln0' <Predicate = (icmp_ln33)> <Delay = 0.00>
ST_1 : Operation 3092 [1/1] (0.00ns)   --->   "%write_ln0 = write void @_ssdm_op_Write.ap_auto.i16P0A, i16 %p_0_5_0_0_0525_out, i16 %p_0_5_0_0_0525_load"   --->   Operation 3092 'write' 'write_ln0' <Predicate = (icmp_ln33)> <Delay = 0.00>
ST_1 : Operation 3093 [1/1] (0.00ns)   --->   "%write_ln0 = write void @_ssdm_op_Write.ap_auto.i16P0A, i16 %p_0_2_0_0_0523_out, i16 %p_0_2_0_0_0523_load"   --->   Operation 3093 'write' 'write_ln0' <Predicate = (icmp_ln33)> <Delay = 0.00>
ST_1 : Operation 3094 [1/1] (0.00ns)   --->   "%write_ln0 = write void @_ssdm_op_Write.ap_auto.i16P0A, i16 %p_0_1_0_0_0521_out, i16 %p_0_1_0_0_0521_load"   --->   Operation 3094 'write' 'write_ln0' <Predicate = (icmp_ln33)> <Delay = 0.00>
ST_1 : Operation 3095 [1/1] (0.00ns)   --->   "%write_ln0 = write void @_ssdm_op_Write.ap_auto.i16P0A, i16 %p_0_0_0_0_0519_out, i16 %p_0_0_0_0_0519_load"   --->   Operation 3095 'write' 'write_ln0' <Predicate = (icmp_ln33)> <Delay = 0.00>
ST_1 : Operation 3096 [1/1] (0.00ns)   --->   "%write_ln0 = write void @_ssdm_op_Write.ap_auto.i16P0A, i16 %p_0_6_0_0_0517_out, i16 %p_0_6_0_0_0517_load"   --->   Operation 3096 'write' 'write_ln0' <Predicate = (icmp_ln33)> <Delay = 0.00>
ST_1 : Operation 3097 [1/1] (0.00ns)   --->   "%write_ln0 = write void @_ssdm_op_Write.ap_auto.i16P0A, i16 %p_0_5_0_0_0515_out, i16 %p_0_5_0_0_0515_load"   --->   Operation 3097 'write' 'write_ln0' <Predicate = (icmp_ln33)> <Delay = 0.00>
ST_1 : Operation 3098 [1/1] (0.00ns)   --->   "%write_ln0 = write void @_ssdm_op_Write.ap_auto.i16P0A, i16 %p_0_2_0_0_0513_out, i16 %p_0_2_0_0_0513_load"   --->   Operation 3098 'write' 'write_ln0' <Predicate = (icmp_ln33)> <Delay = 0.00>
ST_1 : Operation 3099 [1/1] (0.00ns)   --->   "%write_ln0 = write void @_ssdm_op_Write.ap_auto.i16P0A, i16 %p_0_1_0_0_0511_out, i16 %p_0_1_0_0_0511_load"   --->   Operation 3099 'write' 'write_ln0' <Predicate = (icmp_ln33)> <Delay = 0.00>
ST_1 : Operation 3100 [1/1] (0.00ns)   --->   "%write_ln0 = write void @_ssdm_op_Write.ap_auto.i16P0A, i16 %p_0_6_0_0_0509_out, i16 %p_0_6_0_0_0509_load"   --->   Operation 3100 'write' 'write_ln0' <Predicate = (icmp_ln33)> <Delay = 0.00>
ST_1 : Operation 3101 [1/1] (0.00ns)   --->   "%write_ln0 = write void @_ssdm_op_Write.ap_auto.i16P0A, i16 %p_0_5_0_0_0507_out, i16 %p_0_5_0_0_0507_load"   --->   Operation 3101 'write' 'write_ln0' <Predicate = (icmp_ln33)> <Delay = 0.00>
ST_1 : Operation 3102 [1/1] (0.00ns)   --->   "%write_ln0 = write void @_ssdm_op_Write.ap_auto.i16P0A, i16 %p_0_2_0_0_0505_out, i16 %p_0_2_0_0_0505_load"   --->   Operation 3102 'write' 'write_ln0' <Predicate = (icmp_ln33)> <Delay = 0.00>
ST_1 : Operation 3103 [1/1] (0.00ns)   --->   "%write_ln0 = write void @_ssdm_op_Write.ap_auto.i16P0A, i16 %p_0_1_0_0_0503_out, i16 %p_0_1_0_0_0503_load"   --->   Operation 3103 'write' 'write_ln0' <Predicate = (icmp_ln33)> <Delay = 0.00>
ST_1 : Operation 3104 [1/1] (0.00ns)   --->   "%write_ln0 = write void @_ssdm_op_Write.ap_auto.i16P0A, i16 %p_0_6_0_0_0501_out, i16 %p_0_6_0_0_0501_load"   --->   Operation 3104 'write' 'write_ln0' <Predicate = (icmp_ln33)> <Delay = 0.00>
ST_1 : Operation 3105 [1/1] (0.00ns)   --->   "%write_ln0 = write void @_ssdm_op_Write.ap_auto.i16P0A, i16 %p_0_5_0_0_0499_out, i16 %p_0_5_0_0_0499_load"   --->   Operation 3105 'write' 'write_ln0' <Predicate = (icmp_ln33)> <Delay = 0.00>
ST_1 : Operation 3106 [1/1] (0.00ns)   --->   "%write_ln0 = write void @_ssdm_op_Write.ap_auto.i16P0A, i16 %p_0_2_0_0_0497_out, i16 %p_0_2_0_0_0497_load"   --->   Operation 3106 'write' 'write_ln0' <Predicate = (icmp_ln33)> <Delay = 0.00>
ST_1 : Operation 3107 [1/1] (0.00ns)   --->   "%write_ln0 = write void @_ssdm_op_Write.ap_auto.i16P0A, i16 %p_0_1_0_0_0495_out, i16 %p_0_1_0_0_0495_load"   --->   Operation 3107 'write' 'write_ln0' <Predicate = (icmp_ln33)> <Delay = 0.00>
ST_1 : Operation 3108 [1/1] (0.00ns)   --->   "%write_ln0 = write void @_ssdm_op_Write.ap_auto.i16P0A, i16 %p_0_6_0_0_0493_out, i16 %p_0_6_0_0_0493_load"   --->   Operation 3108 'write' 'write_ln0' <Predicate = (icmp_ln33)> <Delay = 0.00>
ST_1 : Operation 3109 [1/1] (0.00ns)   --->   "%write_ln0 = write void @_ssdm_op_Write.ap_auto.i16P0A, i16 %p_0_5_0_0_0491_out, i16 %p_0_5_0_0_0491_load"   --->   Operation 3109 'write' 'write_ln0' <Predicate = (icmp_ln33)> <Delay = 0.00>
ST_1 : Operation 3110 [1/1] (0.00ns)   --->   "%write_ln0 = write void @_ssdm_op_Write.ap_auto.i16P0A, i16 %p_0_3_0_0_0489_out, i16 %p_0_3_0_0_0489_load"   --->   Operation 3110 'write' 'write_ln0' <Predicate = (icmp_ln33)> <Delay = 0.00>
ST_1 : Operation 3111 [1/1] (0.00ns)   --->   "%write_ln0 = write void @_ssdm_op_Write.ap_auto.i16P0A, i16 %p_0_2_0_0_0487_out, i16 %p_0_2_0_0_0487_load"   --->   Operation 3111 'write' 'write_ln0' <Predicate = (icmp_ln33)> <Delay = 0.00>
ST_1 : Operation 3112 [1/1] (0.00ns)   --->   "%write_ln0 = write void @_ssdm_op_Write.ap_auto.i16P0A, i16 %p_0_1_0_0_0485_out, i16 %p_0_1_0_0_0485_load"   --->   Operation 3112 'write' 'write_ln0' <Predicate = (icmp_ln33)> <Delay = 0.00>
ST_1 : Operation 3113 [1/1] (0.00ns)   --->   "%write_ln0 = write void @_ssdm_op_Write.ap_auto.i16P0A, i16 %p_0_6_0_0_0483_out, i16 %p_0_6_0_0_0483_load"   --->   Operation 3113 'write' 'write_ln0' <Predicate = (icmp_ln33)> <Delay = 0.00>
ST_1 : Operation 3114 [1/1] (0.00ns)   --->   "%write_ln0 = write void @_ssdm_op_Write.ap_auto.i16P0A, i16 %p_0_5_0_0_0481_out, i16 %p_0_5_0_0_0481_load"   --->   Operation 3114 'write' 'write_ln0' <Predicate = (icmp_ln33)> <Delay = 0.00>
ST_1 : Operation 3115 [1/1] (0.00ns)   --->   "%write_ln0 = write void @_ssdm_op_Write.ap_auto.i16P0A, i16 %p_0_2_0_0_0479_out, i16 %p_0_2_0_0_0479_load"   --->   Operation 3115 'write' 'write_ln0' <Predicate = (icmp_ln33)> <Delay = 0.00>
ST_1 : Operation 3116 [1/1] (0.00ns)   --->   "%write_ln0 = write void @_ssdm_op_Write.ap_auto.i16P0A, i16 %p_0_1_0_0_0477_out, i16 %p_0_1_0_0_0477_load"   --->   Operation 3116 'write' 'write_ln0' <Predicate = (icmp_ln33)> <Delay = 0.00>
ST_1 : Operation 3117 [1/1] (0.00ns)   --->   "%write_ln0 = write void @_ssdm_op_Write.ap_auto.i16P0A, i16 %p_0_6_0_0_0475_out, i16 %p_0_6_0_0_0475_load"   --->   Operation 3117 'write' 'write_ln0' <Predicate = (icmp_ln33)> <Delay = 0.00>
ST_1 : Operation 3118 [1/1] (0.00ns)   --->   "%write_ln0 = write void @_ssdm_op_Write.ap_auto.i16P0A, i16 %p_0_5_0_0_0473_out, i16 %p_0_5_0_0_0473_load"   --->   Operation 3118 'write' 'write_ln0' <Predicate = (icmp_ln33)> <Delay = 0.00>
ST_1 : Operation 3119 [1/1] (0.00ns)   --->   "%write_ln0 = write void @_ssdm_op_Write.ap_auto.i16P0A, i16 %p_0_2_0_0_0471_out, i16 %p_0_2_0_0_0471_load"   --->   Operation 3119 'write' 'write_ln0' <Predicate = (icmp_ln33)> <Delay = 0.00>
ST_1 : Operation 3120 [1/1] (0.00ns)   --->   "%write_ln0 = write void @_ssdm_op_Write.ap_auto.i16P0A, i16 %p_0_1_0_0_0469_out, i16 %p_0_1_0_0_0469_load"   --->   Operation 3120 'write' 'write_ln0' <Predicate = (icmp_ln33)> <Delay = 0.00>
ST_1 : Operation 3121 [1/1] (0.00ns)   --->   "%write_ln0 = write void @_ssdm_op_Write.ap_auto.i16P0A, i16 %p_0_6_0_0_0467_out, i16 %p_0_6_0_0_0467_load"   --->   Operation 3121 'write' 'write_ln0' <Predicate = (icmp_ln33)> <Delay = 0.00>
ST_1 : Operation 3122 [1/1] (0.00ns)   --->   "%write_ln0 = write void @_ssdm_op_Write.ap_auto.i16P0A, i16 %p_0_5_0_0_0465_out, i16 %p_0_5_0_0_0465_load"   --->   Operation 3122 'write' 'write_ln0' <Predicate = (icmp_ln33)> <Delay = 0.00>
ST_1 : Operation 3123 [1/1] (0.00ns)   --->   "%write_ln0 = write void @_ssdm_op_Write.ap_auto.i16P0A, i16 %p_0_2_0_0_0463_out, i16 %p_0_2_0_0_0463_load"   --->   Operation 3123 'write' 'write_ln0' <Predicate = (icmp_ln33)> <Delay = 0.00>
ST_1 : Operation 3124 [1/1] (0.00ns)   --->   "%write_ln0 = write void @_ssdm_op_Write.ap_auto.i16P0A, i16 %p_0_1_0_0_0461_out, i16 %p_0_1_0_0_0461_load"   --->   Operation 3124 'write' 'write_ln0' <Predicate = (icmp_ln33)> <Delay = 0.00>
ST_1 : Operation 3125 [1/1] (0.00ns)   --->   "%write_ln0 = write void @_ssdm_op_Write.ap_auto.i16P0A, i16 %p_0_6_0_0_0459_out, i16 %p_0_6_0_0_0459_load"   --->   Operation 3125 'write' 'write_ln0' <Predicate = (icmp_ln33)> <Delay = 0.00>
ST_1 : Operation 3126 [1/1] (0.00ns)   --->   "%write_ln0 = write void @_ssdm_op_Write.ap_auto.i16P0A, i16 %p_0_5_0_0_0457_out, i16 %p_0_5_0_0_0457_load"   --->   Operation 3126 'write' 'write_ln0' <Predicate = (icmp_ln33)> <Delay = 0.00>
ST_1 : Operation 3127 [1/1] (0.00ns)   --->   "%write_ln0 = write void @_ssdm_op_Write.ap_auto.i16P0A, i16 %p_0_2_0_0_0455_out, i16 %p_0_2_0_0_0455_load"   --->   Operation 3127 'write' 'write_ln0' <Predicate = (icmp_ln33)> <Delay = 0.00>
ST_1 : Operation 3128 [1/1] (0.00ns)   --->   "%write_ln0 = write void @_ssdm_op_Write.ap_auto.i16P0A, i16 %p_0_1_0_0_0453_out, i16 %p_0_1_0_0_0453_load"   --->   Operation 3128 'write' 'write_ln0' <Predicate = (icmp_ln33)> <Delay = 0.00>
ST_1 : Operation 3129 [1/1] (0.00ns)   --->   "%write_ln0 = write void @_ssdm_op_Write.ap_auto.i16P0A, i16 %p_0_6_0_0_0451_out, i16 %p_0_6_0_0_0451_load"   --->   Operation 3129 'write' 'write_ln0' <Predicate = (icmp_ln33)> <Delay = 0.00>
ST_1 : Operation 3130 [1/1] (0.00ns)   --->   "%write_ln0 = write void @_ssdm_op_Write.ap_auto.i16P0A, i16 %p_0_5_0_0_0449_out, i16 %p_0_5_0_0_0449_load"   --->   Operation 3130 'write' 'write_ln0' <Predicate = (icmp_ln33)> <Delay = 0.00>
ST_1 : Operation 3131 [1/1] (0.00ns)   --->   "%write_ln0 = write void @_ssdm_op_Write.ap_auto.i16P0A, i16 %p_0_2_0_0_0447_out, i16 %p_0_2_0_0_0447_load"   --->   Operation 3131 'write' 'write_ln0' <Predicate = (icmp_ln33)> <Delay = 0.00>
ST_1 : Operation 3132 [1/1] (0.00ns)   --->   "%write_ln0 = write void @_ssdm_op_Write.ap_auto.i16P0A, i16 %p_0_1_0_0_0445_out, i16 %p_0_1_0_0_0445_load"   --->   Operation 3132 'write' 'write_ln0' <Predicate = (icmp_ln33)> <Delay = 0.00>
ST_1 : Operation 3133 [1/1] (0.00ns)   --->   "%write_ln0 = write void @_ssdm_op_Write.ap_auto.i16P0A, i16 %p_0_6_0_0_0443_out, i16 %p_0_6_0_0_0443_load"   --->   Operation 3133 'write' 'write_ln0' <Predicate = (icmp_ln33)> <Delay = 0.00>
ST_1 : Operation 3134 [1/1] (0.00ns)   --->   "%write_ln0 = write void @_ssdm_op_Write.ap_auto.i16P0A, i16 %p_0_5_0_0_0441_out, i16 %p_0_5_0_0_0441_load"   --->   Operation 3134 'write' 'write_ln0' <Predicate = (icmp_ln33)> <Delay = 0.00>
ST_1 : Operation 3135 [1/1] (0.00ns)   --->   "%write_ln0 = write void @_ssdm_op_Write.ap_auto.i16P0A, i16 %p_0_2_0_0_0439_out, i16 %p_0_2_0_0_0439_load"   --->   Operation 3135 'write' 'write_ln0' <Predicate = (icmp_ln33)> <Delay = 0.00>
ST_1 : Operation 3136 [1/1] (0.00ns)   --->   "%write_ln0 = write void @_ssdm_op_Write.ap_auto.i16P0A, i16 %p_0_1_0_0_0437_out, i16 %p_0_1_0_0_0437_load"   --->   Operation 3136 'write' 'write_ln0' <Predicate = (icmp_ln33)> <Delay = 0.00>
ST_1 : Operation 3137 [1/1] (0.00ns)   --->   "%write_ln0 = write void @_ssdm_op_Write.ap_auto.i16P0A, i16 %p_0_6_0_0_0435_out, i16 %p_0_6_0_0_0435_load"   --->   Operation 3137 'write' 'write_ln0' <Predicate = (icmp_ln33)> <Delay = 0.00>
ST_1 : Operation 3138 [1/1] (0.00ns)   --->   "%write_ln0 = write void @_ssdm_op_Write.ap_auto.i16P0A, i16 %p_0_5_0_0_0433_out, i16 %p_0_5_0_0_0433_load"   --->   Operation 3138 'write' 'write_ln0' <Predicate = (icmp_ln33)> <Delay = 0.00>
ST_1 : Operation 3139 [1/1] (0.00ns)   --->   "%write_ln0 = write void @_ssdm_op_Write.ap_auto.i16P0A, i16 %p_0_2_0_0_0431_out, i16 %p_0_2_0_0_0431_load"   --->   Operation 3139 'write' 'write_ln0' <Predicate = (icmp_ln33)> <Delay = 0.00>
ST_1 : Operation 3140 [1/1] (0.00ns)   --->   "%write_ln0 = write void @_ssdm_op_Write.ap_auto.i16P0A, i16 %p_0_1_0_0_0429_out, i16 %p_0_1_0_0_0429_load"   --->   Operation 3140 'write' 'write_ln0' <Predicate = (icmp_ln33)> <Delay = 0.00>
ST_1 : Operation 3141 [1/1] (0.00ns)   --->   "%write_ln0 = write void @_ssdm_op_Write.ap_auto.i16P0A, i16 %p_0_6_0_0_0427_out, i16 %p_0_6_0_0_0427_load"   --->   Operation 3141 'write' 'write_ln0' <Predicate = (icmp_ln33)> <Delay = 0.00>
ST_1 : Operation 3142 [1/1] (0.00ns)   --->   "%write_ln0 = write void @_ssdm_op_Write.ap_auto.i16P0A, i16 %p_0_5_0_0_0425_out, i16 %p_0_5_0_0_0425_load"   --->   Operation 3142 'write' 'write_ln0' <Predicate = (icmp_ln33)> <Delay = 0.00>
ST_1 : Operation 3143 [1/1] (0.00ns)   --->   "%write_ln0 = write void @_ssdm_op_Write.ap_auto.i16P0A, i16 %p_0_2_0_0_0423_out, i16 %p_0_2_0_0_0423_load"   --->   Operation 3143 'write' 'write_ln0' <Predicate = (icmp_ln33)> <Delay = 0.00>
ST_1 : Operation 3144 [1/1] (0.00ns)   --->   "%write_ln0 = write void @_ssdm_op_Write.ap_auto.i16P0A, i16 %p_0_1_0_0_0421_out, i16 %p_0_1_0_0_0421_load"   --->   Operation 3144 'write' 'write_ln0' <Predicate = (icmp_ln33)> <Delay = 0.00>
ST_1 : Operation 3145 [1/1] (0.00ns)   --->   "%write_ln0 = write void @_ssdm_op_Write.ap_auto.i16P0A, i16 %p_0_6_0_0_0419_out, i16 %p_0_6_0_0_0419_load"   --->   Operation 3145 'write' 'write_ln0' <Predicate = (icmp_ln33)> <Delay = 0.00>
ST_1 : Operation 3146 [1/1] (0.00ns)   --->   "%write_ln0 = write void @_ssdm_op_Write.ap_auto.i16P0A, i16 %p_0_5_0_0_0417_out, i16 %p_0_5_0_0_0417_load"   --->   Operation 3146 'write' 'write_ln0' <Predicate = (icmp_ln33)> <Delay = 0.00>
ST_1 : Operation 3147 [1/1] (0.00ns)   --->   "%write_ln0 = write void @_ssdm_op_Write.ap_auto.i16P0A, i16 %p_0_4_0_0_0415_out, i16 %p_0_4_0_0_0415_load"   --->   Operation 3147 'write' 'write_ln0' <Predicate = (icmp_ln33)> <Delay = 0.00>
ST_1 : Operation 3148 [1/1] (0.00ns)   --->   "%write_ln0 = write void @_ssdm_op_Write.ap_auto.i16P0A, i16 %p_0_2_0_0_0413_out, i16 %p_0_2_0_0_0413_load"   --->   Operation 3148 'write' 'write_ln0' <Predicate = (icmp_ln33)> <Delay = 0.00>
ST_1 : Operation 3149 [1/1] (0.00ns)   --->   "%write_ln0 = write void @_ssdm_op_Write.ap_auto.i16P0A, i16 %p_0_1_0_0_0411_out, i16 %p_0_1_0_0_0411_load"   --->   Operation 3149 'write' 'write_ln0' <Predicate = (icmp_ln33)> <Delay = 0.00>
ST_1 : Operation 3150 [1/1] (0.00ns)   --->   "%write_ln0 = write void @_ssdm_op_Write.ap_auto.i16P0A, i16 %p_0_6_0_0_0409_out, i16 %p_0_6_0_0_0409_load"   --->   Operation 3150 'write' 'write_ln0' <Predicate = (icmp_ln33)> <Delay = 0.00>
ST_1 : Operation 3151 [1/1] (0.00ns)   --->   "%write_ln0 = write void @_ssdm_op_Write.ap_auto.i16P0A, i16 %p_0_5_0_0_0407_out, i16 %p_0_5_0_0_0407_load"   --->   Operation 3151 'write' 'write_ln0' <Predicate = (icmp_ln33)> <Delay = 0.00>
ST_1 : Operation 3152 [1/1] (0.00ns)   --->   "%write_ln0 = write void @_ssdm_op_Write.ap_auto.i16P0A, i16 %p_0_2_0_0_0405_out, i16 %p_0_2_0_0_0405_load"   --->   Operation 3152 'write' 'write_ln0' <Predicate = (icmp_ln33)> <Delay = 0.00>
ST_1 : Operation 3153 [1/1] (0.00ns)   --->   "%write_ln0 = write void @_ssdm_op_Write.ap_auto.i16P0A, i16 %p_0_1_0_0_0403_out, i16 %p_0_1_0_0_0403_load"   --->   Operation 3153 'write' 'write_ln0' <Predicate = (icmp_ln33)> <Delay = 0.00>
ST_1 : Operation 3154 [1/1] (0.00ns)   --->   "%write_ln0 = write void @_ssdm_op_Write.ap_auto.i16P0A, i16 %p_0_6_0_0_0401_out, i16 %p_0_6_0_0_0401_load"   --->   Operation 3154 'write' 'write_ln0' <Predicate = (icmp_ln33)> <Delay = 0.00>
ST_1 : Operation 3155 [1/1] (0.00ns)   --->   "%write_ln0 = write void @_ssdm_op_Write.ap_auto.i16P0A, i16 %p_0_5_0_0_0399_out, i16 %p_0_5_0_0_0399_load"   --->   Operation 3155 'write' 'write_ln0' <Predicate = (icmp_ln33)> <Delay = 0.00>
ST_1 : Operation 3156 [1/1] (0.00ns)   --->   "%write_ln0 = write void @_ssdm_op_Write.ap_auto.i16P0A, i16 %p_0_2_0_0_0397_out, i16 %p_0_2_0_0_0397_load"   --->   Operation 3156 'write' 'write_ln0' <Predicate = (icmp_ln33)> <Delay = 0.00>
ST_1 : Operation 3157 [1/1] (0.00ns)   --->   "%write_ln0 = write void @_ssdm_op_Write.ap_auto.i16P0A, i16 %p_0_1_0_0_0395_out, i16 %p_0_1_0_0_0395_load"   --->   Operation 3157 'write' 'write_ln0' <Predicate = (icmp_ln33)> <Delay = 0.00>
ST_1 : Operation 3158 [1/1] (0.00ns)   --->   "%write_ln0 = write void @_ssdm_op_Write.ap_auto.i16P0A, i16 %p_0_6_0_0_0393_out, i16 %p_0_6_0_0_0393_load"   --->   Operation 3158 'write' 'write_ln0' <Predicate = (icmp_ln33)> <Delay = 0.00>
ST_1 : Operation 3159 [1/1] (0.00ns)   --->   "%write_ln0 = write void @_ssdm_op_Write.ap_auto.i16P0A, i16 %p_0_5_0_0_0391_out, i16 %p_0_5_0_0_0391_load"   --->   Operation 3159 'write' 'write_ln0' <Predicate = (icmp_ln33)> <Delay = 0.00>
ST_1 : Operation 3160 [1/1] (0.00ns)   --->   "%write_ln0 = write void @_ssdm_op_Write.ap_auto.i16P0A, i16 %p_0_2_0_0_0389_out, i16 %p_0_2_0_0_0389_load"   --->   Operation 3160 'write' 'write_ln0' <Predicate = (icmp_ln33)> <Delay = 0.00>
ST_1 : Operation 3161 [1/1] (0.00ns)   --->   "%write_ln0 = write void @_ssdm_op_Write.ap_auto.i16P0A, i16 %p_0_1_0_0_0387_out, i16 %p_0_1_0_0_0387_load"   --->   Operation 3161 'write' 'write_ln0' <Predicate = (icmp_ln33)> <Delay = 0.00>
ST_1 : Operation 3162 [1/1] (0.00ns)   --->   "%write_ln0 = write void @_ssdm_op_Write.ap_auto.i16P0A, i16 %p_0_6_0_0_0385_out, i16 %p_0_6_0_0_0385_load"   --->   Operation 3162 'write' 'write_ln0' <Predicate = (icmp_ln33)> <Delay = 0.00>
ST_1 : Operation 3163 [1/1] (0.00ns)   --->   "%write_ln0 = write void @_ssdm_op_Write.ap_auto.i16P0A, i16 %p_0_5_0_0_0383_out, i16 %p_0_5_0_0_0383_load"   --->   Operation 3163 'write' 'write_ln0' <Predicate = (icmp_ln33)> <Delay = 0.00>
ST_1 : Operation 3164 [1/1] (0.00ns)   --->   "%write_ln0 = write void @_ssdm_op_Write.ap_auto.i16P0A, i16 %p_0_2_0_0_0381_out, i16 %p_0_2_0_0_0381_load"   --->   Operation 3164 'write' 'write_ln0' <Predicate = (icmp_ln33)> <Delay = 0.00>
ST_1 : Operation 3165 [1/1] (0.00ns)   --->   "%write_ln0 = write void @_ssdm_op_Write.ap_auto.i16P0A, i16 %p_0_1_0_0_0379_out, i16 %p_0_1_0_0_0379_load"   --->   Operation 3165 'write' 'write_ln0' <Predicate = (icmp_ln33)> <Delay = 0.00>
ST_1 : Operation 3166 [1/1] (0.00ns)   --->   "%write_ln0 = write void @_ssdm_op_Write.ap_auto.i16P0A, i16 %p_0_6_0_0_0377_out, i16 %p_0_6_0_0_0377_load"   --->   Operation 3166 'write' 'write_ln0' <Predicate = (icmp_ln33)> <Delay = 0.00>
ST_1 : Operation 3167 [1/1] (0.00ns)   --->   "%write_ln0 = write void @_ssdm_op_Write.ap_auto.i16P0A, i16 %p_0_5_0_0_0375_out, i16 %p_0_5_0_0_0375_load"   --->   Operation 3167 'write' 'write_ln0' <Predicate = (icmp_ln33)> <Delay = 0.00>
ST_1 : Operation 3168 [1/1] (0.00ns)   --->   "%write_ln0 = write void @_ssdm_op_Write.ap_auto.i16P0A, i16 %p_0_2_0_0_0373_out, i16 %p_0_2_0_0_0373_load"   --->   Operation 3168 'write' 'write_ln0' <Predicate = (icmp_ln33)> <Delay = 0.00>
ST_1 : Operation 3169 [1/1] (0.00ns)   --->   "%write_ln0 = write void @_ssdm_op_Write.ap_auto.i16P0A, i16 %p_0_1_0_0_0371_out, i16 %p_0_1_0_0_0371_load"   --->   Operation 3169 'write' 'write_ln0' <Predicate = (icmp_ln33)> <Delay = 0.00>
ST_1 : Operation 3170 [1/1] (0.00ns)   --->   "%write_ln0 = write void @_ssdm_op_Write.ap_auto.i16P0A, i16 %p_0_6_0_0_0369_out, i16 %p_0_6_0_0_0369_load"   --->   Operation 3170 'write' 'write_ln0' <Predicate = (icmp_ln33)> <Delay = 0.00>
ST_1 : Operation 3171 [1/1] (0.00ns)   --->   "%write_ln0 = write void @_ssdm_op_Write.ap_auto.i16P0A, i16 %p_0_5_0_0_0367_out, i16 %p_0_5_0_0_0367_load"   --->   Operation 3171 'write' 'write_ln0' <Predicate = (icmp_ln33)> <Delay = 0.00>
ST_1 : Operation 3172 [1/1] (0.00ns)   --->   "%write_ln0 = write void @_ssdm_op_Write.ap_auto.i16P0A, i16 %p_0_3_0_0_0365_out, i16 %p_0_3_0_0_0365_load"   --->   Operation 3172 'write' 'write_ln0' <Predicate = (icmp_ln33)> <Delay = 0.00>
ST_1 : Operation 3173 [1/1] (0.00ns)   --->   "%write_ln0 = write void @_ssdm_op_Write.ap_auto.i16P0A, i16 %p_0_2_0_0_0363_out, i16 %p_0_2_0_0_0363_load"   --->   Operation 3173 'write' 'write_ln0' <Predicate = (icmp_ln33)> <Delay = 0.00>
ST_1 : Operation 3174 [1/1] (0.00ns)   --->   "%write_ln0 = write void @_ssdm_op_Write.ap_auto.i16P0A, i16 %p_0_1_0_0_0361_out, i16 %p_0_1_0_0_0361_load"   --->   Operation 3174 'write' 'write_ln0' <Predicate = (icmp_ln33)> <Delay = 0.00>
ST_1 : Operation 3175 [1/1] (0.00ns)   --->   "%write_ln0 = write void @_ssdm_op_Write.ap_auto.i16P0A, i16 %p_0_6_0_0_0359_out, i16 %p_0_6_0_0_0359_load"   --->   Operation 3175 'write' 'write_ln0' <Predicate = (icmp_ln33)> <Delay = 0.00>
ST_1 : Operation 3176 [1/1] (0.00ns)   --->   "%write_ln0 = write void @_ssdm_op_Write.ap_auto.i16P0A, i16 %p_0_5_0_0_0357_out, i16 %p_0_5_0_0_0357_load"   --->   Operation 3176 'write' 'write_ln0' <Predicate = (icmp_ln33)> <Delay = 0.00>
ST_1 : Operation 3177 [1/1] (0.00ns)   --->   "%write_ln0 = write void @_ssdm_op_Write.ap_auto.i16P0A, i16 %p_0_2_0_0_0355_out, i16 %p_0_2_0_0_0355_load"   --->   Operation 3177 'write' 'write_ln0' <Predicate = (icmp_ln33)> <Delay = 0.00>
ST_1 : Operation 3178 [1/1] (0.00ns)   --->   "%write_ln0 = write void @_ssdm_op_Write.ap_auto.i16P0A, i16 %p_0_1_0_0_0353_out, i16 %p_0_1_0_0_0353_load"   --->   Operation 3178 'write' 'write_ln0' <Predicate = (icmp_ln33)> <Delay = 0.00>
ST_1 : Operation 3179 [1/1] (0.00ns)   --->   "%write_ln0 = write void @_ssdm_op_Write.ap_auto.i16P0A, i16 %p_0_6_0_0_0351_out, i16 %p_0_6_0_0_0351_load"   --->   Operation 3179 'write' 'write_ln0' <Predicate = (icmp_ln33)> <Delay = 0.00>
ST_1 : Operation 3180 [1/1] (0.00ns)   --->   "%write_ln0 = write void @_ssdm_op_Write.ap_auto.i16P0A, i16 %p_0_5_0_0_0349_out, i16 %p_0_5_0_0_0349_load"   --->   Operation 3180 'write' 'write_ln0' <Predicate = (icmp_ln33)> <Delay = 0.00>
ST_1 : Operation 3181 [1/1] (0.00ns)   --->   "%write_ln0 = write void @_ssdm_op_Write.ap_auto.i16P0A, i16 %p_0_2_0_0_0347_out, i16 %p_0_2_0_0_0347_load"   --->   Operation 3181 'write' 'write_ln0' <Predicate = (icmp_ln33)> <Delay = 0.00>
ST_1 : Operation 3182 [1/1] (0.00ns)   --->   "%write_ln0 = write void @_ssdm_op_Write.ap_auto.i16P0A, i16 %p_0_1_0_0_0345_out, i16 %p_0_1_0_0_0345_load"   --->   Operation 3182 'write' 'write_ln0' <Predicate = (icmp_ln33)> <Delay = 0.00>
ST_1 : Operation 3183 [1/1] (0.00ns)   --->   "%write_ln0 = write void @_ssdm_op_Write.ap_auto.i16P0A, i16 %p_0_6_0_0_0343_out, i16 %p_0_6_0_0_0343_load"   --->   Operation 3183 'write' 'write_ln0' <Predicate = (icmp_ln33)> <Delay = 0.00>
ST_1 : Operation 3184 [1/1] (0.00ns)   --->   "%write_ln0 = write void @_ssdm_op_Write.ap_auto.i16P0A, i16 %p_0_5_0_0_0341_out, i16 %p_0_5_0_0_0341_load"   --->   Operation 3184 'write' 'write_ln0' <Predicate = (icmp_ln33)> <Delay = 0.00>
ST_1 : Operation 3185 [1/1] (0.00ns)   --->   "%write_ln0 = write void @_ssdm_op_Write.ap_auto.i16P0A, i16 %p_0_2_0_0_0339_out, i16 %p_0_2_0_0_0339_load"   --->   Operation 3185 'write' 'write_ln0' <Predicate = (icmp_ln33)> <Delay = 0.00>
ST_1 : Operation 3186 [1/1] (0.00ns)   --->   "%write_ln0 = write void @_ssdm_op_Write.ap_auto.i16P0A, i16 %p_0_1_0_0_0337_out, i16 %p_0_1_0_0_0337_load"   --->   Operation 3186 'write' 'write_ln0' <Predicate = (icmp_ln33)> <Delay = 0.00>
ST_1 : Operation 3187 [1/1] (0.00ns)   --->   "%write_ln0 = write void @_ssdm_op_Write.ap_auto.i16P0A, i16 %p_0_6_0_0_0335_out, i16 %p_0_6_0_0_0335_load"   --->   Operation 3187 'write' 'write_ln0' <Predicate = (icmp_ln33)> <Delay = 0.00>
ST_1 : Operation 3188 [1/1] (0.00ns)   --->   "%write_ln0 = write void @_ssdm_op_Write.ap_auto.i16P0A, i16 %p_0_5_0_0_0333_out, i16 %p_0_5_0_0_0333_load"   --->   Operation 3188 'write' 'write_ln0' <Predicate = (icmp_ln33)> <Delay = 0.00>
ST_1 : Operation 3189 [1/1] (0.00ns)   --->   "%write_ln0 = write void @_ssdm_op_Write.ap_auto.i16P0A, i16 %p_0_2_0_0_0331_out, i16 %p_0_2_0_0_0331_load"   --->   Operation 3189 'write' 'write_ln0' <Predicate = (icmp_ln33)> <Delay = 0.00>
ST_1 : Operation 3190 [1/1] (0.00ns)   --->   "%write_ln0 = write void @_ssdm_op_Write.ap_auto.i16P0A, i16 %p_0_1_0_0_0329_out, i16 %p_0_1_0_0_0329_load"   --->   Operation 3190 'write' 'write_ln0' <Predicate = (icmp_ln33)> <Delay = 0.00>
ST_1 : Operation 3191 [1/1] (0.00ns)   --->   "%write_ln0 = write void @_ssdm_op_Write.ap_auto.i16P0A, i16 %p_0_6_0_0_0327_out, i16 %p_0_6_0_0_0327_load"   --->   Operation 3191 'write' 'write_ln0' <Predicate = (icmp_ln33)> <Delay = 0.00>
ST_1 : Operation 3192 [1/1] (0.00ns)   --->   "%write_ln0 = write void @_ssdm_op_Write.ap_auto.i16P0A, i16 %p_0_5_0_0_0325_out, i16 %p_0_5_0_0_0325_load"   --->   Operation 3192 'write' 'write_ln0' <Predicate = (icmp_ln33)> <Delay = 0.00>
ST_1 : Operation 3193 [1/1] (0.00ns)   --->   "%write_ln0 = write void @_ssdm_op_Write.ap_auto.i16P0A, i16 %p_0_2_0_0_0323_out, i16 %p_0_2_0_0_0323_load"   --->   Operation 3193 'write' 'write_ln0' <Predicate = (icmp_ln33)> <Delay = 0.00>
ST_1 : Operation 3194 [1/1] (0.00ns)   --->   "%write_ln0 = write void @_ssdm_op_Write.ap_auto.i16P0A, i16 %p_0_1_0_0_0321_out, i16 %p_0_1_0_0_0321_load"   --->   Operation 3194 'write' 'write_ln0' <Predicate = (icmp_ln33)> <Delay = 0.00>
ST_1 : Operation 3195 [1/1] (0.00ns)   --->   "%write_ln0 = write void @_ssdm_op_Write.ap_auto.i16P0A, i16 %p_0_6_0_0_0319_out, i16 %p_0_6_0_0_0319_load"   --->   Operation 3195 'write' 'write_ln0' <Predicate = (icmp_ln33)> <Delay = 0.00>
ST_1 : Operation 3196 [1/1] (0.00ns)   --->   "%write_ln0 = write void @_ssdm_op_Write.ap_auto.i16P0A, i16 %p_0_5_0_0_0317_out, i16 %p_0_5_0_0_0317_load"   --->   Operation 3196 'write' 'write_ln0' <Predicate = (icmp_ln33)> <Delay = 0.00>
ST_1 : Operation 3197 [1/1] (0.00ns)   --->   "%write_ln0 = write void @_ssdm_op_Write.ap_auto.i16P0A, i16 %p_0_2_0_0_0315_out, i16 %p_0_2_0_0_0315_load"   --->   Operation 3197 'write' 'write_ln0' <Predicate = (icmp_ln33)> <Delay = 0.00>
ST_1 : Operation 3198 [1/1] (0.00ns)   --->   "%write_ln0 = write void @_ssdm_op_Write.ap_auto.i16P0A, i16 %p_0_1_0_0_0313_out, i16 %p_0_1_0_0_0313_load"   --->   Operation 3198 'write' 'write_ln0' <Predicate = (icmp_ln33)> <Delay = 0.00>
ST_1 : Operation 3199 [1/1] (0.00ns)   --->   "%write_ln0 = write void @_ssdm_op_Write.ap_auto.i16P0A, i16 %p_0_6_0_0_0311_out, i16 %p_0_6_0_0_0311_load"   --->   Operation 3199 'write' 'write_ln0' <Predicate = (icmp_ln33)> <Delay = 0.00>
ST_1 : Operation 3200 [1/1] (0.00ns)   --->   "%write_ln0 = write void @_ssdm_op_Write.ap_auto.i16P0A, i16 %p_0_5_0_0_0309_out, i16 %p_0_5_0_0_0309_load"   --->   Operation 3200 'write' 'write_ln0' <Predicate = (icmp_ln33)> <Delay = 0.00>
ST_1 : Operation 3201 [1/1] (0.00ns)   --->   "%write_ln0 = write void @_ssdm_op_Write.ap_auto.i16P0A, i16 %p_0_2_0_0_0307_out, i16 %p_0_2_0_0_0307_load"   --->   Operation 3201 'write' 'write_ln0' <Predicate = (icmp_ln33)> <Delay = 0.00>
ST_1 : Operation 3202 [1/1] (0.00ns)   --->   "%write_ln0 = write void @_ssdm_op_Write.ap_auto.i16P0A, i16 %p_0_1_0_0_0305_out, i16 %p_0_1_0_0_0305_load"   --->   Operation 3202 'write' 'write_ln0' <Predicate = (icmp_ln33)> <Delay = 0.00>
ST_1 : Operation 3203 [1/1] (0.00ns)   --->   "%write_ln0 = write void @_ssdm_op_Write.ap_auto.i16P0A, i16 %p_0_6_0_0_0303_out, i16 %p_0_6_0_0_0303_load"   --->   Operation 3203 'write' 'write_ln0' <Predicate = (icmp_ln33)> <Delay = 0.00>
ST_1 : Operation 3204 [1/1] (0.00ns)   --->   "%write_ln0 = write void @_ssdm_op_Write.ap_auto.i16P0A, i16 %p_0_5_0_0_0301_out, i16 %p_0_5_0_0_0301_load"   --->   Operation 3204 'write' 'write_ln0' <Predicate = (icmp_ln33)> <Delay = 0.00>
ST_1 : Operation 3205 [1/1] (0.00ns)   --->   "%write_ln0 = write void @_ssdm_op_Write.ap_auto.i16P0A, i16 %p_0_4_0_0_0299_out, i16 %p_0_4_0_0_0299_load"   --->   Operation 3205 'write' 'write_ln0' <Predicate = (icmp_ln33)> <Delay = 0.00>
ST_1 : Operation 3206 [1/1] (0.00ns)   --->   "%write_ln0 = write void @_ssdm_op_Write.ap_auto.i16P0A, i16 %p_0_2_0_0_0297_out, i16 %p_0_2_0_0_0297_load"   --->   Operation 3206 'write' 'write_ln0' <Predicate = (icmp_ln33)> <Delay = 0.00>
ST_1 : Operation 3207 [1/1] (0.00ns)   --->   "%write_ln0 = write void @_ssdm_op_Write.ap_auto.i16P0A, i16 %p_0_1_0_0_0295_out, i16 %p_0_1_0_0_0295_load"   --->   Operation 3207 'write' 'write_ln0' <Predicate = (icmp_ln33)> <Delay = 0.00>
ST_1 : Operation 3208 [1/1] (0.00ns)   --->   "%write_ln0 = write void @_ssdm_op_Write.ap_auto.i16P0A, i16 %p_0_6_0_0_0293_out, i16 %p_0_6_0_0_0293_load"   --->   Operation 3208 'write' 'write_ln0' <Predicate = (icmp_ln33)> <Delay = 0.00>
ST_1 : Operation 3209 [1/1] (0.00ns)   --->   "%write_ln0 = write void @_ssdm_op_Write.ap_auto.i16P0A, i16 %p_0_5_0_0_0291_out, i16 %p_0_5_0_0_0291_load"   --->   Operation 3209 'write' 'write_ln0' <Predicate = (icmp_ln33)> <Delay = 0.00>
ST_1 : Operation 3210 [1/1] (0.00ns)   --->   "%write_ln0 = write void @_ssdm_op_Write.ap_auto.i16P0A, i16 %p_0_2_0_0_0289_out, i16 %p_0_2_0_0_0289_load"   --->   Operation 3210 'write' 'write_ln0' <Predicate = (icmp_ln33)> <Delay = 0.00>
ST_1 : Operation 3211 [1/1] (0.00ns)   --->   "%write_ln0 = write void @_ssdm_op_Write.ap_auto.i16P0A, i16 %p_0_1_0_0_0287_out, i16 %p_0_1_0_0_0287_load"   --->   Operation 3211 'write' 'write_ln0' <Predicate = (icmp_ln33)> <Delay = 0.00>
ST_1 : Operation 3212 [1/1] (0.00ns)   --->   "%write_ln0 = write void @_ssdm_op_Write.ap_auto.i16P0A, i16 %p_0_6_0_0_0285_out, i16 %p_0_6_0_0_0285_load"   --->   Operation 3212 'write' 'write_ln0' <Predicate = (icmp_ln33)> <Delay = 0.00>
ST_1 : Operation 3213 [1/1] (0.00ns)   --->   "%write_ln0 = write void @_ssdm_op_Write.ap_auto.i16P0A, i16 %p_0_5_0_0_0283_out, i16 %p_0_5_0_0_0283_load"   --->   Operation 3213 'write' 'write_ln0' <Predicate = (icmp_ln33)> <Delay = 0.00>
ST_1 : Operation 3214 [1/1] (0.00ns)   --->   "%write_ln0 = write void @_ssdm_op_Write.ap_auto.i16P0A, i16 %p_0_2_0_0_0281_out, i16 %p_0_2_0_0_0281_load"   --->   Operation 3214 'write' 'write_ln0' <Predicate = (icmp_ln33)> <Delay = 0.00>
ST_1 : Operation 3215 [1/1] (0.00ns)   --->   "%write_ln0 = write void @_ssdm_op_Write.ap_auto.i16P0A, i16 %p_0_1_0_0_0279_out, i16 %p_0_1_0_0_0279_load"   --->   Operation 3215 'write' 'write_ln0' <Predicate = (icmp_ln33)> <Delay = 0.00>
ST_1 : Operation 3216 [1/1] (0.00ns)   --->   "%write_ln0 = write void @_ssdm_op_Write.ap_auto.i16P0A, i16 %p_0_0_0_0_0277_out, i16 %p_0_0_0_0_0277_load"   --->   Operation 3216 'write' 'write_ln0' <Predicate = (icmp_ln33)> <Delay = 0.00>
ST_1 : Operation 3217 [1/1] (0.00ns)   --->   "%write_ln0 = write void @_ssdm_op_Write.ap_auto.i16P0A, i16 %p_0_6_0_0_0275_out, i16 %p_0_6_0_0_0275_load"   --->   Operation 3217 'write' 'write_ln0' <Predicate = (icmp_ln33)> <Delay = 0.00>
ST_1 : Operation 3218 [1/1] (0.00ns)   --->   "%write_ln0 = write void @_ssdm_op_Write.ap_auto.i16P0A, i16 %p_0_5_0_0_0273_out, i16 %p_0_5_0_0_0273_load"   --->   Operation 3218 'write' 'write_ln0' <Predicate = (icmp_ln33)> <Delay = 0.00>
ST_1 : Operation 3219 [1/1] (0.00ns)   --->   "%write_ln0 = write void @_ssdm_op_Write.ap_auto.i16P0A, i16 %p_0_2_0_0_0271_out, i16 %p_0_2_0_0_0271_load"   --->   Operation 3219 'write' 'write_ln0' <Predicate = (icmp_ln33)> <Delay = 0.00>
ST_1 : Operation 3220 [1/1] (0.00ns)   --->   "%write_ln0 = write void @_ssdm_op_Write.ap_auto.i16P0A, i16 %p_0_1_0_0_0269_out, i16 %p_0_1_0_0_0269_load"   --->   Operation 3220 'write' 'write_ln0' <Predicate = (icmp_ln33)> <Delay = 0.00>
ST_1 : Operation 3221 [1/1] (0.00ns)   --->   "%write_ln0 = write void @_ssdm_op_Write.ap_auto.i16P0A, i16 %p_0_0_0_0_0267_out, i16 %p_0_0_0_0_0267_load"   --->   Operation 3221 'write' 'write_ln0' <Predicate = (icmp_ln33)> <Delay = 0.00>
ST_1 : Operation 3222 [1/1] (0.00ns)   --->   "%write_ln0 = write void @_ssdm_op_Write.ap_auto.i16P0A, i16 %p_0_6_0_0_0265_out, i16 %p_0_6_0_0_0265_load"   --->   Operation 3222 'write' 'write_ln0' <Predicate = (icmp_ln33)> <Delay = 0.00>
ST_1 : Operation 3223 [1/1] (0.00ns)   --->   "%write_ln0 = write void @_ssdm_op_Write.ap_auto.i16P0A, i16 %p_0_5_0_0_0263_out, i16 %p_0_5_0_0_0263_load"   --->   Operation 3223 'write' 'write_ln0' <Predicate = (icmp_ln33)> <Delay = 0.00>
ST_1 : Operation 3224 [1/1] (0.00ns)   --->   "%write_ln0 = write void @_ssdm_op_Write.ap_auto.i16P0A, i16 %p_0_2_0_0_0261_out, i16 %p_0_2_0_0_0261_load"   --->   Operation 3224 'write' 'write_ln0' <Predicate = (icmp_ln33)> <Delay = 0.00>
ST_1 : Operation 3225 [1/1] (0.00ns)   --->   "%write_ln0 = write void @_ssdm_op_Write.ap_auto.i16P0A, i16 %p_0_1_0_0_0259_out, i16 %p_0_1_0_0_0259_load"   --->   Operation 3225 'write' 'write_ln0' <Predicate = (icmp_ln33)> <Delay = 0.00>
ST_1 : Operation 3226 [1/1] (0.00ns)   --->   "%write_ln0 = write void @_ssdm_op_Write.ap_auto.i16P0A, i16 %p_0_6_0_0_0257_out, i16 %p_0_6_0_0_0257_load"   --->   Operation 3226 'write' 'write_ln0' <Predicate = (icmp_ln33)> <Delay = 0.00>
ST_1 : Operation 3227 [1/1] (0.00ns)   --->   "%write_ln0 = write void @_ssdm_op_Write.ap_auto.i16P0A, i16 %p_0_5_0_0_0255_out, i16 %p_0_5_0_0_0255_load"   --->   Operation 3227 'write' 'write_ln0' <Predicate = (icmp_ln33)> <Delay = 0.00>
ST_1 : Operation 3228 [1/1] (0.00ns)   --->   "%write_ln0 = write void @_ssdm_op_Write.ap_auto.i16P0A, i16 %p_0_2_0_0_0253_out, i16 %p_0_2_0_0_0253_load"   --->   Operation 3228 'write' 'write_ln0' <Predicate = (icmp_ln33)> <Delay = 0.00>
ST_1 : Operation 3229 [1/1] (0.00ns)   --->   "%write_ln0 = write void @_ssdm_op_Write.ap_auto.i16P0A, i16 %p_0_1_0_0_0251_out, i16 %p_0_1_0_0_0251_load"   --->   Operation 3229 'write' 'write_ln0' <Predicate = (icmp_ln33)> <Delay = 0.00>
ST_1 : Operation 3230 [1/1] (0.00ns)   --->   "%write_ln0 = write void @_ssdm_op_Write.ap_auto.i16P0A, i16 %p_0_6_0_0_0249_out, i16 %p_0_6_0_0_0249_load"   --->   Operation 3230 'write' 'write_ln0' <Predicate = (icmp_ln33)> <Delay = 0.00>
ST_1 : Operation 3231 [1/1] (0.00ns)   --->   "%write_ln0 = write void @_ssdm_op_Write.ap_auto.i16P0A, i16 %p_0_5_0_0_0247_out, i16 %p_0_5_0_0_0247_load"   --->   Operation 3231 'write' 'write_ln0' <Predicate = (icmp_ln33)> <Delay = 0.00>
ST_1 : Operation 3232 [1/1] (0.00ns)   --->   "%write_ln0 = write void @_ssdm_op_Write.ap_auto.i16P0A, i16 %p_0_2_0_0_0245_out, i16 %p_0_2_0_0_0245_load"   --->   Operation 3232 'write' 'write_ln0' <Predicate = (icmp_ln33)> <Delay = 0.00>
ST_1 : Operation 3233 [1/1] (0.00ns)   --->   "%write_ln0 = write void @_ssdm_op_Write.ap_auto.i16P0A, i16 %p_0_1_0_0_0243_out, i16 %p_0_1_0_0_0243_load"   --->   Operation 3233 'write' 'write_ln0' <Predicate = (icmp_ln33)> <Delay = 0.00>
ST_1 : Operation 3234 [1/1] (0.00ns)   --->   "%write_ln0 = write void @_ssdm_op_Write.ap_auto.i16P0A, i16 %p_0_6_0_0_0241_out, i16 %p_0_6_0_0_0241_load"   --->   Operation 3234 'write' 'write_ln0' <Predicate = (icmp_ln33)> <Delay = 0.00>
ST_1 : Operation 3235 [1/1] (0.00ns)   --->   "%write_ln0 = write void @_ssdm_op_Write.ap_auto.i16P0A, i16 %p_0_5_0_0_0239_out, i16 %p_0_5_0_0_0239_load"   --->   Operation 3235 'write' 'write_ln0' <Predicate = (icmp_ln33)> <Delay = 0.00>
ST_1 : Operation 3236 [1/1] (0.00ns)   --->   "%write_ln0 = write void @_ssdm_op_Write.ap_auto.i16P0A, i16 %p_0_2_0_0_0237_out, i16 %p_0_2_0_0_0237_load"   --->   Operation 3236 'write' 'write_ln0' <Predicate = (icmp_ln33)> <Delay = 0.00>
ST_1 : Operation 3237 [1/1] (0.00ns)   --->   "%write_ln0 = write void @_ssdm_op_Write.ap_auto.i16P0A, i16 %p_0_1_0_0_0235_out, i16 %p_0_1_0_0_0235_load"   --->   Operation 3237 'write' 'write_ln0' <Predicate = (icmp_ln33)> <Delay = 0.00>
ST_1 : Operation 3238 [1/1] (0.00ns)   --->   "%write_ln0 = write void @_ssdm_op_Write.ap_auto.i16P0A, i16 %p_0_6_0_0_0233_out, i16 %p_0_6_0_0_0233_load"   --->   Operation 3238 'write' 'write_ln0' <Predicate = (icmp_ln33)> <Delay = 0.00>
ST_1 : Operation 3239 [1/1] (0.00ns)   --->   "%write_ln0 = write void @_ssdm_op_Write.ap_auto.i16P0A, i16 %p_0_5_0_0_0231_out, i16 %p_0_5_0_0_0231_load"   --->   Operation 3239 'write' 'write_ln0' <Predicate = (icmp_ln33)> <Delay = 0.00>
ST_1 : Operation 3240 [1/1] (0.00ns)   --->   "%write_ln0 = write void @_ssdm_op_Write.ap_auto.i16P0A, i16 %p_0_2_0_0_0229_out, i16 %p_0_2_0_0_0229_load"   --->   Operation 3240 'write' 'write_ln0' <Predicate = (icmp_ln33)> <Delay = 0.00>
ST_1 : Operation 3241 [1/1] (0.00ns)   --->   "%write_ln0 = write void @_ssdm_op_Write.ap_auto.i16P0A, i16 %p_0_1_0_0_0227_out, i16 %p_0_1_0_0_0227_load"   --->   Operation 3241 'write' 'write_ln0' <Predicate = (icmp_ln33)> <Delay = 0.00>
ST_1 : Operation 3242 [1/1] (0.00ns)   --->   "%write_ln0 = write void @_ssdm_op_Write.ap_auto.i16P0A, i16 %p_0_6_0_0_0225_out, i16 %p_0_6_0_0_0225_load"   --->   Operation 3242 'write' 'write_ln0' <Predicate = (icmp_ln33)> <Delay = 0.00>
ST_1 : Operation 3243 [1/1] (0.00ns)   --->   "%write_ln0 = write void @_ssdm_op_Write.ap_auto.i16P0A, i16 %p_0_5_0_0_0223_out, i16 %p_0_5_0_0_0223_load"   --->   Operation 3243 'write' 'write_ln0' <Predicate = (icmp_ln33)> <Delay = 0.00>
ST_1 : Operation 3244 [1/1] (0.00ns)   --->   "%write_ln0 = write void @_ssdm_op_Write.ap_auto.i16P0A, i16 %p_0_2_0_0_0221_out, i16 %p_0_2_0_0_0221_load"   --->   Operation 3244 'write' 'write_ln0' <Predicate = (icmp_ln33)> <Delay = 0.00>
ST_1 : Operation 3245 [1/1] (0.00ns)   --->   "%write_ln0 = write void @_ssdm_op_Write.ap_auto.i16P0A, i16 %p_0_1_0_0_0219_out, i16 %p_0_1_0_0_0219_load"   --->   Operation 3245 'write' 'write_ln0' <Predicate = (icmp_ln33)> <Delay = 0.00>
ST_1 : Operation 3246 [1/1] (0.00ns)   --->   "%write_ln0 = write void @_ssdm_op_Write.ap_auto.i16P0A, i16 %p_0_6_0_0_0217_out, i16 %p_0_6_0_0_0217_load"   --->   Operation 3246 'write' 'write_ln0' <Predicate = (icmp_ln33)> <Delay = 0.00>
ST_1 : Operation 3247 [1/1] (0.00ns)   --->   "%write_ln0 = write void @_ssdm_op_Write.ap_auto.i16P0A, i16 %p_0_5_0_0_0215_out, i16 %p_0_5_0_0_0215_load"   --->   Operation 3247 'write' 'write_ln0' <Predicate = (icmp_ln33)> <Delay = 0.00>
ST_1 : Operation 3248 [1/1] (0.00ns)   --->   "%write_ln0 = write void @_ssdm_op_Write.ap_auto.i16P0A, i16 %p_0_2_0_0_0213_out, i16 %p_0_2_0_0_0213_load"   --->   Operation 3248 'write' 'write_ln0' <Predicate = (icmp_ln33)> <Delay = 0.00>
ST_1 : Operation 3249 [1/1] (0.00ns)   --->   "%write_ln0 = write void @_ssdm_op_Write.ap_auto.i16P0A, i16 %p_0_1_0_0_0211_out, i16 %p_0_1_0_0_0211_load"   --->   Operation 3249 'write' 'write_ln0' <Predicate = (icmp_ln33)> <Delay = 0.00>
ST_1 : Operation 3250 [1/1] (0.00ns)   --->   "%write_ln0 = write void @_ssdm_op_Write.ap_auto.i16P0A, i16 %p_0_6_0_0_0209_out, i16 %p_0_6_0_0_0209_load"   --->   Operation 3250 'write' 'write_ln0' <Predicate = (icmp_ln33)> <Delay = 0.00>
ST_1 : Operation 3251 [1/1] (0.00ns)   --->   "%write_ln0 = write void @_ssdm_op_Write.ap_auto.i16P0A, i16 %p_0_5_0_0_0207_out, i16 %p_0_5_0_0_0207_load"   --->   Operation 3251 'write' 'write_ln0' <Predicate = (icmp_ln33)> <Delay = 0.00>
ST_1 : Operation 3252 [1/1] (0.00ns)   --->   "%write_ln0 = write void @_ssdm_op_Write.ap_auto.i16P0A, i16 %p_0_2_0_0_0205_out, i16 %p_0_2_0_0_0205_load"   --->   Operation 3252 'write' 'write_ln0' <Predicate = (icmp_ln33)> <Delay = 0.00>
ST_1 : Operation 3253 [1/1] (0.00ns)   --->   "%write_ln0 = write void @_ssdm_op_Write.ap_auto.i16P0A, i16 %p_0_1_0_0_0203_out, i16 %p_0_1_0_0_0203_load"   --->   Operation 3253 'write' 'write_ln0' <Predicate = (icmp_ln33)> <Delay = 0.00>
ST_1 : Operation 3254 [1/1] (0.00ns)   --->   "%write_ln0 = write void @_ssdm_op_Write.ap_auto.i16P0A, i16 %p_0_6_0_0_0201_out, i16 %p_0_6_0_0_0201_load"   --->   Operation 3254 'write' 'write_ln0' <Predicate = (icmp_ln33)> <Delay = 0.00>
ST_1 : Operation 3255 [1/1] (0.00ns)   --->   "%write_ln0 = write void @_ssdm_op_Write.ap_auto.i16P0A, i16 %p_0_5_0_0_0199_out, i16 %p_0_5_0_0_0199_load"   --->   Operation 3255 'write' 'write_ln0' <Predicate = (icmp_ln33)> <Delay = 0.00>
ST_1 : Operation 3256 [1/1] (0.00ns)   --->   "%write_ln0 = write void @_ssdm_op_Write.ap_auto.i16P0A, i16 %p_0_2_0_0_0197_out, i16 %p_0_2_0_0_0197_load"   --->   Operation 3256 'write' 'write_ln0' <Predicate = (icmp_ln33)> <Delay = 0.00>
ST_1 : Operation 3257 [1/1] (0.00ns)   --->   "%write_ln0 = write void @_ssdm_op_Write.ap_auto.i16P0A, i16 %p_0_1_0_0_0195_out, i16 %p_0_1_0_0_0195_load"   --->   Operation 3257 'write' 'write_ln0' <Predicate = (icmp_ln33)> <Delay = 0.00>
ST_1 : Operation 3258 [1/1] (0.00ns)   --->   "%write_ln0 = write void @_ssdm_op_Write.ap_auto.i16P0A, i16 %p_0_6_0_0_0193_out, i16 %p_0_6_0_0_0193_load"   --->   Operation 3258 'write' 'write_ln0' <Predicate = (icmp_ln33)> <Delay = 0.00>
ST_1 : Operation 3259 [1/1] (0.00ns)   --->   "%write_ln0 = write void @_ssdm_op_Write.ap_auto.i16P0A, i16 %p_0_5_0_0_0191_out, i16 %p_0_5_0_0_0191_load"   --->   Operation 3259 'write' 'write_ln0' <Predicate = (icmp_ln33)> <Delay = 0.00>
ST_1 : Operation 3260 [1/1] (0.00ns)   --->   "%write_ln0 = write void @_ssdm_op_Write.ap_auto.i16P0A, i16 %p_0_2_0_0_0189_out, i16 %p_0_2_0_0_0189_load"   --->   Operation 3260 'write' 'write_ln0' <Predicate = (icmp_ln33)> <Delay = 0.00>
ST_1 : Operation 3261 [1/1] (0.00ns)   --->   "%write_ln0 = write void @_ssdm_op_Write.ap_auto.i16P0A, i16 %p_0_1_0_0_0187_out, i16 %p_0_1_0_0_0187_load"   --->   Operation 3261 'write' 'write_ln0' <Predicate = (icmp_ln33)> <Delay = 0.00>
ST_1 : Operation 3262 [1/1] (0.00ns)   --->   "%write_ln0 = write void @_ssdm_op_Write.ap_auto.i16P0A, i16 %p_0_6_0_0_0185_out, i16 %p_0_6_0_0_0185_load"   --->   Operation 3262 'write' 'write_ln0' <Predicate = (icmp_ln33)> <Delay = 0.00>
ST_1 : Operation 3263 [1/1] (0.00ns)   --->   "%write_ln0 = write void @_ssdm_op_Write.ap_auto.i16P0A, i16 %p_0_5_0_0_0183_out, i16 %p_0_5_0_0_0183_load"   --->   Operation 3263 'write' 'write_ln0' <Predicate = (icmp_ln33)> <Delay = 0.00>
ST_1 : Operation 3264 [1/1] (0.00ns)   --->   "%write_ln0 = write void @_ssdm_op_Write.ap_auto.i16P0A, i16 %p_0_2_0_0_0181_out, i16 %p_0_2_0_0_0181_load"   --->   Operation 3264 'write' 'write_ln0' <Predicate = (icmp_ln33)> <Delay = 0.00>
ST_1 : Operation 3265 [1/1] (0.00ns)   --->   "%write_ln0 = write void @_ssdm_op_Write.ap_auto.i16P0A, i16 %p_0_1_0_0_0179_out, i16 %p_0_1_0_0_0179_load"   --->   Operation 3265 'write' 'write_ln0' <Predicate = (icmp_ln33)> <Delay = 0.00>
ST_1 : Operation 3266 [1/1] (0.00ns)   --->   "%write_ln0 = write void @_ssdm_op_Write.ap_auto.i16P0A, i16 %p_0_6_0_0_0177_out, i16 %p_0_6_0_0_0177_load"   --->   Operation 3266 'write' 'write_ln0' <Predicate = (icmp_ln33)> <Delay = 0.00>
ST_1 : Operation 3267 [1/1] (0.00ns)   --->   "%write_ln0 = write void @_ssdm_op_Write.ap_auto.i16P0A, i16 %p_0_5_0_0_0175_out, i16 %p_0_5_0_0_0175_load"   --->   Operation 3267 'write' 'write_ln0' <Predicate = (icmp_ln33)> <Delay = 0.00>
ST_1 : Operation 3268 [1/1] (0.00ns)   --->   "%write_ln0 = write void @_ssdm_op_Write.ap_auto.i16P0A, i16 %p_0_4_0_0_0173_out, i16 %p_0_4_0_0_0173_load"   --->   Operation 3268 'write' 'write_ln0' <Predicate = (icmp_ln33)> <Delay = 0.00>
ST_1 : Operation 3269 [1/1] (0.00ns)   --->   "%write_ln0 = write void @_ssdm_op_Write.ap_auto.i16P0A, i16 %p_0_2_0_0_0171_out, i16 %p_0_2_0_0_0171_load"   --->   Operation 3269 'write' 'write_ln0' <Predicate = (icmp_ln33)> <Delay = 0.00>
ST_1 : Operation 3270 [1/1] (0.00ns)   --->   "%write_ln0 = write void @_ssdm_op_Write.ap_auto.i16P0A, i16 %p_0_1_0_0_0169_out, i16 %p_0_1_0_0_0169_load"   --->   Operation 3270 'write' 'write_ln0' <Predicate = (icmp_ln33)> <Delay = 0.00>
ST_1 : Operation 3271 [1/1] (0.00ns)   --->   "%write_ln0 = write void @_ssdm_op_Write.ap_auto.i16P0A, i16 %p_0_6_0_0_0167_out, i16 %p_0_6_0_0_0167_load"   --->   Operation 3271 'write' 'write_ln0' <Predicate = (icmp_ln33)> <Delay = 0.00>
ST_1 : Operation 3272 [1/1] (0.00ns)   --->   "%write_ln0 = write void @_ssdm_op_Write.ap_auto.i16P0A, i16 %p_0_5_0_0_0165_out, i16 %p_0_5_0_0_0165_load"   --->   Operation 3272 'write' 'write_ln0' <Predicate = (icmp_ln33)> <Delay = 0.00>
ST_1 : Operation 3273 [1/1] (0.00ns)   --->   "%write_ln0 = write void @_ssdm_op_Write.ap_auto.i16P0A, i16 %p_0_2_0_0_0163_out, i16 %p_0_2_0_0_0163_load"   --->   Operation 3273 'write' 'write_ln0' <Predicate = (icmp_ln33)> <Delay = 0.00>
ST_1 : Operation 3274 [1/1] (0.00ns)   --->   "%write_ln0 = write void @_ssdm_op_Write.ap_auto.i16P0A, i16 %p_0_1_0_0_0161_out, i16 %p_0_1_0_0_0161_load"   --->   Operation 3274 'write' 'write_ln0' <Predicate = (icmp_ln33)> <Delay = 0.00>
ST_1 : Operation 3275 [1/1] (0.00ns)   --->   "%write_ln0 = write void @_ssdm_op_Write.ap_auto.i16P0A, i16 %p_0_6_0_0_0159_out, i16 %p_0_6_0_0_0159_load"   --->   Operation 3275 'write' 'write_ln0' <Predicate = (icmp_ln33)> <Delay = 0.00>
ST_1 : Operation 3276 [1/1] (0.00ns)   --->   "%write_ln0 = write void @_ssdm_op_Write.ap_auto.i16P0A, i16 %p_0_5_0_0_0157_out, i16 %p_0_5_0_0_0157_load"   --->   Operation 3276 'write' 'write_ln0' <Predicate = (icmp_ln33)> <Delay = 0.00>
ST_1 : Operation 3277 [1/1] (0.00ns)   --->   "%write_ln0 = write void @_ssdm_op_Write.ap_auto.i16P0A, i16 %p_0_2_0_0_0155_out, i16 %p_0_2_0_0_0155_load"   --->   Operation 3277 'write' 'write_ln0' <Predicate = (icmp_ln33)> <Delay = 0.00>
ST_1 : Operation 3278 [1/1] (0.00ns)   --->   "%write_ln0 = write void @_ssdm_op_Write.ap_auto.i16P0A, i16 %p_0_1_0_0_0153_out, i16 %p_0_1_0_0_0153_load"   --->   Operation 3278 'write' 'write_ln0' <Predicate = (icmp_ln33)> <Delay = 0.00>
ST_1 : Operation 3279 [1/1] (0.00ns)   --->   "%write_ln0 = write void @_ssdm_op_Write.ap_auto.i16P0A, i16 %p_0_6_0_0_0151_out, i16 %p_0_6_0_0_0151_load"   --->   Operation 3279 'write' 'write_ln0' <Predicate = (icmp_ln33)> <Delay = 0.00>
ST_1 : Operation 3280 [1/1] (0.00ns)   --->   "%write_ln0 = write void @_ssdm_op_Write.ap_auto.i16P0A, i16 %p_0_5_0_0_0149_out, i16 %p_0_5_0_0_0149_load"   --->   Operation 3280 'write' 'write_ln0' <Predicate = (icmp_ln33)> <Delay = 0.00>
ST_1 : Operation 3281 [1/1] (0.00ns)   --->   "%write_ln0 = write void @_ssdm_op_Write.ap_auto.i16P0A, i16 %p_0_2_0_0_0147_out, i16 %p_0_2_0_0_0147_load"   --->   Operation 3281 'write' 'write_ln0' <Predicate = (icmp_ln33)> <Delay = 0.00>
ST_1 : Operation 3282 [1/1] (0.00ns)   --->   "%write_ln0 = write void @_ssdm_op_Write.ap_auto.i16P0A, i16 %p_0_1_0_0_0145_out, i16 %p_0_1_0_0_0145_load"   --->   Operation 3282 'write' 'write_ln0' <Predicate = (icmp_ln33)> <Delay = 0.00>
ST_1 : Operation 3283 [1/1] (0.00ns)   --->   "%write_ln0 = write void @_ssdm_op_Write.ap_auto.i16P0A, i16 %p_0_6_0_0_0143_out, i16 %p_0_6_0_0_0143_load"   --->   Operation 3283 'write' 'write_ln0' <Predicate = (icmp_ln33)> <Delay = 0.00>
ST_1 : Operation 3284 [1/1] (0.00ns)   --->   "%write_ln0 = write void @_ssdm_op_Write.ap_auto.i16P0A, i16 %p_0_5_0_0_0141_out, i16 %p_0_5_0_0_0141_load"   --->   Operation 3284 'write' 'write_ln0' <Predicate = (icmp_ln33)> <Delay = 0.00>
ST_1 : Operation 3285 [1/1] (0.00ns)   --->   "%write_ln0 = write void @_ssdm_op_Write.ap_auto.i16P0A, i16 %p_0_2_0_0_0139_out, i16 %p_0_2_0_0_0139_load"   --->   Operation 3285 'write' 'write_ln0' <Predicate = (icmp_ln33)> <Delay = 0.00>
ST_1 : Operation 3286 [1/1] (0.00ns)   --->   "%write_ln0 = write void @_ssdm_op_Write.ap_auto.i16P0A, i16 %p_0_1_0_0_0137_out, i16 %p_0_1_0_0_0137_load"   --->   Operation 3286 'write' 'write_ln0' <Predicate = (icmp_ln33)> <Delay = 0.00>
ST_1 : Operation 3287 [1/1] (0.00ns)   --->   "%write_ln0 = write void @_ssdm_op_Write.ap_auto.i16P0A, i16 %p_0_6_0_0_0135_out, i16 %p_0_6_0_0_0135_load"   --->   Operation 3287 'write' 'write_ln0' <Predicate = (icmp_ln33)> <Delay = 0.00>
ST_1 : Operation 3288 [1/1] (0.00ns)   --->   "%write_ln0 = write void @_ssdm_op_Write.ap_auto.i16P0A, i16 %p_0_5_0_0_0133_out, i16 %p_0_5_0_0_0133_load"   --->   Operation 3288 'write' 'write_ln0' <Predicate = (icmp_ln33)> <Delay = 0.00>
ST_1 : Operation 3289 [1/1] (0.00ns)   --->   "%write_ln0 = write void @_ssdm_op_Write.ap_auto.i16P0A, i16 %p_0_4_0_0_0131_out, i16 %p_0_4_0_0_0131_load"   --->   Operation 3289 'write' 'write_ln0' <Predicate = (icmp_ln33)> <Delay = 0.00>
ST_1 : Operation 3290 [1/1] (0.00ns)   --->   "%write_ln0 = write void @_ssdm_op_Write.ap_auto.i16P0A, i16 %p_0_2_0_0_0129_out, i16 %p_0_2_0_0_0129_load"   --->   Operation 3290 'write' 'write_ln0' <Predicate = (icmp_ln33)> <Delay = 0.00>
ST_1 : Operation 3291 [1/1] (0.00ns)   --->   "%write_ln0 = write void @_ssdm_op_Write.ap_auto.i16P0A, i16 %p_0_1_0_0_0127_out, i16 %p_0_1_0_0_0127_load"   --->   Operation 3291 'write' 'write_ln0' <Predicate = (icmp_ln33)> <Delay = 0.00>
ST_1 : Operation 3292 [1/1] (0.00ns)   --->   "%write_ln0 = write void @_ssdm_op_Write.ap_auto.i16P0A, i16 %p_0_6_0_0_0125_out, i16 %p_0_6_0_0_0125_load"   --->   Operation 3292 'write' 'write_ln0' <Predicate = (icmp_ln33)> <Delay = 0.00>
ST_1 : Operation 3293 [1/1] (0.00ns)   --->   "%write_ln0 = write void @_ssdm_op_Write.ap_auto.i16P0A, i16 %p_0_5_0_0_0123_out, i16 %p_0_5_0_0_0123_load"   --->   Operation 3293 'write' 'write_ln0' <Predicate = (icmp_ln33)> <Delay = 0.00>
ST_1 : Operation 3294 [1/1] (0.00ns)   --->   "%write_ln0 = write void @_ssdm_op_Write.ap_auto.i16P0A, i16 %p_0_3_0_0_0121_out, i16 %p_0_3_0_0_0121_load"   --->   Operation 3294 'write' 'write_ln0' <Predicate = (icmp_ln33)> <Delay = 0.00>
ST_1 : Operation 3295 [1/1] (0.00ns)   --->   "%write_ln0 = write void @_ssdm_op_Write.ap_auto.i16P0A, i16 %p_0_2_0_0_0119_out, i16 %p_0_2_0_0_0119_load"   --->   Operation 3295 'write' 'write_ln0' <Predicate = (icmp_ln33)> <Delay = 0.00>
ST_1 : Operation 3296 [1/1] (0.00ns)   --->   "%write_ln0 = write void @_ssdm_op_Write.ap_auto.i16P0A, i16 %p_0_1_0_0_0117_out, i16 %p_0_1_0_0_0117_load"   --->   Operation 3296 'write' 'write_ln0' <Predicate = (icmp_ln33)> <Delay = 0.00>
ST_1 : Operation 3297 [1/1] (0.00ns)   --->   "%write_ln0 = write void @_ssdm_op_Write.ap_auto.i16P0A, i16 %p_0_6_0_0_0115_out, i16 %p_0_6_0_0_0115_load"   --->   Operation 3297 'write' 'write_ln0' <Predicate = (icmp_ln33)> <Delay = 0.00>
ST_1 : Operation 3298 [1/1] (0.00ns)   --->   "%write_ln0 = write void @_ssdm_op_Write.ap_auto.i16P0A, i16 %p_0_5_0_0_0113_out, i16 %p_0_5_0_0_0113_load"   --->   Operation 3298 'write' 'write_ln0' <Predicate = (icmp_ln33)> <Delay = 0.00>
ST_1 : Operation 3299 [1/1] (0.00ns)   --->   "%write_ln0 = write void @_ssdm_op_Write.ap_auto.i16P0A, i16 %p_0_2_0_0_0111_out, i16 %p_0_2_0_0_0111_load"   --->   Operation 3299 'write' 'write_ln0' <Predicate = (icmp_ln33)> <Delay = 0.00>
ST_1 : Operation 3300 [1/1] (0.00ns)   --->   "%write_ln0 = write void @_ssdm_op_Write.ap_auto.i16P0A, i16 %p_0_1_0_0_0109_out, i16 %p_0_1_0_0_0109_load"   --->   Operation 3300 'write' 'write_ln0' <Predicate = (icmp_ln33)> <Delay = 0.00>
ST_1 : Operation 3301 [1/1] (0.00ns)   --->   "%write_ln0 = write void @_ssdm_op_Write.ap_auto.i16P0A, i16 %p_0_6_0_0_0107_out, i16 %p_0_6_0_0_0107_load"   --->   Operation 3301 'write' 'write_ln0' <Predicate = (icmp_ln33)> <Delay = 0.00>
ST_1 : Operation 3302 [1/1] (0.00ns)   --->   "%write_ln0 = write void @_ssdm_op_Write.ap_auto.i16P0A, i16 %p_0_5_0_0_0105_out, i16 %p_0_5_0_0_0105_load"   --->   Operation 3302 'write' 'write_ln0' <Predicate = (icmp_ln33)> <Delay = 0.00>
ST_1 : Operation 3303 [1/1] (0.00ns)   --->   "%write_ln0 = write void @_ssdm_op_Write.ap_auto.i16P0A, i16 %p_0_2_0_0_0103_out, i16 %p_0_2_0_0_0103_load"   --->   Operation 3303 'write' 'write_ln0' <Predicate = (icmp_ln33)> <Delay = 0.00>
ST_1 : Operation 3304 [1/1] (0.00ns)   --->   "%write_ln0 = write void @_ssdm_op_Write.ap_auto.i16P0A, i16 %p_0_1_0_0_0101_out, i16 %p_0_1_0_0_0101_load"   --->   Operation 3304 'write' 'write_ln0' <Predicate = (icmp_ln33)> <Delay = 0.00>
ST_1 : Operation 3305 [1/1] (0.00ns)   --->   "%write_ln0 = write void @_ssdm_op_Write.ap_auto.i16P0A, i16 %p_0_0_0_0_099_out, i16 %p_0_0_0_0_099_load"   --->   Operation 3305 'write' 'write_ln0' <Predicate = (icmp_ln33)> <Delay = 0.00>
ST_1 : Operation 3306 [1/1] (0.00ns)   --->   "%write_ln0 = write void @_ssdm_op_Write.ap_auto.i16P0A, i16 %p_0_6_0_0_097_out, i16 %p_0_6_0_0_097_load"   --->   Operation 3306 'write' 'write_ln0' <Predicate = (icmp_ln33)> <Delay = 0.00>
ST_1 : Operation 3307 [1/1] (0.00ns)   --->   "%write_ln0 = write void @_ssdm_op_Write.ap_auto.i16P0A, i16 %p_0_5_0_0_095_out, i16 %p_0_5_0_0_095_load"   --->   Operation 3307 'write' 'write_ln0' <Predicate = (icmp_ln33)> <Delay = 0.00>
ST_1 : Operation 3308 [1/1] (0.00ns)   --->   "%write_ln0 = write void @_ssdm_op_Write.ap_auto.i16P0A, i16 %p_0_2_0_0_093_out, i16 %p_0_2_0_0_093_load"   --->   Operation 3308 'write' 'write_ln0' <Predicate = (icmp_ln33)> <Delay = 0.00>
ST_1 : Operation 3309 [1/1] (0.00ns)   --->   "%write_ln0 = write void @_ssdm_op_Write.ap_auto.i16P0A, i16 %p_0_1_0_0_091_out, i16 %p_0_1_0_0_091_load"   --->   Operation 3309 'write' 'write_ln0' <Predicate = (icmp_ln33)> <Delay = 0.00>
ST_1 : Operation 3310 [1/1] (0.00ns)   --->   "%write_ln0 = write void @_ssdm_op_Write.ap_auto.i16P0A, i16 %p_0_0_0_0_089_out, i16 %p_0_0_0_0_089_load"   --->   Operation 3310 'write' 'write_ln0' <Predicate = (icmp_ln33)> <Delay = 0.00>
ST_1 : Operation 3311 [1/1] (0.00ns)   --->   "%write_ln0 = write void @_ssdm_op_Write.ap_auto.i16P0A, i16 %p_0_6_0_0_087_out, i16 %p_0_6_0_0_087_load"   --->   Operation 3311 'write' 'write_ln0' <Predicate = (icmp_ln33)> <Delay = 0.00>
ST_1 : Operation 3312 [1/1] (0.00ns)   --->   "%write_ln0 = write void @_ssdm_op_Write.ap_auto.i16P0A, i16 %p_0_5_0_0_085_out, i16 %p_0_5_0_0_085_load"   --->   Operation 3312 'write' 'write_ln0' <Predicate = (icmp_ln33)> <Delay = 0.00>
ST_1 : Operation 3313 [1/1] (0.00ns)   --->   "%write_ln0 = write void @_ssdm_op_Write.ap_auto.i16P0A, i16 %p_0_2_0_0_083_out, i16 %p_0_2_0_0_083_load"   --->   Operation 3313 'write' 'write_ln0' <Predicate = (icmp_ln33)> <Delay = 0.00>
ST_1 : Operation 3314 [1/1] (0.00ns)   --->   "%write_ln0 = write void @_ssdm_op_Write.ap_auto.i16P0A, i16 %p_0_1_0_0_081_out, i16 %p_0_1_0_0_081_load"   --->   Operation 3314 'write' 'write_ln0' <Predicate = (icmp_ln33)> <Delay = 0.00>
ST_1 : Operation 3315 [1/1] (0.00ns)   --->   "%write_ln0 = write void @_ssdm_op_Write.ap_auto.i16P0A, i16 %p_0_6_0_0_079_out, i16 %p_0_6_0_0_079_load"   --->   Operation 3315 'write' 'write_ln0' <Predicate = (icmp_ln33)> <Delay = 0.00>
ST_1 : Operation 3316 [1/1] (0.00ns)   --->   "%write_ln0 = write void @_ssdm_op_Write.ap_auto.i16P0A, i16 %p_0_5_0_0_077_out, i16 %p_0_5_0_0_077_load"   --->   Operation 3316 'write' 'write_ln0' <Predicate = (icmp_ln33)> <Delay = 0.00>
ST_1 : Operation 3317 [1/1] (0.00ns)   --->   "%write_ln0 = write void @_ssdm_op_Write.ap_auto.i16P0A, i16 %p_0_2_0_0_075_out, i16 %p_0_2_0_0_075_load"   --->   Operation 3317 'write' 'write_ln0' <Predicate = (icmp_ln33)> <Delay = 0.00>
ST_1 : Operation 3318 [1/1] (0.00ns)   --->   "%write_ln0 = write void @_ssdm_op_Write.ap_auto.i16P0A, i16 %p_0_1_0_0_073_out, i16 %p_0_1_0_0_073_load"   --->   Operation 3318 'write' 'write_ln0' <Predicate = (icmp_ln33)> <Delay = 0.00>
ST_1 : Operation 3319 [1/1] (0.00ns)   --->   "%write_ln0 = write void @_ssdm_op_Write.ap_auto.i16P0A, i16 %p_0_0_0_0_071_out, i16 %p_0_0_0_0_071_load"   --->   Operation 3319 'write' 'write_ln0' <Predicate = (icmp_ln33)> <Delay = 0.00>
ST_1 : Operation 3320 [1/1] (0.00ns)   --->   "%write_ln0 = write void @_ssdm_op_Write.ap_auto.i16P0A, i16 %p_0_6_0_0_069_out, i16 %p_0_6_0_0_069_load"   --->   Operation 3320 'write' 'write_ln0' <Predicate = (icmp_ln33)> <Delay = 0.00>
ST_1 : Operation 3321 [1/1] (0.00ns)   --->   "%write_ln0 = write void @_ssdm_op_Write.ap_auto.i16P0A, i16 %p_0_5_0_0_067_out, i16 %p_0_5_0_0_067_load"   --->   Operation 3321 'write' 'write_ln0' <Predicate = (icmp_ln33)> <Delay = 0.00>
ST_1 : Operation 3322 [1/1] (0.00ns)   --->   "%write_ln0 = write void @_ssdm_op_Write.ap_auto.i16P0A, i16 %p_0_2_0_0_065_out, i16 %p_0_2_0_0_065_load"   --->   Operation 3322 'write' 'write_ln0' <Predicate = (icmp_ln33)> <Delay = 0.00>
ST_1 : Operation 3323 [1/1] (0.00ns)   --->   "%write_ln0 = write void @_ssdm_op_Write.ap_auto.i16P0A, i16 %p_0_1_0_0_063_out, i16 %p_0_1_0_0_063_load"   --->   Operation 3323 'write' 'write_ln0' <Predicate = (icmp_ln33)> <Delay = 0.00>
ST_1 : Operation 3324 [1/1] (0.00ns)   --->   "%write_ln0 = write void @_ssdm_op_Write.ap_auto.i16P0A, i16 %p_0_6_0_0_061_out, i16 %p_0_6_0_0_061_load"   --->   Operation 3324 'write' 'write_ln0' <Predicate = (icmp_ln33)> <Delay = 0.00>
ST_1 : Operation 3325 [1/1] (0.00ns)   --->   "%write_ln0 = write void @_ssdm_op_Write.ap_auto.i16P0A, i16 %p_0_5_0_0_059_out, i16 %p_0_5_0_0_059_load"   --->   Operation 3325 'write' 'write_ln0' <Predicate = (icmp_ln33)> <Delay = 0.00>
ST_1 : Operation 3326 [1/1] (0.00ns)   --->   "%write_ln0 = write void @_ssdm_op_Write.ap_auto.i16P0A, i16 %p_0_2_0_0_057_out, i16 %p_0_2_0_0_057_load"   --->   Operation 3326 'write' 'write_ln0' <Predicate = (icmp_ln33)> <Delay = 0.00>
ST_1 : Operation 3327 [1/1] (0.00ns)   --->   "%write_ln0 = write void @_ssdm_op_Write.ap_auto.i16P0A, i16 %p_0_1_0_0_055_out, i16 %p_0_1_0_0_055_load"   --->   Operation 3327 'write' 'write_ln0' <Predicate = (icmp_ln33)> <Delay = 0.00>
ST_1 : Operation 3328 [1/1] (0.00ns)   --->   "%write_ln0 = write void @_ssdm_op_Write.ap_auto.i16P0A, i16 %p_0_6_0_0_053_out, i16 %p_0_6_0_0_053_load"   --->   Operation 3328 'write' 'write_ln0' <Predicate = (icmp_ln33)> <Delay = 0.00>
ST_1 : Operation 3329 [1/1] (0.00ns)   --->   "%write_ln0 = write void @_ssdm_op_Write.ap_auto.i16P0A, i16 %p_0_5_0_0_051_out, i16 %p_0_5_0_0_051_load"   --->   Operation 3329 'write' 'write_ln0' <Predicate = (icmp_ln33)> <Delay = 0.00>
ST_1 : Operation 3330 [1/1] (0.00ns)   --->   "%write_ln0 = write void @_ssdm_op_Write.ap_auto.i16P0A, i16 %p_0_2_0_0_049_out, i16 %p_0_2_0_0_049_load"   --->   Operation 3330 'write' 'write_ln0' <Predicate = (icmp_ln33)> <Delay = 0.00>
ST_1 : Operation 3331 [1/1] (0.00ns)   --->   "%write_ln0 = write void @_ssdm_op_Write.ap_auto.i16P0A, i16 %p_0_1_0_0_047_out, i16 %p_0_1_0_0_047_load"   --->   Operation 3331 'write' 'write_ln0' <Predicate = (icmp_ln33)> <Delay = 0.00>
ST_1 : Operation 3332 [1/1] (0.00ns)   --->   "%write_ln0 = write void @_ssdm_op_Write.ap_auto.i16P0A, i16 %p_0_6_0_0_045_out, i16 %p_0_6_0_0_045_load"   --->   Operation 3332 'write' 'write_ln0' <Predicate = (icmp_ln33)> <Delay = 0.00>
ST_1 : Operation 3333 [1/1] (0.00ns)   --->   "%write_ln0 = write void @_ssdm_op_Write.ap_auto.i16P0A, i16 %p_0_5_0_0_043_out, i16 %p_0_5_0_0_043_load"   --->   Operation 3333 'write' 'write_ln0' <Predicate = (icmp_ln33)> <Delay = 0.00>
ST_1 : Operation 3334 [1/1] (0.00ns)   --->   "%write_ln0 = write void @_ssdm_op_Write.ap_auto.i16P0A, i16 %p_0_2_0_0_041_out, i16 %p_0_2_0_0_041_load"   --->   Operation 3334 'write' 'write_ln0' <Predicate = (icmp_ln33)> <Delay = 0.00>
ST_1 : Operation 3335 [1/1] (0.00ns)   --->   "%write_ln0 = write void @_ssdm_op_Write.ap_auto.i16P0A, i16 %p_0_1_0_0_039_out, i16 %p_0_1_0_0_039_load"   --->   Operation 3335 'write' 'write_ln0' <Predicate = (icmp_ln33)> <Delay = 0.00>
ST_1 : Operation 3336 [1/1] (0.00ns)   --->   "%write_ln0 = write void @_ssdm_op_Write.ap_auto.i16P0A, i16 %p_0_6_0_0_037_out, i16 %p_0_6_0_0_037_load"   --->   Operation 3336 'write' 'write_ln0' <Predicate = (icmp_ln33)> <Delay = 0.00>
ST_1 : Operation 3337 [1/1] (0.00ns)   --->   "%write_ln0 = write void @_ssdm_op_Write.ap_auto.i16P0A, i16 %p_0_5_0_0_035_out, i16 %p_0_5_0_0_035_load"   --->   Operation 3337 'write' 'write_ln0' <Predicate = (icmp_ln33)> <Delay = 0.00>
ST_1 : Operation 3338 [1/1] (0.00ns)   --->   "%write_ln0 = write void @_ssdm_op_Write.ap_auto.i16P0A, i16 %p_0_2_0_0_033_out, i16 %p_0_2_0_0_033_load"   --->   Operation 3338 'write' 'write_ln0' <Predicate = (icmp_ln33)> <Delay = 0.00>
ST_1 : Operation 3339 [1/1] (0.00ns)   --->   "%write_ln0 = write void @_ssdm_op_Write.ap_auto.i16P0A, i16 %p_0_1_0_0_031_out, i16 %p_0_1_0_0_031_load"   --->   Operation 3339 'write' 'write_ln0' <Predicate = (icmp_ln33)> <Delay = 0.00>
ST_1 : Operation 3340 [1/1] (0.00ns)   --->   "%write_ln0 = write void @_ssdm_op_Write.ap_auto.i16P0A, i16 %p_0_6_0_0_029_out, i16 %p_0_6_0_0_029_load"   --->   Operation 3340 'write' 'write_ln0' <Predicate = (icmp_ln33)> <Delay = 0.00>
ST_1 : Operation 3341 [1/1] (0.00ns)   --->   "%write_ln0 = write void @_ssdm_op_Write.ap_auto.i16P0A, i16 %p_0_5_0_0_027_out, i16 %p_0_5_0_0_027_load"   --->   Operation 3341 'write' 'write_ln0' <Predicate = (icmp_ln33)> <Delay = 0.00>
ST_1 : Operation 3342 [1/1] (0.00ns)   --->   "%write_ln0 = write void @_ssdm_op_Write.ap_auto.i16P0A, i16 %p_0_4_0_0_025_out, i16 %p_0_4_0_0_025_load"   --->   Operation 3342 'write' 'write_ln0' <Predicate = (icmp_ln33)> <Delay = 0.00>
ST_1 : Operation 3343 [1/1] (0.00ns)   --->   "%write_ln0 = write void @_ssdm_op_Write.ap_auto.i16P0A, i16 %p_0_2_0_0_023_out, i16 %p_0_2_0_0_023_load"   --->   Operation 3343 'write' 'write_ln0' <Predicate = (icmp_ln33)> <Delay = 0.00>
ST_1 : Operation 3344 [1/1] (0.00ns)   --->   "%write_ln0 = write void @_ssdm_op_Write.ap_auto.i16P0A, i16 %p_0_1_0_0_021_out, i16 %p_0_1_0_0_021_load"   --->   Operation 3344 'write' 'write_ln0' <Predicate = (icmp_ln33)> <Delay = 0.00>
ST_1 : Operation 3345 [1/1] (0.00ns)   --->   "%write_ln0 = write void @_ssdm_op_Write.ap_auto.i16P0A, i16 %p_0_6_0_0_019_out, i16 %p_0_6_0_0_019_load"   --->   Operation 3345 'write' 'write_ln0' <Predicate = (icmp_ln33)> <Delay = 0.00>
ST_1 : Operation 3346 [1/1] (0.00ns)   --->   "%write_ln0 = write void @_ssdm_op_Write.ap_auto.i16P0A, i16 %p_0_5_0_0_017_out, i16 %p_0_5_0_0_017_load"   --->   Operation 3346 'write' 'write_ln0' <Predicate = (icmp_ln33)> <Delay = 0.00>
ST_1 : Operation 3347 [1/1] (0.00ns)   --->   "%write_ln0 = write void @_ssdm_op_Write.ap_auto.i16P0A, i16 %p_0_4_0_0_015_out, i16 %p_0_4_0_0_015_load"   --->   Operation 3347 'write' 'write_ln0' <Predicate = (icmp_ln33)> <Delay = 0.00>
ST_1 : Operation 3348 [1/1] (0.00ns)   --->   "%write_ln0 = write void @_ssdm_op_Write.ap_auto.i16P0A, i16 %p_0_2_0_0_013_out, i16 %p_0_2_0_0_013_load"   --->   Operation 3348 'write' 'write_ln0' <Predicate = (icmp_ln33)> <Delay = 0.00>
ST_1 : Operation 3349 [1/1] (0.00ns)   --->   "%write_ln0 = write void @_ssdm_op_Write.ap_auto.i16P0A, i16 %p_0_1_0_0_011_out, i16 %p_0_1_0_0_011_load"   --->   Operation 3349 'write' 'write_ln0' <Predicate = (icmp_ln33)> <Delay = 0.00>
ST_1 : Operation 3350 [1/1] (0.00ns)   --->   "%write_ln0 = write void @_ssdm_op_Write.ap_auto.i16P0A, i16 %p_0_6_0_0_09_out, i16 %p_0_6_0_0_09_load"   --->   Operation 3350 'write' 'write_ln0' <Predicate = (icmp_ln33)> <Delay = 0.00>
ST_1 : Operation 3351 [1/1] (0.00ns)   --->   "%write_ln0 = write void @_ssdm_op_Write.ap_auto.i16P0A, i16 %p_0_5_0_0_07_out, i16 %p_0_5_0_0_07_load"   --->   Operation 3351 'write' 'write_ln0' <Predicate = (icmp_ln33)> <Delay = 0.00>
ST_1 : Operation 3352 [1/1] (0.00ns)   --->   "%write_ln0 = write void @_ssdm_op_Write.ap_auto.i16P0A, i16 %p_0_4_0_0_05_out, i16 %p_0_4_0_0_05_load"   --->   Operation 3352 'write' 'write_ln0' <Predicate = (icmp_ln33)> <Delay = 0.00>
ST_1 : Operation 3353 [1/1] (0.00ns)   --->   "%write_ln0 = write void @_ssdm_op_Write.ap_auto.i16P0A, i16 %p_0_2_0_0_03_out, i16 %p_0_2_0_0_03_load"   --->   Operation 3353 'write' 'write_ln0' <Predicate = (icmp_ln33)> <Delay = 0.00>
ST_1 : Operation 3354 [1/1] (0.00ns)   --->   "%write_ln0 = write void @_ssdm_op_Write.ap_auto.i16P0A, i16 %p_0_1_0_0_01_out, i16 %p_0_1_0_0_01_load"   --->   Operation 3354 'write' 'write_ln0' <Predicate = (icmp_ln33)> <Delay = 0.00>
ST_1 : Operation 3355 [1/1] (0.00ns)   --->   "%ret_ln0 = ret"   --->   Operation 3355 'ret' 'ret_ln0' <Predicate = (icmp_ln33)> <Delay = 0.00>

State 2 <SV = 1> <Delay = 1.73>
ST_2 : Operation 806 [1/1] (0.00ns)   --->   "%specpipeline_ln34 = specpipeline void @_ssdm_op_SpecPipeline, i32 4294967295, i32 0, i32 0, i32 0, void @empty_1" [firmware/nnet_utils/nnet_dense_stream.h:34->firmware/nnet_utils/nnet_dense_stream.h:93]   --->   Operation 806 'specpipeline' 'specpipeline_ln34' <Predicate = true> <Delay = 0.00>
ST_2 : Operation 807 [1/1] (0.00ns)   --->   "%speclooptripcount_ln33 = speclooptripcount void @_ssdm_op_SpecLoopTripCount, i64 168, i64 168, i64 168" [firmware/nnet_utils/nnet_dense_stream.h:33->firmware/nnet_utils/nnet_dense_stream.h:93]   --->   Operation 807 'speclooptripcount' 'speclooptripcount_ln33' <Predicate = true> <Delay = 0.00>
ST_2 : Operation 808 [1/1] (0.00ns)   --->   "%specloopname_ln33 = specloopname void @_ssdm_op_SpecLoopName, void @empty_8" [firmware/nnet_utils/nnet_dense_stream.h:33->firmware/nnet_utils/nnet_dense_stream.h:93]   --->   Operation 808 'specloopname' 'specloopname_ln33' <Predicate = true> <Delay = 0.00>
ST_2 : Operation 809 [1/1] (1.73ns)   --->   "%layer5_out_read = read i112 @_ssdm_op_Read.ap_fifo.volatile.i112P0A, i112 %layer5_out" [firmware/nnet_utils/nnet_dense_stream.h:35->firmware/nnet_utils/nnet_dense_stream.h:93]   --->   Operation 809 'read' 'layer5_out_read' <Predicate = true> <Delay = 1.73> <CoreInst = "FIFO">   --->   Core 78 'FIFO' <Latency = 0> <II = 1> <Delay = 1.73> <Storage> <Opcode : 'read' 'write' 'nbread' 'nbwrite'> <Ports = 0> <Width = 112> <Depth = 168> <FIFO>
ST_2 : Operation 810 [1/1] (0.00ns)   --->   "%data = trunc i112 %layer5_out_read" [firmware/nnet_utils/nnet_dense_stream.h:35->firmware/nnet_utils/nnet_dense_stream.h:93]   --->   Operation 810 'trunc' 'data' <Predicate = true> <Delay = 0.00>
ST_2 : Operation 811 [1/1] (0.00ns)   --->   "%data_pack = partselect i16 @_ssdm_op_PartSelect.i16.i112.i32.i32, i112 %layer5_out_read, i32 16, i32 31" [firmware/nnet_utils/nnet_dense_stream.h:35->firmware/nnet_utils/nnet_dense_stream.h:93]   --->   Operation 811 'partselect' 'data_pack' <Predicate = true> <Delay = 0.00>
ST_2 : Operation 812 [1/1] (0.00ns)   --->   "%data_pack_7 = partselect i16 @_ssdm_op_PartSelect.i16.i112.i32.i32, i112 %layer5_out_read, i32 32, i32 47" [firmware/nnet_utils/nnet_dense_stream.h:35->firmware/nnet_utils/nnet_dense_stream.h:93]   --->   Operation 812 'partselect' 'data_pack_7' <Predicate = true> <Delay = 0.00>
ST_2 : Operation 813 [1/1] (0.00ns)   --->   "%data_3 = partselect i16 @_ssdm_op_PartSelect.i16.i112.i32.i32, i112 %layer5_out_read, i32 48, i32 63" [firmware/nnet_utils/nnet_dense_stream.h:35->firmware/nnet_utils/nnet_dense_stream.h:93]   --->   Operation 813 'partselect' 'data_3' <Predicate = true> <Delay = 0.00>
ST_2 : Operation 814 [1/1] (0.00ns)   --->   "%data_4 = partselect i16 @_ssdm_op_PartSelect.i16.i112.i32.i32, i112 %layer5_out_read, i32 64, i32 79" [firmware/nnet_utils/nnet_dense_stream.h:35->firmware/nnet_utils/nnet_dense_stream.h:93]   --->   Operation 814 'partselect' 'data_4' <Predicate = true> <Delay = 0.00>
ST_2 : Operation 815 [1/1] (0.00ns)   --->   "%data_pack_8 = partselect i16 @_ssdm_op_PartSelect.i16.i112.i32.i32, i112 %layer5_out_read, i32 80, i32 95" [firmware/nnet_utils/nnet_dense_stream.h:35->firmware/nnet_utils/nnet_dense_stream.h:93]   --->   Operation 815 'partselect' 'data_pack_8' <Predicate = true> <Delay = 0.00>
ST_2 : Operation 816 [1/1] (0.00ns)   --->   "%data_pack_9 = partselect i16 @_ssdm_op_PartSelect.i16.i112.i32.i32, i112 %layer5_out_read, i32 96, i32 111" [firmware/nnet_utils/nnet_dense_stream.h:35->firmware/nnet_utils/nnet_dense_stream.h:93]   --->   Operation 816 'partselect' 'data_pack_9' <Predicate = true> <Delay = 0.00>
ST_2 : Operation 817 [1/1] (0.00ns)   --->   "%store_ln35 = store i16 %data_pack_9, i16 %p_0_6_0_0_09" [firmware/nnet_utils/nnet_dense_stream.h:35->firmware/nnet_utils/nnet_dense_stream.h:93]   --->   Operation 817 'store' 'store_ln35' <Predicate = (i_in_1 == 166)> <Delay = 0.00>
ST_2 : Operation 818 [1/1] (0.00ns)   --->   "%store_ln35 = store i16 %data_pack_8, i16 %p_0_5_0_0_07" [firmware/nnet_utils/nnet_dense_stream.h:35->firmware/nnet_utils/nnet_dense_stream.h:93]   --->   Operation 818 'store' 'store_ln35' <Predicate = (i_in_1 == 166)> <Delay = 0.00>
ST_2 : Operation 819 [1/1] (0.00ns)   --->   "%store_ln35 = store i16 %data_4, i16 %p_0_4_0_0_05" [firmware/nnet_utils/nnet_dense_stream.h:35->firmware/nnet_utils/nnet_dense_stream.h:93]   --->   Operation 819 'store' 'store_ln35' <Predicate = (i_in_1 == 166)> <Delay = 0.00>
ST_2 : Operation 820 [1/1] (0.00ns)   --->   "%store_ln35 = store i16 %data_pack_7, i16 %p_0_2_0_0_03" [firmware/nnet_utils/nnet_dense_stream.h:35->firmware/nnet_utils/nnet_dense_stream.h:93]   --->   Operation 820 'store' 'store_ln35' <Predicate = (i_in_1 == 166)> <Delay = 0.00>
ST_2 : Operation 821 [1/1] (0.00ns)   --->   "%store_ln35 = store i16 %data_pack, i16 %p_0_1_0_0_01" [firmware/nnet_utils/nnet_dense_stream.h:35->firmware/nnet_utils/nnet_dense_stream.h:93]   --->   Operation 821 'store' 'store_ln35' <Predicate = (i_in_1 == 166)> <Delay = 0.00>
ST_2 : Operation 822 [1/1] (0.00ns)   --->   "%br_ln39 = br void %arrayidx.i3.6.exit" [firmware/nnet_utils/nnet_dense_stream.h:39->firmware/nnet_utils/nnet_dense_stream.h:93]   --->   Operation 822 'br' 'br_ln39' <Predicate = (i_in_1 == 166)> <Delay = 0.00>
ST_2 : Operation 823 [1/1] (0.00ns)   --->   "%store_ln35 = store i16 %data_pack_9, i16 %p_0_6_0_0_019" [firmware/nnet_utils/nnet_dense_stream.h:35->firmware/nnet_utils/nnet_dense_stream.h:93]   --->   Operation 823 'store' 'store_ln35' <Predicate = (i_in_1 == 165)> <Delay = 0.00>
ST_2 : Operation 824 [1/1] (0.00ns)   --->   "%store_ln35 = store i16 %data_pack_8, i16 %p_0_5_0_0_017" [firmware/nnet_utils/nnet_dense_stream.h:35->firmware/nnet_utils/nnet_dense_stream.h:93]   --->   Operation 824 'store' 'store_ln35' <Predicate = (i_in_1 == 165)> <Delay = 0.00>
ST_2 : Operation 825 [1/1] (0.00ns)   --->   "%store_ln35 = store i16 %data_4, i16 %p_0_4_0_0_015" [firmware/nnet_utils/nnet_dense_stream.h:35->firmware/nnet_utils/nnet_dense_stream.h:93]   --->   Operation 825 'store' 'store_ln35' <Predicate = (i_in_1 == 165)> <Delay = 0.00>
ST_2 : Operation 826 [1/1] (0.00ns)   --->   "%store_ln35 = store i16 %data_pack_7, i16 %p_0_2_0_0_013" [firmware/nnet_utils/nnet_dense_stream.h:35->firmware/nnet_utils/nnet_dense_stream.h:93]   --->   Operation 826 'store' 'store_ln35' <Predicate = (i_in_1 == 165)> <Delay = 0.00>
ST_2 : Operation 827 [1/1] (0.00ns)   --->   "%store_ln35 = store i16 %data_pack, i16 %p_0_1_0_0_011" [firmware/nnet_utils/nnet_dense_stream.h:35->firmware/nnet_utils/nnet_dense_stream.h:93]   --->   Operation 827 'store' 'store_ln35' <Predicate = (i_in_1 == 165)> <Delay = 0.00>
ST_2 : Operation 828 [1/1] (0.00ns)   --->   "%br_ln39 = br void %arrayidx.i3.6.exit" [firmware/nnet_utils/nnet_dense_stream.h:39->firmware/nnet_utils/nnet_dense_stream.h:93]   --->   Operation 828 'br' 'br_ln39' <Predicate = (i_in_1 == 165)> <Delay = 0.00>
ST_2 : Operation 829 [1/1] (0.00ns)   --->   "%store_ln35 = store i16 %data_pack_9, i16 %p_0_6_0_0_029" [firmware/nnet_utils/nnet_dense_stream.h:35->firmware/nnet_utils/nnet_dense_stream.h:93]   --->   Operation 829 'store' 'store_ln35' <Predicate = (i_in_1 == 164)> <Delay = 0.00>
ST_2 : Operation 830 [1/1] (0.00ns)   --->   "%store_ln35 = store i16 %data_pack_8, i16 %p_0_5_0_0_027" [firmware/nnet_utils/nnet_dense_stream.h:35->firmware/nnet_utils/nnet_dense_stream.h:93]   --->   Operation 830 'store' 'store_ln35' <Predicate = (i_in_1 == 164)> <Delay = 0.00>
ST_2 : Operation 831 [1/1] (0.00ns)   --->   "%store_ln35 = store i16 %data_4, i16 %p_0_4_0_0_025" [firmware/nnet_utils/nnet_dense_stream.h:35->firmware/nnet_utils/nnet_dense_stream.h:93]   --->   Operation 831 'store' 'store_ln35' <Predicate = (i_in_1 == 164)> <Delay = 0.00>
ST_2 : Operation 832 [1/1] (0.00ns)   --->   "%store_ln35 = store i16 %data_pack_7, i16 %p_0_2_0_0_023" [firmware/nnet_utils/nnet_dense_stream.h:35->firmware/nnet_utils/nnet_dense_stream.h:93]   --->   Operation 832 'store' 'store_ln35' <Predicate = (i_in_1 == 164)> <Delay = 0.00>
ST_2 : Operation 833 [1/1] (0.00ns)   --->   "%store_ln35 = store i16 %data_pack, i16 %p_0_1_0_0_021" [firmware/nnet_utils/nnet_dense_stream.h:35->firmware/nnet_utils/nnet_dense_stream.h:93]   --->   Operation 833 'store' 'store_ln35' <Predicate = (i_in_1 == 164)> <Delay = 0.00>
ST_2 : Operation 834 [1/1] (0.00ns)   --->   "%br_ln39 = br void %arrayidx.i3.6.exit" [firmware/nnet_utils/nnet_dense_stream.h:39->firmware/nnet_utils/nnet_dense_stream.h:93]   --->   Operation 834 'br' 'br_ln39' <Predicate = (i_in_1 == 164)> <Delay = 0.00>
ST_2 : Operation 835 [1/1] (0.00ns)   --->   "%store_ln35 = store i16 %data_pack_9, i16 %p_0_6_0_0_037" [firmware/nnet_utils/nnet_dense_stream.h:35->firmware/nnet_utils/nnet_dense_stream.h:93]   --->   Operation 835 'store' 'store_ln35' <Predicate = (i_in_1 == 163)> <Delay = 0.00>
ST_2 : Operation 836 [1/1] (0.00ns)   --->   "%store_ln35 = store i16 %data_pack_8, i16 %p_0_5_0_0_035" [firmware/nnet_utils/nnet_dense_stream.h:35->firmware/nnet_utils/nnet_dense_stream.h:93]   --->   Operation 836 'store' 'store_ln35' <Predicate = (i_in_1 == 163)> <Delay = 0.00>
ST_2 : Operation 837 [1/1] (0.00ns)   --->   "%store_ln35 = store i16 %data_pack_7, i16 %p_0_2_0_0_033" [firmware/nnet_utils/nnet_dense_stream.h:35->firmware/nnet_utils/nnet_dense_stream.h:93]   --->   Operation 837 'store' 'store_ln35' <Predicate = (i_in_1 == 163)> <Delay = 0.00>
ST_2 : Operation 838 [1/1] (0.00ns)   --->   "%store_ln35 = store i16 %data_pack, i16 %p_0_1_0_0_031" [firmware/nnet_utils/nnet_dense_stream.h:35->firmware/nnet_utils/nnet_dense_stream.h:93]   --->   Operation 838 'store' 'store_ln35' <Predicate = (i_in_1 == 163)> <Delay = 0.00>
ST_2 : Operation 839 [1/1] (0.00ns)   --->   "%br_ln39 = br void %arrayidx.i3.6.exit" [firmware/nnet_utils/nnet_dense_stream.h:39->firmware/nnet_utils/nnet_dense_stream.h:93]   --->   Operation 839 'br' 'br_ln39' <Predicate = (i_in_1 == 163)> <Delay = 0.00>
ST_2 : Operation 840 [1/1] (0.00ns)   --->   "%store_ln35 = store i16 %data_pack_9, i16 %p_0_6_0_0_045" [firmware/nnet_utils/nnet_dense_stream.h:35->firmware/nnet_utils/nnet_dense_stream.h:93]   --->   Operation 840 'store' 'store_ln35' <Predicate = (i_in_1 == 162)> <Delay = 0.00>
ST_2 : Operation 841 [1/1] (0.00ns)   --->   "%store_ln35 = store i16 %data_pack_8, i16 %p_0_5_0_0_043" [firmware/nnet_utils/nnet_dense_stream.h:35->firmware/nnet_utils/nnet_dense_stream.h:93]   --->   Operation 841 'store' 'store_ln35' <Predicate = (i_in_1 == 162)> <Delay = 0.00>
ST_2 : Operation 842 [1/1] (0.00ns)   --->   "%store_ln35 = store i16 %data_pack_7, i16 %p_0_2_0_0_041" [firmware/nnet_utils/nnet_dense_stream.h:35->firmware/nnet_utils/nnet_dense_stream.h:93]   --->   Operation 842 'store' 'store_ln35' <Predicate = (i_in_1 == 162)> <Delay = 0.00>
ST_2 : Operation 843 [1/1] (0.00ns)   --->   "%store_ln35 = store i16 %data_pack, i16 %p_0_1_0_0_039" [firmware/nnet_utils/nnet_dense_stream.h:35->firmware/nnet_utils/nnet_dense_stream.h:93]   --->   Operation 843 'store' 'store_ln35' <Predicate = (i_in_1 == 162)> <Delay = 0.00>
ST_2 : Operation 844 [1/1] (0.00ns)   --->   "%br_ln39 = br void %arrayidx.i3.6.exit" [firmware/nnet_utils/nnet_dense_stream.h:39->firmware/nnet_utils/nnet_dense_stream.h:93]   --->   Operation 844 'br' 'br_ln39' <Predicate = (i_in_1 == 162)> <Delay = 0.00>
ST_2 : Operation 845 [1/1] (0.00ns)   --->   "%store_ln35 = store i16 %data_pack_9, i16 %p_0_6_0_0_053" [firmware/nnet_utils/nnet_dense_stream.h:35->firmware/nnet_utils/nnet_dense_stream.h:93]   --->   Operation 845 'store' 'store_ln35' <Predicate = (i_in_1 == 161)> <Delay = 0.00>
ST_2 : Operation 846 [1/1] (0.00ns)   --->   "%store_ln35 = store i16 %data_pack_8, i16 %p_0_5_0_0_051" [firmware/nnet_utils/nnet_dense_stream.h:35->firmware/nnet_utils/nnet_dense_stream.h:93]   --->   Operation 846 'store' 'store_ln35' <Predicate = (i_in_1 == 161)> <Delay = 0.00>
ST_2 : Operation 847 [1/1] (0.00ns)   --->   "%store_ln35 = store i16 %data_pack_7, i16 %p_0_2_0_0_049" [firmware/nnet_utils/nnet_dense_stream.h:35->firmware/nnet_utils/nnet_dense_stream.h:93]   --->   Operation 847 'store' 'store_ln35' <Predicate = (i_in_1 == 161)> <Delay = 0.00>
ST_2 : Operation 848 [1/1] (0.00ns)   --->   "%store_ln35 = store i16 %data_pack, i16 %p_0_1_0_0_047" [firmware/nnet_utils/nnet_dense_stream.h:35->firmware/nnet_utils/nnet_dense_stream.h:93]   --->   Operation 848 'store' 'store_ln35' <Predicate = (i_in_1 == 161)> <Delay = 0.00>
ST_2 : Operation 849 [1/1] (0.00ns)   --->   "%br_ln39 = br void %arrayidx.i3.6.exit" [firmware/nnet_utils/nnet_dense_stream.h:39->firmware/nnet_utils/nnet_dense_stream.h:93]   --->   Operation 849 'br' 'br_ln39' <Predicate = (i_in_1 == 161)> <Delay = 0.00>
ST_2 : Operation 850 [1/1] (0.00ns)   --->   "%store_ln35 = store i16 %data_pack_9, i16 %p_0_6_0_0_061" [firmware/nnet_utils/nnet_dense_stream.h:35->firmware/nnet_utils/nnet_dense_stream.h:93]   --->   Operation 850 'store' 'store_ln35' <Predicate = (i_in_1 == 160)> <Delay = 0.00>
ST_2 : Operation 851 [1/1] (0.00ns)   --->   "%store_ln35 = store i16 %data_pack_8, i16 %p_0_5_0_0_059" [firmware/nnet_utils/nnet_dense_stream.h:35->firmware/nnet_utils/nnet_dense_stream.h:93]   --->   Operation 851 'store' 'store_ln35' <Predicate = (i_in_1 == 160)> <Delay = 0.00>
ST_2 : Operation 852 [1/1] (0.00ns)   --->   "%store_ln35 = store i16 %data_pack_7, i16 %p_0_2_0_0_057" [firmware/nnet_utils/nnet_dense_stream.h:35->firmware/nnet_utils/nnet_dense_stream.h:93]   --->   Operation 852 'store' 'store_ln35' <Predicate = (i_in_1 == 160)> <Delay = 0.00>
ST_2 : Operation 853 [1/1] (0.00ns)   --->   "%store_ln35 = store i16 %data_pack, i16 %p_0_1_0_0_055" [firmware/nnet_utils/nnet_dense_stream.h:35->firmware/nnet_utils/nnet_dense_stream.h:93]   --->   Operation 853 'store' 'store_ln35' <Predicate = (i_in_1 == 160)> <Delay = 0.00>
ST_2 : Operation 854 [1/1] (0.00ns)   --->   "%br_ln39 = br void %arrayidx.i3.6.exit" [firmware/nnet_utils/nnet_dense_stream.h:39->firmware/nnet_utils/nnet_dense_stream.h:93]   --->   Operation 854 'br' 'br_ln39' <Predicate = (i_in_1 == 160)> <Delay = 0.00>
ST_2 : Operation 855 [1/1] (0.00ns)   --->   "%store_ln35 = store i16 %data_pack_9, i16 %p_0_6_0_0_069" [firmware/nnet_utils/nnet_dense_stream.h:35->firmware/nnet_utils/nnet_dense_stream.h:93]   --->   Operation 855 'store' 'store_ln35' <Predicate = (i_in_1 == 159)> <Delay = 0.00>
ST_2 : Operation 856 [1/1] (0.00ns)   --->   "%store_ln35 = store i16 %data_pack_8, i16 %p_0_5_0_0_067" [firmware/nnet_utils/nnet_dense_stream.h:35->firmware/nnet_utils/nnet_dense_stream.h:93]   --->   Operation 856 'store' 'store_ln35' <Predicate = (i_in_1 == 159)> <Delay = 0.00>
ST_2 : Operation 857 [1/1] (0.00ns)   --->   "%store_ln35 = store i16 %data_pack_7, i16 %p_0_2_0_0_065" [firmware/nnet_utils/nnet_dense_stream.h:35->firmware/nnet_utils/nnet_dense_stream.h:93]   --->   Operation 857 'store' 'store_ln35' <Predicate = (i_in_1 == 159)> <Delay = 0.00>
ST_2 : Operation 858 [1/1] (0.00ns)   --->   "%store_ln35 = store i16 %data_pack, i16 %p_0_1_0_0_063" [firmware/nnet_utils/nnet_dense_stream.h:35->firmware/nnet_utils/nnet_dense_stream.h:93]   --->   Operation 858 'store' 'store_ln35' <Predicate = (i_in_1 == 159)> <Delay = 0.00>
ST_2 : Operation 859 [1/1] (0.00ns)   --->   "%br_ln39 = br void %arrayidx.i3.6.exit" [firmware/nnet_utils/nnet_dense_stream.h:39->firmware/nnet_utils/nnet_dense_stream.h:93]   --->   Operation 859 'br' 'br_ln39' <Predicate = (i_in_1 == 159)> <Delay = 0.00>
ST_2 : Operation 860 [1/1] (0.00ns)   --->   "%store_ln35 = store i16 %data_pack_9, i16 %p_0_6_0_0_079" [firmware/nnet_utils/nnet_dense_stream.h:35->firmware/nnet_utils/nnet_dense_stream.h:93]   --->   Operation 860 'store' 'store_ln35' <Predicate = (i_in_1 == 158)> <Delay = 0.00>
ST_2 : Operation 861 [1/1] (0.00ns)   --->   "%store_ln35 = store i16 %data_pack_8, i16 %p_0_5_0_0_077" [firmware/nnet_utils/nnet_dense_stream.h:35->firmware/nnet_utils/nnet_dense_stream.h:93]   --->   Operation 861 'store' 'store_ln35' <Predicate = (i_in_1 == 158)> <Delay = 0.00>
ST_2 : Operation 862 [1/1] (0.00ns)   --->   "%store_ln35 = store i16 %data_pack_7, i16 %p_0_2_0_0_075" [firmware/nnet_utils/nnet_dense_stream.h:35->firmware/nnet_utils/nnet_dense_stream.h:93]   --->   Operation 862 'store' 'store_ln35' <Predicate = (i_in_1 == 158)> <Delay = 0.00>
ST_2 : Operation 863 [1/1] (0.00ns)   --->   "%store_ln35 = store i16 %data_pack, i16 %p_0_1_0_0_073" [firmware/nnet_utils/nnet_dense_stream.h:35->firmware/nnet_utils/nnet_dense_stream.h:93]   --->   Operation 863 'store' 'store_ln35' <Predicate = (i_in_1 == 158)> <Delay = 0.00>
ST_2 : Operation 864 [1/1] (0.00ns)   --->   "%store_ln35 = store i16 %data, i16 %p_0_0_0_0_071" [firmware/nnet_utils/nnet_dense_stream.h:35->firmware/nnet_utils/nnet_dense_stream.h:93]   --->   Operation 864 'store' 'store_ln35' <Predicate = (i_in_1 == 158)> <Delay = 0.00>
ST_2 : Operation 865 [1/1] (0.00ns)   --->   "%br_ln39 = br void %arrayidx.i3.6.exit" [firmware/nnet_utils/nnet_dense_stream.h:39->firmware/nnet_utils/nnet_dense_stream.h:93]   --->   Operation 865 'br' 'br_ln39' <Predicate = (i_in_1 == 158)> <Delay = 0.00>
ST_2 : Operation 866 [1/1] (0.00ns)   --->   "%store_ln35 = store i16 %data_pack_9, i16 %p_0_6_0_0_087" [firmware/nnet_utils/nnet_dense_stream.h:35->firmware/nnet_utils/nnet_dense_stream.h:93]   --->   Operation 866 'store' 'store_ln35' <Predicate = (i_in_1 == 157)> <Delay = 0.00>
ST_2 : Operation 867 [1/1] (0.00ns)   --->   "%store_ln35 = store i16 %data_pack_8, i16 %p_0_5_0_0_085" [firmware/nnet_utils/nnet_dense_stream.h:35->firmware/nnet_utils/nnet_dense_stream.h:93]   --->   Operation 867 'store' 'store_ln35' <Predicate = (i_in_1 == 157)> <Delay = 0.00>
ST_2 : Operation 868 [1/1] (0.00ns)   --->   "%store_ln35 = store i16 %data_pack_7, i16 %p_0_2_0_0_083" [firmware/nnet_utils/nnet_dense_stream.h:35->firmware/nnet_utils/nnet_dense_stream.h:93]   --->   Operation 868 'store' 'store_ln35' <Predicate = (i_in_1 == 157)> <Delay = 0.00>
ST_2 : Operation 869 [1/1] (0.00ns)   --->   "%store_ln35 = store i16 %data_pack, i16 %p_0_1_0_0_081" [firmware/nnet_utils/nnet_dense_stream.h:35->firmware/nnet_utils/nnet_dense_stream.h:93]   --->   Operation 869 'store' 'store_ln35' <Predicate = (i_in_1 == 157)> <Delay = 0.00>
ST_2 : Operation 870 [1/1] (0.00ns)   --->   "%br_ln39 = br void %arrayidx.i3.6.exit" [firmware/nnet_utils/nnet_dense_stream.h:39->firmware/nnet_utils/nnet_dense_stream.h:93]   --->   Operation 870 'br' 'br_ln39' <Predicate = (i_in_1 == 157)> <Delay = 0.00>
ST_2 : Operation 871 [1/1] (0.00ns)   --->   "%store_ln35 = store i16 %data_pack_9, i16 %p_0_6_0_0_097" [firmware/nnet_utils/nnet_dense_stream.h:35->firmware/nnet_utils/nnet_dense_stream.h:93]   --->   Operation 871 'store' 'store_ln35' <Predicate = (i_in_1 == 156)> <Delay = 0.00>
ST_2 : Operation 872 [1/1] (0.00ns)   --->   "%store_ln35 = store i16 %data_pack_8, i16 %p_0_5_0_0_095" [firmware/nnet_utils/nnet_dense_stream.h:35->firmware/nnet_utils/nnet_dense_stream.h:93]   --->   Operation 872 'store' 'store_ln35' <Predicate = (i_in_1 == 156)> <Delay = 0.00>
ST_2 : Operation 873 [1/1] (0.00ns)   --->   "%store_ln35 = store i16 %data_pack_7, i16 %p_0_2_0_0_093" [firmware/nnet_utils/nnet_dense_stream.h:35->firmware/nnet_utils/nnet_dense_stream.h:93]   --->   Operation 873 'store' 'store_ln35' <Predicate = (i_in_1 == 156)> <Delay = 0.00>
ST_2 : Operation 874 [1/1] (0.00ns)   --->   "%store_ln35 = store i16 %data_pack, i16 %p_0_1_0_0_091" [firmware/nnet_utils/nnet_dense_stream.h:35->firmware/nnet_utils/nnet_dense_stream.h:93]   --->   Operation 874 'store' 'store_ln35' <Predicate = (i_in_1 == 156)> <Delay = 0.00>
ST_2 : Operation 875 [1/1] (0.00ns)   --->   "%store_ln35 = store i16 %data, i16 %p_0_0_0_0_089" [firmware/nnet_utils/nnet_dense_stream.h:35->firmware/nnet_utils/nnet_dense_stream.h:93]   --->   Operation 875 'store' 'store_ln35' <Predicate = (i_in_1 == 156)> <Delay = 0.00>
ST_2 : Operation 876 [1/1] (0.00ns)   --->   "%br_ln39 = br void %arrayidx.i3.6.exit" [firmware/nnet_utils/nnet_dense_stream.h:39->firmware/nnet_utils/nnet_dense_stream.h:93]   --->   Operation 876 'br' 'br_ln39' <Predicate = (i_in_1 == 156)> <Delay = 0.00>
ST_2 : Operation 877 [1/1] (0.00ns)   --->   "%store_ln35 = store i16 %data_pack_9, i16 %p_0_6_0_0_0107" [firmware/nnet_utils/nnet_dense_stream.h:35->firmware/nnet_utils/nnet_dense_stream.h:93]   --->   Operation 877 'store' 'store_ln35' <Predicate = (i_in_1 == 155)> <Delay = 0.00>
ST_2 : Operation 878 [1/1] (0.00ns)   --->   "%store_ln35 = store i16 %data_pack_8, i16 %p_0_5_0_0_0105" [firmware/nnet_utils/nnet_dense_stream.h:35->firmware/nnet_utils/nnet_dense_stream.h:93]   --->   Operation 878 'store' 'store_ln35' <Predicate = (i_in_1 == 155)> <Delay = 0.00>
ST_2 : Operation 879 [1/1] (0.00ns)   --->   "%store_ln35 = store i16 %data_pack_7, i16 %p_0_2_0_0_0103" [firmware/nnet_utils/nnet_dense_stream.h:35->firmware/nnet_utils/nnet_dense_stream.h:93]   --->   Operation 879 'store' 'store_ln35' <Predicate = (i_in_1 == 155)> <Delay = 0.00>
ST_2 : Operation 880 [1/1] (0.00ns)   --->   "%store_ln35 = store i16 %data_pack, i16 %p_0_1_0_0_0101" [firmware/nnet_utils/nnet_dense_stream.h:35->firmware/nnet_utils/nnet_dense_stream.h:93]   --->   Operation 880 'store' 'store_ln35' <Predicate = (i_in_1 == 155)> <Delay = 0.00>
ST_2 : Operation 881 [1/1] (0.00ns)   --->   "%store_ln35 = store i16 %data, i16 %p_0_0_0_0_099" [firmware/nnet_utils/nnet_dense_stream.h:35->firmware/nnet_utils/nnet_dense_stream.h:93]   --->   Operation 881 'store' 'store_ln35' <Predicate = (i_in_1 == 155)> <Delay = 0.00>
ST_2 : Operation 882 [1/1] (0.00ns)   --->   "%br_ln39 = br void %arrayidx.i3.6.exit" [firmware/nnet_utils/nnet_dense_stream.h:39->firmware/nnet_utils/nnet_dense_stream.h:93]   --->   Operation 882 'br' 'br_ln39' <Predicate = (i_in_1 == 155)> <Delay = 0.00>
ST_2 : Operation 883 [1/1] (0.00ns)   --->   "%store_ln35 = store i16 %data_pack_9, i16 %p_0_6_0_0_0115" [firmware/nnet_utils/nnet_dense_stream.h:35->firmware/nnet_utils/nnet_dense_stream.h:93]   --->   Operation 883 'store' 'store_ln35' <Predicate = (i_in_1 == 154)> <Delay = 0.00>
ST_2 : Operation 884 [1/1] (0.00ns)   --->   "%store_ln35 = store i16 %data_pack_8, i16 %p_0_5_0_0_0113" [firmware/nnet_utils/nnet_dense_stream.h:35->firmware/nnet_utils/nnet_dense_stream.h:93]   --->   Operation 884 'store' 'store_ln35' <Predicate = (i_in_1 == 154)> <Delay = 0.00>
ST_2 : Operation 885 [1/1] (0.00ns)   --->   "%store_ln35 = store i16 %data_pack_7, i16 %p_0_2_0_0_0111" [firmware/nnet_utils/nnet_dense_stream.h:35->firmware/nnet_utils/nnet_dense_stream.h:93]   --->   Operation 885 'store' 'store_ln35' <Predicate = (i_in_1 == 154)> <Delay = 0.00>
ST_2 : Operation 886 [1/1] (0.00ns)   --->   "%store_ln35 = store i16 %data_pack, i16 %p_0_1_0_0_0109" [firmware/nnet_utils/nnet_dense_stream.h:35->firmware/nnet_utils/nnet_dense_stream.h:93]   --->   Operation 886 'store' 'store_ln35' <Predicate = (i_in_1 == 154)> <Delay = 0.00>
ST_2 : Operation 887 [1/1] (0.00ns)   --->   "%br_ln39 = br void %arrayidx.i3.6.exit" [firmware/nnet_utils/nnet_dense_stream.h:39->firmware/nnet_utils/nnet_dense_stream.h:93]   --->   Operation 887 'br' 'br_ln39' <Predicate = (i_in_1 == 154)> <Delay = 0.00>
ST_2 : Operation 888 [1/1] (0.00ns)   --->   "%store_ln35 = store i16 %data_pack_9, i16 %p_0_6_0_0_0125" [firmware/nnet_utils/nnet_dense_stream.h:35->firmware/nnet_utils/nnet_dense_stream.h:93]   --->   Operation 888 'store' 'store_ln35' <Predicate = (i_in_1 == 153)> <Delay = 0.00>
ST_2 : Operation 889 [1/1] (0.00ns)   --->   "%store_ln35 = store i16 %data_pack_8, i16 %p_0_5_0_0_0123" [firmware/nnet_utils/nnet_dense_stream.h:35->firmware/nnet_utils/nnet_dense_stream.h:93]   --->   Operation 889 'store' 'store_ln35' <Predicate = (i_in_1 == 153)> <Delay = 0.00>
ST_2 : Operation 890 [1/1] (0.00ns)   --->   "%store_ln35 = store i16 %data_3, i16 %p_0_3_0_0_0121" [firmware/nnet_utils/nnet_dense_stream.h:35->firmware/nnet_utils/nnet_dense_stream.h:93]   --->   Operation 890 'store' 'store_ln35' <Predicate = (i_in_1 == 153)> <Delay = 0.00>
ST_2 : Operation 891 [1/1] (0.00ns)   --->   "%store_ln35 = store i16 %data_pack_7, i16 %p_0_2_0_0_0119" [firmware/nnet_utils/nnet_dense_stream.h:35->firmware/nnet_utils/nnet_dense_stream.h:93]   --->   Operation 891 'store' 'store_ln35' <Predicate = (i_in_1 == 153)> <Delay = 0.00>
ST_2 : Operation 892 [1/1] (0.00ns)   --->   "%store_ln35 = store i16 %data_pack, i16 %p_0_1_0_0_0117" [firmware/nnet_utils/nnet_dense_stream.h:35->firmware/nnet_utils/nnet_dense_stream.h:93]   --->   Operation 892 'store' 'store_ln35' <Predicate = (i_in_1 == 153)> <Delay = 0.00>
ST_2 : Operation 893 [1/1] (0.00ns)   --->   "%br_ln39 = br void %arrayidx.i3.6.exit" [firmware/nnet_utils/nnet_dense_stream.h:39->firmware/nnet_utils/nnet_dense_stream.h:93]   --->   Operation 893 'br' 'br_ln39' <Predicate = (i_in_1 == 153)> <Delay = 0.00>
ST_2 : Operation 894 [1/1] (0.00ns)   --->   "%store_ln35 = store i16 %data_pack_9, i16 %p_0_6_0_0_0135" [firmware/nnet_utils/nnet_dense_stream.h:35->firmware/nnet_utils/nnet_dense_stream.h:93]   --->   Operation 894 'store' 'store_ln35' <Predicate = (i_in_1 == 152)> <Delay = 0.00>
ST_2 : Operation 895 [1/1] (0.00ns)   --->   "%store_ln35 = store i16 %data_pack_8, i16 %p_0_5_0_0_0133" [firmware/nnet_utils/nnet_dense_stream.h:35->firmware/nnet_utils/nnet_dense_stream.h:93]   --->   Operation 895 'store' 'store_ln35' <Predicate = (i_in_1 == 152)> <Delay = 0.00>
ST_2 : Operation 896 [1/1] (0.00ns)   --->   "%store_ln35 = store i16 %data_4, i16 %p_0_4_0_0_0131" [firmware/nnet_utils/nnet_dense_stream.h:35->firmware/nnet_utils/nnet_dense_stream.h:93]   --->   Operation 896 'store' 'store_ln35' <Predicate = (i_in_1 == 152)> <Delay = 0.00>
ST_2 : Operation 897 [1/1] (0.00ns)   --->   "%store_ln35 = store i16 %data_pack_7, i16 %p_0_2_0_0_0129" [firmware/nnet_utils/nnet_dense_stream.h:35->firmware/nnet_utils/nnet_dense_stream.h:93]   --->   Operation 897 'store' 'store_ln35' <Predicate = (i_in_1 == 152)> <Delay = 0.00>
ST_2 : Operation 898 [1/1] (0.00ns)   --->   "%store_ln35 = store i16 %data_pack, i16 %p_0_1_0_0_0127" [firmware/nnet_utils/nnet_dense_stream.h:35->firmware/nnet_utils/nnet_dense_stream.h:93]   --->   Operation 898 'store' 'store_ln35' <Predicate = (i_in_1 == 152)> <Delay = 0.00>
ST_2 : Operation 899 [1/1] (0.00ns)   --->   "%br_ln39 = br void %arrayidx.i3.6.exit" [firmware/nnet_utils/nnet_dense_stream.h:39->firmware/nnet_utils/nnet_dense_stream.h:93]   --->   Operation 899 'br' 'br_ln39' <Predicate = (i_in_1 == 152)> <Delay = 0.00>
ST_2 : Operation 900 [1/1] (0.00ns)   --->   "%store_ln35 = store i16 %data_pack_9, i16 %p_0_6_0_0_0143" [firmware/nnet_utils/nnet_dense_stream.h:35->firmware/nnet_utils/nnet_dense_stream.h:93]   --->   Operation 900 'store' 'store_ln35' <Predicate = (i_in_1 == 151)> <Delay = 0.00>
ST_2 : Operation 901 [1/1] (0.00ns)   --->   "%store_ln35 = store i16 %data_pack_8, i16 %p_0_5_0_0_0141" [firmware/nnet_utils/nnet_dense_stream.h:35->firmware/nnet_utils/nnet_dense_stream.h:93]   --->   Operation 901 'store' 'store_ln35' <Predicate = (i_in_1 == 151)> <Delay = 0.00>
ST_2 : Operation 902 [1/1] (0.00ns)   --->   "%store_ln35 = store i16 %data_pack_7, i16 %p_0_2_0_0_0139" [firmware/nnet_utils/nnet_dense_stream.h:35->firmware/nnet_utils/nnet_dense_stream.h:93]   --->   Operation 902 'store' 'store_ln35' <Predicate = (i_in_1 == 151)> <Delay = 0.00>
ST_2 : Operation 903 [1/1] (0.00ns)   --->   "%store_ln35 = store i16 %data_pack, i16 %p_0_1_0_0_0137" [firmware/nnet_utils/nnet_dense_stream.h:35->firmware/nnet_utils/nnet_dense_stream.h:93]   --->   Operation 903 'store' 'store_ln35' <Predicate = (i_in_1 == 151)> <Delay = 0.00>
ST_2 : Operation 904 [1/1] (0.00ns)   --->   "%br_ln39 = br void %arrayidx.i3.6.exit" [firmware/nnet_utils/nnet_dense_stream.h:39->firmware/nnet_utils/nnet_dense_stream.h:93]   --->   Operation 904 'br' 'br_ln39' <Predicate = (i_in_1 == 151)> <Delay = 0.00>
ST_2 : Operation 905 [1/1] (0.00ns)   --->   "%store_ln35 = store i16 %data_pack_9, i16 %p_0_6_0_0_0151" [firmware/nnet_utils/nnet_dense_stream.h:35->firmware/nnet_utils/nnet_dense_stream.h:93]   --->   Operation 905 'store' 'store_ln35' <Predicate = (i_in_1 == 150)> <Delay = 0.00>
ST_2 : Operation 906 [1/1] (0.00ns)   --->   "%store_ln35 = store i16 %data_pack_8, i16 %p_0_5_0_0_0149" [firmware/nnet_utils/nnet_dense_stream.h:35->firmware/nnet_utils/nnet_dense_stream.h:93]   --->   Operation 906 'store' 'store_ln35' <Predicate = (i_in_1 == 150)> <Delay = 0.00>
ST_2 : Operation 907 [1/1] (0.00ns)   --->   "%store_ln35 = store i16 %data_pack_7, i16 %p_0_2_0_0_0147" [firmware/nnet_utils/nnet_dense_stream.h:35->firmware/nnet_utils/nnet_dense_stream.h:93]   --->   Operation 907 'store' 'store_ln35' <Predicate = (i_in_1 == 150)> <Delay = 0.00>
ST_2 : Operation 908 [1/1] (0.00ns)   --->   "%store_ln35 = store i16 %data_pack, i16 %p_0_1_0_0_0145" [firmware/nnet_utils/nnet_dense_stream.h:35->firmware/nnet_utils/nnet_dense_stream.h:93]   --->   Operation 908 'store' 'store_ln35' <Predicate = (i_in_1 == 150)> <Delay = 0.00>
ST_2 : Operation 909 [1/1] (0.00ns)   --->   "%br_ln39 = br void %arrayidx.i3.6.exit" [firmware/nnet_utils/nnet_dense_stream.h:39->firmware/nnet_utils/nnet_dense_stream.h:93]   --->   Operation 909 'br' 'br_ln39' <Predicate = (i_in_1 == 150)> <Delay = 0.00>
ST_2 : Operation 910 [1/1] (0.00ns)   --->   "%store_ln35 = store i16 %data_pack_9, i16 %p_0_6_0_0_0159" [firmware/nnet_utils/nnet_dense_stream.h:35->firmware/nnet_utils/nnet_dense_stream.h:93]   --->   Operation 910 'store' 'store_ln35' <Predicate = (i_in_1 == 149)> <Delay = 0.00>
ST_2 : Operation 911 [1/1] (0.00ns)   --->   "%store_ln35 = store i16 %data_pack_8, i16 %p_0_5_0_0_0157" [firmware/nnet_utils/nnet_dense_stream.h:35->firmware/nnet_utils/nnet_dense_stream.h:93]   --->   Operation 911 'store' 'store_ln35' <Predicate = (i_in_1 == 149)> <Delay = 0.00>
ST_2 : Operation 912 [1/1] (0.00ns)   --->   "%store_ln35 = store i16 %data_pack_7, i16 %p_0_2_0_0_0155" [firmware/nnet_utils/nnet_dense_stream.h:35->firmware/nnet_utils/nnet_dense_stream.h:93]   --->   Operation 912 'store' 'store_ln35' <Predicate = (i_in_1 == 149)> <Delay = 0.00>
ST_2 : Operation 913 [1/1] (0.00ns)   --->   "%store_ln35 = store i16 %data_pack, i16 %p_0_1_0_0_0153" [firmware/nnet_utils/nnet_dense_stream.h:35->firmware/nnet_utils/nnet_dense_stream.h:93]   --->   Operation 913 'store' 'store_ln35' <Predicate = (i_in_1 == 149)> <Delay = 0.00>
ST_2 : Operation 914 [1/1] (0.00ns)   --->   "%br_ln39 = br void %arrayidx.i3.6.exit" [firmware/nnet_utils/nnet_dense_stream.h:39->firmware/nnet_utils/nnet_dense_stream.h:93]   --->   Operation 914 'br' 'br_ln39' <Predicate = (i_in_1 == 149)> <Delay = 0.00>
ST_2 : Operation 915 [1/1] (0.00ns)   --->   "%store_ln35 = store i16 %data_pack_9, i16 %p_0_6_0_0_0167" [firmware/nnet_utils/nnet_dense_stream.h:35->firmware/nnet_utils/nnet_dense_stream.h:93]   --->   Operation 915 'store' 'store_ln35' <Predicate = (i_in_1 == 148)> <Delay = 0.00>
ST_2 : Operation 916 [1/1] (0.00ns)   --->   "%store_ln35 = store i16 %data_pack_8, i16 %p_0_5_0_0_0165" [firmware/nnet_utils/nnet_dense_stream.h:35->firmware/nnet_utils/nnet_dense_stream.h:93]   --->   Operation 916 'store' 'store_ln35' <Predicate = (i_in_1 == 148)> <Delay = 0.00>
ST_2 : Operation 917 [1/1] (0.00ns)   --->   "%store_ln35 = store i16 %data_pack_7, i16 %p_0_2_0_0_0163" [firmware/nnet_utils/nnet_dense_stream.h:35->firmware/nnet_utils/nnet_dense_stream.h:93]   --->   Operation 917 'store' 'store_ln35' <Predicate = (i_in_1 == 148)> <Delay = 0.00>
ST_2 : Operation 918 [1/1] (0.00ns)   --->   "%store_ln35 = store i16 %data_pack, i16 %p_0_1_0_0_0161" [firmware/nnet_utils/nnet_dense_stream.h:35->firmware/nnet_utils/nnet_dense_stream.h:93]   --->   Operation 918 'store' 'store_ln35' <Predicate = (i_in_1 == 148)> <Delay = 0.00>
ST_2 : Operation 919 [1/1] (0.00ns)   --->   "%br_ln39 = br void %arrayidx.i3.6.exit" [firmware/nnet_utils/nnet_dense_stream.h:39->firmware/nnet_utils/nnet_dense_stream.h:93]   --->   Operation 919 'br' 'br_ln39' <Predicate = (i_in_1 == 148)> <Delay = 0.00>
ST_2 : Operation 920 [1/1] (0.00ns)   --->   "%store_ln35 = store i16 %data_pack_9, i16 %p_0_6_0_0_0177" [firmware/nnet_utils/nnet_dense_stream.h:35->firmware/nnet_utils/nnet_dense_stream.h:93]   --->   Operation 920 'store' 'store_ln35' <Predicate = (i_in_1 == 147)> <Delay = 0.00>
ST_2 : Operation 921 [1/1] (0.00ns)   --->   "%store_ln35 = store i16 %data_pack_8, i16 %p_0_5_0_0_0175" [firmware/nnet_utils/nnet_dense_stream.h:35->firmware/nnet_utils/nnet_dense_stream.h:93]   --->   Operation 921 'store' 'store_ln35' <Predicate = (i_in_1 == 147)> <Delay = 0.00>
ST_2 : Operation 922 [1/1] (0.00ns)   --->   "%store_ln35 = store i16 %data_4, i16 %p_0_4_0_0_0173" [firmware/nnet_utils/nnet_dense_stream.h:35->firmware/nnet_utils/nnet_dense_stream.h:93]   --->   Operation 922 'store' 'store_ln35' <Predicate = (i_in_1 == 147)> <Delay = 0.00>
ST_2 : Operation 923 [1/1] (0.00ns)   --->   "%store_ln35 = store i16 %data_pack_7, i16 %p_0_2_0_0_0171" [firmware/nnet_utils/nnet_dense_stream.h:35->firmware/nnet_utils/nnet_dense_stream.h:93]   --->   Operation 923 'store' 'store_ln35' <Predicate = (i_in_1 == 147)> <Delay = 0.00>
ST_2 : Operation 924 [1/1] (0.00ns)   --->   "%store_ln35 = store i16 %data_pack, i16 %p_0_1_0_0_0169" [firmware/nnet_utils/nnet_dense_stream.h:35->firmware/nnet_utils/nnet_dense_stream.h:93]   --->   Operation 924 'store' 'store_ln35' <Predicate = (i_in_1 == 147)> <Delay = 0.00>
ST_2 : Operation 925 [1/1] (0.00ns)   --->   "%br_ln39 = br void %arrayidx.i3.6.exit" [firmware/nnet_utils/nnet_dense_stream.h:39->firmware/nnet_utils/nnet_dense_stream.h:93]   --->   Operation 925 'br' 'br_ln39' <Predicate = (i_in_1 == 147)> <Delay = 0.00>
ST_2 : Operation 926 [1/1] (0.00ns)   --->   "%store_ln35 = store i16 %data_pack_9, i16 %p_0_6_0_0_0185" [firmware/nnet_utils/nnet_dense_stream.h:35->firmware/nnet_utils/nnet_dense_stream.h:93]   --->   Operation 926 'store' 'store_ln35' <Predicate = (i_in_1 == 146)> <Delay = 0.00>
ST_2 : Operation 927 [1/1] (0.00ns)   --->   "%store_ln35 = store i16 %data_pack_8, i16 %p_0_5_0_0_0183" [firmware/nnet_utils/nnet_dense_stream.h:35->firmware/nnet_utils/nnet_dense_stream.h:93]   --->   Operation 927 'store' 'store_ln35' <Predicate = (i_in_1 == 146)> <Delay = 0.00>
ST_2 : Operation 928 [1/1] (0.00ns)   --->   "%store_ln35 = store i16 %data_pack_7, i16 %p_0_2_0_0_0181" [firmware/nnet_utils/nnet_dense_stream.h:35->firmware/nnet_utils/nnet_dense_stream.h:93]   --->   Operation 928 'store' 'store_ln35' <Predicate = (i_in_1 == 146)> <Delay = 0.00>
ST_2 : Operation 929 [1/1] (0.00ns)   --->   "%store_ln35 = store i16 %data_pack, i16 %p_0_1_0_0_0179" [firmware/nnet_utils/nnet_dense_stream.h:35->firmware/nnet_utils/nnet_dense_stream.h:93]   --->   Operation 929 'store' 'store_ln35' <Predicate = (i_in_1 == 146)> <Delay = 0.00>
ST_2 : Operation 930 [1/1] (0.00ns)   --->   "%br_ln39 = br void %arrayidx.i3.6.exit" [firmware/nnet_utils/nnet_dense_stream.h:39->firmware/nnet_utils/nnet_dense_stream.h:93]   --->   Operation 930 'br' 'br_ln39' <Predicate = (i_in_1 == 146)> <Delay = 0.00>
ST_2 : Operation 931 [1/1] (0.00ns)   --->   "%store_ln35 = store i16 %data_pack_9, i16 %p_0_6_0_0_0193" [firmware/nnet_utils/nnet_dense_stream.h:35->firmware/nnet_utils/nnet_dense_stream.h:93]   --->   Operation 931 'store' 'store_ln35' <Predicate = (i_in_1 == 145)> <Delay = 0.00>
ST_2 : Operation 932 [1/1] (0.00ns)   --->   "%store_ln35 = store i16 %data_pack_8, i16 %p_0_5_0_0_0191" [firmware/nnet_utils/nnet_dense_stream.h:35->firmware/nnet_utils/nnet_dense_stream.h:93]   --->   Operation 932 'store' 'store_ln35' <Predicate = (i_in_1 == 145)> <Delay = 0.00>
ST_2 : Operation 933 [1/1] (0.00ns)   --->   "%store_ln35 = store i16 %data_pack_7, i16 %p_0_2_0_0_0189" [firmware/nnet_utils/nnet_dense_stream.h:35->firmware/nnet_utils/nnet_dense_stream.h:93]   --->   Operation 933 'store' 'store_ln35' <Predicate = (i_in_1 == 145)> <Delay = 0.00>
ST_2 : Operation 934 [1/1] (0.00ns)   --->   "%store_ln35 = store i16 %data_pack, i16 %p_0_1_0_0_0187" [firmware/nnet_utils/nnet_dense_stream.h:35->firmware/nnet_utils/nnet_dense_stream.h:93]   --->   Operation 934 'store' 'store_ln35' <Predicate = (i_in_1 == 145)> <Delay = 0.00>
ST_2 : Operation 935 [1/1] (0.00ns)   --->   "%br_ln39 = br void %arrayidx.i3.6.exit" [firmware/nnet_utils/nnet_dense_stream.h:39->firmware/nnet_utils/nnet_dense_stream.h:93]   --->   Operation 935 'br' 'br_ln39' <Predicate = (i_in_1 == 145)> <Delay = 0.00>
ST_2 : Operation 936 [1/1] (0.00ns)   --->   "%store_ln35 = store i16 %data_pack_9, i16 %p_0_6_0_0_0201" [firmware/nnet_utils/nnet_dense_stream.h:35->firmware/nnet_utils/nnet_dense_stream.h:93]   --->   Operation 936 'store' 'store_ln35' <Predicate = (i_in_1 == 144)> <Delay = 0.00>
ST_2 : Operation 937 [1/1] (0.00ns)   --->   "%store_ln35 = store i16 %data_pack_8, i16 %p_0_5_0_0_0199" [firmware/nnet_utils/nnet_dense_stream.h:35->firmware/nnet_utils/nnet_dense_stream.h:93]   --->   Operation 937 'store' 'store_ln35' <Predicate = (i_in_1 == 144)> <Delay = 0.00>
ST_2 : Operation 938 [1/1] (0.00ns)   --->   "%store_ln35 = store i16 %data_pack_7, i16 %p_0_2_0_0_0197" [firmware/nnet_utils/nnet_dense_stream.h:35->firmware/nnet_utils/nnet_dense_stream.h:93]   --->   Operation 938 'store' 'store_ln35' <Predicate = (i_in_1 == 144)> <Delay = 0.00>
ST_2 : Operation 939 [1/1] (0.00ns)   --->   "%store_ln35 = store i16 %data_pack, i16 %p_0_1_0_0_0195" [firmware/nnet_utils/nnet_dense_stream.h:35->firmware/nnet_utils/nnet_dense_stream.h:93]   --->   Operation 939 'store' 'store_ln35' <Predicate = (i_in_1 == 144)> <Delay = 0.00>
ST_2 : Operation 940 [1/1] (0.00ns)   --->   "%br_ln39 = br void %arrayidx.i3.6.exit" [firmware/nnet_utils/nnet_dense_stream.h:39->firmware/nnet_utils/nnet_dense_stream.h:93]   --->   Operation 940 'br' 'br_ln39' <Predicate = (i_in_1 == 144)> <Delay = 0.00>
ST_2 : Operation 941 [1/1] (0.00ns)   --->   "%store_ln35 = store i16 %data_pack_9, i16 %p_0_6_0_0_0209" [firmware/nnet_utils/nnet_dense_stream.h:35->firmware/nnet_utils/nnet_dense_stream.h:93]   --->   Operation 941 'store' 'store_ln35' <Predicate = (i_in_1 == 143)> <Delay = 0.00>
ST_2 : Operation 942 [1/1] (0.00ns)   --->   "%store_ln35 = store i16 %data_pack_8, i16 %p_0_5_0_0_0207" [firmware/nnet_utils/nnet_dense_stream.h:35->firmware/nnet_utils/nnet_dense_stream.h:93]   --->   Operation 942 'store' 'store_ln35' <Predicate = (i_in_1 == 143)> <Delay = 0.00>
ST_2 : Operation 943 [1/1] (0.00ns)   --->   "%store_ln35 = store i16 %data_pack_7, i16 %p_0_2_0_0_0205" [firmware/nnet_utils/nnet_dense_stream.h:35->firmware/nnet_utils/nnet_dense_stream.h:93]   --->   Operation 943 'store' 'store_ln35' <Predicate = (i_in_1 == 143)> <Delay = 0.00>
ST_2 : Operation 944 [1/1] (0.00ns)   --->   "%store_ln35 = store i16 %data_pack, i16 %p_0_1_0_0_0203" [firmware/nnet_utils/nnet_dense_stream.h:35->firmware/nnet_utils/nnet_dense_stream.h:93]   --->   Operation 944 'store' 'store_ln35' <Predicate = (i_in_1 == 143)> <Delay = 0.00>
ST_2 : Operation 945 [1/1] (0.00ns)   --->   "%br_ln39 = br void %arrayidx.i3.6.exit" [firmware/nnet_utils/nnet_dense_stream.h:39->firmware/nnet_utils/nnet_dense_stream.h:93]   --->   Operation 945 'br' 'br_ln39' <Predicate = (i_in_1 == 143)> <Delay = 0.00>
ST_2 : Operation 946 [1/1] (0.00ns)   --->   "%store_ln35 = store i16 %data_pack_9, i16 %p_0_6_0_0_0217" [firmware/nnet_utils/nnet_dense_stream.h:35->firmware/nnet_utils/nnet_dense_stream.h:93]   --->   Operation 946 'store' 'store_ln35' <Predicate = (i_in_1 == 142)> <Delay = 0.00>
ST_2 : Operation 947 [1/1] (0.00ns)   --->   "%store_ln35 = store i16 %data_pack_8, i16 %p_0_5_0_0_0215" [firmware/nnet_utils/nnet_dense_stream.h:35->firmware/nnet_utils/nnet_dense_stream.h:93]   --->   Operation 947 'store' 'store_ln35' <Predicate = (i_in_1 == 142)> <Delay = 0.00>
ST_2 : Operation 948 [1/1] (0.00ns)   --->   "%store_ln35 = store i16 %data_pack_7, i16 %p_0_2_0_0_0213" [firmware/nnet_utils/nnet_dense_stream.h:35->firmware/nnet_utils/nnet_dense_stream.h:93]   --->   Operation 948 'store' 'store_ln35' <Predicate = (i_in_1 == 142)> <Delay = 0.00>
ST_2 : Operation 949 [1/1] (0.00ns)   --->   "%store_ln35 = store i16 %data_pack, i16 %p_0_1_0_0_0211" [firmware/nnet_utils/nnet_dense_stream.h:35->firmware/nnet_utils/nnet_dense_stream.h:93]   --->   Operation 949 'store' 'store_ln35' <Predicate = (i_in_1 == 142)> <Delay = 0.00>
ST_2 : Operation 950 [1/1] (0.00ns)   --->   "%br_ln39 = br void %arrayidx.i3.6.exit" [firmware/nnet_utils/nnet_dense_stream.h:39->firmware/nnet_utils/nnet_dense_stream.h:93]   --->   Operation 950 'br' 'br_ln39' <Predicate = (i_in_1 == 142)> <Delay = 0.00>
ST_2 : Operation 951 [1/1] (0.00ns)   --->   "%store_ln35 = store i16 %data_pack_9, i16 %p_0_6_0_0_0225" [firmware/nnet_utils/nnet_dense_stream.h:35->firmware/nnet_utils/nnet_dense_stream.h:93]   --->   Operation 951 'store' 'store_ln35' <Predicate = (i_in_1 == 141)> <Delay = 0.00>
ST_2 : Operation 952 [1/1] (0.00ns)   --->   "%store_ln35 = store i16 %data_pack_8, i16 %p_0_5_0_0_0223" [firmware/nnet_utils/nnet_dense_stream.h:35->firmware/nnet_utils/nnet_dense_stream.h:93]   --->   Operation 952 'store' 'store_ln35' <Predicate = (i_in_1 == 141)> <Delay = 0.00>
ST_2 : Operation 953 [1/1] (0.00ns)   --->   "%store_ln35 = store i16 %data_pack_7, i16 %p_0_2_0_0_0221" [firmware/nnet_utils/nnet_dense_stream.h:35->firmware/nnet_utils/nnet_dense_stream.h:93]   --->   Operation 953 'store' 'store_ln35' <Predicate = (i_in_1 == 141)> <Delay = 0.00>
ST_2 : Operation 954 [1/1] (0.00ns)   --->   "%store_ln35 = store i16 %data_pack, i16 %p_0_1_0_0_0219" [firmware/nnet_utils/nnet_dense_stream.h:35->firmware/nnet_utils/nnet_dense_stream.h:93]   --->   Operation 954 'store' 'store_ln35' <Predicate = (i_in_1 == 141)> <Delay = 0.00>
ST_2 : Operation 955 [1/1] (0.00ns)   --->   "%br_ln39 = br void %arrayidx.i3.6.exit" [firmware/nnet_utils/nnet_dense_stream.h:39->firmware/nnet_utils/nnet_dense_stream.h:93]   --->   Operation 955 'br' 'br_ln39' <Predicate = (i_in_1 == 141)> <Delay = 0.00>
ST_2 : Operation 956 [1/1] (0.00ns)   --->   "%store_ln35 = store i16 %data_pack_9, i16 %p_0_6_0_0_0233" [firmware/nnet_utils/nnet_dense_stream.h:35->firmware/nnet_utils/nnet_dense_stream.h:93]   --->   Operation 956 'store' 'store_ln35' <Predicate = (i_in_1 == 140)> <Delay = 0.00>
ST_2 : Operation 957 [1/1] (0.00ns)   --->   "%store_ln35 = store i16 %data_pack_8, i16 %p_0_5_0_0_0231" [firmware/nnet_utils/nnet_dense_stream.h:35->firmware/nnet_utils/nnet_dense_stream.h:93]   --->   Operation 957 'store' 'store_ln35' <Predicate = (i_in_1 == 140)> <Delay = 0.00>
ST_2 : Operation 958 [1/1] (0.00ns)   --->   "%store_ln35 = store i16 %data_pack_7, i16 %p_0_2_0_0_0229" [firmware/nnet_utils/nnet_dense_stream.h:35->firmware/nnet_utils/nnet_dense_stream.h:93]   --->   Operation 958 'store' 'store_ln35' <Predicate = (i_in_1 == 140)> <Delay = 0.00>
ST_2 : Operation 959 [1/1] (0.00ns)   --->   "%store_ln35 = store i16 %data_pack, i16 %p_0_1_0_0_0227" [firmware/nnet_utils/nnet_dense_stream.h:35->firmware/nnet_utils/nnet_dense_stream.h:93]   --->   Operation 959 'store' 'store_ln35' <Predicate = (i_in_1 == 140)> <Delay = 0.00>
ST_2 : Operation 960 [1/1] (0.00ns)   --->   "%br_ln39 = br void %arrayidx.i3.6.exit" [firmware/nnet_utils/nnet_dense_stream.h:39->firmware/nnet_utils/nnet_dense_stream.h:93]   --->   Operation 960 'br' 'br_ln39' <Predicate = (i_in_1 == 140)> <Delay = 0.00>
ST_2 : Operation 961 [1/1] (0.00ns)   --->   "%store_ln35 = store i16 %data_pack_9, i16 %p_0_6_0_0_0241" [firmware/nnet_utils/nnet_dense_stream.h:35->firmware/nnet_utils/nnet_dense_stream.h:93]   --->   Operation 961 'store' 'store_ln35' <Predicate = (i_in_1 == 139)> <Delay = 0.00>
ST_2 : Operation 962 [1/1] (0.00ns)   --->   "%store_ln35 = store i16 %data_pack_8, i16 %p_0_5_0_0_0239" [firmware/nnet_utils/nnet_dense_stream.h:35->firmware/nnet_utils/nnet_dense_stream.h:93]   --->   Operation 962 'store' 'store_ln35' <Predicate = (i_in_1 == 139)> <Delay = 0.00>
ST_2 : Operation 963 [1/1] (0.00ns)   --->   "%store_ln35 = store i16 %data_pack_7, i16 %p_0_2_0_0_0237" [firmware/nnet_utils/nnet_dense_stream.h:35->firmware/nnet_utils/nnet_dense_stream.h:93]   --->   Operation 963 'store' 'store_ln35' <Predicate = (i_in_1 == 139)> <Delay = 0.00>
ST_2 : Operation 964 [1/1] (0.00ns)   --->   "%store_ln35 = store i16 %data_pack, i16 %p_0_1_0_0_0235" [firmware/nnet_utils/nnet_dense_stream.h:35->firmware/nnet_utils/nnet_dense_stream.h:93]   --->   Operation 964 'store' 'store_ln35' <Predicate = (i_in_1 == 139)> <Delay = 0.00>
ST_2 : Operation 965 [1/1] (0.00ns)   --->   "%br_ln39 = br void %arrayidx.i3.6.exit" [firmware/nnet_utils/nnet_dense_stream.h:39->firmware/nnet_utils/nnet_dense_stream.h:93]   --->   Operation 965 'br' 'br_ln39' <Predicate = (i_in_1 == 139)> <Delay = 0.00>
ST_2 : Operation 966 [1/1] (0.00ns)   --->   "%store_ln35 = store i16 %data_pack_9, i16 %p_0_6_0_0_0249" [firmware/nnet_utils/nnet_dense_stream.h:35->firmware/nnet_utils/nnet_dense_stream.h:93]   --->   Operation 966 'store' 'store_ln35' <Predicate = (i_in_1 == 138)> <Delay = 0.00>
ST_2 : Operation 967 [1/1] (0.00ns)   --->   "%store_ln35 = store i16 %data_pack_8, i16 %p_0_5_0_0_0247" [firmware/nnet_utils/nnet_dense_stream.h:35->firmware/nnet_utils/nnet_dense_stream.h:93]   --->   Operation 967 'store' 'store_ln35' <Predicate = (i_in_1 == 138)> <Delay = 0.00>
ST_2 : Operation 968 [1/1] (0.00ns)   --->   "%store_ln35 = store i16 %data_pack_7, i16 %p_0_2_0_0_0245" [firmware/nnet_utils/nnet_dense_stream.h:35->firmware/nnet_utils/nnet_dense_stream.h:93]   --->   Operation 968 'store' 'store_ln35' <Predicate = (i_in_1 == 138)> <Delay = 0.00>
ST_2 : Operation 969 [1/1] (0.00ns)   --->   "%store_ln35 = store i16 %data_pack, i16 %p_0_1_0_0_0243" [firmware/nnet_utils/nnet_dense_stream.h:35->firmware/nnet_utils/nnet_dense_stream.h:93]   --->   Operation 969 'store' 'store_ln35' <Predicate = (i_in_1 == 138)> <Delay = 0.00>
ST_2 : Operation 970 [1/1] (0.00ns)   --->   "%br_ln39 = br void %arrayidx.i3.6.exit" [firmware/nnet_utils/nnet_dense_stream.h:39->firmware/nnet_utils/nnet_dense_stream.h:93]   --->   Operation 970 'br' 'br_ln39' <Predicate = (i_in_1 == 138)> <Delay = 0.00>
ST_2 : Operation 971 [1/1] (0.00ns)   --->   "%store_ln35 = store i16 %data_pack_9, i16 %p_0_6_0_0_0257" [firmware/nnet_utils/nnet_dense_stream.h:35->firmware/nnet_utils/nnet_dense_stream.h:93]   --->   Operation 971 'store' 'store_ln35' <Predicate = (i_in_1 == 137)> <Delay = 0.00>
ST_2 : Operation 972 [1/1] (0.00ns)   --->   "%store_ln35 = store i16 %data_pack_8, i16 %p_0_5_0_0_0255" [firmware/nnet_utils/nnet_dense_stream.h:35->firmware/nnet_utils/nnet_dense_stream.h:93]   --->   Operation 972 'store' 'store_ln35' <Predicate = (i_in_1 == 137)> <Delay = 0.00>
ST_2 : Operation 973 [1/1] (0.00ns)   --->   "%store_ln35 = store i16 %data_pack_7, i16 %p_0_2_0_0_0253" [firmware/nnet_utils/nnet_dense_stream.h:35->firmware/nnet_utils/nnet_dense_stream.h:93]   --->   Operation 973 'store' 'store_ln35' <Predicate = (i_in_1 == 137)> <Delay = 0.00>
ST_2 : Operation 974 [1/1] (0.00ns)   --->   "%store_ln35 = store i16 %data_pack, i16 %p_0_1_0_0_0251" [firmware/nnet_utils/nnet_dense_stream.h:35->firmware/nnet_utils/nnet_dense_stream.h:93]   --->   Operation 974 'store' 'store_ln35' <Predicate = (i_in_1 == 137)> <Delay = 0.00>
ST_2 : Operation 975 [1/1] (0.00ns)   --->   "%br_ln39 = br void %arrayidx.i3.6.exit" [firmware/nnet_utils/nnet_dense_stream.h:39->firmware/nnet_utils/nnet_dense_stream.h:93]   --->   Operation 975 'br' 'br_ln39' <Predicate = (i_in_1 == 137)> <Delay = 0.00>
ST_2 : Operation 976 [1/1] (0.00ns)   --->   "%store_ln35 = store i16 %data_pack_9, i16 %p_0_6_0_0_0265" [firmware/nnet_utils/nnet_dense_stream.h:35->firmware/nnet_utils/nnet_dense_stream.h:93]   --->   Operation 976 'store' 'store_ln35' <Predicate = (i_in_1 == 136)> <Delay = 0.00>
ST_2 : Operation 977 [1/1] (0.00ns)   --->   "%store_ln35 = store i16 %data_pack_8, i16 %p_0_5_0_0_0263" [firmware/nnet_utils/nnet_dense_stream.h:35->firmware/nnet_utils/nnet_dense_stream.h:93]   --->   Operation 977 'store' 'store_ln35' <Predicate = (i_in_1 == 136)> <Delay = 0.00>
ST_2 : Operation 978 [1/1] (0.00ns)   --->   "%store_ln35 = store i16 %data_pack_7, i16 %p_0_2_0_0_0261" [firmware/nnet_utils/nnet_dense_stream.h:35->firmware/nnet_utils/nnet_dense_stream.h:93]   --->   Operation 978 'store' 'store_ln35' <Predicate = (i_in_1 == 136)> <Delay = 0.00>
ST_2 : Operation 979 [1/1] (0.00ns)   --->   "%store_ln35 = store i16 %data_pack, i16 %p_0_1_0_0_0259" [firmware/nnet_utils/nnet_dense_stream.h:35->firmware/nnet_utils/nnet_dense_stream.h:93]   --->   Operation 979 'store' 'store_ln35' <Predicate = (i_in_1 == 136)> <Delay = 0.00>
ST_2 : Operation 980 [1/1] (0.00ns)   --->   "%br_ln39 = br void %arrayidx.i3.6.exit" [firmware/nnet_utils/nnet_dense_stream.h:39->firmware/nnet_utils/nnet_dense_stream.h:93]   --->   Operation 980 'br' 'br_ln39' <Predicate = (i_in_1 == 136)> <Delay = 0.00>
ST_2 : Operation 981 [1/1] (0.00ns)   --->   "%store_ln35 = store i16 %data_pack_9, i16 %p_0_6_0_0_0275" [firmware/nnet_utils/nnet_dense_stream.h:35->firmware/nnet_utils/nnet_dense_stream.h:93]   --->   Operation 981 'store' 'store_ln35' <Predicate = (i_in_1 == 135)> <Delay = 0.00>
ST_2 : Operation 982 [1/1] (0.00ns)   --->   "%store_ln35 = store i16 %data_pack_8, i16 %p_0_5_0_0_0273" [firmware/nnet_utils/nnet_dense_stream.h:35->firmware/nnet_utils/nnet_dense_stream.h:93]   --->   Operation 982 'store' 'store_ln35' <Predicate = (i_in_1 == 135)> <Delay = 0.00>
ST_2 : Operation 983 [1/1] (0.00ns)   --->   "%store_ln35 = store i16 %data_pack_7, i16 %p_0_2_0_0_0271" [firmware/nnet_utils/nnet_dense_stream.h:35->firmware/nnet_utils/nnet_dense_stream.h:93]   --->   Operation 983 'store' 'store_ln35' <Predicate = (i_in_1 == 135)> <Delay = 0.00>
ST_2 : Operation 984 [1/1] (0.00ns)   --->   "%store_ln35 = store i16 %data_pack, i16 %p_0_1_0_0_0269" [firmware/nnet_utils/nnet_dense_stream.h:35->firmware/nnet_utils/nnet_dense_stream.h:93]   --->   Operation 984 'store' 'store_ln35' <Predicate = (i_in_1 == 135)> <Delay = 0.00>
ST_2 : Operation 985 [1/1] (0.00ns)   --->   "%store_ln35 = store i16 %data, i16 %p_0_0_0_0_0267" [firmware/nnet_utils/nnet_dense_stream.h:35->firmware/nnet_utils/nnet_dense_stream.h:93]   --->   Operation 985 'store' 'store_ln35' <Predicate = (i_in_1 == 135)> <Delay = 0.00>
ST_2 : Operation 986 [1/1] (0.00ns)   --->   "%br_ln39 = br void %arrayidx.i3.6.exit" [firmware/nnet_utils/nnet_dense_stream.h:39->firmware/nnet_utils/nnet_dense_stream.h:93]   --->   Operation 986 'br' 'br_ln39' <Predicate = (i_in_1 == 135)> <Delay = 0.00>
ST_2 : Operation 987 [1/1] (0.00ns)   --->   "%store_ln35 = store i16 %data_pack_9, i16 %p_0_6_0_0_0285" [firmware/nnet_utils/nnet_dense_stream.h:35->firmware/nnet_utils/nnet_dense_stream.h:93]   --->   Operation 987 'store' 'store_ln35' <Predicate = (i_in_1 == 134)> <Delay = 0.00>
ST_2 : Operation 988 [1/1] (0.00ns)   --->   "%store_ln35 = store i16 %data_pack_8, i16 %p_0_5_0_0_0283" [firmware/nnet_utils/nnet_dense_stream.h:35->firmware/nnet_utils/nnet_dense_stream.h:93]   --->   Operation 988 'store' 'store_ln35' <Predicate = (i_in_1 == 134)> <Delay = 0.00>
ST_2 : Operation 989 [1/1] (0.00ns)   --->   "%store_ln35 = store i16 %data_pack_7, i16 %p_0_2_0_0_0281" [firmware/nnet_utils/nnet_dense_stream.h:35->firmware/nnet_utils/nnet_dense_stream.h:93]   --->   Operation 989 'store' 'store_ln35' <Predicate = (i_in_1 == 134)> <Delay = 0.00>
ST_2 : Operation 990 [1/1] (0.00ns)   --->   "%store_ln35 = store i16 %data_pack, i16 %p_0_1_0_0_0279" [firmware/nnet_utils/nnet_dense_stream.h:35->firmware/nnet_utils/nnet_dense_stream.h:93]   --->   Operation 990 'store' 'store_ln35' <Predicate = (i_in_1 == 134)> <Delay = 0.00>
ST_2 : Operation 991 [1/1] (0.00ns)   --->   "%store_ln35 = store i16 %data, i16 %p_0_0_0_0_0277" [firmware/nnet_utils/nnet_dense_stream.h:35->firmware/nnet_utils/nnet_dense_stream.h:93]   --->   Operation 991 'store' 'store_ln35' <Predicate = (i_in_1 == 134)> <Delay = 0.00>
ST_2 : Operation 992 [1/1] (0.00ns)   --->   "%br_ln39 = br void %arrayidx.i3.6.exit" [firmware/nnet_utils/nnet_dense_stream.h:39->firmware/nnet_utils/nnet_dense_stream.h:93]   --->   Operation 992 'br' 'br_ln39' <Predicate = (i_in_1 == 134)> <Delay = 0.00>
ST_2 : Operation 993 [1/1] (0.00ns)   --->   "%store_ln35 = store i16 %data_pack_9, i16 %p_0_6_0_0_0293" [firmware/nnet_utils/nnet_dense_stream.h:35->firmware/nnet_utils/nnet_dense_stream.h:93]   --->   Operation 993 'store' 'store_ln35' <Predicate = (i_in_1 == 133)> <Delay = 0.00>
ST_2 : Operation 994 [1/1] (0.00ns)   --->   "%store_ln35 = store i16 %data_pack_8, i16 %p_0_5_0_0_0291" [firmware/nnet_utils/nnet_dense_stream.h:35->firmware/nnet_utils/nnet_dense_stream.h:93]   --->   Operation 994 'store' 'store_ln35' <Predicate = (i_in_1 == 133)> <Delay = 0.00>
ST_2 : Operation 995 [1/1] (0.00ns)   --->   "%store_ln35 = store i16 %data_pack_7, i16 %p_0_2_0_0_0289" [firmware/nnet_utils/nnet_dense_stream.h:35->firmware/nnet_utils/nnet_dense_stream.h:93]   --->   Operation 995 'store' 'store_ln35' <Predicate = (i_in_1 == 133)> <Delay = 0.00>
ST_2 : Operation 996 [1/1] (0.00ns)   --->   "%store_ln35 = store i16 %data_pack, i16 %p_0_1_0_0_0287" [firmware/nnet_utils/nnet_dense_stream.h:35->firmware/nnet_utils/nnet_dense_stream.h:93]   --->   Operation 996 'store' 'store_ln35' <Predicate = (i_in_1 == 133)> <Delay = 0.00>
ST_2 : Operation 997 [1/1] (0.00ns)   --->   "%br_ln39 = br void %arrayidx.i3.6.exit" [firmware/nnet_utils/nnet_dense_stream.h:39->firmware/nnet_utils/nnet_dense_stream.h:93]   --->   Operation 997 'br' 'br_ln39' <Predicate = (i_in_1 == 133)> <Delay = 0.00>
ST_2 : Operation 998 [1/1] (0.00ns)   --->   "%store_ln35 = store i16 %data_pack_9, i16 %p_0_6_0_0_0303" [firmware/nnet_utils/nnet_dense_stream.h:35->firmware/nnet_utils/nnet_dense_stream.h:93]   --->   Operation 998 'store' 'store_ln35' <Predicate = (i_in_1 == 132)> <Delay = 0.00>
ST_2 : Operation 999 [1/1] (0.00ns)   --->   "%store_ln35 = store i16 %data_pack_8, i16 %p_0_5_0_0_0301" [firmware/nnet_utils/nnet_dense_stream.h:35->firmware/nnet_utils/nnet_dense_stream.h:93]   --->   Operation 999 'store' 'store_ln35' <Predicate = (i_in_1 == 132)> <Delay = 0.00>
ST_2 : Operation 1000 [1/1] (0.00ns)   --->   "%store_ln35 = store i16 %data_4, i16 %p_0_4_0_0_0299" [firmware/nnet_utils/nnet_dense_stream.h:35->firmware/nnet_utils/nnet_dense_stream.h:93]   --->   Operation 1000 'store' 'store_ln35' <Predicate = (i_in_1 == 132)> <Delay = 0.00>
ST_2 : Operation 1001 [1/1] (0.00ns)   --->   "%store_ln35 = store i16 %data_pack_7, i16 %p_0_2_0_0_0297" [firmware/nnet_utils/nnet_dense_stream.h:35->firmware/nnet_utils/nnet_dense_stream.h:93]   --->   Operation 1001 'store' 'store_ln35' <Predicate = (i_in_1 == 132)> <Delay = 0.00>
ST_2 : Operation 1002 [1/1] (0.00ns)   --->   "%store_ln35 = store i16 %data_pack, i16 %p_0_1_0_0_0295" [firmware/nnet_utils/nnet_dense_stream.h:35->firmware/nnet_utils/nnet_dense_stream.h:93]   --->   Operation 1002 'store' 'store_ln35' <Predicate = (i_in_1 == 132)> <Delay = 0.00>
ST_2 : Operation 1003 [1/1] (0.00ns)   --->   "%br_ln39 = br void %arrayidx.i3.6.exit" [firmware/nnet_utils/nnet_dense_stream.h:39->firmware/nnet_utils/nnet_dense_stream.h:93]   --->   Operation 1003 'br' 'br_ln39' <Predicate = (i_in_1 == 132)> <Delay = 0.00>
ST_2 : Operation 1004 [1/1] (0.00ns)   --->   "%store_ln35 = store i16 %data_pack_9, i16 %p_0_6_0_0_0311" [firmware/nnet_utils/nnet_dense_stream.h:35->firmware/nnet_utils/nnet_dense_stream.h:93]   --->   Operation 1004 'store' 'store_ln35' <Predicate = (i_in_1 == 131)> <Delay = 0.00>
ST_2 : Operation 1005 [1/1] (0.00ns)   --->   "%store_ln35 = store i16 %data_pack_8, i16 %p_0_5_0_0_0309" [firmware/nnet_utils/nnet_dense_stream.h:35->firmware/nnet_utils/nnet_dense_stream.h:93]   --->   Operation 1005 'store' 'store_ln35' <Predicate = (i_in_1 == 131)> <Delay = 0.00>
ST_2 : Operation 1006 [1/1] (0.00ns)   --->   "%store_ln35 = store i16 %data_pack_7, i16 %p_0_2_0_0_0307" [firmware/nnet_utils/nnet_dense_stream.h:35->firmware/nnet_utils/nnet_dense_stream.h:93]   --->   Operation 1006 'store' 'store_ln35' <Predicate = (i_in_1 == 131)> <Delay = 0.00>
ST_2 : Operation 1007 [1/1] (0.00ns)   --->   "%store_ln35 = store i16 %data_pack, i16 %p_0_1_0_0_0305" [firmware/nnet_utils/nnet_dense_stream.h:35->firmware/nnet_utils/nnet_dense_stream.h:93]   --->   Operation 1007 'store' 'store_ln35' <Predicate = (i_in_1 == 131)> <Delay = 0.00>
ST_2 : Operation 1008 [1/1] (0.00ns)   --->   "%br_ln39 = br void %arrayidx.i3.6.exit" [firmware/nnet_utils/nnet_dense_stream.h:39->firmware/nnet_utils/nnet_dense_stream.h:93]   --->   Operation 1008 'br' 'br_ln39' <Predicate = (i_in_1 == 131)> <Delay = 0.00>
ST_2 : Operation 1009 [1/1] (0.00ns)   --->   "%store_ln35 = store i16 %data_pack_9, i16 %p_0_6_0_0_0319" [firmware/nnet_utils/nnet_dense_stream.h:35->firmware/nnet_utils/nnet_dense_stream.h:93]   --->   Operation 1009 'store' 'store_ln35' <Predicate = (i_in_1 == 130)> <Delay = 0.00>
ST_2 : Operation 1010 [1/1] (0.00ns)   --->   "%store_ln35 = store i16 %data_pack_8, i16 %p_0_5_0_0_0317" [firmware/nnet_utils/nnet_dense_stream.h:35->firmware/nnet_utils/nnet_dense_stream.h:93]   --->   Operation 1010 'store' 'store_ln35' <Predicate = (i_in_1 == 130)> <Delay = 0.00>
ST_2 : Operation 1011 [1/1] (0.00ns)   --->   "%store_ln35 = store i16 %data_pack_7, i16 %p_0_2_0_0_0315" [firmware/nnet_utils/nnet_dense_stream.h:35->firmware/nnet_utils/nnet_dense_stream.h:93]   --->   Operation 1011 'store' 'store_ln35' <Predicate = (i_in_1 == 130)> <Delay = 0.00>
ST_2 : Operation 1012 [1/1] (0.00ns)   --->   "%store_ln35 = store i16 %data_pack, i16 %p_0_1_0_0_0313" [firmware/nnet_utils/nnet_dense_stream.h:35->firmware/nnet_utils/nnet_dense_stream.h:93]   --->   Operation 1012 'store' 'store_ln35' <Predicate = (i_in_1 == 130)> <Delay = 0.00>
ST_2 : Operation 1013 [1/1] (0.00ns)   --->   "%br_ln39 = br void %arrayidx.i3.6.exit" [firmware/nnet_utils/nnet_dense_stream.h:39->firmware/nnet_utils/nnet_dense_stream.h:93]   --->   Operation 1013 'br' 'br_ln39' <Predicate = (i_in_1 == 130)> <Delay = 0.00>
ST_2 : Operation 1014 [1/1] (0.00ns)   --->   "%store_ln35 = store i16 %data_pack_9, i16 %p_0_6_0_0_0327" [firmware/nnet_utils/nnet_dense_stream.h:35->firmware/nnet_utils/nnet_dense_stream.h:93]   --->   Operation 1014 'store' 'store_ln35' <Predicate = (i_in_1 == 129)> <Delay = 0.00>
ST_2 : Operation 1015 [1/1] (0.00ns)   --->   "%store_ln35 = store i16 %data_pack_8, i16 %p_0_5_0_0_0325" [firmware/nnet_utils/nnet_dense_stream.h:35->firmware/nnet_utils/nnet_dense_stream.h:93]   --->   Operation 1015 'store' 'store_ln35' <Predicate = (i_in_1 == 129)> <Delay = 0.00>
ST_2 : Operation 1016 [1/1] (0.00ns)   --->   "%store_ln35 = store i16 %data_pack_7, i16 %p_0_2_0_0_0323" [firmware/nnet_utils/nnet_dense_stream.h:35->firmware/nnet_utils/nnet_dense_stream.h:93]   --->   Operation 1016 'store' 'store_ln35' <Predicate = (i_in_1 == 129)> <Delay = 0.00>
ST_2 : Operation 1017 [1/1] (0.00ns)   --->   "%store_ln35 = store i16 %data_pack, i16 %p_0_1_0_0_0321" [firmware/nnet_utils/nnet_dense_stream.h:35->firmware/nnet_utils/nnet_dense_stream.h:93]   --->   Operation 1017 'store' 'store_ln35' <Predicate = (i_in_1 == 129)> <Delay = 0.00>
ST_2 : Operation 1018 [1/1] (0.00ns)   --->   "%br_ln39 = br void %arrayidx.i3.6.exit" [firmware/nnet_utils/nnet_dense_stream.h:39->firmware/nnet_utils/nnet_dense_stream.h:93]   --->   Operation 1018 'br' 'br_ln39' <Predicate = (i_in_1 == 129)> <Delay = 0.00>
ST_2 : Operation 1019 [1/1] (0.00ns)   --->   "%store_ln35 = store i16 %data_pack_9, i16 %p_0_6_0_0_0335" [firmware/nnet_utils/nnet_dense_stream.h:35->firmware/nnet_utils/nnet_dense_stream.h:93]   --->   Operation 1019 'store' 'store_ln35' <Predicate = (i_in_1 == 128)> <Delay = 0.00>
ST_2 : Operation 1020 [1/1] (0.00ns)   --->   "%store_ln35 = store i16 %data_pack_8, i16 %p_0_5_0_0_0333" [firmware/nnet_utils/nnet_dense_stream.h:35->firmware/nnet_utils/nnet_dense_stream.h:93]   --->   Operation 1020 'store' 'store_ln35' <Predicate = (i_in_1 == 128)> <Delay = 0.00>
ST_2 : Operation 1021 [1/1] (0.00ns)   --->   "%store_ln35 = store i16 %data_pack_7, i16 %p_0_2_0_0_0331" [firmware/nnet_utils/nnet_dense_stream.h:35->firmware/nnet_utils/nnet_dense_stream.h:93]   --->   Operation 1021 'store' 'store_ln35' <Predicate = (i_in_1 == 128)> <Delay = 0.00>
ST_2 : Operation 1022 [1/1] (0.00ns)   --->   "%store_ln35 = store i16 %data_pack, i16 %p_0_1_0_0_0329" [firmware/nnet_utils/nnet_dense_stream.h:35->firmware/nnet_utils/nnet_dense_stream.h:93]   --->   Operation 1022 'store' 'store_ln35' <Predicate = (i_in_1 == 128)> <Delay = 0.00>
ST_2 : Operation 1023 [1/1] (0.00ns)   --->   "%br_ln39 = br void %arrayidx.i3.6.exit" [firmware/nnet_utils/nnet_dense_stream.h:39->firmware/nnet_utils/nnet_dense_stream.h:93]   --->   Operation 1023 'br' 'br_ln39' <Predicate = (i_in_1 == 128)> <Delay = 0.00>
ST_2 : Operation 1024 [1/1] (0.00ns)   --->   "%store_ln35 = store i16 %data_pack_9, i16 %p_0_6_0_0_0343" [firmware/nnet_utils/nnet_dense_stream.h:35->firmware/nnet_utils/nnet_dense_stream.h:93]   --->   Operation 1024 'store' 'store_ln35' <Predicate = (i_in_1 == 127)> <Delay = 0.00>
ST_2 : Operation 1025 [1/1] (0.00ns)   --->   "%store_ln35 = store i16 %data_pack_8, i16 %p_0_5_0_0_0341" [firmware/nnet_utils/nnet_dense_stream.h:35->firmware/nnet_utils/nnet_dense_stream.h:93]   --->   Operation 1025 'store' 'store_ln35' <Predicate = (i_in_1 == 127)> <Delay = 0.00>
ST_2 : Operation 1026 [1/1] (0.00ns)   --->   "%store_ln35 = store i16 %data_pack_7, i16 %p_0_2_0_0_0339" [firmware/nnet_utils/nnet_dense_stream.h:35->firmware/nnet_utils/nnet_dense_stream.h:93]   --->   Operation 1026 'store' 'store_ln35' <Predicate = (i_in_1 == 127)> <Delay = 0.00>
ST_2 : Operation 1027 [1/1] (0.00ns)   --->   "%store_ln35 = store i16 %data_pack, i16 %p_0_1_0_0_0337" [firmware/nnet_utils/nnet_dense_stream.h:35->firmware/nnet_utils/nnet_dense_stream.h:93]   --->   Operation 1027 'store' 'store_ln35' <Predicate = (i_in_1 == 127)> <Delay = 0.00>
ST_2 : Operation 1028 [1/1] (0.00ns)   --->   "%br_ln39 = br void %arrayidx.i3.6.exit" [firmware/nnet_utils/nnet_dense_stream.h:39->firmware/nnet_utils/nnet_dense_stream.h:93]   --->   Operation 1028 'br' 'br_ln39' <Predicate = (i_in_1 == 127)> <Delay = 0.00>
ST_2 : Operation 1029 [1/1] (0.00ns)   --->   "%store_ln35 = store i16 %data_pack_9, i16 %p_0_6_0_0_0351" [firmware/nnet_utils/nnet_dense_stream.h:35->firmware/nnet_utils/nnet_dense_stream.h:93]   --->   Operation 1029 'store' 'store_ln35' <Predicate = (i_in_1 == 126)> <Delay = 0.00>
ST_2 : Operation 1030 [1/1] (0.00ns)   --->   "%store_ln35 = store i16 %data_pack_8, i16 %p_0_5_0_0_0349" [firmware/nnet_utils/nnet_dense_stream.h:35->firmware/nnet_utils/nnet_dense_stream.h:93]   --->   Operation 1030 'store' 'store_ln35' <Predicate = (i_in_1 == 126)> <Delay = 0.00>
ST_2 : Operation 1031 [1/1] (0.00ns)   --->   "%store_ln35 = store i16 %data_pack_7, i16 %p_0_2_0_0_0347" [firmware/nnet_utils/nnet_dense_stream.h:35->firmware/nnet_utils/nnet_dense_stream.h:93]   --->   Operation 1031 'store' 'store_ln35' <Predicate = (i_in_1 == 126)> <Delay = 0.00>
ST_2 : Operation 1032 [1/1] (0.00ns)   --->   "%store_ln35 = store i16 %data_pack, i16 %p_0_1_0_0_0345" [firmware/nnet_utils/nnet_dense_stream.h:35->firmware/nnet_utils/nnet_dense_stream.h:93]   --->   Operation 1032 'store' 'store_ln35' <Predicate = (i_in_1 == 126)> <Delay = 0.00>
ST_2 : Operation 1033 [1/1] (0.00ns)   --->   "%br_ln39 = br void %arrayidx.i3.6.exit" [firmware/nnet_utils/nnet_dense_stream.h:39->firmware/nnet_utils/nnet_dense_stream.h:93]   --->   Operation 1033 'br' 'br_ln39' <Predicate = (i_in_1 == 126)> <Delay = 0.00>
ST_2 : Operation 1034 [1/1] (0.00ns)   --->   "%store_ln35 = store i16 %data_pack_9, i16 %p_0_6_0_0_0359" [firmware/nnet_utils/nnet_dense_stream.h:35->firmware/nnet_utils/nnet_dense_stream.h:93]   --->   Operation 1034 'store' 'store_ln35' <Predicate = (i_in_1 == 125)> <Delay = 0.00>
ST_2 : Operation 1035 [1/1] (0.00ns)   --->   "%store_ln35 = store i16 %data_pack_8, i16 %p_0_5_0_0_0357" [firmware/nnet_utils/nnet_dense_stream.h:35->firmware/nnet_utils/nnet_dense_stream.h:93]   --->   Operation 1035 'store' 'store_ln35' <Predicate = (i_in_1 == 125)> <Delay = 0.00>
ST_2 : Operation 1036 [1/1] (0.00ns)   --->   "%store_ln35 = store i16 %data_pack_7, i16 %p_0_2_0_0_0355" [firmware/nnet_utils/nnet_dense_stream.h:35->firmware/nnet_utils/nnet_dense_stream.h:93]   --->   Operation 1036 'store' 'store_ln35' <Predicate = (i_in_1 == 125)> <Delay = 0.00>
ST_2 : Operation 1037 [1/1] (0.00ns)   --->   "%store_ln35 = store i16 %data_pack, i16 %p_0_1_0_0_0353" [firmware/nnet_utils/nnet_dense_stream.h:35->firmware/nnet_utils/nnet_dense_stream.h:93]   --->   Operation 1037 'store' 'store_ln35' <Predicate = (i_in_1 == 125)> <Delay = 0.00>
ST_2 : Operation 1038 [1/1] (0.00ns)   --->   "%br_ln39 = br void %arrayidx.i3.6.exit" [firmware/nnet_utils/nnet_dense_stream.h:39->firmware/nnet_utils/nnet_dense_stream.h:93]   --->   Operation 1038 'br' 'br_ln39' <Predicate = (i_in_1 == 125)> <Delay = 0.00>
ST_2 : Operation 1039 [1/1] (0.00ns)   --->   "%store_ln35 = store i16 %data_pack_9, i16 %p_0_6_0_0_0369" [firmware/nnet_utils/nnet_dense_stream.h:35->firmware/nnet_utils/nnet_dense_stream.h:93]   --->   Operation 1039 'store' 'store_ln35' <Predicate = (i_in_1 == 124)> <Delay = 0.00>
ST_2 : Operation 1040 [1/1] (0.00ns)   --->   "%store_ln35 = store i16 %data_pack_8, i16 %p_0_5_0_0_0367" [firmware/nnet_utils/nnet_dense_stream.h:35->firmware/nnet_utils/nnet_dense_stream.h:93]   --->   Operation 1040 'store' 'store_ln35' <Predicate = (i_in_1 == 124)> <Delay = 0.00>
ST_2 : Operation 1041 [1/1] (0.00ns)   --->   "%store_ln35 = store i16 %data_3, i16 %p_0_3_0_0_0365" [firmware/nnet_utils/nnet_dense_stream.h:35->firmware/nnet_utils/nnet_dense_stream.h:93]   --->   Operation 1041 'store' 'store_ln35' <Predicate = (i_in_1 == 124)> <Delay = 0.00>
ST_2 : Operation 1042 [1/1] (0.00ns)   --->   "%store_ln35 = store i16 %data_pack_7, i16 %p_0_2_0_0_0363" [firmware/nnet_utils/nnet_dense_stream.h:35->firmware/nnet_utils/nnet_dense_stream.h:93]   --->   Operation 1042 'store' 'store_ln35' <Predicate = (i_in_1 == 124)> <Delay = 0.00>
ST_2 : Operation 1043 [1/1] (0.00ns)   --->   "%store_ln35 = store i16 %data_pack, i16 %p_0_1_0_0_0361" [firmware/nnet_utils/nnet_dense_stream.h:35->firmware/nnet_utils/nnet_dense_stream.h:93]   --->   Operation 1043 'store' 'store_ln35' <Predicate = (i_in_1 == 124)> <Delay = 0.00>
ST_2 : Operation 1044 [1/1] (0.00ns)   --->   "%br_ln39 = br void %arrayidx.i3.6.exit" [firmware/nnet_utils/nnet_dense_stream.h:39->firmware/nnet_utils/nnet_dense_stream.h:93]   --->   Operation 1044 'br' 'br_ln39' <Predicate = (i_in_1 == 124)> <Delay = 0.00>
ST_2 : Operation 1045 [1/1] (0.00ns)   --->   "%store_ln35 = store i16 %data_pack_9, i16 %p_0_6_0_0_0377" [firmware/nnet_utils/nnet_dense_stream.h:35->firmware/nnet_utils/nnet_dense_stream.h:93]   --->   Operation 1045 'store' 'store_ln35' <Predicate = (i_in_1 == 123)> <Delay = 0.00>
ST_2 : Operation 1046 [1/1] (0.00ns)   --->   "%store_ln35 = store i16 %data_pack_8, i16 %p_0_5_0_0_0375" [firmware/nnet_utils/nnet_dense_stream.h:35->firmware/nnet_utils/nnet_dense_stream.h:93]   --->   Operation 1046 'store' 'store_ln35' <Predicate = (i_in_1 == 123)> <Delay = 0.00>
ST_2 : Operation 1047 [1/1] (0.00ns)   --->   "%store_ln35 = store i16 %data_pack_7, i16 %p_0_2_0_0_0373" [firmware/nnet_utils/nnet_dense_stream.h:35->firmware/nnet_utils/nnet_dense_stream.h:93]   --->   Operation 1047 'store' 'store_ln35' <Predicate = (i_in_1 == 123)> <Delay = 0.00>
ST_2 : Operation 1048 [1/1] (0.00ns)   --->   "%store_ln35 = store i16 %data_pack, i16 %p_0_1_0_0_0371" [firmware/nnet_utils/nnet_dense_stream.h:35->firmware/nnet_utils/nnet_dense_stream.h:93]   --->   Operation 1048 'store' 'store_ln35' <Predicate = (i_in_1 == 123)> <Delay = 0.00>
ST_2 : Operation 1049 [1/1] (0.00ns)   --->   "%br_ln39 = br void %arrayidx.i3.6.exit" [firmware/nnet_utils/nnet_dense_stream.h:39->firmware/nnet_utils/nnet_dense_stream.h:93]   --->   Operation 1049 'br' 'br_ln39' <Predicate = (i_in_1 == 123)> <Delay = 0.00>
ST_2 : Operation 1050 [1/1] (0.00ns)   --->   "%store_ln35 = store i16 %data_pack_9, i16 %p_0_6_0_0_0385" [firmware/nnet_utils/nnet_dense_stream.h:35->firmware/nnet_utils/nnet_dense_stream.h:93]   --->   Operation 1050 'store' 'store_ln35' <Predicate = (i_in_1 == 122)> <Delay = 0.00>
ST_2 : Operation 1051 [1/1] (0.00ns)   --->   "%store_ln35 = store i16 %data_pack_8, i16 %p_0_5_0_0_0383" [firmware/nnet_utils/nnet_dense_stream.h:35->firmware/nnet_utils/nnet_dense_stream.h:93]   --->   Operation 1051 'store' 'store_ln35' <Predicate = (i_in_1 == 122)> <Delay = 0.00>
ST_2 : Operation 1052 [1/1] (0.00ns)   --->   "%store_ln35 = store i16 %data_pack_7, i16 %p_0_2_0_0_0381" [firmware/nnet_utils/nnet_dense_stream.h:35->firmware/nnet_utils/nnet_dense_stream.h:93]   --->   Operation 1052 'store' 'store_ln35' <Predicate = (i_in_1 == 122)> <Delay = 0.00>
ST_2 : Operation 1053 [1/1] (0.00ns)   --->   "%store_ln35 = store i16 %data_pack, i16 %p_0_1_0_0_0379" [firmware/nnet_utils/nnet_dense_stream.h:35->firmware/nnet_utils/nnet_dense_stream.h:93]   --->   Operation 1053 'store' 'store_ln35' <Predicate = (i_in_1 == 122)> <Delay = 0.00>
ST_2 : Operation 1054 [1/1] (0.00ns)   --->   "%br_ln39 = br void %arrayidx.i3.6.exit" [firmware/nnet_utils/nnet_dense_stream.h:39->firmware/nnet_utils/nnet_dense_stream.h:93]   --->   Operation 1054 'br' 'br_ln39' <Predicate = (i_in_1 == 122)> <Delay = 0.00>
ST_2 : Operation 1055 [1/1] (0.00ns)   --->   "%store_ln35 = store i16 %data_pack_9, i16 %p_0_6_0_0_0393" [firmware/nnet_utils/nnet_dense_stream.h:35->firmware/nnet_utils/nnet_dense_stream.h:93]   --->   Operation 1055 'store' 'store_ln35' <Predicate = (i_in_1 == 121)> <Delay = 0.00>
ST_2 : Operation 1056 [1/1] (0.00ns)   --->   "%store_ln35 = store i16 %data_pack_8, i16 %p_0_5_0_0_0391" [firmware/nnet_utils/nnet_dense_stream.h:35->firmware/nnet_utils/nnet_dense_stream.h:93]   --->   Operation 1056 'store' 'store_ln35' <Predicate = (i_in_1 == 121)> <Delay = 0.00>
ST_2 : Operation 1057 [1/1] (0.00ns)   --->   "%store_ln35 = store i16 %data_pack_7, i16 %p_0_2_0_0_0389" [firmware/nnet_utils/nnet_dense_stream.h:35->firmware/nnet_utils/nnet_dense_stream.h:93]   --->   Operation 1057 'store' 'store_ln35' <Predicate = (i_in_1 == 121)> <Delay = 0.00>
ST_2 : Operation 1058 [1/1] (0.00ns)   --->   "%store_ln35 = store i16 %data_pack, i16 %p_0_1_0_0_0387" [firmware/nnet_utils/nnet_dense_stream.h:35->firmware/nnet_utils/nnet_dense_stream.h:93]   --->   Operation 1058 'store' 'store_ln35' <Predicate = (i_in_1 == 121)> <Delay = 0.00>
ST_2 : Operation 1059 [1/1] (0.00ns)   --->   "%br_ln39 = br void %arrayidx.i3.6.exit" [firmware/nnet_utils/nnet_dense_stream.h:39->firmware/nnet_utils/nnet_dense_stream.h:93]   --->   Operation 1059 'br' 'br_ln39' <Predicate = (i_in_1 == 121)> <Delay = 0.00>
ST_2 : Operation 1060 [1/1] (0.00ns)   --->   "%store_ln35 = store i16 %data_pack_9, i16 %p_0_6_0_0_0401" [firmware/nnet_utils/nnet_dense_stream.h:35->firmware/nnet_utils/nnet_dense_stream.h:93]   --->   Operation 1060 'store' 'store_ln35' <Predicate = (i_in_1 == 120)> <Delay = 0.00>
ST_2 : Operation 1061 [1/1] (0.00ns)   --->   "%store_ln35 = store i16 %data_pack_8, i16 %p_0_5_0_0_0399" [firmware/nnet_utils/nnet_dense_stream.h:35->firmware/nnet_utils/nnet_dense_stream.h:93]   --->   Operation 1061 'store' 'store_ln35' <Predicate = (i_in_1 == 120)> <Delay = 0.00>
ST_2 : Operation 1062 [1/1] (0.00ns)   --->   "%store_ln35 = store i16 %data_pack_7, i16 %p_0_2_0_0_0397" [firmware/nnet_utils/nnet_dense_stream.h:35->firmware/nnet_utils/nnet_dense_stream.h:93]   --->   Operation 1062 'store' 'store_ln35' <Predicate = (i_in_1 == 120)> <Delay = 0.00>
ST_2 : Operation 1063 [1/1] (0.00ns)   --->   "%store_ln35 = store i16 %data_pack, i16 %p_0_1_0_0_0395" [firmware/nnet_utils/nnet_dense_stream.h:35->firmware/nnet_utils/nnet_dense_stream.h:93]   --->   Operation 1063 'store' 'store_ln35' <Predicate = (i_in_1 == 120)> <Delay = 0.00>
ST_2 : Operation 1064 [1/1] (0.00ns)   --->   "%br_ln39 = br void %arrayidx.i3.6.exit" [firmware/nnet_utils/nnet_dense_stream.h:39->firmware/nnet_utils/nnet_dense_stream.h:93]   --->   Operation 1064 'br' 'br_ln39' <Predicate = (i_in_1 == 120)> <Delay = 0.00>
ST_2 : Operation 1065 [1/1] (0.00ns)   --->   "%store_ln35 = store i16 %data_pack_9, i16 %p_0_6_0_0_0409" [firmware/nnet_utils/nnet_dense_stream.h:35->firmware/nnet_utils/nnet_dense_stream.h:93]   --->   Operation 1065 'store' 'store_ln35' <Predicate = (i_in_1 == 119)> <Delay = 0.00>
ST_2 : Operation 1066 [1/1] (0.00ns)   --->   "%store_ln35 = store i16 %data_pack_8, i16 %p_0_5_0_0_0407" [firmware/nnet_utils/nnet_dense_stream.h:35->firmware/nnet_utils/nnet_dense_stream.h:93]   --->   Operation 1066 'store' 'store_ln35' <Predicate = (i_in_1 == 119)> <Delay = 0.00>
ST_2 : Operation 1067 [1/1] (0.00ns)   --->   "%store_ln35 = store i16 %data_pack_7, i16 %p_0_2_0_0_0405" [firmware/nnet_utils/nnet_dense_stream.h:35->firmware/nnet_utils/nnet_dense_stream.h:93]   --->   Operation 1067 'store' 'store_ln35' <Predicate = (i_in_1 == 119)> <Delay = 0.00>
ST_2 : Operation 1068 [1/1] (0.00ns)   --->   "%store_ln35 = store i16 %data_pack, i16 %p_0_1_0_0_0403" [firmware/nnet_utils/nnet_dense_stream.h:35->firmware/nnet_utils/nnet_dense_stream.h:93]   --->   Operation 1068 'store' 'store_ln35' <Predicate = (i_in_1 == 119)> <Delay = 0.00>
ST_2 : Operation 1069 [1/1] (0.00ns)   --->   "%br_ln39 = br void %arrayidx.i3.6.exit" [firmware/nnet_utils/nnet_dense_stream.h:39->firmware/nnet_utils/nnet_dense_stream.h:93]   --->   Operation 1069 'br' 'br_ln39' <Predicate = (i_in_1 == 119)> <Delay = 0.00>
ST_2 : Operation 1070 [1/1] (0.00ns)   --->   "%store_ln35 = store i16 %data_pack_9, i16 %p_0_6_0_0_0419" [firmware/nnet_utils/nnet_dense_stream.h:35->firmware/nnet_utils/nnet_dense_stream.h:93]   --->   Operation 1070 'store' 'store_ln35' <Predicate = (i_in_1 == 118)> <Delay = 0.00>
ST_2 : Operation 1071 [1/1] (0.00ns)   --->   "%store_ln35 = store i16 %data_pack_8, i16 %p_0_5_0_0_0417" [firmware/nnet_utils/nnet_dense_stream.h:35->firmware/nnet_utils/nnet_dense_stream.h:93]   --->   Operation 1071 'store' 'store_ln35' <Predicate = (i_in_1 == 118)> <Delay = 0.00>
ST_2 : Operation 1072 [1/1] (0.00ns)   --->   "%store_ln35 = store i16 %data_4, i16 %p_0_4_0_0_0415" [firmware/nnet_utils/nnet_dense_stream.h:35->firmware/nnet_utils/nnet_dense_stream.h:93]   --->   Operation 1072 'store' 'store_ln35' <Predicate = (i_in_1 == 118)> <Delay = 0.00>
ST_2 : Operation 1073 [1/1] (0.00ns)   --->   "%store_ln35 = store i16 %data_pack_7, i16 %p_0_2_0_0_0413" [firmware/nnet_utils/nnet_dense_stream.h:35->firmware/nnet_utils/nnet_dense_stream.h:93]   --->   Operation 1073 'store' 'store_ln35' <Predicate = (i_in_1 == 118)> <Delay = 0.00>
ST_2 : Operation 1074 [1/1] (0.00ns)   --->   "%store_ln35 = store i16 %data_pack, i16 %p_0_1_0_0_0411" [firmware/nnet_utils/nnet_dense_stream.h:35->firmware/nnet_utils/nnet_dense_stream.h:93]   --->   Operation 1074 'store' 'store_ln35' <Predicate = (i_in_1 == 118)> <Delay = 0.00>
ST_2 : Operation 1075 [1/1] (0.00ns)   --->   "%br_ln39 = br void %arrayidx.i3.6.exit" [firmware/nnet_utils/nnet_dense_stream.h:39->firmware/nnet_utils/nnet_dense_stream.h:93]   --->   Operation 1075 'br' 'br_ln39' <Predicate = (i_in_1 == 118)> <Delay = 0.00>
ST_2 : Operation 1076 [1/1] (0.00ns)   --->   "%store_ln35 = store i16 %data_pack_9, i16 %p_0_6_0_0_0427" [firmware/nnet_utils/nnet_dense_stream.h:35->firmware/nnet_utils/nnet_dense_stream.h:93]   --->   Operation 1076 'store' 'store_ln35' <Predicate = (i_in_1 == 117)> <Delay = 0.00>
ST_2 : Operation 1077 [1/1] (0.00ns)   --->   "%store_ln35 = store i16 %data_pack_8, i16 %p_0_5_0_0_0425" [firmware/nnet_utils/nnet_dense_stream.h:35->firmware/nnet_utils/nnet_dense_stream.h:93]   --->   Operation 1077 'store' 'store_ln35' <Predicate = (i_in_1 == 117)> <Delay = 0.00>
ST_2 : Operation 1078 [1/1] (0.00ns)   --->   "%store_ln35 = store i16 %data_pack_7, i16 %p_0_2_0_0_0423" [firmware/nnet_utils/nnet_dense_stream.h:35->firmware/nnet_utils/nnet_dense_stream.h:93]   --->   Operation 1078 'store' 'store_ln35' <Predicate = (i_in_1 == 117)> <Delay = 0.00>
ST_2 : Operation 1079 [1/1] (0.00ns)   --->   "%store_ln35 = store i16 %data_pack, i16 %p_0_1_0_0_0421" [firmware/nnet_utils/nnet_dense_stream.h:35->firmware/nnet_utils/nnet_dense_stream.h:93]   --->   Operation 1079 'store' 'store_ln35' <Predicate = (i_in_1 == 117)> <Delay = 0.00>
ST_2 : Operation 1080 [1/1] (0.00ns)   --->   "%br_ln39 = br void %arrayidx.i3.6.exit" [firmware/nnet_utils/nnet_dense_stream.h:39->firmware/nnet_utils/nnet_dense_stream.h:93]   --->   Operation 1080 'br' 'br_ln39' <Predicate = (i_in_1 == 117)> <Delay = 0.00>
ST_2 : Operation 1081 [1/1] (0.00ns)   --->   "%store_ln35 = store i16 %data_pack_9, i16 %p_0_6_0_0_0435" [firmware/nnet_utils/nnet_dense_stream.h:35->firmware/nnet_utils/nnet_dense_stream.h:93]   --->   Operation 1081 'store' 'store_ln35' <Predicate = (i_in_1 == 116)> <Delay = 0.00>
ST_2 : Operation 1082 [1/1] (0.00ns)   --->   "%store_ln35 = store i16 %data_pack_8, i16 %p_0_5_0_0_0433" [firmware/nnet_utils/nnet_dense_stream.h:35->firmware/nnet_utils/nnet_dense_stream.h:93]   --->   Operation 1082 'store' 'store_ln35' <Predicate = (i_in_1 == 116)> <Delay = 0.00>
ST_2 : Operation 1083 [1/1] (0.00ns)   --->   "%store_ln35 = store i16 %data_pack_7, i16 %p_0_2_0_0_0431" [firmware/nnet_utils/nnet_dense_stream.h:35->firmware/nnet_utils/nnet_dense_stream.h:93]   --->   Operation 1083 'store' 'store_ln35' <Predicate = (i_in_1 == 116)> <Delay = 0.00>
ST_2 : Operation 1084 [1/1] (0.00ns)   --->   "%store_ln35 = store i16 %data_pack, i16 %p_0_1_0_0_0429" [firmware/nnet_utils/nnet_dense_stream.h:35->firmware/nnet_utils/nnet_dense_stream.h:93]   --->   Operation 1084 'store' 'store_ln35' <Predicate = (i_in_1 == 116)> <Delay = 0.00>
ST_2 : Operation 1085 [1/1] (0.00ns)   --->   "%br_ln39 = br void %arrayidx.i3.6.exit" [firmware/nnet_utils/nnet_dense_stream.h:39->firmware/nnet_utils/nnet_dense_stream.h:93]   --->   Operation 1085 'br' 'br_ln39' <Predicate = (i_in_1 == 116)> <Delay = 0.00>
ST_2 : Operation 1086 [1/1] (0.00ns)   --->   "%store_ln35 = store i16 %data_pack_9, i16 %p_0_6_0_0_0443" [firmware/nnet_utils/nnet_dense_stream.h:35->firmware/nnet_utils/nnet_dense_stream.h:93]   --->   Operation 1086 'store' 'store_ln35' <Predicate = (i_in_1 == 115)> <Delay = 0.00>
ST_2 : Operation 1087 [1/1] (0.00ns)   --->   "%store_ln35 = store i16 %data_pack_8, i16 %p_0_5_0_0_0441" [firmware/nnet_utils/nnet_dense_stream.h:35->firmware/nnet_utils/nnet_dense_stream.h:93]   --->   Operation 1087 'store' 'store_ln35' <Predicate = (i_in_1 == 115)> <Delay = 0.00>
ST_2 : Operation 1088 [1/1] (0.00ns)   --->   "%store_ln35 = store i16 %data_pack_7, i16 %p_0_2_0_0_0439" [firmware/nnet_utils/nnet_dense_stream.h:35->firmware/nnet_utils/nnet_dense_stream.h:93]   --->   Operation 1088 'store' 'store_ln35' <Predicate = (i_in_1 == 115)> <Delay = 0.00>
ST_2 : Operation 1089 [1/1] (0.00ns)   --->   "%store_ln35 = store i16 %data_pack, i16 %p_0_1_0_0_0437" [firmware/nnet_utils/nnet_dense_stream.h:35->firmware/nnet_utils/nnet_dense_stream.h:93]   --->   Operation 1089 'store' 'store_ln35' <Predicate = (i_in_1 == 115)> <Delay = 0.00>
ST_2 : Operation 1090 [1/1] (0.00ns)   --->   "%br_ln39 = br void %arrayidx.i3.6.exit" [firmware/nnet_utils/nnet_dense_stream.h:39->firmware/nnet_utils/nnet_dense_stream.h:93]   --->   Operation 1090 'br' 'br_ln39' <Predicate = (i_in_1 == 115)> <Delay = 0.00>
ST_2 : Operation 1091 [1/1] (0.00ns)   --->   "%store_ln35 = store i16 %data_pack_9, i16 %p_0_6_0_0_0451" [firmware/nnet_utils/nnet_dense_stream.h:35->firmware/nnet_utils/nnet_dense_stream.h:93]   --->   Operation 1091 'store' 'store_ln35' <Predicate = (i_in_1 == 114)> <Delay = 0.00>
ST_2 : Operation 1092 [1/1] (0.00ns)   --->   "%store_ln35 = store i16 %data_pack_8, i16 %p_0_5_0_0_0449" [firmware/nnet_utils/nnet_dense_stream.h:35->firmware/nnet_utils/nnet_dense_stream.h:93]   --->   Operation 1092 'store' 'store_ln35' <Predicate = (i_in_1 == 114)> <Delay = 0.00>
ST_2 : Operation 1093 [1/1] (0.00ns)   --->   "%store_ln35 = store i16 %data_pack_7, i16 %p_0_2_0_0_0447" [firmware/nnet_utils/nnet_dense_stream.h:35->firmware/nnet_utils/nnet_dense_stream.h:93]   --->   Operation 1093 'store' 'store_ln35' <Predicate = (i_in_1 == 114)> <Delay = 0.00>
ST_2 : Operation 1094 [1/1] (0.00ns)   --->   "%store_ln35 = store i16 %data_pack, i16 %p_0_1_0_0_0445" [firmware/nnet_utils/nnet_dense_stream.h:35->firmware/nnet_utils/nnet_dense_stream.h:93]   --->   Operation 1094 'store' 'store_ln35' <Predicate = (i_in_1 == 114)> <Delay = 0.00>
ST_2 : Operation 1095 [1/1] (0.00ns)   --->   "%br_ln39 = br void %arrayidx.i3.6.exit" [firmware/nnet_utils/nnet_dense_stream.h:39->firmware/nnet_utils/nnet_dense_stream.h:93]   --->   Operation 1095 'br' 'br_ln39' <Predicate = (i_in_1 == 114)> <Delay = 0.00>
ST_2 : Operation 1096 [1/1] (0.00ns)   --->   "%store_ln35 = store i16 %data_pack_9, i16 %p_0_6_0_0_0459" [firmware/nnet_utils/nnet_dense_stream.h:35->firmware/nnet_utils/nnet_dense_stream.h:93]   --->   Operation 1096 'store' 'store_ln35' <Predicate = (i_in_1 == 113)> <Delay = 0.00>
ST_2 : Operation 1097 [1/1] (0.00ns)   --->   "%store_ln35 = store i16 %data_pack_8, i16 %p_0_5_0_0_0457" [firmware/nnet_utils/nnet_dense_stream.h:35->firmware/nnet_utils/nnet_dense_stream.h:93]   --->   Operation 1097 'store' 'store_ln35' <Predicate = (i_in_1 == 113)> <Delay = 0.00>
ST_2 : Operation 1098 [1/1] (0.00ns)   --->   "%store_ln35 = store i16 %data_pack_7, i16 %p_0_2_0_0_0455" [firmware/nnet_utils/nnet_dense_stream.h:35->firmware/nnet_utils/nnet_dense_stream.h:93]   --->   Operation 1098 'store' 'store_ln35' <Predicate = (i_in_1 == 113)> <Delay = 0.00>
ST_2 : Operation 1099 [1/1] (0.00ns)   --->   "%store_ln35 = store i16 %data_pack, i16 %p_0_1_0_0_0453" [firmware/nnet_utils/nnet_dense_stream.h:35->firmware/nnet_utils/nnet_dense_stream.h:93]   --->   Operation 1099 'store' 'store_ln35' <Predicate = (i_in_1 == 113)> <Delay = 0.00>
ST_2 : Operation 1100 [1/1] (0.00ns)   --->   "%br_ln39 = br void %arrayidx.i3.6.exit" [firmware/nnet_utils/nnet_dense_stream.h:39->firmware/nnet_utils/nnet_dense_stream.h:93]   --->   Operation 1100 'br' 'br_ln39' <Predicate = (i_in_1 == 113)> <Delay = 0.00>
ST_2 : Operation 1101 [1/1] (0.00ns)   --->   "%store_ln35 = store i16 %data_pack_9, i16 %p_0_6_0_0_0467" [firmware/nnet_utils/nnet_dense_stream.h:35->firmware/nnet_utils/nnet_dense_stream.h:93]   --->   Operation 1101 'store' 'store_ln35' <Predicate = (i_in_1 == 112)> <Delay = 0.00>
ST_2 : Operation 1102 [1/1] (0.00ns)   --->   "%store_ln35 = store i16 %data_pack_8, i16 %p_0_5_0_0_0465" [firmware/nnet_utils/nnet_dense_stream.h:35->firmware/nnet_utils/nnet_dense_stream.h:93]   --->   Operation 1102 'store' 'store_ln35' <Predicate = (i_in_1 == 112)> <Delay = 0.00>
ST_2 : Operation 1103 [1/1] (0.00ns)   --->   "%store_ln35 = store i16 %data_pack_7, i16 %p_0_2_0_0_0463" [firmware/nnet_utils/nnet_dense_stream.h:35->firmware/nnet_utils/nnet_dense_stream.h:93]   --->   Operation 1103 'store' 'store_ln35' <Predicate = (i_in_1 == 112)> <Delay = 0.00>
ST_2 : Operation 1104 [1/1] (0.00ns)   --->   "%store_ln35 = store i16 %data_pack, i16 %p_0_1_0_0_0461" [firmware/nnet_utils/nnet_dense_stream.h:35->firmware/nnet_utils/nnet_dense_stream.h:93]   --->   Operation 1104 'store' 'store_ln35' <Predicate = (i_in_1 == 112)> <Delay = 0.00>
ST_2 : Operation 1105 [1/1] (0.00ns)   --->   "%br_ln39 = br void %arrayidx.i3.6.exit" [firmware/nnet_utils/nnet_dense_stream.h:39->firmware/nnet_utils/nnet_dense_stream.h:93]   --->   Operation 1105 'br' 'br_ln39' <Predicate = (i_in_1 == 112)> <Delay = 0.00>
ST_2 : Operation 1106 [1/1] (0.00ns)   --->   "%store_ln35 = store i16 %data_pack_9, i16 %p_0_6_0_0_0475" [firmware/nnet_utils/nnet_dense_stream.h:35->firmware/nnet_utils/nnet_dense_stream.h:93]   --->   Operation 1106 'store' 'store_ln35' <Predicate = (i_in_1 == 111)> <Delay = 0.00>
ST_2 : Operation 1107 [1/1] (0.00ns)   --->   "%store_ln35 = store i16 %data_pack_8, i16 %p_0_5_0_0_0473" [firmware/nnet_utils/nnet_dense_stream.h:35->firmware/nnet_utils/nnet_dense_stream.h:93]   --->   Operation 1107 'store' 'store_ln35' <Predicate = (i_in_1 == 111)> <Delay = 0.00>
ST_2 : Operation 1108 [1/1] (0.00ns)   --->   "%store_ln35 = store i16 %data_pack_7, i16 %p_0_2_0_0_0471" [firmware/nnet_utils/nnet_dense_stream.h:35->firmware/nnet_utils/nnet_dense_stream.h:93]   --->   Operation 1108 'store' 'store_ln35' <Predicate = (i_in_1 == 111)> <Delay = 0.00>
ST_2 : Operation 1109 [1/1] (0.00ns)   --->   "%store_ln35 = store i16 %data_pack, i16 %p_0_1_0_0_0469" [firmware/nnet_utils/nnet_dense_stream.h:35->firmware/nnet_utils/nnet_dense_stream.h:93]   --->   Operation 1109 'store' 'store_ln35' <Predicate = (i_in_1 == 111)> <Delay = 0.00>
ST_2 : Operation 1110 [1/1] (0.00ns)   --->   "%br_ln39 = br void %arrayidx.i3.6.exit" [firmware/nnet_utils/nnet_dense_stream.h:39->firmware/nnet_utils/nnet_dense_stream.h:93]   --->   Operation 1110 'br' 'br_ln39' <Predicate = (i_in_1 == 111)> <Delay = 0.00>
ST_2 : Operation 1111 [1/1] (0.00ns)   --->   "%store_ln35 = store i16 %data_pack_9, i16 %p_0_6_0_0_0483" [firmware/nnet_utils/nnet_dense_stream.h:35->firmware/nnet_utils/nnet_dense_stream.h:93]   --->   Operation 1111 'store' 'store_ln35' <Predicate = (i_in_1 == 110)> <Delay = 0.00>
ST_2 : Operation 1112 [1/1] (0.00ns)   --->   "%store_ln35 = store i16 %data_pack_8, i16 %p_0_5_0_0_0481" [firmware/nnet_utils/nnet_dense_stream.h:35->firmware/nnet_utils/nnet_dense_stream.h:93]   --->   Operation 1112 'store' 'store_ln35' <Predicate = (i_in_1 == 110)> <Delay = 0.00>
ST_2 : Operation 1113 [1/1] (0.00ns)   --->   "%store_ln35 = store i16 %data_pack_7, i16 %p_0_2_0_0_0479" [firmware/nnet_utils/nnet_dense_stream.h:35->firmware/nnet_utils/nnet_dense_stream.h:93]   --->   Operation 1113 'store' 'store_ln35' <Predicate = (i_in_1 == 110)> <Delay = 0.00>
ST_2 : Operation 1114 [1/1] (0.00ns)   --->   "%store_ln35 = store i16 %data_pack, i16 %p_0_1_0_0_0477" [firmware/nnet_utils/nnet_dense_stream.h:35->firmware/nnet_utils/nnet_dense_stream.h:93]   --->   Operation 1114 'store' 'store_ln35' <Predicate = (i_in_1 == 110)> <Delay = 0.00>
ST_2 : Operation 1115 [1/1] (0.00ns)   --->   "%br_ln39 = br void %arrayidx.i3.6.exit" [firmware/nnet_utils/nnet_dense_stream.h:39->firmware/nnet_utils/nnet_dense_stream.h:93]   --->   Operation 1115 'br' 'br_ln39' <Predicate = (i_in_1 == 110)> <Delay = 0.00>
ST_2 : Operation 1116 [1/1] (0.00ns)   --->   "%store_ln35 = store i16 %data_pack_9, i16 %p_0_6_0_0_0493" [firmware/nnet_utils/nnet_dense_stream.h:35->firmware/nnet_utils/nnet_dense_stream.h:93]   --->   Operation 1116 'store' 'store_ln35' <Predicate = (i_in_1 == 109)> <Delay = 0.00>
ST_2 : Operation 1117 [1/1] (0.00ns)   --->   "%store_ln35 = store i16 %data_pack_8, i16 %p_0_5_0_0_0491" [firmware/nnet_utils/nnet_dense_stream.h:35->firmware/nnet_utils/nnet_dense_stream.h:93]   --->   Operation 1117 'store' 'store_ln35' <Predicate = (i_in_1 == 109)> <Delay = 0.00>
ST_2 : Operation 1118 [1/1] (0.00ns)   --->   "%store_ln35 = store i16 %data_3, i16 %p_0_3_0_0_0489" [firmware/nnet_utils/nnet_dense_stream.h:35->firmware/nnet_utils/nnet_dense_stream.h:93]   --->   Operation 1118 'store' 'store_ln35' <Predicate = (i_in_1 == 109)> <Delay = 0.00>
ST_2 : Operation 1119 [1/1] (0.00ns)   --->   "%store_ln35 = store i16 %data_pack_7, i16 %p_0_2_0_0_0487" [firmware/nnet_utils/nnet_dense_stream.h:35->firmware/nnet_utils/nnet_dense_stream.h:93]   --->   Operation 1119 'store' 'store_ln35' <Predicate = (i_in_1 == 109)> <Delay = 0.00>
ST_2 : Operation 1120 [1/1] (0.00ns)   --->   "%store_ln35 = store i16 %data_pack, i16 %p_0_1_0_0_0485" [firmware/nnet_utils/nnet_dense_stream.h:35->firmware/nnet_utils/nnet_dense_stream.h:93]   --->   Operation 1120 'store' 'store_ln35' <Predicate = (i_in_1 == 109)> <Delay = 0.00>
ST_2 : Operation 1121 [1/1] (0.00ns)   --->   "%br_ln39 = br void %arrayidx.i3.6.exit" [firmware/nnet_utils/nnet_dense_stream.h:39->firmware/nnet_utils/nnet_dense_stream.h:93]   --->   Operation 1121 'br' 'br_ln39' <Predicate = (i_in_1 == 109)> <Delay = 0.00>
ST_2 : Operation 1122 [1/1] (0.00ns)   --->   "%store_ln35 = store i16 %data_pack_9, i16 %p_0_6_0_0_0501" [firmware/nnet_utils/nnet_dense_stream.h:35->firmware/nnet_utils/nnet_dense_stream.h:93]   --->   Operation 1122 'store' 'store_ln35' <Predicate = (i_in_1 == 108)> <Delay = 0.00>
ST_2 : Operation 1123 [1/1] (0.00ns)   --->   "%store_ln35 = store i16 %data_pack_8, i16 %p_0_5_0_0_0499" [firmware/nnet_utils/nnet_dense_stream.h:35->firmware/nnet_utils/nnet_dense_stream.h:93]   --->   Operation 1123 'store' 'store_ln35' <Predicate = (i_in_1 == 108)> <Delay = 0.00>
ST_2 : Operation 1124 [1/1] (0.00ns)   --->   "%store_ln35 = store i16 %data_pack_7, i16 %p_0_2_0_0_0497" [firmware/nnet_utils/nnet_dense_stream.h:35->firmware/nnet_utils/nnet_dense_stream.h:93]   --->   Operation 1124 'store' 'store_ln35' <Predicate = (i_in_1 == 108)> <Delay = 0.00>
ST_2 : Operation 1125 [1/1] (0.00ns)   --->   "%store_ln35 = store i16 %data_pack, i16 %p_0_1_0_0_0495" [firmware/nnet_utils/nnet_dense_stream.h:35->firmware/nnet_utils/nnet_dense_stream.h:93]   --->   Operation 1125 'store' 'store_ln35' <Predicate = (i_in_1 == 108)> <Delay = 0.00>
ST_2 : Operation 1126 [1/1] (0.00ns)   --->   "%br_ln39 = br void %arrayidx.i3.6.exit" [firmware/nnet_utils/nnet_dense_stream.h:39->firmware/nnet_utils/nnet_dense_stream.h:93]   --->   Operation 1126 'br' 'br_ln39' <Predicate = (i_in_1 == 108)> <Delay = 0.00>
ST_2 : Operation 1127 [1/1] (0.00ns)   --->   "%store_ln35 = store i16 %data_pack_9, i16 %p_0_6_0_0_0509" [firmware/nnet_utils/nnet_dense_stream.h:35->firmware/nnet_utils/nnet_dense_stream.h:93]   --->   Operation 1127 'store' 'store_ln35' <Predicate = (i_in_1 == 107)> <Delay = 0.00>
ST_2 : Operation 1128 [1/1] (0.00ns)   --->   "%store_ln35 = store i16 %data_pack_8, i16 %p_0_5_0_0_0507" [firmware/nnet_utils/nnet_dense_stream.h:35->firmware/nnet_utils/nnet_dense_stream.h:93]   --->   Operation 1128 'store' 'store_ln35' <Predicate = (i_in_1 == 107)> <Delay = 0.00>
ST_2 : Operation 1129 [1/1] (0.00ns)   --->   "%store_ln35 = store i16 %data_pack_7, i16 %p_0_2_0_0_0505" [firmware/nnet_utils/nnet_dense_stream.h:35->firmware/nnet_utils/nnet_dense_stream.h:93]   --->   Operation 1129 'store' 'store_ln35' <Predicate = (i_in_1 == 107)> <Delay = 0.00>
ST_2 : Operation 1130 [1/1] (0.00ns)   --->   "%store_ln35 = store i16 %data_pack, i16 %p_0_1_0_0_0503" [firmware/nnet_utils/nnet_dense_stream.h:35->firmware/nnet_utils/nnet_dense_stream.h:93]   --->   Operation 1130 'store' 'store_ln35' <Predicate = (i_in_1 == 107)> <Delay = 0.00>
ST_2 : Operation 1131 [1/1] (0.00ns)   --->   "%br_ln39 = br void %arrayidx.i3.6.exit" [firmware/nnet_utils/nnet_dense_stream.h:39->firmware/nnet_utils/nnet_dense_stream.h:93]   --->   Operation 1131 'br' 'br_ln39' <Predicate = (i_in_1 == 107)> <Delay = 0.00>
ST_2 : Operation 1132 [1/1] (0.00ns)   --->   "%store_ln35 = store i16 %data_pack_9, i16 %p_0_6_0_0_0517" [firmware/nnet_utils/nnet_dense_stream.h:35->firmware/nnet_utils/nnet_dense_stream.h:93]   --->   Operation 1132 'store' 'store_ln35' <Predicate = (i_in_1 == 106)> <Delay = 0.00>
ST_2 : Operation 1133 [1/1] (0.00ns)   --->   "%store_ln35 = store i16 %data_pack_8, i16 %p_0_5_0_0_0515" [firmware/nnet_utils/nnet_dense_stream.h:35->firmware/nnet_utils/nnet_dense_stream.h:93]   --->   Operation 1133 'store' 'store_ln35' <Predicate = (i_in_1 == 106)> <Delay = 0.00>
ST_2 : Operation 1134 [1/1] (0.00ns)   --->   "%store_ln35 = store i16 %data_pack_7, i16 %p_0_2_0_0_0513" [firmware/nnet_utils/nnet_dense_stream.h:35->firmware/nnet_utils/nnet_dense_stream.h:93]   --->   Operation 1134 'store' 'store_ln35' <Predicate = (i_in_1 == 106)> <Delay = 0.00>
ST_2 : Operation 1135 [1/1] (0.00ns)   --->   "%store_ln35 = store i16 %data_pack, i16 %p_0_1_0_0_0511" [firmware/nnet_utils/nnet_dense_stream.h:35->firmware/nnet_utils/nnet_dense_stream.h:93]   --->   Operation 1135 'store' 'store_ln35' <Predicate = (i_in_1 == 106)> <Delay = 0.00>
ST_2 : Operation 1136 [1/1] (0.00ns)   --->   "%br_ln39 = br void %arrayidx.i3.6.exit" [firmware/nnet_utils/nnet_dense_stream.h:39->firmware/nnet_utils/nnet_dense_stream.h:93]   --->   Operation 1136 'br' 'br_ln39' <Predicate = (i_in_1 == 106)> <Delay = 0.00>
ST_2 : Operation 1137 [1/1] (0.00ns)   --->   "%store_ln35 = store i16 %data_pack_9, i16 %p_0_6_0_0_0527" [firmware/nnet_utils/nnet_dense_stream.h:35->firmware/nnet_utils/nnet_dense_stream.h:93]   --->   Operation 1137 'store' 'store_ln35' <Predicate = (i_in_1 == 105)> <Delay = 0.00>
ST_2 : Operation 1138 [1/1] (0.00ns)   --->   "%store_ln35 = store i16 %data_pack_8, i16 %p_0_5_0_0_0525" [firmware/nnet_utils/nnet_dense_stream.h:35->firmware/nnet_utils/nnet_dense_stream.h:93]   --->   Operation 1138 'store' 'store_ln35' <Predicate = (i_in_1 == 105)> <Delay = 0.00>
ST_2 : Operation 1139 [1/1] (0.00ns)   --->   "%store_ln35 = store i16 %data_pack_7, i16 %p_0_2_0_0_0523" [firmware/nnet_utils/nnet_dense_stream.h:35->firmware/nnet_utils/nnet_dense_stream.h:93]   --->   Operation 1139 'store' 'store_ln35' <Predicate = (i_in_1 == 105)> <Delay = 0.00>
ST_2 : Operation 1140 [1/1] (0.00ns)   --->   "%store_ln35 = store i16 %data_pack, i16 %p_0_1_0_0_0521" [firmware/nnet_utils/nnet_dense_stream.h:35->firmware/nnet_utils/nnet_dense_stream.h:93]   --->   Operation 1140 'store' 'store_ln35' <Predicate = (i_in_1 == 105)> <Delay = 0.00>
ST_2 : Operation 1141 [1/1] (0.00ns)   --->   "%store_ln35 = store i16 %data, i16 %p_0_0_0_0_0519" [firmware/nnet_utils/nnet_dense_stream.h:35->firmware/nnet_utils/nnet_dense_stream.h:93]   --->   Operation 1141 'store' 'store_ln35' <Predicate = (i_in_1 == 105)> <Delay = 0.00>
ST_2 : Operation 1142 [1/1] (0.00ns)   --->   "%br_ln39 = br void %arrayidx.i3.6.exit" [firmware/nnet_utils/nnet_dense_stream.h:39->firmware/nnet_utils/nnet_dense_stream.h:93]   --->   Operation 1142 'br' 'br_ln39' <Predicate = (i_in_1 == 105)> <Delay = 0.00>
ST_2 : Operation 1143 [1/1] (0.00ns)   --->   "%store_ln35 = store i16 %data_pack_9, i16 %p_0_6_0_0_0535" [firmware/nnet_utils/nnet_dense_stream.h:35->firmware/nnet_utils/nnet_dense_stream.h:93]   --->   Operation 1143 'store' 'store_ln35' <Predicate = (i_in_1 == 104)> <Delay = 0.00>
ST_2 : Operation 1144 [1/1] (0.00ns)   --->   "%store_ln35 = store i16 %data_pack_8, i16 %p_0_5_0_0_0533" [firmware/nnet_utils/nnet_dense_stream.h:35->firmware/nnet_utils/nnet_dense_stream.h:93]   --->   Operation 1144 'store' 'store_ln35' <Predicate = (i_in_1 == 104)> <Delay = 0.00>
ST_2 : Operation 1145 [1/1] (0.00ns)   --->   "%store_ln35 = store i16 %data_pack_7, i16 %p_0_2_0_0_0531" [firmware/nnet_utils/nnet_dense_stream.h:35->firmware/nnet_utils/nnet_dense_stream.h:93]   --->   Operation 1145 'store' 'store_ln35' <Predicate = (i_in_1 == 104)> <Delay = 0.00>
ST_2 : Operation 1146 [1/1] (0.00ns)   --->   "%store_ln35 = store i16 %data_pack, i16 %p_0_1_0_0_0529" [firmware/nnet_utils/nnet_dense_stream.h:35->firmware/nnet_utils/nnet_dense_stream.h:93]   --->   Operation 1146 'store' 'store_ln35' <Predicate = (i_in_1 == 104)> <Delay = 0.00>
ST_2 : Operation 1147 [1/1] (0.00ns)   --->   "%br_ln39 = br void %arrayidx.i3.6.exit" [firmware/nnet_utils/nnet_dense_stream.h:39->firmware/nnet_utils/nnet_dense_stream.h:93]   --->   Operation 1147 'br' 'br_ln39' <Predicate = (i_in_1 == 104)> <Delay = 0.00>
ST_2 : Operation 1148 [1/1] (0.00ns)   --->   "%store_ln35 = store i16 %data_pack_9, i16 %p_0_6_0_0_0543" [firmware/nnet_utils/nnet_dense_stream.h:35->firmware/nnet_utils/nnet_dense_stream.h:93]   --->   Operation 1148 'store' 'store_ln35' <Predicate = (i_in_1 == 103)> <Delay = 0.00>
ST_2 : Operation 1149 [1/1] (0.00ns)   --->   "%store_ln35 = store i16 %data_pack_8, i16 %p_0_5_0_0_0541" [firmware/nnet_utils/nnet_dense_stream.h:35->firmware/nnet_utils/nnet_dense_stream.h:93]   --->   Operation 1149 'store' 'store_ln35' <Predicate = (i_in_1 == 103)> <Delay = 0.00>
ST_2 : Operation 1150 [1/1] (0.00ns)   --->   "%store_ln35 = store i16 %data_pack_7, i16 %p_0_2_0_0_0539" [firmware/nnet_utils/nnet_dense_stream.h:35->firmware/nnet_utils/nnet_dense_stream.h:93]   --->   Operation 1150 'store' 'store_ln35' <Predicate = (i_in_1 == 103)> <Delay = 0.00>
ST_2 : Operation 1151 [1/1] (0.00ns)   --->   "%store_ln35 = store i16 %data_pack, i16 %p_0_1_0_0_0537" [firmware/nnet_utils/nnet_dense_stream.h:35->firmware/nnet_utils/nnet_dense_stream.h:93]   --->   Operation 1151 'store' 'store_ln35' <Predicate = (i_in_1 == 103)> <Delay = 0.00>
ST_2 : Operation 1152 [1/1] (0.00ns)   --->   "%br_ln39 = br void %arrayidx.i3.6.exit" [firmware/nnet_utils/nnet_dense_stream.h:39->firmware/nnet_utils/nnet_dense_stream.h:93]   --->   Operation 1152 'br' 'br_ln39' <Predicate = (i_in_1 == 103)> <Delay = 0.00>
ST_2 : Operation 1153 [1/1] (0.00ns)   --->   "%store_ln35 = store i16 %data_pack_9, i16 %p_0_6_0_0_0553" [firmware/nnet_utils/nnet_dense_stream.h:35->firmware/nnet_utils/nnet_dense_stream.h:93]   --->   Operation 1153 'store' 'store_ln35' <Predicate = (i_in_1 == 102)> <Delay = 0.00>
ST_2 : Operation 1154 [1/1] (0.00ns)   --->   "%store_ln35 = store i16 %data_pack_8, i16 %p_0_5_0_0_0551" [firmware/nnet_utils/nnet_dense_stream.h:35->firmware/nnet_utils/nnet_dense_stream.h:93]   --->   Operation 1154 'store' 'store_ln35' <Predicate = (i_in_1 == 102)> <Delay = 0.00>
ST_2 : Operation 1155 [1/1] (0.00ns)   --->   "%store_ln35 = store i16 %data_pack_7, i16 %p_0_2_0_0_0549" [firmware/nnet_utils/nnet_dense_stream.h:35->firmware/nnet_utils/nnet_dense_stream.h:93]   --->   Operation 1155 'store' 'store_ln35' <Predicate = (i_in_1 == 102)> <Delay = 0.00>
ST_2 : Operation 1156 [1/1] (0.00ns)   --->   "%store_ln35 = store i16 %data_pack, i16 %p_0_1_0_0_0547" [firmware/nnet_utils/nnet_dense_stream.h:35->firmware/nnet_utils/nnet_dense_stream.h:93]   --->   Operation 1156 'store' 'store_ln35' <Predicate = (i_in_1 == 102)> <Delay = 0.00>
ST_2 : Operation 1157 [1/1] (0.00ns)   --->   "%store_ln35 = store i16 %data, i16 %p_0_0_0_0_0545" [firmware/nnet_utils/nnet_dense_stream.h:35->firmware/nnet_utils/nnet_dense_stream.h:93]   --->   Operation 1157 'store' 'store_ln35' <Predicate = (i_in_1 == 102)> <Delay = 0.00>
ST_2 : Operation 1158 [1/1] (0.00ns)   --->   "%br_ln39 = br void %arrayidx.i3.6.exit" [firmware/nnet_utils/nnet_dense_stream.h:39->firmware/nnet_utils/nnet_dense_stream.h:93]   --->   Operation 1158 'br' 'br_ln39' <Predicate = (i_in_1 == 102)> <Delay = 0.00>
ST_2 : Operation 1159 [1/1] (0.00ns)   --->   "%store_ln35 = store i16 %data_pack_9, i16 %p_0_6_0_0_0561" [firmware/nnet_utils/nnet_dense_stream.h:35->firmware/nnet_utils/nnet_dense_stream.h:93]   --->   Operation 1159 'store' 'store_ln35' <Predicate = (i_in_1 == 101)> <Delay = 0.00>
ST_2 : Operation 1160 [1/1] (0.00ns)   --->   "%store_ln35 = store i16 %data_pack_8, i16 %p_0_5_0_0_0559" [firmware/nnet_utils/nnet_dense_stream.h:35->firmware/nnet_utils/nnet_dense_stream.h:93]   --->   Operation 1160 'store' 'store_ln35' <Predicate = (i_in_1 == 101)> <Delay = 0.00>
ST_2 : Operation 1161 [1/1] (0.00ns)   --->   "%store_ln35 = store i16 %data_pack_7, i16 %p_0_2_0_0_0557" [firmware/nnet_utils/nnet_dense_stream.h:35->firmware/nnet_utils/nnet_dense_stream.h:93]   --->   Operation 1161 'store' 'store_ln35' <Predicate = (i_in_1 == 101)> <Delay = 0.00>
ST_2 : Operation 1162 [1/1] (0.00ns)   --->   "%store_ln35 = store i16 %data_pack, i16 %p_0_1_0_0_0555" [firmware/nnet_utils/nnet_dense_stream.h:35->firmware/nnet_utils/nnet_dense_stream.h:93]   --->   Operation 1162 'store' 'store_ln35' <Predicate = (i_in_1 == 101)> <Delay = 0.00>
ST_2 : Operation 1163 [1/1] (0.00ns)   --->   "%br_ln39 = br void %arrayidx.i3.6.exit" [firmware/nnet_utils/nnet_dense_stream.h:39->firmware/nnet_utils/nnet_dense_stream.h:93]   --->   Operation 1163 'br' 'br_ln39' <Predicate = (i_in_1 == 101)> <Delay = 0.00>
ST_2 : Operation 1164 [1/1] (0.00ns)   --->   "%store_ln35 = store i16 %data_pack_9, i16 %p_0_6_0_0_0571" [firmware/nnet_utils/nnet_dense_stream.h:35->firmware/nnet_utils/nnet_dense_stream.h:93]   --->   Operation 1164 'store' 'store_ln35' <Predicate = (i_in_1 == 100)> <Delay = 0.00>
ST_2 : Operation 1165 [1/1] (0.00ns)   --->   "%store_ln35 = store i16 %data_pack_8, i16 %p_0_5_0_0_0569" [firmware/nnet_utils/nnet_dense_stream.h:35->firmware/nnet_utils/nnet_dense_stream.h:93]   --->   Operation 1165 'store' 'store_ln35' <Predicate = (i_in_1 == 100)> <Delay = 0.00>
ST_2 : Operation 1166 [1/1] (0.00ns)   --->   "%store_ln35 = store i16 %data_3, i16 %p_0_3_0_0_0567" [firmware/nnet_utils/nnet_dense_stream.h:35->firmware/nnet_utils/nnet_dense_stream.h:93]   --->   Operation 1166 'store' 'store_ln35' <Predicate = (i_in_1 == 100)> <Delay = 0.00>
ST_2 : Operation 1167 [1/1] (0.00ns)   --->   "%store_ln35 = store i16 %data_pack_7, i16 %p_0_2_0_0_0565" [firmware/nnet_utils/nnet_dense_stream.h:35->firmware/nnet_utils/nnet_dense_stream.h:93]   --->   Operation 1167 'store' 'store_ln35' <Predicate = (i_in_1 == 100)> <Delay = 0.00>
ST_2 : Operation 1168 [1/1] (0.00ns)   --->   "%store_ln35 = store i16 %data_pack, i16 %p_0_1_0_0_0563" [firmware/nnet_utils/nnet_dense_stream.h:35->firmware/nnet_utils/nnet_dense_stream.h:93]   --->   Operation 1168 'store' 'store_ln35' <Predicate = (i_in_1 == 100)> <Delay = 0.00>
ST_2 : Operation 1169 [1/1] (0.00ns)   --->   "%br_ln39 = br void %arrayidx.i3.6.exit" [firmware/nnet_utils/nnet_dense_stream.h:39->firmware/nnet_utils/nnet_dense_stream.h:93]   --->   Operation 1169 'br' 'br_ln39' <Predicate = (i_in_1 == 100)> <Delay = 0.00>
ST_2 : Operation 1170 [1/1] (0.00ns)   --->   "%store_ln35 = store i16 %data_pack_9, i16 %p_0_6_0_0_0579" [firmware/nnet_utils/nnet_dense_stream.h:35->firmware/nnet_utils/nnet_dense_stream.h:93]   --->   Operation 1170 'store' 'store_ln35' <Predicate = (i_in_1 == 99)> <Delay = 0.00>
ST_2 : Operation 1171 [1/1] (0.00ns)   --->   "%store_ln35 = store i16 %data_pack_8, i16 %p_0_5_0_0_0577" [firmware/nnet_utils/nnet_dense_stream.h:35->firmware/nnet_utils/nnet_dense_stream.h:93]   --->   Operation 1171 'store' 'store_ln35' <Predicate = (i_in_1 == 99)> <Delay = 0.00>
ST_2 : Operation 1172 [1/1] (0.00ns)   --->   "%store_ln35 = store i16 %data_pack_7, i16 %p_0_2_0_0_0575" [firmware/nnet_utils/nnet_dense_stream.h:35->firmware/nnet_utils/nnet_dense_stream.h:93]   --->   Operation 1172 'store' 'store_ln35' <Predicate = (i_in_1 == 99)> <Delay = 0.00>
ST_2 : Operation 1173 [1/1] (0.00ns)   --->   "%store_ln35 = store i16 %data_pack, i16 %p_0_1_0_0_0573" [firmware/nnet_utils/nnet_dense_stream.h:35->firmware/nnet_utils/nnet_dense_stream.h:93]   --->   Operation 1173 'store' 'store_ln35' <Predicate = (i_in_1 == 99)> <Delay = 0.00>
ST_2 : Operation 1174 [1/1] (0.00ns)   --->   "%br_ln39 = br void %arrayidx.i3.6.exit" [firmware/nnet_utils/nnet_dense_stream.h:39->firmware/nnet_utils/nnet_dense_stream.h:93]   --->   Operation 1174 'br' 'br_ln39' <Predicate = (i_in_1 == 99)> <Delay = 0.00>
ST_2 : Operation 1175 [1/1] (0.00ns)   --->   "%store_ln35 = store i16 %data_pack_9, i16 %p_0_6_0_0_0589" [firmware/nnet_utils/nnet_dense_stream.h:35->firmware/nnet_utils/nnet_dense_stream.h:93]   --->   Operation 1175 'store' 'store_ln35' <Predicate = (i_in_1 == 98)> <Delay = 0.00>
ST_2 : Operation 1176 [1/1] (0.00ns)   --->   "%store_ln35 = store i16 %data_pack_8, i16 %p_0_5_0_0_0587" [firmware/nnet_utils/nnet_dense_stream.h:35->firmware/nnet_utils/nnet_dense_stream.h:93]   --->   Operation 1176 'store' 'store_ln35' <Predicate = (i_in_1 == 98)> <Delay = 0.00>
ST_2 : Operation 1177 [1/1] (0.00ns)   --->   "%store_ln35 = store i16 %data_pack_7, i16 %p_0_2_0_0_0585" [firmware/nnet_utils/nnet_dense_stream.h:35->firmware/nnet_utils/nnet_dense_stream.h:93]   --->   Operation 1177 'store' 'store_ln35' <Predicate = (i_in_1 == 98)> <Delay = 0.00>
ST_2 : Operation 1178 [1/1] (0.00ns)   --->   "%store_ln35 = store i16 %data_pack, i16 %p_0_1_0_0_0583" [firmware/nnet_utils/nnet_dense_stream.h:35->firmware/nnet_utils/nnet_dense_stream.h:93]   --->   Operation 1178 'store' 'store_ln35' <Predicate = (i_in_1 == 98)> <Delay = 0.00>
ST_2 : Operation 1179 [1/1] (0.00ns)   --->   "%store_ln35 = store i16 %data, i16 %p_0_0_0_0_0581" [firmware/nnet_utils/nnet_dense_stream.h:35->firmware/nnet_utils/nnet_dense_stream.h:93]   --->   Operation 1179 'store' 'store_ln35' <Predicate = (i_in_1 == 98)> <Delay = 0.00>
ST_2 : Operation 1180 [1/1] (0.00ns)   --->   "%br_ln39 = br void %arrayidx.i3.6.exit" [firmware/nnet_utils/nnet_dense_stream.h:39->firmware/nnet_utils/nnet_dense_stream.h:93]   --->   Operation 1180 'br' 'br_ln39' <Predicate = (i_in_1 == 98)> <Delay = 0.00>
ST_2 : Operation 1181 [1/1] (0.00ns)   --->   "%store_ln35 = store i16 %data_pack_9, i16 %p_0_6_0_0_0599" [firmware/nnet_utils/nnet_dense_stream.h:35->firmware/nnet_utils/nnet_dense_stream.h:93]   --->   Operation 1181 'store' 'store_ln35' <Predicate = (i_in_1 == 97)> <Delay = 0.00>
ST_2 : Operation 1182 [1/1] (0.00ns)   --->   "%store_ln35 = store i16 %data_pack_8, i16 %p_0_5_0_0_0597" [firmware/nnet_utils/nnet_dense_stream.h:35->firmware/nnet_utils/nnet_dense_stream.h:93]   --->   Operation 1182 'store' 'store_ln35' <Predicate = (i_in_1 == 97)> <Delay = 0.00>
ST_2 : Operation 1183 [1/1] (0.00ns)   --->   "%store_ln35 = store i16 %data_3, i16 %p_0_3_0_0_0595" [firmware/nnet_utils/nnet_dense_stream.h:35->firmware/nnet_utils/nnet_dense_stream.h:93]   --->   Operation 1183 'store' 'store_ln35' <Predicate = (i_in_1 == 97)> <Delay = 0.00>
ST_2 : Operation 1184 [1/1] (0.00ns)   --->   "%store_ln35 = store i16 %data_pack_7, i16 %p_0_2_0_0_0593" [firmware/nnet_utils/nnet_dense_stream.h:35->firmware/nnet_utils/nnet_dense_stream.h:93]   --->   Operation 1184 'store' 'store_ln35' <Predicate = (i_in_1 == 97)> <Delay = 0.00>
ST_2 : Operation 1185 [1/1] (0.00ns)   --->   "%store_ln35 = store i16 %data_pack, i16 %p_0_1_0_0_0591" [firmware/nnet_utils/nnet_dense_stream.h:35->firmware/nnet_utils/nnet_dense_stream.h:93]   --->   Operation 1185 'store' 'store_ln35' <Predicate = (i_in_1 == 97)> <Delay = 0.00>
ST_2 : Operation 1186 [1/1] (0.00ns)   --->   "%br_ln39 = br void %arrayidx.i3.6.exit" [firmware/nnet_utils/nnet_dense_stream.h:39->firmware/nnet_utils/nnet_dense_stream.h:93]   --->   Operation 1186 'br' 'br_ln39' <Predicate = (i_in_1 == 97)> <Delay = 0.00>
ST_2 : Operation 1187 [1/1] (0.00ns)   --->   "%store_ln35 = store i16 %data_pack_9, i16 %p_0_6_0_0_0609" [firmware/nnet_utils/nnet_dense_stream.h:35->firmware/nnet_utils/nnet_dense_stream.h:93]   --->   Operation 1187 'store' 'store_ln35' <Predicate = (i_in_1 == 96)> <Delay = 0.00>
ST_2 : Operation 1188 [1/1] (0.00ns)   --->   "%store_ln35 = store i16 %data_pack_8, i16 %p_0_5_0_0_0607" [firmware/nnet_utils/nnet_dense_stream.h:35->firmware/nnet_utils/nnet_dense_stream.h:93]   --->   Operation 1188 'store' 'store_ln35' <Predicate = (i_in_1 == 96)> <Delay = 0.00>
ST_2 : Operation 1189 [1/1] (0.00ns)   --->   "%store_ln35 = store i16 %data_pack_7, i16 %p_0_2_0_0_0605" [firmware/nnet_utils/nnet_dense_stream.h:35->firmware/nnet_utils/nnet_dense_stream.h:93]   --->   Operation 1189 'store' 'store_ln35' <Predicate = (i_in_1 == 96)> <Delay = 0.00>
ST_2 : Operation 1190 [1/1] (0.00ns)   --->   "%store_ln35 = store i16 %data_pack, i16 %p_0_1_0_0_0603" [firmware/nnet_utils/nnet_dense_stream.h:35->firmware/nnet_utils/nnet_dense_stream.h:93]   --->   Operation 1190 'store' 'store_ln35' <Predicate = (i_in_1 == 96)> <Delay = 0.00>
ST_2 : Operation 1191 [1/1] (0.00ns)   --->   "%store_ln35 = store i16 %data, i16 %p_0_0_0_0_0601" [firmware/nnet_utils/nnet_dense_stream.h:35->firmware/nnet_utils/nnet_dense_stream.h:93]   --->   Operation 1191 'store' 'store_ln35' <Predicate = (i_in_1 == 96)> <Delay = 0.00>
ST_2 : Operation 1192 [1/1] (0.00ns)   --->   "%br_ln39 = br void %arrayidx.i3.6.exit" [firmware/nnet_utils/nnet_dense_stream.h:39->firmware/nnet_utils/nnet_dense_stream.h:93]   --->   Operation 1192 'br' 'br_ln39' <Predicate = (i_in_1 == 96)> <Delay = 0.00>
ST_2 : Operation 1193 [1/1] (0.00ns)   --->   "%store_ln35 = store i16 %data_pack_9, i16 %p_0_6_0_0_0617" [firmware/nnet_utils/nnet_dense_stream.h:35->firmware/nnet_utils/nnet_dense_stream.h:93]   --->   Operation 1193 'store' 'store_ln35' <Predicate = (i_in_1 == 95)> <Delay = 0.00>
ST_2 : Operation 1194 [1/1] (0.00ns)   --->   "%store_ln35 = store i16 %data_pack_8, i16 %p_0_5_0_0_0615" [firmware/nnet_utils/nnet_dense_stream.h:35->firmware/nnet_utils/nnet_dense_stream.h:93]   --->   Operation 1194 'store' 'store_ln35' <Predicate = (i_in_1 == 95)> <Delay = 0.00>
ST_2 : Operation 1195 [1/1] (0.00ns)   --->   "%store_ln35 = store i16 %data_pack_7, i16 %p_0_2_0_0_0613" [firmware/nnet_utils/nnet_dense_stream.h:35->firmware/nnet_utils/nnet_dense_stream.h:93]   --->   Operation 1195 'store' 'store_ln35' <Predicate = (i_in_1 == 95)> <Delay = 0.00>
ST_2 : Operation 1196 [1/1] (0.00ns)   --->   "%store_ln35 = store i16 %data_pack, i16 %p_0_1_0_0_0611" [firmware/nnet_utils/nnet_dense_stream.h:35->firmware/nnet_utils/nnet_dense_stream.h:93]   --->   Operation 1196 'store' 'store_ln35' <Predicate = (i_in_1 == 95)> <Delay = 0.00>
ST_2 : Operation 1197 [1/1] (0.00ns)   --->   "%br_ln39 = br void %arrayidx.i3.6.exit" [firmware/nnet_utils/nnet_dense_stream.h:39->firmware/nnet_utils/nnet_dense_stream.h:93]   --->   Operation 1197 'br' 'br_ln39' <Predicate = (i_in_1 == 95)> <Delay = 0.00>
ST_2 : Operation 1198 [1/1] (0.00ns)   --->   "%store_ln35 = store i16 %data_pack_9, i16 %p_0_6_0_0_0625" [firmware/nnet_utils/nnet_dense_stream.h:35->firmware/nnet_utils/nnet_dense_stream.h:93]   --->   Operation 1198 'store' 'store_ln35' <Predicate = (i_in_1 == 94)> <Delay = 0.00>
ST_2 : Operation 1199 [1/1] (0.00ns)   --->   "%store_ln35 = store i16 %data_pack_8, i16 %p_0_5_0_0_0623" [firmware/nnet_utils/nnet_dense_stream.h:35->firmware/nnet_utils/nnet_dense_stream.h:93]   --->   Operation 1199 'store' 'store_ln35' <Predicate = (i_in_1 == 94)> <Delay = 0.00>
ST_2 : Operation 1200 [1/1] (0.00ns)   --->   "%store_ln35 = store i16 %data_pack_7, i16 %p_0_2_0_0_0621" [firmware/nnet_utils/nnet_dense_stream.h:35->firmware/nnet_utils/nnet_dense_stream.h:93]   --->   Operation 1200 'store' 'store_ln35' <Predicate = (i_in_1 == 94)> <Delay = 0.00>
ST_2 : Operation 1201 [1/1] (0.00ns)   --->   "%store_ln35 = store i16 %data_pack, i16 %p_0_1_0_0_0619" [firmware/nnet_utils/nnet_dense_stream.h:35->firmware/nnet_utils/nnet_dense_stream.h:93]   --->   Operation 1201 'store' 'store_ln35' <Predicate = (i_in_1 == 94)> <Delay = 0.00>
ST_2 : Operation 1202 [1/1] (0.00ns)   --->   "%br_ln39 = br void %arrayidx.i3.6.exit" [firmware/nnet_utils/nnet_dense_stream.h:39->firmware/nnet_utils/nnet_dense_stream.h:93]   --->   Operation 1202 'br' 'br_ln39' <Predicate = (i_in_1 == 94)> <Delay = 0.00>
ST_2 : Operation 1203 [1/1] (0.00ns)   --->   "%store_ln35 = store i16 %data_pack_9, i16 %p_0_6_0_0_0633" [firmware/nnet_utils/nnet_dense_stream.h:35->firmware/nnet_utils/nnet_dense_stream.h:93]   --->   Operation 1203 'store' 'store_ln35' <Predicate = (i_in_1 == 93)> <Delay = 0.00>
ST_2 : Operation 1204 [1/1] (0.00ns)   --->   "%store_ln35 = store i16 %data_pack_8, i16 %p_0_5_0_0_0631" [firmware/nnet_utils/nnet_dense_stream.h:35->firmware/nnet_utils/nnet_dense_stream.h:93]   --->   Operation 1204 'store' 'store_ln35' <Predicate = (i_in_1 == 93)> <Delay = 0.00>
ST_2 : Operation 1205 [1/1] (0.00ns)   --->   "%store_ln35 = store i16 %data_pack_7, i16 %p_0_2_0_0_0629" [firmware/nnet_utils/nnet_dense_stream.h:35->firmware/nnet_utils/nnet_dense_stream.h:93]   --->   Operation 1205 'store' 'store_ln35' <Predicate = (i_in_1 == 93)> <Delay = 0.00>
ST_2 : Operation 1206 [1/1] (0.00ns)   --->   "%store_ln35 = store i16 %data_pack, i16 %p_0_1_0_0_0627" [firmware/nnet_utils/nnet_dense_stream.h:35->firmware/nnet_utils/nnet_dense_stream.h:93]   --->   Operation 1206 'store' 'store_ln35' <Predicate = (i_in_1 == 93)> <Delay = 0.00>
ST_2 : Operation 1207 [1/1] (0.00ns)   --->   "%br_ln39 = br void %arrayidx.i3.6.exit" [firmware/nnet_utils/nnet_dense_stream.h:39->firmware/nnet_utils/nnet_dense_stream.h:93]   --->   Operation 1207 'br' 'br_ln39' <Predicate = (i_in_1 == 93)> <Delay = 0.00>
ST_2 : Operation 1208 [1/1] (0.00ns)   --->   "%store_ln35 = store i16 %data_pack_9, i16 %p_0_6_0_0_0641" [firmware/nnet_utils/nnet_dense_stream.h:35->firmware/nnet_utils/nnet_dense_stream.h:93]   --->   Operation 1208 'store' 'store_ln35' <Predicate = (i_in_1 == 92)> <Delay = 0.00>
ST_2 : Operation 1209 [1/1] (0.00ns)   --->   "%store_ln35 = store i16 %data_pack_8, i16 %p_0_5_0_0_0639" [firmware/nnet_utils/nnet_dense_stream.h:35->firmware/nnet_utils/nnet_dense_stream.h:93]   --->   Operation 1209 'store' 'store_ln35' <Predicate = (i_in_1 == 92)> <Delay = 0.00>
ST_2 : Operation 1210 [1/1] (0.00ns)   --->   "%store_ln35 = store i16 %data_pack_7, i16 %p_0_2_0_0_0637" [firmware/nnet_utils/nnet_dense_stream.h:35->firmware/nnet_utils/nnet_dense_stream.h:93]   --->   Operation 1210 'store' 'store_ln35' <Predicate = (i_in_1 == 92)> <Delay = 0.00>
ST_2 : Operation 1211 [1/1] (0.00ns)   --->   "%store_ln35 = store i16 %data_pack, i16 %p_0_1_0_0_0635" [firmware/nnet_utils/nnet_dense_stream.h:35->firmware/nnet_utils/nnet_dense_stream.h:93]   --->   Operation 1211 'store' 'store_ln35' <Predicate = (i_in_1 == 92)> <Delay = 0.00>
ST_2 : Operation 1212 [1/1] (0.00ns)   --->   "%br_ln39 = br void %arrayidx.i3.6.exit" [firmware/nnet_utils/nnet_dense_stream.h:39->firmware/nnet_utils/nnet_dense_stream.h:93]   --->   Operation 1212 'br' 'br_ln39' <Predicate = (i_in_1 == 92)> <Delay = 0.00>
ST_2 : Operation 1213 [1/1] (0.00ns)   --->   "%store_ln35 = store i16 %data_pack_9, i16 %p_0_6_0_0_0649" [firmware/nnet_utils/nnet_dense_stream.h:35->firmware/nnet_utils/nnet_dense_stream.h:93]   --->   Operation 1213 'store' 'store_ln35' <Predicate = (i_in_1 == 91)> <Delay = 0.00>
ST_2 : Operation 1214 [1/1] (0.00ns)   --->   "%store_ln35 = store i16 %data_pack_8, i16 %p_0_5_0_0_0647" [firmware/nnet_utils/nnet_dense_stream.h:35->firmware/nnet_utils/nnet_dense_stream.h:93]   --->   Operation 1214 'store' 'store_ln35' <Predicate = (i_in_1 == 91)> <Delay = 0.00>
ST_2 : Operation 1215 [1/1] (0.00ns)   --->   "%store_ln35 = store i16 %data_pack_7, i16 %p_0_2_0_0_0645" [firmware/nnet_utils/nnet_dense_stream.h:35->firmware/nnet_utils/nnet_dense_stream.h:93]   --->   Operation 1215 'store' 'store_ln35' <Predicate = (i_in_1 == 91)> <Delay = 0.00>
ST_2 : Operation 1216 [1/1] (0.00ns)   --->   "%store_ln35 = store i16 %data_pack, i16 %p_0_1_0_0_0643" [firmware/nnet_utils/nnet_dense_stream.h:35->firmware/nnet_utils/nnet_dense_stream.h:93]   --->   Operation 1216 'store' 'store_ln35' <Predicate = (i_in_1 == 91)> <Delay = 0.00>
ST_2 : Operation 1217 [1/1] (0.00ns)   --->   "%br_ln39 = br void %arrayidx.i3.6.exit" [firmware/nnet_utils/nnet_dense_stream.h:39->firmware/nnet_utils/nnet_dense_stream.h:93]   --->   Operation 1217 'br' 'br_ln39' <Predicate = (i_in_1 == 91)> <Delay = 0.00>
ST_2 : Operation 1218 [1/1] (0.00ns)   --->   "%store_ln35 = store i16 %data_pack_9, i16 %p_0_6_0_0_0657" [firmware/nnet_utils/nnet_dense_stream.h:35->firmware/nnet_utils/nnet_dense_stream.h:93]   --->   Operation 1218 'store' 'store_ln35' <Predicate = (i_in_1 == 90)> <Delay = 0.00>
ST_2 : Operation 1219 [1/1] (0.00ns)   --->   "%store_ln35 = store i16 %data_pack_8, i16 %p_0_5_0_0_0655" [firmware/nnet_utils/nnet_dense_stream.h:35->firmware/nnet_utils/nnet_dense_stream.h:93]   --->   Operation 1219 'store' 'store_ln35' <Predicate = (i_in_1 == 90)> <Delay = 0.00>
ST_2 : Operation 1220 [1/1] (0.00ns)   --->   "%store_ln35 = store i16 %data_pack_7, i16 %p_0_2_0_0_0653" [firmware/nnet_utils/nnet_dense_stream.h:35->firmware/nnet_utils/nnet_dense_stream.h:93]   --->   Operation 1220 'store' 'store_ln35' <Predicate = (i_in_1 == 90)> <Delay = 0.00>
ST_2 : Operation 1221 [1/1] (0.00ns)   --->   "%store_ln35 = store i16 %data_pack, i16 %p_0_1_0_0_0651" [firmware/nnet_utils/nnet_dense_stream.h:35->firmware/nnet_utils/nnet_dense_stream.h:93]   --->   Operation 1221 'store' 'store_ln35' <Predicate = (i_in_1 == 90)> <Delay = 0.00>
ST_2 : Operation 1222 [1/1] (0.00ns)   --->   "%br_ln39 = br void %arrayidx.i3.6.exit" [firmware/nnet_utils/nnet_dense_stream.h:39->firmware/nnet_utils/nnet_dense_stream.h:93]   --->   Operation 1222 'br' 'br_ln39' <Predicate = (i_in_1 == 90)> <Delay = 0.00>
ST_2 : Operation 1223 [1/1] (0.00ns)   --->   "%store_ln35 = store i16 %data_pack_9, i16 %p_0_6_0_0_0665" [firmware/nnet_utils/nnet_dense_stream.h:35->firmware/nnet_utils/nnet_dense_stream.h:93]   --->   Operation 1223 'store' 'store_ln35' <Predicate = (i_in_1 == 89)> <Delay = 0.00>
ST_2 : Operation 1224 [1/1] (0.00ns)   --->   "%store_ln35 = store i16 %data_pack_8, i16 %p_0_5_0_0_0663" [firmware/nnet_utils/nnet_dense_stream.h:35->firmware/nnet_utils/nnet_dense_stream.h:93]   --->   Operation 1224 'store' 'store_ln35' <Predicate = (i_in_1 == 89)> <Delay = 0.00>
ST_2 : Operation 1225 [1/1] (0.00ns)   --->   "%store_ln35 = store i16 %data_pack_7, i16 %p_0_2_0_0_0661" [firmware/nnet_utils/nnet_dense_stream.h:35->firmware/nnet_utils/nnet_dense_stream.h:93]   --->   Operation 1225 'store' 'store_ln35' <Predicate = (i_in_1 == 89)> <Delay = 0.00>
ST_2 : Operation 1226 [1/1] (0.00ns)   --->   "%store_ln35 = store i16 %data_pack, i16 %p_0_1_0_0_0659" [firmware/nnet_utils/nnet_dense_stream.h:35->firmware/nnet_utils/nnet_dense_stream.h:93]   --->   Operation 1226 'store' 'store_ln35' <Predicate = (i_in_1 == 89)> <Delay = 0.00>
ST_2 : Operation 1227 [1/1] (0.00ns)   --->   "%br_ln39 = br void %arrayidx.i3.6.exit" [firmware/nnet_utils/nnet_dense_stream.h:39->firmware/nnet_utils/nnet_dense_stream.h:93]   --->   Operation 1227 'br' 'br_ln39' <Predicate = (i_in_1 == 89)> <Delay = 0.00>
ST_2 : Operation 1228 [1/1] (0.00ns)   --->   "%store_ln35 = store i16 %data_pack_9, i16 %p_0_6_0_0_0675" [firmware/nnet_utils/nnet_dense_stream.h:35->firmware/nnet_utils/nnet_dense_stream.h:93]   --->   Operation 1228 'store' 'store_ln35' <Predicate = (i_in_1 == 88)> <Delay = 0.00>
ST_2 : Operation 1229 [1/1] (0.00ns)   --->   "%store_ln35 = store i16 %data_pack_8, i16 %p_0_5_0_0_0673" [firmware/nnet_utils/nnet_dense_stream.h:35->firmware/nnet_utils/nnet_dense_stream.h:93]   --->   Operation 1229 'store' 'store_ln35' <Predicate = (i_in_1 == 88)> <Delay = 0.00>
ST_2 : Operation 1230 [1/1] (0.00ns)   --->   "%store_ln35 = store i16 %data_3, i16 %p_0_3_0_0_0671" [firmware/nnet_utils/nnet_dense_stream.h:35->firmware/nnet_utils/nnet_dense_stream.h:93]   --->   Operation 1230 'store' 'store_ln35' <Predicate = (i_in_1 == 88)> <Delay = 0.00>
ST_2 : Operation 1231 [1/1] (0.00ns)   --->   "%store_ln35 = store i16 %data_pack_7, i16 %p_0_2_0_0_0669" [firmware/nnet_utils/nnet_dense_stream.h:35->firmware/nnet_utils/nnet_dense_stream.h:93]   --->   Operation 1231 'store' 'store_ln35' <Predicate = (i_in_1 == 88)> <Delay = 0.00>
ST_2 : Operation 1232 [1/1] (0.00ns)   --->   "%store_ln35 = store i16 %data_pack, i16 %p_0_1_0_0_0667" [firmware/nnet_utils/nnet_dense_stream.h:35->firmware/nnet_utils/nnet_dense_stream.h:93]   --->   Operation 1232 'store' 'store_ln35' <Predicate = (i_in_1 == 88)> <Delay = 0.00>
ST_2 : Operation 1233 [1/1] (0.00ns)   --->   "%br_ln39 = br void %arrayidx.i3.6.exit" [firmware/nnet_utils/nnet_dense_stream.h:39->firmware/nnet_utils/nnet_dense_stream.h:93]   --->   Operation 1233 'br' 'br_ln39' <Predicate = (i_in_1 == 88)> <Delay = 0.00>
ST_2 : Operation 1234 [1/1] (0.00ns)   --->   "%store_ln35 = store i16 %data_pack_9, i16 %p_0_6_0_0_0685" [firmware/nnet_utils/nnet_dense_stream.h:35->firmware/nnet_utils/nnet_dense_stream.h:93]   --->   Operation 1234 'store' 'store_ln35' <Predicate = (i_in_1 == 87)> <Delay = 0.00>
ST_2 : Operation 1235 [1/1] (0.00ns)   --->   "%store_ln35 = store i16 %data_pack_8, i16 %p_0_5_0_0_0683" [firmware/nnet_utils/nnet_dense_stream.h:35->firmware/nnet_utils/nnet_dense_stream.h:93]   --->   Operation 1235 'store' 'store_ln35' <Predicate = (i_in_1 == 87)> <Delay = 0.00>
ST_2 : Operation 1236 [1/1] (0.00ns)   --->   "%store_ln35 = store i16 %data_4, i16 %p_0_4_0_0_0681" [firmware/nnet_utils/nnet_dense_stream.h:35->firmware/nnet_utils/nnet_dense_stream.h:93]   --->   Operation 1236 'store' 'store_ln35' <Predicate = (i_in_1 == 87)> <Delay = 0.00>
ST_2 : Operation 1237 [1/1] (0.00ns)   --->   "%store_ln35 = store i16 %data_pack_7, i16 %p_0_2_0_0_0679" [firmware/nnet_utils/nnet_dense_stream.h:35->firmware/nnet_utils/nnet_dense_stream.h:93]   --->   Operation 1237 'store' 'store_ln35' <Predicate = (i_in_1 == 87)> <Delay = 0.00>
ST_2 : Operation 1238 [1/1] (0.00ns)   --->   "%store_ln35 = store i16 %data_pack, i16 %p_0_1_0_0_0677" [firmware/nnet_utils/nnet_dense_stream.h:35->firmware/nnet_utils/nnet_dense_stream.h:93]   --->   Operation 1238 'store' 'store_ln35' <Predicate = (i_in_1 == 87)> <Delay = 0.00>
ST_2 : Operation 1239 [1/1] (0.00ns)   --->   "%br_ln39 = br void %arrayidx.i3.6.exit" [firmware/nnet_utils/nnet_dense_stream.h:39->firmware/nnet_utils/nnet_dense_stream.h:93]   --->   Operation 1239 'br' 'br_ln39' <Predicate = (i_in_1 == 87)> <Delay = 0.00>
ST_2 : Operation 1240 [1/1] (0.00ns)   --->   "%store_ln35 = store i16 %data_pack_9, i16 %p_0_6_0_0_0695" [firmware/nnet_utils/nnet_dense_stream.h:35->firmware/nnet_utils/nnet_dense_stream.h:93]   --->   Operation 1240 'store' 'store_ln35' <Predicate = (i_in_1 == 86)> <Delay = 0.00>
ST_2 : Operation 1241 [1/1] (0.00ns)   --->   "%store_ln35 = store i16 %data_pack_8, i16 %p_0_5_0_0_0693" [firmware/nnet_utils/nnet_dense_stream.h:35->firmware/nnet_utils/nnet_dense_stream.h:93]   --->   Operation 1241 'store' 'store_ln35' <Predicate = (i_in_1 == 86)> <Delay = 0.00>
ST_2 : Operation 1242 [1/1] (0.00ns)   --->   "%store_ln35 = store i16 %data_pack_7, i16 %p_0_2_0_0_0691" [firmware/nnet_utils/nnet_dense_stream.h:35->firmware/nnet_utils/nnet_dense_stream.h:93]   --->   Operation 1242 'store' 'store_ln35' <Predicate = (i_in_1 == 86)> <Delay = 0.00>
ST_2 : Operation 1243 [1/1] (0.00ns)   --->   "%store_ln35 = store i16 %data_pack, i16 %p_0_1_0_0_0689" [firmware/nnet_utils/nnet_dense_stream.h:35->firmware/nnet_utils/nnet_dense_stream.h:93]   --->   Operation 1243 'store' 'store_ln35' <Predicate = (i_in_1 == 86)> <Delay = 0.00>
ST_2 : Operation 1244 [1/1] (0.00ns)   --->   "%store_ln35 = store i16 %data, i16 %p_0_0_0_0_0687" [firmware/nnet_utils/nnet_dense_stream.h:35->firmware/nnet_utils/nnet_dense_stream.h:93]   --->   Operation 1244 'store' 'store_ln35' <Predicate = (i_in_1 == 86)> <Delay = 0.00>
ST_2 : Operation 1245 [1/1] (0.00ns)   --->   "%br_ln39 = br void %arrayidx.i3.6.exit" [firmware/nnet_utils/nnet_dense_stream.h:39->firmware/nnet_utils/nnet_dense_stream.h:93]   --->   Operation 1245 'br' 'br_ln39' <Predicate = (i_in_1 == 86)> <Delay = 0.00>
ST_2 : Operation 1246 [1/1] (0.00ns)   --->   "%store_ln35 = store i16 %data_pack_9, i16 %p_0_6_0_0_0705" [firmware/nnet_utils/nnet_dense_stream.h:35->firmware/nnet_utils/nnet_dense_stream.h:93]   --->   Operation 1246 'store' 'store_ln35' <Predicate = (i_in_1 == 85)> <Delay = 0.00>
ST_2 : Operation 1247 [1/1] (0.00ns)   --->   "%store_ln35 = store i16 %data_pack_8, i16 %p_0_5_0_0_0703" [firmware/nnet_utils/nnet_dense_stream.h:35->firmware/nnet_utils/nnet_dense_stream.h:93]   --->   Operation 1247 'store' 'store_ln35' <Predicate = (i_in_1 == 85)> <Delay = 0.00>
ST_2 : Operation 1248 [1/1] (0.00ns)   --->   "%store_ln35 = store i16 %data_pack_7, i16 %p_0_2_0_0_0701" [firmware/nnet_utils/nnet_dense_stream.h:35->firmware/nnet_utils/nnet_dense_stream.h:93]   --->   Operation 1248 'store' 'store_ln35' <Predicate = (i_in_1 == 85)> <Delay = 0.00>
ST_2 : Operation 1249 [1/1] (0.00ns)   --->   "%store_ln35 = store i16 %data_pack, i16 %p_0_1_0_0_0699" [firmware/nnet_utils/nnet_dense_stream.h:35->firmware/nnet_utils/nnet_dense_stream.h:93]   --->   Operation 1249 'store' 'store_ln35' <Predicate = (i_in_1 == 85)> <Delay = 0.00>
ST_2 : Operation 1250 [1/1] (0.00ns)   --->   "%store_ln35 = store i16 %data, i16 %p_0_0_0_0_0697" [firmware/nnet_utils/nnet_dense_stream.h:35->firmware/nnet_utils/nnet_dense_stream.h:93]   --->   Operation 1250 'store' 'store_ln35' <Predicate = (i_in_1 == 85)> <Delay = 0.00>
ST_2 : Operation 1251 [1/1] (0.00ns)   --->   "%br_ln39 = br void %arrayidx.i3.6.exit" [firmware/nnet_utils/nnet_dense_stream.h:39->firmware/nnet_utils/nnet_dense_stream.h:93]   --->   Operation 1251 'br' 'br_ln39' <Predicate = (i_in_1 == 85)> <Delay = 0.00>
ST_2 : Operation 1252 [1/1] (0.00ns)   --->   "%store_ln35 = store i16 %data_pack_9, i16 %p_0_6_0_0_0713" [firmware/nnet_utils/nnet_dense_stream.h:35->firmware/nnet_utils/nnet_dense_stream.h:93]   --->   Operation 1252 'store' 'store_ln35' <Predicate = (i_in_1 == 84)> <Delay = 0.00>
ST_2 : Operation 1253 [1/1] (0.00ns)   --->   "%store_ln35 = store i16 %data_pack_8, i16 %p_0_5_0_0_0711" [firmware/nnet_utils/nnet_dense_stream.h:35->firmware/nnet_utils/nnet_dense_stream.h:93]   --->   Operation 1253 'store' 'store_ln35' <Predicate = (i_in_1 == 84)> <Delay = 0.00>
ST_2 : Operation 1254 [1/1] (0.00ns)   --->   "%store_ln35 = store i16 %data_pack_7, i16 %p_0_2_0_0_0709" [firmware/nnet_utils/nnet_dense_stream.h:35->firmware/nnet_utils/nnet_dense_stream.h:93]   --->   Operation 1254 'store' 'store_ln35' <Predicate = (i_in_1 == 84)> <Delay = 0.00>
ST_2 : Operation 1255 [1/1] (0.00ns)   --->   "%store_ln35 = store i16 %data_pack, i16 %p_0_1_0_0_0707" [firmware/nnet_utils/nnet_dense_stream.h:35->firmware/nnet_utils/nnet_dense_stream.h:93]   --->   Operation 1255 'store' 'store_ln35' <Predicate = (i_in_1 == 84)> <Delay = 0.00>
ST_2 : Operation 1256 [1/1] (0.00ns)   --->   "%br_ln39 = br void %arrayidx.i3.6.exit" [firmware/nnet_utils/nnet_dense_stream.h:39->firmware/nnet_utils/nnet_dense_stream.h:93]   --->   Operation 1256 'br' 'br_ln39' <Predicate = (i_in_1 == 84)> <Delay = 0.00>
ST_2 : Operation 1257 [1/1] (0.00ns)   --->   "%store_ln35 = store i16 %data_pack_9, i16 %p_0_6_0_0_0725" [firmware/nnet_utils/nnet_dense_stream.h:35->firmware/nnet_utils/nnet_dense_stream.h:93]   --->   Operation 1257 'store' 'store_ln35' <Predicate = (i_in_1 == 83)> <Delay = 0.00>
ST_2 : Operation 1258 [1/1] (0.00ns)   --->   "%store_ln35 = store i16 %data_pack_8, i16 %p_0_5_0_0_0723" [firmware/nnet_utils/nnet_dense_stream.h:35->firmware/nnet_utils/nnet_dense_stream.h:93]   --->   Operation 1258 'store' 'store_ln35' <Predicate = (i_in_1 == 83)> <Delay = 0.00>
ST_2 : Operation 1259 [1/1] (0.00ns)   --->   "%store_ln35 = store i16 %data_4, i16 %p_0_4_0_0_0721" [firmware/nnet_utils/nnet_dense_stream.h:35->firmware/nnet_utils/nnet_dense_stream.h:93]   --->   Operation 1259 'store' 'store_ln35' <Predicate = (i_in_1 == 83)> <Delay = 0.00>
ST_2 : Operation 1260 [1/1] (0.00ns)   --->   "%store_ln35 = store i16 %data_3, i16 %p_0_3_0_0_0719" [firmware/nnet_utils/nnet_dense_stream.h:35->firmware/nnet_utils/nnet_dense_stream.h:93]   --->   Operation 1260 'store' 'store_ln35' <Predicate = (i_in_1 == 83)> <Delay = 0.00>
ST_2 : Operation 1261 [1/1] (0.00ns)   --->   "%store_ln35 = store i16 %data_pack_7, i16 %p_0_2_0_0_0717" [firmware/nnet_utils/nnet_dense_stream.h:35->firmware/nnet_utils/nnet_dense_stream.h:93]   --->   Operation 1261 'store' 'store_ln35' <Predicate = (i_in_1 == 83)> <Delay = 0.00>
ST_2 : Operation 1262 [1/1] (0.00ns)   --->   "%store_ln35 = store i16 %data_pack, i16 %p_0_1_0_0_0715" [firmware/nnet_utils/nnet_dense_stream.h:35->firmware/nnet_utils/nnet_dense_stream.h:93]   --->   Operation 1262 'store' 'store_ln35' <Predicate = (i_in_1 == 83)> <Delay = 0.00>
ST_2 : Operation 1263 [1/1] (0.00ns)   --->   "%br_ln39 = br void %arrayidx.i3.6.exit" [firmware/nnet_utils/nnet_dense_stream.h:39->firmware/nnet_utils/nnet_dense_stream.h:93]   --->   Operation 1263 'br' 'br_ln39' <Predicate = (i_in_1 == 83)> <Delay = 0.00>
ST_2 : Operation 1264 [1/1] (0.00ns)   --->   "%store_ln35 = store i16 %data_pack_9, i16 %p_0_6_0_0_0733" [firmware/nnet_utils/nnet_dense_stream.h:35->firmware/nnet_utils/nnet_dense_stream.h:93]   --->   Operation 1264 'store' 'store_ln35' <Predicate = (i_in_1 == 82)> <Delay = 0.00>
ST_2 : Operation 1265 [1/1] (0.00ns)   --->   "%store_ln35 = store i16 %data_pack_8, i16 %p_0_5_0_0_0731" [firmware/nnet_utils/nnet_dense_stream.h:35->firmware/nnet_utils/nnet_dense_stream.h:93]   --->   Operation 1265 'store' 'store_ln35' <Predicate = (i_in_1 == 82)> <Delay = 0.00>
ST_2 : Operation 1266 [1/1] (0.00ns)   --->   "%store_ln35 = store i16 %data_pack_7, i16 %p_0_2_0_0_0729" [firmware/nnet_utils/nnet_dense_stream.h:35->firmware/nnet_utils/nnet_dense_stream.h:93]   --->   Operation 1266 'store' 'store_ln35' <Predicate = (i_in_1 == 82)> <Delay = 0.00>
ST_2 : Operation 1267 [1/1] (0.00ns)   --->   "%store_ln35 = store i16 %data_pack, i16 %p_0_1_0_0_0727" [firmware/nnet_utils/nnet_dense_stream.h:35->firmware/nnet_utils/nnet_dense_stream.h:93]   --->   Operation 1267 'store' 'store_ln35' <Predicate = (i_in_1 == 82)> <Delay = 0.00>
ST_2 : Operation 1268 [1/1] (0.00ns)   --->   "%br_ln39 = br void %arrayidx.i3.6.exit" [firmware/nnet_utils/nnet_dense_stream.h:39->firmware/nnet_utils/nnet_dense_stream.h:93]   --->   Operation 1268 'br' 'br_ln39' <Predicate = (i_in_1 == 82)> <Delay = 0.00>
ST_2 : Operation 1269 [1/1] (0.00ns)   --->   "%store_ln35 = store i16 %data_pack_9, i16 %p_0_6_0_0_0741" [firmware/nnet_utils/nnet_dense_stream.h:35->firmware/nnet_utils/nnet_dense_stream.h:93]   --->   Operation 1269 'store' 'store_ln35' <Predicate = (i_in_1 == 81)> <Delay = 0.00>
ST_2 : Operation 1270 [1/1] (0.00ns)   --->   "%store_ln35 = store i16 %data_pack_8, i16 %p_0_5_0_0_0739" [firmware/nnet_utils/nnet_dense_stream.h:35->firmware/nnet_utils/nnet_dense_stream.h:93]   --->   Operation 1270 'store' 'store_ln35' <Predicate = (i_in_1 == 81)> <Delay = 0.00>
ST_2 : Operation 1271 [1/1] (0.00ns)   --->   "%store_ln35 = store i16 %data_pack_7, i16 %p_0_2_0_0_0737" [firmware/nnet_utils/nnet_dense_stream.h:35->firmware/nnet_utils/nnet_dense_stream.h:93]   --->   Operation 1271 'store' 'store_ln35' <Predicate = (i_in_1 == 81)> <Delay = 0.00>
ST_2 : Operation 1272 [1/1] (0.00ns)   --->   "%store_ln35 = store i16 %data_pack, i16 %p_0_1_0_0_0735" [firmware/nnet_utils/nnet_dense_stream.h:35->firmware/nnet_utils/nnet_dense_stream.h:93]   --->   Operation 1272 'store' 'store_ln35' <Predicate = (i_in_1 == 81)> <Delay = 0.00>
ST_2 : Operation 1273 [1/1] (0.00ns)   --->   "%br_ln39 = br void %arrayidx.i3.6.exit" [firmware/nnet_utils/nnet_dense_stream.h:39->firmware/nnet_utils/nnet_dense_stream.h:93]   --->   Operation 1273 'br' 'br_ln39' <Predicate = (i_in_1 == 81)> <Delay = 0.00>
ST_2 : Operation 1274 [1/1] (0.00ns)   --->   "%store_ln35 = store i16 %data_pack_9, i16 %p_0_6_0_0_0749" [firmware/nnet_utils/nnet_dense_stream.h:35->firmware/nnet_utils/nnet_dense_stream.h:93]   --->   Operation 1274 'store' 'store_ln35' <Predicate = (i_in_1 == 80)> <Delay = 0.00>
ST_2 : Operation 1275 [1/1] (0.00ns)   --->   "%store_ln35 = store i16 %data_pack_8, i16 %p_0_5_0_0_0747" [firmware/nnet_utils/nnet_dense_stream.h:35->firmware/nnet_utils/nnet_dense_stream.h:93]   --->   Operation 1275 'store' 'store_ln35' <Predicate = (i_in_1 == 80)> <Delay = 0.00>
ST_2 : Operation 1276 [1/1] (0.00ns)   --->   "%store_ln35 = store i16 %data_pack_7, i16 %p_0_2_0_0_0745" [firmware/nnet_utils/nnet_dense_stream.h:35->firmware/nnet_utils/nnet_dense_stream.h:93]   --->   Operation 1276 'store' 'store_ln35' <Predicate = (i_in_1 == 80)> <Delay = 0.00>
ST_2 : Operation 1277 [1/1] (0.00ns)   --->   "%store_ln35 = store i16 %data_pack, i16 %p_0_1_0_0_0743" [firmware/nnet_utils/nnet_dense_stream.h:35->firmware/nnet_utils/nnet_dense_stream.h:93]   --->   Operation 1277 'store' 'store_ln35' <Predicate = (i_in_1 == 80)> <Delay = 0.00>
ST_2 : Operation 1278 [1/1] (0.00ns)   --->   "%br_ln39 = br void %arrayidx.i3.6.exit" [firmware/nnet_utils/nnet_dense_stream.h:39->firmware/nnet_utils/nnet_dense_stream.h:93]   --->   Operation 1278 'br' 'br_ln39' <Predicate = (i_in_1 == 80)> <Delay = 0.00>
ST_2 : Operation 1279 [1/1] (0.00ns)   --->   "%store_ln35 = store i16 %data_pack_9, i16 %p_0_6_0_0_0759" [firmware/nnet_utils/nnet_dense_stream.h:35->firmware/nnet_utils/nnet_dense_stream.h:93]   --->   Operation 1279 'store' 'store_ln35' <Predicate = (i_in_1 == 79)> <Delay = 0.00>
ST_2 : Operation 1280 [1/1] (0.00ns)   --->   "%store_ln35 = store i16 %data_pack_8, i16 %p_0_5_0_0_0757" [firmware/nnet_utils/nnet_dense_stream.h:35->firmware/nnet_utils/nnet_dense_stream.h:93]   --->   Operation 1280 'store' 'store_ln35' <Predicate = (i_in_1 == 79)> <Delay = 0.00>
ST_2 : Operation 1281 [1/1] (0.00ns)   --->   "%store_ln35 = store i16 %data_pack_7, i16 %p_0_2_0_0_0755" [firmware/nnet_utils/nnet_dense_stream.h:35->firmware/nnet_utils/nnet_dense_stream.h:93]   --->   Operation 1281 'store' 'store_ln35' <Predicate = (i_in_1 == 79)> <Delay = 0.00>
ST_2 : Operation 1282 [1/1] (0.00ns)   --->   "%store_ln35 = store i16 %data_pack, i16 %p_0_1_0_0_0753" [firmware/nnet_utils/nnet_dense_stream.h:35->firmware/nnet_utils/nnet_dense_stream.h:93]   --->   Operation 1282 'store' 'store_ln35' <Predicate = (i_in_1 == 79)> <Delay = 0.00>
ST_2 : Operation 1283 [1/1] (0.00ns)   --->   "%store_ln35 = store i16 %data, i16 %p_0_0_0_0_0751" [firmware/nnet_utils/nnet_dense_stream.h:35->firmware/nnet_utils/nnet_dense_stream.h:93]   --->   Operation 1283 'store' 'store_ln35' <Predicate = (i_in_1 == 79)> <Delay = 0.00>
ST_2 : Operation 1284 [1/1] (0.00ns)   --->   "%br_ln39 = br void %arrayidx.i3.6.exit" [firmware/nnet_utils/nnet_dense_stream.h:39->firmware/nnet_utils/nnet_dense_stream.h:93]   --->   Operation 1284 'br' 'br_ln39' <Predicate = (i_in_1 == 79)> <Delay = 0.00>
ST_2 : Operation 1285 [1/1] (0.00ns)   --->   "%store_ln35 = store i16 %data_pack_9, i16 %p_0_6_0_0_0771" [firmware/nnet_utils/nnet_dense_stream.h:35->firmware/nnet_utils/nnet_dense_stream.h:93]   --->   Operation 1285 'store' 'store_ln35' <Predicate = (i_in_1 == 78)> <Delay = 0.00>
ST_2 : Operation 1286 [1/1] (0.00ns)   --->   "%store_ln35 = store i16 %data_pack_8, i16 %p_0_5_0_0_0769" [firmware/nnet_utils/nnet_dense_stream.h:35->firmware/nnet_utils/nnet_dense_stream.h:93]   --->   Operation 1286 'store' 'store_ln35' <Predicate = (i_in_1 == 78)> <Delay = 0.00>
ST_2 : Operation 1287 [1/1] (0.00ns)   --->   "%store_ln35 = store i16 %data_4, i16 %p_0_4_0_0_0767" [firmware/nnet_utils/nnet_dense_stream.h:35->firmware/nnet_utils/nnet_dense_stream.h:93]   --->   Operation 1287 'store' 'store_ln35' <Predicate = (i_in_1 == 78)> <Delay = 0.00>
ST_2 : Operation 1288 [1/1] (0.00ns)   --->   "%store_ln35 = store i16 %data_pack_7, i16 %p_0_2_0_0_0765" [firmware/nnet_utils/nnet_dense_stream.h:35->firmware/nnet_utils/nnet_dense_stream.h:93]   --->   Operation 1288 'store' 'store_ln35' <Predicate = (i_in_1 == 78)> <Delay = 0.00>
ST_2 : Operation 1289 [1/1] (0.00ns)   --->   "%store_ln35 = store i16 %data_pack, i16 %p_0_1_0_0_0763" [firmware/nnet_utils/nnet_dense_stream.h:35->firmware/nnet_utils/nnet_dense_stream.h:93]   --->   Operation 1289 'store' 'store_ln35' <Predicate = (i_in_1 == 78)> <Delay = 0.00>
ST_2 : Operation 1290 [1/1] (0.00ns)   --->   "%store_ln35 = store i16 %data, i16 %p_0_0_0_0_0761" [firmware/nnet_utils/nnet_dense_stream.h:35->firmware/nnet_utils/nnet_dense_stream.h:93]   --->   Operation 1290 'store' 'store_ln35' <Predicate = (i_in_1 == 78)> <Delay = 0.00>
ST_2 : Operation 1291 [1/1] (0.00ns)   --->   "%br_ln39 = br void %arrayidx.i3.6.exit" [firmware/nnet_utils/nnet_dense_stream.h:39->firmware/nnet_utils/nnet_dense_stream.h:93]   --->   Operation 1291 'br' 'br_ln39' <Predicate = (i_in_1 == 78)> <Delay = 0.00>
ST_2 : Operation 1292 [1/1] (0.00ns)   --->   "%store_ln35 = store i16 %data_pack_9, i16 %p_0_6_0_0_0779" [firmware/nnet_utils/nnet_dense_stream.h:35->firmware/nnet_utils/nnet_dense_stream.h:93]   --->   Operation 1292 'store' 'store_ln35' <Predicate = (i_in_1 == 77)> <Delay = 0.00>
ST_2 : Operation 1293 [1/1] (0.00ns)   --->   "%store_ln35 = store i16 %data_pack_8, i16 %p_0_5_0_0_0777" [firmware/nnet_utils/nnet_dense_stream.h:35->firmware/nnet_utils/nnet_dense_stream.h:93]   --->   Operation 1293 'store' 'store_ln35' <Predicate = (i_in_1 == 77)> <Delay = 0.00>
ST_2 : Operation 1294 [1/1] (0.00ns)   --->   "%store_ln35 = store i16 %data_pack_7, i16 %p_0_2_0_0_0775" [firmware/nnet_utils/nnet_dense_stream.h:35->firmware/nnet_utils/nnet_dense_stream.h:93]   --->   Operation 1294 'store' 'store_ln35' <Predicate = (i_in_1 == 77)> <Delay = 0.00>
ST_2 : Operation 1295 [1/1] (0.00ns)   --->   "%store_ln35 = store i16 %data_pack, i16 %p_0_1_0_0_0773" [firmware/nnet_utils/nnet_dense_stream.h:35->firmware/nnet_utils/nnet_dense_stream.h:93]   --->   Operation 1295 'store' 'store_ln35' <Predicate = (i_in_1 == 77)> <Delay = 0.00>
ST_2 : Operation 1296 [1/1] (0.00ns)   --->   "%br_ln39 = br void %arrayidx.i3.6.exit" [firmware/nnet_utils/nnet_dense_stream.h:39->firmware/nnet_utils/nnet_dense_stream.h:93]   --->   Operation 1296 'br' 'br_ln39' <Predicate = (i_in_1 == 77)> <Delay = 0.00>
ST_2 : Operation 1297 [1/1] (0.00ns)   --->   "%store_ln35 = store i16 %data_pack_9, i16 %p_0_6_0_0_0787" [firmware/nnet_utils/nnet_dense_stream.h:35->firmware/nnet_utils/nnet_dense_stream.h:93]   --->   Operation 1297 'store' 'store_ln35' <Predicate = (i_in_1 == 76)> <Delay = 0.00>
ST_2 : Operation 1298 [1/1] (0.00ns)   --->   "%store_ln35 = store i16 %data_pack_8, i16 %p_0_5_0_0_0785" [firmware/nnet_utils/nnet_dense_stream.h:35->firmware/nnet_utils/nnet_dense_stream.h:93]   --->   Operation 1298 'store' 'store_ln35' <Predicate = (i_in_1 == 76)> <Delay = 0.00>
ST_2 : Operation 1299 [1/1] (0.00ns)   --->   "%store_ln35 = store i16 %data_pack_7, i16 %p_0_2_0_0_0783" [firmware/nnet_utils/nnet_dense_stream.h:35->firmware/nnet_utils/nnet_dense_stream.h:93]   --->   Operation 1299 'store' 'store_ln35' <Predicate = (i_in_1 == 76)> <Delay = 0.00>
ST_2 : Operation 1300 [1/1] (0.00ns)   --->   "%store_ln35 = store i16 %data_pack, i16 %p_0_1_0_0_0781" [firmware/nnet_utils/nnet_dense_stream.h:35->firmware/nnet_utils/nnet_dense_stream.h:93]   --->   Operation 1300 'store' 'store_ln35' <Predicate = (i_in_1 == 76)> <Delay = 0.00>
ST_2 : Operation 1301 [1/1] (0.00ns)   --->   "%br_ln39 = br void %arrayidx.i3.6.exit" [firmware/nnet_utils/nnet_dense_stream.h:39->firmware/nnet_utils/nnet_dense_stream.h:93]   --->   Operation 1301 'br' 'br_ln39' <Predicate = (i_in_1 == 76)> <Delay = 0.00>
ST_2 : Operation 1302 [1/1] (0.00ns)   --->   "%store_ln35 = store i16 %data_pack_9, i16 %p_0_6_0_0_0799" [firmware/nnet_utils/nnet_dense_stream.h:35->firmware/nnet_utils/nnet_dense_stream.h:93]   --->   Operation 1302 'store' 'store_ln35' <Predicate = (i_in_1 == 75)> <Delay = 0.00>
ST_2 : Operation 1303 [1/1] (0.00ns)   --->   "%store_ln35 = store i16 %data_pack_8, i16 %p_0_5_0_0_0797" [firmware/nnet_utils/nnet_dense_stream.h:35->firmware/nnet_utils/nnet_dense_stream.h:93]   --->   Operation 1303 'store' 'store_ln35' <Predicate = (i_in_1 == 75)> <Delay = 0.00>
ST_2 : Operation 1304 [1/1] (0.00ns)   --->   "%store_ln35 = store i16 %data_4, i16 %p_0_4_0_0_0795" [firmware/nnet_utils/nnet_dense_stream.h:35->firmware/nnet_utils/nnet_dense_stream.h:93]   --->   Operation 1304 'store' 'store_ln35' <Predicate = (i_in_1 == 75)> <Delay = 0.00>
ST_2 : Operation 1305 [1/1] (0.00ns)   --->   "%store_ln35 = store i16 %data_pack_7, i16 %p_0_2_0_0_0793" [firmware/nnet_utils/nnet_dense_stream.h:35->firmware/nnet_utils/nnet_dense_stream.h:93]   --->   Operation 1305 'store' 'store_ln35' <Predicate = (i_in_1 == 75)> <Delay = 0.00>
ST_2 : Operation 1306 [1/1] (0.00ns)   --->   "%store_ln35 = store i16 %data_pack, i16 %p_0_1_0_0_0791" [firmware/nnet_utils/nnet_dense_stream.h:35->firmware/nnet_utils/nnet_dense_stream.h:93]   --->   Operation 1306 'store' 'store_ln35' <Predicate = (i_in_1 == 75)> <Delay = 0.00>
ST_2 : Operation 1307 [1/1] (0.00ns)   --->   "%store_ln35 = store i16 %data, i16 %p_0_0_0_0_0789" [firmware/nnet_utils/nnet_dense_stream.h:35->firmware/nnet_utils/nnet_dense_stream.h:93]   --->   Operation 1307 'store' 'store_ln35' <Predicate = (i_in_1 == 75)> <Delay = 0.00>
ST_2 : Operation 1308 [1/1] (0.00ns)   --->   "%br_ln39 = br void %arrayidx.i3.6.exit" [firmware/nnet_utils/nnet_dense_stream.h:39->firmware/nnet_utils/nnet_dense_stream.h:93]   --->   Operation 1308 'br' 'br_ln39' <Predicate = (i_in_1 == 75)> <Delay = 0.00>
ST_2 : Operation 1309 [1/1] (0.00ns)   --->   "%store_ln35 = store i16 %data_pack_9, i16 %p_0_6_0_0_0807" [firmware/nnet_utils/nnet_dense_stream.h:35->firmware/nnet_utils/nnet_dense_stream.h:93]   --->   Operation 1309 'store' 'store_ln35' <Predicate = (i_in_1 == 74)> <Delay = 0.00>
ST_2 : Operation 1310 [1/1] (0.00ns)   --->   "%store_ln35 = store i16 %data_pack_8, i16 %p_0_5_0_0_0805" [firmware/nnet_utils/nnet_dense_stream.h:35->firmware/nnet_utils/nnet_dense_stream.h:93]   --->   Operation 1310 'store' 'store_ln35' <Predicate = (i_in_1 == 74)> <Delay = 0.00>
ST_2 : Operation 1311 [1/1] (0.00ns)   --->   "%store_ln35 = store i16 %data_pack_7, i16 %p_0_2_0_0_0803" [firmware/nnet_utils/nnet_dense_stream.h:35->firmware/nnet_utils/nnet_dense_stream.h:93]   --->   Operation 1311 'store' 'store_ln35' <Predicate = (i_in_1 == 74)> <Delay = 0.00>
ST_2 : Operation 1312 [1/1] (0.00ns)   --->   "%store_ln35 = store i16 %data_pack, i16 %p_0_1_0_0_0801" [firmware/nnet_utils/nnet_dense_stream.h:35->firmware/nnet_utils/nnet_dense_stream.h:93]   --->   Operation 1312 'store' 'store_ln35' <Predicate = (i_in_1 == 74)> <Delay = 0.00>
ST_2 : Operation 1313 [1/1] (0.00ns)   --->   "%br_ln39 = br void %arrayidx.i3.6.exit" [firmware/nnet_utils/nnet_dense_stream.h:39->firmware/nnet_utils/nnet_dense_stream.h:93]   --->   Operation 1313 'br' 'br_ln39' <Predicate = (i_in_1 == 74)> <Delay = 0.00>
ST_2 : Operation 1314 [1/1] (0.00ns)   --->   "%store_ln35 = store i16 %data_pack_9, i16 %p_0_6_0_0_0815" [firmware/nnet_utils/nnet_dense_stream.h:35->firmware/nnet_utils/nnet_dense_stream.h:93]   --->   Operation 1314 'store' 'store_ln35' <Predicate = (i_in_1 == 73)> <Delay = 0.00>
ST_2 : Operation 1315 [1/1] (0.00ns)   --->   "%store_ln35 = store i16 %data_pack_8, i16 %p_0_5_0_0_0813" [firmware/nnet_utils/nnet_dense_stream.h:35->firmware/nnet_utils/nnet_dense_stream.h:93]   --->   Operation 1315 'store' 'store_ln35' <Predicate = (i_in_1 == 73)> <Delay = 0.00>
ST_2 : Operation 1316 [1/1] (0.00ns)   --->   "%store_ln35 = store i16 %data_pack_7, i16 %p_0_2_0_0_0811" [firmware/nnet_utils/nnet_dense_stream.h:35->firmware/nnet_utils/nnet_dense_stream.h:93]   --->   Operation 1316 'store' 'store_ln35' <Predicate = (i_in_1 == 73)> <Delay = 0.00>
ST_2 : Operation 1317 [1/1] (0.00ns)   --->   "%store_ln35 = store i16 %data_pack, i16 %p_0_1_0_0_0809" [firmware/nnet_utils/nnet_dense_stream.h:35->firmware/nnet_utils/nnet_dense_stream.h:93]   --->   Operation 1317 'store' 'store_ln35' <Predicate = (i_in_1 == 73)> <Delay = 0.00>
ST_2 : Operation 1318 [1/1] (0.00ns)   --->   "%br_ln39 = br void %arrayidx.i3.6.exit" [firmware/nnet_utils/nnet_dense_stream.h:39->firmware/nnet_utils/nnet_dense_stream.h:93]   --->   Operation 1318 'br' 'br_ln39' <Predicate = (i_in_1 == 73)> <Delay = 0.00>
ST_2 : Operation 1319 [1/1] (0.00ns)   --->   "%store_ln35 = store i16 %data_pack_9, i16 %p_0_6_0_0_0823" [firmware/nnet_utils/nnet_dense_stream.h:35->firmware/nnet_utils/nnet_dense_stream.h:93]   --->   Operation 1319 'store' 'store_ln35' <Predicate = (i_in_1 == 72)> <Delay = 0.00>
ST_2 : Operation 1320 [1/1] (0.00ns)   --->   "%store_ln35 = store i16 %data_pack_8, i16 %p_0_5_0_0_0821" [firmware/nnet_utils/nnet_dense_stream.h:35->firmware/nnet_utils/nnet_dense_stream.h:93]   --->   Operation 1320 'store' 'store_ln35' <Predicate = (i_in_1 == 72)> <Delay = 0.00>
ST_2 : Operation 1321 [1/1] (0.00ns)   --->   "%store_ln35 = store i16 %data_pack_7, i16 %p_0_2_0_0_0819" [firmware/nnet_utils/nnet_dense_stream.h:35->firmware/nnet_utils/nnet_dense_stream.h:93]   --->   Operation 1321 'store' 'store_ln35' <Predicate = (i_in_1 == 72)> <Delay = 0.00>
ST_2 : Operation 1322 [1/1] (0.00ns)   --->   "%store_ln35 = store i16 %data_pack, i16 %p_0_1_0_0_0817" [firmware/nnet_utils/nnet_dense_stream.h:35->firmware/nnet_utils/nnet_dense_stream.h:93]   --->   Operation 1322 'store' 'store_ln35' <Predicate = (i_in_1 == 72)> <Delay = 0.00>
ST_2 : Operation 1323 [1/1] (0.00ns)   --->   "%br_ln39 = br void %arrayidx.i3.6.exit" [firmware/nnet_utils/nnet_dense_stream.h:39->firmware/nnet_utils/nnet_dense_stream.h:93]   --->   Operation 1323 'br' 'br_ln39' <Predicate = (i_in_1 == 72)> <Delay = 0.00>
ST_2 : Operation 1324 [1/1] (0.00ns)   --->   "%store_ln35 = store i16 %data_pack_9, i16 %p_0_6_0_0_0831" [firmware/nnet_utils/nnet_dense_stream.h:35->firmware/nnet_utils/nnet_dense_stream.h:93]   --->   Operation 1324 'store' 'store_ln35' <Predicate = (i_in_1 == 71)> <Delay = 0.00>
ST_2 : Operation 1325 [1/1] (0.00ns)   --->   "%store_ln35 = store i16 %data_pack_8, i16 %p_0_5_0_0_0829" [firmware/nnet_utils/nnet_dense_stream.h:35->firmware/nnet_utils/nnet_dense_stream.h:93]   --->   Operation 1325 'store' 'store_ln35' <Predicate = (i_in_1 == 71)> <Delay = 0.00>
ST_2 : Operation 1326 [1/1] (0.00ns)   --->   "%store_ln35 = store i16 %data_pack_7, i16 %p_0_2_0_0_0827" [firmware/nnet_utils/nnet_dense_stream.h:35->firmware/nnet_utils/nnet_dense_stream.h:93]   --->   Operation 1326 'store' 'store_ln35' <Predicate = (i_in_1 == 71)> <Delay = 0.00>
ST_2 : Operation 1327 [1/1] (0.00ns)   --->   "%store_ln35 = store i16 %data_pack, i16 %p_0_1_0_0_0825" [firmware/nnet_utils/nnet_dense_stream.h:35->firmware/nnet_utils/nnet_dense_stream.h:93]   --->   Operation 1327 'store' 'store_ln35' <Predicate = (i_in_1 == 71)> <Delay = 0.00>
ST_2 : Operation 1328 [1/1] (0.00ns)   --->   "%br_ln39 = br void %arrayidx.i3.6.exit" [firmware/nnet_utils/nnet_dense_stream.h:39->firmware/nnet_utils/nnet_dense_stream.h:93]   --->   Operation 1328 'br' 'br_ln39' <Predicate = (i_in_1 == 71)> <Delay = 0.00>
ST_2 : Operation 1329 [1/1] (0.00ns)   --->   "%store_ln35 = store i16 %data_pack_9, i16 %p_0_6_0_0_0839" [firmware/nnet_utils/nnet_dense_stream.h:35->firmware/nnet_utils/nnet_dense_stream.h:93]   --->   Operation 1329 'store' 'store_ln35' <Predicate = (i_in_1 == 70)> <Delay = 0.00>
ST_2 : Operation 1330 [1/1] (0.00ns)   --->   "%store_ln35 = store i16 %data_pack_8, i16 %p_0_5_0_0_0837" [firmware/nnet_utils/nnet_dense_stream.h:35->firmware/nnet_utils/nnet_dense_stream.h:93]   --->   Operation 1330 'store' 'store_ln35' <Predicate = (i_in_1 == 70)> <Delay = 0.00>
ST_2 : Operation 1331 [1/1] (0.00ns)   --->   "%store_ln35 = store i16 %data_pack_7, i16 %p_0_2_0_0_0835" [firmware/nnet_utils/nnet_dense_stream.h:35->firmware/nnet_utils/nnet_dense_stream.h:93]   --->   Operation 1331 'store' 'store_ln35' <Predicate = (i_in_1 == 70)> <Delay = 0.00>
ST_2 : Operation 1332 [1/1] (0.00ns)   --->   "%store_ln35 = store i16 %data_pack, i16 %p_0_1_0_0_0833" [firmware/nnet_utils/nnet_dense_stream.h:35->firmware/nnet_utils/nnet_dense_stream.h:93]   --->   Operation 1332 'store' 'store_ln35' <Predicate = (i_in_1 == 70)> <Delay = 0.00>
ST_2 : Operation 1333 [1/1] (0.00ns)   --->   "%br_ln39 = br void %arrayidx.i3.6.exit" [firmware/nnet_utils/nnet_dense_stream.h:39->firmware/nnet_utils/nnet_dense_stream.h:93]   --->   Operation 1333 'br' 'br_ln39' <Predicate = (i_in_1 == 70)> <Delay = 0.00>
ST_2 : Operation 1334 [1/1] (0.00ns)   --->   "%store_ln35 = store i16 %data_pack_9, i16 %p_0_6_0_0_0847" [firmware/nnet_utils/nnet_dense_stream.h:35->firmware/nnet_utils/nnet_dense_stream.h:93]   --->   Operation 1334 'store' 'store_ln35' <Predicate = (i_in_1 == 69)> <Delay = 0.00>
ST_2 : Operation 1335 [1/1] (0.00ns)   --->   "%store_ln35 = store i16 %data_pack_8, i16 %p_0_5_0_0_0845" [firmware/nnet_utils/nnet_dense_stream.h:35->firmware/nnet_utils/nnet_dense_stream.h:93]   --->   Operation 1335 'store' 'store_ln35' <Predicate = (i_in_1 == 69)> <Delay = 0.00>
ST_2 : Operation 1336 [1/1] (0.00ns)   --->   "%store_ln35 = store i16 %data_pack_7, i16 %p_0_2_0_0_0843" [firmware/nnet_utils/nnet_dense_stream.h:35->firmware/nnet_utils/nnet_dense_stream.h:93]   --->   Operation 1336 'store' 'store_ln35' <Predicate = (i_in_1 == 69)> <Delay = 0.00>
ST_2 : Operation 1337 [1/1] (0.00ns)   --->   "%store_ln35 = store i16 %data_pack, i16 %p_0_1_0_0_0841" [firmware/nnet_utils/nnet_dense_stream.h:35->firmware/nnet_utils/nnet_dense_stream.h:93]   --->   Operation 1337 'store' 'store_ln35' <Predicate = (i_in_1 == 69)> <Delay = 0.00>
ST_2 : Operation 1338 [1/1] (0.00ns)   --->   "%br_ln39 = br void %arrayidx.i3.6.exit" [firmware/nnet_utils/nnet_dense_stream.h:39->firmware/nnet_utils/nnet_dense_stream.h:93]   --->   Operation 1338 'br' 'br_ln39' <Predicate = (i_in_1 == 69)> <Delay = 0.00>
ST_2 : Operation 1339 [1/1] (0.00ns)   --->   "%store_ln35 = store i16 %data_pack_9, i16 %p_0_6_0_0_0855" [firmware/nnet_utils/nnet_dense_stream.h:35->firmware/nnet_utils/nnet_dense_stream.h:93]   --->   Operation 1339 'store' 'store_ln35' <Predicate = (i_in_1 == 68)> <Delay = 0.00>
ST_2 : Operation 1340 [1/1] (0.00ns)   --->   "%store_ln35 = store i16 %data_pack_8, i16 %p_0_5_0_0_0853" [firmware/nnet_utils/nnet_dense_stream.h:35->firmware/nnet_utils/nnet_dense_stream.h:93]   --->   Operation 1340 'store' 'store_ln35' <Predicate = (i_in_1 == 68)> <Delay = 0.00>
ST_2 : Operation 1341 [1/1] (0.00ns)   --->   "%store_ln35 = store i16 %data_pack_7, i16 %p_0_2_0_0_0851" [firmware/nnet_utils/nnet_dense_stream.h:35->firmware/nnet_utils/nnet_dense_stream.h:93]   --->   Operation 1341 'store' 'store_ln35' <Predicate = (i_in_1 == 68)> <Delay = 0.00>
ST_2 : Operation 1342 [1/1] (0.00ns)   --->   "%store_ln35 = store i16 %data_pack, i16 %p_0_1_0_0_0849" [firmware/nnet_utils/nnet_dense_stream.h:35->firmware/nnet_utils/nnet_dense_stream.h:93]   --->   Operation 1342 'store' 'store_ln35' <Predicate = (i_in_1 == 68)> <Delay = 0.00>
ST_2 : Operation 1343 [1/1] (0.00ns)   --->   "%br_ln39 = br void %arrayidx.i3.6.exit" [firmware/nnet_utils/nnet_dense_stream.h:39->firmware/nnet_utils/nnet_dense_stream.h:93]   --->   Operation 1343 'br' 'br_ln39' <Predicate = (i_in_1 == 68)> <Delay = 0.00>
ST_2 : Operation 1344 [1/1] (0.00ns)   --->   "%store_ln35 = store i16 %data_pack_9, i16 %p_0_6_0_0_0865" [firmware/nnet_utils/nnet_dense_stream.h:35->firmware/nnet_utils/nnet_dense_stream.h:93]   --->   Operation 1344 'store' 'store_ln35' <Predicate = (i_in_1 == 67)> <Delay = 0.00>
ST_2 : Operation 1345 [1/1] (0.00ns)   --->   "%store_ln35 = store i16 %data_pack_8, i16 %p_0_5_0_0_0863" [firmware/nnet_utils/nnet_dense_stream.h:35->firmware/nnet_utils/nnet_dense_stream.h:93]   --->   Operation 1345 'store' 'store_ln35' <Predicate = (i_in_1 == 67)> <Delay = 0.00>
ST_2 : Operation 1346 [1/1] (0.00ns)   --->   "%store_ln35 = store i16 %data_pack_7, i16 %p_0_2_0_0_0861" [firmware/nnet_utils/nnet_dense_stream.h:35->firmware/nnet_utils/nnet_dense_stream.h:93]   --->   Operation 1346 'store' 'store_ln35' <Predicate = (i_in_1 == 67)> <Delay = 0.00>
ST_2 : Operation 1347 [1/1] (0.00ns)   --->   "%store_ln35 = store i16 %data_pack, i16 %p_0_1_0_0_0859" [firmware/nnet_utils/nnet_dense_stream.h:35->firmware/nnet_utils/nnet_dense_stream.h:93]   --->   Operation 1347 'store' 'store_ln35' <Predicate = (i_in_1 == 67)> <Delay = 0.00>
ST_2 : Operation 1348 [1/1] (0.00ns)   --->   "%store_ln35 = store i16 %data, i16 %p_0_0_0_0_0857" [firmware/nnet_utils/nnet_dense_stream.h:35->firmware/nnet_utils/nnet_dense_stream.h:93]   --->   Operation 1348 'store' 'store_ln35' <Predicate = (i_in_1 == 67)> <Delay = 0.00>
ST_2 : Operation 1349 [1/1] (0.00ns)   --->   "%br_ln39 = br void %arrayidx.i3.6.exit" [firmware/nnet_utils/nnet_dense_stream.h:39->firmware/nnet_utils/nnet_dense_stream.h:93]   --->   Operation 1349 'br' 'br_ln39' <Predicate = (i_in_1 == 67)> <Delay = 0.00>
ST_2 : Operation 1350 [1/1] (0.00ns)   --->   "%store_ln35 = store i16 %data_pack_9, i16 %p_0_6_0_0_0875" [firmware/nnet_utils/nnet_dense_stream.h:35->firmware/nnet_utils/nnet_dense_stream.h:93]   --->   Operation 1350 'store' 'store_ln35' <Predicate = (i_in_1 == 66)> <Delay = 0.00>
ST_2 : Operation 1351 [1/1] (0.00ns)   --->   "%store_ln35 = store i16 %data_pack_8, i16 %p_0_5_0_0_0873" [firmware/nnet_utils/nnet_dense_stream.h:35->firmware/nnet_utils/nnet_dense_stream.h:93]   --->   Operation 1351 'store' 'store_ln35' <Predicate = (i_in_1 == 66)> <Delay = 0.00>
ST_2 : Operation 1352 [1/1] (0.00ns)   --->   "%store_ln35 = store i16 %data_pack_7, i16 %p_0_2_0_0_0871" [firmware/nnet_utils/nnet_dense_stream.h:35->firmware/nnet_utils/nnet_dense_stream.h:93]   --->   Operation 1352 'store' 'store_ln35' <Predicate = (i_in_1 == 66)> <Delay = 0.00>
ST_2 : Operation 1353 [1/1] (0.00ns)   --->   "%store_ln35 = store i16 %data_pack, i16 %p_0_1_0_0_0869" [firmware/nnet_utils/nnet_dense_stream.h:35->firmware/nnet_utils/nnet_dense_stream.h:93]   --->   Operation 1353 'store' 'store_ln35' <Predicate = (i_in_1 == 66)> <Delay = 0.00>
ST_2 : Operation 1354 [1/1] (0.00ns)   --->   "%store_ln35 = store i16 %data, i16 %p_0_0_0_0_0867" [firmware/nnet_utils/nnet_dense_stream.h:35->firmware/nnet_utils/nnet_dense_stream.h:93]   --->   Operation 1354 'store' 'store_ln35' <Predicate = (i_in_1 == 66)> <Delay = 0.00>
ST_2 : Operation 1355 [1/1] (0.00ns)   --->   "%br_ln39 = br void %arrayidx.i3.6.exit" [firmware/nnet_utils/nnet_dense_stream.h:39->firmware/nnet_utils/nnet_dense_stream.h:93]   --->   Operation 1355 'br' 'br_ln39' <Predicate = (i_in_1 == 66)> <Delay = 0.00>
ST_2 : Operation 1356 [1/1] (0.00ns)   --->   "%store_ln35 = store i16 %data_pack_9, i16 %p_0_6_0_0_0885" [firmware/nnet_utils/nnet_dense_stream.h:35->firmware/nnet_utils/nnet_dense_stream.h:93]   --->   Operation 1356 'store' 'store_ln35' <Predicate = (i_in_1 == 65)> <Delay = 0.00>
ST_2 : Operation 1357 [1/1] (0.00ns)   --->   "%store_ln35 = store i16 %data_pack_8, i16 %p_0_5_0_0_0883" [firmware/nnet_utils/nnet_dense_stream.h:35->firmware/nnet_utils/nnet_dense_stream.h:93]   --->   Operation 1357 'store' 'store_ln35' <Predicate = (i_in_1 == 65)> <Delay = 0.00>
ST_2 : Operation 1358 [1/1] (0.00ns)   --->   "%store_ln35 = store i16 %data_3, i16 %p_0_3_0_0_0881" [firmware/nnet_utils/nnet_dense_stream.h:35->firmware/nnet_utils/nnet_dense_stream.h:93]   --->   Operation 1358 'store' 'store_ln35' <Predicate = (i_in_1 == 65)> <Delay = 0.00>
ST_2 : Operation 1359 [1/1] (0.00ns)   --->   "%store_ln35 = store i16 %data_pack_7, i16 %p_0_2_0_0_0879" [firmware/nnet_utils/nnet_dense_stream.h:35->firmware/nnet_utils/nnet_dense_stream.h:93]   --->   Operation 1359 'store' 'store_ln35' <Predicate = (i_in_1 == 65)> <Delay = 0.00>
ST_2 : Operation 1360 [1/1] (0.00ns)   --->   "%store_ln35 = store i16 %data_pack, i16 %p_0_1_0_0_0877" [firmware/nnet_utils/nnet_dense_stream.h:35->firmware/nnet_utils/nnet_dense_stream.h:93]   --->   Operation 1360 'store' 'store_ln35' <Predicate = (i_in_1 == 65)> <Delay = 0.00>
ST_2 : Operation 1361 [1/1] (0.00ns)   --->   "%br_ln39 = br void %arrayidx.i3.6.exit" [firmware/nnet_utils/nnet_dense_stream.h:39->firmware/nnet_utils/nnet_dense_stream.h:93]   --->   Operation 1361 'br' 'br_ln39' <Predicate = (i_in_1 == 65)> <Delay = 0.00>
ST_2 : Operation 1362 [1/1] (0.00ns)   --->   "%store_ln35 = store i16 %data_pack_9, i16 %p_0_6_0_0_0895" [firmware/nnet_utils/nnet_dense_stream.h:35->firmware/nnet_utils/nnet_dense_stream.h:93]   --->   Operation 1362 'store' 'store_ln35' <Predicate = (i_in_1 == 64)> <Delay = 0.00>
ST_2 : Operation 1363 [1/1] (0.00ns)   --->   "%store_ln35 = store i16 %data_pack_8, i16 %p_0_5_0_0_0893" [firmware/nnet_utils/nnet_dense_stream.h:35->firmware/nnet_utils/nnet_dense_stream.h:93]   --->   Operation 1363 'store' 'store_ln35' <Predicate = (i_in_1 == 64)> <Delay = 0.00>
ST_2 : Operation 1364 [1/1] (0.00ns)   --->   "%store_ln35 = store i16 %data_3, i16 %p_0_3_0_0_0891" [firmware/nnet_utils/nnet_dense_stream.h:35->firmware/nnet_utils/nnet_dense_stream.h:93]   --->   Operation 1364 'store' 'store_ln35' <Predicate = (i_in_1 == 64)> <Delay = 0.00>
ST_2 : Operation 1365 [1/1] (0.00ns)   --->   "%store_ln35 = store i16 %data_pack_7, i16 %p_0_2_0_0_0889" [firmware/nnet_utils/nnet_dense_stream.h:35->firmware/nnet_utils/nnet_dense_stream.h:93]   --->   Operation 1365 'store' 'store_ln35' <Predicate = (i_in_1 == 64)> <Delay = 0.00>
ST_2 : Operation 1366 [1/1] (0.00ns)   --->   "%store_ln35 = store i16 %data_pack, i16 %p_0_1_0_0_0887" [firmware/nnet_utils/nnet_dense_stream.h:35->firmware/nnet_utils/nnet_dense_stream.h:93]   --->   Operation 1366 'store' 'store_ln35' <Predicate = (i_in_1 == 64)> <Delay = 0.00>
ST_2 : Operation 1367 [1/1] (0.00ns)   --->   "%br_ln39 = br void %arrayidx.i3.6.exit" [firmware/nnet_utils/nnet_dense_stream.h:39->firmware/nnet_utils/nnet_dense_stream.h:93]   --->   Operation 1367 'br' 'br_ln39' <Predicate = (i_in_1 == 64)> <Delay = 0.00>
ST_2 : Operation 1368 [1/1] (0.00ns)   --->   "%store_ln35 = store i16 %data_pack_9, i16 %p_0_6_0_0_0907" [firmware/nnet_utils/nnet_dense_stream.h:35->firmware/nnet_utils/nnet_dense_stream.h:93]   --->   Operation 1368 'store' 'store_ln35' <Predicate = (i_in_1 == 63)> <Delay = 0.00>
ST_2 : Operation 1369 [1/1] (0.00ns)   --->   "%store_ln35 = store i16 %data_pack_8, i16 %p_0_5_0_0_0905" [firmware/nnet_utils/nnet_dense_stream.h:35->firmware/nnet_utils/nnet_dense_stream.h:93]   --->   Operation 1369 'store' 'store_ln35' <Predicate = (i_in_1 == 63)> <Delay = 0.00>
ST_2 : Operation 1370 [1/1] (0.00ns)   --->   "%store_ln35 = store i16 %data_3, i16 %p_0_3_0_0_0903" [firmware/nnet_utils/nnet_dense_stream.h:35->firmware/nnet_utils/nnet_dense_stream.h:93]   --->   Operation 1370 'store' 'store_ln35' <Predicate = (i_in_1 == 63)> <Delay = 0.00>
ST_2 : Operation 1371 [1/1] (0.00ns)   --->   "%store_ln35 = store i16 %data_pack_7, i16 %p_0_2_0_0_0901" [firmware/nnet_utils/nnet_dense_stream.h:35->firmware/nnet_utils/nnet_dense_stream.h:93]   --->   Operation 1371 'store' 'store_ln35' <Predicate = (i_in_1 == 63)> <Delay = 0.00>
ST_2 : Operation 1372 [1/1] (0.00ns)   --->   "%store_ln35 = store i16 %data_pack, i16 %p_0_1_0_0_0899" [firmware/nnet_utils/nnet_dense_stream.h:35->firmware/nnet_utils/nnet_dense_stream.h:93]   --->   Operation 1372 'store' 'store_ln35' <Predicate = (i_in_1 == 63)> <Delay = 0.00>
ST_2 : Operation 1373 [1/1] (0.00ns)   --->   "%store_ln35 = store i16 %data, i16 %p_0_0_0_0_0897" [firmware/nnet_utils/nnet_dense_stream.h:35->firmware/nnet_utils/nnet_dense_stream.h:93]   --->   Operation 1373 'store' 'store_ln35' <Predicate = (i_in_1 == 63)> <Delay = 0.00>
ST_2 : Operation 1374 [1/1] (0.00ns)   --->   "%br_ln39 = br void %arrayidx.i3.6.exit" [firmware/nnet_utils/nnet_dense_stream.h:39->firmware/nnet_utils/nnet_dense_stream.h:93]   --->   Operation 1374 'br' 'br_ln39' <Predicate = (i_in_1 == 63)> <Delay = 0.00>
ST_2 : Operation 1375 [1/1] (0.00ns)   --->   "%store_ln35 = store i16 %data_pack_9, i16 %p_0_6_0_0_0917" [firmware/nnet_utils/nnet_dense_stream.h:35->firmware/nnet_utils/nnet_dense_stream.h:93]   --->   Operation 1375 'store' 'store_ln35' <Predicate = (i_in_1 == 62)> <Delay = 0.00>
ST_2 : Operation 1376 [1/1] (0.00ns)   --->   "%store_ln35 = store i16 %data_3, i16 %p_0_3_0_0_0915" [firmware/nnet_utils/nnet_dense_stream.h:35->firmware/nnet_utils/nnet_dense_stream.h:93]   --->   Operation 1376 'store' 'store_ln35' <Predicate = (i_in_1 == 62)> <Delay = 0.00>
ST_2 : Operation 1377 [1/1] (0.00ns)   --->   "%store_ln35 = store i16 %data_pack_7, i16 %p_0_2_0_0_0913" [firmware/nnet_utils/nnet_dense_stream.h:35->firmware/nnet_utils/nnet_dense_stream.h:93]   --->   Operation 1377 'store' 'store_ln35' <Predicate = (i_in_1 == 62)> <Delay = 0.00>
ST_2 : Operation 1378 [1/1] (0.00ns)   --->   "%store_ln35 = store i16 %data_pack, i16 %p_0_1_0_0_0911" [firmware/nnet_utils/nnet_dense_stream.h:35->firmware/nnet_utils/nnet_dense_stream.h:93]   --->   Operation 1378 'store' 'store_ln35' <Predicate = (i_in_1 == 62)> <Delay = 0.00>
ST_2 : Operation 1379 [1/1] (0.00ns)   --->   "%store_ln35 = store i16 %data, i16 %p_0_0_0_0_0909" [firmware/nnet_utils/nnet_dense_stream.h:35->firmware/nnet_utils/nnet_dense_stream.h:93]   --->   Operation 1379 'store' 'store_ln35' <Predicate = (i_in_1 == 62)> <Delay = 0.00>
ST_2 : Operation 1380 [1/1] (0.00ns)   --->   "%br_ln39 = br void %arrayidx.i3.6.exit" [firmware/nnet_utils/nnet_dense_stream.h:39->firmware/nnet_utils/nnet_dense_stream.h:93]   --->   Operation 1380 'br' 'br_ln39' <Predicate = (i_in_1 == 62)> <Delay = 0.00>
ST_2 : Operation 1381 [1/1] (0.00ns)   --->   "%store_ln35 = store i16 %data_pack_9, i16 %p_0_6_0_0_0927" [firmware/nnet_utils/nnet_dense_stream.h:35->firmware/nnet_utils/nnet_dense_stream.h:93]   --->   Operation 1381 'store' 'store_ln35' <Predicate = (i_in_1 == 61)> <Delay = 0.00>
ST_2 : Operation 1382 [1/1] (0.00ns)   --->   "%store_ln35 = store i16 %data_3, i16 %p_0_3_0_0_0925" [firmware/nnet_utils/nnet_dense_stream.h:35->firmware/nnet_utils/nnet_dense_stream.h:93]   --->   Operation 1382 'store' 'store_ln35' <Predicate = (i_in_1 == 61)> <Delay = 0.00>
ST_2 : Operation 1383 [1/1] (0.00ns)   --->   "%store_ln35 = store i16 %data_pack_7, i16 %p_0_2_0_0_0923" [firmware/nnet_utils/nnet_dense_stream.h:35->firmware/nnet_utils/nnet_dense_stream.h:93]   --->   Operation 1383 'store' 'store_ln35' <Predicate = (i_in_1 == 61)> <Delay = 0.00>
ST_2 : Operation 1384 [1/1] (0.00ns)   --->   "%store_ln35 = store i16 %data_pack, i16 %p_0_1_0_0_0921" [firmware/nnet_utils/nnet_dense_stream.h:35->firmware/nnet_utils/nnet_dense_stream.h:93]   --->   Operation 1384 'store' 'store_ln35' <Predicate = (i_in_1 == 61)> <Delay = 0.00>
ST_2 : Operation 1385 [1/1] (0.00ns)   --->   "%store_ln35 = store i16 %data, i16 %p_0_0_0_0_0919" [firmware/nnet_utils/nnet_dense_stream.h:35->firmware/nnet_utils/nnet_dense_stream.h:93]   --->   Operation 1385 'store' 'store_ln35' <Predicate = (i_in_1 == 61)> <Delay = 0.00>
ST_2 : Operation 1386 [1/1] (0.00ns)   --->   "%br_ln39 = br void %arrayidx.i3.6.exit" [firmware/nnet_utils/nnet_dense_stream.h:39->firmware/nnet_utils/nnet_dense_stream.h:93]   --->   Operation 1386 'br' 'br_ln39' <Predicate = (i_in_1 == 61)> <Delay = 0.00>
ST_2 : Operation 1387 [1/1] (0.00ns)   --->   "%store_ln35 = store i16 %data_pack_9, i16 %p_0_6_0_0_0939" [firmware/nnet_utils/nnet_dense_stream.h:35->firmware/nnet_utils/nnet_dense_stream.h:93]   --->   Operation 1387 'store' 'store_ln35' <Predicate = (i_in_1 == 60)> <Delay = 0.00>
ST_2 : Operation 1388 [1/1] (0.00ns)   --->   "%store_ln35 = store i16 %data_pack_8, i16 %p_0_5_0_0_0937" [firmware/nnet_utils/nnet_dense_stream.h:35->firmware/nnet_utils/nnet_dense_stream.h:93]   --->   Operation 1388 'store' 'store_ln35' <Predicate = (i_in_1 == 60)> <Delay = 0.00>
ST_2 : Operation 1389 [1/1] (0.00ns)   --->   "%store_ln35 = store i16 %data_3, i16 %p_0_3_0_0_0935" [firmware/nnet_utils/nnet_dense_stream.h:35->firmware/nnet_utils/nnet_dense_stream.h:93]   --->   Operation 1389 'store' 'store_ln35' <Predicate = (i_in_1 == 60)> <Delay = 0.00>
ST_2 : Operation 1390 [1/1] (0.00ns)   --->   "%store_ln35 = store i16 %data_pack_7, i16 %p_0_2_0_0_0933" [firmware/nnet_utils/nnet_dense_stream.h:35->firmware/nnet_utils/nnet_dense_stream.h:93]   --->   Operation 1390 'store' 'store_ln35' <Predicate = (i_in_1 == 60)> <Delay = 0.00>
ST_2 : Operation 1391 [1/1] (0.00ns)   --->   "%store_ln35 = store i16 %data_pack, i16 %p_0_1_0_0_0931" [firmware/nnet_utils/nnet_dense_stream.h:35->firmware/nnet_utils/nnet_dense_stream.h:93]   --->   Operation 1391 'store' 'store_ln35' <Predicate = (i_in_1 == 60)> <Delay = 0.00>
ST_2 : Operation 1392 [1/1] (0.00ns)   --->   "%store_ln35 = store i16 %data, i16 %p_0_0_0_0_0929" [firmware/nnet_utils/nnet_dense_stream.h:35->firmware/nnet_utils/nnet_dense_stream.h:93]   --->   Operation 1392 'store' 'store_ln35' <Predicate = (i_in_1 == 60)> <Delay = 0.00>
ST_2 : Operation 1393 [1/1] (0.00ns)   --->   "%br_ln39 = br void %arrayidx.i3.6.exit" [firmware/nnet_utils/nnet_dense_stream.h:39->firmware/nnet_utils/nnet_dense_stream.h:93]   --->   Operation 1393 'br' 'br_ln39' <Predicate = (i_in_1 == 60)> <Delay = 0.00>
ST_2 : Operation 1394 [1/1] (0.00ns)   --->   "%store_ln35 = store i16 %data_pack_9, i16 %p_0_6_0_0_0951" [firmware/nnet_utils/nnet_dense_stream.h:35->firmware/nnet_utils/nnet_dense_stream.h:93]   --->   Operation 1394 'store' 'store_ln35' <Predicate = (i_in_1 == 59)> <Delay = 0.00>
ST_2 : Operation 1395 [1/1] (0.00ns)   --->   "%store_ln35 = store i16 %data_4, i16 %p_0_4_0_0_0949" [firmware/nnet_utils/nnet_dense_stream.h:35->firmware/nnet_utils/nnet_dense_stream.h:93]   --->   Operation 1395 'store' 'store_ln35' <Predicate = (i_in_1 == 59)> <Delay = 0.00>
ST_2 : Operation 1396 [1/1] (0.00ns)   --->   "%store_ln35 = store i16 %data_3, i16 %p_0_3_0_0_0947" [firmware/nnet_utils/nnet_dense_stream.h:35->firmware/nnet_utils/nnet_dense_stream.h:93]   --->   Operation 1396 'store' 'store_ln35' <Predicate = (i_in_1 == 59)> <Delay = 0.00>
ST_2 : Operation 1397 [1/1] (0.00ns)   --->   "%store_ln35 = store i16 %data_pack_7, i16 %p_0_2_0_0_0945" [firmware/nnet_utils/nnet_dense_stream.h:35->firmware/nnet_utils/nnet_dense_stream.h:93]   --->   Operation 1397 'store' 'store_ln35' <Predicate = (i_in_1 == 59)> <Delay = 0.00>
ST_2 : Operation 1398 [1/1] (0.00ns)   --->   "%store_ln35 = store i16 %data_pack, i16 %p_0_1_0_0_0943" [firmware/nnet_utils/nnet_dense_stream.h:35->firmware/nnet_utils/nnet_dense_stream.h:93]   --->   Operation 1398 'store' 'store_ln35' <Predicate = (i_in_1 == 59)> <Delay = 0.00>
ST_2 : Operation 1399 [1/1] (0.00ns)   --->   "%store_ln35 = store i16 %data, i16 %p_0_0_0_0_0941" [firmware/nnet_utils/nnet_dense_stream.h:35->firmware/nnet_utils/nnet_dense_stream.h:93]   --->   Operation 1399 'store' 'store_ln35' <Predicate = (i_in_1 == 59)> <Delay = 0.00>
ST_2 : Operation 1400 [1/1] (0.00ns)   --->   "%br_ln39 = br void %arrayidx.i3.6.exit" [firmware/nnet_utils/nnet_dense_stream.h:39->firmware/nnet_utils/nnet_dense_stream.h:93]   --->   Operation 1400 'br' 'br_ln39' <Predicate = (i_in_1 == 59)> <Delay = 0.00>
ST_2 : Operation 1401 [1/1] (0.00ns)   --->   "%store_ln35 = store i16 %data_pack_9, i16 %p_0_6_0_0_0963" [firmware/nnet_utils/nnet_dense_stream.h:35->firmware/nnet_utils/nnet_dense_stream.h:93]   --->   Operation 1401 'store' 'store_ln35' <Predicate = (i_in_1 == 58)> <Delay = 0.00>
ST_2 : Operation 1402 [1/1] (0.00ns)   --->   "%store_ln35 = store i16 %data_4, i16 %p_0_4_0_0_0961" [firmware/nnet_utils/nnet_dense_stream.h:35->firmware/nnet_utils/nnet_dense_stream.h:93]   --->   Operation 1402 'store' 'store_ln35' <Predicate = (i_in_1 == 58)> <Delay = 0.00>
ST_2 : Operation 1403 [1/1] (0.00ns)   --->   "%store_ln35 = store i16 %data_3, i16 %p_0_3_0_0_0959" [firmware/nnet_utils/nnet_dense_stream.h:35->firmware/nnet_utils/nnet_dense_stream.h:93]   --->   Operation 1403 'store' 'store_ln35' <Predicate = (i_in_1 == 58)> <Delay = 0.00>
ST_2 : Operation 1404 [1/1] (0.00ns)   --->   "%store_ln35 = store i16 %data_pack_7, i16 %p_0_2_0_0_0957" [firmware/nnet_utils/nnet_dense_stream.h:35->firmware/nnet_utils/nnet_dense_stream.h:93]   --->   Operation 1404 'store' 'store_ln35' <Predicate = (i_in_1 == 58)> <Delay = 0.00>
ST_2 : Operation 1405 [1/1] (0.00ns)   --->   "%store_ln35 = store i16 %data_pack, i16 %p_0_1_0_0_0955" [firmware/nnet_utils/nnet_dense_stream.h:35->firmware/nnet_utils/nnet_dense_stream.h:93]   --->   Operation 1405 'store' 'store_ln35' <Predicate = (i_in_1 == 58)> <Delay = 0.00>
ST_2 : Operation 1406 [1/1] (0.00ns)   --->   "%store_ln35 = store i16 %data, i16 %p_0_0_0_0_0953" [firmware/nnet_utils/nnet_dense_stream.h:35->firmware/nnet_utils/nnet_dense_stream.h:93]   --->   Operation 1406 'store' 'store_ln35' <Predicate = (i_in_1 == 58)> <Delay = 0.00>
ST_2 : Operation 1407 [1/1] (0.00ns)   --->   "%br_ln39 = br void %arrayidx.i3.6.exit" [firmware/nnet_utils/nnet_dense_stream.h:39->firmware/nnet_utils/nnet_dense_stream.h:93]   --->   Operation 1407 'br' 'br_ln39' <Predicate = (i_in_1 == 58)> <Delay = 0.00>
ST_2 : Operation 1408 [1/1] (0.00ns)   --->   "%store_ln35 = store i16 %data_pack_9, i16 %p_0_6_0_0_0975" [firmware/nnet_utils/nnet_dense_stream.h:35->firmware/nnet_utils/nnet_dense_stream.h:93]   --->   Operation 1408 'store' 'store_ln35' <Predicate = (i_in_1 == 57)> <Delay = 0.00>
ST_2 : Operation 1409 [1/1] (0.00ns)   --->   "%store_ln35 = store i16 %data_4, i16 %p_0_4_0_0_0973" [firmware/nnet_utils/nnet_dense_stream.h:35->firmware/nnet_utils/nnet_dense_stream.h:93]   --->   Operation 1409 'store' 'store_ln35' <Predicate = (i_in_1 == 57)> <Delay = 0.00>
ST_2 : Operation 1410 [1/1] (0.00ns)   --->   "%store_ln35 = store i16 %data_3, i16 %p_0_3_0_0_0971" [firmware/nnet_utils/nnet_dense_stream.h:35->firmware/nnet_utils/nnet_dense_stream.h:93]   --->   Operation 1410 'store' 'store_ln35' <Predicate = (i_in_1 == 57)> <Delay = 0.00>
ST_2 : Operation 1411 [1/1] (0.00ns)   --->   "%store_ln35 = store i16 %data_pack_7, i16 %p_0_2_0_0_0969" [firmware/nnet_utils/nnet_dense_stream.h:35->firmware/nnet_utils/nnet_dense_stream.h:93]   --->   Operation 1411 'store' 'store_ln35' <Predicate = (i_in_1 == 57)> <Delay = 0.00>
ST_2 : Operation 1412 [1/1] (0.00ns)   --->   "%store_ln35 = store i16 %data_pack, i16 %p_0_1_0_0_0967" [firmware/nnet_utils/nnet_dense_stream.h:35->firmware/nnet_utils/nnet_dense_stream.h:93]   --->   Operation 1412 'store' 'store_ln35' <Predicate = (i_in_1 == 57)> <Delay = 0.00>
ST_2 : Operation 1413 [1/1] (0.00ns)   --->   "%store_ln35 = store i16 %data, i16 %p_0_0_0_0_0965" [firmware/nnet_utils/nnet_dense_stream.h:35->firmware/nnet_utils/nnet_dense_stream.h:93]   --->   Operation 1413 'store' 'store_ln35' <Predicate = (i_in_1 == 57)> <Delay = 0.00>
ST_2 : Operation 1414 [1/1] (0.00ns)   --->   "%br_ln39 = br void %arrayidx.i3.6.exit" [firmware/nnet_utils/nnet_dense_stream.h:39->firmware/nnet_utils/nnet_dense_stream.h:93]   --->   Operation 1414 'br' 'br_ln39' <Predicate = (i_in_1 == 57)> <Delay = 0.00>
ST_2 : Operation 1415 [1/1] (0.00ns)   --->   "%store_ln35 = store i16 %data_pack_9, i16 %p_0_6_0_0_0987" [firmware/nnet_utils/nnet_dense_stream.h:35->firmware/nnet_utils/nnet_dense_stream.h:93]   --->   Operation 1415 'store' 'store_ln35' <Predicate = (i_in_1 == 56)> <Delay = 0.00>
ST_2 : Operation 1416 [1/1] (0.00ns)   --->   "%store_ln35 = store i16 %data_4, i16 %p_0_4_0_0_0985" [firmware/nnet_utils/nnet_dense_stream.h:35->firmware/nnet_utils/nnet_dense_stream.h:93]   --->   Operation 1416 'store' 'store_ln35' <Predicate = (i_in_1 == 56)> <Delay = 0.00>
ST_2 : Operation 1417 [1/1] (0.00ns)   --->   "%store_ln35 = store i16 %data_3, i16 %p_0_3_0_0_0983" [firmware/nnet_utils/nnet_dense_stream.h:35->firmware/nnet_utils/nnet_dense_stream.h:93]   --->   Operation 1417 'store' 'store_ln35' <Predicate = (i_in_1 == 56)> <Delay = 0.00>
ST_2 : Operation 1418 [1/1] (0.00ns)   --->   "%store_ln35 = store i16 %data_pack_7, i16 %p_0_2_0_0_0981" [firmware/nnet_utils/nnet_dense_stream.h:35->firmware/nnet_utils/nnet_dense_stream.h:93]   --->   Operation 1418 'store' 'store_ln35' <Predicate = (i_in_1 == 56)> <Delay = 0.00>
ST_2 : Operation 1419 [1/1] (0.00ns)   --->   "%store_ln35 = store i16 %data_pack, i16 %p_0_1_0_0_0979" [firmware/nnet_utils/nnet_dense_stream.h:35->firmware/nnet_utils/nnet_dense_stream.h:93]   --->   Operation 1419 'store' 'store_ln35' <Predicate = (i_in_1 == 56)> <Delay = 0.00>
ST_2 : Operation 1420 [1/1] (0.00ns)   --->   "%store_ln35 = store i16 %data, i16 %p_0_0_0_0_0977" [firmware/nnet_utils/nnet_dense_stream.h:35->firmware/nnet_utils/nnet_dense_stream.h:93]   --->   Operation 1420 'store' 'store_ln35' <Predicate = (i_in_1 == 56)> <Delay = 0.00>
ST_2 : Operation 1421 [1/1] (0.00ns)   --->   "%br_ln39 = br void %arrayidx.i3.6.exit" [firmware/nnet_utils/nnet_dense_stream.h:39->firmware/nnet_utils/nnet_dense_stream.h:93]   --->   Operation 1421 'br' 'br_ln39' <Predicate = (i_in_1 == 56)> <Delay = 0.00>
ST_2 : Operation 1422 [1/1] (0.00ns)   --->   "%store_ln35 = store i16 %data_pack_8, i16 %p_0_5_0_0_0999" [firmware/nnet_utils/nnet_dense_stream.h:35->firmware/nnet_utils/nnet_dense_stream.h:93]   --->   Operation 1422 'store' 'store_ln35' <Predicate = (i_in_1 == 55)> <Delay = 0.00>
ST_2 : Operation 1423 [1/1] (0.00ns)   --->   "%store_ln35 = store i16 %data_4, i16 %p_0_4_0_0_0997" [firmware/nnet_utils/nnet_dense_stream.h:35->firmware/nnet_utils/nnet_dense_stream.h:93]   --->   Operation 1423 'store' 'store_ln35' <Predicate = (i_in_1 == 55)> <Delay = 0.00>
ST_2 : Operation 1424 [1/1] (0.00ns)   --->   "%store_ln35 = store i16 %data_3, i16 %p_0_3_0_0_0995" [firmware/nnet_utils/nnet_dense_stream.h:35->firmware/nnet_utils/nnet_dense_stream.h:93]   --->   Operation 1424 'store' 'store_ln35' <Predicate = (i_in_1 == 55)> <Delay = 0.00>
ST_2 : Operation 1425 [1/1] (0.00ns)   --->   "%store_ln35 = store i16 %data_pack_7, i16 %p_0_2_0_0_0993" [firmware/nnet_utils/nnet_dense_stream.h:35->firmware/nnet_utils/nnet_dense_stream.h:93]   --->   Operation 1425 'store' 'store_ln35' <Predicate = (i_in_1 == 55)> <Delay = 0.00>
ST_2 : Operation 1426 [1/1] (0.00ns)   --->   "%store_ln35 = store i16 %data_pack, i16 %p_0_1_0_0_0991" [firmware/nnet_utils/nnet_dense_stream.h:35->firmware/nnet_utils/nnet_dense_stream.h:93]   --->   Operation 1426 'store' 'store_ln35' <Predicate = (i_in_1 == 55)> <Delay = 0.00>
ST_2 : Operation 1427 [1/1] (0.00ns)   --->   "%store_ln35 = store i16 %data, i16 %p_0_0_0_0_0989" [firmware/nnet_utils/nnet_dense_stream.h:35->firmware/nnet_utils/nnet_dense_stream.h:93]   --->   Operation 1427 'store' 'store_ln35' <Predicate = (i_in_1 == 55)> <Delay = 0.00>
ST_2 : Operation 1428 [1/1] (0.00ns)   --->   "%br_ln39 = br void %arrayidx.i3.6.exit" [firmware/nnet_utils/nnet_dense_stream.h:39->firmware/nnet_utils/nnet_dense_stream.h:93]   --->   Operation 1428 'br' 'br_ln39' <Predicate = (i_in_1 == 55)> <Delay = 0.00>
ST_2 : Operation 1429 [1/1] (0.00ns)   --->   "%store_ln35 = store i16 %data_pack_9, i16 %p_0_6_0_0_01011" [firmware/nnet_utils/nnet_dense_stream.h:35->firmware/nnet_utils/nnet_dense_stream.h:93]   --->   Operation 1429 'store' 'store_ln35' <Predicate = (i_in_1 == 54)> <Delay = 0.00>
ST_2 : Operation 1430 [1/1] (0.00ns)   --->   "%store_ln35 = store i16 %data_pack_8, i16 %p_0_5_0_0_01009" [firmware/nnet_utils/nnet_dense_stream.h:35->firmware/nnet_utils/nnet_dense_stream.h:93]   --->   Operation 1430 'store' 'store_ln35' <Predicate = (i_in_1 == 54)> <Delay = 0.00>
ST_2 : Operation 1431 [1/1] (0.00ns)   --->   "%store_ln35 = store i16 %data_4, i16 %p_0_4_0_0_01007" [firmware/nnet_utils/nnet_dense_stream.h:35->firmware/nnet_utils/nnet_dense_stream.h:93]   --->   Operation 1431 'store' 'store_ln35' <Predicate = (i_in_1 == 54)> <Delay = 0.00>
ST_2 : Operation 1432 [1/1] (0.00ns)   --->   "%store_ln35 = store i16 %data_3, i16 %p_0_3_0_0_01005" [firmware/nnet_utils/nnet_dense_stream.h:35->firmware/nnet_utils/nnet_dense_stream.h:93]   --->   Operation 1432 'store' 'store_ln35' <Predicate = (i_in_1 == 54)> <Delay = 0.00>
ST_2 : Operation 1433 [1/1] (0.00ns)   --->   "%store_ln35 = store i16 %data_pack_7, i16 %p_0_2_0_0_01003" [firmware/nnet_utils/nnet_dense_stream.h:35->firmware/nnet_utils/nnet_dense_stream.h:93]   --->   Operation 1433 'store' 'store_ln35' <Predicate = (i_in_1 == 54)> <Delay = 0.00>
ST_2 : Operation 1434 [1/1] (0.00ns)   --->   "%store_ln35 = store i16 %data, i16 %p_0_0_0_0_01001" [firmware/nnet_utils/nnet_dense_stream.h:35->firmware/nnet_utils/nnet_dense_stream.h:93]   --->   Operation 1434 'store' 'store_ln35' <Predicate = (i_in_1 == 54)> <Delay = 0.00>
ST_2 : Operation 1435 [1/1] (0.00ns)   --->   "%br_ln39 = br void %arrayidx.i3.6.exit" [firmware/nnet_utils/nnet_dense_stream.h:39->firmware/nnet_utils/nnet_dense_stream.h:93]   --->   Operation 1435 'br' 'br_ln39' <Predicate = (i_in_1 == 54)> <Delay = 0.00>
ST_2 : Operation 1436 [1/1] (0.00ns)   --->   "%store_ln35 = store i16 %data_pack_9, i16 %p_0_6_0_0_01025" [firmware/nnet_utils/nnet_dense_stream.h:35->firmware/nnet_utils/nnet_dense_stream.h:93]   --->   Operation 1436 'store' 'store_ln35' <Predicate = (i_in_1 == 53)> <Delay = 0.00>
ST_2 : Operation 1437 [1/1] (0.00ns)   --->   "%store_ln35 = store i16 %data_pack_8, i16 %p_0_5_0_0_01023" [firmware/nnet_utils/nnet_dense_stream.h:35->firmware/nnet_utils/nnet_dense_stream.h:93]   --->   Operation 1437 'store' 'store_ln35' <Predicate = (i_in_1 == 53)> <Delay = 0.00>
ST_2 : Operation 1438 [1/1] (0.00ns)   --->   "%store_ln35 = store i16 %data_4, i16 %p_0_4_0_0_01021" [firmware/nnet_utils/nnet_dense_stream.h:35->firmware/nnet_utils/nnet_dense_stream.h:93]   --->   Operation 1438 'store' 'store_ln35' <Predicate = (i_in_1 == 53)> <Delay = 0.00>
ST_2 : Operation 1439 [1/1] (0.00ns)   --->   "%store_ln35 = store i16 %data_3, i16 %p_0_3_0_0_01019" [firmware/nnet_utils/nnet_dense_stream.h:35->firmware/nnet_utils/nnet_dense_stream.h:93]   --->   Operation 1439 'store' 'store_ln35' <Predicate = (i_in_1 == 53)> <Delay = 0.00>
ST_2 : Operation 1440 [1/1] (0.00ns)   --->   "%store_ln35 = store i16 %data_pack_7, i16 %p_0_2_0_0_01017" [firmware/nnet_utils/nnet_dense_stream.h:35->firmware/nnet_utils/nnet_dense_stream.h:93]   --->   Operation 1440 'store' 'store_ln35' <Predicate = (i_in_1 == 53)> <Delay = 0.00>
ST_2 : Operation 1441 [1/1] (0.00ns)   --->   "%store_ln35 = store i16 %data_pack, i16 %p_0_1_0_0_01015" [firmware/nnet_utils/nnet_dense_stream.h:35->firmware/nnet_utils/nnet_dense_stream.h:93]   --->   Operation 1441 'store' 'store_ln35' <Predicate = (i_in_1 == 53)> <Delay = 0.00>
ST_2 : Operation 1442 [1/1] (0.00ns)   --->   "%store_ln35 = store i16 %data, i16 %p_0_0_0_0_01013" [firmware/nnet_utils/nnet_dense_stream.h:35->firmware/nnet_utils/nnet_dense_stream.h:93]   --->   Operation 1442 'store' 'store_ln35' <Predicate = (i_in_1 == 53)> <Delay = 0.00>
ST_2 : Operation 1443 [1/1] (0.00ns)   --->   "%br_ln39 = br void %arrayidx.i3.6.exit" [firmware/nnet_utils/nnet_dense_stream.h:39->firmware/nnet_utils/nnet_dense_stream.h:93]   --->   Operation 1443 'br' 'br_ln39' <Predicate = (i_in_1 == 53)> <Delay = 0.00>
ST_2 : Operation 1444 [1/1] (0.00ns)   --->   "%store_ln35 = store i16 %data_pack_9, i16 %p_0_6_0_0_01039" [firmware/nnet_utils/nnet_dense_stream.h:35->firmware/nnet_utils/nnet_dense_stream.h:93]   --->   Operation 1444 'store' 'store_ln35' <Predicate = (i_in_1 == 52)> <Delay = 0.00>
ST_2 : Operation 1445 [1/1] (0.00ns)   --->   "%store_ln35 = store i16 %data_pack_8, i16 %p_0_5_0_0_01037" [firmware/nnet_utils/nnet_dense_stream.h:35->firmware/nnet_utils/nnet_dense_stream.h:93]   --->   Operation 1445 'store' 'store_ln35' <Predicate = (i_in_1 == 52)> <Delay = 0.00>
ST_2 : Operation 1446 [1/1] (0.00ns)   --->   "%store_ln35 = store i16 %data_4, i16 %p_0_4_0_0_01035" [firmware/nnet_utils/nnet_dense_stream.h:35->firmware/nnet_utils/nnet_dense_stream.h:93]   --->   Operation 1446 'store' 'store_ln35' <Predicate = (i_in_1 == 52)> <Delay = 0.00>
ST_2 : Operation 1447 [1/1] (0.00ns)   --->   "%store_ln35 = store i16 %data_3, i16 %p_0_3_0_0_01033" [firmware/nnet_utils/nnet_dense_stream.h:35->firmware/nnet_utils/nnet_dense_stream.h:93]   --->   Operation 1447 'store' 'store_ln35' <Predicate = (i_in_1 == 52)> <Delay = 0.00>
ST_2 : Operation 1448 [1/1] (0.00ns)   --->   "%store_ln35 = store i16 %data_pack_7, i16 %p_0_2_0_0_01031" [firmware/nnet_utils/nnet_dense_stream.h:35->firmware/nnet_utils/nnet_dense_stream.h:93]   --->   Operation 1448 'store' 'store_ln35' <Predicate = (i_in_1 == 52)> <Delay = 0.00>
ST_2 : Operation 1449 [1/1] (0.00ns)   --->   "%store_ln35 = store i16 %data_pack, i16 %p_0_1_0_0_01029" [firmware/nnet_utils/nnet_dense_stream.h:35->firmware/nnet_utils/nnet_dense_stream.h:93]   --->   Operation 1449 'store' 'store_ln35' <Predicate = (i_in_1 == 52)> <Delay = 0.00>
ST_2 : Operation 1450 [1/1] (0.00ns)   --->   "%store_ln35 = store i16 %data, i16 %p_0_0_0_0_01027" [firmware/nnet_utils/nnet_dense_stream.h:35->firmware/nnet_utils/nnet_dense_stream.h:93]   --->   Operation 1450 'store' 'store_ln35' <Predicate = (i_in_1 == 52)> <Delay = 0.00>
ST_2 : Operation 1451 [1/1] (0.00ns)   --->   "%br_ln39 = br void %arrayidx.i3.6.exit" [firmware/nnet_utils/nnet_dense_stream.h:39->firmware/nnet_utils/nnet_dense_stream.h:93]   --->   Operation 1451 'br' 'br_ln39' <Predicate = (i_in_1 == 52)> <Delay = 0.00>
ST_2 : Operation 1452 [1/1] (0.00ns)   --->   "%store_ln35 = store i16 %data_pack_9, i16 %p_0_6_0_0_01053" [firmware/nnet_utils/nnet_dense_stream.h:35->firmware/nnet_utils/nnet_dense_stream.h:93]   --->   Operation 1452 'store' 'store_ln35' <Predicate = (i_in_1 == 51)> <Delay = 0.00>
ST_2 : Operation 1453 [1/1] (0.00ns)   --->   "%store_ln35 = store i16 %data_pack_8, i16 %p_0_5_0_0_01051" [firmware/nnet_utils/nnet_dense_stream.h:35->firmware/nnet_utils/nnet_dense_stream.h:93]   --->   Operation 1453 'store' 'store_ln35' <Predicate = (i_in_1 == 51)> <Delay = 0.00>
ST_2 : Operation 1454 [1/1] (0.00ns)   --->   "%store_ln35 = store i16 %data_4, i16 %p_0_4_0_0_01049" [firmware/nnet_utils/nnet_dense_stream.h:35->firmware/nnet_utils/nnet_dense_stream.h:93]   --->   Operation 1454 'store' 'store_ln35' <Predicate = (i_in_1 == 51)> <Delay = 0.00>
ST_2 : Operation 1455 [1/1] (0.00ns)   --->   "%store_ln35 = store i16 %data_3, i16 %p_0_3_0_0_01047" [firmware/nnet_utils/nnet_dense_stream.h:35->firmware/nnet_utils/nnet_dense_stream.h:93]   --->   Operation 1455 'store' 'store_ln35' <Predicate = (i_in_1 == 51)> <Delay = 0.00>
ST_2 : Operation 1456 [1/1] (0.00ns)   --->   "%store_ln35 = store i16 %data_pack_7, i16 %p_0_2_0_0_01045" [firmware/nnet_utils/nnet_dense_stream.h:35->firmware/nnet_utils/nnet_dense_stream.h:93]   --->   Operation 1456 'store' 'store_ln35' <Predicate = (i_in_1 == 51)> <Delay = 0.00>
ST_2 : Operation 1457 [1/1] (0.00ns)   --->   "%store_ln35 = store i16 %data_pack, i16 %p_0_1_0_0_01043" [firmware/nnet_utils/nnet_dense_stream.h:35->firmware/nnet_utils/nnet_dense_stream.h:93]   --->   Operation 1457 'store' 'store_ln35' <Predicate = (i_in_1 == 51)> <Delay = 0.00>
ST_2 : Operation 1458 [1/1] (0.00ns)   --->   "%store_ln35 = store i16 %data, i16 %p_0_0_0_0_01041" [firmware/nnet_utils/nnet_dense_stream.h:35->firmware/nnet_utils/nnet_dense_stream.h:93]   --->   Operation 1458 'store' 'store_ln35' <Predicate = (i_in_1 == 51)> <Delay = 0.00>
ST_2 : Operation 1459 [1/1] (0.00ns)   --->   "%br_ln39 = br void %arrayidx.i3.6.exit" [firmware/nnet_utils/nnet_dense_stream.h:39->firmware/nnet_utils/nnet_dense_stream.h:93]   --->   Operation 1459 'br' 'br_ln39' <Predicate = (i_in_1 == 51)> <Delay = 0.00>
ST_2 : Operation 1460 [1/1] (0.00ns)   --->   "%store_ln35 = store i16 %data_pack_9, i16 %p_0_6_0_0_01067" [firmware/nnet_utils/nnet_dense_stream.h:35->firmware/nnet_utils/nnet_dense_stream.h:93]   --->   Operation 1460 'store' 'store_ln35' <Predicate = (i_in_1 == 50)> <Delay = 0.00>
ST_2 : Operation 1461 [1/1] (0.00ns)   --->   "%store_ln35 = store i16 %data_pack_8, i16 %p_0_5_0_0_01065" [firmware/nnet_utils/nnet_dense_stream.h:35->firmware/nnet_utils/nnet_dense_stream.h:93]   --->   Operation 1461 'store' 'store_ln35' <Predicate = (i_in_1 == 50)> <Delay = 0.00>
ST_2 : Operation 1462 [1/1] (0.00ns)   --->   "%store_ln35 = store i16 %data_4, i16 %p_0_4_0_0_01063" [firmware/nnet_utils/nnet_dense_stream.h:35->firmware/nnet_utils/nnet_dense_stream.h:93]   --->   Operation 1462 'store' 'store_ln35' <Predicate = (i_in_1 == 50)> <Delay = 0.00>
ST_2 : Operation 1463 [1/1] (0.00ns)   --->   "%store_ln35 = store i16 %data_3, i16 %p_0_3_0_0_01061" [firmware/nnet_utils/nnet_dense_stream.h:35->firmware/nnet_utils/nnet_dense_stream.h:93]   --->   Operation 1463 'store' 'store_ln35' <Predicate = (i_in_1 == 50)> <Delay = 0.00>
ST_2 : Operation 1464 [1/1] (0.00ns)   --->   "%store_ln35 = store i16 %data_pack_7, i16 %p_0_2_0_0_01059" [firmware/nnet_utils/nnet_dense_stream.h:35->firmware/nnet_utils/nnet_dense_stream.h:93]   --->   Operation 1464 'store' 'store_ln35' <Predicate = (i_in_1 == 50)> <Delay = 0.00>
ST_2 : Operation 1465 [1/1] (0.00ns)   --->   "%store_ln35 = store i16 %data_pack, i16 %p_0_1_0_0_01057" [firmware/nnet_utils/nnet_dense_stream.h:35->firmware/nnet_utils/nnet_dense_stream.h:93]   --->   Operation 1465 'store' 'store_ln35' <Predicate = (i_in_1 == 50)> <Delay = 0.00>
ST_2 : Operation 1466 [1/1] (0.00ns)   --->   "%store_ln35 = store i16 %data, i16 %p_0_0_0_0_01055" [firmware/nnet_utils/nnet_dense_stream.h:35->firmware/nnet_utils/nnet_dense_stream.h:93]   --->   Operation 1466 'store' 'store_ln35' <Predicate = (i_in_1 == 50)> <Delay = 0.00>
ST_2 : Operation 1467 [1/1] (0.00ns)   --->   "%br_ln39 = br void %arrayidx.i3.6.exit" [firmware/nnet_utils/nnet_dense_stream.h:39->firmware/nnet_utils/nnet_dense_stream.h:93]   --->   Operation 1467 'br' 'br_ln39' <Predicate = (i_in_1 == 50)> <Delay = 0.00>
ST_2 : Operation 1468 [1/1] (0.00ns)   --->   "%store_ln35 = store i16 %data_pack_9, i16 %p_0_6_0_0_01081" [firmware/nnet_utils/nnet_dense_stream.h:35->firmware/nnet_utils/nnet_dense_stream.h:93]   --->   Operation 1468 'store' 'store_ln35' <Predicate = (i_in_1 == 49)> <Delay = 0.00>
ST_2 : Operation 1469 [1/1] (0.00ns)   --->   "%store_ln35 = store i16 %data_pack_8, i16 %p_0_5_0_0_01079" [firmware/nnet_utils/nnet_dense_stream.h:35->firmware/nnet_utils/nnet_dense_stream.h:93]   --->   Operation 1469 'store' 'store_ln35' <Predicate = (i_in_1 == 49)> <Delay = 0.00>
ST_2 : Operation 1470 [1/1] (0.00ns)   --->   "%store_ln35 = store i16 %data_4, i16 %p_0_4_0_0_01077" [firmware/nnet_utils/nnet_dense_stream.h:35->firmware/nnet_utils/nnet_dense_stream.h:93]   --->   Operation 1470 'store' 'store_ln35' <Predicate = (i_in_1 == 49)> <Delay = 0.00>
ST_2 : Operation 1471 [1/1] (0.00ns)   --->   "%store_ln35 = store i16 %data_3, i16 %p_0_3_0_0_01075" [firmware/nnet_utils/nnet_dense_stream.h:35->firmware/nnet_utils/nnet_dense_stream.h:93]   --->   Operation 1471 'store' 'store_ln35' <Predicate = (i_in_1 == 49)> <Delay = 0.00>
ST_2 : Operation 1472 [1/1] (0.00ns)   --->   "%store_ln35 = store i16 %data_pack_7, i16 %p_0_2_0_0_01073" [firmware/nnet_utils/nnet_dense_stream.h:35->firmware/nnet_utils/nnet_dense_stream.h:93]   --->   Operation 1472 'store' 'store_ln35' <Predicate = (i_in_1 == 49)> <Delay = 0.00>
ST_2 : Operation 1473 [1/1] (0.00ns)   --->   "%store_ln35 = store i16 %data_pack, i16 %p_0_1_0_0_01071" [firmware/nnet_utils/nnet_dense_stream.h:35->firmware/nnet_utils/nnet_dense_stream.h:93]   --->   Operation 1473 'store' 'store_ln35' <Predicate = (i_in_1 == 49)> <Delay = 0.00>
ST_2 : Operation 1474 [1/1] (0.00ns)   --->   "%store_ln35 = store i16 %data, i16 %p_0_0_0_0_01069" [firmware/nnet_utils/nnet_dense_stream.h:35->firmware/nnet_utils/nnet_dense_stream.h:93]   --->   Operation 1474 'store' 'store_ln35' <Predicate = (i_in_1 == 49)> <Delay = 0.00>
ST_2 : Operation 1475 [1/1] (0.00ns)   --->   "%br_ln39 = br void %arrayidx.i3.6.exit" [firmware/nnet_utils/nnet_dense_stream.h:39->firmware/nnet_utils/nnet_dense_stream.h:93]   --->   Operation 1475 'br' 'br_ln39' <Predicate = (i_in_1 == 49)> <Delay = 0.00>
ST_2 : Operation 1476 [1/1] (0.00ns)   --->   "%store_ln35 = store i16 %data_pack_9, i16 %p_0_6_0_0_01095" [firmware/nnet_utils/nnet_dense_stream.h:35->firmware/nnet_utils/nnet_dense_stream.h:93]   --->   Operation 1476 'store' 'store_ln35' <Predicate = (i_in_1 == 48)> <Delay = 0.00>
ST_2 : Operation 1477 [1/1] (0.00ns)   --->   "%store_ln35 = store i16 %data_pack_8, i16 %p_0_5_0_0_01093" [firmware/nnet_utils/nnet_dense_stream.h:35->firmware/nnet_utils/nnet_dense_stream.h:93]   --->   Operation 1477 'store' 'store_ln35' <Predicate = (i_in_1 == 48)> <Delay = 0.00>
ST_2 : Operation 1478 [1/1] (0.00ns)   --->   "%store_ln35 = store i16 %data_4, i16 %p_0_4_0_0_01091" [firmware/nnet_utils/nnet_dense_stream.h:35->firmware/nnet_utils/nnet_dense_stream.h:93]   --->   Operation 1478 'store' 'store_ln35' <Predicate = (i_in_1 == 48)> <Delay = 0.00>
ST_2 : Operation 1479 [1/1] (0.00ns)   --->   "%store_ln35 = store i16 %data_3, i16 %p_0_3_0_0_01089" [firmware/nnet_utils/nnet_dense_stream.h:35->firmware/nnet_utils/nnet_dense_stream.h:93]   --->   Operation 1479 'store' 'store_ln35' <Predicate = (i_in_1 == 48)> <Delay = 0.00>
ST_2 : Operation 1480 [1/1] (0.00ns)   --->   "%store_ln35 = store i16 %data_pack_7, i16 %p_0_2_0_0_01087" [firmware/nnet_utils/nnet_dense_stream.h:35->firmware/nnet_utils/nnet_dense_stream.h:93]   --->   Operation 1480 'store' 'store_ln35' <Predicate = (i_in_1 == 48)> <Delay = 0.00>
ST_2 : Operation 1481 [1/1] (0.00ns)   --->   "%store_ln35 = store i16 %data_pack, i16 %p_0_1_0_0_01085" [firmware/nnet_utils/nnet_dense_stream.h:35->firmware/nnet_utils/nnet_dense_stream.h:93]   --->   Operation 1481 'store' 'store_ln35' <Predicate = (i_in_1 == 48)> <Delay = 0.00>
ST_2 : Operation 1482 [1/1] (0.00ns)   --->   "%store_ln35 = store i16 %data, i16 %p_0_0_0_0_01083" [firmware/nnet_utils/nnet_dense_stream.h:35->firmware/nnet_utils/nnet_dense_stream.h:93]   --->   Operation 1482 'store' 'store_ln35' <Predicate = (i_in_1 == 48)> <Delay = 0.00>
ST_2 : Operation 1483 [1/1] (0.00ns)   --->   "%br_ln39 = br void %arrayidx.i3.6.exit" [firmware/nnet_utils/nnet_dense_stream.h:39->firmware/nnet_utils/nnet_dense_stream.h:93]   --->   Operation 1483 'br' 'br_ln39' <Predicate = (i_in_1 == 48)> <Delay = 0.00>
ST_2 : Operation 1484 [1/1] (0.00ns)   --->   "%store_ln35 = store i16 %data_pack_9, i16 %p_0_6_0_0_01109" [firmware/nnet_utils/nnet_dense_stream.h:35->firmware/nnet_utils/nnet_dense_stream.h:93]   --->   Operation 1484 'store' 'store_ln35' <Predicate = (i_in_1 == 47)> <Delay = 0.00>
ST_2 : Operation 1485 [1/1] (0.00ns)   --->   "%store_ln35 = store i16 %data_pack_8, i16 %p_0_5_0_0_01107" [firmware/nnet_utils/nnet_dense_stream.h:35->firmware/nnet_utils/nnet_dense_stream.h:93]   --->   Operation 1485 'store' 'store_ln35' <Predicate = (i_in_1 == 47)> <Delay = 0.00>
ST_2 : Operation 1486 [1/1] (0.00ns)   --->   "%store_ln35 = store i16 %data_4, i16 %p_0_4_0_0_01105" [firmware/nnet_utils/nnet_dense_stream.h:35->firmware/nnet_utils/nnet_dense_stream.h:93]   --->   Operation 1486 'store' 'store_ln35' <Predicate = (i_in_1 == 47)> <Delay = 0.00>
ST_2 : Operation 1487 [1/1] (0.00ns)   --->   "%store_ln35 = store i16 %data_3, i16 %p_0_3_0_0_01103" [firmware/nnet_utils/nnet_dense_stream.h:35->firmware/nnet_utils/nnet_dense_stream.h:93]   --->   Operation 1487 'store' 'store_ln35' <Predicate = (i_in_1 == 47)> <Delay = 0.00>
ST_2 : Operation 1488 [1/1] (0.00ns)   --->   "%store_ln35 = store i16 %data_pack_7, i16 %p_0_2_0_0_01101" [firmware/nnet_utils/nnet_dense_stream.h:35->firmware/nnet_utils/nnet_dense_stream.h:93]   --->   Operation 1488 'store' 'store_ln35' <Predicate = (i_in_1 == 47)> <Delay = 0.00>
ST_2 : Operation 1489 [1/1] (0.00ns)   --->   "%store_ln35 = store i16 %data_pack, i16 %p_0_1_0_0_01099" [firmware/nnet_utils/nnet_dense_stream.h:35->firmware/nnet_utils/nnet_dense_stream.h:93]   --->   Operation 1489 'store' 'store_ln35' <Predicate = (i_in_1 == 47)> <Delay = 0.00>
ST_2 : Operation 1490 [1/1] (0.00ns)   --->   "%store_ln35 = store i16 %data, i16 %p_0_0_0_0_01097" [firmware/nnet_utils/nnet_dense_stream.h:35->firmware/nnet_utils/nnet_dense_stream.h:93]   --->   Operation 1490 'store' 'store_ln35' <Predicate = (i_in_1 == 47)> <Delay = 0.00>
ST_2 : Operation 1491 [1/1] (0.00ns)   --->   "%br_ln39 = br void %arrayidx.i3.6.exit" [firmware/nnet_utils/nnet_dense_stream.h:39->firmware/nnet_utils/nnet_dense_stream.h:93]   --->   Operation 1491 'br' 'br_ln39' <Predicate = (i_in_1 == 47)> <Delay = 0.00>
ST_2 : Operation 1492 [1/1] (0.00ns)   --->   "%store_ln35 = store i16 %data_pack_9, i16 %p_0_6_0_0_01123" [firmware/nnet_utils/nnet_dense_stream.h:35->firmware/nnet_utils/nnet_dense_stream.h:93]   --->   Operation 1492 'store' 'store_ln35' <Predicate = (i_in_1 == 46)> <Delay = 0.00>
ST_2 : Operation 1493 [1/1] (0.00ns)   --->   "%store_ln35 = store i16 %data_pack_8, i16 %p_0_5_0_0_01121" [firmware/nnet_utils/nnet_dense_stream.h:35->firmware/nnet_utils/nnet_dense_stream.h:93]   --->   Operation 1493 'store' 'store_ln35' <Predicate = (i_in_1 == 46)> <Delay = 0.00>
ST_2 : Operation 1494 [1/1] (0.00ns)   --->   "%store_ln35 = store i16 %data_4, i16 %p_0_4_0_0_01119" [firmware/nnet_utils/nnet_dense_stream.h:35->firmware/nnet_utils/nnet_dense_stream.h:93]   --->   Operation 1494 'store' 'store_ln35' <Predicate = (i_in_1 == 46)> <Delay = 0.00>
ST_2 : Operation 1495 [1/1] (0.00ns)   --->   "%store_ln35 = store i16 %data_3, i16 %p_0_3_0_0_01117" [firmware/nnet_utils/nnet_dense_stream.h:35->firmware/nnet_utils/nnet_dense_stream.h:93]   --->   Operation 1495 'store' 'store_ln35' <Predicate = (i_in_1 == 46)> <Delay = 0.00>
ST_2 : Operation 1496 [1/1] (0.00ns)   --->   "%store_ln35 = store i16 %data_pack_7, i16 %p_0_2_0_0_01115" [firmware/nnet_utils/nnet_dense_stream.h:35->firmware/nnet_utils/nnet_dense_stream.h:93]   --->   Operation 1496 'store' 'store_ln35' <Predicate = (i_in_1 == 46)> <Delay = 0.00>
ST_2 : Operation 1497 [1/1] (0.00ns)   --->   "%store_ln35 = store i16 %data_pack, i16 %p_0_1_0_0_01113" [firmware/nnet_utils/nnet_dense_stream.h:35->firmware/nnet_utils/nnet_dense_stream.h:93]   --->   Operation 1497 'store' 'store_ln35' <Predicate = (i_in_1 == 46)> <Delay = 0.00>
ST_2 : Operation 1498 [1/1] (0.00ns)   --->   "%store_ln35 = store i16 %data, i16 %p_0_0_0_0_01111" [firmware/nnet_utils/nnet_dense_stream.h:35->firmware/nnet_utils/nnet_dense_stream.h:93]   --->   Operation 1498 'store' 'store_ln35' <Predicate = (i_in_1 == 46)> <Delay = 0.00>
ST_2 : Operation 1499 [1/1] (0.00ns)   --->   "%br_ln39 = br void %arrayidx.i3.6.exit" [firmware/nnet_utils/nnet_dense_stream.h:39->firmware/nnet_utils/nnet_dense_stream.h:93]   --->   Operation 1499 'br' 'br_ln39' <Predicate = (i_in_1 == 46)> <Delay = 0.00>
ST_2 : Operation 1500 [1/1] (0.00ns)   --->   "%store_ln35 = store i16 %data_pack_9, i16 %p_0_6_0_0_01137" [firmware/nnet_utils/nnet_dense_stream.h:35->firmware/nnet_utils/nnet_dense_stream.h:93]   --->   Operation 1500 'store' 'store_ln35' <Predicate = (i_in_1 == 45)> <Delay = 0.00>
ST_2 : Operation 1501 [1/1] (0.00ns)   --->   "%store_ln35 = store i16 %data_pack_8, i16 %p_0_5_0_0_01135" [firmware/nnet_utils/nnet_dense_stream.h:35->firmware/nnet_utils/nnet_dense_stream.h:93]   --->   Operation 1501 'store' 'store_ln35' <Predicate = (i_in_1 == 45)> <Delay = 0.00>
ST_2 : Operation 1502 [1/1] (0.00ns)   --->   "%store_ln35 = store i16 %data_4, i16 %p_0_4_0_0_01133" [firmware/nnet_utils/nnet_dense_stream.h:35->firmware/nnet_utils/nnet_dense_stream.h:93]   --->   Operation 1502 'store' 'store_ln35' <Predicate = (i_in_1 == 45)> <Delay = 0.00>
ST_2 : Operation 1503 [1/1] (0.00ns)   --->   "%store_ln35 = store i16 %data_3, i16 %p_0_3_0_0_01131" [firmware/nnet_utils/nnet_dense_stream.h:35->firmware/nnet_utils/nnet_dense_stream.h:93]   --->   Operation 1503 'store' 'store_ln35' <Predicate = (i_in_1 == 45)> <Delay = 0.00>
ST_2 : Operation 1504 [1/1] (0.00ns)   --->   "%store_ln35 = store i16 %data_pack_7, i16 %p_0_2_0_0_01129" [firmware/nnet_utils/nnet_dense_stream.h:35->firmware/nnet_utils/nnet_dense_stream.h:93]   --->   Operation 1504 'store' 'store_ln35' <Predicate = (i_in_1 == 45)> <Delay = 0.00>
ST_2 : Operation 1505 [1/1] (0.00ns)   --->   "%store_ln35 = store i16 %data_pack, i16 %p_0_1_0_0_01127" [firmware/nnet_utils/nnet_dense_stream.h:35->firmware/nnet_utils/nnet_dense_stream.h:93]   --->   Operation 1505 'store' 'store_ln35' <Predicate = (i_in_1 == 45)> <Delay = 0.00>
ST_2 : Operation 1506 [1/1] (0.00ns)   --->   "%store_ln35 = store i16 %data, i16 %p_0_0_0_0_01125" [firmware/nnet_utils/nnet_dense_stream.h:35->firmware/nnet_utils/nnet_dense_stream.h:93]   --->   Operation 1506 'store' 'store_ln35' <Predicate = (i_in_1 == 45)> <Delay = 0.00>
ST_2 : Operation 1507 [1/1] (0.00ns)   --->   "%br_ln39 = br void %arrayidx.i3.6.exit" [firmware/nnet_utils/nnet_dense_stream.h:39->firmware/nnet_utils/nnet_dense_stream.h:93]   --->   Operation 1507 'br' 'br_ln39' <Predicate = (i_in_1 == 45)> <Delay = 0.00>
ST_2 : Operation 1508 [1/1] (0.00ns)   --->   "%store_ln35 = store i16 %data_pack_9, i16 %p_0_6_0_0_01151" [firmware/nnet_utils/nnet_dense_stream.h:35->firmware/nnet_utils/nnet_dense_stream.h:93]   --->   Operation 1508 'store' 'store_ln35' <Predicate = (i_in_1 == 44)> <Delay = 0.00>
ST_2 : Operation 1509 [1/1] (0.00ns)   --->   "%store_ln35 = store i16 %data_pack_8, i16 %p_0_5_0_0_01149" [firmware/nnet_utils/nnet_dense_stream.h:35->firmware/nnet_utils/nnet_dense_stream.h:93]   --->   Operation 1509 'store' 'store_ln35' <Predicate = (i_in_1 == 44)> <Delay = 0.00>
ST_2 : Operation 1510 [1/1] (0.00ns)   --->   "%store_ln35 = store i16 %data_4, i16 %p_0_4_0_0_01147" [firmware/nnet_utils/nnet_dense_stream.h:35->firmware/nnet_utils/nnet_dense_stream.h:93]   --->   Operation 1510 'store' 'store_ln35' <Predicate = (i_in_1 == 44)> <Delay = 0.00>
ST_2 : Operation 1511 [1/1] (0.00ns)   --->   "%store_ln35 = store i16 %data_3, i16 %p_0_3_0_0_01145" [firmware/nnet_utils/nnet_dense_stream.h:35->firmware/nnet_utils/nnet_dense_stream.h:93]   --->   Operation 1511 'store' 'store_ln35' <Predicate = (i_in_1 == 44)> <Delay = 0.00>
ST_2 : Operation 1512 [1/1] (0.00ns)   --->   "%store_ln35 = store i16 %data_pack_7, i16 %p_0_2_0_0_01143" [firmware/nnet_utils/nnet_dense_stream.h:35->firmware/nnet_utils/nnet_dense_stream.h:93]   --->   Operation 1512 'store' 'store_ln35' <Predicate = (i_in_1 == 44)> <Delay = 0.00>
ST_2 : Operation 1513 [1/1] (0.00ns)   --->   "%store_ln35 = store i16 %data_pack, i16 %p_0_1_0_0_01141" [firmware/nnet_utils/nnet_dense_stream.h:35->firmware/nnet_utils/nnet_dense_stream.h:93]   --->   Operation 1513 'store' 'store_ln35' <Predicate = (i_in_1 == 44)> <Delay = 0.00>
ST_2 : Operation 1514 [1/1] (0.00ns)   --->   "%store_ln35 = store i16 %data, i16 %p_0_0_0_0_01139" [firmware/nnet_utils/nnet_dense_stream.h:35->firmware/nnet_utils/nnet_dense_stream.h:93]   --->   Operation 1514 'store' 'store_ln35' <Predicate = (i_in_1 == 44)> <Delay = 0.00>
ST_2 : Operation 1515 [1/1] (0.00ns)   --->   "%br_ln39 = br void %arrayidx.i3.6.exit" [firmware/nnet_utils/nnet_dense_stream.h:39->firmware/nnet_utils/nnet_dense_stream.h:93]   --->   Operation 1515 'br' 'br_ln39' <Predicate = (i_in_1 == 44)> <Delay = 0.00>
ST_2 : Operation 1516 [1/1] (0.00ns)   --->   "%store_ln35 = store i16 %data_pack_9, i16 %p_0_6_0_0_01165" [firmware/nnet_utils/nnet_dense_stream.h:35->firmware/nnet_utils/nnet_dense_stream.h:93]   --->   Operation 1516 'store' 'store_ln35' <Predicate = (i_in_1 == 43)> <Delay = 0.00>
ST_2 : Operation 1517 [1/1] (0.00ns)   --->   "%store_ln35 = store i16 %data_pack_8, i16 %p_0_5_0_0_01163" [firmware/nnet_utils/nnet_dense_stream.h:35->firmware/nnet_utils/nnet_dense_stream.h:93]   --->   Operation 1517 'store' 'store_ln35' <Predicate = (i_in_1 == 43)> <Delay = 0.00>
ST_2 : Operation 1518 [1/1] (0.00ns)   --->   "%store_ln35 = store i16 %data_4, i16 %p_0_4_0_0_01161" [firmware/nnet_utils/nnet_dense_stream.h:35->firmware/nnet_utils/nnet_dense_stream.h:93]   --->   Operation 1518 'store' 'store_ln35' <Predicate = (i_in_1 == 43)> <Delay = 0.00>
ST_2 : Operation 1519 [1/1] (0.00ns)   --->   "%store_ln35 = store i16 %data_3, i16 %p_0_3_0_0_01159" [firmware/nnet_utils/nnet_dense_stream.h:35->firmware/nnet_utils/nnet_dense_stream.h:93]   --->   Operation 1519 'store' 'store_ln35' <Predicate = (i_in_1 == 43)> <Delay = 0.00>
ST_2 : Operation 1520 [1/1] (0.00ns)   --->   "%store_ln35 = store i16 %data_pack_7, i16 %p_0_2_0_0_01157" [firmware/nnet_utils/nnet_dense_stream.h:35->firmware/nnet_utils/nnet_dense_stream.h:93]   --->   Operation 1520 'store' 'store_ln35' <Predicate = (i_in_1 == 43)> <Delay = 0.00>
ST_2 : Operation 1521 [1/1] (0.00ns)   --->   "%store_ln35 = store i16 %data_pack, i16 %p_0_1_0_0_01155" [firmware/nnet_utils/nnet_dense_stream.h:35->firmware/nnet_utils/nnet_dense_stream.h:93]   --->   Operation 1521 'store' 'store_ln35' <Predicate = (i_in_1 == 43)> <Delay = 0.00>
ST_2 : Operation 1522 [1/1] (0.00ns)   --->   "%store_ln35 = store i16 %data, i16 %p_0_0_0_0_01153" [firmware/nnet_utils/nnet_dense_stream.h:35->firmware/nnet_utils/nnet_dense_stream.h:93]   --->   Operation 1522 'store' 'store_ln35' <Predicate = (i_in_1 == 43)> <Delay = 0.00>
ST_2 : Operation 1523 [1/1] (0.00ns)   --->   "%br_ln39 = br void %arrayidx.i3.6.exit" [firmware/nnet_utils/nnet_dense_stream.h:39->firmware/nnet_utils/nnet_dense_stream.h:93]   --->   Operation 1523 'br' 'br_ln39' <Predicate = (i_in_1 == 43)> <Delay = 0.00>
ST_2 : Operation 1524 [1/1] (0.00ns)   --->   "%store_ln35 = store i16 %data_pack_9, i16 %p_0_6_0_0_01179" [firmware/nnet_utils/nnet_dense_stream.h:35->firmware/nnet_utils/nnet_dense_stream.h:93]   --->   Operation 1524 'store' 'store_ln35' <Predicate = (i_in_1 == 42)> <Delay = 0.00>
ST_2 : Operation 1525 [1/1] (0.00ns)   --->   "%store_ln35 = store i16 %data_pack_8, i16 %p_0_5_0_0_01177" [firmware/nnet_utils/nnet_dense_stream.h:35->firmware/nnet_utils/nnet_dense_stream.h:93]   --->   Operation 1525 'store' 'store_ln35' <Predicate = (i_in_1 == 42)> <Delay = 0.00>
ST_2 : Operation 1526 [1/1] (0.00ns)   --->   "%store_ln35 = store i16 %data_4, i16 %p_0_4_0_0_01175" [firmware/nnet_utils/nnet_dense_stream.h:35->firmware/nnet_utils/nnet_dense_stream.h:93]   --->   Operation 1526 'store' 'store_ln35' <Predicate = (i_in_1 == 42)> <Delay = 0.00>
ST_2 : Operation 1527 [1/1] (0.00ns)   --->   "%store_ln35 = store i16 %data_3, i16 %p_0_3_0_0_01173" [firmware/nnet_utils/nnet_dense_stream.h:35->firmware/nnet_utils/nnet_dense_stream.h:93]   --->   Operation 1527 'store' 'store_ln35' <Predicate = (i_in_1 == 42)> <Delay = 0.00>
ST_2 : Operation 1528 [1/1] (0.00ns)   --->   "%store_ln35 = store i16 %data_pack_7, i16 %p_0_2_0_0_01171" [firmware/nnet_utils/nnet_dense_stream.h:35->firmware/nnet_utils/nnet_dense_stream.h:93]   --->   Operation 1528 'store' 'store_ln35' <Predicate = (i_in_1 == 42)> <Delay = 0.00>
ST_2 : Operation 1529 [1/1] (0.00ns)   --->   "%store_ln35 = store i16 %data_pack, i16 %p_0_1_0_0_01169" [firmware/nnet_utils/nnet_dense_stream.h:35->firmware/nnet_utils/nnet_dense_stream.h:93]   --->   Operation 1529 'store' 'store_ln35' <Predicate = (i_in_1 == 42)> <Delay = 0.00>
ST_2 : Operation 1530 [1/1] (0.00ns)   --->   "%store_ln35 = store i16 %data, i16 %p_0_0_0_0_01167" [firmware/nnet_utils/nnet_dense_stream.h:35->firmware/nnet_utils/nnet_dense_stream.h:93]   --->   Operation 1530 'store' 'store_ln35' <Predicate = (i_in_1 == 42)> <Delay = 0.00>
ST_2 : Operation 1531 [1/1] (0.00ns)   --->   "%br_ln39 = br void %arrayidx.i3.6.exit" [firmware/nnet_utils/nnet_dense_stream.h:39->firmware/nnet_utils/nnet_dense_stream.h:93]   --->   Operation 1531 'br' 'br_ln39' <Predicate = (i_in_1 == 42)> <Delay = 0.00>
ST_2 : Operation 1532 [1/1] (0.00ns)   --->   "%store_ln35 = store i16 %data_pack_9, i16 %p_0_6_0_0_01193" [firmware/nnet_utils/nnet_dense_stream.h:35->firmware/nnet_utils/nnet_dense_stream.h:93]   --->   Operation 1532 'store' 'store_ln35' <Predicate = (i_in_1 == 41)> <Delay = 0.00>
ST_2 : Operation 1533 [1/1] (0.00ns)   --->   "%store_ln35 = store i16 %data_pack_8, i16 %p_0_5_0_0_01191" [firmware/nnet_utils/nnet_dense_stream.h:35->firmware/nnet_utils/nnet_dense_stream.h:93]   --->   Operation 1533 'store' 'store_ln35' <Predicate = (i_in_1 == 41)> <Delay = 0.00>
ST_2 : Operation 1534 [1/1] (0.00ns)   --->   "%store_ln35 = store i16 %data_4, i16 %p_0_4_0_0_01189" [firmware/nnet_utils/nnet_dense_stream.h:35->firmware/nnet_utils/nnet_dense_stream.h:93]   --->   Operation 1534 'store' 'store_ln35' <Predicate = (i_in_1 == 41)> <Delay = 0.00>
ST_2 : Operation 1535 [1/1] (0.00ns)   --->   "%store_ln35 = store i16 %data_3, i16 %p_0_3_0_0_01187" [firmware/nnet_utils/nnet_dense_stream.h:35->firmware/nnet_utils/nnet_dense_stream.h:93]   --->   Operation 1535 'store' 'store_ln35' <Predicate = (i_in_1 == 41)> <Delay = 0.00>
ST_2 : Operation 1536 [1/1] (0.00ns)   --->   "%store_ln35 = store i16 %data_pack_7, i16 %p_0_2_0_0_01185" [firmware/nnet_utils/nnet_dense_stream.h:35->firmware/nnet_utils/nnet_dense_stream.h:93]   --->   Operation 1536 'store' 'store_ln35' <Predicate = (i_in_1 == 41)> <Delay = 0.00>
ST_2 : Operation 1537 [1/1] (0.00ns)   --->   "%store_ln35 = store i16 %data_pack, i16 %p_0_1_0_0_01183" [firmware/nnet_utils/nnet_dense_stream.h:35->firmware/nnet_utils/nnet_dense_stream.h:93]   --->   Operation 1537 'store' 'store_ln35' <Predicate = (i_in_1 == 41)> <Delay = 0.00>
ST_2 : Operation 1538 [1/1] (0.00ns)   --->   "%store_ln35 = store i16 %data, i16 %p_0_0_0_0_01181" [firmware/nnet_utils/nnet_dense_stream.h:35->firmware/nnet_utils/nnet_dense_stream.h:93]   --->   Operation 1538 'store' 'store_ln35' <Predicate = (i_in_1 == 41)> <Delay = 0.00>
ST_2 : Operation 1539 [1/1] (0.00ns)   --->   "%br_ln39 = br void %arrayidx.i3.6.exit" [firmware/nnet_utils/nnet_dense_stream.h:39->firmware/nnet_utils/nnet_dense_stream.h:93]   --->   Operation 1539 'br' 'br_ln39' <Predicate = (i_in_1 == 41)> <Delay = 0.00>
ST_2 : Operation 1540 [1/1] (0.00ns)   --->   "%store_ln35 = store i16 %data_pack_9, i16 %p_0_6_0_0_01207" [firmware/nnet_utils/nnet_dense_stream.h:35->firmware/nnet_utils/nnet_dense_stream.h:93]   --->   Operation 1540 'store' 'store_ln35' <Predicate = (i_in_1 == 40)> <Delay = 0.00>
ST_2 : Operation 1541 [1/1] (0.00ns)   --->   "%store_ln35 = store i16 %data_pack_8, i16 %p_0_5_0_0_01205" [firmware/nnet_utils/nnet_dense_stream.h:35->firmware/nnet_utils/nnet_dense_stream.h:93]   --->   Operation 1541 'store' 'store_ln35' <Predicate = (i_in_1 == 40)> <Delay = 0.00>
ST_2 : Operation 1542 [1/1] (0.00ns)   --->   "%store_ln35 = store i16 %data_4, i16 %p_0_4_0_0_01203" [firmware/nnet_utils/nnet_dense_stream.h:35->firmware/nnet_utils/nnet_dense_stream.h:93]   --->   Operation 1542 'store' 'store_ln35' <Predicate = (i_in_1 == 40)> <Delay = 0.00>
ST_2 : Operation 1543 [1/1] (0.00ns)   --->   "%store_ln35 = store i16 %data_3, i16 %p_0_3_0_0_01201" [firmware/nnet_utils/nnet_dense_stream.h:35->firmware/nnet_utils/nnet_dense_stream.h:93]   --->   Operation 1543 'store' 'store_ln35' <Predicate = (i_in_1 == 40)> <Delay = 0.00>
ST_2 : Operation 1544 [1/1] (0.00ns)   --->   "%store_ln35 = store i16 %data_pack_7, i16 %p_0_2_0_0_01199" [firmware/nnet_utils/nnet_dense_stream.h:35->firmware/nnet_utils/nnet_dense_stream.h:93]   --->   Operation 1544 'store' 'store_ln35' <Predicate = (i_in_1 == 40)> <Delay = 0.00>
ST_2 : Operation 1545 [1/1] (0.00ns)   --->   "%store_ln35 = store i16 %data_pack, i16 %p_0_1_0_0_01197" [firmware/nnet_utils/nnet_dense_stream.h:35->firmware/nnet_utils/nnet_dense_stream.h:93]   --->   Operation 1545 'store' 'store_ln35' <Predicate = (i_in_1 == 40)> <Delay = 0.00>
ST_2 : Operation 1546 [1/1] (0.00ns)   --->   "%store_ln35 = store i16 %data, i16 %p_0_0_0_0_01195" [firmware/nnet_utils/nnet_dense_stream.h:35->firmware/nnet_utils/nnet_dense_stream.h:93]   --->   Operation 1546 'store' 'store_ln35' <Predicate = (i_in_1 == 40)> <Delay = 0.00>
ST_2 : Operation 1547 [1/1] (0.00ns)   --->   "%br_ln39 = br void %arrayidx.i3.6.exit" [firmware/nnet_utils/nnet_dense_stream.h:39->firmware/nnet_utils/nnet_dense_stream.h:93]   --->   Operation 1547 'br' 'br_ln39' <Predicate = (i_in_1 == 40)> <Delay = 0.00>
ST_2 : Operation 1548 [1/1] (0.00ns)   --->   "%store_ln35 = store i16 %data_pack_9, i16 %p_0_6_0_0_01219" [firmware/nnet_utils/nnet_dense_stream.h:35->firmware/nnet_utils/nnet_dense_stream.h:93]   --->   Operation 1548 'store' 'store_ln35' <Predicate = (i_in_1 == 39)> <Delay = 0.00>
ST_2 : Operation 1549 [1/1] (0.00ns)   --->   "%store_ln35 = store i16 %data_pack_8, i16 %p_0_5_0_0_01217" [firmware/nnet_utils/nnet_dense_stream.h:35->firmware/nnet_utils/nnet_dense_stream.h:93]   --->   Operation 1549 'store' 'store_ln35' <Predicate = (i_in_1 == 39)> <Delay = 0.00>
ST_2 : Operation 1550 [1/1] (0.00ns)   --->   "%store_ln35 = store i16 %data_4, i16 %p_0_4_0_0_01215" [firmware/nnet_utils/nnet_dense_stream.h:35->firmware/nnet_utils/nnet_dense_stream.h:93]   --->   Operation 1550 'store' 'store_ln35' <Predicate = (i_in_1 == 39)> <Delay = 0.00>
ST_2 : Operation 1551 [1/1] (0.00ns)   --->   "%store_ln35 = store i16 %data_3, i16 %p_0_3_0_0_01213" [firmware/nnet_utils/nnet_dense_stream.h:35->firmware/nnet_utils/nnet_dense_stream.h:93]   --->   Operation 1551 'store' 'store_ln35' <Predicate = (i_in_1 == 39)> <Delay = 0.00>
ST_2 : Operation 1552 [1/1] (0.00ns)   --->   "%store_ln35 = store i16 %data_pack_7, i16 %p_0_2_0_0_01211" [firmware/nnet_utils/nnet_dense_stream.h:35->firmware/nnet_utils/nnet_dense_stream.h:93]   --->   Operation 1552 'store' 'store_ln35' <Predicate = (i_in_1 == 39)> <Delay = 0.00>
ST_2 : Operation 1553 [1/1] (0.00ns)   --->   "%store_ln35 = store i16 %data_pack, i16 %p_0_1_0_0_01209" [firmware/nnet_utils/nnet_dense_stream.h:35->firmware/nnet_utils/nnet_dense_stream.h:93]   --->   Operation 1553 'store' 'store_ln35' <Predicate = (i_in_1 == 39)> <Delay = 0.00>
ST_2 : Operation 1554 [1/1] (0.00ns)   --->   "%br_ln39 = br void %arrayidx.i3.6.exit" [firmware/nnet_utils/nnet_dense_stream.h:39->firmware/nnet_utils/nnet_dense_stream.h:93]   --->   Operation 1554 'br' 'br_ln39' <Predicate = (i_in_1 == 39)> <Delay = 0.00>
ST_2 : Operation 1555 [1/1] (0.00ns)   --->   "%store_ln35 = store i16 %data_pack_9, i16 %p_0_6_0_0_01231" [firmware/nnet_utils/nnet_dense_stream.h:35->firmware/nnet_utils/nnet_dense_stream.h:93]   --->   Operation 1555 'store' 'store_ln35' <Predicate = (i_in_1 == 38)> <Delay = 0.00>
ST_2 : Operation 1556 [1/1] (0.00ns)   --->   "%store_ln35 = store i16 %data_pack_8, i16 %p_0_5_0_0_01229" [firmware/nnet_utils/nnet_dense_stream.h:35->firmware/nnet_utils/nnet_dense_stream.h:93]   --->   Operation 1556 'store' 'store_ln35' <Predicate = (i_in_1 == 38)> <Delay = 0.00>
ST_2 : Operation 1557 [1/1] (0.00ns)   --->   "%store_ln35 = store i16 %data_4, i16 %p_0_4_0_0_01227" [firmware/nnet_utils/nnet_dense_stream.h:35->firmware/nnet_utils/nnet_dense_stream.h:93]   --->   Operation 1557 'store' 'store_ln35' <Predicate = (i_in_1 == 38)> <Delay = 0.00>
ST_2 : Operation 1558 [1/1] (0.00ns)   --->   "%store_ln35 = store i16 %data_3, i16 %p_0_3_0_0_01225" [firmware/nnet_utils/nnet_dense_stream.h:35->firmware/nnet_utils/nnet_dense_stream.h:93]   --->   Operation 1558 'store' 'store_ln35' <Predicate = (i_in_1 == 38)> <Delay = 0.00>
ST_2 : Operation 1559 [1/1] (0.00ns)   --->   "%store_ln35 = store i16 %data_pack_7, i16 %p_0_2_0_0_01223" [firmware/nnet_utils/nnet_dense_stream.h:35->firmware/nnet_utils/nnet_dense_stream.h:93]   --->   Operation 1559 'store' 'store_ln35' <Predicate = (i_in_1 == 38)> <Delay = 0.00>
ST_2 : Operation 1560 [1/1] (0.00ns)   --->   "%store_ln35 = store i16 %data_pack, i16 %p_0_1_0_0_01221" [firmware/nnet_utils/nnet_dense_stream.h:35->firmware/nnet_utils/nnet_dense_stream.h:93]   --->   Operation 1560 'store' 'store_ln35' <Predicate = (i_in_1 == 38)> <Delay = 0.00>
ST_2 : Operation 1561 [1/1] (0.00ns)   --->   "%br_ln39 = br void %arrayidx.i3.6.exit" [firmware/nnet_utils/nnet_dense_stream.h:39->firmware/nnet_utils/nnet_dense_stream.h:93]   --->   Operation 1561 'br' 'br_ln39' <Predicate = (i_in_1 == 38)> <Delay = 0.00>
ST_2 : Operation 1562 [1/1] (0.00ns)   --->   "%store_ln35 = store i16 %data_pack_9, i16 %p_0_6_0_0_01245" [firmware/nnet_utils/nnet_dense_stream.h:35->firmware/nnet_utils/nnet_dense_stream.h:93]   --->   Operation 1562 'store' 'store_ln35' <Predicate = (i_in_1 == 37)> <Delay = 0.00>
ST_2 : Operation 1563 [1/1] (0.00ns)   --->   "%store_ln35 = store i16 %data_pack_8, i16 %p_0_5_0_0_01243" [firmware/nnet_utils/nnet_dense_stream.h:35->firmware/nnet_utils/nnet_dense_stream.h:93]   --->   Operation 1563 'store' 'store_ln35' <Predicate = (i_in_1 == 37)> <Delay = 0.00>
ST_2 : Operation 1564 [1/1] (0.00ns)   --->   "%store_ln35 = store i16 %data_4, i16 %p_0_4_0_0_01241" [firmware/nnet_utils/nnet_dense_stream.h:35->firmware/nnet_utils/nnet_dense_stream.h:93]   --->   Operation 1564 'store' 'store_ln35' <Predicate = (i_in_1 == 37)> <Delay = 0.00>
ST_2 : Operation 1565 [1/1] (0.00ns)   --->   "%store_ln35 = store i16 %data_3, i16 %p_0_3_0_0_01239" [firmware/nnet_utils/nnet_dense_stream.h:35->firmware/nnet_utils/nnet_dense_stream.h:93]   --->   Operation 1565 'store' 'store_ln35' <Predicate = (i_in_1 == 37)> <Delay = 0.00>
ST_2 : Operation 1566 [1/1] (0.00ns)   --->   "%store_ln35 = store i16 %data_pack_7, i16 %p_0_2_0_0_01237" [firmware/nnet_utils/nnet_dense_stream.h:35->firmware/nnet_utils/nnet_dense_stream.h:93]   --->   Operation 1566 'store' 'store_ln35' <Predicate = (i_in_1 == 37)> <Delay = 0.00>
ST_2 : Operation 1567 [1/1] (0.00ns)   --->   "%store_ln35 = store i16 %data_pack, i16 %p_0_1_0_0_01235" [firmware/nnet_utils/nnet_dense_stream.h:35->firmware/nnet_utils/nnet_dense_stream.h:93]   --->   Operation 1567 'store' 'store_ln35' <Predicate = (i_in_1 == 37)> <Delay = 0.00>
ST_2 : Operation 1568 [1/1] (0.00ns)   --->   "%store_ln35 = store i16 %data, i16 %p_0_0_0_0_01233" [firmware/nnet_utils/nnet_dense_stream.h:35->firmware/nnet_utils/nnet_dense_stream.h:93]   --->   Operation 1568 'store' 'store_ln35' <Predicate = (i_in_1 == 37)> <Delay = 0.00>
ST_2 : Operation 1569 [1/1] (0.00ns)   --->   "%br_ln39 = br void %arrayidx.i3.6.exit" [firmware/nnet_utils/nnet_dense_stream.h:39->firmware/nnet_utils/nnet_dense_stream.h:93]   --->   Operation 1569 'br' 'br_ln39' <Predicate = (i_in_1 == 37)> <Delay = 0.00>
ST_2 : Operation 1570 [1/1] (0.00ns)   --->   "%store_ln35 = store i16 %data_pack_9, i16 %p_0_6_0_0_01259" [firmware/nnet_utils/nnet_dense_stream.h:35->firmware/nnet_utils/nnet_dense_stream.h:93]   --->   Operation 1570 'store' 'store_ln35' <Predicate = (i_in_1 == 36)> <Delay = 0.00>
ST_2 : Operation 1571 [1/1] (0.00ns)   --->   "%store_ln35 = store i16 %data_pack_8, i16 %p_0_5_0_0_01257" [firmware/nnet_utils/nnet_dense_stream.h:35->firmware/nnet_utils/nnet_dense_stream.h:93]   --->   Operation 1571 'store' 'store_ln35' <Predicate = (i_in_1 == 36)> <Delay = 0.00>
ST_2 : Operation 1572 [1/1] (0.00ns)   --->   "%store_ln35 = store i16 %data_4, i16 %p_0_4_0_0_01255" [firmware/nnet_utils/nnet_dense_stream.h:35->firmware/nnet_utils/nnet_dense_stream.h:93]   --->   Operation 1572 'store' 'store_ln35' <Predicate = (i_in_1 == 36)> <Delay = 0.00>
ST_2 : Operation 1573 [1/1] (0.00ns)   --->   "%store_ln35 = store i16 %data_3, i16 %p_0_3_0_0_01253" [firmware/nnet_utils/nnet_dense_stream.h:35->firmware/nnet_utils/nnet_dense_stream.h:93]   --->   Operation 1573 'store' 'store_ln35' <Predicate = (i_in_1 == 36)> <Delay = 0.00>
ST_2 : Operation 1574 [1/1] (0.00ns)   --->   "%store_ln35 = store i16 %data_pack_7, i16 %p_0_2_0_0_01251" [firmware/nnet_utils/nnet_dense_stream.h:35->firmware/nnet_utils/nnet_dense_stream.h:93]   --->   Operation 1574 'store' 'store_ln35' <Predicate = (i_in_1 == 36)> <Delay = 0.00>
ST_2 : Operation 1575 [1/1] (0.00ns)   --->   "%store_ln35 = store i16 %data_pack, i16 %p_0_1_0_0_01249" [firmware/nnet_utils/nnet_dense_stream.h:35->firmware/nnet_utils/nnet_dense_stream.h:93]   --->   Operation 1575 'store' 'store_ln35' <Predicate = (i_in_1 == 36)> <Delay = 0.00>
ST_2 : Operation 1576 [1/1] (0.00ns)   --->   "%store_ln35 = store i16 %data, i16 %p_0_0_0_0_01247" [firmware/nnet_utils/nnet_dense_stream.h:35->firmware/nnet_utils/nnet_dense_stream.h:93]   --->   Operation 1576 'store' 'store_ln35' <Predicate = (i_in_1 == 36)> <Delay = 0.00>
ST_2 : Operation 1577 [1/1] (0.00ns)   --->   "%br_ln39 = br void %arrayidx.i3.6.exit" [firmware/nnet_utils/nnet_dense_stream.h:39->firmware/nnet_utils/nnet_dense_stream.h:93]   --->   Operation 1577 'br' 'br_ln39' <Predicate = (i_in_1 == 36)> <Delay = 0.00>
ST_2 : Operation 1578 [1/1] (0.00ns)   --->   "%store_ln35 = store i16 %data_pack_9, i16 %p_0_6_0_0_01267" [firmware/nnet_utils/nnet_dense_stream.h:35->firmware/nnet_utils/nnet_dense_stream.h:93]   --->   Operation 1578 'store' 'store_ln35' <Predicate = (i_in_1 == 35)> <Delay = 0.00>
ST_2 : Operation 1579 [1/1] (0.00ns)   --->   "%store_ln35 = store i16 %data_pack_8, i16 %p_0_5_0_0_01265" [firmware/nnet_utils/nnet_dense_stream.h:35->firmware/nnet_utils/nnet_dense_stream.h:93]   --->   Operation 1579 'store' 'store_ln35' <Predicate = (i_in_1 == 35)> <Delay = 0.00>
ST_2 : Operation 1580 [1/1] (0.00ns)   --->   "%store_ln35 = store i16 %data_4, i16 %p_0_4_0_0_01263" [firmware/nnet_utils/nnet_dense_stream.h:35->firmware/nnet_utils/nnet_dense_stream.h:93]   --->   Operation 1580 'store' 'store_ln35' <Predicate = (i_in_1 == 35)> <Delay = 0.00>
ST_2 : Operation 1581 [1/1] (0.00ns)   --->   "%store_ln35 = store i16 %data_pack_7, i16 %p_0_2_0_0_01261" [firmware/nnet_utils/nnet_dense_stream.h:35->firmware/nnet_utils/nnet_dense_stream.h:93]   --->   Operation 1581 'store' 'store_ln35' <Predicate = (i_in_1 == 35)> <Delay = 0.00>
ST_2 : Operation 1582 [1/1] (0.00ns)   --->   "%br_ln39 = br void %arrayidx.i3.6.exit" [firmware/nnet_utils/nnet_dense_stream.h:39->firmware/nnet_utils/nnet_dense_stream.h:93]   --->   Operation 1582 'br' 'br_ln39' <Predicate = (i_in_1 == 35)> <Delay = 0.00>
ST_2 : Operation 1583 [1/1] (0.00ns)   --->   "%store_ln35 = store i16 %data_pack_9, i16 %p_0_6_0_0_01277" [firmware/nnet_utils/nnet_dense_stream.h:35->firmware/nnet_utils/nnet_dense_stream.h:93]   --->   Operation 1583 'store' 'store_ln35' <Predicate = (i_in_1 == 34)> <Delay = 0.00>
ST_2 : Operation 1584 [1/1] (0.00ns)   --->   "%store_ln35 = store i16 %data_pack_8, i16 %p_0_5_0_0_01275" [firmware/nnet_utils/nnet_dense_stream.h:35->firmware/nnet_utils/nnet_dense_stream.h:93]   --->   Operation 1584 'store' 'store_ln35' <Predicate = (i_in_1 == 34)> <Delay = 0.00>
ST_2 : Operation 1585 [1/1] (0.00ns)   --->   "%store_ln35 = store i16 %data_pack_7, i16 %p_0_2_0_0_01273" [firmware/nnet_utils/nnet_dense_stream.h:35->firmware/nnet_utils/nnet_dense_stream.h:93]   --->   Operation 1585 'store' 'store_ln35' <Predicate = (i_in_1 == 34)> <Delay = 0.00>
ST_2 : Operation 1586 [1/1] (0.00ns)   --->   "%store_ln35 = store i16 %data_pack, i16 %p_0_1_0_0_01271" [firmware/nnet_utils/nnet_dense_stream.h:35->firmware/nnet_utils/nnet_dense_stream.h:93]   --->   Operation 1586 'store' 'store_ln35' <Predicate = (i_in_1 == 34)> <Delay = 0.00>
ST_2 : Operation 1587 [1/1] (0.00ns)   --->   "%store_ln35 = store i16 %data, i16 %p_0_0_0_0_01269" [firmware/nnet_utils/nnet_dense_stream.h:35->firmware/nnet_utils/nnet_dense_stream.h:93]   --->   Operation 1587 'store' 'store_ln35' <Predicate = (i_in_1 == 34)> <Delay = 0.00>
ST_2 : Operation 1588 [1/1] (0.00ns)   --->   "%br_ln39 = br void %arrayidx.i3.6.exit" [firmware/nnet_utils/nnet_dense_stream.h:39->firmware/nnet_utils/nnet_dense_stream.h:93]   --->   Operation 1588 'br' 'br_ln39' <Predicate = (i_in_1 == 34)> <Delay = 0.00>
ST_2 : Operation 1589 [1/1] (0.00ns)   --->   "%store_ln35 = store i16 %data_pack_9, i16 %p_0_6_0_0_01285" [firmware/nnet_utils/nnet_dense_stream.h:35->firmware/nnet_utils/nnet_dense_stream.h:93]   --->   Operation 1589 'store' 'store_ln35' <Predicate = (i_in_1 == 33)> <Delay = 0.00>
ST_2 : Operation 1590 [1/1] (0.00ns)   --->   "%store_ln35 = store i16 %data_pack_8, i16 %p_0_5_0_0_01283" [firmware/nnet_utils/nnet_dense_stream.h:35->firmware/nnet_utils/nnet_dense_stream.h:93]   --->   Operation 1590 'store' 'store_ln35' <Predicate = (i_in_1 == 33)> <Delay = 0.00>
ST_2 : Operation 1591 [1/1] (0.00ns)   --->   "%store_ln35 = store i16 %data_pack, i16 %p_0_1_0_0_01281" [firmware/nnet_utils/nnet_dense_stream.h:35->firmware/nnet_utils/nnet_dense_stream.h:93]   --->   Operation 1591 'store' 'store_ln35' <Predicate = (i_in_1 == 33)> <Delay = 0.00>
ST_2 : Operation 1592 [1/1] (0.00ns)   --->   "%store_ln35 = store i16 %data, i16 %p_0_0_0_0_01279" [firmware/nnet_utils/nnet_dense_stream.h:35->firmware/nnet_utils/nnet_dense_stream.h:93]   --->   Operation 1592 'store' 'store_ln35' <Predicate = (i_in_1 == 33)> <Delay = 0.00>
ST_2 : Operation 1593 [1/1] (0.00ns)   --->   "%br_ln39 = br void %arrayidx.i3.6.exit" [firmware/nnet_utils/nnet_dense_stream.h:39->firmware/nnet_utils/nnet_dense_stream.h:93]   --->   Operation 1593 'br' 'br_ln39' <Predicate = (i_in_1 == 33)> <Delay = 0.00>
ST_2 : Operation 1594 [1/1] (0.00ns)   --->   "%store_ln35 = store i16 %data_pack_9, i16 %p_0_6_0_0_01293" [firmware/nnet_utils/nnet_dense_stream.h:35->firmware/nnet_utils/nnet_dense_stream.h:93]   --->   Operation 1594 'store' 'store_ln35' <Predicate = (i_in_1 == 32)> <Delay = 0.00>
ST_2 : Operation 1595 [1/1] (0.00ns)   --->   "%store_ln35 = store i16 %data_pack_8, i16 %p_0_5_0_0_01291" [firmware/nnet_utils/nnet_dense_stream.h:35->firmware/nnet_utils/nnet_dense_stream.h:93]   --->   Operation 1595 'store' 'store_ln35' <Predicate = (i_in_1 == 32)> <Delay = 0.00>
ST_2 : Operation 1596 [1/1] (0.00ns)   --->   "%store_ln35 = store i16 %data_pack_7, i16 %p_0_2_0_0_01289" [firmware/nnet_utils/nnet_dense_stream.h:35->firmware/nnet_utils/nnet_dense_stream.h:93]   --->   Operation 1596 'store' 'store_ln35' <Predicate = (i_in_1 == 32)> <Delay = 0.00>
ST_2 : Operation 1597 [1/1] (0.00ns)   --->   "%store_ln35 = store i16 %data, i16 %p_0_0_0_0_01287" [firmware/nnet_utils/nnet_dense_stream.h:35->firmware/nnet_utils/nnet_dense_stream.h:93]   --->   Operation 1597 'store' 'store_ln35' <Predicate = (i_in_1 == 32)> <Delay = 0.00>
ST_2 : Operation 1598 [1/1] (0.00ns)   --->   "%br_ln39 = br void %arrayidx.i3.6.exit" [firmware/nnet_utils/nnet_dense_stream.h:39->firmware/nnet_utils/nnet_dense_stream.h:93]   --->   Operation 1598 'br' 'br_ln39' <Predicate = (i_in_1 == 32)> <Delay = 0.00>
ST_2 : Operation 1599 [1/1] (0.00ns)   --->   "%store_ln35 = store i16 %data_pack_9, i16 %p_0_6_0_0_01303" [firmware/nnet_utils/nnet_dense_stream.h:35->firmware/nnet_utils/nnet_dense_stream.h:93]   --->   Operation 1599 'store' 'store_ln35' <Predicate = (i_in_1 == 31)> <Delay = 0.00>
ST_2 : Operation 1600 [1/1] (0.00ns)   --->   "%store_ln35 = store i16 %data_pack_8, i16 %p_0_5_0_0_01301" [firmware/nnet_utils/nnet_dense_stream.h:35->firmware/nnet_utils/nnet_dense_stream.h:93]   --->   Operation 1600 'store' 'store_ln35' <Predicate = (i_in_1 == 31)> <Delay = 0.00>
ST_2 : Operation 1601 [1/1] (0.00ns)   --->   "%store_ln35 = store i16 %data_pack_7, i16 %p_0_2_0_0_01299" [firmware/nnet_utils/nnet_dense_stream.h:35->firmware/nnet_utils/nnet_dense_stream.h:93]   --->   Operation 1601 'store' 'store_ln35' <Predicate = (i_in_1 == 31)> <Delay = 0.00>
ST_2 : Operation 1602 [1/1] (0.00ns)   --->   "%store_ln35 = store i16 %data_pack, i16 %p_0_1_0_0_01297" [firmware/nnet_utils/nnet_dense_stream.h:35->firmware/nnet_utils/nnet_dense_stream.h:93]   --->   Operation 1602 'store' 'store_ln35' <Predicate = (i_in_1 == 31)> <Delay = 0.00>
ST_2 : Operation 1603 [1/1] (0.00ns)   --->   "%store_ln35 = store i16 %data, i16 %p_0_0_0_0_01295" [firmware/nnet_utils/nnet_dense_stream.h:35->firmware/nnet_utils/nnet_dense_stream.h:93]   --->   Operation 1603 'store' 'store_ln35' <Predicate = (i_in_1 == 31)> <Delay = 0.00>
ST_2 : Operation 1604 [1/1] (0.00ns)   --->   "%br_ln39 = br void %arrayidx.i3.6.exit" [firmware/nnet_utils/nnet_dense_stream.h:39->firmware/nnet_utils/nnet_dense_stream.h:93]   --->   Operation 1604 'br' 'br_ln39' <Predicate = (i_in_1 == 31)> <Delay = 0.00>
ST_2 : Operation 1605 [1/1] (0.00ns)   --->   "%store_ln35 = store i16 %data_pack_9, i16 %p_0_6_0_0_01311" [firmware/nnet_utils/nnet_dense_stream.h:35->firmware/nnet_utils/nnet_dense_stream.h:93]   --->   Operation 1605 'store' 'store_ln35' <Predicate = (i_in_1 == 30)> <Delay = 0.00>
ST_2 : Operation 1606 [1/1] (0.00ns)   --->   "%store_ln35 = store i16 %data_pack_8, i16 %p_0_5_0_0_01309" [firmware/nnet_utils/nnet_dense_stream.h:35->firmware/nnet_utils/nnet_dense_stream.h:93]   --->   Operation 1606 'store' 'store_ln35' <Predicate = (i_in_1 == 30)> <Delay = 0.00>
ST_2 : Operation 1607 [1/1] (0.00ns)   --->   "%store_ln35 = store i16 %data_pack_7, i16 %p_0_2_0_0_01307" [firmware/nnet_utils/nnet_dense_stream.h:35->firmware/nnet_utils/nnet_dense_stream.h:93]   --->   Operation 1607 'store' 'store_ln35' <Predicate = (i_in_1 == 30)> <Delay = 0.00>
ST_2 : Operation 1608 [1/1] (0.00ns)   --->   "%store_ln35 = store i16 %data_pack, i16 %p_0_1_0_0_01305" [firmware/nnet_utils/nnet_dense_stream.h:35->firmware/nnet_utils/nnet_dense_stream.h:93]   --->   Operation 1608 'store' 'store_ln35' <Predicate = (i_in_1 == 30)> <Delay = 0.00>
ST_2 : Operation 1609 [1/1] (0.00ns)   --->   "%br_ln39 = br void %arrayidx.i3.6.exit" [firmware/nnet_utils/nnet_dense_stream.h:39->firmware/nnet_utils/nnet_dense_stream.h:93]   --->   Operation 1609 'br' 'br_ln39' <Predicate = (i_in_1 == 30)> <Delay = 0.00>
ST_2 : Operation 1610 [1/1] (0.00ns)   --->   "%store_ln35 = store i16 %data_pack_9, i16 %p_0_6_0_0_01319" [firmware/nnet_utils/nnet_dense_stream.h:35->firmware/nnet_utils/nnet_dense_stream.h:93]   --->   Operation 1610 'store' 'store_ln35' <Predicate = (i_in_1 == 29)> <Delay = 0.00>
ST_2 : Operation 1611 [1/1] (0.00ns)   --->   "%store_ln35 = store i16 %data_pack_8, i16 %p_0_5_0_0_01317" [firmware/nnet_utils/nnet_dense_stream.h:35->firmware/nnet_utils/nnet_dense_stream.h:93]   --->   Operation 1611 'store' 'store_ln35' <Predicate = (i_in_1 == 29)> <Delay = 0.00>
ST_2 : Operation 1612 [1/1] (0.00ns)   --->   "%store_ln35 = store i16 %data_pack_7, i16 %p_0_2_0_0_01315" [firmware/nnet_utils/nnet_dense_stream.h:35->firmware/nnet_utils/nnet_dense_stream.h:93]   --->   Operation 1612 'store' 'store_ln35' <Predicate = (i_in_1 == 29)> <Delay = 0.00>
ST_2 : Operation 1613 [1/1] (0.00ns)   --->   "%store_ln35 = store i16 %data_pack, i16 %p_0_1_0_0_01313" [firmware/nnet_utils/nnet_dense_stream.h:35->firmware/nnet_utils/nnet_dense_stream.h:93]   --->   Operation 1613 'store' 'store_ln35' <Predicate = (i_in_1 == 29)> <Delay = 0.00>
ST_2 : Operation 1614 [1/1] (0.00ns)   --->   "%br_ln39 = br void %arrayidx.i3.6.exit" [firmware/nnet_utils/nnet_dense_stream.h:39->firmware/nnet_utils/nnet_dense_stream.h:93]   --->   Operation 1614 'br' 'br_ln39' <Predicate = (i_in_1 == 29)> <Delay = 0.00>
ST_2 : Operation 1615 [1/1] (0.00ns)   --->   "%store_ln35 = store i16 %data_pack_9, i16 %p_0_6_0_0_01327" [firmware/nnet_utils/nnet_dense_stream.h:35->firmware/nnet_utils/nnet_dense_stream.h:93]   --->   Operation 1615 'store' 'store_ln35' <Predicate = (i_in_1 == 28)> <Delay = 0.00>
ST_2 : Operation 1616 [1/1] (0.00ns)   --->   "%store_ln35 = store i16 %data_pack_8, i16 %p_0_5_0_0_01325" [firmware/nnet_utils/nnet_dense_stream.h:35->firmware/nnet_utils/nnet_dense_stream.h:93]   --->   Operation 1616 'store' 'store_ln35' <Predicate = (i_in_1 == 28)> <Delay = 0.00>
ST_2 : Operation 1617 [1/1] (0.00ns)   --->   "%store_ln35 = store i16 %data_pack_7, i16 %p_0_2_0_0_01323" [firmware/nnet_utils/nnet_dense_stream.h:35->firmware/nnet_utils/nnet_dense_stream.h:93]   --->   Operation 1617 'store' 'store_ln35' <Predicate = (i_in_1 == 28)> <Delay = 0.00>
ST_2 : Operation 1618 [1/1] (0.00ns)   --->   "%store_ln35 = store i16 %data_pack, i16 %p_0_1_0_0_01321" [firmware/nnet_utils/nnet_dense_stream.h:35->firmware/nnet_utils/nnet_dense_stream.h:93]   --->   Operation 1618 'store' 'store_ln35' <Predicate = (i_in_1 == 28)> <Delay = 0.00>
ST_2 : Operation 1619 [1/1] (0.00ns)   --->   "%br_ln39 = br void %arrayidx.i3.6.exit" [firmware/nnet_utils/nnet_dense_stream.h:39->firmware/nnet_utils/nnet_dense_stream.h:93]   --->   Operation 1619 'br' 'br_ln39' <Predicate = (i_in_1 == 28)> <Delay = 0.00>
ST_2 : Operation 1620 [1/1] (0.00ns)   --->   "%store_ln35 = store i16 %data_pack_9, i16 %p_0_6_0_0_01335" [firmware/nnet_utils/nnet_dense_stream.h:35->firmware/nnet_utils/nnet_dense_stream.h:93]   --->   Operation 1620 'store' 'store_ln35' <Predicate = (i_in_1 == 27)> <Delay = 0.00>
ST_2 : Operation 1621 [1/1] (0.00ns)   --->   "%store_ln35 = store i16 %data_pack_8, i16 %p_0_5_0_0_01333" [firmware/nnet_utils/nnet_dense_stream.h:35->firmware/nnet_utils/nnet_dense_stream.h:93]   --->   Operation 1621 'store' 'store_ln35' <Predicate = (i_in_1 == 27)> <Delay = 0.00>
ST_2 : Operation 1622 [1/1] (0.00ns)   --->   "%store_ln35 = store i16 %data_pack_7, i16 %p_0_2_0_0_01331" [firmware/nnet_utils/nnet_dense_stream.h:35->firmware/nnet_utils/nnet_dense_stream.h:93]   --->   Operation 1622 'store' 'store_ln35' <Predicate = (i_in_1 == 27)> <Delay = 0.00>
ST_2 : Operation 1623 [1/1] (0.00ns)   --->   "%store_ln35 = store i16 %data_pack, i16 %p_0_1_0_0_01329" [firmware/nnet_utils/nnet_dense_stream.h:35->firmware/nnet_utils/nnet_dense_stream.h:93]   --->   Operation 1623 'store' 'store_ln35' <Predicate = (i_in_1 == 27)> <Delay = 0.00>
ST_2 : Operation 1624 [1/1] (0.00ns)   --->   "%br_ln39 = br void %arrayidx.i3.6.exit" [firmware/nnet_utils/nnet_dense_stream.h:39->firmware/nnet_utils/nnet_dense_stream.h:93]   --->   Operation 1624 'br' 'br_ln39' <Predicate = (i_in_1 == 27)> <Delay = 0.00>
ST_2 : Operation 1625 [1/1] (0.00ns)   --->   "%store_ln35 = store i16 %data_pack_9, i16 %p_0_6_0_0_01343" [firmware/nnet_utils/nnet_dense_stream.h:35->firmware/nnet_utils/nnet_dense_stream.h:93]   --->   Operation 1625 'store' 'store_ln35' <Predicate = (i_in_1 == 26)> <Delay = 0.00>
ST_2 : Operation 1626 [1/1] (0.00ns)   --->   "%store_ln35 = store i16 %data_pack_8, i16 %p_0_5_0_0_01341" [firmware/nnet_utils/nnet_dense_stream.h:35->firmware/nnet_utils/nnet_dense_stream.h:93]   --->   Operation 1626 'store' 'store_ln35' <Predicate = (i_in_1 == 26)> <Delay = 0.00>
ST_2 : Operation 1627 [1/1] (0.00ns)   --->   "%store_ln35 = store i16 %data_pack_7, i16 %p_0_2_0_0_01339" [firmware/nnet_utils/nnet_dense_stream.h:35->firmware/nnet_utils/nnet_dense_stream.h:93]   --->   Operation 1627 'store' 'store_ln35' <Predicate = (i_in_1 == 26)> <Delay = 0.00>
ST_2 : Operation 1628 [1/1] (0.00ns)   --->   "%store_ln35 = store i16 %data_pack, i16 %p_0_1_0_0_01337" [firmware/nnet_utils/nnet_dense_stream.h:35->firmware/nnet_utils/nnet_dense_stream.h:93]   --->   Operation 1628 'store' 'store_ln35' <Predicate = (i_in_1 == 26)> <Delay = 0.00>
ST_2 : Operation 1629 [1/1] (0.00ns)   --->   "%br_ln39 = br void %arrayidx.i3.6.exit" [firmware/nnet_utils/nnet_dense_stream.h:39->firmware/nnet_utils/nnet_dense_stream.h:93]   --->   Operation 1629 'br' 'br_ln39' <Predicate = (i_in_1 == 26)> <Delay = 0.00>
ST_2 : Operation 1630 [1/1] (0.00ns)   --->   "%store_ln35 = store i16 %data_pack_9, i16 %p_0_6_0_0_01351" [firmware/nnet_utils/nnet_dense_stream.h:35->firmware/nnet_utils/nnet_dense_stream.h:93]   --->   Operation 1630 'store' 'store_ln35' <Predicate = (i_in_1 == 25)> <Delay = 0.00>
ST_2 : Operation 1631 [1/1] (0.00ns)   --->   "%store_ln35 = store i16 %data_pack_8, i16 %p_0_5_0_0_01349" [firmware/nnet_utils/nnet_dense_stream.h:35->firmware/nnet_utils/nnet_dense_stream.h:93]   --->   Operation 1631 'store' 'store_ln35' <Predicate = (i_in_1 == 25)> <Delay = 0.00>
ST_2 : Operation 1632 [1/1] (0.00ns)   --->   "%store_ln35 = store i16 %data_pack_7, i16 %p_0_2_0_0_01347" [firmware/nnet_utils/nnet_dense_stream.h:35->firmware/nnet_utils/nnet_dense_stream.h:93]   --->   Operation 1632 'store' 'store_ln35' <Predicate = (i_in_1 == 25)> <Delay = 0.00>
ST_2 : Operation 1633 [1/1] (0.00ns)   --->   "%store_ln35 = store i16 %data_pack, i16 %p_0_1_0_0_01345" [firmware/nnet_utils/nnet_dense_stream.h:35->firmware/nnet_utils/nnet_dense_stream.h:93]   --->   Operation 1633 'store' 'store_ln35' <Predicate = (i_in_1 == 25)> <Delay = 0.00>
ST_2 : Operation 1634 [1/1] (0.00ns)   --->   "%br_ln39 = br void %arrayidx.i3.6.exit" [firmware/nnet_utils/nnet_dense_stream.h:39->firmware/nnet_utils/nnet_dense_stream.h:93]   --->   Operation 1634 'br' 'br_ln39' <Predicate = (i_in_1 == 25)> <Delay = 0.00>
ST_2 : Operation 1635 [1/1] (0.00ns)   --->   "%store_ln35 = store i16 %data_pack_9, i16 %p_0_6_0_0_01361" [firmware/nnet_utils/nnet_dense_stream.h:35->firmware/nnet_utils/nnet_dense_stream.h:93]   --->   Operation 1635 'store' 'store_ln35' <Predicate = (i_in_1 == 24)> <Delay = 0.00>
ST_2 : Operation 1636 [1/1] (0.00ns)   --->   "%store_ln35 = store i16 %data_pack_8, i16 %p_0_5_0_0_01359" [firmware/nnet_utils/nnet_dense_stream.h:35->firmware/nnet_utils/nnet_dense_stream.h:93]   --->   Operation 1636 'store' 'store_ln35' <Predicate = (i_in_1 == 24)> <Delay = 0.00>
ST_2 : Operation 1637 [1/1] (0.00ns)   --->   "%store_ln35 = store i16 %data_3, i16 %p_0_3_0_0_01357" [firmware/nnet_utils/nnet_dense_stream.h:35->firmware/nnet_utils/nnet_dense_stream.h:93]   --->   Operation 1637 'store' 'store_ln35' <Predicate = (i_in_1 == 24)> <Delay = 0.00>
ST_2 : Operation 1638 [1/1] (0.00ns)   --->   "%store_ln35 = store i16 %data_pack_7, i16 %p_0_2_0_0_01355" [firmware/nnet_utils/nnet_dense_stream.h:35->firmware/nnet_utils/nnet_dense_stream.h:93]   --->   Operation 1638 'store' 'store_ln35' <Predicate = (i_in_1 == 24)> <Delay = 0.00>
ST_2 : Operation 1639 [1/1] (0.00ns)   --->   "%store_ln35 = store i16 %data_pack, i16 %p_0_1_0_0_01353" [firmware/nnet_utils/nnet_dense_stream.h:35->firmware/nnet_utils/nnet_dense_stream.h:93]   --->   Operation 1639 'store' 'store_ln35' <Predicate = (i_in_1 == 24)> <Delay = 0.00>
ST_2 : Operation 1640 [1/1] (0.00ns)   --->   "%br_ln39 = br void %arrayidx.i3.6.exit" [firmware/nnet_utils/nnet_dense_stream.h:39->firmware/nnet_utils/nnet_dense_stream.h:93]   --->   Operation 1640 'br' 'br_ln39' <Predicate = (i_in_1 == 24)> <Delay = 0.00>
ST_2 : Operation 1641 [1/1] (0.00ns)   --->   "%store_ln35 = store i16 %data_pack_9, i16 %p_0_6_0_0_01369" [firmware/nnet_utils/nnet_dense_stream.h:35->firmware/nnet_utils/nnet_dense_stream.h:93]   --->   Operation 1641 'store' 'store_ln35' <Predicate = (i_in_1 == 23)> <Delay = 0.00>
ST_2 : Operation 1642 [1/1] (0.00ns)   --->   "%store_ln35 = store i16 %data_pack_8, i16 %p_0_5_0_0_01367" [firmware/nnet_utils/nnet_dense_stream.h:35->firmware/nnet_utils/nnet_dense_stream.h:93]   --->   Operation 1642 'store' 'store_ln35' <Predicate = (i_in_1 == 23)> <Delay = 0.00>
ST_2 : Operation 1643 [1/1] (0.00ns)   --->   "%store_ln35 = store i16 %data_pack_7, i16 %p_0_2_0_0_01365" [firmware/nnet_utils/nnet_dense_stream.h:35->firmware/nnet_utils/nnet_dense_stream.h:93]   --->   Operation 1643 'store' 'store_ln35' <Predicate = (i_in_1 == 23)> <Delay = 0.00>
ST_2 : Operation 1644 [1/1] (0.00ns)   --->   "%store_ln35 = store i16 %data_pack, i16 %p_0_1_0_0_01363" [firmware/nnet_utils/nnet_dense_stream.h:35->firmware/nnet_utils/nnet_dense_stream.h:93]   --->   Operation 1644 'store' 'store_ln35' <Predicate = (i_in_1 == 23)> <Delay = 0.00>
ST_2 : Operation 1645 [1/1] (0.00ns)   --->   "%br_ln39 = br void %arrayidx.i3.6.exit" [firmware/nnet_utils/nnet_dense_stream.h:39->firmware/nnet_utils/nnet_dense_stream.h:93]   --->   Operation 1645 'br' 'br_ln39' <Predicate = (i_in_1 == 23)> <Delay = 0.00>
ST_2 : Operation 1646 [1/1] (0.00ns)   --->   "%store_ln35 = store i16 %data_pack_9, i16 %p_0_6_0_0_01377" [firmware/nnet_utils/nnet_dense_stream.h:35->firmware/nnet_utils/nnet_dense_stream.h:93]   --->   Operation 1646 'store' 'store_ln35' <Predicate = (i_in_1 == 22)> <Delay = 0.00>
ST_2 : Operation 1647 [1/1] (0.00ns)   --->   "%store_ln35 = store i16 %data_pack_8, i16 %p_0_5_0_0_01375" [firmware/nnet_utils/nnet_dense_stream.h:35->firmware/nnet_utils/nnet_dense_stream.h:93]   --->   Operation 1647 'store' 'store_ln35' <Predicate = (i_in_1 == 22)> <Delay = 0.00>
ST_2 : Operation 1648 [1/1] (0.00ns)   --->   "%store_ln35 = store i16 %data_pack_7, i16 %p_0_2_0_0_01373" [firmware/nnet_utils/nnet_dense_stream.h:35->firmware/nnet_utils/nnet_dense_stream.h:93]   --->   Operation 1648 'store' 'store_ln35' <Predicate = (i_in_1 == 22)> <Delay = 0.00>
ST_2 : Operation 1649 [1/1] (0.00ns)   --->   "%store_ln35 = store i16 %data_pack, i16 %p_0_1_0_0_01371" [firmware/nnet_utils/nnet_dense_stream.h:35->firmware/nnet_utils/nnet_dense_stream.h:93]   --->   Operation 1649 'store' 'store_ln35' <Predicate = (i_in_1 == 22)> <Delay = 0.00>
ST_2 : Operation 1650 [1/1] (0.00ns)   --->   "%br_ln39 = br void %arrayidx.i3.6.exit" [firmware/nnet_utils/nnet_dense_stream.h:39->firmware/nnet_utils/nnet_dense_stream.h:93]   --->   Operation 1650 'br' 'br_ln39' <Predicate = (i_in_1 == 22)> <Delay = 0.00>
ST_2 : Operation 1651 [1/1] (0.00ns)   --->   "%store_ln35 = store i16 %data_pack_9, i16 %p_0_6_0_0_01385" [firmware/nnet_utils/nnet_dense_stream.h:35->firmware/nnet_utils/nnet_dense_stream.h:93]   --->   Operation 1651 'store' 'store_ln35' <Predicate = (i_in_1 == 21)> <Delay = 0.00>
ST_2 : Operation 1652 [1/1] (0.00ns)   --->   "%store_ln35 = store i16 %data_pack_8, i16 %p_0_5_0_0_01383" [firmware/nnet_utils/nnet_dense_stream.h:35->firmware/nnet_utils/nnet_dense_stream.h:93]   --->   Operation 1652 'store' 'store_ln35' <Predicate = (i_in_1 == 21)> <Delay = 0.00>
ST_2 : Operation 1653 [1/1] (0.00ns)   --->   "%store_ln35 = store i16 %data_pack_7, i16 %p_0_2_0_0_01381" [firmware/nnet_utils/nnet_dense_stream.h:35->firmware/nnet_utils/nnet_dense_stream.h:93]   --->   Operation 1653 'store' 'store_ln35' <Predicate = (i_in_1 == 21)> <Delay = 0.00>
ST_2 : Operation 1654 [1/1] (0.00ns)   --->   "%store_ln35 = store i16 %data_pack, i16 %p_0_1_0_0_01379" [firmware/nnet_utils/nnet_dense_stream.h:35->firmware/nnet_utils/nnet_dense_stream.h:93]   --->   Operation 1654 'store' 'store_ln35' <Predicate = (i_in_1 == 21)> <Delay = 0.00>
ST_2 : Operation 1655 [1/1] (0.00ns)   --->   "%br_ln39 = br void %arrayidx.i3.6.exit" [firmware/nnet_utils/nnet_dense_stream.h:39->firmware/nnet_utils/nnet_dense_stream.h:93]   --->   Operation 1655 'br' 'br_ln39' <Predicate = (i_in_1 == 21)> <Delay = 0.00>
ST_2 : Operation 1656 [1/1] (0.00ns)   --->   "%store_ln35 = store i16 %data_pack_9, i16 %p_0_6_0_0_01395" [firmware/nnet_utils/nnet_dense_stream.h:35->firmware/nnet_utils/nnet_dense_stream.h:93]   --->   Operation 1656 'store' 'store_ln35' <Predicate = (i_in_1 == 20)> <Delay = 0.00>
ST_2 : Operation 1657 [1/1] (0.00ns)   --->   "%store_ln35 = store i16 %data_pack_8, i16 %p_0_5_0_0_01393" [firmware/nnet_utils/nnet_dense_stream.h:35->firmware/nnet_utils/nnet_dense_stream.h:93]   --->   Operation 1657 'store' 'store_ln35' <Predicate = (i_in_1 == 20)> <Delay = 0.00>
ST_2 : Operation 1658 [1/1] (0.00ns)   --->   "%store_ln35 = store i16 %data_4, i16 %p_0_4_0_0_01391" [firmware/nnet_utils/nnet_dense_stream.h:35->firmware/nnet_utils/nnet_dense_stream.h:93]   --->   Operation 1658 'store' 'store_ln35' <Predicate = (i_in_1 == 20)> <Delay = 0.00>
ST_2 : Operation 1659 [1/1] (0.00ns)   --->   "%store_ln35 = store i16 %data_pack_7, i16 %p_0_2_0_0_01389" [firmware/nnet_utils/nnet_dense_stream.h:35->firmware/nnet_utils/nnet_dense_stream.h:93]   --->   Operation 1659 'store' 'store_ln35' <Predicate = (i_in_1 == 20)> <Delay = 0.00>
ST_2 : Operation 1660 [1/1] (0.00ns)   --->   "%store_ln35 = store i16 %data_pack, i16 %p_0_1_0_0_01387" [firmware/nnet_utils/nnet_dense_stream.h:35->firmware/nnet_utils/nnet_dense_stream.h:93]   --->   Operation 1660 'store' 'store_ln35' <Predicate = (i_in_1 == 20)> <Delay = 0.00>
ST_2 : Operation 1661 [1/1] (0.00ns)   --->   "%br_ln39 = br void %arrayidx.i3.6.exit" [firmware/nnet_utils/nnet_dense_stream.h:39->firmware/nnet_utils/nnet_dense_stream.h:93]   --->   Operation 1661 'br' 'br_ln39' <Predicate = (i_in_1 == 20)> <Delay = 0.00>
ST_2 : Operation 1662 [1/1] (0.00ns)   --->   "%store_ln35 = store i16 %data_pack_9, i16 %p_0_6_0_0_01403" [firmware/nnet_utils/nnet_dense_stream.h:35->firmware/nnet_utils/nnet_dense_stream.h:93]   --->   Operation 1662 'store' 'store_ln35' <Predicate = (i_in_1 == 19)> <Delay = 0.00>
ST_2 : Operation 1663 [1/1] (0.00ns)   --->   "%store_ln35 = store i16 %data_pack_8, i16 %p_0_5_0_0_01401" [firmware/nnet_utils/nnet_dense_stream.h:35->firmware/nnet_utils/nnet_dense_stream.h:93]   --->   Operation 1663 'store' 'store_ln35' <Predicate = (i_in_1 == 19)> <Delay = 0.00>
ST_2 : Operation 1664 [1/1] (0.00ns)   --->   "%store_ln35 = store i16 %data_pack_7, i16 %p_0_2_0_0_01399" [firmware/nnet_utils/nnet_dense_stream.h:35->firmware/nnet_utils/nnet_dense_stream.h:93]   --->   Operation 1664 'store' 'store_ln35' <Predicate = (i_in_1 == 19)> <Delay = 0.00>
ST_2 : Operation 1665 [1/1] (0.00ns)   --->   "%store_ln35 = store i16 %data_pack, i16 %p_0_1_0_0_01397" [firmware/nnet_utils/nnet_dense_stream.h:35->firmware/nnet_utils/nnet_dense_stream.h:93]   --->   Operation 1665 'store' 'store_ln35' <Predicate = (i_in_1 == 19)> <Delay = 0.00>
ST_2 : Operation 1666 [1/1] (0.00ns)   --->   "%br_ln39 = br void %arrayidx.i3.6.exit" [firmware/nnet_utils/nnet_dense_stream.h:39->firmware/nnet_utils/nnet_dense_stream.h:93]   --->   Operation 1666 'br' 'br_ln39' <Predicate = (i_in_1 == 19)> <Delay = 0.00>
ST_2 : Operation 1667 [1/1] (0.00ns)   --->   "%store_ln35 = store i16 %data_pack_9, i16 %p_0_6_0_0_01411" [firmware/nnet_utils/nnet_dense_stream.h:35->firmware/nnet_utils/nnet_dense_stream.h:93]   --->   Operation 1667 'store' 'store_ln35' <Predicate = (i_in_1 == 18)> <Delay = 0.00>
ST_2 : Operation 1668 [1/1] (0.00ns)   --->   "%store_ln35 = store i16 %data_pack_8, i16 %p_0_5_0_0_01409" [firmware/nnet_utils/nnet_dense_stream.h:35->firmware/nnet_utils/nnet_dense_stream.h:93]   --->   Operation 1668 'store' 'store_ln35' <Predicate = (i_in_1 == 18)> <Delay = 0.00>
ST_2 : Operation 1669 [1/1] (0.00ns)   --->   "%store_ln35 = store i16 %data_pack_7, i16 %p_0_2_0_0_01407" [firmware/nnet_utils/nnet_dense_stream.h:35->firmware/nnet_utils/nnet_dense_stream.h:93]   --->   Operation 1669 'store' 'store_ln35' <Predicate = (i_in_1 == 18)> <Delay = 0.00>
ST_2 : Operation 1670 [1/1] (0.00ns)   --->   "%store_ln35 = store i16 %data_pack, i16 %p_0_1_0_0_01405" [firmware/nnet_utils/nnet_dense_stream.h:35->firmware/nnet_utils/nnet_dense_stream.h:93]   --->   Operation 1670 'store' 'store_ln35' <Predicate = (i_in_1 == 18)> <Delay = 0.00>
ST_2 : Operation 1671 [1/1] (0.00ns)   --->   "%br_ln39 = br void %arrayidx.i3.6.exit" [firmware/nnet_utils/nnet_dense_stream.h:39->firmware/nnet_utils/nnet_dense_stream.h:93]   --->   Operation 1671 'br' 'br_ln39' <Predicate = (i_in_1 == 18)> <Delay = 0.00>
ST_2 : Operation 1672 [1/1] (0.00ns)   --->   "%store_ln35 = store i16 %data_pack_9, i16 %p_0_6_0_0_01423" [firmware/nnet_utils/nnet_dense_stream.h:35->firmware/nnet_utils/nnet_dense_stream.h:93]   --->   Operation 1672 'store' 'store_ln35' <Predicate = (i_in_1 == 17)> <Delay = 0.00>
ST_2 : Operation 1673 [1/1] (0.00ns)   --->   "%store_ln35 = store i16 %data_pack_8, i16 %p_0_5_0_0_01421" [firmware/nnet_utils/nnet_dense_stream.h:35->firmware/nnet_utils/nnet_dense_stream.h:93]   --->   Operation 1673 'store' 'store_ln35' <Predicate = (i_in_1 == 17)> <Delay = 0.00>
ST_2 : Operation 1674 [1/1] (0.00ns)   --->   "%store_ln35 = store i16 %data_4, i16 %p_0_4_0_0_01419" [firmware/nnet_utils/nnet_dense_stream.h:35->firmware/nnet_utils/nnet_dense_stream.h:93]   --->   Operation 1674 'store' 'store_ln35' <Predicate = (i_in_1 == 17)> <Delay = 0.00>
ST_2 : Operation 1675 [1/1] (0.00ns)   --->   "%store_ln35 = store i16 %data_pack_7, i16 %p_0_2_0_0_01417" [firmware/nnet_utils/nnet_dense_stream.h:35->firmware/nnet_utils/nnet_dense_stream.h:93]   --->   Operation 1675 'store' 'store_ln35' <Predicate = (i_in_1 == 17)> <Delay = 0.00>
ST_2 : Operation 1676 [1/1] (0.00ns)   --->   "%store_ln35 = store i16 %data_pack, i16 %p_0_1_0_0_01415" [firmware/nnet_utils/nnet_dense_stream.h:35->firmware/nnet_utils/nnet_dense_stream.h:93]   --->   Operation 1676 'store' 'store_ln35' <Predicate = (i_in_1 == 17)> <Delay = 0.00>
ST_2 : Operation 1677 [1/1] (0.00ns)   --->   "%store_ln35 = store i16 %data, i16 %p_0_0_0_0_01413" [firmware/nnet_utils/nnet_dense_stream.h:35->firmware/nnet_utils/nnet_dense_stream.h:93]   --->   Operation 1677 'store' 'store_ln35' <Predicate = (i_in_1 == 17)> <Delay = 0.00>
ST_2 : Operation 1678 [1/1] (0.00ns)   --->   "%br_ln39 = br void %arrayidx.i3.6.exit" [firmware/nnet_utils/nnet_dense_stream.h:39->firmware/nnet_utils/nnet_dense_stream.h:93]   --->   Operation 1678 'br' 'br_ln39' <Predicate = (i_in_1 == 17)> <Delay = 0.00>
ST_2 : Operation 1679 [1/1] (0.00ns)   --->   "%store_ln35 = store i16 %data_pack_9, i16 %p_0_6_0_0_01433" [firmware/nnet_utils/nnet_dense_stream.h:35->firmware/nnet_utils/nnet_dense_stream.h:93]   --->   Operation 1679 'store' 'store_ln35' <Predicate = (i_in_1 == 16)> <Delay = 0.00>
ST_2 : Operation 1680 [1/1] (0.00ns)   --->   "%store_ln35 = store i16 %data_pack_8, i16 %p_0_5_0_0_01431" [firmware/nnet_utils/nnet_dense_stream.h:35->firmware/nnet_utils/nnet_dense_stream.h:93]   --->   Operation 1680 'store' 'store_ln35' <Predicate = (i_in_1 == 16)> <Delay = 0.00>
ST_2 : Operation 1681 [1/1] (0.00ns)   --->   "%store_ln35 = store i16 %data_3, i16 %p_0_3_0_0_01429" [firmware/nnet_utils/nnet_dense_stream.h:35->firmware/nnet_utils/nnet_dense_stream.h:93]   --->   Operation 1681 'store' 'store_ln35' <Predicate = (i_in_1 == 16)> <Delay = 0.00>
ST_2 : Operation 1682 [1/1] (0.00ns)   --->   "%store_ln35 = store i16 %data_pack_7, i16 %p_0_2_0_0_01427" [firmware/nnet_utils/nnet_dense_stream.h:35->firmware/nnet_utils/nnet_dense_stream.h:93]   --->   Operation 1682 'store' 'store_ln35' <Predicate = (i_in_1 == 16)> <Delay = 0.00>
ST_2 : Operation 1683 [1/1] (0.00ns)   --->   "%store_ln35 = store i16 %data_pack, i16 %p_0_1_0_0_01425" [firmware/nnet_utils/nnet_dense_stream.h:35->firmware/nnet_utils/nnet_dense_stream.h:93]   --->   Operation 1683 'store' 'store_ln35' <Predicate = (i_in_1 == 16)> <Delay = 0.00>
ST_2 : Operation 1684 [1/1] (0.00ns)   --->   "%br_ln39 = br void %arrayidx.i3.6.exit" [firmware/nnet_utils/nnet_dense_stream.h:39->firmware/nnet_utils/nnet_dense_stream.h:93]   --->   Operation 1684 'br' 'br_ln39' <Predicate = (i_in_1 == 16)> <Delay = 0.00>
ST_2 : Operation 1685 [1/1] (0.00ns)   --->   "%store_ln35 = store i16 %data_pack_9, i16 %p_0_6_0_0_01443" [firmware/nnet_utils/nnet_dense_stream.h:35->firmware/nnet_utils/nnet_dense_stream.h:93]   --->   Operation 1685 'store' 'store_ln35' <Predicate = (i_in_1 == 15)> <Delay = 0.00>
ST_2 : Operation 1686 [1/1] (0.00ns)   --->   "%store_ln35 = store i16 %data_pack_8, i16 %p_0_5_0_0_01441" [firmware/nnet_utils/nnet_dense_stream.h:35->firmware/nnet_utils/nnet_dense_stream.h:93]   --->   Operation 1686 'store' 'store_ln35' <Predicate = (i_in_1 == 15)> <Delay = 0.00>
ST_2 : Operation 1687 [1/1] (0.00ns)   --->   "%store_ln35 = store i16 %data_pack_7, i16 %p_0_2_0_0_01439" [firmware/nnet_utils/nnet_dense_stream.h:35->firmware/nnet_utils/nnet_dense_stream.h:93]   --->   Operation 1687 'store' 'store_ln35' <Predicate = (i_in_1 == 15)> <Delay = 0.00>
ST_2 : Operation 1688 [1/1] (0.00ns)   --->   "%store_ln35 = store i16 %data_pack, i16 %p_0_1_0_0_01437" [firmware/nnet_utils/nnet_dense_stream.h:35->firmware/nnet_utils/nnet_dense_stream.h:93]   --->   Operation 1688 'store' 'store_ln35' <Predicate = (i_in_1 == 15)> <Delay = 0.00>
ST_2 : Operation 1689 [1/1] (0.00ns)   --->   "%store_ln35 = store i16 %data, i16 %p_0_0_0_0_01435" [firmware/nnet_utils/nnet_dense_stream.h:35->firmware/nnet_utils/nnet_dense_stream.h:93]   --->   Operation 1689 'store' 'store_ln35' <Predicate = (i_in_1 == 15)> <Delay = 0.00>
ST_2 : Operation 1690 [1/1] (0.00ns)   --->   "%br_ln39 = br void %arrayidx.i3.6.exit" [firmware/nnet_utils/nnet_dense_stream.h:39->firmware/nnet_utils/nnet_dense_stream.h:93]   --->   Operation 1690 'br' 'br_ln39' <Predicate = (i_in_1 == 15)> <Delay = 0.00>
ST_2 : Operation 1691 [1/1] (0.00ns)   --->   "%store_ln35 = store i16 %data_pack_9, i16 %p_0_6_0_0_01451" [firmware/nnet_utils/nnet_dense_stream.h:35->firmware/nnet_utils/nnet_dense_stream.h:93]   --->   Operation 1691 'store' 'store_ln35' <Predicate = (i_in_1 == 14)> <Delay = 0.00>
ST_2 : Operation 1692 [1/1] (0.00ns)   --->   "%store_ln35 = store i16 %data_pack_8, i16 %p_0_5_0_0_01449" [firmware/nnet_utils/nnet_dense_stream.h:35->firmware/nnet_utils/nnet_dense_stream.h:93]   --->   Operation 1692 'store' 'store_ln35' <Predicate = (i_in_1 == 14)> <Delay = 0.00>
ST_2 : Operation 1693 [1/1] (0.00ns)   --->   "%store_ln35 = store i16 %data_pack_7, i16 %p_0_2_0_0_01447" [firmware/nnet_utils/nnet_dense_stream.h:35->firmware/nnet_utils/nnet_dense_stream.h:93]   --->   Operation 1693 'store' 'store_ln35' <Predicate = (i_in_1 == 14)> <Delay = 0.00>
ST_2 : Operation 1694 [1/1] (0.00ns)   --->   "%store_ln35 = store i16 %data_pack, i16 %p_0_1_0_0_01445" [firmware/nnet_utils/nnet_dense_stream.h:35->firmware/nnet_utils/nnet_dense_stream.h:93]   --->   Operation 1694 'store' 'store_ln35' <Predicate = (i_in_1 == 14)> <Delay = 0.00>
ST_2 : Operation 1695 [1/1] (0.00ns)   --->   "%br_ln39 = br void %arrayidx.i3.6.exit" [firmware/nnet_utils/nnet_dense_stream.h:39->firmware/nnet_utils/nnet_dense_stream.h:93]   --->   Operation 1695 'br' 'br_ln39' <Predicate = (i_in_1 == 14)> <Delay = 0.00>
ST_2 : Operation 1696 [1/1] (0.00ns)   --->   "%store_ln35 = store i16 %data_pack_9, i16 %p_0_6_0_0_01459" [firmware/nnet_utils/nnet_dense_stream.h:35->firmware/nnet_utils/nnet_dense_stream.h:93]   --->   Operation 1696 'store' 'store_ln35' <Predicate = (i_in_1 == 13)> <Delay = 0.00>
ST_2 : Operation 1697 [1/1] (0.00ns)   --->   "%store_ln35 = store i16 %data_pack_8, i16 %p_0_5_0_0_01457" [firmware/nnet_utils/nnet_dense_stream.h:35->firmware/nnet_utils/nnet_dense_stream.h:93]   --->   Operation 1697 'store' 'store_ln35' <Predicate = (i_in_1 == 13)> <Delay = 0.00>
ST_2 : Operation 1698 [1/1] (0.00ns)   --->   "%store_ln35 = store i16 %data_pack_7, i16 %p_0_2_0_0_01455" [firmware/nnet_utils/nnet_dense_stream.h:35->firmware/nnet_utils/nnet_dense_stream.h:93]   --->   Operation 1698 'store' 'store_ln35' <Predicate = (i_in_1 == 13)> <Delay = 0.00>
ST_2 : Operation 1699 [1/1] (0.00ns)   --->   "%store_ln35 = store i16 %data_pack, i16 %p_0_1_0_0_01453" [firmware/nnet_utils/nnet_dense_stream.h:35->firmware/nnet_utils/nnet_dense_stream.h:93]   --->   Operation 1699 'store' 'store_ln35' <Predicate = (i_in_1 == 13)> <Delay = 0.00>
ST_2 : Operation 1700 [1/1] (0.00ns)   --->   "%br_ln39 = br void %arrayidx.i3.6.exit" [firmware/nnet_utils/nnet_dense_stream.h:39->firmware/nnet_utils/nnet_dense_stream.h:93]   --->   Operation 1700 'br' 'br_ln39' <Predicate = (i_in_1 == 13)> <Delay = 0.00>
ST_2 : Operation 1701 [1/1] (0.00ns)   --->   "%store_ln35 = store i16 %data_pack_9, i16 %p_0_6_0_0_01467" [firmware/nnet_utils/nnet_dense_stream.h:35->firmware/nnet_utils/nnet_dense_stream.h:93]   --->   Operation 1701 'store' 'store_ln35' <Predicate = (i_in_1 == 12)> <Delay = 0.00>
ST_2 : Operation 1702 [1/1] (0.00ns)   --->   "%store_ln35 = store i16 %data_pack_8, i16 %p_0_5_0_0_01465" [firmware/nnet_utils/nnet_dense_stream.h:35->firmware/nnet_utils/nnet_dense_stream.h:93]   --->   Operation 1702 'store' 'store_ln35' <Predicate = (i_in_1 == 12)> <Delay = 0.00>
ST_2 : Operation 1703 [1/1] (0.00ns)   --->   "%store_ln35 = store i16 %data_pack_7, i16 %p_0_2_0_0_01463" [firmware/nnet_utils/nnet_dense_stream.h:35->firmware/nnet_utils/nnet_dense_stream.h:93]   --->   Operation 1703 'store' 'store_ln35' <Predicate = (i_in_1 == 12)> <Delay = 0.00>
ST_2 : Operation 1704 [1/1] (0.00ns)   --->   "%store_ln35 = store i16 %data_pack, i16 %p_0_1_0_0_01461" [firmware/nnet_utils/nnet_dense_stream.h:35->firmware/nnet_utils/nnet_dense_stream.h:93]   --->   Operation 1704 'store' 'store_ln35' <Predicate = (i_in_1 == 12)> <Delay = 0.00>
ST_2 : Operation 1705 [1/1] (0.00ns)   --->   "%br_ln39 = br void %arrayidx.i3.6.exit" [firmware/nnet_utils/nnet_dense_stream.h:39->firmware/nnet_utils/nnet_dense_stream.h:93]   --->   Operation 1705 'br' 'br_ln39' <Predicate = (i_in_1 == 12)> <Delay = 0.00>
ST_2 : Operation 1706 [1/1] (0.00ns)   --->   "%store_ln35 = store i16 %data_pack_9, i16 %p_0_6_0_0_01475" [firmware/nnet_utils/nnet_dense_stream.h:35->firmware/nnet_utils/nnet_dense_stream.h:93]   --->   Operation 1706 'store' 'store_ln35' <Predicate = (i_in_1 == 11)> <Delay = 0.00>
ST_2 : Operation 1707 [1/1] (0.00ns)   --->   "%store_ln35 = store i16 %data_pack_8, i16 %p_0_5_0_0_01473" [firmware/nnet_utils/nnet_dense_stream.h:35->firmware/nnet_utils/nnet_dense_stream.h:93]   --->   Operation 1707 'store' 'store_ln35' <Predicate = (i_in_1 == 11)> <Delay = 0.00>
ST_2 : Operation 1708 [1/1] (0.00ns)   --->   "%store_ln35 = store i16 %data_pack_7, i16 %p_0_2_0_0_01471" [firmware/nnet_utils/nnet_dense_stream.h:35->firmware/nnet_utils/nnet_dense_stream.h:93]   --->   Operation 1708 'store' 'store_ln35' <Predicate = (i_in_1 == 11)> <Delay = 0.00>
ST_2 : Operation 1709 [1/1] (0.00ns)   --->   "%store_ln35 = store i16 %data_pack, i16 %p_0_1_0_0_01469" [firmware/nnet_utils/nnet_dense_stream.h:35->firmware/nnet_utils/nnet_dense_stream.h:93]   --->   Operation 1709 'store' 'store_ln35' <Predicate = (i_in_1 == 11)> <Delay = 0.00>
ST_2 : Operation 1710 [1/1] (0.00ns)   --->   "%br_ln39 = br void %arrayidx.i3.6.exit" [firmware/nnet_utils/nnet_dense_stream.h:39->firmware/nnet_utils/nnet_dense_stream.h:93]   --->   Operation 1710 'br' 'br_ln39' <Predicate = (i_in_1 == 11)> <Delay = 0.00>
ST_2 : Operation 1711 [1/1] (0.00ns)   --->   "%store_ln35 = store i16 %data_pack_9, i16 %p_0_6_0_0_01485" [firmware/nnet_utils/nnet_dense_stream.h:35->firmware/nnet_utils/nnet_dense_stream.h:93]   --->   Operation 1711 'store' 'store_ln35' <Predicate = (i_in_1 == 10)> <Delay = 0.00>
ST_2 : Operation 1712 [1/1] (0.00ns)   --->   "%store_ln35 = store i16 %data_pack_8, i16 %p_0_5_0_0_01483" [firmware/nnet_utils/nnet_dense_stream.h:35->firmware/nnet_utils/nnet_dense_stream.h:93]   --->   Operation 1712 'store' 'store_ln35' <Predicate = (i_in_1 == 10)> <Delay = 0.00>
ST_2 : Operation 1713 [1/1] (0.00ns)   --->   "%store_ln35 = store i16 %data_pack_7, i16 %p_0_2_0_0_01481" [firmware/nnet_utils/nnet_dense_stream.h:35->firmware/nnet_utils/nnet_dense_stream.h:93]   --->   Operation 1713 'store' 'store_ln35' <Predicate = (i_in_1 == 10)> <Delay = 0.00>
ST_2 : Operation 1714 [1/1] (0.00ns)   --->   "%store_ln35 = store i16 %data_pack, i16 %p_0_1_0_0_01479" [firmware/nnet_utils/nnet_dense_stream.h:35->firmware/nnet_utils/nnet_dense_stream.h:93]   --->   Operation 1714 'store' 'store_ln35' <Predicate = (i_in_1 == 10)> <Delay = 0.00>
ST_2 : Operation 1715 [1/1] (0.00ns)   --->   "%store_ln35 = store i16 %data, i16 %p_0_0_0_0_01477" [firmware/nnet_utils/nnet_dense_stream.h:35->firmware/nnet_utils/nnet_dense_stream.h:93]   --->   Operation 1715 'store' 'store_ln35' <Predicate = (i_in_1 == 10)> <Delay = 0.00>
ST_2 : Operation 1716 [1/1] (0.00ns)   --->   "%br_ln39 = br void %arrayidx.i3.6.exit" [firmware/nnet_utils/nnet_dense_stream.h:39->firmware/nnet_utils/nnet_dense_stream.h:93]   --->   Operation 1716 'br' 'br_ln39' <Predicate = (i_in_1 == 10)> <Delay = 0.00>
ST_2 : Operation 1717 [1/1] (0.00ns)   --->   "%store_ln35 = store i16 %data_pack_9, i16 %p_0_6_0_0_01493" [firmware/nnet_utils/nnet_dense_stream.h:35->firmware/nnet_utils/nnet_dense_stream.h:93]   --->   Operation 1717 'store' 'store_ln35' <Predicate = (i_in_1 == 9)> <Delay = 0.00>
ST_2 : Operation 1718 [1/1] (0.00ns)   --->   "%store_ln35 = store i16 %data_pack_8, i16 %p_0_5_0_0_01491" [firmware/nnet_utils/nnet_dense_stream.h:35->firmware/nnet_utils/nnet_dense_stream.h:93]   --->   Operation 1718 'store' 'store_ln35' <Predicate = (i_in_1 == 9)> <Delay = 0.00>
ST_2 : Operation 1719 [1/1] (0.00ns)   --->   "%store_ln35 = store i16 %data_pack_7, i16 %p_0_2_0_0_01489" [firmware/nnet_utils/nnet_dense_stream.h:35->firmware/nnet_utils/nnet_dense_stream.h:93]   --->   Operation 1719 'store' 'store_ln35' <Predicate = (i_in_1 == 9)> <Delay = 0.00>
ST_2 : Operation 1720 [1/1] (0.00ns)   --->   "%store_ln35 = store i16 %data_pack, i16 %p_0_1_0_0_01487" [firmware/nnet_utils/nnet_dense_stream.h:35->firmware/nnet_utils/nnet_dense_stream.h:93]   --->   Operation 1720 'store' 'store_ln35' <Predicate = (i_in_1 == 9)> <Delay = 0.00>
ST_2 : Operation 1721 [1/1] (0.00ns)   --->   "%br_ln39 = br void %arrayidx.i3.6.exit" [firmware/nnet_utils/nnet_dense_stream.h:39->firmware/nnet_utils/nnet_dense_stream.h:93]   --->   Operation 1721 'br' 'br_ln39' <Predicate = (i_in_1 == 9)> <Delay = 0.00>
ST_2 : Operation 1722 [1/1] (0.00ns)   --->   "%store_ln35 = store i16 %data_pack_9, i16 %p_0_6_0_0_01503" [firmware/nnet_utils/nnet_dense_stream.h:35->firmware/nnet_utils/nnet_dense_stream.h:93]   --->   Operation 1722 'store' 'store_ln35' <Predicate = (i_in_1 == 8)> <Delay = 0.00>
ST_2 : Operation 1723 [1/1] (0.00ns)   --->   "%store_ln35 = store i16 %data_pack_8, i16 %p_0_5_0_0_01501" [firmware/nnet_utils/nnet_dense_stream.h:35->firmware/nnet_utils/nnet_dense_stream.h:93]   --->   Operation 1723 'store' 'store_ln35' <Predicate = (i_in_1 == 8)> <Delay = 0.00>
ST_2 : Operation 1724 [1/1] (0.00ns)   --->   "%store_ln35 = store i16 %data_pack_7, i16 %p_0_2_0_0_01499" [firmware/nnet_utils/nnet_dense_stream.h:35->firmware/nnet_utils/nnet_dense_stream.h:93]   --->   Operation 1724 'store' 'store_ln35' <Predicate = (i_in_1 == 8)> <Delay = 0.00>
ST_2 : Operation 1725 [1/1] (0.00ns)   --->   "%store_ln35 = store i16 %data_pack, i16 %p_0_1_0_0_01497" [firmware/nnet_utils/nnet_dense_stream.h:35->firmware/nnet_utils/nnet_dense_stream.h:93]   --->   Operation 1725 'store' 'store_ln35' <Predicate = (i_in_1 == 8)> <Delay = 0.00>
ST_2 : Operation 1726 [1/1] (0.00ns)   --->   "%store_ln35 = store i16 %data, i16 %p_0_0_0_0_01495" [firmware/nnet_utils/nnet_dense_stream.h:35->firmware/nnet_utils/nnet_dense_stream.h:93]   --->   Operation 1726 'store' 'store_ln35' <Predicate = (i_in_1 == 8)> <Delay = 0.00>
ST_2 : Operation 1727 [1/1] (0.00ns)   --->   "%br_ln39 = br void %arrayidx.i3.6.exit" [firmware/nnet_utils/nnet_dense_stream.h:39->firmware/nnet_utils/nnet_dense_stream.h:93]   --->   Operation 1727 'br' 'br_ln39' <Predicate = (i_in_1 == 8)> <Delay = 0.00>
ST_2 : Operation 1728 [1/1] (0.00ns)   --->   "%store_ln35 = store i16 %data_pack_9, i16 %p_0_6_0_0_01513" [firmware/nnet_utils/nnet_dense_stream.h:35->firmware/nnet_utils/nnet_dense_stream.h:93]   --->   Operation 1728 'store' 'store_ln35' <Predicate = (i_in_1 == 7)> <Delay = 0.00>
ST_2 : Operation 1729 [1/1] (0.00ns)   --->   "%store_ln35 = store i16 %data_pack_8, i16 %p_0_5_0_0_01511" [firmware/nnet_utils/nnet_dense_stream.h:35->firmware/nnet_utils/nnet_dense_stream.h:93]   --->   Operation 1729 'store' 'store_ln35' <Predicate = (i_in_1 == 7)> <Delay = 0.00>
ST_2 : Operation 1730 [1/1] (0.00ns)   --->   "%store_ln35 = store i16 %data_3, i16 %p_0_3_0_0_01509" [firmware/nnet_utils/nnet_dense_stream.h:35->firmware/nnet_utils/nnet_dense_stream.h:93]   --->   Operation 1730 'store' 'store_ln35' <Predicate = (i_in_1 == 7)> <Delay = 0.00>
ST_2 : Operation 1731 [1/1] (0.00ns)   --->   "%store_ln35 = store i16 %data_pack_7, i16 %p_0_2_0_0_01507" [firmware/nnet_utils/nnet_dense_stream.h:35->firmware/nnet_utils/nnet_dense_stream.h:93]   --->   Operation 1731 'store' 'store_ln35' <Predicate = (i_in_1 == 7)> <Delay = 0.00>
ST_2 : Operation 1732 [1/1] (0.00ns)   --->   "%store_ln35 = store i16 %data_pack, i16 %p_0_1_0_0_01505" [firmware/nnet_utils/nnet_dense_stream.h:35->firmware/nnet_utils/nnet_dense_stream.h:93]   --->   Operation 1732 'store' 'store_ln35' <Predicate = (i_in_1 == 7)> <Delay = 0.00>
ST_2 : Operation 1733 [1/1] (0.00ns)   --->   "%br_ln39 = br void %arrayidx.i3.6.exit" [firmware/nnet_utils/nnet_dense_stream.h:39->firmware/nnet_utils/nnet_dense_stream.h:93]   --->   Operation 1733 'br' 'br_ln39' <Predicate = (i_in_1 == 7)> <Delay = 0.00>
ST_2 : Operation 1734 [1/1] (0.00ns)   --->   "%store_ln35 = store i16 %data_pack_9, i16 %p_0_6_0_0_01521" [firmware/nnet_utils/nnet_dense_stream.h:35->firmware/nnet_utils/nnet_dense_stream.h:93]   --->   Operation 1734 'store' 'store_ln35' <Predicate = (i_in_1 == 6)> <Delay = 0.00>
ST_2 : Operation 1735 [1/1] (0.00ns)   --->   "%store_ln35 = store i16 %data_pack_8, i16 %p_0_5_0_0_01519" [firmware/nnet_utils/nnet_dense_stream.h:35->firmware/nnet_utils/nnet_dense_stream.h:93]   --->   Operation 1735 'store' 'store_ln35' <Predicate = (i_in_1 == 6)> <Delay = 0.00>
ST_2 : Operation 1736 [1/1] (0.00ns)   --->   "%store_ln35 = store i16 %data_pack_7, i16 %p_0_2_0_0_01517" [firmware/nnet_utils/nnet_dense_stream.h:35->firmware/nnet_utils/nnet_dense_stream.h:93]   --->   Operation 1736 'store' 'store_ln35' <Predicate = (i_in_1 == 6)> <Delay = 0.00>
ST_2 : Operation 1737 [1/1] (0.00ns)   --->   "%store_ln35 = store i16 %data_pack, i16 %p_0_1_0_0_01515" [firmware/nnet_utils/nnet_dense_stream.h:35->firmware/nnet_utils/nnet_dense_stream.h:93]   --->   Operation 1737 'store' 'store_ln35' <Predicate = (i_in_1 == 6)> <Delay = 0.00>
ST_2 : Operation 1738 [1/1] (0.00ns)   --->   "%br_ln39 = br void %arrayidx.i3.6.exit" [firmware/nnet_utils/nnet_dense_stream.h:39->firmware/nnet_utils/nnet_dense_stream.h:93]   --->   Operation 1738 'br' 'br_ln39' <Predicate = (i_in_1 == 6)> <Delay = 0.00>
ST_2 : Operation 1739 [1/1] (0.00ns)   --->   "%store_ln35 = store i16 %data_pack_9, i16 %p_0_6_0_0_01529" [firmware/nnet_utils/nnet_dense_stream.h:35->firmware/nnet_utils/nnet_dense_stream.h:93]   --->   Operation 1739 'store' 'store_ln35' <Predicate = (i_in_1 == 5)> <Delay = 0.00>
ST_2 : Operation 1740 [1/1] (0.00ns)   --->   "%store_ln35 = store i16 %data_pack_8, i16 %p_0_5_0_0_01527" [firmware/nnet_utils/nnet_dense_stream.h:35->firmware/nnet_utils/nnet_dense_stream.h:93]   --->   Operation 1740 'store' 'store_ln35' <Predicate = (i_in_1 == 5)> <Delay = 0.00>
ST_2 : Operation 1741 [1/1] (0.00ns)   --->   "%store_ln35 = store i16 %data_pack_7, i16 %p_0_2_0_0_01525" [firmware/nnet_utils/nnet_dense_stream.h:35->firmware/nnet_utils/nnet_dense_stream.h:93]   --->   Operation 1741 'store' 'store_ln35' <Predicate = (i_in_1 == 5)> <Delay = 0.00>
ST_2 : Operation 1742 [1/1] (0.00ns)   --->   "%store_ln35 = store i16 %data_pack, i16 %p_0_1_0_0_01523" [firmware/nnet_utils/nnet_dense_stream.h:35->firmware/nnet_utils/nnet_dense_stream.h:93]   --->   Operation 1742 'store' 'store_ln35' <Predicate = (i_in_1 == 5)> <Delay = 0.00>
ST_2 : Operation 1743 [1/1] (0.00ns)   --->   "%br_ln39 = br void %arrayidx.i3.6.exit" [firmware/nnet_utils/nnet_dense_stream.h:39->firmware/nnet_utils/nnet_dense_stream.h:93]   --->   Operation 1743 'br' 'br_ln39' <Predicate = (i_in_1 == 5)> <Delay = 0.00>
ST_2 : Operation 1744 [1/1] (0.00ns)   --->   "%store_ln35 = store i16 %data_pack_9, i16 %p_0_6_0_0_01537" [firmware/nnet_utils/nnet_dense_stream.h:35->firmware/nnet_utils/nnet_dense_stream.h:93]   --->   Operation 1744 'store' 'store_ln35' <Predicate = (i_in_1 == 4)> <Delay = 0.00>
ST_2 : Operation 1745 [1/1] (0.00ns)   --->   "%store_ln35 = store i16 %data_pack_8, i16 %p_0_5_0_0_01535" [firmware/nnet_utils/nnet_dense_stream.h:35->firmware/nnet_utils/nnet_dense_stream.h:93]   --->   Operation 1745 'store' 'store_ln35' <Predicate = (i_in_1 == 4)> <Delay = 0.00>
ST_2 : Operation 1746 [1/1] (0.00ns)   --->   "%store_ln35 = store i16 %data_pack_7, i16 %p_0_2_0_0_01533" [firmware/nnet_utils/nnet_dense_stream.h:35->firmware/nnet_utils/nnet_dense_stream.h:93]   --->   Operation 1746 'store' 'store_ln35' <Predicate = (i_in_1 == 4)> <Delay = 0.00>
ST_2 : Operation 1747 [1/1] (0.00ns)   --->   "%store_ln35 = store i16 %data_pack, i16 %p_0_1_0_0_01531" [firmware/nnet_utils/nnet_dense_stream.h:35->firmware/nnet_utils/nnet_dense_stream.h:93]   --->   Operation 1747 'store' 'store_ln35' <Predicate = (i_in_1 == 4)> <Delay = 0.00>
ST_2 : Operation 1748 [1/1] (0.00ns)   --->   "%br_ln39 = br void %arrayidx.i3.6.exit" [firmware/nnet_utils/nnet_dense_stream.h:39->firmware/nnet_utils/nnet_dense_stream.h:93]   --->   Operation 1748 'br' 'br_ln39' <Predicate = (i_in_1 == 4)> <Delay = 0.00>
ST_2 : Operation 1749 [1/1] (0.00ns)   --->   "%store_ln35 = store i16 %data_pack_9, i16 %p_0_6_0_0_01545" [firmware/nnet_utils/nnet_dense_stream.h:35->firmware/nnet_utils/nnet_dense_stream.h:93]   --->   Operation 1749 'store' 'store_ln35' <Predicate = (i_in_1 == 3)> <Delay = 0.00>
ST_2 : Operation 1750 [1/1] (0.00ns)   --->   "%store_ln35 = store i16 %data_pack_8, i16 %p_0_5_0_0_01543" [firmware/nnet_utils/nnet_dense_stream.h:35->firmware/nnet_utils/nnet_dense_stream.h:93]   --->   Operation 1750 'store' 'store_ln35' <Predicate = (i_in_1 == 3)> <Delay = 0.00>
ST_2 : Operation 1751 [1/1] (0.00ns)   --->   "%store_ln35 = store i16 %data_pack_7, i16 %p_0_2_0_0_01541" [firmware/nnet_utils/nnet_dense_stream.h:35->firmware/nnet_utils/nnet_dense_stream.h:93]   --->   Operation 1751 'store' 'store_ln35' <Predicate = (i_in_1 == 3)> <Delay = 0.00>
ST_2 : Operation 1752 [1/1] (0.00ns)   --->   "%store_ln35 = store i16 %data_pack, i16 %p_0_1_0_0_01539" [firmware/nnet_utils/nnet_dense_stream.h:35->firmware/nnet_utils/nnet_dense_stream.h:93]   --->   Operation 1752 'store' 'store_ln35' <Predicate = (i_in_1 == 3)> <Delay = 0.00>
ST_2 : Operation 1753 [1/1] (0.00ns)   --->   "%br_ln39 = br void %arrayidx.i3.6.exit" [firmware/nnet_utils/nnet_dense_stream.h:39->firmware/nnet_utils/nnet_dense_stream.h:93]   --->   Operation 1753 'br' 'br_ln39' <Predicate = (i_in_1 == 3)> <Delay = 0.00>
ST_2 : Operation 1754 [1/1] (0.00ns)   --->   "%store_ln35 = store i16 %data_pack_9, i16 %p_0_6_0_0_01553" [firmware/nnet_utils/nnet_dense_stream.h:35->firmware/nnet_utils/nnet_dense_stream.h:93]   --->   Operation 1754 'store' 'store_ln35' <Predicate = (i_in_1 == 2)> <Delay = 0.00>
ST_2 : Operation 1755 [1/1] (0.00ns)   --->   "%store_ln35 = store i16 %data_pack_8, i16 %p_0_5_0_0_01551" [firmware/nnet_utils/nnet_dense_stream.h:35->firmware/nnet_utils/nnet_dense_stream.h:93]   --->   Operation 1755 'store' 'store_ln35' <Predicate = (i_in_1 == 2)> <Delay = 0.00>
ST_2 : Operation 1756 [1/1] (0.00ns)   --->   "%store_ln35 = store i16 %data_pack_7, i16 %p_0_2_0_0_01549" [firmware/nnet_utils/nnet_dense_stream.h:35->firmware/nnet_utils/nnet_dense_stream.h:93]   --->   Operation 1756 'store' 'store_ln35' <Predicate = (i_in_1 == 2)> <Delay = 0.00>
ST_2 : Operation 1757 [1/1] (0.00ns)   --->   "%store_ln35 = store i16 %data_pack, i16 %p_0_1_0_0_01547" [firmware/nnet_utils/nnet_dense_stream.h:35->firmware/nnet_utils/nnet_dense_stream.h:93]   --->   Operation 1757 'store' 'store_ln35' <Predicate = (i_in_1 == 2)> <Delay = 0.00>
ST_2 : Operation 1758 [1/1] (0.00ns)   --->   "%br_ln39 = br void %arrayidx.i3.6.exit" [firmware/nnet_utils/nnet_dense_stream.h:39->firmware/nnet_utils/nnet_dense_stream.h:93]   --->   Operation 1758 'br' 'br_ln39' <Predicate = (i_in_1 == 2)> <Delay = 0.00>
ST_2 : Operation 1759 [1/1] (0.00ns)   --->   "%store_ln35 = store i16 %data_pack_9, i16 %p_0_6_0_0_01561" [firmware/nnet_utils/nnet_dense_stream.h:35->firmware/nnet_utils/nnet_dense_stream.h:93]   --->   Operation 1759 'store' 'store_ln35' <Predicate = (i_in_1 == 1)> <Delay = 0.00>
ST_2 : Operation 1760 [1/1] (0.00ns)   --->   "%store_ln35 = store i16 %data_pack_8, i16 %p_0_5_0_0_01559" [firmware/nnet_utils/nnet_dense_stream.h:35->firmware/nnet_utils/nnet_dense_stream.h:93]   --->   Operation 1760 'store' 'store_ln35' <Predicate = (i_in_1 == 1)> <Delay = 0.00>
ST_2 : Operation 1761 [1/1] (0.00ns)   --->   "%store_ln35 = store i16 %data_pack_7, i16 %p_0_2_0_0_01557" [firmware/nnet_utils/nnet_dense_stream.h:35->firmware/nnet_utils/nnet_dense_stream.h:93]   --->   Operation 1761 'store' 'store_ln35' <Predicate = (i_in_1 == 1)> <Delay = 0.00>
ST_2 : Operation 1762 [1/1] (0.00ns)   --->   "%store_ln35 = store i16 %data_pack, i16 %p_0_1_0_0_01555" [firmware/nnet_utils/nnet_dense_stream.h:35->firmware/nnet_utils/nnet_dense_stream.h:93]   --->   Operation 1762 'store' 'store_ln35' <Predicate = (i_in_1 == 1)> <Delay = 0.00>
ST_2 : Operation 1763 [1/1] (0.00ns)   --->   "%br_ln39 = br void %arrayidx.i3.6.exit" [firmware/nnet_utils/nnet_dense_stream.h:39->firmware/nnet_utils/nnet_dense_stream.h:93]   --->   Operation 1763 'br' 'br_ln39' <Predicate = (i_in_1 == 1)> <Delay = 0.00>
ST_2 : Operation 1764 [1/1] (0.00ns)   --->   "%store_ln35 = store i16 %data_pack_9, i16 %p_0_6_0_0_01569" [firmware/nnet_utils/nnet_dense_stream.h:35->firmware/nnet_utils/nnet_dense_stream.h:93]   --->   Operation 1764 'store' 'store_ln35' <Predicate = (i_in_1 == 0)> <Delay = 0.00>
ST_2 : Operation 1765 [1/1] (0.00ns)   --->   "%store_ln35 = store i16 %data_pack_8, i16 %p_0_5_0_0_01567" [firmware/nnet_utils/nnet_dense_stream.h:35->firmware/nnet_utils/nnet_dense_stream.h:93]   --->   Operation 1765 'store' 'store_ln35' <Predicate = (i_in_1 == 0)> <Delay = 0.00>
ST_2 : Operation 1766 [1/1] (0.00ns)   --->   "%store_ln35 = store i16 %data_pack_7, i16 %p_0_2_0_0_01565" [firmware/nnet_utils/nnet_dense_stream.h:35->firmware/nnet_utils/nnet_dense_stream.h:93]   --->   Operation 1766 'store' 'store_ln35' <Predicate = (i_in_1 == 0)> <Delay = 0.00>
ST_2 : Operation 1767 [1/1] (0.00ns)   --->   "%store_ln35 = store i16 %data_pack, i16 %p_0_1_0_0_01563" [firmware/nnet_utils/nnet_dense_stream.h:35->firmware/nnet_utils/nnet_dense_stream.h:93]   --->   Operation 1767 'store' 'store_ln35' <Predicate = (i_in_1 == 0)> <Delay = 0.00>
ST_2 : Operation 1768 [1/1] (0.00ns)   --->   "%br_ln39 = br void %arrayidx.i3.6.exit" [firmware/nnet_utils/nnet_dense_stream.h:39->firmware/nnet_utils/nnet_dense_stream.h:93]   --->   Operation 1768 'br' 'br_ln39' <Predicate = (i_in_1 == 0)> <Delay = 0.00>
ST_2 : Operation 1769 [1/1] (0.00ns)   --->   "%store_ln35 = store i16 %data_pack_9, i16 %p_0_6_0_0_01579" [firmware/nnet_utils/nnet_dense_stream.h:35->firmware/nnet_utils/nnet_dense_stream.h:93]   --->   Operation 1769 'store' 'store_ln35' <Predicate = 168.000000 bdd nodes> <Delay = 0.00>
ST_2 : Operation 1770 [1/1] (0.00ns)   --->   "%store_ln35 = store i16 %data_pack_8, i16 %p_0_5_0_0_01577" [firmware/nnet_utils/nnet_dense_stream.h:35->firmware/nnet_utils/nnet_dense_stream.h:93]   --->   Operation 1770 'store' 'store_ln35' <Predicate = 168.000000 bdd nodes> <Delay = 0.00>
ST_2 : Operation 1771 [1/1] (0.00ns)   --->   "%store_ln35 = store i16 %data_4, i16 %p_0_4_0_0_01575" [firmware/nnet_utils/nnet_dense_stream.h:35->firmware/nnet_utils/nnet_dense_stream.h:93]   --->   Operation 1771 'store' 'store_ln35' <Predicate = 168.000000 bdd nodes> <Delay = 0.00>
ST_2 : Operation 1772 [1/1] (0.00ns)   --->   "%store_ln35 = store i16 %data_pack_7, i16 %p_0_2_0_0_01573" [firmware/nnet_utils/nnet_dense_stream.h:35->firmware/nnet_utils/nnet_dense_stream.h:93]   --->   Operation 1772 'store' 'store_ln35' <Predicate = 168.000000 bdd nodes> <Delay = 0.00>
ST_2 : Operation 1773 [1/1] (0.00ns)   --->   "%store_ln35 = store i16 %data_pack, i16 %p_0_1_0_0_01571" [firmware/nnet_utils/nnet_dense_stream.h:35->firmware/nnet_utils/nnet_dense_stream.h:93]   --->   Operation 1773 'store' 'store_ln35' <Predicate = 168.000000 bdd nodes> <Delay = 0.00>
ST_2 : Operation 1774 [1/1] (0.00ns)   --->   "%br_ln39 = br void %arrayidx.i3.6.exit" [firmware/nnet_utils/nnet_dense_stream.h:39->firmware/nnet_utils/nnet_dense_stream.h:93]   --->   Operation 1774 'br' 'br_ln39' <Predicate = 168.000000 bdd nodes> <Delay = 0.00>


============================================================
+ Verbose Summary: Timing violations
============================================================
Target clock period: 5.000ns, clock uncertainty: 1.350ns.

 <State 1>: 1.619ns
The critical path consists of the following:
	'store' operation 0 bit ('store_ln33', firmware/nnet_utils/nnet_dense_stream.h:33->firmware/nnet_utils/nnet_dense_stream.h:93) of constant 0 on local variable 'i_in', firmware/nnet_utils/nnet_dense_stream.h:33->firmware/nnet_utils/nnet_dense_stream.h:93 [1584]  (0.427 ns)
	'load' operation 8 bit ('i_in', firmware/nnet_utils/nnet_dense_stream.h:33->firmware/nnet_utils/nnet_dense_stream.h:93) on local variable 'i_in', firmware/nnet_utils/nnet_dense_stream.h:33->firmware/nnet_utils/nnet_dense_stream.h:93 [1587]  (0.000 ns)
	'add' operation 8 bit ('add_ln33', firmware/nnet_utils/nnet_dense_stream.h:33->firmware/nnet_utils/nnet_dense_stream.h:93) [1589]  (0.765 ns)
	'store' operation 0 bit ('store_ln33', firmware/nnet_utils/nnet_dense_stream.h:33->firmware/nnet_utils/nnet_dense_stream.h:93) of variable 'add_ln33', firmware/nnet_utils/nnet_dense_stream.h:33->firmware/nnet_utils/nnet_dense_stream.h:93 on local variable 'i_in', firmware/nnet_utils/nnet_dense_stream.h:33->firmware/nnet_utils/nnet_dense_stream.h:93 [2731]  (0.427 ns)

 <State 2>: 1.736ns
The critical path consists of the following:
	fifo read operation ('layer5_out_read', firmware/nnet_utils/nnet_dense_stream.h:35->firmware/nnet_utils/nnet_dense_stream.h:93) on port 'layer5_out' (firmware/nnet_utils/nnet_dense_stream.h:35->firmware/nnet_utils/nnet_dense_stream.h:93) [1595]  (1.736 ns)
	'store' operation 0 bit ('store_ln35', firmware/nnet_utils/nnet_dense_stream.h:35->firmware/nnet_utils/nnet_dense_stream.h:93) of variable 'data_pack', firmware/nnet_utils/nnet_dense_stream.h:35->firmware/nnet_utils/nnet_dense_stream.h:93 on local variable 'p_0_6_0_0_0509' [1974]  (0.000 ns)


============================================================
+ Verbose Summary: Binding
============================================================
N/A
* FSMD analyzer results:
  - Output states:
 - Input state : 
  - Chain level:
	State 1
	State 2


============================================================
+ Verbose Summary: Datapath Resource usage 
============================================================
N/A
