

================================================================
== Vitis HLS Report for 'first_conv_4lane_temporal_wide_cl_array_array_ap_fixed_28u_config3_s'
================================================================
* Date:           Sun May 17 03:22:43 2026

* Version:        2023.2 (Build 4023990 on Oct 11 2023)
* Project:        cnn_core_streaming_prj
* Solution:       solution1 (Vivado IP Flow Target)
* Product family: kintexuplus
* Target device:  xcku5p-ffvb676-2-e


================================================================
== Performance Estimates
================================================================
+ Timing: 
    * Summary: 
    +--------+---------+----------+------------+
    |  Clock |  Target | Estimated| Uncertainty|
    +--------+---------+----------+------------+
    |ap_clk  |  5.00 ns|  3.886 ns|     1.35 ns|
    +--------+---------+----------+------------+

+ Latency: 
    * Summary: 
    +---------+---------+----------+----------+-----+-----+---------+
    |  Latency (cycles) |  Latency (absolute) |  Interval | Pipeline|
    |   min   |   max   |    min   |    max   | min | max |   Type  |
    +---------+---------+----------+----------+-----+-----+---------+
    |      259|      259|  1.295 us|  1.295 us|  259|  259|       no|
    +---------+---------+----------+----------+-----+-----+---------+

    + Detail: 
        * Instance: 
        N/A

        * Loop: 
        +-----------------------+---------+---------+----------+-----------+-----------+------+----------+
        |                       |  Latency (cycles) | Iteration|  Initiation Interval  | Trip |          |
        |       Loop Name       |   min   |   max   |  Latency |  achieved |   target  | Count| Pipelined|
        +-----------------------+---------+---------+----------+-----------+-----------+------+----------+
        |- ReadInputHeightWide  |      257|      257|         3|          1|          1|   256|       yes|
        +-----------------------+---------+---------+----------+-----------+-----------+------+----------+



================================================================
== Utilization Estimates
================================================================
* Summary: 
+-----------------+---------+------+--------+--------+-----+
|       Name      | BRAM_18K|  DSP |   FF   |   LUT  | URAM|
+-----------------+---------+------+--------+--------+-----+
|DSP              |        -|     -|       -|       -|    -|
|Expression       |        -|     -|       0|    3890|    -|
|FIFO             |        -|     -|       -|       -|    -|
|Instance         |        -|     4|       0|     540|    -|
|Memory           |        -|     -|       -|       -|    -|
|Multiplexer      |        -|     -|       -|      99|    -|
|Register         |        -|     -|     731|       -|    -|
+-----------------+---------+------+--------+--------+-----+
|Total            |        0|     4|     731|    4529|    0|
+-----------------+---------+------+--------+--------+-----+
|Available        |      960|  1824|  433920|  216960|   64|
+-----------------+---------+------+--------+--------+-----+
|Utilization (%)  |        0|    ~0|      ~0|       2|    0|
+-----------------+---------+------+--------+--------+-----+

+ Detail: 
    * Instance: 
    +---------------------------+-----------------------+---------+----+---+----+-----+
    |          Instance         |         Module        | BRAM_18K| DSP| FF| LUT| URAM|
    +---------------------------+-----------------------+---------+----+---+----+-----+
    |mul_12s_5ns_15_1_1_U1      |mul_12s_5ns_15_1_1     |        0|   1|  0|   5|    0|
    |mul_12s_5ns_15_1_1_U2      |mul_12s_5ns_15_1_1     |        0|   1|  0|   5|    0|
    |mul_12s_5ns_15_1_1_U3      |mul_12s_5ns_15_1_1     |        0|   1|  0|   5|    0|
    |mul_12s_5ns_15_1_1_U4      |mul_12s_5ns_15_1_1     |        0|   1|  0|   5|    0|
    |sparsemux_11_3_12_1_1_U5   |sparsemux_11_3_12_1_1  |        0|   0|  0|  26|    0|
    |sparsemux_11_3_12_1_1_U6   |sparsemux_11_3_12_1_1  |        0|   0|  0|  26|    0|
    |sparsemux_11_3_12_1_1_U7   |sparsemux_11_3_12_1_1  |        0|   0|  0|  26|    0|
    |sparsemux_11_3_12_1_1_U8   |sparsemux_11_3_12_1_1  |        0|   0|  0|  26|    0|
    |sparsemux_11_3_12_1_1_U9   |sparsemux_11_3_12_1_1  |        0|   0|  0|  26|    0|
    |sparsemux_11_3_12_1_1_U10  |sparsemux_11_3_12_1_1  |        0|   0|  0|  26|    0|
    |sparsemux_11_3_12_1_1_U11  |sparsemux_11_3_12_1_1  |        0|   0|  0|  26|    0|
    |sparsemux_11_3_12_1_1_U12  |sparsemux_11_3_12_1_1  |        0|   0|  0|  26|    0|
    |sparsemux_11_3_12_1_1_U13  |sparsemux_11_3_12_1_1  |        0|   0|  0|  26|    0|
    |sparsemux_11_3_12_1_1_U14  |sparsemux_11_3_12_1_1  |        0|   0|  0|  26|    0|
    |sparsemux_11_3_12_1_1_U15  |sparsemux_11_3_12_1_1  |        0|   0|  0|  26|    0|
    |sparsemux_11_3_12_1_1_U16  |sparsemux_11_3_12_1_1  |        0|   0|  0|  26|    0|
    |sparsemux_11_3_12_1_1_U17  |sparsemux_11_3_12_1_1  |        0|   0|  0|  26|    0|
    |sparsemux_11_3_12_1_1_U18  |sparsemux_11_3_12_1_1  |        0|   0|  0|  26|    0|
    |sparsemux_11_3_12_1_1_U19  |sparsemux_11_3_12_1_1  |        0|   0|  0|  26|    0|
    |sparsemux_11_3_12_1_1_U20  |sparsemux_11_3_12_1_1  |        0|   0|  0|  26|    0|
    |sparsemux_11_3_12_1_1_U21  |sparsemux_11_3_12_1_1  |        0|   0|  0|  26|    0|
    |sparsemux_11_3_12_1_1_U22  |sparsemux_11_3_12_1_1  |        0|   0|  0|  26|    0|
    |sparsemux_11_3_12_1_1_U23  |sparsemux_11_3_12_1_1  |        0|   0|  0|  26|    0|
    |sparsemux_11_3_12_1_1_U24  |sparsemux_11_3_12_1_1  |        0|   0|  0|  26|    0|
    +---------------------------+-----------------------+---------+----+---+----+-----+
    |Total                      |                       |        0|   4|  0| 540|    0|
    +---------------------------+-----------------------+---------+----+---+----+-----+

    * DSP: 
    N/A

    * Memory: 
    N/A

    * FIFO: 
    N/A

    * Expression: 
    +----------------------------------+----------+----+---+----+------------+------------+
    |           Variable Name          | Operation| DSP| FF| LUT| Bitwidth P0| Bitwidth P1|
    +----------------------------------+----------+----+---+----+------------+------------+
    |add_ln132_fu_1047_p2              |         +|   0|  0|  39|          32|           1|
    |add_ln154_1_fu_1135_p2            |         +|   0|  0|  39|          32|           2|
    |add_ln154_2_fu_1151_p2            |         +|   0|  0|  10|           3|           3|
    |add_ln154_3_fu_1276_p2            |         +|   0|  0|  10|           3|           3|
    |add_ln154_4_fu_1169_p2            |         +|   0|  0|  10|           3|           2|
    |add_ln154_fu_1109_p2              |         +|   0|  0|  39|          32|           1|
    |add_ln156_1_fu_1121_p2            |         +|   0|  0|  39|          32|           3|
    |add_ln156_fu_1095_p2              |         +|   0|  0|  39|          32|           2|
    |add_ln175_fu_1181_p2              |         +|   0|  0|  39|          32|           1|
    |add_ln58_10_fu_2172_p2            |         +|   0|  0|  20|          13|          13|
    |add_ln58_11_fu_2182_p2            |         +|   0|  0|  16|          15|          15|
    |add_ln58_13_fu_2202_p2            |         +|   0|  0|  16|          15|          15|
    |add_ln58_14_fu_2208_p2            |         +|   0|  0|  21|          14|          11|
    |add_ln58_16_fu_2258_p2            |         +|   0|  0|  16|          15|          15|
    |add_ln58_17_fu_2300_p2            |         +|   0|  0|  16|          15|           9|
    |add_ln58_18_fu_2252_p2            |         +|   0|  0|  16|          15|          11|
    |add_ln58_19_fu_2312_p2            |         +|   0|  0|  16|          15|          15|
    |add_ln58_1_fu_2086_p2             |         +|   0|  0|  21|          14|          10|
    |add_ln58_21_fu_2583_p2            |         +|   0|  0|  21|          14|          11|
    |add_ln58_22_fu_2593_p2            |         +|   0|  0|  21|          14|          10|
    |add_ln58_23_fu_2324_p2            |         +|   0|  0|  16|          15|          15|
    |add_ln58_24_fu_2603_p2            |         +|   0|  0|  21|          14|          11|
    |add_ln58_26_fu_2633_p2            |         +|   0|  0|  20|          13|          10|
    |add_ln58_27_fu_2643_p2            |         +|   0|  0|  16|          15|          15|
    |add_ln58_28_fu_2655_p2            |         +|   0|  0|  22|          15|          15|
    |add_ln58_29_fu_2661_p2            |         +|   0|  0|  16|          15|          15|
    |add_ln58_2_fu_2096_p2             |         +|   0|  0|  21|          14|          11|
    |add_ln58_30_fu_2667_p2            |         +|   0|  0|  22|          15|          15|
    |add_ln58_31_fu_3997_p2            |         +|   0|  0|  16|          15|          15|
    |add_ln58_32_fu_2673_p2            |         +|   0|  0|  16|          15|          15|
    |add_ln58_33_fu_2679_p2            |         +|   0|  0|  20|          13|          13|
    |add_ln58_34_fu_2689_p2            |         +|   0|  0|  16|          15|          15|
    |add_ln58_36_fu_2709_p2            |         +|   0|  0|  16|          15|          15|
    |add_ln58_37_fu_2765_p2            |         +|   0|  0|  16|          15|          15|
    |add_ln58_38_fu_2807_p2            |         +|   0|  0|  16|          15|           9|
    |add_ln58_39_fu_2715_p2            |         +|   0|  0|  21|          14|          11|
    |add_ln58_3_fu_2126_p2             |         +|   0|  0|  20|          13|          10|
    |add_ln58_41_fu_2759_p2            |         +|   0|  0|  16|          15|          11|
    |add_ln58_42_fu_3050_p2            |         +|   0|  0|  21|          14|          11|
    |add_ln58_43_fu_3060_p2            |         +|   0|  0|  21|          14|          10|
    |add_ln58_44_fu_2819_p2            |         +|   0|  0|  16|          15|          15|
    |add_ln58_45_fu_3070_p2            |         +|   0|  0|  21|          14|          11|
    |add_ln58_47_fu_2831_p2            |         +|   0|  0|  16|          15|          15|
    |add_ln58_49_fu_3100_p2            |         +|   0|  0|  20|          13|          10|
    |add_ln58_4_fu_2136_p2             |         +|   0|  0|  16|          15|          15|
    |add_ln58_50_fu_3110_p2            |         +|   0|  0|  16|          15|          15|
    |add_ln58_51_fu_3128_p2            |         +|   0|  0|  16|          15|          15|
    |add_ln58_52_fu_3122_p2            |         +|   0|  0|  22|          15|          15|
    |add_ln58_53_fu_3134_p2            |         +|   0|  0|  22|          15|          15|
    |add_ln58_54_fu_4007_p2            |         +|   0|  0|  16|          15|          15|
    |add_ln58_55_fu_3140_p2            |         +|   0|  0|  16|          15|          15|
    |add_ln58_56_fu_3146_p2            |         +|   0|  0|  20|          13|          13|
    |add_ln58_57_fu_3156_p2            |         +|   0|  0|  16|          15|          15|
    |add_ln58_58_fu_3232_p2            |         +|   0|  0|  16|          15|          15|
    |add_ln58_59_fu_3274_p2            |         +|   0|  0|  16|          15|           9|
    |add_ln58_5_fu_2148_p2             |         +|   0|  0|  22|          15|          15|
    |add_ln58_61_fu_3176_p2            |         +|   0|  0|  16|          15|          15|
    |add_ln58_62_fu_3182_p2            |         +|   0|  0|  21|          14|          11|
    |add_ln58_63_fu_3517_p2            |         +|   0|  0|  21|          14|          11|
    |add_ln58_64_fu_3527_p2            |         +|   0|  0|  21|          14|          10|
    |add_ln58_66_fu_3537_p2            |         +|   0|  0|  21|          14|          11|
    |add_ln58_67_fu_3226_p2            |         +|   0|  0|  16|          15|          11|
    |add_ln58_68_fu_3286_p2            |         +|   0|  0|  16|          15|          15|
    |add_ln58_6_fu_2154_p2             |         +|   0|  0|  16|          15|          15|
    |add_ln58_70_fu_3567_p2            |         +|   0|  0|  20|          13|          10|
    |add_ln58_71_fu_3577_p2            |         +|   0|  0|  16|          15|          15|
    |add_ln58_72_fu_3595_p2            |         +|   0|  0|  16|          15|          15|
    |add_ln58_73_fu_3298_p2            |         +|   0|  0|  16|          15|          15|
    |add_ln58_75_fu_3589_p2            |         +|   0|  0|  22|          15|          15|
    |add_ln58_76_fu_3601_p2            |         +|   0|  0|  22|          15|          15|
    |add_ln58_77_fu_4017_p2            |         +|   0|  0|  16|          15|          15|
    |add_ln58_78_fu_3607_p2            |         +|   0|  0|  16|          15|          15|
    |add_ln58_79_fu_3699_p2            |         +|   0|  0|  16|          15|          15|
    |add_ln58_7_fu_2160_p2             |         +|   0|  0|  22|          15|          15|
    |add_ln58_80_fu_3741_p2            |         +|   0|  0|  16|          15|           9|
    |add_ln58_81_fu_3613_p2            |         +|   0|  0|  20|          13|          13|
    |add_ln58_82_fu_3623_p2            |         +|   0|  0|  16|          15|          15|
    |add_ln58_84_fu_3643_p2            |         +|   0|  0|  16|          15|          15|
    |add_ln58_85_fu_3649_p2            |         +|   0|  0|  21|          14|          11|
    |add_ln58_87_fu_3693_p2            |         +|   0|  0|  16|          15|          11|
    |add_ln58_88_fu_3753_p2            |         +|   0|  0|  16|          15|          15|
    |add_ln58_8_fu_3977_p2             |         +|   0|  0|  16|          15|          15|
    |add_ln58_90_fu_3765_p2            |         +|   0|  0|  16|          15|          15|
    |add_ln58_9_fu_2166_p2             |         +|   0|  0|  16|          15|          15|
    |add_ln58_fu_2076_p2               |         +|   0|  0|  21|          14|          11|
    |i_ih_4_fu_897_p2                  |         +|   0|  0|  16|           9|           1|
    |tmp118_fu_2112_p2                 |         +|   0|  0|  20|          13|          13|
    |tmp211_fu_2224_p2                 |         +|   0|  0|  20|          13|          13|
    |tmp213_fu_2276_p2                 |         +|   0|  0|  20|          13|          13|
    |tmp215116_fu_2619_p2              |         +|   0|  0|  20|          13|          13|
    |tmp221_fu_2731_p2                 |         +|   0|  0|  20|          13|          13|
    |tmp223_fu_2783_p2                 |         +|   0|  0|  20|          13|          13|
    |tmp225114_fu_3086_p2              |         +|   0|  0|  20|          13|          13|
    |tmp231_fu_3198_p2                 |         +|   0|  0|  20|          13|          13|
    |tmp233_fu_3250_p2                 |         +|   0|  0|  20|          13|          13|
    |tmp235112_fu_3553_p2              |         +|   0|  0|  20|          13|          13|
    |tmp241_fu_3665_p2                 |         +|   0|  0|  20|          13|          13|
    |tmp243_fu_3717_p2                 |         +|   0|  0|  20|          13|          13|
    |x_12_fu_2825_p2                   |         +|   0|  0|  16|          15|          15|
    |x_13_fu_2837_p2                   |         +|   0|  0|  16|          15|          15|
    |x_14_fu_4012_p2                   |         +|   0|  0|  16|          15|          15|
    |x_15_fu_3192_p2                   |         +|   0|  0|  16|          15|          15|
    |x_19_fu_3292_p2                   |         +|   0|  0|  16|          15|          15|
    |x_1_fu_2218_p2                    |         +|   0|  0|  16|          15|          15|
    |x_20_fu_3304_p2                   |         +|   0|  0|  16|          15|          15|
    |x_21_fu_4022_p2                   |         +|   0|  0|  16|          15|          15|
    |x_22_fu_3659_p2                   |         +|   0|  0|  16|          15|          15|
    |x_26_fu_3759_p2                   |         +|   0|  0|  16|          15|          15|
    |x_27_fu_3771_p2                   |         +|   0|  0|  16|          15|          15|
    |x_5_fu_2318_p2                    |         +|   0|  0|  16|          15|          15|
    |x_6_fu_2330_p2                    |         +|   0|  0|  16|          15|          15|
    |x_7_fu_4002_p2                    |         +|   0|  0|  16|          15|          15|
    |x_8_fu_2725_p2                    |         +|   0|  0|  16|          15|          15|
    |x_fu_3982_p2                      |         +|   0|  0|  16|          15|          15|
    |sub_ln42_10_fu_2426_p2            |         -|   0|  0|  22|          15|          15|
    |sub_ln42_11_fu_2465_p2            |         -|   0|  0|  22|          15|          15|
    |sub_ln42_12_fu_2507_p2            |         -|   0|  0|  16|           1|          15|
    |sub_ln42_13_fu_2513_p2            |         -|   0|  0|  16|          15|          15|
    |sub_ln42_14_fu_2519_p2            |         -|   0|  0|  16|           1|          15|
    |sub_ln42_15_fu_2525_p2            |         -|   0|  0|  16|          15|          15|
    |sub_ln42_16_fu_2543_p2            |         -|   0|  0|  22|          15|          15|
    |sub_ln42_17_fu_2577_p2            |         -|   0|  0|  22|          15|          15|
    |sub_ln42_18_fu_2887_p2            |         -|   0|  0|  22|          15|          15|
    |sub_ln42_19_fu_2893_p2            |         -|   0|  0|  22|          15|          15|
    |sub_ln42_1_fu_1919_p2             |         -|   0|  0|  22|          15|          15|
    |sub_ln42_20_fu_2932_p2            |         -|   0|  0|  22|          15|          15|
    |sub_ln42_21_fu_2974_p2            |         -|   0|  0|  16|           1|          15|
    |sub_ln42_22_fu_2980_p2            |         -|   0|  0|  16|          15|          15|
    |sub_ln42_23_fu_2986_p2            |         -|   0|  0|  16|           1|          15|
    |sub_ln42_24_fu_2992_p2            |         -|   0|  0|  16|          15|          15|
    |sub_ln42_25_fu_3010_p2            |         -|   0|  0|  22|          15|          15|
    |sub_ln42_26_fu_3044_p2            |         -|   0|  0|  22|          15|          15|
    |sub_ln42_27_fu_3354_p2            |         -|   0|  0|  22|          15|          15|
    |sub_ln42_28_fu_3360_p2            |         -|   0|  0|  22|          15|          15|
    |sub_ln42_29_fu_3399_p2            |         -|   0|  0|  22|          15|          15|
    |sub_ln42_2_fu_1958_p2             |         -|   0|  0|  22|          15|          15|
    |sub_ln42_30_fu_3441_p2            |         -|   0|  0|  16|           1|          15|
    |sub_ln42_31_fu_3447_p2            |         -|   0|  0|  16|          15|          15|
    |sub_ln42_32_fu_3453_p2            |         -|   0|  0|  16|           1|          15|
    |sub_ln42_33_fu_3459_p2            |         -|   0|  0|  16|          15|          15|
    |sub_ln42_34_fu_3477_p2            |         -|   0|  0|  22|          15|          15|
    |sub_ln42_35_fu_3511_p2            |         -|   0|  0|  22|          15|          15|
    |sub_ln42_3_fu_2000_p2             |         -|   0|  0|  16|           1|          15|
    |sub_ln42_4_fu_2006_p2             |         -|   0|  0|  16|          15|          15|
    |sub_ln42_5_fu_2012_p2             |         -|   0|  0|  16|           1|          15|
    |sub_ln42_6_fu_2018_p2             |         -|   0|  0|  16|          15|          15|
    |sub_ln42_7_fu_2036_p2             |         -|   0|  0|  22|          15|          15|
    |sub_ln42_8_fu_2070_p2             |         -|   0|  0|  22|          15|          15|
    |sub_ln42_9_fu_2420_p2             |         -|   0|  0|  22|          15|          15|
    |sub_ln42_fu_1913_p2               |         -|   0|  0|  22|          15|          15|
    |sub_ln58_10_fu_3080_p2            |         -|   0|  0|  22|          15|          15|
    |sub_ln58_14_fu_3280_p2            |         -|   0|  0|  16|          15|          15|
    |sub_ln58_15_fu_3547_p2            |         -|   0|  0|  22|          15|          15|
    |sub_ln58_19_fu_3747_p2            |         -|   0|  0|  16|          15|          15|
    |sub_ln58_4_fu_2306_p2             |         -|   0|  0|  16|          15|          15|
    |sub_ln58_5_fu_2613_p2             |         -|   0|  0|  22|          15|          15|
    |sub_ln58_9_fu_2813_p2             |         -|   0|  0|  16|          15|          15|
    |sub_ln58_fu_2106_p2               |         -|   0|  0|  22|          15|          15|
    |tmp20987_fu_2188_p2               |         -|   0|  0|  20|          13|          13|
    |tmp212_fu_2246_p2                 |         -|   0|  0|  16|          15|          15|
    |tmp214_fu_2294_p2                 |         -|   0|  0|  22|          15|          15|
    |tmp21859_fu_2695_p2               |         -|   0|  0|  20|          13|          13|
    |tmp222_fu_2753_p2                 |         -|   0|  0|  16|          15|          15|
    |tmp224_fu_2801_p2                 |         -|   0|  0|  22|          15|          15|
    |tmp22831_fu_3162_p2               |         -|   0|  0|  20|          13|          13|
    |tmp232_fu_3220_p2                 |         -|   0|  0|  16|          15|          15|
    |tmp234_fu_3268_p2                 |         -|   0|  0|  22|          15|          15|
    |tmp2383_fu_3629_p2                |         -|   0|  0|  20|          13|          13|
    |tmp242_fu_3687_p2                 |         -|   0|  0|  16|          15|          15|
    |tmp244_fu_3735_p2                 |         -|   0|  0|  22|          15|          15|
    |x_10_fu_2771_p2                   |         -|   0|  0|  16|          15|          15|
    |x_11_fu_2777_p2                   |         -|   0|  0|  16|          15|          15|
    |x_16_fu_3116_p2                   |         -|   0|  0|  16|          15|          15|
    |x_17_fu_3238_p2                   |         -|   0|  0|  16|          15|          15|
    |x_18_fu_3244_p2                   |         -|   0|  0|  16|          15|          15|
    |x_23_fu_3583_p2                   |         -|   0|  0|  16|          15|          15|
    |x_24_fu_3705_p2                   |         -|   0|  0|  16|          15|          15|
    |x_25_fu_3711_p2                   |         -|   0|  0|  16|          15|          15|
    |x_2_fu_2142_p2                    |         -|   0|  0|  16|          15|          15|
    |x_3_fu_2264_p2                    |         -|   0|  0|  16|          15|          15|
    |x_4_fu_2270_p2                    |         -|   0|  0|  16|          15|          15|
    |x_9_fu_2649_p2                    |         -|   0|  0|  16|          15|          15|
    |ap_block_state3_pp0_stage0_iter2  |       and|   0|  0|   2|           1|           1|
    |ap_condition_216                  |       and|   0|  0|   2|           1|           1|
    |on_stride_fu_1083_p2              |       and|   0|  0|   2|           1|           1|
    |have_full_window_fu_1071_p2       |      icmp|   0|  0|  14|           7|           1|
    |icmp_ln120_fu_891_p2              |      icmp|   0|  0|  17|           9|          10|
    |icmp_ln132_fu_1041_p2             |      icmp|   0|  0|  39|          32|           3|
    |icmp_ln135_fu_1077_p2             |      icmp|   0|  0|  39|          32|           1|
    |icmp_ln154_1_fu_1115_p2           |      icmp|   0|  0|  39|          32|           3|
    |icmp_ln154_2_fu_1141_p2           |      icmp|   0|  0|  39|          32|           3|
    |icmp_ln154_3_fu_1157_p2           |      icmp|   0|  0|  39|          32|           3|
    |icmp_ln154_4_fu_1163_p2           |      icmp|   0|  0|  39|          32|           3|
    |icmp_ln154_fu_1089_p2             |      icmp|   0|  0|  39|          32|           3|
    |icmp_ln175_fu_1175_p2             |      icmp|   0|  0|  39|          32|           2|
    |ap_block_pp0_stage0_01001         |        or|   0|  0|   2|           1|           1|
    |ap_block_state1_pp0_stage0_iter0  |        or|   0|  0|   2|           1|           1|
    |oldest_fu_1053_p3                 |    select|   0|  0|  32|           1|           1|
    |select_ln154_1_fu_1266_p3         |    select|   0|  0|   3|           1|           3|
    |select_ln154_2_fu_1271_p3         |    select|   0|  0|   3|           1|           3|
    |select_ln154_3_fu_1281_p3         |    select|   0|  0|   3|           1|           3|
    |select_ln154_4_fu_1287_p3         |    select|   0|  0|   3|           1|           3|
    |select_ln154_fu_1218_p3           |    select|   0|  0|   3|           1|           3|
    |stride_cnt_4_fu_1187_p3           |    select|   0|  0|  32|           1|           1|
    |stride_cnt_5_fu_1195_p3           |    select|   0|  0|  32|           1|          32|
    |ap_enable_pp0                     |       xor|   0|  0|   2|           1|           2|
    +----------------------------------+----------+----+---+----+------------+------------+
    |Total                             |          |   0|  0|3890|        2900|        2519|
    +----------------------------------+----------+----+---+----+------------+------------+

    * Multiplexer: 
    +-------------------------------+----+-----------+-----+-----------+
    |              Name             | LUT| Input Size| Bits| Total Bits|
    +-------------------------------+----+-----------+-----+-----------+
    |ap_done_int                    |   9|          2|    1|          2|
    |ap_enable_reg_pp0_iter1        |   9|          2|    1|          2|
    |ap_sig_allocacmp_i_ih_3        |   9|          2|    9|         18|
    |ap_sig_allocacmp_stride_cnt_3  |   9|          2|   32|         64|
    |ap_sig_allocacmp_wptr_1        |   9|          2|   32|         64|
    |i_ih_fu_134                    |   9|          2|    9|         18|
    |input_layer_TDATA_blk_n        |   9|          2|    1|          2|
    |layer3x4_out_blk_n             |   9|          2|    1|          2|
    |real_start                     |   9|          2|    1|          2|
    |stride_cnt_fu_138              |   9|          2|   32|         64|
    |wptr_fu_142                    |   9|          2|   32|         64|
    +-------------------------------+----+-----------+-----+-----------+
    |Total                          |  99|         22|  151|        302|
    +-------------------------------+----+-----------+-----+-----------+

    * Register: 
    +----------------------------------+----+----+-----+-----------+
    |               Name               | FF | LUT| Bits| Const Bits|
    +----------------------------------+----+----+-----+-----------+
    |add_ln154_2_reg_4289              |   3|   0|    3|          0|
    |add_ln154_4_reg_4304              |   3|   0|    3|          0|
    |add_ln58_11_reg_4314              |  15|   0|   15|          0|
    |add_ln58_30_reg_4339              |  12|   0|   15|          3|
    |add_ln58_34_reg_4344              |  15|   0|   15|          0|
    |add_ln58_53_reg_4349              |  12|   0|   15|          3|
    |add_ln58_57_reg_4354              |  15|   0|   15|          0|
    |add_ln58_76_reg_4359              |  12|   0|   15|          3|
    |add_ln58_7_reg_4309               |  12|   0|   15|          3|
    |add_ln58_82_reg_4364              |  15|   0|   15|          0|
    |ap_CS_fsm                         |   1|   0|    1|          0|
    |ap_done_reg                       |   1|   0|    1|          0|
    |ap_enable_reg_pp0_iter1           |   1|   0|    1|          0|
    |ap_enable_reg_pp0_iter2           |   1|   0|    1|          0|
    |ap_loop_exit_ready_pp0_iter1_reg  |   1|   0|    1|          0|
    |i_ih_fu_134                       |   9|   0|    9|          0|
    |icmp_ln154_1_reg_4263             |   1|   0|    1|          0|
    |icmp_ln154_2_reg_4279             |   1|   0|    1|          0|
    |icmp_ln154_3_reg_4294             |   1|   0|    1|          0|
    |icmp_ln154_4_reg_4299             |   1|   0|    1|          0|
    |icmp_ln154_reg_4246               |   1|   0|    1|          0|
    |mul_ln42_1_reg_854                |  15|   0|   15|          0|
    |mul_ln42_2_reg_858                |  15|   0|   15|          0|
    |mul_ln42_3_reg_862                |  15|   0|   15|          0|
    |mul_ln42_reg_850                  |  15|   0|   15|          0|
    |on_stride_reg_4242                |   1|   0|    1|          0|
    |on_stride_reg_4242_pp0_iter1_reg  |   1|   0|    1|          0|
    |res_out_1_reg_4319                |   9|   0|    9|          0|
    |res_out_2_reg_4324                |   9|   0|    9|          0|
    |res_out_3_reg_4329                |   9|   0|    9|          0|
    |res_out_4_reg_4334                |   9|   0|    9|          0|
    |row_buf_10_fu_186                 |  12|   0|   12|          0|
    |row_buf_11_fu_190                 |  12|   0|   12|          0|
    |row_buf_12_fu_194                 |  12|   0|   12|          0|
    |row_buf_13_fu_198                 |  12|   0|   12|          0|
    |row_buf_14_fu_202                 |  12|   0|   12|          0|
    |row_buf_15_fu_206                 |  12|   0|   12|          0|
    |row_buf_16_fu_210                 |  12|   0|   12|          0|
    |row_buf_17_fu_214                 |  12|   0|   12|          0|
    |row_buf_18_fu_218                 |  12|   0|   12|          0|
    |row_buf_19_fu_222                 |  12|   0|   12|          0|
    |row_buf_1_fu_150                  |  12|   0|   12|          0|
    |row_buf_2_fu_154                  |  12|   0|   12|          0|
    |row_buf_3_fu_158                  |  12|   0|   12|          0|
    |row_buf_4_fu_162                  |  12|   0|   12|          0|
    |row_buf_5_fu_166                  |  12|   0|   12|          0|
    |row_buf_6_fu_170                  |  12|   0|   12|          0|
    |row_buf_7_fu_174                  |  12|   0|   12|          0|
    |row_buf_8_fu_178                  |  12|   0|   12|          0|
    |row_buf_9_fu_182                  |  12|   0|   12|          0|
    |row_buf_fu_146                    |  12|   0|   12|          0|
    |start_once_reg                    |   1|   0|    1|          0|
    |stride_cnt_fu_138                 |  32|   0|   32|          0|
    |trunc_ln154_1_reg_4257            |   3|   0|    3|          0|
    |trunc_ln154_2_reg_4268            |   3|   0|    3|          0|
    |trunc_ln154_3_reg_4273            |   3|   0|    3|          0|
    |trunc_ln154_4_reg_4284            |   3|   0|    3|          0|
    |trunc_ln154_reg_4251              |   3|   0|    3|          0|
    |trunc_ln170_10_reg_4414           |   9|   0|    9|          0|
    |trunc_ln170_11_reg_4419           |   9|   0|    9|          0|
    |trunc_ln170_12_reg_4424           |   9|   0|    9|          0|
    |trunc_ln170_13_reg_4429           |   9|   0|    9|          0|
    |trunc_ln170_14_reg_4434           |   9|   0|    9|          0|
    |trunc_ln170_16_reg_4439           |   9|   0|    9|          0|
    |trunc_ln170_17_reg_4444           |   9|   0|    9|          0|
    |trunc_ln170_18_reg_4449           |   9|   0|    9|          0|
    |trunc_ln170_19_reg_4454           |   9|   0|    9|          0|
    |trunc_ln170_1_reg_4374            |   9|   0|    9|          0|
    |trunc_ln170_20_reg_4459           |   9|   0|    9|          0|
    |trunc_ln170_21_reg_4464           |   9|   0|    9|          0|
    |trunc_ln170_3_reg_4379            |   9|   0|    9|          0|
    |trunc_ln170_4_reg_4384            |   9|   0|    9|          0|
    |trunc_ln170_5_reg_4389            |   9|   0|    9|          0|
    |trunc_ln170_6_reg_4394            |   9|   0|    9|          0|
    |trunc_ln170_7_reg_4399            |   9|   0|    9|          0|
    |trunc_ln170_8_reg_4404            |   9|   0|    9|          0|
    |trunc_ln170_s_reg_4409            |   9|   0|    9|          0|
    |trunc_ln2_reg_4369                |   9|   0|    9|          0|
    |wptr_fu_142                       |  32|   0|   32|          0|
    +----------------------------------+----+----+-----+-----------+
    |Total                             | 731|   0|  743|         12|
    +----------------------------------+----+----+-----+-----------+



================================================================
== Interface
================================================================
* Summary: 
+-----------------------------+-----+-----+------------+----------------------------------------------------------------------+--------------+
|          RTL Ports          | Dir | Bits|  Protocol  |                             Source Object                            |    C Type    |
+-----------------------------+-----+-----+------------+----------------------------------------------------------------------+--------------+
|ap_clk                       |   in|    1|  ap_ctrl_hs|  first_conv_4lane_temporal_wide_cl<array,array<ap_fixed,28u>,config3>|  return value|
|ap_rst                       |   in|    1|  ap_ctrl_hs|  first_conv_4lane_temporal_wide_cl<array,array<ap_fixed,28u>,config3>|  return value|
|ap_start                     |   in|    1|  ap_ctrl_hs|  first_conv_4lane_temporal_wide_cl<array,array<ap_fixed,28u>,config3>|  return value|
|start_full_n                 |   in|    1|  ap_ctrl_hs|  first_conv_4lane_temporal_wide_cl<array,array<ap_fixed,28u>,config3>|  return value|
|ap_done                      |  out|    1|  ap_ctrl_hs|  first_conv_4lane_temporal_wide_cl<array,array<ap_fixed,28u>,config3>|  return value|
|ap_continue                  |   in|    1|  ap_ctrl_hs|  first_conv_4lane_temporal_wide_cl<array,array<ap_fixed,28u>,config3>|  return value|
|ap_idle                      |  out|    1|  ap_ctrl_hs|  first_conv_4lane_temporal_wide_cl<array,array<ap_fixed,28u>,config3>|  return value|
|ap_ready                     |  out|    1|  ap_ctrl_hs|  first_conv_4lane_temporal_wide_cl<array,array<ap_fixed,28u>,config3>|  return value|
|start_out                    |  out|    1|  ap_ctrl_hs|  first_conv_4lane_temporal_wide_cl<array,array<ap_fixed,28u>,config3>|  return value|
|start_write                  |  out|    1|  ap_ctrl_hs|  first_conv_4lane_temporal_wide_cl<array,array<ap_fixed,28u>,config3>|  return value|
|input_layer_TVALID           |   in|    1|        axis|                                                           input_layer|       pointer|
|input_layer_TDATA            |   in|   64|        axis|                                                           input_layer|       pointer|
|input_layer_TREADY           |  out|    1|        axis|                                                           input_layer|       pointer|
|layer3x4_out_din             |  out|  252|     ap_fifo|                                                          layer3x4_out|       pointer|
|layer3x4_out_num_data_valid  |   in|    3|     ap_fifo|                                                          layer3x4_out|       pointer|
|layer3x4_out_fifo_cap        |   in|    3|     ap_fifo|                                                          layer3x4_out|       pointer|
|layer3x4_out_full_n          |   in|    1|     ap_fifo|                                                          layer3x4_out|       pointer|
|layer3x4_out_write           |  out|    1|     ap_fifo|                                                          layer3x4_out|       pointer|
+-----------------------------+-----+-----+------------+----------------------------------------------------------------------+--------------+

============================================================
+ Verbose Summary: Synthesis Manager
============================================================
InlineROM: 1
ExposeGlobal: 0
============================================================
+ Verbose Summary: CDFG Model
============================================================
IsTopModel: 0
ResetActiveHigh: 1
IsCombinational: 2
IsDatapathOnly: 0
HasWiredReturn: 1
HasMFsm: 2
HasVarLatency: 1
IsPipeline: 0
IsRtlPipelined: 0
IsInstanceOverlapped: 0
IsDontTouch: 0
HasImplIP: 0
IsGatedGlobalClock: 0

+ Individual pipeline summary: 
  * Pipeline-0: initiation interval (II) = 1, depth = 3


============================================================
+ Verbose Summary: Schedule
============================================================
* Number of FSM states : 3
* Pipeline : 1
  Pipeline-0 : II = 1, D = 3, States = { 1 2 3 }
* Dataflow Pipeline: 0

* FSM state transitions: 
1 --> 2 
2 --> 3 
3 --> 

* FSM state operations: 

State 1 <SV = 0> <Delay = 3.88>
ST_1 : Operation 6 [1/1] (0.00ns)   --->   "%i_ih = alloca i32 1" [firmware/nnet_utils/nnet_first_conv_stream.h:120]   --->   Operation 6 'alloca' 'i_ih' <Predicate = true> <Delay = 0.00>
ST_1 : Operation 7 [1/1] (0.00ns)   --->   "%stride_cnt = alloca i32 1" [firmware/nnet_utils/nnet_first_conv_stream.h:117]   --->   Operation 7 'alloca' 'stride_cnt' <Predicate = true> <Delay = 0.00>
ST_1 : Operation 8 [1/1] (0.00ns)   --->   "%wptr = alloca i32 1" [firmware/nnet_utils/nnet_first_conv_stream.h:116]   --->   Operation 8 'alloca' 'wptr' <Predicate = true> <Delay = 0.00>
ST_1 : Operation 9 [1/1] (0.00ns)   --->   "%specinterface_ln0 = specinterface void @_ssdm_op_SpecInterface, i252 %layer3x4_out, void @empty_9, i32 0, i32 0, void @empty_0, i32 0, i32 0, void @empty_0, void @empty_0, void @empty_0, i32 0, i32 0, i32 0, i32 0, void @empty_0, void @empty_0, i32 4294967295, i32 0"   --->   Operation 9 'specinterface' 'specinterface_ln0' <Predicate = true> <Delay = 0.00>
ST_1 : Operation 10 [1/1] (0.00ns)   --->   "%specinterface_ln0 = specinterface void @_ssdm_op_SpecInterface, i64 %input_layer, void @empty, i32 1, i32 1, void @empty_8, i32 0, i32 0, void @empty_0, void @empty_0, void @empty_0, i32 0, i32 0, i32 0, i32 0, void @empty_0, void @empty_0, i32 4294967295, i32 0"   --->   Operation 10 'specinterface' 'specinterface_ln0' <Predicate = true> <Delay = 0.00>
ST_1 : Operation 11 [1/1] (0.00ns)   --->   "%row_buf = alloca i64 1" [firmware/nnet_utils/nnet_first_conv_stream.h:113]   --->   Operation 11 'alloca' 'row_buf' <Predicate = true> <Delay = 0.00>
ST_1 : Operation 12 [1/1] (0.00ns)   --->   "%row_buf_1 = alloca i64 1" [firmware/nnet_utils/nnet_first_conv_stream.h:113]   --->   Operation 12 'alloca' 'row_buf_1' <Predicate = true> <Delay = 0.00>
ST_1 : Operation 13 [1/1] (0.00ns)   --->   "%row_buf_2 = alloca i64 1" [firmware/nnet_utils/nnet_first_conv_stream.h:113]   --->   Operation 13 'alloca' 'row_buf_2' <Predicate = true> <Delay = 0.00>
ST_1 : Operation 14 [1/1] (0.00ns)   --->   "%row_buf_3 = alloca i64 1" [firmware/nnet_utils/nnet_first_conv_stream.h:113]   --->   Operation 14 'alloca' 'row_buf_3' <Predicate = true> <Delay = 0.00>
ST_1 : Operation 15 [1/1] (0.00ns)   --->   "%row_buf_4 = alloca i64 1" [firmware/nnet_utils/nnet_first_conv_stream.h:113]   --->   Operation 15 'alloca' 'row_buf_4' <Predicate = true> <Delay = 0.00>
ST_1 : Operation 16 [1/1] (0.00ns)   --->   "%row_buf_5 = alloca i64 1" [firmware/nnet_utils/nnet_first_conv_stream.h:113]   --->   Operation 16 'alloca' 'row_buf_5' <Predicate = true> <Delay = 0.00>
ST_1 : Operation 17 [1/1] (0.00ns)   --->   "%row_buf_6 = alloca i64 1" [firmware/nnet_utils/nnet_first_conv_stream.h:113]   --->   Operation 17 'alloca' 'row_buf_6' <Predicate = true> <Delay = 0.00>
ST_1 : Operation 18 [1/1] (0.00ns)   --->   "%row_buf_7 = alloca i64 1" [firmware/nnet_utils/nnet_first_conv_stream.h:113]   --->   Operation 18 'alloca' 'row_buf_7' <Predicate = true> <Delay = 0.00>
ST_1 : Operation 19 [1/1] (0.00ns)   --->   "%row_buf_8 = alloca i64 1" [firmware/nnet_utils/nnet_first_conv_stream.h:113]   --->   Operation 19 'alloca' 'row_buf_8' <Predicate = true> <Delay = 0.00>
ST_1 : Operation 20 [1/1] (0.00ns)   --->   "%row_buf_9 = alloca i64 1" [firmware/nnet_utils/nnet_first_conv_stream.h:113]   --->   Operation 20 'alloca' 'row_buf_9' <Predicate = true> <Delay = 0.00>
ST_1 : Operation 21 [1/1] (0.00ns)   --->   "%row_buf_10 = alloca i64 1" [firmware/nnet_utils/nnet_first_conv_stream.h:113]   --->   Operation 21 'alloca' 'row_buf_10' <Predicate = true> <Delay = 0.00>
ST_1 : Operation 22 [1/1] (0.00ns)   --->   "%row_buf_11 = alloca i64 1" [firmware/nnet_utils/nnet_first_conv_stream.h:113]   --->   Operation 22 'alloca' 'row_buf_11' <Predicate = true> <Delay = 0.00>
ST_1 : Operation 23 [1/1] (0.00ns)   --->   "%row_buf_12 = alloca i64 1" [firmware/nnet_utils/nnet_first_conv_stream.h:113]   --->   Operation 23 'alloca' 'row_buf_12' <Predicate = true> <Delay = 0.00>
ST_1 : Operation 24 [1/1] (0.00ns)   --->   "%row_buf_13 = alloca i64 1" [firmware/nnet_utils/nnet_first_conv_stream.h:113]   --->   Operation 24 'alloca' 'row_buf_13' <Predicate = true> <Delay = 0.00>
ST_1 : Operation 25 [1/1] (0.00ns)   --->   "%row_buf_14 = alloca i64 1" [firmware/nnet_utils/nnet_first_conv_stream.h:113]   --->   Operation 25 'alloca' 'row_buf_14' <Predicate = true> <Delay = 0.00>
ST_1 : Operation 26 [1/1] (0.00ns)   --->   "%row_buf_15 = alloca i64 1" [firmware/nnet_utils/nnet_first_conv_stream.h:113]   --->   Operation 26 'alloca' 'row_buf_15' <Predicate = true> <Delay = 0.00>
ST_1 : Operation 27 [1/1] (0.00ns)   --->   "%row_buf_16 = alloca i64 1" [firmware/nnet_utils/nnet_first_conv_stream.h:113]   --->   Operation 27 'alloca' 'row_buf_16' <Predicate = true> <Delay = 0.00>
ST_1 : Operation 28 [1/1] (0.00ns)   --->   "%row_buf_17 = alloca i64 1" [firmware/nnet_utils/nnet_first_conv_stream.h:113]   --->   Operation 28 'alloca' 'row_buf_17' <Predicate = true> <Delay = 0.00>
ST_1 : Operation 29 [1/1] (0.00ns)   --->   "%row_buf_18 = alloca i64 1" [firmware/nnet_utils/nnet_first_conv_stream.h:113]   --->   Operation 29 'alloca' 'row_buf_18' <Predicate = true> <Delay = 0.00>
ST_1 : Operation 30 [1/1] (0.00ns)   --->   "%row_buf_19 = alloca i64 1" [firmware/nnet_utils/nnet_first_conv_stream.h:113]   --->   Operation 30 'alloca' 'row_buf_19' <Predicate = true> <Delay = 0.00>
ST_1 : Operation 31 [1/1] (0.42ns)   --->   "%store_ln116 = store i32 0, i32 %wptr" [firmware/nnet_utils/nnet_first_conv_stream.h:116]   --->   Operation 31 'store' 'store_ln116' <Predicate = true> <Delay = 0.42>
ST_1 : Operation 32 [1/1] (0.42ns)   --->   "%store_ln117 = store i32 0, i32 %stride_cnt" [firmware/nnet_utils/nnet_first_conv_stream.h:117]   --->   Operation 32 'store' 'store_ln117' <Predicate = true> <Delay = 0.42>
ST_1 : Operation 33 [1/1] (0.42ns)   --->   "%store_ln120 = store i9 0, i9 %i_ih" [firmware/nnet_utils/nnet_first_conv_stream.h:120]   --->   Operation 33 'store' 'store_ln120' <Predicate = true> <Delay = 0.42>
ST_1 : Operation 34 [1/1] (0.00ns)   --->   "%br_ln120 = br void %InsertRowWide" [firmware/nnet_utils/nnet_first_conv_stream.h:120]   --->   Operation 34 'br' 'br_ln120' <Predicate = true> <Delay = 0.00>
ST_1 : Operation 35 [1/1] (0.00ns)   --->   "%i_ih_3 = load i9 %i_ih" [firmware/nnet_utils/nnet_first_conv_stream.h:120]   --->   Operation 35 'load' 'i_ih_3' <Predicate = true> <Delay = 0.00>
ST_1 : Operation 36 [1/1] (0.00ns)   --->   "%stride_cnt_3 = load i32 %stride_cnt" [firmware/nnet_utils/nnet_first_conv_stream.h:175]   --->   Operation 36 'load' 'stride_cnt_3' <Predicate = true> <Delay = 0.00>
ST_1 : Operation 37 [1/1] (0.00ns)   --->   "%wptr_1 = load i32 %wptr" [firmware/nnet_utils/nnet_first_conv_stream.h:120]   --->   Operation 37 'load' 'wptr_1' <Predicate = true> <Delay = 0.00>
ST_1 : Operation 38 [1/1] (0.77ns)   --->   "%icmp_ln120 = icmp_eq  i9 %i_ih_3, i9 256" [firmware/nnet_utils/nnet_first_conv_stream.h:120]   --->   Operation 38 'icmp' 'icmp_ln120' <Predicate = true> <Delay = 0.77> <CoreInst = "Cmp">   --->   Core 9 'Cmp' <Latency = 0> <II = 1> <Delay = 0.78> <FuncUnit> <Opcode : 'icmp'> <InPorts = 2> <OutPorts = 1>
ST_1 : Operation 39 [1/1] (0.77ns)   --->   "%i_ih_4 = add i9 %i_ih_3, i9 1" [firmware/nnet_utils/nnet_first_conv_stream.h:120]   --->   Operation 39 'add' 'i_ih_4' <Predicate = true> <Delay = 0.77> <CoreInst = "Adder">   --->   Core 1 'Adder' <Latency = 0> <II = 1> <Delay = 0.77> <FuncUnit> <Opcode : 'add' 'sub'> <InPorts = 2> <OutPorts = 1>
ST_1 : Operation 40 [1/1] (0.00ns)   --->   "%br_ln120 = br i1 %icmp_ln120, void %InsertRowWide.split, void %for.end62" [firmware/nnet_utils/nnet_first_conv_stream.h:120]   --->   Operation 40 'br' 'br_ln120' <Predicate = true> <Delay = 0.00>
ST_1 : Operation 41 [1/1] (0.00ns)   --->   "%specpipeline_ln121 = specpipeline void @_ssdm_op_SpecPipeline, i32 1, i32 0, i32 0, i32 0, void @empty_0" [firmware/nnet_utils/nnet_first_conv_stream.h:121]   --->   Operation 41 'specpipeline' 'specpipeline_ln121' <Predicate = (!icmp_ln120)> <Delay = 0.00>
ST_1 : Operation 42 [1/1] (0.00ns)   --->   "%speclooptripcount_ln120 = speclooptripcount void @_ssdm_op_SpecLoopTripCount, i64 256, i64 256, i64 256" [firmware/nnet_utils/nnet_first_conv_stream.h:120]   --->   Operation 42 'speclooptripcount' 'speclooptripcount_ln120' <Predicate = (!icmp_ln120)> <Delay = 0.00>
ST_1 : Operation 43 [1/1] (0.00ns)   --->   "%specloopname_ln120 = specloopname void @_ssdm_op_SpecLoopName, void @empty_6" [firmware/nnet_utils/nnet_first_conv_stream.h:120]   --->   Operation 43 'specloopname' 'specloopname_ln120' <Predicate = (!icmp_ln120)> <Delay = 0.00>
ST_1 : Operation 44 [1/1] (0.00ns)   --->   "%trunc_ln120 = trunc i32 %wptr_1" [firmware/nnet_utils/nnet_first_conv_stream.h:120]   --->   Operation 44 'trunc' 'trunc_ln120' <Predicate = (!icmp_ln120)> <Delay = 0.00>
ST_1 : Operation 45 [1/1] (1.00ns)   --->   "%input_layer_read = read i64 @_ssdm_op_Read.axis.volatile.i64P128A, i64 %input_layer" [firmware/nnet_utils/nnet_first_conv_stream.h:124]   --->   Operation 45 'read' 'input_layer_read' <Predicate = (!icmp_ln120)> <Delay = 1.00> <CoreInst = "axis">   --->   Core 123 'axis' <Latency = 0> <II = 1> <Delay = 1.00> <Adapter> <Opcode : >
ST_1 : Operation 46 [1/1] (0.00ns)   --->   "%row_buf_22 = trunc i64 %input_layer_read" [firmware/nnet_utils/nnet_first_conv_stream.h:124]   --->   Operation 46 'trunc' 'row_buf_22' <Predicate = (!icmp_ln120)> <Delay = 0.00>
ST_1 : Operation 47 [1/1] (0.00ns)   --->   "%row_buf_23 = partselect i12 @_ssdm_op_PartSelect.i12.i64.i32.i32, i64 %input_layer_read, i32 16, i32 27" [firmware/nnet_utils/nnet_first_conv_stream.h:124]   --->   Operation 47 'partselect' 'row_buf_23' <Predicate = (!icmp_ln120)> <Delay = 0.00>
ST_1 : Operation 48 [1/1] (0.00ns)   --->   "%row_buf_20 = partselect i12 @_ssdm_op_PartSelect.i12.i64.i32.i32, i64 %input_layer_read, i32 32, i32 43" [firmware/nnet_utils/nnet_first_conv_stream.h:124]   --->   Operation 48 'partselect' 'row_buf_20' <Predicate = (!icmp_ln120)> <Delay = 0.00>
ST_1 : Operation 49 [1/1] (0.00ns)   --->   "%row_buf_21 = partselect i12 @_ssdm_op_PartSelect.i12.i64.i32.i32, i64 %input_layer_read, i32 48, i32 59" [firmware/nnet_utils/nnet_first_conv_stream.h:124]   --->   Operation 49 'partselect' 'row_buf_21' <Predicate = (!icmp_ln120)> <Delay = 0.00>
ST_1 : Operation 50 [1/1] (0.73ns)   --->   "%switch_ln129 = switch i3 %trunc_ln120, void %arrayidx62.3.case.4, i3 0, void %arrayidx62.3.case.0, i3 1, void %arrayidx62.3.case.1, i3 2, void %arrayidx62.3.case.2, i3 3, void %arrayidx62.3.case.3" [firmware/nnet_utils/nnet_first_conv_stream.h:129]   --->   Operation 50 'switch' 'switch_ln129' <Predicate = (!icmp_ln120)> <Delay = 0.73>
ST_1 : Operation 51 [1/1] (0.00ns)   --->   "%store_ln129 = store i12 %row_buf_22, i12 %row_buf_12" [firmware/nnet_utils/nnet_first_conv_stream.h:129]   --->   Operation 51 'store' 'store_ln129' <Predicate = (!icmp_ln120 & trunc_ln120 == 3)> <Delay = 0.00>
ST_1 : Operation 52 [1/1] (0.00ns)   --->   "%store_ln129 = store i12 %row_buf_23, i12 %row_buf_13" [firmware/nnet_utils/nnet_first_conv_stream.h:129]   --->   Operation 52 'store' 'store_ln129' <Predicate = (!icmp_ln120 & trunc_ln120 == 3)> <Delay = 0.00>
ST_1 : Operation 53 [1/1] (0.00ns)   --->   "%store_ln129 = store i12 %row_buf_20, i12 %row_buf_14" [firmware/nnet_utils/nnet_first_conv_stream.h:129]   --->   Operation 53 'store' 'store_ln129' <Predicate = (!icmp_ln120 & trunc_ln120 == 3)> <Delay = 0.00>
ST_1 : Operation 54 [1/1] (0.00ns)   --->   "%store_ln129 = store i12 %row_buf_21, i12 %row_buf_15" [firmware/nnet_utils/nnet_first_conv_stream.h:129]   --->   Operation 54 'store' 'store_ln129' <Predicate = (!icmp_ln120 & trunc_ln120 == 3)> <Delay = 0.00>
ST_1 : Operation 55 [1/1] (0.00ns)   --->   "%br_ln129 = br void %arrayidx62.3.exit" [firmware/nnet_utils/nnet_first_conv_stream.h:129]   --->   Operation 55 'br' 'br_ln129' <Predicate = (!icmp_ln120 & trunc_ln120 == 3)> <Delay = 0.00>
ST_1 : Operation 56 [1/1] (0.00ns)   --->   "%store_ln129 = store i12 %row_buf_22, i12 %row_buf_8" [firmware/nnet_utils/nnet_first_conv_stream.h:129]   --->   Operation 56 'store' 'store_ln129' <Predicate = (!icmp_ln120 & trunc_ln120 == 2)> <Delay = 0.00>
ST_1 : Operation 57 [1/1] (0.00ns)   --->   "%store_ln129 = store i12 %row_buf_23, i12 %row_buf_9" [firmware/nnet_utils/nnet_first_conv_stream.h:129]   --->   Operation 57 'store' 'store_ln129' <Predicate = (!icmp_ln120 & trunc_ln120 == 2)> <Delay = 0.00>
ST_1 : Operation 58 [1/1] (0.00ns)   --->   "%store_ln129 = store i12 %row_buf_20, i12 %row_buf_10" [firmware/nnet_utils/nnet_first_conv_stream.h:129]   --->   Operation 58 'store' 'store_ln129' <Predicate = (!icmp_ln120 & trunc_ln120 == 2)> <Delay = 0.00>
ST_1 : Operation 59 [1/1] (0.00ns)   --->   "%store_ln129 = store i12 %row_buf_21, i12 %row_buf_11" [firmware/nnet_utils/nnet_first_conv_stream.h:129]   --->   Operation 59 'store' 'store_ln129' <Predicate = (!icmp_ln120 & trunc_ln120 == 2)> <Delay = 0.00>
ST_1 : Operation 60 [1/1] (0.00ns)   --->   "%br_ln129 = br void %arrayidx62.3.exit" [firmware/nnet_utils/nnet_first_conv_stream.h:129]   --->   Operation 60 'br' 'br_ln129' <Predicate = (!icmp_ln120 & trunc_ln120 == 2)> <Delay = 0.00>
ST_1 : Operation 61 [1/1] (0.00ns)   --->   "%store_ln129 = store i12 %row_buf_22, i12 %row_buf_4" [firmware/nnet_utils/nnet_first_conv_stream.h:129]   --->   Operation 61 'store' 'store_ln129' <Predicate = (!icmp_ln120 & trunc_ln120 == 1)> <Delay = 0.00>
ST_1 : Operation 62 [1/1] (0.00ns)   --->   "%store_ln129 = store i12 %row_buf_23, i12 %row_buf_5" [firmware/nnet_utils/nnet_first_conv_stream.h:129]   --->   Operation 62 'store' 'store_ln129' <Predicate = (!icmp_ln120 & trunc_ln120 == 1)> <Delay = 0.00>
ST_1 : Operation 63 [1/1] (0.00ns)   --->   "%store_ln129 = store i12 %row_buf_20, i12 %row_buf_6" [firmware/nnet_utils/nnet_first_conv_stream.h:129]   --->   Operation 63 'store' 'store_ln129' <Predicate = (!icmp_ln120 & trunc_ln120 == 1)> <Delay = 0.00>
ST_1 : Operation 64 [1/1] (0.00ns)   --->   "%store_ln129 = store i12 %row_buf_21, i12 %row_buf_7" [firmware/nnet_utils/nnet_first_conv_stream.h:129]   --->   Operation 64 'store' 'store_ln129' <Predicate = (!icmp_ln120 & trunc_ln120 == 1)> <Delay = 0.00>
ST_1 : Operation 65 [1/1] (0.00ns)   --->   "%br_ln129 = br void %arrayidx62.3.exit" [firmware/nnet_utils/nnet_first_conv_stream.h:129]   --->   Operation 65 'br' 'br_ln129' <Predicate = (!icmp_ln120 & trunc_ln120 == 1)> <Delay = 0.00>
ST_1 : Operation 66 [1/1] (0.00ns)   --->   "%store_ln129 = store i12 %row_buf_22, i12 %row_buf" [firmware/nnet_utils/nnet_first_conv_stream.h:129]   --->   Operation 66 'store' 'store_ln129' <Predicate = (!icmp_ln120 & trunc_ln120 == 0)> <Delay = 0.00>
ST_1 : Operation 67 [1/1] (0.00ns)   --->   "%store_ln129 = store i12 %row_buf_23, i12 %row_buf_1" [firmware/nnet_utils/nnet_first_conv_stream.h:129]   --->   Operation 67 'store' 'store_ln129' <Predicate = (!icmp_ln120 & trunc_ln120 == 0)> <Delay = 0.00>
ST_1 : Operation 68 [1/1] (0.00ns)   --->   "%store_ln129 = store i12 %row_buf_20, i12 %row_buf_2" [firmware/nnet_utils/nnet_first_conv_stream.h:129]   --->   Operation 68 'store' 'store_ln129' <Predicate = (!icmp_ln120 & trunc_ln120 == 0)> <Delay = 0.00>
ST_1 : Operation 69 [1/1] (0.00ns)   --->   "%store_ln129 = store i12 %row_buf_21, i12 %row_buf_3" [firmware/nnet_utils/nnet_first_conv_stream.h:129]   --->   Operation 69 'store' 'store_ln129' <Predicate = (!icmp_ln120 & trunc_ln120 == 0)> <Delay = 0.00>
ST_1 : Operation 70 [1/1] (0.00ns)   --->   "%br_ln129 = br void %arrayidx62.3.exit" [firmware/nnet_utils/nnet_first_conv_stream.h:129]   --->   Operation 70 'br' 'br_ln129' <Predicate = (!icmp_ln120 & trunc_ln120 == 0)> <Delay = 0.00>
ST_1 : Operation 71 [1/1] (0.00ns)   --->   "%store_ln129 = store i12 %row_buf_22, i12 %row_buf_16" [firmware/nnet_utils/nnet_first_conv_stream.h:129]   --->   Operation 71 'store' 'store_ln129' <Predicate = (!icmp_ln120 & trunc_ln120 != 0 & trunc_ln120 != 1 & trunc_ln120 != 2 & trunc_ln120 != 3)> <Delay = 0.00>
ST_1 : Operation 72 [1/1] (0.00ns)   --->   "%store_ln129 = store i12 %row_buf_23, i12 %row_buf_17" [firmware/nnet_utils/nnet_first_conv_stream.h:129]   --->   Operation 72 'store' 'store_ln129' <Predicate = (!icmp_ln120 & trunc_ln120 != 0 & trunc_ln120 != 1 & trunc_ln120 != 2 & trunc_ln120 != 3)> <Delay = 0.00>
ST_1 : Operation 73 [1/1] (0.00ns)   --->   "%store_ln129 = store i12 %row_buf_20, i12 %row_buf_18" [firmware/nnet_utils/nnet_first_conv_stream.h:129]   --->   Operation 73 'store' 'store_ln129' <Predicate = (!icmp_ln120 & trunc_ln120 != 0 & trunc_ln120 != 1 & trunc_ln120 != 2 & trunc_ln120 != 3)> <Delay = 0.00>
ST_1 : Operation 74 [1/1] (0.00ns)   --->   "%store_ln129 = store i12 %row_buf_21, i12 %row_buf_19" [firmware/nnet_utils/nnet_first_conv_stream.h:129]   --->   Operation 74 'store' 'store_ln129' <Predicate = (!icmp_ln120 & trunc_ln120 != 0 & trunc_ln120 != 1 & trunc_ln120 != 2 & trunc_ln120 != 3)> <Delay = 0.00>
ST_1 : Operation 75 [1/1] (0.00ns)   --->   "%br_ln129 = br void %arrayidx62.3.exit" [firmware/nnet_utils/nnet_first_conv_stream.h:129]   --->   Operation 75 'br' 'br_ln129' <Predicate = (!icmp_ln120 & trunc_ln120 != 0 & trunc_ln120 != 1 & trunc_ln120 != 2 & trunc_ln120 != 3)> <Delay = 0.00>
ST_1 : Operation 76 [1/1] (1.01ns)   --->   "%icmp_ln132 = icmp_eq  i32 %wptr_1, i32 4" [firmware/nnet_utils/nnet_first_conv_stream.h:132]   --->   Operation 76 'icmp' 'icmp_ln132' <Predicate = (!icmp_ln120)> <Delay = 1.01> <CoreInst = "Cmp">   --->   Core 9 'Cmp' <Latency = 0> <II = 1> <Delay = 1.01> <FuncUnit> <Opcode : 'icmp'> <InPorts = 2> <OutPorts = 1>
ST_1 : Operation 77 [1/1] (1.01ns)   --->   "%add_ln132 = add i32 %wptr_1, i32 1" [firmware/nnet_utils/nnet_first_conv_stream.h:132]   --->   Operation 77 'add' 'add_ln132' <Predicate = (!icmp_ln120)> <Delay = 1.01> <CoreInst = "Adder">   --->   Core 1 'Adder' <Latency = 0> <II = 1> <Delay = 1.01> <FuncUnit> <Opcode : 'add' 'sub'> <InPorts = 2> <OutPorts = 1>
ST_1 : Operation 78 [1/1] (0.41ns)   --->   "%oldest = select i1 %icmp_ln132, i32 0, i32 %add_ln132" [firmware/nnet_utils/nnet_first_conv_stream.h:132]   --->   Operation 78 'select' 'oldest' <Predicate = (!icmp_ln120)> <Delay = 0.41> <CoreInst = "Sel">   --->   Core 73 'Sel' <Latency = 0> <II = 1> <Delay = 0.41> <FuncUnit> <Opcode : 'select'> <InPorts = 3> <OutPorts = 1>
ST_1 : Operation 79 [1/1] (0.00ns)   --->   "%tmp = partselect i7 @_ssdm_op_PartSelect.i7.i9.i32.i32, i9 %i_ih_3, i32 2, i32 8" [firmware/nnet_utils/nnet_first_conv_stream.h:134]   --->   Operation 79 'partselect' 'tmp' <Predicate = (!icmp_ln120)> <Delay = 0.00>
ST_1 : Operation 80 [1/1] (0.77ns)   --->   "%have_full_window = icmp_ne  i7 %tmp, i7 0" [firmware/nnet_utils/nnet_first_conv_stream.h:134]   --->   Operation 80 'icmp' 'have_full_window' <Predicate = (!icmp_ln120)> <Delay = 0.77> <CoreInst = "Cmp">   --->   Core 9 'Cmp' <Latency = 0> <II = 1> <Delay = 0.77> <FuncUnit> <Opcode : 'icmp'> <InPorts = 2> <OutPorts = 1>
ST_1 : Operation 81 [1/1] (1.01ns)   --->   "%icmp_ln135 = icmp_eq  i32 %stride_cnt_3, i32 0" [firmware/nnet_utils/nnet_first_conv_stream.h:135]   --->   Operation 81 'icmp' 'icmp_ln135' <Predicate = (!icmp_ln120)> <Delay = 1.01> <CoreInst = "Cmp">   --->   Core 9 'Cmp' <Latency = 0> <II = 1> <Delay = 1.01> <FuncUnit> <Opcode : 'icmp'> <InPorts = 2> <OutPorts = 1>
ST_1 : Operation 82 [1/1] (0.28ns)   --->   "%on_stride = and i1 %have_full_window, i1 %icmp_ln135" [firmware/nnet_utils/nnet_first_conv_stream.h:135]   --->   Operation 82 'and' 'on_stride' <Predicate = (!icmp_ln120)> <Delay = 0.28> <CoreInst = "LogicGate">   --->   Core 74 'LogicGate' <Latency = 0> <II = 1> <Delay = 0.28> <FuncUnit> <Opcode : 'and' 'or' 'xor'> <InPorts = 2> <OutPorts = 1>
ST_1 : Operation 83 [1/1] (0.00ns)   --->   "%br_ln137 = br i1 %on_stride, void %if.end_ifconv, void %WriteOutputWidthWide" [firmware/nnet_utils/nnet_first_conv_stream.h:137]   --->   Operation 83 'br' 'br_ln137' <Predicate = (!icmp_ln120)> <Delay = 0.00>
ST_1 : Operation 84 [1/1] (1.01ns)   --->   "%icmp_ln154 = icmp_ult  i32 %oldest, i32 5" [firmware/nnet_utils/nnet_first_conv_stream.h:154]   --->   Operation 84 'icmp' 'icmp_ln154' <Predicate = (!icmp_ln120 & on_stride)> <Delay = 1.01> <CoreInst = "Cmp">   --->   Core 9 'Cmp' <Latency = 0> <II = 1> <Delay = 1.01> <FuncUnit> <Opcode : 'icmp'> <InPorts = 2> <OutPorts = 1>
ST_1 : Operation 85 [1/1] (1.01ns)   --->   "%add_ln156 = add i32 %oldest, i32 3" [firmware/nnet_utils/nnet_first_conv_stream.h:156]   --->   Operation 85 'add' 'add_ln156' <Predicate = (!icmp_ln120 & on_stride)> <Delay = 1.01> <CoreInst = "Adder">   --->   Core 1 'Adder' <Latency = 0> <II = 1> <Delay = 1.01> <FuncUnit> <Opcode : 'add' 'sub'> <InPorts = 2> <OutPorts = 1>
ST_1 : Operation 86 [1/1] (0.00ns)   --->   "%trunc_ln154 = trunc i32 %oldest" [firmware/nnet_utils/nnet_first_conv_stream.h:154]   --->   Operation 86 'trunc' 'trunc_ln154' <Predicate = (!icmp_ln120 & on_stride)> <Delay = 0.00>
ST_1 : Operation 87 [1/1] (0.00ns)   --->   "%trunc_ln154_1 = trunc i32 %add_ln156" [firmware/nnet_utils/nnet_first_conv_stream.h:154]   --->   Operation 87 'trunc' 'trunc_ln154_1' <Predicate = (!icmp_ln120 & on_stride)> <Delay = 0.00>
ST_1 : Operation 88 [1/1] (1.01ns)   --->   "%add_ln154 = add i32 %oldest, i32 1" [firmware/nnet_utils/nnet_first_conv_stream.h:154]   --->   Operation 88 'add' 'add_ln154' <Predicate = (!icmp_ln120 & on_stride)> <Delay = 1.01> <CoreInst = "Adder">   --->   Core 1 'Adder' <Latency = 0> <II = 1> <Delay = 1.01> <FuncUnit> <Opcode : 'add' 'sub'> <InPorts = 2> <OutPorts = 1>
ST_1 : Operation 89 [1/1] (1.01ns)   --->   "%icmp_ln154_1 = icmp_ult  i32 %add_ln154, i32 5" [firmware/nnet_utils/nnet_first_conv_stream.h:154]   --->   Operation 89 'icmp' 'icmp_ln154_1' <Predicate = (!icmp_ln120 & on_stride)> <Delay = 1.01> <CoreInst = "Cmp">   --->   Core 9 'Cmp' <Latency = 0> <II = 1> <Delay = 1.01> <FuncUnit> <Opcode : 'icmp'> <InPorts = 2> <OutPorts = 1>
ST_1 : Operation 90 [1/1] (1.01ns)   --->   "%add_ln156_1 = add i32 %oldest, i32 4" [firmware/nnet_utils/nnet_first_conv_stream.h:156]   --->   Operation 90 'add' 'add_ln156_1' <Predicate = (!icmp_ln120 & on_stride)> <Delay = 1.01> <CoreInst = "Adder">   --->   Core 1 'Adder' <Latency = 0> <II = 1> <Delay = 1.01> <FuncUnit> <Opcode : 'add' 'sub'> <InPorts = 2> <OutPorts = 1>
ST_1 : Operation 91 [1/1] (0.00ns)   --->   "%trunc_ln154_2 = trunc i32 %add_ln154" [firmware/nnet_utils/nnet_first_conv_stream.h:154]   --->   Operation 91 'trunc' 'trunc_ln154_2' <Predicate = (!icmp_ln120 & on_stride)> <Delay = 0.00>
ST_1 : Operation 92 [1/1] (0.00ns)   --->   "%trunc_ln154_3 = trunc i32 %add_ln156_1" [firmware/nnet_utils/nnet_first_conv_stream.h:154]   --->   Operation 92 'trunc' 'trunc_ln154_3' <Predicate = (!icmp_ln120 & on_stride)> <Delay = 0.00>
ST_1 : Operation 93 [1/1] (1.01ns)   --->   "%add_ln154_1 = add i32 %oldest, i32 2" [firmware/nnet_utils/nnet_first_conv_stream.h:154]   --->   Operation 93 'add' 'add_ln154_1' <Predicate = (!icmp_ln120 & on_stride)> <Delay = 1.01> <CoreInst = "Adder">   --->   Core 1 'Adder' <Latency = 0> <II = 1> <Delay = 1.01> <FuncUnit> <Opcode : 'add' 'sub'> <InPorts = 2> <OutPorts = 1>
ST_1 : Operation 94 [1/1] (1.01ns)   --->   "%icmp_ln154_2 = icmp_ult  i32 %add_ln154_1, i32 5" [firmware/nnet_utils/nnet_first_conv_stream.h:154]   --->   Operation 94 'icmp' 'icmp_ln154_2' <Predicate = (!icmp_ln120 & on_stride)> <Delay = 1.01> <CoreInst = "Cmp">   --->   Core 9 'Cmp' <Latency = 0> <II = 1> <Delay = 1.01> <FuncUnit> <Opcode : 'icmp'> <InPorts = 2> <OutPorts = 1>
ST_1 : Operation 95 [1/1] (0.00ns)   --->   "%trunc_ln154_4 = trunc i32 %add_ln154_1" [firmware/nnet_utils/nnet_first_conv_stream.h:154]   --->   Operation 95 'trunc' 'trunc_ln154_4' <Predicate = (!icmp_ln120 & on_stride)> <Delay = 0.00>
ST_1 : Operation 96 [1/1] (0.67ns)   --->   "%add_ln154_2 = add i3 %trunc_ln154, i3 5" [firmware/nnet_utils/nnet_first_conv_stream.h:154]   --->   Operation 96 'add' 'add_ln154_2' <Predicate = (!icmp_ln120 & on_stride)> <Delay = 0.67> <CoreInst = "Adder">   --->   Core 1 'Adder' <Latency = 0> <II = 1> <Delay = 0.67> <FuncUnit> <Opcode : 'add' 'sub'> <InPorts = 2> <OutPorts = 1>
ST_1 : Operation 97 [1/1] (1.01ns)   --->   "%icmp_ln154_3 = icmp_ult  i32 %add_ln156, i32 5" [firmware/nnet_utils/nnet_first_conv_stream.h:154]   --->   Operation 97 'icmp' 'icmp_ln154_3' <Predicate = (!icmp_ln120 & on_stride)> <Delay = 1.01> <CoreInst = "Cmp">   --->   Core 9 'Cmp' <Latency = 0> <II = 1> <Delay = 1.01> <FuncUnit> <Opcode : 'icmp'> <InPorts = 2> <OutPorts = 1>
ST_1 : Operation 98 [1/1] (1.01ns)   --->   "%icmp_ln154_4 = icmp_ult  i32 %add_ln156_1, i32 5" [firmware/nnet_utils/nnet_first_conv_stream.h:154]   --->   Operation 98 'icmp' 'icmp_ln154_4' <Predicate = (!icmp_ln120 & on_stride)> <Delay = 1.01> <CoreInst = "Cmp">   --->   Core 9 'Cmp' <Latency = 0> <II = 1> <Delay = 1.01> <FuncUnit> <Opcode : 'icmp'> <InPorts = 2> <OutPorts = 1>
ST_1 : Operation 99 [1/1] (0.67ns)   --->   "%add_ln154_4 = add i3 %trunc_ln154, i3 7" [firmware/nnet_utils/nnet_first_conv_stream.h:154]   --->   Operation 99 'add' 'add_ln154_4' <Predicate = (!icmp_ln120 & on_stride)> <Delay = 0.67> <CoreInst = "Adder">   --->   Core 1 'Adder' <Latency = 0> <II = 1> <Delay = 0.67> <FuncUnit> <Opcode : 'add' 'sub'> <InPorts = 2> <OutPorts = 1>
ST_1 : Operation 100 [1/1] (1.01ns)   --->   "%icmp_ln175 = icmp_eq  i32 %stride_cnt_3, i32 2" [firmware/nnet_utils/nnet_first_conv_stream.h:175]   --->   Operation 100 'icmp' 'icmp_ln175' <Predicate = (!icmp_ln120)> <Delay = 1.01> <CoreInst = "Cmp">   --->   Core 9 'Cmp' <Latency = 0> <II = 1> <Delay = 1.01> <FuncUnit> <Opcode : 'icmp'> <InPorts = 2> <OutPorts = 1>
ST_1 : Operation 101 [1/1] (1.01ns)   --->   "%add_ln175 = add i32 %stride_cnt_3, i32 1" [firmware/nnet_utils/nnet_first_conv_stream.h:175]   --->   Operation 101 'add' 'add_ln175' <Predicate = (!icmp_ln120)> <Delay = 1.01> <CoreInst = "Adder">   --->   Core 1 'Adder' <Latency = 0> <II = 1> <Delay = 1.01> <FuncUnit> <Opcode : 'add' 'sub'> <InPorts = 2> <OutPorts = 1>
ST_1 : Operation 102 [1/1] (0.00ns) (grouped into LUT with out node stride_cnt_5)   --->   "%stride_cnt_4 = select i1 %icmp_ln175, i32 0, i32 %add_ln175" [firmware/nnet_utils/nnet_first_conv_stream.h:175]   --->   Operation 102 'select' 'stride_cnt_4' <Predicate = (!icmp_ln120)> <Delay = 0.00> <CoreInst = "Sel">   --->   Core 73 'Sel' <Latency = 0> <II = 1> <Delay = 0.41> <FuncUnit> <Opcode : 'select'> <InPorts = 3> <OutPorts = 1>
ST_1 : Operation 103 [1/1] (0.41ns) (out node of the LUT)   --->   "%stride_cnt_5 = select i1 %have_full_window, i32 %stride_cnt_4, i32 %stride_cnt_3" [firmware/nnet_utils/nnet_first_conv_stream.h:134]   --->   Operation 103 'select' 'stride_cnt_5' <Predicate = (!icmp_ln120)> <Delay = 0.41> <CoreInst = "Sel">   --->   Core 73 'Sel' <Latency = 0> <II = 1> <Delay = 0.41> <FuncUnit> <Opcode : 'select'> <InPorts = 3> <OutPorts = 1>
ST_1 : Operation 104 [1/1] (0.42ns)   --->   "%store_ln116 = store i32 %oldest, i32 %wptr" [firmware/nnet_utils/nnet_first_conv_stream.h:116]   --->   Operation 104 'store' 'store_ln116' <Predicate = (!icmp_ln120)> <Delay = 0.42>
ST_1 : Operation 105 [1/1] (0.42ns)   --->   "%store_ln117 = store i32 %stride_cnt_5, i32 %stride_cnt" [firmware/nnet_utils/nnet_first_conv_stream.h:117]   --->   Operation 105 'store' 'store_ln117' <Predicate = (!icmp_ln120)> <Delay = 0.42>
ST_1 : Operation 106 [1/1] (0.42ns)   --->   "%store_ln120 = store i9 %i_ih_4, i9 %i_ih" [firmware/nnet_utils/nnet_first_conv_stream.h:120]   --->   Operation 106 'store' 'store_ln120' <Predicate = (!icmp_ln120)> <Delay = 0.42>
ST_1 : Operation 107 [1/1] (0.00ns)   --->   "%br_ln120 = br void %InsertRowWide" [firmware/nnet_utils/nnet_first_conv_stream.h:120]   --->   Operation 107 'br' 'br_ln120' <Predicate = (!icmp_ln120)> <Delay = 0.00>

State 2 <SV = 1> <Delay = 3.30>
ST_2 : Operation 108 [1/1] (0.35ns)   --->   "%select_ln154 = select i1 %icmp_ln154, i3 %trunc_ln154, i3 %trunc_ln154_1" [firmware/nnet_utils/nnet_first_conv_stream.h:154]   --->   Operation 108 'select' 'select_ln154' <Predicate = (on_stride)> <Delay = 0.35> <CoreInst = "Sel">   --->   Core 73 'Sel' <Latency = 0> <II = 1> <Delay = 0.35> <FuncUnit> <Opcode : 'select'> <InPorts = 3> <OutPorts = 1>
ST_2 : Operation 109 [1/1] (0.00ns)   --->   "%row_buf_load = load i12 %row_buf" [firmware/nnet_utils/nnet_first_conv_stream.h:157]   --->   Operation 109 'load' 'row_buf_load' <Predicate = (on_stride)> <Delay = 0.00>
ST_2 : Operation 110 [1/1] (0.00ns)   --->   "%row_buf_4_load = load i12 %row_buf_4" [firmware/nnet_utils/nnet_first_conv_stream.h:157]   --->   Operation 110 'load' 'row_buf_4_load' <Predicate = (on_stride)> <Delay = 0.00>
ST_2 : Operation 111 [1/1] (0.00ns)   --->   "%row_buf_8_load = load i12 %row_buf_8" [firmware/nnet_utils/nnet_first_conv_stream.h:157]   --->   Operation 111 'load' 'row_buf_8_load' <Predicate = (on_stride)> <Delay = 0.00>
ST_2 : Operation 112 [1/1] (0.00ns)   --->   "%row_buf_12_load = load i12 %row_buf_12" [firmware/nnet_utils/nnet_first_conv_stream.h:157]   --->   Operation 112 'load' 'row_buf_12_load' <Predicate = (on_stride)> <Delay = 0.00>
ST_2 : Operation 113 [1/1] (0.00ns)   --->   "%row_buf_16_load = load i12 %row_buf_16" [firmware/nnet_utils/nnet_first_conv_stream.h:157]   --->   Operation 113 'load' 'row_buf_16_load' <Predicate = (on_stride)> <Delay = 0.00>
ST_2 : Operation 114 [1/1] (0.57ns)   --->   "%kernel_data = sparsemux i12 @_ssdm_op_SparseMux.ap_auto.5i12.i12.i3, i3 0, i12 %row_buf_load, i3 1, i12 %row_buf_4_load, i3 2, i12 %row_buf_8_load, i3 3, i12 %row_buf_12_load, i3 4, i12 %row_buf_16_load, i12 0, i3 %select_ln154" [firmware/nnet_utils/nnet_first_conv_stream.h:157]   --->   Operation 114 'sparsemux' 'kernel_data' <Predicate = (on_stride)> <Delay = 0.57> <CoreInst = "SparseMux">   --->   Core 147 'SparseMux' <Latency = 0> <II = 1> <Delay = 0.57> <FuncUnit> <Opcode : 'sparsemux'> <InPorts = 2> <OutPorts = 1>
ST_2 : Operation 115 [1/1] (0.35ns)   --->   "%select_ln154_1 = select i1 %icmp_ln154_1, i3 %trunc_ln154_2, i3 %trunc_ln154_3" [firmware/nnet_utils/nnet_first_conv_stream.h:154]   --->   Operation 115 'select' 'select_ln154_1' <Predicate = (on_stride)> <Delay = 0.35> <CoreInst = "Sel">   --->   Core 73 'Sel' <Latency = 0> <II = 1> <Delay = 0.35> <FuncUnit> <Opcode : 'select'> <InPorts = 3> <OutPorts = 1>
ST_2 : Operation 116 [1/1] (0.35ns)   --->   "%select_ln154_2 = select i1 %icmp_ln154_2, i3 %trunc_ln154_4, i3 %add_ln154_2" [firmware/nnet_utils/nnet_first_conv_stream.h:154]   --->   Operation 116 'select' 'select_ln154_2' <Predicate = (on_stride)> <Delay = 0.35> <CoreInst = "Sel">   --->   Core 73 'Sel' <Latency = 0> <II = 1> <Delay = 0.35> <FuncUnit> <Opcode : 'select'> <InPorts = 3> <OutPorts = 1>
ST_2 : Operation 117 [1/1] (0.67ns)   --->   "%add_ln154_3 = add i3 %trunc_ln154, i3 6" [firmware/nnet_utils/nnet_first_conv_stream.h:154]   --->   Operation 117 'add' 'add_ln154_3' <Predicate = (on_stride & !icmp_ln154_3)> <Delay = 0.67> <CoreInst = "Adder">   --->   Core 1 'Adder' <Latency = 0> <II = 1> <Delay = 0.67> <FuncUnit> <Opcode : 'add' 'sub'> <InPorts = 2> <OutPorts = 1>
ST_2 : Operation 118 [1/1] (0.35ns)   --->   "%select_ln154_3 = select i1 %icmp_ln154_3, i3 %trunc_ln154_1, i3 %add_ln154_3" [firmware/nnet_utils/nnet_first_conv_stream.h:154]   --->   Operation 118 'select' 'select_ln154_3' <Predicate = (on_stride)> <Delay = 0.35> <CoreInst = "Sel">   --->   Core 73 'Sel' <Latency = 0> <II = 1> <Delay = 0.35> <FuncUnit> <Opcode : 'select'> <InPorts = 3> <OutPorts = 1>
ST_2 : Operation 119 [1/1] (0.35ns)   --->   "%select_ln154_4 = select i1 %icmp_ln154_4, i3 %trunc_ln154_3, i3 %add_ln154_4" [firmware/nnet_utils/nnet_first_conv_stream.h:154]   --->   Operation 119 'select' 'select_ln154_4' <Predicate = (on_stride)> <Delay = 0.35> <CoreInst = "Sel">   --->   Core 73 'Sel' <Latency = 0> <II = 1> <Delay = 0.35> <FuncUnit> <Opcode : 'select'> <InPorts = 3> <OutPorts = 1>
ST_2 : Operation 120 [1/1] (0.57ns)   --->   "%kernel_data_20 = sparsemux i12 @_ssdm_op_SparseMux.ap_auto.5i12.i12.i3, i3 0, i12 %row_buf_load, i3 1, i12 %row_buf_4_load, i3 2, i12 %row_buf_8_load, i3 3, i12 %row_buf_12_load, i3 4, i12 %row_buf_16_load, i12 0, i3 %select_ln154_1" [firmware/nnet_utils/nnet_first_conv_stream.h:157]   --->   Operation 120 'sparsemux' 'kernel_data_20' <Predicate = (on_stride)> <Delay = 0.57> <CoreInst = "SparseMux">   --->   Core 147 'SparseMux' <Latency = 0> <II = 1> <Delay = 0.57> <FuncUnit> <Opcode : 'sparsemux'> <InPorts = 2> <OutPorts = 1>
ST_2 : Operation 121 [1/1] (0.57ns)   --->   "%kernel_data_21 = sparsemux i12 @_ssdm_op_SparseMux.ap_auto.5i12.i12.i3, i3 0, i12 %row_buf_load, i3 1, i12 %row_buf_4_load, i3 2, i12 %row_buf_8_load, i3 3, i12 %row_buf_12_load, i3 4, i12 %row_buf_16_load, i12 0, i3 %select_ln154_2" [firmware/nnet_utils/nnet_first_conv_stream.h:157]   --->   Operation 121 'sparsemux' 'kernel_data_21' <Predicate = (on_stride)> <Delay = 0.57> <CoreInst = "SparseMux">   --->   Core 147 'SparseMux' <Latency = 0> <II = 1> <Delay = 0.57> <FuncUnit> <Opcode : 'sparsemux'> <InPorts = 2> <OutPorts = 1>
ST_2 : Operation 122 [1/1] (0.57ns)   --->   "%kernel_data_22 = sparsemux i12 @_ssdm_op_SparseMux.ap_auto.5i12.i12.i3, i3 0, i12 %row_buf_load, i3 1, i12 %row_buf_4_load, i3 2, i12 %row_buf_8_load, i3 3, i12 %row_buf_12_load, i3 4, i12 %row_buf_16_load, i12 0, i3 %select_ln154_3" [firmware/nnet_utils/nnet_first_conv_stream.h:157]   --->   Operation 122 'sparsemux' 'kernel_data_22' <Predicate = (on_stride)> <Delay = 0.57> <CoreInst = "SparseMux">   --->   Core 147 'SparseMux' <Latency = 0> <II = 1> <Delay = 0.57> <FuncUnit> <Opcode : 'sparsemux'> <InPorts = 2> <OutPorts = 1>
ST_2 : Operation 123 [1/1] (0.57ns)   --->   "%kernel_data_23 = sparsemux i12 @_ssdm_op_SparseMux.ap_auto.5i12.i12.i3, i3 0, i12 %row_buf_load, i3 1, i12 %row_buf_4_load, i3 2, i12 %row_buf_8_load, i3 3, i12 %row_buf_12_load, i3 4, i12 %row_buf_16_load, i12 0, i3 %select_ln154_4" [firmware/nnet_utils/nnet_first_conv_stream.h:157]   --->   Operation 123 'sparsemux' 'kernel_data_23' <Predicate = (on_stride)> <Delay = 0.57> <CoreInst = "SparseMux">   --->   Core 147 'SparseMux' <Latency = 0> <II = 1> <Delay = 0.57> <FuncUnit> <Opcode : 'sparsemux'> <InPorts = 2> <OutPorts = 1>
ST_2 : Operation 124 [1/1] (0.00ns)   --->   "%row_buf_1_load = load i12 %row_buf_1" [firmware/nnet_utils/nnet_first_conv_stream.h:157]   --->   Operation 124 'load' 'row_buf_1_load' <Predicate = (on_stride)> <Delay = 0.00>
ST_2 : Operation 125 [1/1] (0.00ns)   --->   "%row_buf_5_load = load i12 %row_buf_5" [firmware/nnet_utils/nnet_first_conv_stream.h:157]   --->   Operation 125 'load' 'row_buf_5_load' <Predicate = (on_stride)> <Delay = 0.00>
ST_2 : Operation 126 [1/1] (0.00ns)   --->   "%row_buf_9_load = load i12 %row_buf_9" [firmware/nnet_utils/nnet_first_conv_stream.h:157]   --->   Operation 126 'load' 'row_buf_9_load' <Predicate = (on_stride)> <Delay = 0.00>
ST_2 : Operation 127 [1/1] (0.00ns)   --->   "%row_buf_13_load = load i12 %row_buf_13" [firmware/nnet_utils/nnet_first_conv_stream.h:157]   --->   Operation 127 'load' 'row_buf_13_load' <Predicate = (on_stride)> <Delay = 0.00>
ST_2 : Operation 128 [1/1] (0.00ns)   --->   "%row_buf_17_load = load i12 %row_buf_17" [firmware/nnet_utils/nnet_first_conv_stream.h:157]   --->   Operation 128 'load' 'row_buf_17_load' <Predicate = (on_stride)> <Delay = 0.00>
ST_2 : Operation 129 [1/1] (0.57ns)   --->   "%kernel_data_24 = sparsemux i12 @_ssdm_op_SparseMux.ap_auto.5i12.i12.i3, i3 0, i12 %row_buf_1_load, i3 1, i12 %row_buf_5_load, i3 2, i12 %row_buf_9_load, i3 3, i12 %row_buf_13_load, i3 4, i12 %row_buf_17_load, i12 0, i3 %select_ln154" [firmware/nnet_utils/nnet_first_conv_stream.h:157]   --->   Operation 129 'sparsemux' 'kernel_data_24' <Predicate = (on_stride)> <Delay = 0.57> <CoreInst = "SparseMux">   --->   Core 147 'SparseMux' <Latency = 0> <II = 1> <Delay = 0.57> <FuncUnit> <Opcode : 'sparsemux'> <InPorts = 2> <OutPorts = 1>
ST_2 : Operation 130 [1/1] (0.57ns)   --->   "%kernel_data_25 = sparsemux i12 @_ssdm_op_SparseMux.ap_auto.5i12.i12.i3, i3 0, i12 %row_buf_1_load, i3 1, i12 %row_buf_5_load, i3 2, i12 %row_buf_9_load, i3 3, i12 %row_buf_13_load, i3 4, i12 %row_buf_17_load, i12 0, i3 %select_ln154_1" [firmware/nnet_utils/nnet_first_conv_stream.h:157]   --->   Operation 130 'sparsemux' 'kernel_data_25' <Predicate = (on_stride)> <Delay = 0.57> <CoreInst = "SparseMux">   --->   Core 147 'SparseMux' <Latency = 0> <II = 1> <Delay = 0.57> <FuncUnit> <Opcode : 'sparsemux'> <InPorts = 2> <OutPorts = 1>
ST_2 : Operation 131 [1/1] (0.57ns)   --->   "%kernel_data_26 = sparsemux i12 @_ssdm_op_SparseMux.ap_auto.5i12.i12.i3, i3 0, i12 %row_buf_1_load, i3 1, i12 %row_buf_5_load, i3 2, i12 %row_buf_9_load, i3 3, i12 %row_buf_13_load, i3 4, i12 %row_buf_17_load, i12 0, i3 %select_ln154_2" [firmware/nnet_utils/nnet_first_conv_stream.h:157]   --->   Operation 131 'sparsemux' 'kernel_data_26' <Predicate = (on_stride)> <Delay = 0.57> <CoreInst = "SparseMux">   --->   Core 147 'SparseMux' <Latency = 0> <II = 1> <Delay = 0.57> <FuncUnit> <Opcode : 'sparsemux'> <InPorts = 2> <OutPorts = 1>
ST_2 : Operation 132 [1/1] (0.57ns)   --->   "%kernel_data_27 = sparsemux i12 @_ssdm_op_SparseMux.ap_auto.5i12.i12.i3, i3 0, i12 %row_buf_1_load, i3 1, i12 %row_buf_5_load, i3 2, i12 %row_buf_9_load, i3 3, i12 %row_buf_13_load, i3 4, i12 %row_buf_17_load, i12 0, i3 %select_ln154_3" [firmware/nnet_utils/nnet_first_conv_stream.h:157]   --->   Operation 132 'sparsemux' 'kernel_data_27' <Predicate = (on_stride)> <Delay = 0.57> <CoreInst = "SparseMux">   --->   Core 147 'SparseMux' <Latency = 0> <II = 1> <Delay = 0.57> <FuncUnit> <Opcode : 'sparsemux'> <InPorts = 2> <OutPorts = 1>
ST_2 : Operation 133 [1/1] (0.57ns)   --->   "%kernel_data_28 = sparsemux i12 @_ssdm_op_SparseMux.ap_auto.5i12.i12.i3, i3 0, i12 %row_buf_1_load, i3 1, i12 %row_buf_5_load, i3 2, i12 %row_buf_9_load, i3 3, i12 %row_buf_13_load, i3 4, i12 %row_buf_17_load, i12 0, i3 %select_ln154_4" [firmware/nnet_utils/nnet_first_conv_stream.h:157]   --->   Operation 133 'sparsemux' 'kernel_data_28' <Predicate = (on_stride)> <Delay = 0.57> <CoreInst = "SparseMux">   --->   Core 147 'SparseMux' <Latency = 0> <II = 1> <Delay = 0.57> <FuncUnit> <Opcode : 'sparsemux'> <InPorts = 2> <OutPorts = 1>
ST_2 : Operation 134 [1/1] (0.00ns)   --->   "%row_buf_2_load = load i12 %row_buf_2" [firmware/nnet_utils/nnet_first_conv_stream.h:157]   --->   Operation 134 'load' 'row_buf_2_load' <Predicate = (on_stride)> <Delay = 0.00>
ST_2 : Operation 135 [1/1] (0.00ns)   --->   "%row_buf_6_load = load i12 %row_buf_6" [firmware/nnet_utils/nnet_first_conv_stream.h:157]   --->   Operation 135 'load' 'row_buf_6_load' <Predicate = (on_stride)> <Delay = 0.00>
ST_2 : Operation 136 [1/1] (0.00ns)   --->   "%row_buf_10_load = load i12 %row_buf_10" [firmware/nnet_utils/nnet_first_conv_stream.h:157]   --->   Operation 136 'load' 'row_buf_10_load' <Predicate = (on_stride)> <Delay = 0.00>
ST_2 : Operation 137 [1/1] (0.00ns)   --->   "%row_buf_14_load = load i12 %row_buf_14" [firmware/nnet_utils/nnet_first_conv_stream.h:157]   --->   Operation 137 'load' 'row_buf_14_load' <Predicate = (on_stride)> <Delay = 0.00>
ST_2 : Operation 138 [1/1] (0.00ns)   --->   "%row_buf_18_load = load i12 %row_buf_18" [firmware/nnet_utils/nnet_first_conv_stream.h:157]   --->   Operation 138 'load' 'row_buf_18_load' <Predicate = (on_stride)> <Delay = 0.00>
ST_2 : Operation 139 [1/1] (0.57ns)   --->   "%kernel_data_29 = sparsemux i12 @_ssdm_op_SparseMux.ap_auto.5i12.i12.i3, i3 0, i12 %row_buf_2_load, i3 1, i12 %row_buf_6_load, i3 2, i12 %row_buf_10_load, i3 3, i12 %row_buf_14_load, i3 4, i12 %row_buf_18_load, i12 0, i3 %select_ln154" [firmware/nnet_utils/nnet_first_conv_stream.h:157]   --->   Operation 139 'sparsemux' 'kernel_data_29' <Predicate = (on_stride)> <Delay = 0.57> <CoreInst = "SparseMux">   --->   Core 147 'SparseMux' <Latency = 0> <II = 1> <Delay = 0.57> <FuncUnit> <Opcode : 'sparsemux'> <InPorts = 2> <OutPorts = 1>
ST_2 : Operation 140 [1/1] (0.57ns)   --->   "%kernel_data_30 = sparsemux i12 @_ssdm_op_SparseMux.ap_auto.5i12.i12.i3, i3 0, i12 %row_buf_2_load, i3 1, i12 %row_buf_6_load, i3 2, i12 %row_buf_10_load, i3 3, i12 %row_buf_14_load, i3 4, i12 %row_buf_18_load, i12 0, i3 %select_ln154_1" [firmware/nnet_utils/nnet_first_conv_stream.h:157]   --->   Operation 140 'sparsemux' 'kernel_data_30' <Predicate = (on_stride)> <Delay = 0.57> <CoreInst = "SparseMux">   --->   Core 147 'SparseMux' <Latency = 0> <II = 1> <Delay = 0.57> <FuncUnit> <Opcode : 'sparsemux'> <InPorts = 2> <OutPorts = 1>
ST_2 : Operation 141 [1/1] (0.57ns)   --->   "%kernel_data_31 = sparsemux i12 @_ssdm_op_SparseMux.ap_auto.5i12.i12.i3, i3 0, i12 %row_buf_2_load, i3 1, i12 %row_buf_6_load, i3 2, i12 %row_buf_10_load, i3 3, i12 %row_buf_14_load, i3 4, i12 %row_buf_18_load, i12 0, i3 %select_ln154_2" [firmware/nnet_utils/nnet_first_conv_stream.h:157]   --->   Operation 141 'sparsemux' 'kernel_data_31' <Predicate = (on_stride)> <Delay = 0.57> <CoreInst = "SparseMux">   --->   Core 147 'SparseMux' <Latency = 0> <II = 1> <Delay = 0.57> <FuncUnit> <Opcode : 'sparsemux'> <InPorts = 2> <OutPorts = 1>
ST_2 : Operation 142 [1/1] (0.57ns)   --->   "%kernel_data_32 = sparsemux i12 @_ssdm_op_SparseMux.ap_auto.5i12.i12.i3, i3 0, i12 %row_buf_2_load, i3 1, i12 %row_buf_6_load, i3 2, i12 %row_buf_10_load, i3 3, i12 %row_buf_14_load, i3 4, i12 %row_buf_18_load, i12 0, i3 %select_ln154_3" [firmware/nnet_utils/nnet_first_conv_stream.h:157]   --->   Operation 142 'sparsemux' 'kernel_data_32' <Predicate = (on_stride)> <Delay = 0.57> <CoreInst = "SparseMux">   --->   Core 147 'SparseMux' <Latency = 0> <II = 1> <Delay = 0.57> <FuncUnit> <Opcode : 'sparsemux'> <InPorts = 2> <OutPorts = 1>
ST_2 : Operation 143 [1/1] (0.57ns)   --->   "%kernel_data_33 = sparsemux i12 @_ssdm_op_SparseMux.ap_auto.5i12.i12.i3, i3 0, i12 %row_buf_2_load, i3 1, i12 %row_buf_6_load, i3 2, i12 %row_buf_10_load, i3 3, i12 %row_buf_14_load, i3 4, i12 %row_buf_18_load, i12 0, i3 %select_ln154_4" [firmware/nnet_utils/nnet_first_conv_stream.h:157]   --->   Operation 143 'sparsemux' 'kernel_data_33' <Predicate = (on_stride)> <Delay = 0.57> <CoreInst = "SparseMux">   --->   Core 147 'SparseMux' <Latency = 0> <II = 1> <Delay = 0.57> <FuncUnit> <Opcode : 'sparsemux'> <InPorts = 2> <OutPorts = 1>
ST_2 : Operation 144 [1/1] (0.00ns)   --->   "%row_buf_3_load = load i12 %row_buf_3" [firmware/nnet_utils/nnet_first_conv_stream.h:157]   --->   Operation 144 'load' 'row_buf_3_load' <Predicate = (on_stride)> <Delay = 0.00>
ST_2 : Operation 145 [1/1] (0.00ns)   --->   "%row_buf_7_load = load i12 %row_buf_7" [firmware/nnet_utils/nnet_first_conv_stream.h:157]   --->   Operation 145 'load' 'row_buf_7_load' <Predicate = (on_stride)> <Delay = 0.00>
ST_2 : Operation 146 [1/1] (0.00ns)   --->   "%row_buf_11_load = load i12 %row_buf_11" [firmware/nnet_utils/nnet_first_conv_stream.h:157]   --->   Operation 146 'load' 'row_buf_11_load' <Predicate = (on_stride)> <Delay = 0.00>
ST_2 : Operation 147 [1/1] (0.00ns)   --->   "%row_buf_15_load = load i12 %row_buf_15" [firmware/nnet_utils/nnet_first_conv_stream.h:157]   --->   Operation 147 'load' 'row_buf_15_load' <Predicate = (on_stride)> <Delay = 0.00>
ST_2 : Operation 148 [1/1] (0.00ns)   --->   "%row_buf_19_load = load i12 %row_buf_19" [firmware/nnet_utils/nnet_first_conv_stream.h:157]   --->   Operation 148 'load' 'row_buf_19_load' <Predicate = (on_stride)> <Delay = 0.00>
ST_2 : Operation 149 [1/1] (0.57ns)   --->   "%kernel_data_34 = sparsemux i12 @_ssdm_op_SparseMux.ap_auto.5i12.i12.i3, i3 0, i12 %row_buf_3_load, i3 1, i12 %row_buf_7_load, i3 2, i12 %row_buf_11_load, i3 3, i12 %row_buf_15_load, i3 4, i12 %row_buf_19_load, i12 0, i3 %select_ln154" [firmware/nnet_utils/nnet_first_conv_stream.h:157]   --->   Operation 149 'sparsemux' 'kernel_data_34' <Predicate = (on_stride)> <Delay = 0.57> <CoreInst = "SparseMux">   --->   Core 147 'SparseMux' <Latency = 0> <II = 1> <Delay = 0.57> <FuncUnit> <Opcode : 'sparsemux'> <InPorts = 2> <OutPorts = 1>
ST_2 : Operation 150 [1/1] (0.57ns)   --->   "%kernel_data_35 = sparsemux i12 @_ssdm_op_SparseMux.ap_auto.5i12.i12.i3, i3 0, i12 %row_buf_3_load, i3 1, i12 %row_buf_7_load, i3 2, i12 %row_buf_11_load, i3 3, i12 %row_buf_15_load, i3 4, i12 %row_buf_19_load, i12 0, i3 %select_ln154_1" [firmware/nnet_utils/nnet_first_conv_stream.h:157]   --->   Operation 150 'sparsemux' 'kernel_data_35' <Predicate = (on_stride)> <Delay = 0.57> <CoreInst = "SparseMux">   --->   Core 147 'SparseMux' <Latency = 0> <II = 1> <Delay = 0.57> <FuncUnit> <Opcode : 'sparsemux'> <InPorts = 2> <OutPorts = 1>
ST_2 : Operation 151 [1/1] (0.57ns)   --->   "%kernel_data_36 = sparsemux i12 @_ssdm_op_SparseMux.ap_auto.5i12.i12.i3, i3 0, i12 %row_buf_3_load, i3 1, i12 %row_buf_7_load, i3 2, i12 %row_buf_11_load, i3 3, i12 %row_buf_15_load, i3 4, i12 %row_buf_19_load, i12 0, i3 %select_ln154_2" [firmware/nnet_utils/nnet_first_conv_stream.h:157]   --->   Operation 151 'sparsemux' 'kernel_data_36' <Predicate = (on_stride)> <Delay = 0.57> <CoreInst = "SparseMux">   --->   Core 147 'SparseMux' <Latency = 0> <II = 1> <Delay = 0.57> <FuncUnit> <Opcode : 'sparsemux'> <InPorts = 2> <OutPorts = 1>
ST_2 : Operation 152 [1/1] (0.57ns)   --->   "%kernel_data_37 = sparsemux i12 @_ssdm_op_SparseMux.ap_auto.5i12.i12.i3, i3 0, i12 %row_buf_3_load, i3 1, i12 %row_buf_7_load, i3 2, i12 %row_buf_11_load, i3 3, i12 %row_buf_15_load, i3 4, i12 %row_buf_19_load, i12 0, i3 %select_ln154_3" [firmware/nnet_utils/nnet_first_conv_stream.h:157]   --->   Operation 152 'sparsemux' 'kernel_data_37' <Predicate = (on_stride)> <Delay = 0.57> <CoreInst = "SparseMux">   --->   Core 147 'SparseMux' <Latency = 0> <II = 1> <Delay = 0.57> <FuncUnit> <Opcode : 'sparsemux'> <InPorts = 2> <OutPorts = 1>
ST_2 : Operation 153 [1/1] (0.57ns)   --->   "%kernel_data_38 = sparsemux i12 @_ssdm_op_SparseMux.ap_auto.5i12.i12.i3, i3 0, i12 %row_buf_3_load, i3 1, i12 %row_buf_7_load, i3 2, i12 %row_buf_11_load, i3 3, i12 %row_buf_15_load, i3 4, i12 %row_buf_19_load, i12 0, i3 %select_ln154_4" [firmware/nnet_utils/nnet_first_conv_stream.h:157]   --->   Operation 153 'sparsemux' 'kernel_data_38' <Predicate = (on_stride)> <Delay = 0.57> <CoreInst = "SparseMux">   --->   Core 147 'SparseMux' <Latency = 0> <II = 1> <Delay = 0.57> <FuncUnit> <Opcode : 'sparsemux'> <InPorts = 2> <OutPorts = 1>
ST_2 : Operation 154 [1/1] (0.00ns)   --->   "%sext_ln42 = sext i12 %kernel_data" [firmware/nnet_utils/nnet_dense_latency.h:42->firmware/nnet_utils/nnet_dense.h:54->firmware/nnet_utils/nnet_first_conv_stream.h:160]   --->   Operation 154 'sext' 'sext_ln42' <Predicate = (on_stride)> <Delay = 0.00>
ST_2 : Operation 155 [1/1] (0.00ns)   --->   "%shl_ln = bitconcatenate i13 @_ssdm_op_BitConcatenate.i13.i12.i1, i12 %kernel_data, i1 0" [firmware/nnet_utils/nnet_dense_latency.h:42->firmware/nnet_utils/nnet_dense.h:54->firmware/nnet_utils/nnet_first_conv_stream.h:160]   --->   Operation 155 'bitconcatenate' 'shl_ln' <Predicate = (on_stride)> <Delay = 0.00>
ST_2 : Operation 156 [1/1] (0.00ns)   --->   "%sext_ln70 = sext i13 %shl_ln" [firmware/nnet_utils/nnet_mult.h:70->firmware/nnet_utils/nnet_dense_latency.h:42->firmware/nnet_utils/nnet_dense.h:54->firmware/nnet_utils/nnet_first_conv_stream.h:160]   --->   Operation 156 'sext' 'sext_ln70' <Predicate = (on_stride)> <Delay = 0.00>
ST_2 : Operation 157 [1/1] (0.00ns)   --->   "%sext_ln42_1 = sext i12 %kernel_data_20" [firmware/nnet_utils/nnet_dense_latency.h:42->firmware/nnet_utils/nnet_dense.h:54->firmware/nnet_utils/nnet_first_conv_stream.h:160]   --->   Operation 157 'sext' 'sext_ln42_1' <Predicate = (on_stride)> <Delay = 0.00>
ST_2 : Operation 158 [1/1] (0.00ns)   --->   "%shl_ln42_8 = bitconcatenate i15 @_ssdm_op_BitConcatenate.i15.i12.i3, i12 %kernel_data_20, i3 0" [firmware/nnet_utils/nnet_dense_latency.h:42->firmware/nnet_utils/nnet_dense.h:54->firmware/nnet_utils/nnet_first_conv_stream.h:160]   --->   Operation 158 'bitconcatenate' 'shl_ln42_8' <Predicate = (on_stride)> <Delay = 0.00>
ST_2 : Operation 159 [1/1] (0.00ns)   --->   "%shl_ln42_9 = bitconcatenate i13 @_ssdm_op_BitConcatenate.i13.i12.i1, i12 %kernel_data_20, i1 0" [firmware/nnet_utils/nnet_dense_latency.h:42->firmware/nnet_utils/nnet_dense.h:54->firmware/nnet_utils/nnet_first_conv_stream.h:160]   --->   Operation 159 'bitconcatenate' 'shl_ln42_9' <Predicate = (on_stride)> <Delay = 0.00>
ST_2 : Operation 160 [1/1] (0.00ns)   --->   "%sext_ln42_3 = sext i13 %shl_ln42_9" [firmware/nnet_utils/nnet_dense_latency.h:42->firmware/nnet_utils/nnet_dense.h:54->firmware/nnet_utils/nnet_first_conv_stream.h:160]   --->   Operation 160 'sext' 'sext_ln42_3' <Predicate = (on_stride)> <Delay = 0.00>
ST_2 : Operation 161 [1/1] (0.00ns)   --->   "%sext_ln42_4 = sext i13 %shl_ln42_9" [firmware/nnet_utils/nnet_dense_latency.h:42->firmware/nnet_utils/nnet_dense.h:54->firmware/nnet_utils/nnet_first_conv_stream.h:160]   --->   Operation 161 'sext' 'sext_ln42_4' <Predicate = (on_stride)> <Delay = 0.00>
ST_2 : Operation 162 [1/1] (0.84ns)   --->   "%sub_ln42 = sub i15 %shl_ln42_8, i15 %sext_ln42_3" [firmware/nnet_utils/nnet_dense_latency.h:42->firmware/nnet_utils/nnet_dense.h:54->firmware/nnet_utils/nnet_first_conv_stream.h:160]   --->   Operation 162 'sub' 'sub_ln42' <Predicate = (on_stride)> <Delay = 0.84> <CoreInst = "Adder">   --->   Core 1 'Adder' <Latency = 0> <II = 1> <Delay = 0.84> <FuncUnit> <Opcode : 'add' 'sub'> <InPorts = 2> <OutPorts = 1>
ST_2 : Operation 163 [1/1] (0.84ns)   --->   "%sub_ln42_1 = sub i15 %sext_ln42_3, i15 %shl_ln42_8" [firmware/nnet_utils/nnet_dense_latency.h:42->firmware/nnet_utils/nnet_dense.h:54->firmware/nnet_utils/nnet_first_conv_stream.h:160]   --->   Operation 163 'sub' 'sub_ln42_1' <Predicate = (on_stride)> <Delay = 0.84> <CoreInst = "Adder">   --->   Core 1 'Adder' <Latency = 0> <II = 1> <Delay = 0.84> <FuncUnit> <Opcode : 'add' 'sub'> <InPorts = 2> <OutPorts = 1>
ST_2 : Operation 164 [1/1] (0.00ns)   --->   "%sext_ln42_2 = sext i12 %kernel_data_21" [firmware/nnet_utils/nnet_dense_latency.h:42->firmware/nnet_utils/nnet_dense.h:54->firmware/nnet_utils/nnet_first_conv_stream.h:160]   --->   Operation 164 'sext' 'sext_ln42_2' <Predicate = (on_stride)> <Delay = 0.00>
ST_2 : Operation 165 [1/1] (2.18ns)   --->   "%mul_ln42 = mul i15 %sext_ln42_2, i15 11" [firmware/nnet_utils/nnet_dense_latency.h:42->firmware/nnet_utils/nnet_dense.h:54->firmware/nnet_utils/nnet_first_conv_stream.h:160]   --->   Operation 165 'mul' 'mul_ln42' <Predicate = (on_stride)> <Delay = 2.18> <CoreInst = "Multiplier">   --->   Core 3 'Multiplier' <Latency = 0> <II = 1> <Delay = 2.18> <FuncUnit> <Opcode : 'mul'> <InPorts = 2> <OutPorts = 1>
ST_2 : Operation 166 [1/1] (0.00ns)   --->   "%shl_ln42_1 = bitconcatenate i13 @_ssdm_op_BitConcatenate.i13.i12.i1, i12 %kernel_data_21, i1 0" [firmware/nnet_utils/nnet_dense_latency.h:42->firmware/nnet_utils/nnet_dense.h:54->firmware/nnet_utils/nnet_first_conv_stream.h:160]   --->   Operation 166 'bitconcatenate' 'shl_ln42_1' <Predicate = (on_stride)> <Delay = 0.00>
ST_2 : Operation 167 [1/1] (0.00ns)   --->   "%sext_ln42_5 = sext i13 %shl_ln42_1" [firmware/nnet_utils/nnet_dense_latency.h:42->firmware/nnet_utils/nnet_dense.h:54->firmware/nnet_utils/nnet_first_conv_stream.h:160]   --->   Operation 167 'sext' 'sext_ln42_5' <Predicate = (on_stride)> <Delay = 0.00>
ST_2 : Operation 168 [1/1] (0.00ns)   --->   "%sext_ln42_48 = sext i13 %shl_ln42_1" [firmware/nnet_utils/nnet_dense_latency.h:42->firmware/nnet_utils/nnet_dense.h:54->firmware/nnet_utils/nnet_first_conv_stream.h:160]   --->   Operation 168 'sext' 'sext_ln42_48' <Predicate = (on_stride)> <Delay = 0.00>
ST_2 : Operation 169 [1/1] (0.00ns)   --->   "%shl_ln42_s = bitconcatenate i14 @_ssdm_op_BitConcatenate.i14.i12.i2, i12 %kernel_data_21, i2 0" [firmware/nnet_utils/nnet_dense_latency.h:42->firmware/nnet_utils/nnet_dense.h:54->firmware/nnet_utils/nnet_first_conv_stream.h:160]   --->   Operation 169 'bitconcatenate' 'shl_ln42_s' <Predicate = (on_stride)> <Delay = 0.00>
ST_2 : Operation 170 [1/1] (0.00ns)   --->   "%sext_ln42_6 = sext i14 %shl_ln42_s" [firmware/nnet_utils/nnet_dense_latency.h:42->firmware/nnet_utils/nnet_dense.h:54->firmware/nnet_utils/nnet_first_conv_stream.h:160]   --->   Operation 170 'sext' 'sext_ln42_6' <Predicate = (on_stride)> <Delay = 0.00>
ST_2 : Operation 171 [1/1] (0.83ns)   --->   "%sub_ln42_2 = sub i15 %sext_ln42_6, i15 %sext_ln42_2" [firmware/nnet_utils/nnet_dense_latency.h:42->firmware/nnet_utils/nnet_dense.h:54->firmware/nnet_utils/nnet_first_conv_stream.h:160]   --->   Operation 171 'sub' 'sub_ln42_2' <Predicate = (on_stride)> <Delay = 0.83> <CoreInst = "Adder">   --->   Core 1 'Adder' <Latency = 0> <II = 1> <Delay = 0.84> <FuncUnit> <Opcode : 'add' 'sub'> <InPorts = 2> <OutPorts = 1>
ST_2 : Operation 172 [1/1] (0.00ns)   --->   "%shl_ln42_10 = bitconcatenate i15 @_ssdm_op_BitConcatenate.i15.i12.i3, i12 %kernel_data_21, i3 0" [firmware/nnet_utils/nnet_dense_latency.h:42->firmware/nnet_utils/nnet_dense.h:54->firmware/nnet_utils/nnet_first_conv_stream.h:160]   --->   Operation 172 'bitconcatenate' 'shl_ln42_10' <Predicate = (on_stride)> <Delay = 0.00>
ST_2 : Operation 173 [1/1] (0.00ns)   --->   "%sext_ln70_1 = sext i12 %kernel_data_22" [firmware/nnet_utils/nnet_mult.h:70->firmware/nnet_utils/nnet_dense_latency.h:42->firmware/nnet_utils/nnet_dense.h:54->firmware/nnet_utils/nnet_first_conv_stream.h:160]   --->   Operation 173 'sext' 'sext_ln70_1' <Predicate = (on_stride)> <Delay = 0.00>
ST_2 : Operation 174 [1/1] (0.00ns)   --->   "%sext_ln70_8 = sext i12 %kernel_data_22" [firmware/nnet_utils/nnet_mult.h:70->firmware/nnet_utils/nnet_dense_latency.h:42->firmware/nnet_utils/nnet_dense.h:54->firmware/nnet_utils/nnet_first_conv_stream.h:160]   --->   Operation 174 'sext' 'sext_ln70_8' <Predicate = (on_stride)> <Delay = 0.00>
ST_2 : Operation 175 [1/1] (0.00ns)   --->   "%shl_ln42_11 = bitconcatenate i15 @_ssdm_op_BitConcatenate.i15.i12.i3, i12 %kernel_data_22, i3 0" [firmware/nnet_utils/nnet_dense_latency.h:42->firmware/nnet_utils/nnet_dense.h:54->firmware/nnet_utils/nnet_first_conv_stream.h:160]   --->   Operation 175 'bitconcatenate' 'shl_ln42_11' <Predicate = (on_stride)> <Delay = 0.00>
ST_2 : Operation 176 [1/1] (0.00ns)   --->   "%shl_ln42_12 = bitconcatenate i14 @_ssdm_op_BitConcatenate.i14.i12.i2, i12 %kernel_data_22, i2 0" [firmware/nnet_utils/nnet_dense_latency.h:42->firmware/nnet_utils/nnet_dense.h:54->firmware/nnet_utils/nnet_first_conv_stream.h:160]   --->   Operation 176 'bitconcatenate' 'shl_ln42_12' <Predicate = (on_stride)> <Delay = 0.00>
ST_2 : Operation 177 [1/1] (0.00ns)   --->   "%sext_ln42_8 = sext i14 %shl_ln42_12" [firmware/nnet_utils/nnet_dense_latency.h:42->firmware/nnet_utils/nnet_dense.h:54->firmware/nnet_utils/nnet_first_conv_stream.h:160]   --->   Operation 177 'sext' 'sext_ln42_8' <Predicate = (on_stride)> <Delay = 0.00>
ST_2 : Operation 178 [1/1] (0.00ns) (grouped into TernaryAdder)   --->   "%sub_ln42_3 = sub i15 0, i15 %sext_ln42_8" [firmware/nnet_utils/nnet_dense_latency.h:42->firmware/nnet_utils/nnet_dense.h:54->firmware/nnet_utils/nnet_first_conv_stream.h:160]   --->   Operation 178 'sub' 'sub_ln42_3' <Predicate = (on_stride)> <Delay = 0.00> <CoreInst = "TAddSub">   --->   Core 10 'TAddSub' <Latency = 0> <II = 1> <Delay = 0.36> <IPBlock> <Opcode : '' 'add' 'sub'> <InPorts = 3> <OutPorts = 1> <Sync> <CReg>
ST_2 : Operation 179 [1/1] (0.73ns) (root node of TernaryAdder)   --->   "%sub_ln42_4 = sub i15 %sub_ln42_3, i15 %sext_ln70_1" [firmware/nnet_utils/nnet_dense_latency.h:42->firmware/nnet_utils/nnet_dense.h:54->firmware/nnet_utils/nnet_first_conv_stream.h:160]   --->   Operation 179 'sub' 'sub_ln42_4' <Predicate = (on_stride)> <Delay = 0.73> <CoreInst = "TAddSub">   --->   Core 10 'TAddSub' <Latency = 0> <II = 1> <Delay = 0.36> <IPBlock> <Opcode : '' 'add' 'sub'> <InPorts = 3> <OutPorts = 1> <Sync> <CReg>
ST_2 : Operation 180 [1/1] (0.00ns) (grouped into TernaryAdder)   --->   "%sub_ln42_5 = sub i15 0, i15 %shl_ln42_11" [firmware/nnet_utils/nnet_dense_latency.h:42->firmware/nnet_utils/nnet_dense.h:54->firmware/nnet_utils/nnet_first_conv_stream.h:160]   --->   Operation 180 'sub' 'sub_ln42_5' <Predicate = (on_stride)> <Delay = 0.00> <CoreInst = "TAddSub">   --->   Core 10 'TAddSub' <Latency = 0> <II = 1> <Delay = 0.36> <IPBlock> <Opcode : '' 'add' 'sub'> <InPorts = 3> <OutPorts = 1> <Sync> <CReg>
ST_2 : Operation 181 [1/1] (0.73ns) (root node of TernaryAdder)   --->   "%sub_ln42_6 = sub i15 %sub_ln42_5, i15 %sext_ln70_1" [firmware/nnet_utils/nnet_dense_latency.h:42->firmware/nnet_utils/nnet_dense.h:54->firmware/nnet_utils/nnet_first_conv_stream.h:160]   --->   Operation 181 'sub' 'sub_ln42_6' <Predicate = (on_stride)> <Delay = 0.73> <CoreInst = "TAddSub">   --->   Core 10 'TAddSub' <Latency = 0> <II = 1> <Delay = 0.36> <IPBlock> <Opcode : '' 'add' 'sub'> <InPorts = 3> <OutPorts = 1> <Sync> <CReg>
ST_2 : Operation 182 [1/1] (0.00ns)   --->   "%shl_ln42_13 = bitconcatenate i13 @_ssdm_op_BitConcatenate.i13.i12.i1, i12 %kernel_data_22, i1 0" [firmware/nnet_utils/nnet_dense_latency.h:42->firmware/nnet_utils/nnet_dense.h:54->firmware/nnet_utils/nnet_first_conv_stream.h:160]   --->   Operation 182 'bitconcatenate' 'shl_ln42_13' <Predicate = (on_stride)> <Delay = 0.00>
ST_2 : Operation 183 [1/1] (0.00ns)   --->   "%sext_ln42_9 = sext i13 %shl_ln42_13" [firmware/nnet_utils/nnet_dense_latency.h:42->firmware/nnet_utils/nnet_dense.h:54->firmware/nnet_utils/nnet_first_conv_stream.h:160]   --->   Operation 183 'sext' 'sext_ln42_9' <Predicate = (on_stride)> <Delay = 0.00>
ST_2 : Operation 184 [1/1] (0.84ns)   --->   "%sub_ln42_7 = sub i15 %shl_ln42_11, i15 %sext_ln42_9" [firmware/nnet_utils/nnet_dense_latency.h:42->firmware/nnet_utils/nnet_dense.h:54->firmware/nnet_utils/nnet_first_conv_stream.h:160]   --->   Operation 184 'sub' 'sub_ln42_7' <Predicate = (on_stride)> <Delay = 0.84> <CoreInst = "Adder">   --->   Core 1 'Adder' <Latency = 0> <II = 1> <Delay = 0.84> <FuncUnit> <Opcode : 'add' 'sub'> <InPorts = 2> <OutPorts = 1>
ST_2 : Operation 185 [1/1] (0.00ns)   --->   "%sext_ln42_10 = sext i12 %kernel_data_23" [firmware/nnet_utils/nnet_dense_latency.h:42->firmware/nnet_utils/nnet_dense.h:54->firmware/nnet_utils/nnet_first_conv_stream.h:160]   --->   Operation 185 'sext' 'sext_ln42_10' <Predicate = (on_stride)> <Delay = 0.00>
ST_2 : Operation 186 [1/1] (0.00ns)   --->   "%sext_ln42_11 = sext i12 %kernel_data_23" [firmware/nnet_utils/nnet_dense_latency.h:42->firmware/nnet_utils/nnet_dense.h:54->firmware/nnet_utils/nnet_first_conv_stream.h:160]   --->   Operation 186 'sext' 'sext_ln42_11' <Predicate = (on_stride)> <Delay = 0.00>
ST_2 : Operation 187 [1/1] (0.00ns)   --->   "%shl_ln42_14 = bitconcatenate i14 @_ssdm_op_BitConcatenate.i14.i12.i2, i12 %kernel_data_23, i2 0" [firmware/nnet_utils/nnet_dense_latency.h:42->firmware/nnet_utils/nnet_dense.h:54->firmware/nnet_utils/nnet_first_conv_stream.h:160]   --->   Operation 187 'bitconcatenate' 'shl_ln42_14' <Predicate = (on_stride)> <Delay = 0.00>
ST_2 : Operation 188 [1/1] (0.00ns)   --->   "%sext_ln42_13 = sext i14 %shl_ln42_14" [firmware/nnet_utils/nnet_dense_latency.h:42->firmware/nnet_utils/nnet_dense.h:54->firmware/nnet_utils/nnet_first_conv_stream.h:160]   --->   Operation 188 'sext' 'sext_ln42_13' <Predicate = (on_stride)> <Delay = 0.00>
ST_2 : Operation 189 [1/1] (0.00ns)   --->   "%shl_ln42_15 = bitconcatenate i15 @_ssdm_op_BitConcatenate.i15.i12.i3, i12 %kernel_data_23, i3 0" [firmware/nnet_utils/nnet_dense_latency.h:42->firmware/nnet_utils/nnet_dense.h:54->firmware/nnet_utils/nnet_first_conv_stream.h:160]   --->   Operation 189 'bitconcatenate' 'shl_ln42_15' <Predicate = (on_stride)> <Delay = 0.00>
ST_2 : Operation 190 [1/1] (0.83ns)   --->   "%sub_ln42_8 = sub i15 %sext_ln42_13, i15 %sext_ln42_11" [firmware/nnet_utils/nnet_dense_latency.h:42->firmware/nnet_utils/nnet_dense.h:54->firmware/nnet_utils/nnet_first_conv_stream.h:160]   --->   Operation 190 'sub' 'sub_ln42_8' <Predicate = (on_stride)> <Delay = 0.83> <CoreInst = "Adder">   --->   Core 1 'Adder' <Latency = 0> <II = 1> <Delay = 0.84> <FuncUnit> <Opcode : 'add' 'sub'> <InPorts = 2> <OutPorts = 1>
ST_2 : Operation 191 [1/1] (0.82ns)   --->   "%add_ln58 = add i14 %sext_ln70, i14 15552" [firmware/nnet_utils/nnet_dense_latency.h:58->firmware/nnet_utils/nnet_dense.h:54->firmware/nnet_utils/nnet_first_conv_stream.h:160]   --->   Operation 191 'add' 'add_ln58' <Predicate = (on_stride)> <Delay = 0.82> <CoreInst = "Adder">   --->   Core 1 'Adder' <Latency = 0> <II = 1> <Delay = 0.83> <FuncUnit> <Opcode : 'add' 'sub'> <InPorts = 2> <OutPorts = 1>
ST_2 : Operation 192 [1/1] (0.00ns)   --->   "%sext_ln58 = sext i14 %add_ln58" [firmware/nnet_utils/nnet_dense_latency.h:58->firmware/nnet_utils/nnet_dense.h:54->firmware/nnet_utils/nnet_first_conv_stream.h:160]   --->   Operation 192 'sext' 'sext_ln58' <Predicate = (on_stride)> <Delay = 0.00>
ST_2 : Operation 193 [1/1] (0.82ns)   --->   "%add_ln58_1 = add i14 %sext_ln70, i14 16064" [firmware/nnet_utils/nnet_dense_latency.h:58->firmware/nnet_utils/nnet_dense.h:54->firmware/nnet_utils/nnet_first_conv_stream.h:160]   --->   Operation 193 'add' 'add_ln58_1' <Predicate = (on_stride)> <Delay = 0.82> <CoreInst = "Adder">   --->   Core 1 'Adder' <Latency = 0> <II = 1> <Delay = 0.83> <FuncUnit> <Opcode : 'add' 'sub'> <InPorts = 2> <OutPorts = 1>
ST_2 : Operation 194 [1/1] (0.00ns)   --->   "%sext_ln58_1 = sext i14 %add_ln58_1" [firmware/nnet_utils/nnet_dense_latency.h:58->firmware/nnet_utils/nnet_dense.h:54->firmware/nnet_utils/nnet_first_conv_stream.h:160]   --->   Operation 194 'sext' 'sext_ln58_1' <Predicate = (on_stride)> <Delay = 0.00>
ST_2 : Operation 195 [1/1] (0.82ns)   --->   "%add_ln58_2 = add i14 %sext_ln42_4, i14 15488" [firmware/nnet_utils/nnet_dense_latency.h:58->firmware/nnet_utils/nnet_dense.h:54->firmware/nnet_utils/nnet_first_conv_stream.h:160]   --->   Operation 195 'add' 'add_ln58_2' <Predicate = (on_stride)> <Delay = 0.82> <CoreInst = "Adder">   --->   Core 1 'Adder' <Latency = 0> <II = 1> <Delay = 0.83> <FuncUnit> <Opcode : 'add' 'sub'> <InPorts = 2> <OutPorts = 1>
ST_2 : Operation 196 [1/1] (0.00ns)   --->   "%sext_ln58_2 = sext i14 %add_ln58_2" [firmware/nnet_utils/nnet_dense_latency.h:58->firmware/nnet_utils/nnet_dense.h:54->firmware/nnet_utils/nnet_first_conv_stream.h:160]   --->   Operation 196 'sext' 'sext_ln58_2' <Predicate = (on_stride)> <Delay = 0.00>
ST_2 : Operation 197 [1/1] (0.83ns)   --->   "%sub_ln58 = sub i15 %sext_ln58_1, i15 %sext_ln42_3" [firmware/nnet_utils/nnet_dense_latency.h:58->firmware/nnet_utils/nnet_dense.h:54->firmware/nnet_utils/nnet_first_conv_stream.h:160]   --->   Operation 197 'sub' 'sub_ln58' <Predicate = (on_stride)> <Delay = 0.83> <CoreInst = "Adder">   --->   Core 1 'Adder' <Latency = 0> <II = 1> <Delay = 0.84> <FuncUnit> <Opcode : 'add' 'sub'> <InPorts = 2> <OutPorts = 1>
ST_2 : Operation 198 [1/1] (0.80ns)   --->   "%tmp118 = add i13 %sext_ln70_8, i13 %sext_ln42_1" [firmware/nnet_utils/nnet_mult.h:70->firmware/nnet_utils/nnet_dense_latency.h:42->firmware/nnet_utils/nnet_dense.h:54->firmware/nnet_utils/nnet_first_conv_stream.h:160]   --->   Operation 198 'add' 'tmp118' <Predicate = (on_stride)> <Delay = 0.80> <CoreInst = "Adder">   --->   Core 1 'Adder' <Latency = 0> <II = 1> <Delay = 0.82> <FuncUnit> <Opcode : 'add' 'sub'> <InPorts = 2> <OutPorts = 1>
ST_2 : Operation 199 [1/1] (0.00ns)   --->   "%p_shl3 = bitconcatenate i15 @_ssdm_op_BitConcatenate.i15.i13.i2, i13 %tmp118, i2 0" [firmware/nnet_utils/nnet_mult.h:70->firmware/nnet_utils/nnet_dense_latency.h:42->firmware/nnet_utils/nnet_dense.h:54->firmware/nnet_utils/nnet_first_conv_stream.h:160]   --->   Operation 199 'bitconcatenate' 'p_shl3' <Predicate = (on_stride)> <Delay = 0.00>
ST_2 : Operation 200 [1/1] (0.80ns)   --->   "%add_ln58_3 = add i13 %sext_ln42, i13 7808" [firmware/nnet_utils/nnet_dense_latency.h:58->firmware/nnet_utils/nnet_dense.h:54->firmware/nnet_utils/nnet_first_conv_stream.h:160]   --->   Operation 200 'add' 'add_ln58_3' <Predicate = (on_stride)> <Delay = 0.80> <CoreInst = "Adder">   --->   Core 1 'Adder' <Latency = 0> <II = 1> <Delay = 0.82> <FuncUnit> <Opcode : 'add' 'sub'> <InPorts = 2> <OutPorts = 1>
ST_2 : Operation 201 [1/1] (0.00ns)   --->   "%sext_ln58_3 = sext i13 %add_ln58_3" [firmware/nnet_utils/nnet_dense_latency.h:58->firmware/nnet_utils/nnet_dense.h:54->firmware/nnet_utils/nnet_first_conv_stream.h:160]   --->   Operation 201 'sext' 'sext_ln58_3' <Predicate = (on_stride)> <Delay = 0.00>
ST_2 : Operation 202 [1/1] (0.00ns) (grouped into TernaryAdder)   --->   "%add_ln58_4 = add i15 %sub_ln42_2, i15 %sext_ln58_3" [firmware/nnet_utils/nnet_dense_latency.h:58->firmware/nnet_utils/nnet_dense.h:54->firmware/nnet_utils/nnet_first_conv_stream.h:160]   --->   Operation 202 'add' 'add_ln58_4' <Predicate = (on_stride)> <Delay = 0.00> <CoreInst = "TAddSub">   --->   Core 10 'TAddSub' <Latency = 0> <II = 1> <Delay = 0.36> <IPBlock> <Opcode : '' 'add' 'sub'> <InPorts = 3> <OutPorts = 1> <Sync> <CReg>
ST_2 : Operation 203 [1/1] (0.73ns) (root node of TernaryAdder)   --->   "%x_2 = sub i15 %add_ln58_4, i15 %p_shl3" [firmware/nnet_utils/nnet_dense_latency.h:58->firmware/nnet_utils/nnet_dense.h:54->firmware/nnet_utils/nnet_first_conv_stream.h:160]   --->   Operation 203 'sub' 'x_2' <Predicate = (on_stride)> <Delay = 0.73> <CoreInst = "TAddSub">   --->   Core 10 'TAddSub' <Latency = 0> <II = 1> <Delay = 0.36> <IPBlock> <Opcode : '' 'add' 'sub'> <InPorts = 3> <OutPorts = 1> <Sync> <CReg>
ST_2 : Operation 204 [1/1] (0.83ns)   --->   "%add_ln58_5 = add i15 %sext_ln58_2, i15 %sext_ln42_5" [firmware/nnet_utils/nnet_dense_latency.h:58->firmware/nnet_utils/nnet_dense.h:54->firmware/nnet_utils/nnet_first_conv_stream.h:160]   --->   Operation 204 'add' 'add_ln58_5' <Predicate = (on_stride)> <Delay = 0.83> <CoreInst = "Adder">   --->   Core 1 'Adder' <Latency = 0> <II = 1> <Delay = 0.84> <FuncUnit> <Opcode : 'add' 'sub'> <InPorts = 2> <OutPorts = 1>
ST_2 : Operation 205 [1/1] (0.00ns) (grouped into TernaryAdder)   --->   "%add_ln58_6 = add i15 %add_ln58_5, i15 %sub_ln42_4" [firmware/nnet_utils/nnet_dense_latency.h:58->firmware/nnet_utils/nnet_dense.h:54->firmware/nnet_utils/nnet_first_conv_stream.h:160]   --->   Operation 205 'add' 'add_ln58_6' <Predicate = (on_stride)> <Delay = 0.00> <CoreInst = "TAddSub">   --->   Core 10 'TAddSub' <Latency = 0> <II = 1> <Delay = 0.36> <IPBlock> <Opcode : '' 'add' 'sub'> <InPorts = 3> <OutPorts = 1> <Sync> <CReg>
ST_2 : Operation 206 [1/1] (0.84ns)   --->   "%add_ln58_7 = add i15 %shl_ln42_11, i15 %shl_ln42_8" [firmware/nnet_utils/nnet_dense_latency.h:58->firmware/nnet_utils/nnet_dense.h:54->firmware/nnet_utils/nnet_first_conv_stream.h:160]   --->   Operation 206 'add' 'add_ln58_7' <Predicate = (on_stride)> <Delay = 0.84> <CoreInst = "Adder">   --->   Core 1 'Adder' <Latency = 0> <II = 1> <Delay = 0.84> <FuncUnit> <Opcode : 'add' 'sub'> <InPorts = 2> <OutPorts = 1>
ST_2 : Operation 207 [1/1] (0.00ns) (grouped into TernaryAdder)   --->   "%add_ln58_9 = add i15 %sext_ln58, i15 %sext_ln42_13" [firmware/nnet_utils/nnet_dense_latency.h:58->firmware/nnet_utils/nnet_dense.h:54->firmware/nnet_utils/nnet_first_conv_stream.h:160]   --->   Operation 207 'add' 'add_ln58_9' <Predicate = (on_stride)> <Delay = 0.00> <CoreInst = "TAddSub">   --->   Core 10 'TAddSub' <Latency = 0> <II = 1> <Delay = 0.36> <IPBlock> <Opcode : '' 'add' 'sub'> <InPorts = 3> <OutPorts = 1> <Sync> <CReg>
ST_2 : Operation 208 [1/1] (0.80ns)   --->   "%add_ln58_10 = add i13 %sext_ln70_8, i13 %sext_ln42_10" [firmware/nnet_utils/nnet_dense_latency.h:58->firmware/nnet_utils/nnet_dense.h:54->firmware/nnet_utils/nnet_first_conv_stream.h:160]   --->   Operation 208 'add' 'add_ln58_10' <Predicate = (on_stride)> <Delay = 0.80> <CoreInst = "Adder">   --->   Core 1 'Adder' <Latency = 0> <II = 1> <Delay = 0.82> <FuncUnit> <Opcode : 'add' 'sub'> <InPorts = 2> <OutPorts = 1>
ST_2 : Operation 209 [1/1] (0.00ns)   --->   "%sext_ln58_16 = sext i13 %add_ln58_10" [firmware/nnet_utils/nnet_dense_latency.h:58->firmware/nnet_utils/nnet_dense.h:54->firmware/nnet_utils/nnet_first_conv_stream.h:160]   --->   Operation 209 'sext' 'sext_ln58_16' <Predicate = (on_stride)> <Delay = 0.00>
ST_2 : Operation 210 [1/1] (0.73ns) (root node of TernaryAdder)   --->   "%add_ln58_11 = add i15 %sext_ln58_16, i15 %add_ln58_9" [firmware/nnet_utils/nnet_dense_latency.h:58->firmware/nnet_utils/nnet_dense.h:54->firmware/nnet_utils/nnet_first_conv_stream.h:160]   --->   Operation 210 'add' 'add_ln58_11' <Predicate = (on_stride)> <Delay = 0.73> <CoreInst = "TAddSub">   --->   Core 10 'TAddSub' <Latency = 0> <II = 1> <Delay = 0.36> <IPBlock> <Opcode : '' 'add' 'sub'> <InPorts = 3> <OutPorts = 1> <Sync> <CReg>
ST_2 : Operation 211 [1/1] (0.80ns)   --->   "%tmp20987 = sub i13 %sext_ln42_10, i13 %sext_ln42" [firmware/nnet_utils/nnet_dense_latency.h:42->firmware/nnet_utils/nnet_dense.h:54->firmware/nnet_utils/nnet_first_conv_stream.h:160]   --->   Operation 211 'sub' 'tmp20987' <Predicate = (on_stride)> <Delay = 0.80> <CoreInst = "Adder">   --->   Core 1 'Adder' <Latency = 0> <II = 1> <Delay = 0.82> <FuncUnit> <Opcode : 'add' 'sub'> <InPorts = 2> <OutPorts = 1>
ST_2 : Operation 212 [1/1] (0.00ns)   --->   "%tmp1 = bitconcatenate i15 @_ssdm_op_BitConcatenate.i15.i13.i2, i13 %tmp20987, i2 0" [firmware/nnet_utils/nnet_dense_latency.h:42->firmware/nnet_utils/nnet_dense.h:54->firmware/nnet_utils/nnet_first_conv_stream.h:160]   --->   Operation 212 'bitconcatenate' 'tmp1' <Predicate = (on_stride)> <Delay = 0.00>
ST_2 : Operation 213 [1/1] (0.00ns) (grouped into TernaryAdder)   --->   "%add_ln58_13 = add i15 %sub_ln42, i15 %tmp1" [firmware/nnet_utils/nnet_dense_latency.h:58->firmware/nnet_utils/nnet_dense.h:54->firmware/nnet_utils/nnet_first_conv_stream.h:160]   --->   Operation 213 'add' 'add_ln58_13' <Predicate = (on_stride)> <Delay = 0.00> <CoreInst = "TAddSub">   --->   Core 10 'TAddSub' <Latency = 0> <II = 1> <Delay = 0.36> <IPBlock> <Opcode : '' 'add' 'sub'> <InPorts = 3> <OutPorts = 1> <Sync> <CReg>
ST_2 : Operation 214 [1/1] (0.82ns)   --->   "%add_ln58_14 = add i14 %sext_ln42_48, i14 15680" [firmware/nnet_utils/nnet_dense_latency.h:58->firmware/nnet_utils/nnet_dense.h:54->firmware/nnet_utils/nnet_first_conv_stream.h:160]   --->   Operation 214 'add' 'add_ln58_14' <Predicate = (on_stride)> <Delay = 0.82> <CoreInst = "Adder">   --->   Core 1 'Adder' <Latency = 0> <II = 1> <Delay = 0.83> <FuncUnit> <Opcode : 'add' 'sub'> <InPorts = 2> <OutPorts = 1>
ST_2 : Operation 215 [1/1] (0.00ns)   --->   "%sext_ln58_17 = sext i14 %add_ln58_14" [firmware/nnet_utils/nnet_dense_latency.h:58->firmware/nnet_utils/nnet_dense.h:54->firmware/nnet_utils/nnet_first_conv_stream.h:160]   --->   Operation 215 'sext' 'sext_ln58_17' <Predicate = (on_stride)> <Delay = 0.00>
ST_2 : Operation 216 [1/1] (0.73ns) (root node of TernaryAdder)   --->   "%x_1 = add i15 %sext_ln58_17, i15 %add_ln58_13" [firmware/nnet_utils/nnet_dense_latency.h:58->firmware/nnet_utils/nnet_dense.h:54->firmware/nnet_utils/nnet_first_conv_stream.h:160]   --->   Operation 216 'add' 'x_1' <Predicate = (on_stride)> <Delay = 0.73> <CoreInst = "TAddSub">   --->   Core 10 'TAddSub' <Latency = 0> <II = 1> <Delay = 0.36> <IPBlock> <Opcode : '' 'add' 'sub'> <InPorts = 3> <OutPorts = 1> <Sync> <CReg>
ST_2 : Operation 217 [1/1] (0.80ns)   --->   "%tmp211 = add i13 %sext_ln42_1, i13 %sext_ln42" [firmware/nnet_utils/nnet_dense_latency.h:42->firmware/nnet_utils/nnet_dense.h:54->firmware/nnet_utils/nnet_first_conv_stream.h:160]   --->   Operation 217 'add' 'tmp211' <Predicate = (on_stride)> <Delay = 0.80> <CoreInst = "Adder">   --->   Core 1 'Adder' <Latency = 0> <II = 1> <Delay = 0.82> <FuncUnit> <Opcode : 'add' 'sub'> <InPorts = 2> <OutPorts = 1>
ST_2 : Operation 218 [1/1] (0.00ns)   --->   "%tmp211_cast = sext i13 %tmp211" [firmware/nnet_utils/nnet_dense_latency.h:42->firmware/nnet_utils/nnet_dense.h:54->firmware/nnet_utils/nnet_first_conv_stream.h:160]   --->   Operation 218 'sext' 'tmp211_cast' <Predicate = (on_stride)> <Delay = 0.00>
ST_2 : Operation 219 [1/1] (0.00ns)   --->   "%empty = trunc i13 %tmp211" [firmware/nnet_utils/nnet_dense_latency.h:42->firmware/nnet_utils/nnet_dense.h:54->firmware/nnet_utils/nnet_first_conv_stream.h:160]   --->   Operation 219 'trunc' 'empty' <Predicate = (on_stride)> <Delay = 0.00>
ST_2 : Operation 220 [1/1] (0.00ns)   --->   "%p_shl6 = bitconcatenate i15 @_ssdm_op_BitConcatenate.i15.i12.i3, i12 %empty, i3 0" [firmware/nnet_utils/nnet_dense_latency.h:42->firmware/nnet_utils/nnet_dense.h:54->firmware/nnet_utils/nnet_first_conv_stream.h:160]   --->   Operation 220 'bitconcatenate' 'p_shl6' <Predicate = (on_stride)> <Delay = 0.00>
ST_2 : Operation 221 [1/1] (0.00ns) (grouped into TernaryAdder)   --->   "%tmp212 = sub i15 %p_shl6, i15 %tmp211_cast" [firmware/nnet_utils/nnet_dense_latency.h:42->firmware/nnet_utils/nnet_dense.h:54->firmware/nnet_utils/nnet_first_conv_stream.h:160]   --->   Operation 221 'sub' 'tmp212' <Predicate = (on_stride)> <Delay = 0.00> <CoreInst = "TAddSub">   --->   Core 10 'TAddSub' <Latency = 0> <II = 1> <Delay = 0.36> <IPBlock> <Opcode : '' 'add' 'sub'> <InPorts = 3> <OutPorts = 1> <Sync> <CReg>
ST_2 : Operation 222 [1/1] (0.73ns) (root node of TernaryAdder)   --->   "%add_ln58_18 = add i15 %tmp212, i15 31872" [firmware/nnet_utils/nnet_dense_latency.h:58->firmware/nnet_utils/nnet_dense.h:54->firmware/nnet_utils/nnet_first_conv_stream.h:160]   --->   Operation 222 'add' 'add_ln58_18' <Predicate = (on_stride)> <Delay = 0.73> <CoreInst = "TAddSub">   --->   Core 10 'TAddSub' <Latency = 0> <II = 1> <Delay = 0.36> <IPBlock> <Opcode : '' 'add' 'sub'> <InPorts = 3> <OutPorts = 1> <Sync> <CReg>
ST_2 : Operation 223 [1/1] (0.00ns) (grouped into TernaryAdder)   --->   "%add_ln58_16 = add i15 %add_ln58_18, i15 %sub_ln42_2" [firmware/nnet_utils/nnet_dense_latency.h:58->firmware/nnet_utils/nnet_dense.h:54->firmware/nnet_utils/nnet_first_conv_stream.h:160]   --->   Operation 223 'add' 'add_ln58_16' <Predicate = (on_stride)> <Delay = 0.00> <CoreInst = "TAddSub">   --->   Core 10 'TAddSub' <Latency = 0> <II = 1> <Delay = 0.36> <IPBlock> <Opcode : '' 'add' 'sub'> <InPorts = 3> <OutPorts = 1> <Sync> <CReg>
ST_2 : Operation 224 [1/1] (0.73ns) (root node of TernaryAdder)   --->   "%x_3 = sub i15 %add_ln58_16, i15 %sext_ln42_11" [firmware/nnet_utils/nnet_dense_latency.h:58->firmware/nnet_utils/nnet_dense.h:54->firmware/nnet_utils/nnet_first_conv_stream.h:160]   --->   Operation 224 'sub' 'x_3' <Predicate = (on_stride)> <Delay = 0.73> <CoreInst = "TAddSub">   --->   Core 10 'TAddSub' <Latency = 0> <II = 1> <Delay = 0.36> <IPBlock> <Opcode : '' 'add' 'sub'> <InPorts = 3> <OutPorts = 1> <Sync> <CReg>
ST_2 : Operation 225 [1/1] (0.73ns) (root node of TernaryAdder)   --->   "%x_4 = sub i15 %add_ln58_6, i15 %shl_ln42_15" [firmware/nnet_utils/nnet_dense_latency.h:58->firmware/nnet_utils/nnet_dense.h:54->firmware/nnet_utils/nnet_first_conv_stream.h:160]   --->   Operation 225 'sub' 'x_4' <Predicate = (on_stride)> <Delay = 0.73> <CoreInst = "TAddSub">   --->   Core 10 'TAddSub' <Latency = 0> <II = 1> <Delay = 0.36> <IPBlock> <Opcode : '' 'add' 'sub'> <InPorts = 3> <OutPorts = 1> <Sync> <CReg>
ST_2 : Operation 226 [1/1] (0.80ns)   --->   "%tmp213 = add i13 %sext_ln42_10, i13 %sext_ln42" [firmware/nnet_utils/nnet_dense_latency.h:42->firmware/nnet_utils/nnet_dense.h:54->firmware/nnet_utils/nnet_first_conv_stream.h:160]   --->   Operation 226 'add' 'tmp213' <Predicate = (on_stride)> <Delay = 0.80> <CoreInst = "Adder">   --->   Core 1 'Adder' <Latency = 0> <II = 1> <Delay = 0.82> <FuncUnit> <Opcode : 'add' 'sub'> <InPorts = 2> <OutPorts = 1>
ST_2 : Operation 227 [1/1] (0.00ns)   --->   "%tmp213_cast = sext i13 %tmp213" [firmware/nnet_utils/nnet_dense_latency.h:42->firmware/nnet_utils/nnet_dense.h:54->firmware/nnet_utils/nnet_first_conv_stream.h:160]   --->   Operation 227 'sext' 'tmp213_cast' <Predicate = (on_stride)> <Delay = 0.00>
ST_2 : Operation 228 [1/1] (0.00ns)   --->   "%p_shl7 = bitconcatenate i15 @_ssdm_op_BitConcatenate.i15.i13.i2, i13 %tmp213, i2 0" [firmware/nnet_utils/nnet_dense_latency.h:42->firmware/nnet_utils/nnet_dense.h:54->firmware/nnet_utils/nnet_first_conv_stream.h:160]   --->   Operation 228 'bitconcatenate' 'p_shl7' <Predicate = (on_stride)> <Delay = 0.00>
ST_2 : Operation 229 [1/1] (0.84ns)   --->   "%tmp214 = sub i15 %tmp213_cast, i15 %p_shl7" [firmware/nnet_utils/nnet_dense_latency.h:42->firmware/nnet_utils/nnet_dense.h:54->firmware/nnet_utils/nnet_first_conv_stream.h:160]   --->   Operation 229 'sub' 'tmp214' <Predicate = (on_stride)> <Delay = 0.84> <CoreInst = "Adder">   --->   Core 1 'Adder' <Latency = 0> <II = 1> <Delay = 0.84> <FuncUnit> <Opcode : 'add' 'sub'> <InPorts = 2> <OutPorts = 1>
ST_2 : Operation 230 [1/1] (0.00ns) (grouped into TernaryAdder)   --->   "%add_ln58_17 = add i15 %sub_ln42_1, i15 384" [firmware/nnet_utils/nnet_dense_latency.h:58->firmware/nnet_utils/nnet_dense.h:54->firmware/nnet_utils/nnet_first_conv_stream.h:160]   --->   Operation 230 'add' 'add_ln58_17' <Predicate = (on_stride)> <Delay = 0.00> <CoreInst = "TAddSub">   --->   Core 10 'TAddSub' <Latency = 0> <II = 1> <Delay = 0.36> <IPBlock> <Opcode : '' 'add' 'sub'> <InPorts = 3> <OutPorts = 1> <Sync> <CReg>
ST_2 : Operation 231 [1/1] (0.73ns) (root node of TernaryAdder)   --->   "%sub_ln58_4 = sub i15 %add_ln58_17, i15 %shl_ln42_10" [firmware/nnet_utils/nnet_dense_latency.h:58->firmware/nnet_utils/nnet_dense.h:54->firmware/nnet_utils/nnet_first_conv_stream.h:160]   --->   Operation 231 'sub' 'sub_ln58_4' <Predicate = (on_stride)> <Delay = 0.73> <CoreInst = "TAddSub">   --->   Core 10 'TAddSub' <Latency = 0> <II = 1> <Delay = 0.36> <IPBlock> <Opcode : '' 'add' 'sub'> <InPorts = 3> <OutPorts = 1> <Sync> <CReg>
ST_2 : Operation 232 [1/1] (0.00ns) (grouped into TernaryAdder)   --->   "%add_ln58_19 = add i15 %sub_ln42_6, i15 %tmp214" [firmware/nnet_utils/nnet_dense_latency.h:58->firmware/nnet_utils/nnet_dense.h:54->firmware/nnet_utils/nnet_first_conv_stream.h:160]   --->   Operation 232 'add' 'add_ln58_19' <Predicate = (on_stride)> <Delay = 0.00> <CoreInst = "TAddSub">   --->   Core 10 'TAddSub' <Latency = 0> <II = 1> <Delay = 0.36> <IPBlock> <Opcode : '' 'add' 'sub'> <InPorts = 3> <OutPorts = 1> <Sync> <CReg>
ST_2 : Operation 233 [1/1] (0.73ns) (root node of TernaryAdder)   --->   "%x_5 = add i15 %add_ln58_19, i15 %sub_ln58_4" [firmware/nnet_utils/nnet_dense_latency.h:58->firmware/nnet_utils/nnet_dense.h:54->firmware/nnet_utils/nnet_first_conv_stream.h:160]   --->   Operation 233 'add' 'x_5' <Predicate = (on_stride)> <Delay = 0.73> <CoreInst = "TAddSub">   --->   Core 10 'TAddSub' <Latency = 0> <II = 1> <Delay = 0.36> <IPBlock> <Opcode : '' 'add' 'sub'> <InPorts = 3> <OutPorts = 1> <Sync> <CReg>
ST_2 : Operation 234 [1/1] (0.00ns) (grouped into TernaryAdder)   --->   "%add_ln58_23 = add i15 %sub_ln42_7, i15 %sub_ln42_8" [firmware/nnet_utils/nnet_dense_latency.h:58->firmware/nnet_utils/nnet_dense.h:54->firmware/nnet_utils/nnet_first_conv_stream.h:160]   --->   Operation 234 'add' 'add_ln58_23' <Predicate = (on_stride)> <Delay = 0.00> <CoreInst = "TAddSub">   --->   Core 10 'TAddSub' <Latency = 0> <II = 1> <Delay = 0.36> <IPBlock> <Opcode : '' 'add' 'sub'> <InPorts = 3> <OutPorts = 1> <Sync> <CReg>
ST_2 : Operation 235 [1/1] (0.73ns) (root node of TernaryAdder)   --->   "%x_6 = add i15 %add_ln58_23, i15 %sub_ln58" [firmware/nnet_utils/nnet_dense_latency.h:58->firmware/nnet_utils/nnet_dense.h:54->firmware/nnet_utils/nnet_first_conv_stream.h:160]   --->   Operation 235 'add' 'x_6' <Predicate = (on_stride)> <Delay = 0.73> <CoreInst = "TAddSub">   --->   Core 10 'TAddSub' <Latency = 0> <II = 1> <Delay = 0.36> <IPBlock> <Opcode : '' 'add' 'sub'> <InPorts = 3> <OutPorts = 1> <Sync> <CReg>
ST_2 : Operation 236 [1/1] (0.00ns)   --->   "%res_out_1 = partselect i9 @_ssdm_op_PartSelect.i9.i15.i32.i32, i15 %x_2, i32 6, i32 14" [firmware/nnet_utils/nnet_mult.h:111->firmware/nnet_utils/nnet_dense_latency.h:66->firmware/nnet_utils/nnet_dense.h:54->firmware/nnet_utils/nnet_first_conv_stream.h:160]   --->   Operation 236 'partselect' 'res_out_1' <Predicate = (on_stride)> <Delay = 0.00>
ST_2 : Operation 237 [1/1] (0.00ns)   --->   "%res_out_2 = partselect i9 @_ssdm_op_PartSelect.i9.i15.i32.i32, i15 %x_3, i32 6, i32 14" [firmware/nnet_utils/nnet_mult.h:111->firmware/nnet_utils/nnet_dense_latency.h:66->firmware/nnet_utils/nnet_dense.h:54->firmware/nnet_utils/nnet_first_conv_stream.h:160]   --->   Operation 237 'partselect' 'res_out_2' <Predicate = (on_stride)> <Delay = 0.00>
ST_2 : Operation 238 [1/1] (0.00ns)   --->   "%res_out_3 = partselect i9 @_ssdm_op_PartSelect.i9.i15.i32.i32, i15 %x_4, i32 6, i32 14" [firmware/nnet_utils/nnet_mult.h:111->firmware/nnet_utils/nnet_dense_latency.h:66->firmware/nnet_utils/nnet_dense.h:54->firmware/nnet_utils/nnet_first_conv_stream.h:160]   --->   Operation 238 'partselect' 'res_out_3' <Predicate = (on_stride)> <Delay = 0.00>
ST_2 : Operation 239 [1/1] (0.00ns)   --->   "%res_out_4 = partselect i9 @_ssdm_op_PartSelect.i9.i15.i32.i32, i15 %x_6, i32 6, i32 14" [firmware/nnet_utils/nnet_mult.h:111->firmware/nnet_utils/nnet_dense_latency.h:66->firmware/nnet_utils/nnet_dense.h:54->firmware/nnet_utils/nnet_first_conv_stream.h:160]   --->   Operation 239 'partselect' 'res_out_4' <Predicate = (on_stride)> <Delay = 0.00>
ST_2 : Operation 240 [1/1] (0.00ns)   --->   "%sext_ln42_14 = sext i12 %kernel_data_24" [firmware/nnet_utils/nnet_dense_latency.h:42->firmware/nnet_utils/nnet_dense.h:54->firmware/nnet_utils/nnet_first_conv_stream.h:160]   --->   Operation 240 'sext' 'sext_ln42_14' <Predicate = (on_stride)> <Delay = 0.00>
ST_2 : Operation 241 [1/1] (0.00ns)   --->   "%shl_ln42_2 = bitconcatenate i13 @_ssdm_op_BitConcatenate.i13.i12.i1, i12 %kernel_data_24, i1 0" [firmware/nnet_utils/nnet_dense_latency.h:42->firmware/nnet_utils/nnet_dense.h:54->firmware/nnet_utils/nnet_first_conv_stream.h:160]   --->   Operation 241 'bitconcatenate' 'shl_ln42_2' <Predicate = (on_stride)> <Delay = 0.00>
ST_2 : Operation 242 [1/1] (0.00ns)   --->   "%sext_ln70_2 = sext i13 %shl_ln42_2" [firmware/nnet_utils/nnet_mult.h:70->firmware/nnet_utils/nnet_dense_latency.h:42->firmware/nnet_utils/nnet_dense.h:54->firmware/nnet_utils/nnet_first_conv_stream.h:160]   --->   Operation 242 'sext' 'sext_ln70_2' <Predicate = (on_stride)> <Delay = 0.00>
ST_2 : Operation 243 [1/1] (0.00ns)   --->   "%sext_ln42_15 = sext i12 %kernel_data_25" [firmware/nnet_utils/nnet_dense_latency.h:42->firmware/nnet_utils/nnet_dense.h:54->firmware/nnet_utils/nnet_first_conv_stream.h:160]   --->   Operation 243 'sext' 'sext_ln42_15' <Predicate = (on_stride)> <Delay = 0.00>
ST_2 : Operation 244 [1/1] (0.00ns)   --->   "%shl_ln42_16 = bitconcatenate i15 @_ssdm_op_BitConcatenate.i15.i12.i3, i12 %kernel_data_25, i3 0" [firmware/nnet_utils/nnet_dense_latency.h:42->firmware/nnet_utils/nnet_dense.h:54->firmware/nnet_utils/nnet_first_conv_stream.h:160]   --->   Operation 244 'bitconcatenate' 'shl_ln42_16' <Predicate = (on_stride)> <Delay = 0.00>
ST_2 : Operation 245 [1/1] (0.00ns)   --->   "%shl_ln42_17 = bitconcatenate i13 @_ssdm_op_BitConcatenate.i13.i12.i1, i12 %kernel_data_25, i1 0" [firmware/nnet_utils/nnet_dense_latency.h:42->firmware/nnet_utils/nnet_dense.h:54->firmware/nnet_utils/nnet_first_conv_stream.h:160]   --->   Operation 245 'bitconcatenate' 'shl_ln42_17' <Predicate = (on_stride)> <Delay = 0.00>
ST_2 : Operation 246 [1/1] (0.00ns)   --->   "%sext_ln42_16 = sext i13 %shl_ln42_17" [firmware/nnet_utils/nnet_dense_latency.h:42->firmware/nnet_utils/nnet_dense.h:54->firmware/nnet_utils/nnet_first_conv_stream.h:160]   --->   Operation 246 'sext' 'sext_ln42_16' <Predicate = (on_stride)> <Delay = 0.00>
ST_2 : Operation 247 [1/1] (0.00ns)   --->   "%sext_ln42_18 = sext i13 %shl_ln42_17" [firmware/nnet_utils/nnet_dense_latency.h:42->firmware/nnet_utils/nnet_dense.h:54->firmware/nnet_utils/nnet_first_conv_stream.h:160]   --->   Operation 247 'sext' 'sext_ln42_18' <Predicate = (on_stride)> <Delay = 0.00>
ST_2 : Operation 248 [1/1] (0.84ns)   --->   "%sub_ln42_9 = sub i15 %shl_ln42_16, i15 %sext_ln42_16" [firmware/nnet_utils/nnet_dense_latency.h:42->firmware/nnet_utils/nnet_dense.h:54->firmware/nnet_utils/nnet_first_conv_stream.h:160]   --->   Operation 248 'sub' 'sub_ln42_9' <Predicate = (on_stride)> <Delay = 0.84> <CoreInst = "Adder">   --->   Core 1 'Adder' <Latency = 0> <II = 1> <Delay = 0.84> <FuncUnit> <Opcode : 'add' 'sub'> <InPorts = 2> <OutPorts = 1>
ST_2 : Operation 249 [1/1] (0.84ns)   --->   "%sub_ln42_10 = sub i15 %sext_ln42_16, i15 %shl_ln42_16" [firmware/nnet_utils/nnet_dense_latency.h:42->firmware/nnet_utils/nnet_dense.h:54->firmware/nnet_utils/nnet_first_conv_stream.h:160]   --->   Operation 249 'sub' 'sub_ln42_10' <Predicate = (on_stride)> <Delay = 0.84> <CoreInst = "Adder">   --->   Core 1 'Adder' <Latency = 0> <II = 1> <Delay = 0.84> <FuncUnit> <Opcode : 'add' 'sub'> <InPorts = 2> <OutPorts = 1>
ST_2 : Operation 250 [1/1] (0.00ns)   --->   "%sext_ln42_7 = sext i12 %kernel_data_26" [firmware/nnet_utils/nnet_dense_latency.h:42->firmware/nnet_utils/nnet_dense.h:54->firmware/nnet_utils/nnet_first_conv_stream.h:160]   --->   Operation 250 'sext' 'sext_ln42_7' <Predicate = (on_stride)> <Delay = 0.00>
ST_2 : Operation 251 [1/1] (2.18ns)   --->   "%mul_ln42_1 = mul i15 %sext_ln42_7, i15 11" [firmware/nnet_utils/nnet_dense_latency.h:42->firmware/nnet_utils/nnet_dense.h:54->firmware/nnet_utils/nnet_first_conv_stream.h:160]   --->   Operation 251 'mul' 'mul_ln42_1' <Predicate = (on_stride)> <Delay = 2.18> <CoreInst = "Multiplier">   --->   Core 3 'Multiplier' <Latency = 0> <II = 1> <Delay = 2.18> <FuncUnit> <Opcode : 'mul'> <InPorts = 2> <OutPorts = 1>
ST_2 : Operation 252 [1/1] (0.00ns)   --->   "%shl_ln42_3 = bitconcatenate i13 @_ssdm_op_BitConcatenate.i13.i12.i1, i12 %kernel_data_26, i1 0" [firmware/nnet_utils/nnet_dense_latency.h:42->firmware/nnet_utils/nnet_dense.h:54->firmware/nnet_utils/nnet_first_conv_stream.h:160]   --->   Operation 252 'bitconcatenate' 'shl_ln42_3' <Predicate = (on_stride)> <Delay = 0.00>
ST_2 : Operation 253 [1/1] (0.00ns)   --->   "%sext_ln42_19 = sext i13 %shl_ln42_3" [firmware/nnet_utils/nnet_dense_latency.h:42->firmware/nnet_utils/nnet_dense.h:54->firmware/nnet_utils/nnet_first_conv_stream.h:160]   --->   Operation 253 'sext' 'sext_ln42_19' <Predicate = (on_stride)> <Delay = 0.00>
ST_2 : Operation 254 [1/1] (0.00ns)   --->   "%sext_ln42_49 = sext i13 %shl_ln42_3" [firmware/nnet_utils/nnet_dense_latency.h:42->firmware/nnet_utils/nnet_dense.h:54->firmware/nnet_utils/nnet_first_conv_stream.h:160]   --->   Operation 254 'sext' 'sext_ln42_49' <Predicate = (on_stride)> <Delay = 0.00>
ST_2 : Operation 255 [1/1] (0.00ns)   --->   "%shl_ln42_18 = bitconcatenate i14 @_ssdm_op_BitConcatenate.i14.i12.i2, i12 %kernel_data_26, i2 0" [firmware/nnet_utils/nnet_dense_latency.h:42->firmware/nnet_utils/nnet_dense.h:54->firmware/nnet_utils/nnet_first_conv_stream.h:160]   --->   Operation 255 'bitconcatenate' 'shl_ln42_18' <Predicate = (on_stride)> <Delay = 0.00>
ST_2 : Operation 256 [1/1] (0.00ns)   --->   "%sext_ln42_20 = sext i14 %shl_ln42_18" [firmware/nnet_utils/nnet_dense_latency.h:42->firmware/nnet_utils/nnet_dense.h:54->firmware/nnet_utils/nnet_first_conv_stream.h:160]   --->   Operation 256 'sext' 'sext_ln42_20' <Predicate = (on_stride)> <Delay = 0.00>
ST_2 : Operation 257 [1/1] (0.83ns)   --->   "%sub_ln42_11 = sub i15 %sext_ln42_20, i15 %sext_ln42_7" [firmware/nnet_utils/nnet_dense_latency.h:42->firmware/nnet_utils/nnet_dense.h:54->firmware/nnet_utils/nnet_first_conv_stream.h:160]   --->   Operation 257 'sub' 'sub_ln42_11' <Predicate = (on_stride)> <Delay = 0.83> <CoreInst = "Adder">   --->   Core 1 'Adder' <Latency = 0> <II = 1> <Delay = 0.84> <FuncUnit> <Opcode : 'add' 'sub'> <InPorts = 2> <OutPorts = 1>
ST_2 : Operation 258 [1/1] (0.00ns)   --->   "%shl_ln42_19 = bitconcatenate i15 @_ssdm_op_BitConcatenate.i15.i12.i3, i12 %kernel_data_26, i3 0" [firmware/nnet_utils/nnet_dense_latency.h:42->firmware/nnet_utils/nnet_dense.h:54->firmware/nnet_utils/nnet_first_conv_stream.h:160]   --->   Operation 258 'bitconcatenate' 'shl_ln42_19' <Predicate = (on_stride)> <Delay = 0.00>
ST_2 : Operation 259 [1/1] (0.00ns)   --->   "%sext_ln70_3 = sext i12 %kernel_data_27" [firmware/nnet_utils/nnet_mult.h:70->firmware/nnet_utils/nnet_dense_latency.h:42->firmware/nnet_utils/nnet_dense.h:54->firmware/nnet_utils/nnet_first_conv_stream.h:160]   --->   Operation 259 'sext' 'sext_ln70_3' <Predicate = (on_stride)> <Delay = 0.00>
ST_2 : Operation 260 [1/1] (0.00ns)   --->   "%sext_ln70_9 = sext i12 %kernel_data_27" [firmware/nnet_utils/nnet_mult.h:70->firmware/nnet_utils/nnet_dense_latency.h:42->firmware/nnet_utils/nnet_dense.h:54->firmware/nnet_utils/nnet_first_conv_stream.h:160]   --->   Operation 260 'sext' 'sext_ln70_9' <Predicate = (on_stride)> <Delay = 0.00>
ST_2 : Operation 261 [1/1] (0.00ns)   --->   "%shl_ln42_20 = bitconcatenate i15 @_ssdm_op_BitConcatenate.i15.i12.i3, i12 %kernel_data_27, i3 0" [firmware/nnet_utils/nnet_dense_latency.h:42->firmware/nnet_utils/nnet_dense.h:54->firmware/nnet_utils/nnet_first_conv_stream.h:160]   --->   Operation 261 'bitconcatenate' 'shl_ln42_20' <Predicate = (on_stride)> <Delay = 0.00>
ST_2 : Operation 262 [1/1] (0.00ns)   --->   "%shl_ln42_21 = bitconcatenate i14 @_ssdm_op_BitConcatenate.i14.i12.i2, i12 %kernel_data_27, i2 0" [firmware/nnet_utils/nnet_dense_latency.h:42->firmware/nnet_utils/nnet_dense.h:54->firmware/nnet_utils/nnet_first_conv_stream.h:160]   --->   Operation 262 'bitconcatenate' 'shl_ln42_21' <Predicate = (on_stride)> <Delay = 0.00>
ST_2 : Operation 263 [1/1] (0.00ns)   --->   "%sext_ln42_21 = sext i14 %shl_ln42_21" [firmware/nnet_utils/nnet_dense_latency.h:42->firmware/nnet_utils/nnet_dense.h:54->firmware/nnet_utils/nnet_first_conv_stream.h:160]   --->   Operation 263 'sext' 'sext_ln42_21' <Predicate = (on_stride)> <Delay = 0.00>
ST_2 : Operation 264 [1/1] (0.00ns) (grouped into TernaryAdder)   --->   "%sub_ln42_12 = sub i15 0, i15 %sext_ln42_21" [firmware/nnet_utils/nnet_dense_latency.h:42->firmware/nnet_utils/nnet_dense.h:54->firmware/nnet_utils/nnet_first_conv_stream.h:160]   --->   Operation 264 'sub' 'sub_ln42_12' <Predicate = (on_stride)> <Delay = 0.00> <CoreInst = "TAddSub">   --->   Core 10 'TAddSub' <Latency = 0> <II = 1> <Delay = 0.36> <IPBlock> <Opcode : '' 'add' 'sub'> <InPorts = 3> <OutPorts = 1> <Sync> <CReg>
ST_2 : Operation 265 [1/1] (0.73ns) (root node of TernaryAdder)   --->   "%sub_ln42_13 = sub i15 %sub_ln42_12, i15 %sext_ln70_3" [firmware/nnet_utils/nnet_dense_latency.h:42->firmware/nnet_utils/nnet_dense.h:54->firmware/nnet_utils/nnet_first_conv_stream.h:160]   --->   Operation 265 'sub' 'sub_ln42_13' <Predicate = (on_stride)> <Delay = 0.73> <CoreInst = "TAddSub">   --->   Core 10 'TAddSub' <Latency = 0> <II = 1> <Delay = 0.36> <IPBlock> <Opcode : '' 'add' 'sub'> <InPorts = 3> <OutPorts = 1> <Sync> <CReg>
ST_2 : Operation 266 [1/1] (0.00ns) (grouped into TernaryAdder)   --->   "%sub_ln42_14 = sub i15 0, i15 %shl_ln42_20" [firmware/nnet_utils/nnet_dense_latency.h:42->firmware/nnet_utils/nnet_dense.h:54->firmware/nnet_utils/nnet_first_conv_stream.h:160]   --->   Operation 266 'sub' 'sub_ln42_14' <Predicate = (on_stride)> <Delay = 0.00> <CoreInst = "TAddSub">   --->   Core 10 'TAddSub' <Latency = 0> <II = 1> <Delay = 0.36> <IPBlock> <Opcode : '' 'add' 'sub'> <InPorts = 3> <OutPorts = 1> <Sync> <CReg>
ST_2 : Operation 267 [1/1] (0.73ns) (root node of TernaryAdder)   --->   "%sub_ln42_15 = sub i15 %sub_ln42_14, i15 %sext_ln70_3" [firmware/nnet_utils/nnet_dense_latency.h:42->firmware/nnet_utils/nnet_dense.h:54->firmware/nnet_utils/nnet_first_conv_stream.h:160]   --->   Operation 267 'sub' 'sub_ln42_15' <Predicate = (on_stride)> <Delay = 0.73> <CoreInst = "TAddSub">   --->   Core 10 'TAddSub' <Latency = 0> <II = 1> <Delay = 0.36> <IPBlock> <Opcode : '' 'add' 'sub'> <InPorts = 3> <OutPorts = 1> <Sync> <CReg>
ST_2 : Operation 268 [1/1] (0.00ns)   --->   "%shl_ln42_22 = bitconcatenate i13 @_ssdm_op_BitConcatenate.i13.i12.i1, i12 %kernel_data_27, i1 0" [firmware/nnet_utils/nnet_dense_latency.h:42->firmware/nnet_utils/nnet_dense.h:54->firmware/nnet_utils/nnet_first_conv_stream.h:160]   --->   Operation 268 'bitconcatenate' 'shl_ln42_22' <Predicate = (on_stride)> <Delay = 0.00>
ST_2 : Operation 269 [1/1] (0.00ns)   --->   "%sext_ln42_22 = sext i13 %shl_ln42_22" [firmware/nnet_utils/nnet_dense_latency.h:42->firmware/nnet_utils/nnet_dense.h:54->firmware/nnet_utils/nnet_first_conv_stream.h:160]   --->   Operation 269 'sext' 'sext_ln42_22' <Predicate = (on_stride)> <Delay = 0.00>
ST_2 : Operation 270 [1/1] (0.84ns)   --->   "%sub_ln42_16 = sub i15 %shl_ln42_20, i15 %sext_ln42_22" [firmware/nnet_utils/nnet_dense_latency.h:42->firmware/nnet_utils/nnet_dense.h:54->firmware/nnet_utils/nnet_first_conv_stream.h:160]   --->   Operation 270 'sub' 'sub_ln42_16' <Predicate = (on_stride)> <Delay = 0.84> <CoreInst = "Adder">   --->   Core 1 'Adder' <Latency = 0> <II = 1> <Delay = 0.84> <FuncUnit> <Opcode : 'add' 'sub'> <InPorts = 2> <OutPorts = 1>
ST_2 : Operation 271 [1/1] (0.00ns)   --->   "%sext_ln42_23 = sext i12 %kernel_data_28" [firmware/nnet_utils/nnet_dense_latency.h:42->firmware/nnet_utils/nnet_dense.h:54->firmware/nnet_utils/nnet_first_conv_stream.h:160]   --->   Operation 271 'sext' 'sext_ln42_23' <Predicate = (on_stride)> <Delay = 0.00>
ST_2 : Operation 272 [1/1] (0.00ns)   --->   "%sext_ln42_24 = sext i12 %kernel_data_28" [firmware/nnet_utils/nnet_dense_latency.h:42->firmware/nnet_utils/nnet_dense.h:54->firmware/nnet_utils/nnet_first_conv_stream.h:160]   --->   Operation 272 'sext' 'sext_ln42_24' <Predicate = (on_stride)> <Delay = 0.00>
ST_2 : Operation 273 [1/1] (0.00ns)   --->   "%shl_ln42_23 = bitconcatenate i14 @_ssdm_op_BitConcatenate.i14.i12.i2, i12 %kernel_data_28, i2 0" [firmware/nnet_utils/nnet_dense_latency.h:42->firmware/nnet_utils/nnet_dense.h:54->firmware/nnet_utils/nnet_first_conv_stream.h:160]   --->   Operation 273 'bitconcatenate' 'shl_ln42_23' <Predicate = (on_stride)> <Delay = 0.00>
ST_2 : Operation 274 [1/1] (0.00ns)   --->   "%sext_ln42_25 = sext i14 %shl_ln42_23" [firmware/nnet_utils/nnet_dense_latency.h:42->firmware/nnet_utils/nnet_dense.h:54->firmware/nnet_utils/nnet_first_conv_stream.h:160]   --->   Operation 274 'sext' 'sext_ln42_25' <Predicate = (on_stride)> <Delay = 0.00>
ST_2 : Operation 275 [1/1] (0.00ns)   --->   "%shl_ln42_24 = bitconcatenate i15 @_ssdm_op_BitConcatenate.i15.i12.i3, i12 %kernel_data_28, i3 0" [firmware/nnet_utils/nnet_dense_latency.h:42->firmware/nnet_utils/nnet_dense.h:54->firmware/nnet_utils/nnet_first_conv_stream.h:160]   --->   Operation 275 'bitconcatenate' 'shl_ln42_24' <Predicate = (on_stride)> <Delay = 0.00>
ST_2 : Operation 276 [1/1] (0.83ns)   --->   "%sub_ln42_17 = sub i15 %sext_ln42_25, i15 %sext_ln42_24" [firmware/nnet_utils/nnet_dense_latency.h:42->firmware/nnet_utils/nnet_dense.h:54->firmware/nnet_utils/nnet_first_conv_stream.h:160]   --->   Operation 276 'sub' 'sub_ln42_17' <Predicate = (on_stride)> <Delay = 0.83> <CoreInst = "Adder">   --->   Core 1 'Adder' <Latency = 0> <II = 1> <Delay = 0.84> <FuncUnit> <Opcode : 'add' 'sub'> <InPorts = 2> <OutPorts = 1>
ST_2 : Operation 277 [1/1] (0.82ns)   --->   "%add_ln58_21 = add i14 %sext_ln70_2, i14 15552" [firmware/nnet_utils/nnet_dense_latency.h:58->firmware/nnet_utils/nnet_dense.h:54->firmware/nnet_utils/nnet_first_conv_stream.h:160]   --->   Operation 277 'add' 'add_ln58_21' <Predicate = (on_stride)> <Delay = 0.82> <CoreInst = "Adder">   --->   Core 1 'Adder' <Latency = 0> <II = 1> <Delay = 0.83> <FuncUnit> <Opcode : 'add' 'sub'> <InPorts = 2> <OutPorts = 1>
ST_2 : Operation 278 [1/1] (0.00ns)   --->   "%sext_ln58_4 = sext i14 %add_ln58_21" [firmware/nnet_utils/nnet_dense_latency.h:58->firmware/nnet_utils/nnet_dense.h:54->firmware/nnet_utils/nnet_first_conv_stream.h:160]   --->   Operation 278 'sext' 'sext_ln58_4' <Predicate = (on_stride)> <Delay = 0.00>
ST_2 : Operation 279 [1/1] (0.82ns)   --->   "%add_ln58_22 = add i14 %sext_ln70_2, i14 16064" [firmware/nnet_utils/nnet_dense_latency.h:58->firmware/nnet_utils/nnet_dense.h:54->firmware/nnet_utils/nnet_first_conv_stream.h:160]   --->   Operation 279 'add' 'add_ln58_22' <Predicate = (on_stride)> <Delay = 0.82> <CoreInst = "Adder">   --->   Core 1 'Adder' <Latency = 0> <II = 1> <Delay = 0.83> <FuncUnit> <Opcode : 'add' 'sub'> <InPorts = 2> <OutPorts = 1>
ST_2 : Operation 280 [1/1] (0.00ns)   --->   "%sext_ln58_5 = sext i14 %add_ln58_22" [firmware/nnet_utils/nnet_dense_latency.h:58->firmware/nnet_utils/nnet_dense.h:54->firmware/nnet_utils/nnet_first_conv_stream.h:160]   --->   Operation 280 'sext' 'sext_ln58_5' <Predicate = (on_stride)> <Delay = 0.00>
ST_2 : Operation 281 [1/1] (0.82ns)   --->   "%add_ln58_24 = add i14 %sext_ln42_18, i14 15488" [firmware/nnet_utils/nnet_dense_latency.h:58->firmware/nnet_utils/nnet_dense.h:54->firmware/nnet_utils/nnet_first_conv_stream.h:160]   --->   Operation 281 'add' 'add_ln58_24' <Predicate = (on_stride)> <Delay = 0.82> <CoreInst = "Adder">   --->   Core 1 'Adder' <Latency = 0> <II = 1> <Delay = 0.83> <FuncUnit> <Opcode : 'add' 'sub'> <InPorts = 2> <OutPorts = 1>
ST_2 : Operation 282 [1/1] (0.00ns)   --->   "%sext_ln58_6 = sext i14 %add_ln58_24" [firmware/nnet_utils/nnet_dense_latency.h:58->firmware/nnet_utils/nnet_dense.h:54->firmware/nnet_utils/nnet_first_conv_stream.h:160]   --->   Operation 282 'sext' 'sext_ln58_6' <Predicate = (on_stride)> <Delay = 0.00>
ST_2 : Operation 283 [1/1] (0.83ns)   --->   "%sub_ln58_5 = sub i15 %sext_ln58_5, i15 %sext_ln42_16" [firmware/nnet_utils/nnet_dense_latency.h:58->firmware/nnet_utils/nnet_dense.h:54->firmware/nnet_utils/nnet_first_conv_stream.h:160]   --->   Operation 283 'sub' 'sub_ln58_5' <Predicate = (on_stride)> <Delay = 0.83> <CoreInst = "Adder">   --->   Core 1 'Adder' <Latency = 0> <II = 1> <Delay = 0.84> <FuncUnit> <Opcode : 'add' 'sub'> <InPorts = 2> <OutPorts = 1>
ST_2 : Operation 284 [1/1] (0.80ns)   --->   "%tmp215116 = add i13 %sext_ln70_9, i13 %sext_ln42_15" [firmware/nnet_utils/nnet_mult.h:70->firmware/nnet_utils/nnet_dense_latency.h:42->firmware/nnet_utils/nnet_dense.h:54->firmware/nnet_utils/nnet_first_conv_stream.h:160]   --->   Operation 284 'add' 'tmp215116' <Predicate = (on_stride)> <Delay = 0.80> <CoreInst = "Adder">   --->   Core 1 'Adder' <Latency = 0> <II = 1> <Delay = 0.82> <FuncUnit> <Opcode : 'add' 'sub'> <InPorts = 2> <OutPorts = 1>
ST_2 : Operation 285 [1/1] (0.00ns)   --->   "%p_shl8 = bitconcatenate i15 @_ssdm_op_BitConcatenate.i15.i13.i2, i13 %tmp215116, i2 0" [firmware/nnet_utils/nnet_mult.h:70->firmware/nnet_utils/nnet_dense_latency.h:42->firmware/nnet_utils/nnet_dense.h:54->firmware/nnet_utils/nnet_first_conv_stream.h:160]   --->   Operation 285 'bitconcatenate' 'p_shl8' <Predicate = (on_stride)> <Delay = 0.00>
ST_2 : Operation 286 [1/1] (0.80ns)   --->   "%add_ln58_26 = add i13 %sext_ln42_14, i13 7808" [firmware/nnet_utils/nnet_dense_latency.h:58->firmware/nnet_utils/nnet_dense.h:54->firmware/nnet_utils/nnet_first_conv_stream.h:160]   --->   Operation 286 'add' 'add_ln58_26' <Predicate = (on_stride)> <Delay = 0.80> <CoreInst = "Adder">   --->   Core 1 'Adder' <Latency = 0> <II = 1> <Delay = 0.82> <FuncUnit> <Opcode : 'add' 'sub'> <InPorts = 2> <OutPorts = 1>
ST_2 : Operation 287 [1/1] (0.00ns)   --->   "%sext_ln58_7 = sext i13 %add_ln58_26" [firmware/nnet_utils/nnet_dense_latency.h:58->firmware/nnet_utils/nnet_dense.h:54->firmware/nnet_utils/nnet_first_conv_stream.h:160]   --->   Operation 287 'sext' 'sext_ln58_7' <Predicate = (on_stride)> <Delay = 0.00>
ST_2 : Operation 288 [1/1] (0.00ns) (grouped into TernaryAdder)   --->   "%add_ln58_27 = add i15 %sub_ln42_11, i15 %sext_ln58_7" [firmware/nnet_utils/nnet_dense_latency.h:58->firmware/nnet_utils/nnet_dense.h:54->firmware/nnet_utils/nnet_first_conv_stream.h:160]   --->   Operation 288 'add' 'add_ln58_27' <Predicate = (on_stride)> <Delay = 0.00> <CoreInst = "TAddSub">   --->   Core 10 'TAddSub' <Latency = 0> <II = 1> <Delay = 0.36> <IPBlock> <Opcode : '' 'add' 'sub'> <InPorts = 3> <OutPorts = 1> <Sync> <CReg>
ST_2 : Operation 289 [1/1] (0.73ns) (root node of TernaryAdder)   --->   "%x_9 = sub i15 %add_ln58_27, i15 %p_shl8" [firmware/nnet_utils/nnet_dense_latency.h:58->firmware/nnet_utils/nnet_dense.h:54->firmware/nnet_utils/nnet_first_conv_stream.h:160]   --->   Operation 289 'sub' 'x_9' <Predicate = (on_stride)> <Delay = 0.73> <CoreInst = "TAddSub">   --->   Core 10 'TAddSub' <Latency = 0> <II = 1> <Delay = 0.36> <IPBlock> <Opcode : '' 'add' 'sub'> <InPorts = 3> <OutPorts = 1> <Sync> <CReg>
ST_2 : Operation 290 [1/1] (0.83ns)   --->   "%add_ln58_28 = add i15 %sext_ln58_6, i15 %sext_ln42_19" [firmware/nnet_utils/nnet_dense_latency.h:58->firmware/nnet_utils/nnet_dense.h:54->firmware/nnet_utils/nnet_first_conv_stream.h:160]   --->   Operation 290 'add' 'add_ln58_28' <Predicate = (on_stride)> <Delay = 0.83> <CoreInst = "Adder">   --->   Core 1 'Adder' <Latency = 0> <II = 1> <Delay = 0.84> <FuncUnit> <Opcode : 'add' 'sub'> <InPorts = 2> <OutPorts = 1>
ST_2 : Operation 291 [1/1] (0.00ns) (grouped into TernaryAdder)   --->   "%add_ln58_29 = add i15 %add_ln58_28, i15 %sub_ln42_13" [firmware/nnet_utils/nnet_dense_latency.h:58->firmware/nnet_utils/nnet_dense.h:54->firmware/nnet_utils/nnet_first_conv_stream.h:160]   --->   Operation 291 'add' 'add_ln58_29' <Predicate = (on_stride)> <Delay = 0.00> <CoreInst = "TAddSub">   --->   Core 10 'TAddSub' <Latency = 0> <II = 1> <Delay = 0.36> <IPBlock> <Opcode : '' 'add' 'sub'> <InPorts = 3> <OutPorts = 1> <Sync> <CReg>
ST_2 : Operation 292 [1/1] (0.84ns)   --->   "%add_ln58_30 = add i15 %shl_ln42_20, i15 %shl_ln42_16" [firmware/nnet_utils/nnet_dense_latency.h:58->firmware/nnet_utils/nnet_dense.h:54->firmware/nnet_utils/nnet_first_conv_stream.h:160]   --->   Operation 292 'add' 'add_ln58_30' <Predicate = (on_stride)> <Delay = 0.84> <CoreInst = "Adder">   --->   Core 1 'Adder' <Latency = 0> <II = 1> <Delay = 0.84> <FuncUnit> <Opcode : 'add' 'sub'> <InPorts = 2> <OutPorts = 1>
ST_2 : Operation 293 [1/1] (0.00ns) (grouped into TernaryAdder)   --->   "%add_ln58_32 = add i15 %sext_ln58_4, i15 %sext_ln42_25" [firmware/nnet_utils/nnet_dense_latency.h:58->firmware/nnet_utils/nnet_dense.h:54->firmware/nnet_utils/nnet_first_conv_stream.h:160]   --->   Operation 293 'add' 'add_ln58_32' <Predicate = (on_stride)> <Delay = 0.00> <CoreInst = "TAddSub">   --->   Core 10 'TAddSub' <Latency = 0> <II = 1> <Delay = 0.36> <IPBlock> <Opcode : '' 'add' 'sub'> <InPorts = 3> <OutPorts = 1> <Sync> <CReg>
ST_2 : Operation 294 [1/1] (0.80ns)   --->   "%add_ln58_33 = add i13 %sext_ln70_9, i13 %sext_ln42_23" [firmware/nnet_utils/nnet_dense_latency.h:58->firmware/nnet_utils/nnet_dense.h:54->firmware/nnet_utils/nnet_first_conv_stream.h:160]   --->   Operation 294 'add' 'add_ln58_33' <Predicate = (on_stride)> <Delay = 0.80> <CoreInst = "Adder">   --->   Core 1 'Adder' <Latency = 0> <II = 1> <Delay = 0.82> <FuncUnit> <Opcode : 'add' 'sub'> <InPorts = 2> <OutPorts = 1>
ST_2 : Operation 295 [1/1] (0.00ns)   --->   "%sext_ln58_18 = sext i13 %add_ln58_33" [firmware/nnet_utils/nnet_dense_latency.h:58->firmware/nnet_utils/nnet_dense.h:54->firmware/nnet_utils/nnet_first_conv_stream.h:160]   --->   Operation 295 'sext' 'sext_ln58_18' <Predicate = (on_stride)> <Delay = 0.00>
ST_2 : Operation 296 [1/1] (0.73ns) (root node of TernaryAdder)   --->   "%add_ln58_34 = add i15 %sext_ln58_18, i15 %add_ln58_32" [firmware/nnet_utils/nnet_dense_latency.h:58->firmware/nnet_utils/nnet_dense.h:54->firmware/nnet_utils/nnet_first_conv_stream.h:160]   --->   Operation 296 'add' 'add_ln58_34' <Predicate = (on_stride)> <Delay = 0.73> <CoreInst = "TAddSub">   --->   Core 10 'TAddSub' <Latency = 0> <II = 1> <Delay = 0.36> <IPBlock> <Opcode : '' 'add' 'sub'> <InPorts = 3> <OutPorts = 1> <Sync> <CReg>
ST_2 : Operation 297 [1/1] (0.80ns)   --->   "%tmp21859 = sub i13 %sext_ln42_23, i13 %sext_ln42_14" [firmware/nnet_utils/nnet_dense_latency.h:42->firmware/nnet_utils/nnet_dense.h:54->firmware/nnet_utils/nnet_first_conv_stream.h:160]   --->   Operation 297 'sub' 'tmp21859' <Predicate = (on_stride)> <Delay = 0.80> <CoreInst = "Adder">   --->   Core 1 'Adder' <Latency = 0> <II = 1> <Delay = 0.82> <FuncUnit> <Opcode : 'add' 'sub'> <InPorts = 2> <OutPorts = 1>
ST_2 : Operation 298 [1/1] (0.00ns)   --->   "%tmp2 = bitconcatenate i15 @_ssdm_op_BitConcatenate.i15.i13.i2, i13 %tmp21859, i2 0" [firmware/nnet_utils/nnet_dense_latency.h:42->firmware/nnet_utils/nnet_dense.h:54->firmware/nnet_utils/nnet_first_conv_stream.h:160]   --->   Operation 298 'bitconcatenate' 'tmp2' <Predicate = (on_stride)> <Delay = 0.00>
ST_2 : Operation 299 [1/1] (0.00ns) (grouped into TernaryAdder)   --->   "%add_ln58_36 = add i15 %sub_ln42_9, i15 %tmp2" [firmware/nnet_utils/nnet_dense_latency.h:58->firmware/nnet_utils/nnet_dense.h:54->firmware/nnet_utils/nnet_first_conv_stream.h:160]   --->   Operation 299 'add' 'add_ln58_36' <Predicate = (on_stride)> <Delay = 0.00> <CoreInst = "TAddSub">   --->   Core 10 'TAddSub' <Latency = 0> <II = 1> <Delay = 0.36> <IPBlock> <Opcode : '' 'add' 'sub'> <InPorts = 3> <OutPorts = 1> <Sync> <CReg>
ST_2 : Operation 300 [1/1] (0.82ns)   --->   "%add_ln58_39 = add i14 %sext_ln42_49, i14 15680" [firmware/nnet_utils/nnet_dense_latency.h:58->firmware/nnet_utils/nnet_dense.h:54->firmware/nnet_utils/nnet_first_conv_stream.h:160]   --->   Operation 300 'add' 'add_ln58_39' <Predicate = (on_stride)> <Delay = 0.82> <CoreInst = "Adder">   --->   Core 1 'Adder' <Latency = 0> <II = 1> <Delay = 0.83> <FuncUnit> <Opcode : 'add' 'sub'> <InPorts = 2> <OutPorts = 1>
ST_2 : Operation 301 [1/1] (0.00ns)   --->   "%sext_ln58_19 = sext i14 %add_ln58_39" [firmware/nnet_utils/nnet_dense_latency.h:58->firmware/nnet_utils/nnet_dense.h:54->firmware/nnet_utils/nnet_first_conv_stream.h:160]   --->   Operation 301 'sext' 'sext_ln58_19' <Predicate = (on_stride)> <Delay = 0.00>
ST_2 : Operation 302 [1/1] (0.73ns) (root node of TernaryAdder)   --->   "%x_8 = add i15 %sext_ln58_19, i15 %add_ln58_36" [firmware/nnet_utils/nnet_dense_latency.h:58->firmware/nnet_utils/nnet_dense.h:54->firmware/nnet_utils/nnet_first_conv_stream.h:160]   --->   Operation 302 'add' 'x_8' <Predicate = (on_stride)> <Delay = 0.73> <CoreInst = "TAddSub">   --->   Core 10 'TAddSub' <Latency = 0> <II = 1> <Delay = 0.36> <IPBlock> <Opcode : '' 'add' 'sub'> <InPorts = 3> <OutPorts = 1> <Sync> <CReg>
ST_2 : Operation 303 [1/1] (0.80ns)   --->   "%tmp221 = add i13 %sext_ln42_15, i13 %sext_ln42_14" [firmware/nnet_utils/nnet_dense_latency.h:42->firmware/nnet_utils/nnet_dense.h:54->firmware/nnet_utils/nnet_first_conv_stream.h:160]   --->   Operation 303 'add' 'tmp221' <Predicate = (on_stride)> <Delay = 0.80> <CoreInst = "Adder">   --->   Core 1 'Adder' <Latency = 0> <II = 1> <Delay = 0.82> <FuncUnit> <Opcode : 'add' 'sub'> <InPorts = 2> <OutPorts = 1>
ST_2 : Operation 304 [1/1] (0.00ns)   --->   "%tmp221_cast = sext i13 %tmp221" [firmware/nnet_utils/nnet_dense_latency.h:42->firmware/nnet_utils/nnet_dense.h:54->firmware/nnet_utils/nnet_first_conv_stream.h:160]   --->   Operation 304 'sext' 'tmp221_cast' <Predicate = (on_stride)> <Delay = 0.00>
ST_2 : Operation 305 [1/1] (0.00ns)   --->   "%empty_36 = trunc i13 %tmp221" [firmware/nnet_utils/nnet_dense_latency.h:42->firmware/nnet_utils/nnet_dense.h:54->firmware/nnet_utils/nnet_first_conv_stream.h:160]   --->   Operation 305 'trunc' 'empty_36' <Predicate = (on_stride)> <Delay = 0.00>
ST_2 : Operation 306 [1/1] (0.00ns)   --->   "%p_shl9 = bitconcatenate i15 @_ssdm_op_BitConcatenate.i15.i12.i3, i12 %empty_36, i3 0" [firmware/nnet_utils/nnet_dense_latency.h:42->firmware/nnet_utils/nnet_dense.h:54->firmware/nnet_utils/nnet_first_conv_stream.h:160]   --->   Operation 306 'bitconcatenate' 'p_shl9' <Predicate = (on_stride)> <Delay = 0.00>
ST_2 : Operation 307 [1/1] (0.00ns) (grouped into TernaryAdder)   --->   "%tmp222 = sub i15 %p_shl9, i15 %tmp221_cast" [firmware/nnet_utils/nnet_dense_latency.h:42->firmware/nnet_utils/nnet_dense.h:54->firmware/nnet_utils/nnet_first_conv_stream.h:160]   --->   Operation 307 'sub' 'tmp222' <Predicate = (on_stride)> <Delay = 0.00> <CoreInst = "TAddSub">   --->   Core 10 'TAddSub' <Latency = 0> <II = 1> <Delay = 0.36> <IPBlock> <Opcode : '' 'add' 'sub'> <InPorts = 3> <OutPorts = 1> <Sync> <CReg>
ST_2 : Operation 308 [1/1] (0.73ns) (root node of TernaryAdder)   --->   "%add_ln58_41 = add i15 %tmp222, i15 31872" [firmware/nnet_utils/nnet_dense_latency.h:58->firmware/nnet_utils/nnet_dense.h:54->firmware/nnet_utils/nnet_first_conv_stream.h:160]   --->   Operation 308 'add' 'add_ln58_41' <Predicate = (on_stride)> <Delay = 0.73> <CoreInst = "TAddSub">   --->   Core 10 'TAddSub' <Latency = 0> <II = 1> <Delay = 0.36> <IPBlock> <Opcode : '' 'add' 'sub'> <InPorts = 3> <OutPorts = 1> <Sync> <CReg>
ST_2 : Operation 309 [1/1] (0.00ns) (grouped into TernaryAdder)   --->   "%add_ln58_37 = add i15 %add_ln58_41, i15 %sub_ln42_11" [firmware/nnet_utils/nnet_dense_latency.h:58->firmware/nnet_utils/nnet_dense.h:54->firmware/nnet_utils/nnet_first_conv_stream.h:160]   --->   Operation 309 'add' 'add_ln58_37' <Predicate = (on_stride)> <Delay = 0.00> <CoreInst = "TAddSub">   --->   Core 10 'TAddSub' <Latency = 0> <II = 1> <Delay = 0.36> <IPBlock> <Opcode : '' 'add' 'sub'> <InPorts = 3> <OutPorts = 1> <Sync> <CReg>
ST_2 : Operation 310 [1/1] (0.73ns) (root node of TernaryAdder)   --->   "%x_10 = sub i15 %add_ln58_37, i15 %sext_ln42_24" [firmware/nnet_utils/nnet_dense_latency.h:58->firmware/nnet_utils/nnet_dense.h:54->firmware/nnet_utils/nnet_first_conv_stream.h:160]   --->   Operation 310 'sub' 'x_10' <Predicate = (on_stride)> <Delay = 0.73> <CoreInst = "TAddSub">   --->   Core 10 'TAddSub' <Latency = 0> <II = 1> <Delay = 0.36> <IPBlock> <Opcode : '' 'add' 'sub'> <InPorts = 3> <OutPorts = 1> <Sync> <CReg>
ST_2 : Operation 311 [1/1] (0.73ns) (root node of TernaryAdder)   --->   "%x_11 = sub i15 %add_ln58_29, i15 %shl_ln42_24" [firmware/nnet_utils/nnet_dense_latency.h:58->firmware/nnet_utils/nnet_dense.h:54->firmware/nnet_utils/nnet_first_conv_stream.h:160]   --->   Operation 311 'sub' 'x_11' <Predicate = (on_stride)> <Delay = 0.73> <CoreInst = "TAddSub">   --->   Core 10 'TAddSub' <Latency = 0> <II = 1> <Delay = 0.36> <IPBlock> <Opcode : '' 'add' 'sub'> <InPorts = 3> <OutPorts = 1> <Sync> <CReg>
ST_2 : Operation 312 [1/1] (0.80ns)   --->   "%tmp223 = add i13 %sext_ln42_23, i13 %sext_ln42_14" [firmware/nnet_utils/nnet_dense_latency.h:42->firmware/nnet_utils/nnet_dense.h:54->firmware/nnet_utils/nnet_first_conv_stream.h:160]   --->   Operation 312 'add' 'tmp223' <Predicate = (on_stride)> <Delay = 0.80> <CoreInst = "Adder">   --->   Core 1 'Adder' <Latency = 0> <II = 1> <Delay = 0.82> <FuncUnit> <Opcode : 'add' 'sub'> <InPorts = 2> <OutPorts = 1>
ST_2 : Operation 313 [1/1] (0.00ns)   --->   "%tmp223_cast = sext i13 %tmp223" [firmware/nnet_utils/nnet_dense_latency.h:42->firmware/nnet_utils/nnet_dense.h:54->firmware/nnet_utils/nnet_first_conv_stream.h:160]   --->   Operation 313 'sext' 'tmp223_cast' <Predicate = (on_stride)> <Delay = 0.00>
ST_2 : Operation 314 [1/1] (0.00ns)   --->   "%p_shl5 = bitconcatenate i15 @_ssdm_op_BitConcatenate.i15.i13.i2, i13 %tmp223, i2 0" [firmware/nnet_utils/nnet_dense_latency.h:42->firmware/nnet_utils/nnet_dense.h:54->firmware/nnet_utils/nnet_first_conv_stream.h:160]   --->   Operation 314 'bitconcatenate' 'p_shl5' <Predicate = (on_stride)> <Delay = 0.00>
ST_2 : Operation 315 [1/1] (0.84ns)   --->   "%tmp224 = sub i15 %tmp223_cast, i15 %p_shl5" [firmware/nnet_utils/nnet_dense_latency.h:42->firmware/nnet_utils/nnet_dense.h:54->firmware/nnet_utils/nnet_first_conv_stream.h:160]   --->   Operation 315 'sub' 'tmp224' <Predicate = (on_stride)> <Delay = 0.84> <CoreInst = "Adder">   --->   Core 1 'Adder' <Latency = 0> <II = 1> <Delay = 0.84> <FuncUnit> <Opcode : 'add' 'sub'> <InPorts = 2> <OutPorts = 1>
ST_2 : Operation 316 [1/1] (0.00ns) (grouped into TernaryAdder)   --->   "%add_ln58_38 = add i15 %sub_ln42_10, i15 384" [firmware/nnet_utils/nnet_dense_latency.h:58->firmware/nnet_utils/nnet_dense.h:54->firmware/nnet_utils/nnet_first_conv_stream.h:160]   --->   Operation 316 'add' 'add_ln58_38' <Predicate = (on_stride)> <Delay = 0.00> <CoreInst = "TAddSub">   --->   Core 10 'TAddSub' <Latency = 0> <II = 1> <Delay = 0.36> <IPBlock> <Opcode : '' 'add' 'sub'> <InPorts = 3> <OutPorts = 1> <Sync> <CReg>
ST_2 : Operation 317 [1/1] (0.73ns) (root node of TernaryAdder)   --->   "%sub_ln58_9 = sub i15 %add_ln58_38, i15 %shl_ln42_19" [firmware/nnet_utils/nnet_dense_latency.h:58->firmware/nnet_utils/nnet_dense.h:54->firmware/nnet_utils/nnet_first_conv_stream.h:160]   --->   Operation 317 'sub' 'sub_ln58_9' <Predicate = (on_stride)> <Delay = 0.73> <CoreInst = "TAddSub">   --->   Core 10 'TAddSub' <Latency = 0> <II = 1> <Delay = 0.36> <IPBlock> <Opcode : '' 'add' 'sub'> <InPorts = 3> <OutPorts = 1> <Sync> <CReg>
ST_2 : Operation 318 [1/1] (0.00ns) (grouped into TernaryAdder)   --->   "%add_ln58_44 = add i15 %sub_ln42_15, i15 %tmp224" [firmware/nnet_utils/nnet_dense_latency.h:58->firmware/nnet_utils/nnet_dense.h:54->firmware/nnet_utils/nnet_first_conv_stream.h:160]   --->   Operation 318 'add' 'add_ln58_44' <Predicate = (on_stride)> <Delay = 0.00> <CoreInst = "TAddSub">   --->   Core 10 'TAddSub' <Latency = 0> <II = 1> <Delay = 0.36> <IPBlock> <Opcode : '' 'add' 'sub'> <InPorts = 3> <OutPorts = 1> <Sync> <CReg>
ST_2 : Operation 319 [1/1] (0.73ns) (root node of TernaryAdder)   --->   "%x_12 = add i15 %add_ln58_44, i15 %sub_ln58_9" [firmware/nnet_utils/nnet_dense_latency.h:58->firmware/nnet_utils/nnet_dense.h:54->firmware/nnet_utils/nnet_first_conv_stream.h:160]   --->   Operation 319 'add' 'x_12' <Predicate = (on_stride)> <Delay = 0.73> <CoreInst = "TAddSub">   --->   Core 10 'TAddSub' <Latency = 0> <II = 1> <Delay = 0.36> <IPBlock> <Opcode : '' 'add' 'sub'> <InPorts = 3> <OutPorts = 1> <Sync> <CReg>
ST_2 : Operation 320 [1/1] (0.00ns) (grouped into TernaryAdder)   --->   "%add_ln58_47 = add i15 %sub_ln42_16, i15 %sub_ln42_17" [firmware/nnet_utils/nnet_dense_latency.h:58->firmware/nnet_utils/nnet_dense.h:54->firmware/nnet_utils/nnet_first_conv_stream.h:160]   --->   Operation 320 'add' 'add_ln58_47' <Predicate = (on_stride)> <Delay = 0.00> <CoreInst = "TAddSub">   --->   Core 10 'TAddSub' <Latency = 0> <II = 1> <Delay = 0.36> <IPBlock> <Opcode : '' 'add' 'sub'> <InPorts = 3> <OutPorts = 1> <Sync> <CReg>
ST_2 : Operation 321 [1/1] (0.73ns) (root node of TernaryAdder)   --->   "%x_13 = add i15 %add_ln58_47, i15 %sub_ln58_5" [firmware/nnet_utils/nnet_dense_latency.h:58->firmware/nnet_utils/nnet_dense.h:54->firmware/nnet_utils/nnet_first_conv_stream.h:160]   --->   Operation 321 'add' 'x_13' <Predicate = (on_stride)> <Delay = 0.73> <CoreInst = "TAddSub">   --->   Core 10 'TAddSub' <Latency = 0> <II = 1> <Delay = 0.36> <IPBlock> <Opcode : '' 'add' 'sub'> <InPorts = 3> <OutPorts = 1> <Sync> <CReg>
ST_2 : Operation 322 [1/1] (0.00ns)   --->   "%sext_ln42_26 = sext i12 %kernel_data_29" [firmware/nnet_utils/nnet_dense_latency.h:42->firmware/nnet_utils/nnet_dense.h:54->firmware/nnet_utils/nnet_first_conv_stream.h:160]   --->   Operation 322 'sext' 'sext_ln42_26' <Predicate = (on_stride)> <Delay = 0.00>
ST_2 : Operation 323 [1/1] (0.00ns)   --->   "%shl_ln42_4 = bitconcatenate i13 @_ssdm_op_BitConcatenate.i13.i12.i1, i12 %kernel_data_29, i1 0" [firmware/nnet_utils/nnet_dense_latency.h:42->firmware/nnet_utils/nnet_dense.h:54->firmware/nnet_utils/nnet_first_conv_stream.h:160]   --->   Operation 323 'bitconcatenate' 'shl_ln42_4' <Predicate = (on_stride)> <Delay = 0.00>
ST_2 : Operation 324 [1/1] (0.00ns)   --->   "%sext_ln70_4 = sext i13 %shl_ln42_4" [firmware/nnet_utils/nnet_mult.h:70->firmware/nnet_utils/nnet_dense_latency.h:42->firmware/nnet_utils/nnet_dense.h:54->firmware/nnet_utils/nnet_first_conv_stream.h:160]   --->   Operation 324 'sext' 'sext_ln70_4' <Predicate = (on_stride)> <Delay = 0.00>
ST_2 : Operation 325 [1/1] (0.00ns)   --->   "%sext_ln42_27 = sext i12 %kernel_data_30" [firmware/nnet_utils/nnet_dense_latency.h:42->firmware/nnet_utils/nnet_dense.h:54->firmware/nnet_utils/nnet_first_conv_stream.h:160]   --->   Operation 325 'sext' 'sext_ln42_27' <Predicate = (on_stride)> <Delay = 0.00>
ST_2 : Operation 326 [1/1] (0.00ns)   --->   "%shl_ln42_25 = bitconcatenate i15 @_ssdm_op_BitConcatenate.i15.i12.i3, i12 %kernel_data_30, i3 0" [firmware/nnet_utils/nnet_dense_latency.h:42->firmware/nnet_utils/nnet_dense.h:54->firmware/nnet_utils/nnet_first_conv_stream.h:160]   --->   Operation 326 'bitconcatenate' 'shl_ln42_25' <Predicate = (on_stride)> <Delay = 0.00>
ST_2 : Operation 327 [1/1] (0.00ns)   --->   "%shl_ln42_26 = bitconcatenate i13 @_ssdm_op_BitConcatenate.i13.i12.i1, i12 %kernel_data_30, i1 0" [firmware/nnet_utils/nnet_dense_latency.h:42->firmware/nnet_utils/nnet_dense.h:54->firmware/nnet_utils/nnet_first_conv_stream.h:160]   --->   Operation 327 'bitconcatenate' 'shl_ln42_26' <Predicate = (on_stride)> <Delay = 0.00>
ST_2 : Operation 328 [1/1] (0.00ns)   --->   "%sext_ln42_28 = sext i13 %shl_ln42_26" [firmware/nnet_utils/nnet_dense_latency.h:42->firmware/nnet_utils/nnet_dense.h:54->firmware/nnet_utils/nnet_first_conv_stream.h:160]   --->   Operation 328 'sext' 'sext_ln42_28' <Predicate = (on_stride)> <Delay = 0.00>
ST_2 : Operation 329 [1/1] (0.00ns)   --->   "%sext_ln42_29 = sext i13 %shl_ln42_26" [firmware/nnet_utils/nnet_dense_latency.h:42->firmware/nnet_utils/nnet_dense.h:54->firmware/nnet_utils/nnet_first_conv_stream.h:160]   --->   Operation 329 'sext' 'sext_ln42_29' <Predicate = (on_stride)> <Delay = 0.00>
ST_2 : Operation 330 [1/1] (0.84ns)   --->   "%sub_ln42_18 = sub i15 %shl_ln42_25, i15 %sext_ln42_28" [firmware/nnet_utils/nnet_dense_latency.h:42->firmware/nnet_utils/nnet_dense.h:54->firmware/nnet_utils/nnet_first_conv_stream.h:160]   --->   Operation 330 'sub' 'sub_ln42_18' <Predicate = (on_stride)> <Delay = 0.84> <CoreInst = "Adder">   --->   Core 1 'Adder' <Latency = 0> <II = 1> <Delay = 0.84> <FuncUnit> <Opcode : 'add' 'sub'> <InPorts = 2> <OutPorts = 1>
ST_2 : Operation 331 [1/1] (0.84ns)   --->   "%sub_ln42_19 = sub i15 %sext_ln42_28, i15 %shl_ln42_25" [firmware/nnet_utils/nnet_dense_latency.h:42->firmware/nnet_utils/nnet_dense.h:54->firmware/nnet_utils/nnet_first_conv_stream.h:160]   --->   Operation 331 'sub' 'sub_ln42_19' <Predicate = (on_stride)> <Delay = 0.84> <CoreInst = "Adder">   --->   Core 1 'Adder' <Latency = 0> <II = 1> <Delay = 0.84> <FuncUnit> <Opcode : 'add' 'sub'> <InPorts = 2> <OutPorts = 1>
ST_2 : Operation 332 [1/1] (0.00ns)   --->   "%sext_ln42_12 = sext i12 %kernel_data_31" [firmware/nnet_utils/nnet_dense_latency.h:42->firmware/nnet_utils/nnet_dense.h:54->firmware/nnet_utils/nnet_first_conv_stream.h:160]   --->   Operation 332 'sext' 'sext_ln42_12' <Predicate = (on_stride)> <Delay = 0.00>
ST_2 : Operation 333 [1/1] (2.18ns)   --->   "%mul_ln42_2 = mul i15 %sext_ln42_12, i15 11" [firmware/nnet_utils/nnet_dense_latency.h:42->firmware/nnet_utils/nnet_dense.h:54->firmware/nnet_utils/nnet_first_conv_stream.h:160]   --->   Operation 333 'mul' 'mul_ln42_2' <Predicate = (on_stride)> <Delay = 2.18> <CoreInst = "Multiplier">   --->   Core 3 'Multiplier' <Latency = 0> <II = 1> <Delay = 2.18> <FuncUnit> <Opcode : 'mul'> <InPorts = 2> <OutPorts = 1>
ST_2 : Operation 334 [1/1] (0.00ns)   --->   "%shl_ln42_5 = bitconcatenate i13 @_ssdm_op_BitConcatenate.i13.i12.i1, i12 %kernel_data_31, i1 0" [firmware/nnet_utils/nnet_dense_latency.h:42->firmware/nnet_utils/nnet_dense.h:54->firmware/nnet_utils/nnet_first_conv_stream.h:160]   --->   Operation 334 'bitconcatenate' 'shl_ln42_5' <Predicate = (on_stride)> <Delay = 0.00>
ST_2 : Operation 335 [1/1] (0.00ns)   --->   "%sext_ln42_30 = sext i13 %shl_ln42_5" [firmware/nnet_utils/nnet_dense_latency.h:42->firmware/nnet_utils/nnet_dense.h:54->firmware/nnet_utils/nnet_first_conv_stream.h:160]   --->   Operation 335 'sext' 'sext_ln42_30' <Predicate = (on_stride)> <Delay = 0.00>
ST_2 : Operation 336 [1/1] (0.00ns)   --->   "%sext_ln42_50 = sext i13 %shl_ln42_5" [firmware/nnet_utils/nnet_dense_latency.h:42->firmware/nnet_utils/nnet_dense.h:54->firmware/nnet_utils/nnet_first_conv_stream.h:160]   --->   Operation 336 'sext' 'sext_ln42_50' <Predicate = (on_stride)> <Delay = 0.00>
ST_2 : Operation 337 [1/1] (0.00ns)   --->   "%shl_ln42_27 = bitconcatenate i14 @_ssdm_op_BitConcatenate.i14.i12.i2, i12 %kernel_data_31, i2 0" [firmware/nnet_utils/nnet_dense_latency.h:42->firmware/nnet_utils/nnet_dense.h:54->firmware/nnet_utils/nnet_first_conv_stream.h:160]   --->   Operation 337 'bitconcatenate' 'shl_ln42_27' <Predicate = (on_stride)> <Delay = 0.00>
ST_2 : Operation 338 [1/1] (0.00ns)   --->   "%sext_ln42_31 = sext i14 %shl_ln42_27" [firmware/nnet_utils/nnet_dense_latency.h:42->firmware/nnet_utils/nnet_dense.h:54->firmware/nnet_utils/nnet_first_conv_stream.h:160]   --->   Operation 338 'sext' 'sext_ln42_31' <Predicate = (on_stride)> <Delay = 0.00>
ST_2 : Operation 339 [1/1] (0.83ns)   --->   "%sub_ln42_20 = sub i15 %sext_ln42_31, i15 %sext_ln42_12" [firmware/nnet_utils/nnet_dense_latency.h:42->firmware/nnet_utils/nnet_dense.h:54->firmware/nnet_utils/nnet_first_conv_stream.h:160]   --->   Operation 339 'sub' 'sub_ln42_20' <Predicate = (on_stride)> <Delay = 0.83> <CoreInst = "Adder">   --->   Core 1 'Adder' <Latency = 0> <II = 1> <Delay = 0.84> <FuncUnit> <Opcode : 'add' 'sub'> <InPorts = 2> <OutPorts = 1>
ST_2 : Operation 340 [1/1] (0.00ns)   --->   "%shl_ln42_28 = bitconcatenate i15 @_ssdm_op_BitConcatenate.i15.i12.i3, i12 %kernel_data_31, i3 0" [firmware/nnet_utils/nnet_dense_latency.h:42->firmware/nnet_utils/nnet_dense.h:54->firmware/nnet_utils/nnet_first_conv_stream.h:160]   --->   Operation 340 'bitconcatenate' 'shl_ln42_28' <Predicate = (on_stride)> <Delay = 0.00>
ST_2 : Operation 341 [1/1] (0.00ns)   --->   "%sext_ln70_5 = sext i12 %kernel_data_32" [firmware/nnet_utils/nnet_mult.h:70->firmware/nnet_utils/nnet_dense_latency.h:42->firmware/nnet_utils/nnet_dense.h:54->firmware/nnet_utils/nnet_first_conv_stream.h:160]   --->   Operation 341 'sext' 'sext_ln70_5' <Predicate = (on_stride)> <Delay = 0.00>
ST_2 : Operation 342 [1/1] (0.00ns)   --->   "%sext_ln70_10 = sext i12 %kernel_data_32" [firmware/nnet_utils/nnet_mult.h:70->firmware/nnet_utils/nnet_dense_latency.h:42->firmware/nnet_utils/nnet_dense.h:54->firmware/nnet_utils/nnet_first_conv_stream.h:160]   --->   Operation 342 'sext' 'sext_ln70_10' <Predicate = (on_stride)> <Delay = 0.00>
ST_2 : Operation 343 [1/1] (0.00ns)   --->   "%shl_ln42_29 = bitconcatenate i15 @_ssdm_op_BitConcatenate.i15.i12.i3, i12 %kernel_data_32, i3 0" [firmware/nnet_utils/nnet_dense_latency.h:42->firmware/nnet_utils/nnet_dense.h:54->firmware/nnet_utils/nnet_first_conv_stream.h:160]   --->   Operation 343 'bitconcatenate' 'shl_ln42_29' <Predicate = (on_stride)> <Delay = 0.00>
ST_2 : Operation 344 [1/1] (0.00ns)   --->   "%shl_ln42_30 = bitconcatenate i14 @_ssdm_op_BitConcatenate.i14.i12.i2, i12 %kernel_data_32, i2 0" [firmware/nnet_utils/nnet_dense_latency.h:42->firmware/nnet_utils/nnet_dense.h:54->firmware/nnet_utils/nnet_first_conv_stream.h:160]   --->   Operation 344 'bitconcatenate' 'shl_ln42_30' <Predicate = (on_stride)> <Delay = 0.00>
ST_2 : Operation 345 [1/1] (0.00ns)   --->   "%sext_ln42_32 = sext i14 %shl_ln42_30" [firmware/nnet_utils/nnet_dense_latency.h:42->firmware/nnet_utils/nnet_dense.h:54->firmware/nnet_utils/nnet_first_conv_stream.h:160]   --->   Operation 345 'sext' 'sext_ln42_32' <Predicate = (on_stride)> <Delay = 0.00>
ST_2 : Operation 346 [1/1] (0.00ns) (grouped into TernaryAdder)   --->   "%sub_ln42_21 = sub i15 0, i15 %sext_ln42_32" [firmware/nnet_utils/nnet_dense_latency.h:42->firmware/nnet_utils/nnet_dense.h:54->firmware/nnet_utils/nnet_first_conv_stream.h:160]   --->   Operation 346 'sub' 'sub_ln42_21' <Predicate = (on_stride)> <Delay = 0.00> <CoreInst = "TAddSub">   --->   Core 10 'TAddSub' <Latency = 0> <II = 1> <Delay = 0.36> <IPBlock> <Opcode : '' 'add' 'sub'> <InPorts = 3> <OutPorts = 1> <Sync> <CReg>
ST_2 : Operation 347 [1/1] (0.73ns) (root node of TernaryAdder)   --->   "%sub_ln42_22 = sub i15 %sub_ln42_21, i15 %sext_ln70_5" [firmware/nnet_utils/nnet_dense_latency.h:42->firmware/nnet_utils/nnet_dense.h:54->firmware/nnet_utils/nnet_first_conv_stream.h:160]   --->   Operation 347 'sub' 'sub_ln42_22' <Predicate = (on_stride)> <Delay = 0.73> <CoreInst = "TAddSub">   --->   Core 10 'TAddSub' <Latency = 0> <II = 1> <Delay = 0.36> <IPBlock> <Opcode : '' 'add' 'sub'> <InPorts = 3> <OutPorts = 1> <Sync> <CReg>
ST_2 : Operation 348 [1/1] (0.00ns) (grouped into TernaryAdder)   --->   "%sub_ln42_23 = sub i15 0, i15 %shl_ln42_29" [firmware/nnet_utils/nnet_dense_latency.h:42->firmware/nnet_utils/nnet_dense.h:54->firmware/nnet_utils/nnet_first_conv_stream.h:160]   --->   Operation 348 'sub' 'sub_ln42_23' <Predicate = (on_stride)> <Delay = 0.00> <CoreInst = "TAddSub">   --->   Core 10 'TAddSub' <Latency = 0> <II = 1> <Delay = 0.36> <IPBlock> <Opcode : '' 'add' 'sub'> <InPorts = 3> <OutPorts = 1> <Sync> <CReg>
ST_2 : Operation 349 [1/1] (0.73ns) (root node of TernaryAdder)   --->   "%sub_ln42_24 = sub i15 %sub_ln42_23, i15 %sext_ln70_5" [firmware/nnet_utils/nnet_dense_latency.h:42->firmware/nnet_utils/nnet_dense.h:54->firmware/nnet_utils/nnet_first_conv_stream.h:160]   --->   Operation 349 'sub' 'sub_ln42_24' <Predicate = (on_stride)> <Delay = 0.73> <CoreInst = "TAddSub">   --->   Core 10 'TAddSub' <Latency = 0> <II = 1> <Delay = 0.36> <IPBlock> <Opcode : '' 'add' 'sub'> <InPorts = 3> <OutPorts = 1> <Sync> <CReg>
ST_2 : Operation 350 [1/1] (0.00ns)   --->   "%shl_ln42_31 = bitconcatenate i13 @_ssdm_op_BitConcatenate.i13.i12.i1, i12 %kernel_data_32, i1 0" [firmware/nnet_utils/nnet_dense_latency.h:42->firmware/nnet_utils/nnet_dense.h:54->firmware/nnet_utils/nnet_first_conv_stream.h:160]   --->   Operation 350 'bitconcatenate' 'shl_ln42_31' <Predicate = (on_stride)> <Delay = 0.00>
ST_2 : Operation 351 [1/1] (0.00ns)   --->   "%sext_ln42_33 = sext i13 %shl_ln42_31" [firmware/nnet_utils/nnet_dense_latency.h:42->firmware/nnet_utils/nnet_dense.h:54->firmware/nnet_utils/nnet_first_conv_stream.h:160]   --->   Operation 351 'sext' 'sext_ln42_33' <Predicate = (on_stride)> <Delay = 0.00>
ST_2 : Operation 352 [1/1] (0.84ns)   --->   "%sub_ln42_25 = sub i15 %shl_ln42_29, i15 %sext_ln42_33" [firmware/nnet_utils/nnet_dense_latency.h:42->firmware/nnet_utils/nnet_dense.h:54->firmware/nnet_utils/nnet_first_conv_stream.h:160]   --->   Operation 352 'sub' 'sub_ln42_25' <Predicate = (on_stride)> <Delay = 0.84> <CoreInst = "Adder">   --->   Core 1 'Adder' <Latency = 0> <II = 1> <Delay = 0.84> <FuncUnit> <Opcode : 'add' 'sub'> <InPorts = 2> <OutPorts = 1>
ST_2 : Operation 353 [1/1] (0.00ns)   --->   "%sext_ln42_34 = sext i12 %kernel_data_33" [firmware/nnet_utils/nnet_dense_latency.h:42->firmware/nnet_utils/nnet_dense.h:54->firmware/nnet_utils/nnet_first_conv_stream.h:160]   --->   Operation 353 'sext' 'sext_ln42_34' <Predicate = (on_stride)> <Delay = 0.00>
ST_2 : Operation 354 [1/1] (0.00ns)   --->   "%sext_ln42_35 = sext i12 %kernel_data_33" [firmware/nnet_utils/nnet_dense_latency.h:42->firmware/nnet_utils/nnet_dense.h:54->firmware/nnet_utils/nnet_first_conv_stream.h:160]   --->   Operation 354 'sext' 'sext_ln42_35' <Predicate = (on_stride)> <Delay = 0.00>
ST_2 : Operation 355 [1/1] (0.00ns)   --->   "%shl_ln42_32 = bitconcatenate i14 @_ssdm_op_BitConcatenate.i14.i12.i2, i12 %kernel_data_33, i2 0" [firmware/nnet_utils/nnet_dense_latency.h:42->firmware/nnet_utils/nnet_dense.h:54->firmware/nnet_utils/nnet_first_conv_stream.h:160]   --->   Operation 355 'bitconcatenate' 'shl_ln42_32' <Predicate = (on_stride)> <Delay = 0.00>
ST_2 : Operation 356 [1/1] (0.00ns)   --->   "%sext_ln42_36 = sext i14 %shl_ln42_32" [firmware/nnet_utils/nnet_dense_latency.h:42->firmware/nnet_utils/nnet_dense.h:54->firmware/nnet_utils/nnet_first_conv_stream.h:160]   --->   Operation 356 'sext' 'sext_ln42_36' <Predicate = (on_stride)> <Delay = 0.00>
ST_2 : Operation 357 [1/1] (0.00ns)   --->   "%shl_ln42_33 = bitconcatenate i15 @_ssdm_op_BitConcatenate.i15.i12.i3, i12 %kernel_data_33, i3 0" [firmware/nnet_utils/nnet_dense_latency.h:42->firmware/nnet_utils/nnet_dense.h:54->firmware/nnet_utils/nnet_first_conv_stream.h:160]   --->   Operation 357 'bitconcatenate' 'shl_ln42_33' <Predicate = (on_stride)> <Delay = 0.00>
ST_2 : Operation 358 [1/1] (0.83ns)   --->   "%sub_ln42_26 = sub i15 %sext_ln42_36, i15 %sext_ln42_35" [firmware/nnet_utils/nnet_dense_latency.h:42->firmware/nnet_utils/nnet_dense.h:54->firmware/nnet_utils/nnet_first_conv_stream.h:160]   --->   Operation 358 'sub' 'sub_ln42_26' <Predicate = (on_stride)> <Delay = 0.83> <CoreInst = "Adder">   --->   Core 1 'Adder' <Latency = 0> <II = 1> <Delay = 0.84> <FuncUnit> <Opcode : 'add' 'sub'> <InPorts = 2> <OutPorts = 1>
ST_2 : Operation 359 [1/1] (0.82ns)   --->   "%add_ln58_42 = add i14 %sext_ln70_4, i14 15552" [firmware/nnet_utils/nnet_dense_latency.h:58->firmware/nnet_utils/nnet_dense.h:54->firmware/nnet_utils/nnet_first_conv_stream.h:160]   --->   Operation 359 'add' 'add_ln58_42' <Predicate = (on_stride)> <Delay = 0.82> <CoreInst = "Adder">   --->   Core 1 'Adder' <Latency = 0> <II = 1> <Delay = 0.83> <FuncUnit> <Opcode : 'add' 'sub'> <InPorts = 2> <OutPorts = 1>
ST_2 : Operation 360 [1/1] (0.00ns)   --->   "%sext_ln58_8 = sext i14 %add_ln58_42" [firmware/nnet_utils/nnet_dense_latency.h:58->firmware/nnet_utils/nnet_dense.h:54->firmware/nnet_utils/nnet_first_conv_stream.h:160]   --->   Operation 360 'sext' 'sext_ln58_8' <Predicate = (on_stride)> <Delay = 0.00>
ST_2 : Operation 361 [1/1] (0.82ns)   --->   "%add_ln58_43 = add i14 %sext_ln70_4, i14 16064" [firmware/nnet_utils/nnet_dense_latency.h:58->firmware/nnet_utils/nnet_dense.h:54->firmware/nnet_utils/nnet_first_conv_stream.h:160]   --->   Operation 361 'add' 'add_ln58_43' <Predicate = (on_stride)> <Delay = 0.82> <CoreInst = "Adder">   --->   Core 1 'Adder' <Latency = 0> <II = 1> <Delay = 0.83> <FuncUnit> <Opcode : 'add' 'sub'> <InPorts = 2> <OutPorts = 1>
ST_2 : Operation 362 [1/1] (0.00ns)   --->   "%sext_ln58_9 = sext i14 %add_ln58_43" [firmware/nnet_utils/nnet_dense_latency.h:58->firmware/nnet_utils/nnet_dense.h:54->firmware/nnet_utils/nnet_first_conv_stream.h:160]   --->   Operation 362 'sext' 'sext_ln58_9' <Predicate = (on_stride)> <Delay = 0.00>
ST_2 : Operation 363 [1/1] (0.82ns)   --->   "%add_ln58_45 = add i14 %sext_ln42_29, i14 15488" [firmware/nnet_utils/nnet_dense_latency.h:58->firmware/nnet_utils/nnet_dense.h:54->firmware/nnet_utils/nnet_first_conv_stream.h:160]   --->   Operation 363 'add' 'add_ln58_45' <Predicate = (on_stride)> <Delay = 0.82> <CoreInst = "Adder">   --->   Core 1 'Adder' <Latency = 0> <II = 1> <Delay = 0.83> <FuncUnit> <Opcode : 'add' 'sub'> <InPorts = 2> <OutPorts = 1>
ST_2 : Operation 364 [1/1] (0.00ns)   --->   "%sext_ln58_10 = sext i14 %add_ln58_45" [firmware/nnet_utils/nnet_dense_latency.h:58->firmware/nnet_utils/nnet_dense.h:54->firmware/nnet_utils/nnet_first_conv_stream.h:160]   --->   Operation 364 'sext' 'sext_ln58_10' <Predicate = (on_stride)> <Delay = 0.00>
ST_2 : Operation 365 [1/1] (0.83ns)   --->   "%sub_ln58_10 = sub i15 %sext_ln58_9, i15 %sext_ln42_28" [firmware/nnet_utils/nnet_dense_latency.h:58->firmware/nnet_utils/nnet_dense.h:54->firmware/nnet_utils/nnet_first_conv_stream.h:160]   --->   Operation 365 'sub' 'sub_ln58_10' <Predicate = (on_stride)> <Delay = 0.83> <CoreInst = "Adder">   --->   Core 1 'Adder' <Latency = 0> <II = 1> <Delay = 0.84> <FuncUnit> <Opcode : 'add' 'sub'> <InPorts = 2> <OutPorts = 1>
ST_2 : Operation 366 [1/1] (0.80ns)   --->   "%tmp225114 = add i13 %sext_ln70_10, i13 %sext_ln42_27" [firmware/nnet_utils/nnet_mult.h:70->firmware/nnet_utils/nnet_dense_latency.h:42->firmware/nnet_utils/nnet_dense.h:54->firmware/nnet_utils/nnet_first_conv_stream.h:160]   --->   Operation 366 'add' 'tmp225114' <Predicate = (on_stride)> <Delay = 0.80> <CoreInst = "Adder">   --->   Core 1 'Adder' <Latency = 0> <II = 1> <Delay = 0.82> <FuncUnit> <Opcode : 'add' 'sub'> <InPorts = 2> <OutPorts = 1>
ST_2 : Operation 367 [1/1] (0.00ns)   --->   "%p_shl10 = bitconcatenate i15 @_ssdm_op_BitConcatenate.i15.i13.i2, i13 %tmp225114, i2 0" [firmware/nnet_utils/nnet_mult.h:70->firmware/nnet_utils/nnet_dense_latency.h:42->firmware/nnet_utils/nnet_dense.h:54->firmware/nnet_utils/nnet_first_conv_stream.h:160]   --->   Operation 367 'bitconcatenate' 'p_shl10' <Predicate = (on_stride)> <Delay = 0.00>
ST_2 : Operation 368 [1/1] (0.80ns)   --->   "%add_ln58_49 = add i13 %sext_ln42_26, i13 7808" [firmware/nnet_utils/nnet_dense_latency.h:58->firmware/nnet_utils/nnet_dense.h:54->firmware/nnet_utils/nnet_first_conv_stream.h:160]   --->   Operation 368 'add' 'add_ln58_49' <Predicate = (on_stride)> <Delay = 0.80> <CoreInst = "Adder">   --->   Core 1 'Adder' <Latency = 0> <II = 1> <Delay = 0.82> <FuncUnit> <Opcode : 'add' 'sub'> <InPorts = 2> <OutPorts = 1>
ST_2 : Operation 369 [1/1] (0.00ns)   --->   "%sext_ln58_11 = sext i13 %add_ln58_49" [firmware/nnet_utils/nnet_dense_latency.h:58->firmware/nnet_utils/nnet_dense.h:54->firmware/nnet_utils/nnet_first_conv_stream.h:160]   --->   Operation 369 'sext' 'sext_ln58_11' <Predicate = (on_stride)> <Delay = 0.00>
ST_2 : Operation 370 [1/1] (0.00ns) (grouped into TernaryAdder)   --->   "%add_ln58_50 = add i15 %sub_ln42_20, i15 %sext_ln58_11" [firmware/nnet_utils/nnet_dense_latency.h:58->firmware/nnet_utils/nnet_dense.h:54->firmware/nnet_utils/nnet_first_conv_stream.h:160]   --->   Operation 370 'add' 'add_ln58_50' <Predicate = (on_stride)> <Delay = 0.00> <CoreInst = "TAddSub">   --->   Core 10 'TAddSub' <Latency = 0> <II = 1> <Delay = 0.36> <IPBlock> <Opcode : '' 'add' 'sub'> <InPorts = 3> <OutPorts = 1> <Sync> <CReg>
ST_2 : Operation 371 [1/1] (0.73ns) (root node of TernaryAdder)   --->   "%x_16 = sub i15 %add_ln58_50, i15 %p_shl10" [firmware/nnet_utils/nnet_dense_latency.h:58->firmware/nnet_utils/nnet_dense.h:54->firmware/nnet_utils/nnet_first_conv_stream.h:160]   --->   Operation 371 'sub' 'x_16' <Predicate = (on_stride)> <Delay = 0.73> <CoreInst = "TAddSub">   --->   Core 10 'TAddSub' <Latency = 0> <II = 1> <Delay = 0.36> <IPBlock> <Opcode : '' 'add' 'sub'> <InPorts = 3> <OutPorts = 1> <Sync> <CReg>
ST_2 : Operation 372 [1/1] (0.83ns)   --->   "%add_ln58_52 = add i15 %sext_ln58_10, i15 %sext_ln42_30" [firmware/nnet_utils/nnet_dense_latency.h:58->firmware/nnet_utils/nnet_dense.h:54->firmware/nnet_utils/nnet_first_conv_stream.h:160]   --->   Operation 372 'add' 'add_ln58_52' <Predicate = (on_stride)> <Delay = 0.83> <CoreInst = "Adder">   --->   Core 1 'Adder' <Latency = 0> <II = 1> <Delay = 0.84> <FuncUnit> <Opcode : 'add' 'sub'> <InPorts = 2> <OutPorts = 1>
ST_2 : Operation 373 [1/1] (0.00ns) (grouped into TernaryAdder)   --->   "%add_ln58_51 = add i15 %add_ln58_52, i15 %sub_ln42_22" [firmware/nnet_utils/nnet_dense_latency.h:58->firmware/nnet_utils/nnet_dense.h:54->firmware/nnet_utils/nnet_first_conv_stream.h:160]   --->   Operation 373 'add' 'add_ln58_51' <Predicate = (on_stride)> <Delay = 0.00> <CoreInst = "TAddSub">   --->   Core 10 'TAddSub' <Latency = 0> <II = 1> <Delay = 0.36> <IPBlock> <Opcode : '' 'add' 'sub'> <InPorts = 3> <OutPorts = 1> <Sync> <CReg>
ST_2 : Operation 374 [1/1] (0.84ns)   --->   "%add_ln58_53 = add i15 %shl_ln42_29, i15 %shl_ln42_25" [firmware/nnet_utils/nnet_dense_latency.h:58->firmware/nnet_utils/nnet_dense.h:54->firmware/nnet_utils/nnet_first_conv_stream.h:160]   --->   Operation 374 'add' 'add_ln58_53' <Predicate = (on_stride)> <Delay = 0.84> <CoreInst = "Adder">   --->   Core 1 'Adder' <Latency = 0> <II = 1> <Delay = 0.84> <FuncUnit> <Opcode : 'add' 'sub'> <InPorts = 2> <OutPorts = 1>
ST_2 : Operation 375 [1/1] (0.00ns) (grouped into TernaryAdder)   --->   "%add_ln58_55 = add i15 %sext_ln58_8, i15 %sext_ln42_36" [firmware/nnet_utils/nnet_dense_latency.h:58->firmware/nnet_utils/nnet_dense.h:54->firmware/nnet_utils/nnet_first_conv_stream.h:160]   --->   Operation 375 'add' 'add_ln58_55' <Predicate = (on_stride)> <Delay = 0.00> <CoreInst = "TAddSub">   --->   Core 10 'TAddSub' <Latency = 0> <II = 1> <Delay = 0.36> <IPBlock> <Opcode : '' 'add' 'sub'> <InPorts = 3> <OutPorts = 1> <Sync> <CReg>
ST_2 : Operation 376 [1/1] (0.80ns)   --->   "%add_ln58_56 = add i13 %sext_ln70_10, i13 %sext_ln42_34" [firmware/nnet_utils/nnet_dense_latency.h:58->firmware/nnet_utils/nnet_dense.h:54->firmware/nnet_utils/nnet_first_conv_stream.h:160]   --->   Operation 376 'add' 'add_ln58_56' <Predicate = (on_stride)> <Delay = 0.80> <CoreInst = "Adder">   --->   Core 1 'Adder' <Latency = 0> <II = 1> <Delay = 0.82> <FuncUnit> <Opcode : 'add' 'sub'> <InPorts = 2> <OutPorts = 1>
ST_2 : Operation 377 [1/1] (0.00ns)   --->   "%sext_ln58_20 = sext i13 %add_ln58_56" [firmware/nnet_utils/nnet_dense_latency.h:58->firmware/nnet_utils/nnet_dense.h:54->firmware/nnet_utils/nnet_first_conv_stream.h:160]   --->   Operation 377 'sext' 'sext_ln58_20' <Predicate = (on_stride)> <Delay = 0.00>
ST_2 : Operation 378 [1/1] (0.73ns) (root node of TernaryAdder)   --->   "%add_ln58_57 = add i15 %sext_ln58_20, i15 %add_ln58_55" [firmware/nnet_utils/nnet_dense_latency.h:58->firmware/nnet_utils/nnet_dense.h:54->firmware/nnet_utils/nnet_first_conv_stream.h:160]   --->   Operation 378 'add' 'add_ln58_57' <Predicate = (on_stride)> <Delay = 0.73> <CoreInst = "TAddSub">   --->   Core 10 'TAddSub' <Latency = 0> <II = 1> <Delay = 0.36> <IPBlock> <Opcode : '' 'add' 'sub'> <InPorts = 3> <OutPorts = 1> <Sync> <CReg>
ST_2 : Operation 379 [1/1] (0.80ns)   --->   "%tmp22831 = sub i13 %sext_ln42_34, i13 %sext_ln42_26" [firmware/nnet_utils/nnet_dense_latency.h:42->firmware/nnet_utils/nnet_dense.h:54->firmware/nnet_utils/nnet_first_conv_stream.h:160]   --->   Operation 379 'sub' 'tmp22831' <Predicate = (on_stride)> <Delay = 0.80> <CoreInst = "Adder">   --->   Core 1 'Adder' <Latency = 0> <II = 1> <Delay = 0.82> <FuncUnit> <Opcode : 'add' 'sub'> <InPorts = 2> <OutPorts = 1>
ST_2 : Operation 380 [1/1] (0.00ns)   --->   "%tmp3 = bitconcatenate i15 @_ssdm_op_BitConcatenate.i15.i13.i2, i13 %tmp22831, i2 0" [firmware/nnet_utils/nnet_dense_latency.h:42->firmware/nnet_utils/nnet_dense.h:54->firmware/nnet_utils/nnet_first_conv_stream.h:160]   --->   Operation 380 'bitconcatenate' 'tmp3' <Predicate = (on_stride)> <Delay = 0.00>
ST_2 : Operation 381 [1/1] (0.00ns) (grouped into TernaryAdder)   --->   "%add_ln58_61 = add i15 %sub_ln42_18, i15 %tmp3" [firmware/nnet_utils/nnet_dense_latency.h:58->firmware/nnet_utils/nnet_dense.h:54->firmware/nnet_utils/nnet_first_conv_stream.h:160]   --->   Operation 381 'add' 'add_ln58_61' <Predicate = (on_stride)> <Delay = 0.00> <CoreInst = "TAddSub">   --->   Core 10 'TAddSub' <Latency = 0> <II = 1> <Delay = 0.36> <IPBlock> <Opcode : '' 'add' 'sub'> <InPorts = 3> <OutPorts = 1> <Sync> <CReg>
ST_2 : Operation 382 [1/1] (0.82ns)   --->   "%add_ln58_62 = add i14 %sext_ln42_50, i14 15680" [firmware/nnet_utils/nnet_dense_latency.h:58->firmware/nnet_utils/nnet_dense.h:54->firmware/nnet_utils/nnet_first_conv_stream.h:160]   --->   Operation 382 'add' 'add_ln58_62' <Predicate = (on_stride)> <Delay = 0.82> <CoreInst = "Adder">   --->   Core 1 'Adder' <Latency = 0> <II = 1> <Delay = 0.83> <FuncUnit> <Opcode : 'add' 'sub'> <InPorts = 2> <OutPorts = 1>
ST_2 : Operation 383 [1/1] (0.00ns)   --->   "%sext_ln58_21 = sext i14 %add_ln58_62" [firmware/nnet_utils/nnet_dense_latency.h:58->firmware/nnet_utils/nnet_dense.h:54->firmware/nnet_utils/nnet_first_conv_stream.h:160]   --->   Operation 383 'sext' 'sext_ln58_21' <Predicate = (on_stride)> <Delay = 0.00>
ST_2 : Operation 384 [1/1] (0.73ns) (root node of TernaryAdder)   --->   "%x_15 = add i15 %sext_ln58_21, i15 %add_ln58_61" [firmware/nnet_utils/nnet_dense_latency.h:58->firmware/nnet_utils/nnet_dense.h:54->firmware/nnet_utils/nnet_first_conv_stream.h:160]   --->   Operation 384 'add' 'x_15' <Predicate = (on_stride)> <Delay = 0.73> <CoreInst = "TAddSub">   --->   Core 10 'TAddSub' <Latency = 0> <II = 1> <Delay = 0.36> <IPBlock> <Opcode : '' 'add' 'sub'> <InPorts = 3> <OutPorts = 1> <Sync> <CReg>
ST_2 : Operation 385 [1/1] (0.80ns)   --->   "%tmp231 = add i13 %sext_ln42_27, i13 %sext_ln42_26" [firmware/nnet_utils/nnet_dense_latency.h:42->firmware/nnet_utils/nnet_dense.h:54->firmware/nnet_utils/nnet_first_conv_stream.h:160]   --->   Operation 385 'add' 'tmp231' <Predicate = (on_stride)> <Delay = 0.80> <CoreInst = "Adder">   --->   Core 1 'Adder' <Latency = 0> <II = 1> <Delay = 0.82> <FuncUnit> <Opcode : 'add' 'sub'> <InPorts = 2> <OutPorts = 1>
ST_2 : Operation 386 [1/1] (0.00ns)   --->   "%tmp231_cast = sext i13 %tmp231" [firmware/nnet_utils/nnet_dense_latency.h:42->firmware/nnet_utils/nnet_dense.h:54->firmware/nnet_utils/nnet_first_conv_stream.h:160]   --->   Operation 386 'sext' 'tmp231_cast' <Predicate = (on_stride)> <Delay = 0.00>
ST_2 : Operation 387 [1/1] (0.00ns)   --->   "%empty_37 = trunc i13 %tmp231" [firmware/nnet_utils/nnet_dense_latency.h:42->firmware/nnet_utils/nnet_dense.h:54->firmware/nnet_utils/nnet_first_conv_stream.h:160]   --->   Operation 387 'trunc' 'empty_37' <Predicate = (on_stride)> <Delay = 0.00>
ST_2 : Operation 388 [1/1] (0.00ns)   --->   "%p_shl11 = bitconcatenate i15 @_ssdm_op_BitConcatenate.i15.i12.i3, i12 %empty_37, i3 0" [firmware/nnet_utils/nnet_dense_latency.h:42->firmware/nnet_utils/nnet_dense.h:54->firmware/nnet_utils/nnet_first_conv_stream.h:160]   --->   Operation 388 'bitconcatenate' 'p_shl11' <Predicate = (on_stride)> <Delay = 0.00>
ST_2 : Operation 389 [1/1] (0.00ns) (grouped into TernaryAdder)   --->   "%tmp232 = sub i15 %p_shl11, i15 %tmp231_cast" [firmware/nnet_utils/nnet_dense_latency.h:42->firmware/nnet_utils/nnet_dense.h:54->firmware/nnet_utils/nnet_first_conv_stream.h:160]   --->   Operation 389 'sub' 'tmp232' <Predicate = (on_stride)> <Delay = 0.00> <CoreInst = "TAddSub">   --->   Core 10 'TAddSub' <Latency = 0> <II = 1> <Delay = 0.36> <IPBlock> <Opcode : '' 'add' 'sub'> <InPorts = 3> <OutPorts = 1> <Sync> <CReg>
ST_2 : Operation 390 [1/1] (0.73ns) (root node of TernaryAdder)   --->   "%add_ln58_67 = add i15 %tmp232, i15 31872" [firmware/nnet_utils/nnet_dense_latency.h:58->firmware/nnet_utils/nnet_dense.h:54->firmware/nnet_utils/nnet_first_conv_stream.h:160]   --->   Operation 390 'add' 'add_ln58_67' <Predicate = (on_stride)> <Delay = 0.73> <CoreInst = "TAddSub">   --->   Core 10 'TAddSub' <Latency = 0> <II = 1> <Delay = 0.36> <IPBlock> <Opcode : '' 'add' 'sub'> <InPorts = 3> <OutPorts = 1> <Sync> <CReg>
ST_2 : Operation 391 [1/1] (0.00ns) (grouped into TernaryAdder)   --->   "%add_ln58_58 = add i15 %add_ln58_67, i15 %sub_ln42_20" [firmware/nnet_utils/nnet_dense_latency.h:58->firmware/nnet_utils/nnet_dense.h:54->firmware/nnet_utils/nnet_first_conv_stream.h:160]   --->   Operation 391 'add' 'add_ln58_58' <Predicate = (on_stride)> <Delay = 0.00> <CoreInst = "TAddSub">   --->   Core 10 'TAddSub' <Latency = 0> <II = 1> <Delay = 0.36> <IPBlock> <Opcode : '' 'add' 'sub'> <InPorts = 3> <OutPorts = 1> <Sync> <CReg>
ST_2 : Operation 392 [1/1] (0.73ns) (root node of TernaryAdder)   --->   "%x_17 = sub i15 %add_ln58_58, i15 %sext_ln42_35" [firmware/nnet_utils/nnet_dense_latency.h:58->firmware/nnet_utils/nnet_dense.h:54->firmware/nnet_utils/nnet_first_conv_stream.h:160]   --->   Operation 392 'sub' 'x_17' <Predicate = (on_stride)> <Delay = 0.73> <CoreInst = "TAddSub">   --->   Core 10 'TAddSub' <Latency = 0> <II = 1> <Delay = 0.36> <IPBlock> <Opcode : '' 'add' 'sub'> <InPorts = 3> <OutPorts = 1> <Sync> <CReg>
ST_2 : Operation 393 [1/1] (0.73ns) (root node of TernaryAdder)   --->   "%x_18 = sub i15 %add_ln58_51, i15 %shl_ln42_33" [firmware/nnet_utils/nnet_dense_latency.h:58->firmware/nnet_utils/nnet_dense.h:54->firmware/nnet_utils/nnet_first_conv_stream.h:160]   --->   Operation 393 'sub' 'x_18' <Predicate = (on_stride)> <Delay = 0.73> <CoreInst = "TAddSub">   --->   Core 10 'TAddSub' <Latency = 0> <II = 1> <Delay = 0.36> <IPBlock> <Opcode : '' 'add' 'sub'> <InPorts = 3> <OutPorts = 1> <Sync> <CReg>
ST_2 : Operation 394 [1/1] (0.80ns)   --->   "%tmp233 = add i13 %sext_ln42_34, i13 %sext_ln42_26" [firmware/nnet_utils/nnet_dense_latency.h:42->firmware/nnet_utils/nnet_dense.h:54->firmware/nnet_utils/nnet_first_conv_stream.h:160]   --->   Operation 394 'add' 'tmp233' <Predicate = (on_stride)> <Delay = 0.80> <CoreInst = "Adder">   --->   Core 1 'Adder' <Latency = 0> <II = 1> <Delay = 0.82> <FuncUnit> <Opcode : 'add' 'sub'> <InPorts = 2> <OutPorts = 1>
ST_2 : Operation 395 [1/1] (0.00ns)   --->   "%tmp233_cast = sext i13 %tmp233" [firmware/nnet_utils/nnet_dense_latency.h:42->firmware/nnet_utils/nnet_dense.h:54->firmware/nnet_utils/nnet_first_conv_stream.h:160]   --->   Operation 395 'sext' 'tmp233_cast' <Predicate = (on_stride)> <Delay = 0.00>
ST_2 : Operation 396 [1/1] (0.00ns)   --->   "%p_shl2 = bitconcatenate i15 @_ssdm_op_BitConcatenate.i15.i13.i2, i13 %tmp233, i2 0" [firmware/nnet_utils/nnet_dense_latency.h:42->firmware/nnet_utils/nnet_dense.h:54->firmware/nnet_utils/nnet_first_conv_stream.h:160]   --->   Operation 396 'bitconcatenate' 'p_shl2' <Predicate = (on_stride)> <Delay = 0.00>
ST_2 : Operation 397 [1/1] (0.84ns)   --->   "%tmp234 = sub i15 %tmp233_cast, i15 %p_shl2" [firmware/nnet_utils/nnet_dense_latency.h:42->firmware/nnet_utils/nnet_dense.h:54->firmware/nnet_utils/nnet_first_conv_stream.h:160]   --->   Operation 397 'sub' 'tmp234' <Predicate = (on_stride)> <Delay = 0.84> <CoreInst = "Adder">   --->   Core 1 'Adder' <Latency = 0> <II = 1> <Delay = 0.84> <FuncUnit> <Opcode : 'add' 'sub'> <InPorts = 2> <OutPorts = 1>
ST_2 : Operation 398 [1/1] (0.00ns) (grouped into TernaryAdder)   --->   "%add_ln58_59 = add i15 %sub_ln42_19, i15 384" [firmware/nnet_utils/nnet_dense_latency.h:58->firmware/nnet_utils/nnet_dense.h:54->firmware/nnet_utils/nnet_first_conv_stream.h:160]   --->   Operation 398 'add' 'add_ln58_59' <Predicate = (on_stride)> <Delay = 0.00> <CoreInst = "TAddSub">   --->   Core 10 'TAddSub' <Latency = 0> <II = 1> <Delay = 0.36> <IPBlock> <Opcode : '' 'add' 'sub'> <InPorts = 3> <OutPorts = 1> <Sync> <CReg>
ST_2 : Operation 399 [1/1] (0.73ns) (root node of TernaryAdder)   --->   "%sub_ln58_14 = sub i15 %add_ln58_59, i15 %shl_ln42_28" [firmware/nnet_utils/nnet_dense_latency.h:58->firmware/nnet_utils/nnet_dense.h:54->firmware/nnet_utils/nnet_first_conv_stream.h:160]   --->   Operation 399 'sub' 'sub_ln58_14' <Predicate = (on_stride)> <Delay = 0.73> <CoreInst = "TAddSub">   --->   Core 10 'TAddSub' <Latency = 0> <II = 1> <Delay = 0.36> <IPBlock> <Opcode : '' 'add' 'sub'> <InPorts = 3> <OutPorts = 1> <Sync> <CReg>
ST_2 : Operation 400 [1/1] (0.00ns) (grouped into TernaryAdder)   --->   "%add_ln58_68 = add i15 %sub_ln42_24, i15 %tmp234" [firmware/nnet_utils/nnet_dense_latency.h:58->firmware/nnet_utils/nnet_dense.h:54->firmware/nnet_utils/nnet_first_conv_stream.h:160]   --->   Operation 400 'add' 'add_ln58_68' <Predicate = (on_stride)> <Delay = 0.00> <CoreInst = "TAddSub">   --->   Core 10 'TAddSub' <Latency = 0> <II = 1> <Delay = 0.36> <IPBlock> <Opcode : '' 'add' 'sub'> <InPorts = 3> <OutPorts = 1> <Sync> <CReg>
ST_2 : Operation 401 [1/1] (0.73ns) (root node of TernaryAdder)   --->   "%x_19 = add i15 %add_ln58_68, i15 %sub_ln58_14" [firmware/nnet_utils/nnet_dense_latency.h:58->firmware/nnet_utils/nnet_dense.h:54->firmware/nnet_utils/nnet_first_conv_stream.h:160]   --->   Operation 401 'add' 'x_19' <Predicate = (on_stride)> <Delay = 0.73> <CoreInst = "TAddSub">   --->   Core 10 'TAddSub' <Latency = 0> <II = 1> <Delay = 0.36> <IPBlock> <Opcode : '' 'add' 'sub'> <InPorts = 3> <OutPorts = 1> <Sync> <CReg>
ST_2 : Operation 402 [1/1] (0.00ns) (grouped into TernaryAdder)   --->   "%add_ln58_73 = add i15 %sub_ln42_25, i15 %sub_ln42_26" [firmware/nnet_utils/nnet_dense_latency.h:58->firmware/nnet_utils/nnet_dense.h:54->firmware/nnet_utils/nnet_first_conv_stream.h:160]   --->   Operation 402 'add' 'add_ln58_73' <Predicate = (on_stride)> <Delay = 0.00> <CoreInst = "TAddSub">   --->   Core 10 'TAddSub' <Latency = 0> <II = 1> <Delay = 0.36> <IPBlock> <Opcode : '' 'add' 'sub'> <InPorts = 3> <OutPorts = 1> <Sync> <CReg>
ST_2 : Operation 403 [1/1] (0.73ns) (root node of TernaryAdder)   --->   "%x_20 = add i15 %add_ln58_73, i15 %sub_ln58_10" [firmware/nnet_utils/nnet_dense_latency.h:58->firmware/nnet_utils/nnet_dense.h:54->firmware/nnet_utils/nnet_first_conv_stream.h:160]   --->   Operation 403 'add' 'x_20' <Predicate = (on_stride)> <Delay = 0.73> <CoreInst = "TAddSub">   --->   Core 10 'TAddSub' <Latency = 0> <II = 1> <Delay = 0.36> <IPBlock> <Opcode : '' 'add' 'sub'> <InPorts = 3> <OutPorts = 1> <Sync> <CReg>
ST_2 : Operation 404 [1/1] (0.00ns)   --->   "%sext_ln42_37 = sext i12 %kernel_data_34" [firmware/nnet_utils/nnet_dense_latency.h:42->firmware/nnet_utils/nnet_dense.h:54->firmware/nnet_utils/nnet_first_conv_stream.h:160]   --->   Operation 404 'sext' 'sext_ln42_37' <Predicate = (on_stride)> <Delay = 0.00>
ST_2 : Operation 405 [1/1] (0.00ns)   --->   "%shl_ln42_6 = bitconcatenate i13 @_ssdm_op_BitConcatenate.i13.i12.i1, i12 %kernel_data_34, i1 0" [firmware/nnet_utils/nnet_dense_latency.h:42->firmware/nnet_utils/nnet_dense.h:54->firmware/nnet_utils/nnet_first_conv_stream.h:160]   --->   Operation 405 'bitconcatenate' 'shl_ln42_6' <Predicate = (on_stride)> <Delay = 0.00>
ST_2 : Operation 406 [1/1] (0.00ns)   --->   "%sext_ln70_6 = sext i13 %shl_ln42_6" [firmware/nnet_utils/nnet_mult.h:70->firmware/nnet_utils/nnet_dense_latency.h:42->firmware/nnet_utils/nnet_dense.h:54->firmware/nnet_utils/nnet_first_conv_stream.h:160]   --->   Operation 406 'sext' 'sext_ln70_6' <Predicate = (on_stride)> <Delay = 0.00>
ST_2 : Operation 407 [1/1] (0.00ns)   --->   "%sext_ln42_38 = sext i12 %kernel_data_35" [firmware/nnet_utils/nnet_dense_latency.h:42->firmware/nnet_utils/nnet_dense.h:54->firmware/nnet_utils/nnet_first_conv_stream.h:160]   --->   Operation 407 'sext' 'sext_ln42_38' <Predicate = (on_stride)> <Delay = 0.00>
ST_2 : Operation 408 [1/1] (0.00ns)   --->   "%shl_ln42_34 = bitconcatenate i15 @_ssdm_op_BitConcatenate.i15.i12.i3, i12 %kernel_data_35, i3 0" [firmware/nnet_utils/nnet_dense_latency.h:42->firmware/nnet_utils/nnet_dense.h:54->firmware/nnet_utils/nnet_first_conv_stream.h:160]   --->   Operation 408 'bitconcatenate' 'shl_ln42_34' <Predicate = (on_stride)> <Delay = 0.00>
ST_2 : Operation 409 [1/1] (0.00ns)   --->   "%shl_ln42_35 = bitconcatenate i13 @_ssdm_op_BitConcatenate.i13.i12.i1, i12 %kernel_data_35, i1 0" [firmware/nnet_utils/nnet_dense_latency.h:42->firmware/nnet_utils/nnet_dense.h:54->firmware/nnet_utils/nnet_first_conv_stream.h:160]   --->   Operation 409 'bitconcatenate' 'shl_ln42_35' <Predicate = (on_stride)> <Delay = 0.00>
ST_2 : Operation 410 [1/1] (0.00ns)   --->   "%sext_ln42_39 = sext i13 %shl_ln42_35" [firmware/nnet_utils/nnet_dense_latency.h:42->firmware/nnet_utils/nnet_dense.h:54->firmware/nnet_utils/nnet_first_conv_stream.h:160]   --->   Operation 410 'sext' 'sext_ln42_39' <Predicate = (on_stride)> <Delay = 0.00>
ST_2 : Operation 411 [1/1] (0.00ns)   --->   "%sext_ln42_40 = sext i13 %shl_ln42_35" [firmware/nnet_utils/nnet_dense_latency.h:42->firmware/nnet_utils/nnet_dense.h:54->firmware/nnet_utils/nnet_first_conv_stream.h:160]   --->   Operation 411 'sext' 'sext_ln42_40' <Predicate = (on_stride)> <Delay = 0.00>
ST_2 : Operation 412 [1/1] (0.84ns)   --->   "%sub_ln42_27 = sub i15 %shl_ln42_34, i15 %sext_ln42_39" [firmware/nnet_utils/nnet_dense_latency.h:42->firmware/nnet_utils/nnet_dense.h:54->firmware/nnet_utils/nnet_first_conv_stream.h:160]   --->   Operation 412 'sub' 'sub_ln42_27' <Predicate = (on_stride)> <Delay = 0.84> <CoreInst = "Adder">   --->   Core 1 'Adder' <Latency = 0> <II = 1> <Delay = 0.84> <FuncUnit> <Opcode : 'add' 'sub'> <InPorts = 2> <OutPorts = 1>
ST_2 : Operation 413 [1/1] (0.84ns)   --->   "%sub_ln42_28 = sub i15 %sext_ln42_39, i15 %shl_ln42_34" [firmware/nnet_utils/nnet_dense_latency.h:42->firmware/nnet_utils/nnet_dense.h:54->firmware/nnet_utils/nnet_first_conv_stream.h:160]   --->   Operation 413 'sub' 'sub_ln42_28' <Predicate = (on_stride)> <Delay = 0.84> <CoreInst = "Adder">   --->   Core 1 'Adder' <Latency = 0> <II = 1> <Delay = 0.84> <FuncUnit> <Opcode : 'add' 'sub'> <InPorts = 2> <OutPorts = 1>
ST_2 : Operation 414 [1/1] (0.00ns)   --->   "%sext_ln42_17 = sext i12 %kernel_data_36" [firmware/nnet_utils/nnet_dense_latency.h:42->firmware/nnet_utils/nnet_dense.h:54->firmware/nnet_utils/nnet_first_conv_stream.h:160]   --->   Operation 414 'sext' 'sext_ln42_17' <Predicate = (on_stride)> <Delay = 0.00>
ST_2 : Operation 415 [1/1] (2.18ns)   --->   "%mul_ln42_3 = mul i15 %sext_ln42_17, i15 11" [firmware/nnet_utils/nnet_dense_latency.h:42->firmware/nnet_utils/nnet_dense.h:54->firmware/nnet_utils/nnet_first_conv_stream.h:160]   --->   Operation 415 'mul' 'mul_ln42_3' <Predicate = (on_stride)> <Delay = 2.18> <CoreInst = "Multiplier">   --->   Core 3 'Multiplier' <Latency = 0> <II = 1> <Delay = 2.18> <FuncUnit> <Opcode : 'mul'> <InPorts = 2> <OutPorts = 1>
ST_2 : Operation 416 [1/1] (0.00ns)   --->   "%shl_ln42_7 = bitconcatenate i13 @_ssdm_op_BitConcatenate.i13.i12.i1, i12 %kernel_data_36, i1 0" [firmware/nnet_utils/nnet_dense_latency.h:42->firmware/nnet_utils/nnet_dense.h:54->firmware/nnet_utils/nnet_first_conv_stream.h:160]   --->   Operation 416 'bitconcatenate' 'shl_ln42_7' <Predicate = (on_stride)> <Delay = 0.00>
ST_2 : Operation 417 [1/1] (0.00ns)   --->   "%sext_ln42_41 = sext i13 %shl_ln42_7" [firmware/nnet_utils/nnet_dense_latency.h:42->firmware/nnet_utils/nnet_dense.h:54->firmware/nnet_utils/nnet_first_conv_stream.h:160]   --->   Operation 417 'sext' 'sext_ln42_41' <Predicate = (on_stride)> <Delay = 0.00>
ST_2 : Operation 418 [1/1] (0.00ns)   --->   "%sext_ln42_51 = sext i13 %shl_ln42_7" [firmware/nnet_utils/nnet_dense_latency.h:42->firmware/nnet_utils/nnet_dense.h:54->firmware/nnet_utils/nnet_first_conv_stream.h:160]   --->   Operation 418 'sext' 'sext_ln42_51' <Predicate = (on_stride)> <Delay = 0.00>
ST_2 : Operation 419 [1/1] (0.00ns)   --->   "%shl_ln42_36 = bitconcatenate i14 @_ssdm_op_BitConcatenate.i14.i12.i2, i12 %kernel_data_36, i2 0" [firmware/nnet_utils/nnet_dense_latency.h:42->firmware/nnet_utils/nnet_dense.h:54->firmware/nnet_utils/nnet_first_conv_stream.h:160]   --->   Operation 419 'bitconcatenate' 'shl_ln42_36' <Predicate = (on_stride)> <Delay = 0.00>
ST_2 : Operation 420 [1/1] (0.00ns)   --->   "%sext_ln42_42 = sext i14 %shl_ln42_36" [firmware/nnet_utils/nnet_dense_latency.h:42->firmware/nnet_utils/nnet_dense.h:54->firmware/nnet_utils/nnet_first_conv_stream.h:160]   --->   Operation 420 'sext' 'sext_ln42_42' <Predicate = (on_stride)> <Delay = 0.00>
ST_2 : Operation 421 [1/1] (0.83ns)   --->   "%sub_ln42_29 = sub i15 %sext_ln42_42, i15 %sext_ln42_17" [firmware/nnet_utils/nnet_dense_latency.h:42->firmware/nnet_utils/nnet_dense.h:54->firmware/nnet_utils/nnet_first_conv_stream.h:160]   --->   Operation 421 'sub' 'sub_ln42_29' <Predicate = (on_stride)> <Delay = 0.83> <CoreInst = "Adder">   --->   Core 1 'Adder' <Latency = 0> <II = 1> <Delay = 0.84> <FuncUnit> <Opcode : 'add' 'sub'> <InPorts = 2> <OutPorts = 1>
ST_2 : Operation 422 [1/1] (0.00ns)   --->   "%shl_ln42_37 = bitconcatenate i15 @_ssdm_op_BitConcatenate.i15.i12.i3, i12 %kernel_data_36, i3 0" [firmware/nnet_utils/nnet_dense_latency.h:42->firmware/nnet_utils/nnet_dense.h:54->firmware/nnet_utils/nnet_first_conv_stream.h:160]   --->   Operation 422 'bitconcatenate' 'shl_ln42_37' <Predicate = (on_stride)> <Delay = 0.00>
ST_2 : Operation 423 [1/1] (0.00ns)   --->   "%sext_ln70_7 = sext i12 %kernel_data_37" [firmware/nnet_utils/nnet_mult.h:70->firmware/nnet_utils/nnet_dense_latency.h:42->firmware/nnet_utils/nnet_dense.h:54->firmware/nnet_utils/nnet_first_conv_stream.h:160]   --->   Operation 423 'sext' 'sext_ln70_7' <Predicate = (on_stride)> <Delay = 0.00>
ST_2 : Operation 424 [1/1] (0.00ns)   --->   "%sext_ln70_11 = sext i12 %kernel_data_37" [firmware/nnet_utils/nnet_mult.h:70->firmware/nnet_utils/nnet_dense_latency.h:42->firmware/nnet_utils/nnet_dense.h:54->firmware/nnet_utils/nnet_first_conv_stream.h:160]   --->   Operation 424 'sext' 'sext_ln70_11' <Predicate = (on_stride)> <Delay = 0.00>
ST_2 : Operation 425 [1/1] (0.00ns)   --->   "%shl_ln42_38 = bitconcatenate i15 @_ssdm_op_BitConcatenate.i15.i12.i3, i12 %kernel_data_37, i3 0" [firmware/nnet_utils/nnet_dense_latency.h:42->firmware/nnet_utils/nnet_dense.h:54->firmware/nnet_utils/nnet_first_conv_stream.h:160]   --->   Operation 425 'bitconcatenate' 'shl_ln42_38' <Predicate = (on_stride)> <Delay = 0.00>
ST_2 : Operation 426 [1/1] (0.00ns)   --->   "%shl_ln42_39 = bitconcatenate i14 @_ssdm_op_BitConcatenate.i14.i12.i2, i12 %kernel_data_37, i2 0" [firmware/nnet_utils/nnet_dense_latency.h:42->firmware/nnet_utils/nnet_dense.h:54->firmware/nnet_utils/nnet_first_conv_stream.h:160]   --->   Operation 426 'bitconcatenate' 'shl_ln42_39' <Predicate = (on_stride)> <Delay = 0.00>
ST_2 : Operation 427 [1/1] (0.00ns)   --->   "%sext_ln42_43 = sext i14 %shl_ln42_39" [firmware/nnet_utils/nnet_dense_latency.h:42->firmware/nnet_utils/nnet_dense.h:54->firmware/nnet_utils/nnet_first_conv_stream.h:160]   --->   Operation 427 'sext' 'sext_ln42_43' <Predicate = (on_stride)> <Delay = 0.00>
ST_2 : Operation 428 [1/1] (0.00ns) (grouped into TernaryAdder)   --->   "%sub_ln42_30 = sub i15 0, i15 %sext_ln42_43" [firmware/nnet_utils/nnet_dense_latency.h:42->firmware/nnet_utils/nnet_dense.h:54->firmware/nnet_utils/nnet_first_conv_stream.h:160]   --->   Operation 428 'sub' 'sub_ln42_30' <Predicate = (on_stride)> <Delay = 0.00> <CoreInst = "TAddSub">   --->   Core 10 'TAddSub' <Latency = 0> <II = 1> <Delay = 0.36> <IPBlock> <Opcode : '' 'add' 'sub'> <InPorts = 3> <OutPorts = 1> <Sync> <CReg>
ST_2 : Operation 429 [1/1] (0.73ns) (root node of TernaryAdder)   --->   "%sub_ln42_31 = sub i15 %sub_ln42_30, i15 %sext_ln70_7" [firmware/nnet_utils/nnet_dense_latency.h:42->firmware/nnet_utils/nnet_dense.h:54->firmware/nnet_utils/nnet_first_conv_stream.h:160]   --->   Operation 429 'sub' 'sub_ln42_31' <Predicate = (on_stride)> <Delay = 0.73> <CoreInst = "TAddSub">   --->   Core 10 'TAddSub' <Latency = 0> <II = 1> <Delay = 0.36> <IPBlock> <Opcode : '' 'add' 'sub'> <InPorts = 3> <OutPorts = 1> <Sync> <CReg>
ST_2 : Operation 430 [1/1] (0.00ns) (grouped into TernaryAdder)   --->   "%sub_ln42_32 = sub i15 0, i15 %shl_ln42_38" [firmware/nnet_utils/nnet_dense_latency.h:42->firmware/nnet_utils/nnet_dense.h:54->firmware/nnet_utils/nnet_first_conv_stream.h:160]   --->   Operation 430 'sub' 'sub_ln42_32' <Predicate = (on_stride)> <Delay = 0.00> <CoreInst = "TAddSub">   --->   Core 10 'TAddSub' <Latency = 0> <II = 1> <Delay = 0.36> <IPBlock> <Opcode : '' 'add' 'sub'> <InPorts = 3> <OutPorts = 1> <Sync> <CReg>
ST_2 : Operation 431 [1/1] (0.73ns) (root node of TernaryAdder)   --->   "%sub_ln42_33 = sub i15 %sub_ln42_32, i15 %sext_ln70_7" [firmware/nnet_utils/nnet_dense_latency.h:42->firmware/nnet_utils/nnet_dense.h:54->firmware/nnet_utils/nnet_first_conv_stream.h:160]   --->   Operation 431 'sub' 'sub_ln42_33' <Predicate = (on_stride)> <Delay = 0.73> <CoreInst = "TAddSub">   --->   Core 10 'TAddSub' <Latency = 0> <II = 1> <Delay = 0.36> <IPBlock> <Opcode : '' 'add' 'sub'> <InPorts = 3> <OutPorts = 1> <Sync> <CReg>
ST_2 : Operation 432 [1/1] (0.00ns)   --->   "%shl_ln42_40 = bitconcatenate i13 @_ssdm_op_BitConcatenate.i13.i12.i1, i12 %kernel_data_37, i1 0" [firmware/nnet_utils/nnet_dense_latency.h:42->firmware/nnet_utils/nnet_dense.h:54->firmware/nnet_utils/nnet_first_conv_stream.h:160]   --->   Operation 432 'bitconcatenate' 'shl_ln42_40' <Predicate = (on_stride)> <Delay = 0.00>
ST_2 : Operation 433 [1/1] (0.00ns)   --->   "%sext_ln42_44 = sext i13 %shl_ln42_40" [firmware/nnet_utils/nnet_dense_latency.h:42->firmware/nnet_utils/nnet_dense.h:54->firmware/nnet_utils/nnet_first_conv_stream.h:160]   --->   Operation 433 'sext' 'sext_ln42_44' <Predicate = (on_stride)> <Delay = 0.00>
ST_2 : Operation 434 [1/1] (0.84ns)   --->   "%sub_ln42_34 = sub i15 %shl_ln42_38, i15 %sext_ln42_44" [firmware/nnet_utils/nnet_dense_latency.h:42->firmware/nnet_utils/nnet_dense.h:54->firmware/nnet_utils/nnet_first_conv_stream.h:160]   --->   Operation 434 'sub' 'sub_ln42_34' <Predicate = (on_stride)> <Delay = 0.84> <CoreInst = "Adder">   --->   Core 1 'Adder' <Latency = 0> <II = 1> <Delay = 0.84> <FuncUnit> <Opcode : 'add' 'sub'> <InPorts = 2> <OutPorts = 1>
ST_2 : Operation 435 [1/1] (0.00ns)   --->   "%sext_ln42_45 = sext i12 %kernel_data_38" [firmware/nnet_utils/nnet_dense_latency.h:42->firmware/nnet_utils/nnet_dense.h:54->firmware/nnet_utils/nnet_first_conv_stream.h:160]   --->   Operation 435 'sext' 'sext_ln42_45' <Predicate = (on_stride)> <Delay = 0.00>
ST_2 : Operation 436 [1/1] (0.00ns)   --->   "%sext_ln42_46 = sext i12 %kernel_data_38" [firmware/nnet_utils/nnet_dense_latency.h:42->firmware/nnet_utils/nnet_dense.h:54->firmware/nnet_utils/nnet_first_conv_stream.h:160]   --->   Operation 436 'sext' 'sext_ln42_46' <Predicate = (on_stride)> <Delay = 0.00>
ST_2 : Operation 437 [1/1] (0.00ns)   --->   "%shl_ln42_41 = bitconcatenate i14 @_ssdm_op_BitConcatenate.i14.i12.i2, i12 %kernel_data_38, i2 0" [firmware/nnet_utils/nnet_dense_latency.h:42->firmware/nnet_utils/nnet_dense.h:54->firmware/nnet_utils/nnet_first_conv_stream.h:160]   --->   Operation 437 'bitconcatenate' 'shl_ln42_41' <Predicate = (on_stride)> <Delay = 0.00>
ST_2 : Operation 438 [1/1] (0.00ns)   --->   "%sext_ln42_47 = sext i14 %shl_ln42_41" [firmware/nnet_utils/nnet_dense_latency.h:42->firmware/nnet_utils/nnet_dense.h:54->firmware/nnet_utils/nnet_first_conv_stream.h:160]   --->   Operation 438 'sext' 'sext_ln42_47' <Predicate = (on_stride)> <Delay = 0.00>
ST_2 : Operation 439 [1/1] (0.00ns)   --->   "%shl_ln42_42 = bitconcatenate i15 @_ssdm_op_BitConcatenate.i15.i12.i3, i12 %kernel_data_38, i3 0" [firmware/nnet_utils/nnet_dense_latency.h:42->firmware/nnet_utils/nnet_dense.h:54->firmware/nnet_utils/nnet_first_conv_stream.h:160]   --->   Operation 439 'bitconcatenate' 'shl_ln42_42' <Predicate = (on_stride)> <Delay = 0.00>
ST_2 : Operation 440 [1/1] (0.83ns)   --->   "%sub_ln42_35 = sub i15 %sext_ln42_47, i15 %sext_ln42_46" [firmware/nnet_utils/nnet_dense_latency.h:42->firmware/nnet_utils/nnet_dense.h:54->firmware/nnet_utils/nnet_first_conv_stream.h:160]   --->   Operation 440 'sub' 'sub_ln42_35' <Predicate = (on_stride)> <Delay = 0.83> <CoreInst = "Adder">   --->   Core 1 'Adder' <Latency = 0> <II = 1> <Delay = 0.84> <FuncUnit> <Opcode : 'add' 'sub'> <InPorts = 2> <OutPorts = 1>
ST_2 : Operation 441 [1/1] (0.82ns)   --->   "%add_ln58_63 = add i14 %sext_ln70_6, i14 15552" [firmware/nnet_utils/nnet_dense_latency.h:58->firmware/nnet_utils/nnet_dense.h:54->firmware/nnet_utils/nnet_first_conv_stream.h:160]   --->   Operation 441 'add' 'add_ln58_63' <Predicate = (on_stride)> <Delay = 0.82> <CoreInst = "Adder">   --->   Core 1 'Adder' <Latency = 0> <II = 1> <Delay = 0.83> <FuncUnit> <Opcode : 'add' 'sub'> <InPorts = 2> <OutPorts = 1>
ST_2 : Operation 442 [1/1] (0.00ns)   --->   "%sext_ln58_12 = sext i14 %add_ln58_63" [firmware/nnet_utils/nnet_dense_latency.h:58->firmware/nnet_utils/nnet_dense.h:54->firmware/nnet_utils/nnet_first_conv_stream.h:160]   --->   Operation 442 'sext' 'sext_ln58_12' <Predicate = (on_stride)> <Delay = 0.00>
ST_2 : Operation 443 [1/1] (0.82ns)   --->   "%add_ln58_64 = add i14 %sext_ln70_6, i14 16064" [firmware/nnet_utils/nnet_dense_latency.h:58->firmware/nnet_utils/nnet_dense.h:54->firmware/nnet_utils/nnet_first_conv_stream.h:160]   --->   Operation 443 'add' 'add_ln58_64' <Predicate = (on_stride)> <Delay = 0.82> <CoreInst = "Adder">   --->   Core 1 'Adder' <Latency = 0> <II = 1> <Delay = 0.83> <FuncUnit> <Opcode : 'add' 'sub'> <InPorts = 2> <OutPorts = 1>
ST_2 : Operation 444 [1/1] (0.00ns)   --->   "%sext_ln58_13 = sext i14 %add_ln58_64" [firmware/nnet_utils/nnet_dense_latency.h:58->firmware/nnet_utils/nnet_dense.h:54->firmware/nnet_utils/nnet_first_conv_stream.h:160]   --->   Operation 444 'sext' 'sext_ln58_13' <Predicate = (on_stride)> <Delay = 0.00>
ST_2 : Operation 445 [1/1] (0.82ns)   --->   "%add_ln58_66 = add i14 %sext_ln42_40, i14 15488" [firmware/nnet_utils/nnet_dense_latency.h:58->firmware/nnet_utils/nnet_dense.h:54->firmware/nnet_utils/nnet_first_conv_stream.h:160]   --->   Operation 445 'add' 'add_ln58_66' <Predicate = (on_stride)> <Delay = 0.82> <CoreInst = "Adder">   --->   Core 1 'Adder' <Latency = 0> <II = 1> <Delay = 0.83> <FuncUnit> <Opcode : 'add' 'sub'> <InPorts = 2> <OutPorts = 1>
ST_2 : Operation 446 [1/1] (0.00ns)   --->   "%sext_ln58_14 = sext i14 %add_ln58_66" [firmware/nnet_utils/nnet_dense_latency.h:58->firmware/nnet_utils/nnet_dense.h:54->firmware/nnet_utils/nnet_first_conv_stream.h:160]   --->   Operation 446 'sext' 'sext_ln58_14' <Predicate = (on_stride)> <Delay = 0.00>
ST_2 : Operation 447 [1/1] (0.83ns)   --->   "%sub_ln58_15 = sub i15 %sext_ln58_13, i15 %sext_ln42_39" [firmware/nnet_utils/nnet_dense_latency.h:58->firmware/nnet_utils/nnet_dense.h:54->firmware/nnet_utils/nnet_first_conv_stream.h:160]   --->   Operation 447 'sub' 'sub_ln58_15' <Predicate = (on_stride)> <Delay = 0.83> <CoreInst = "Adder">   --->   Core 1 'Adder' <Latency = 0> <II = 1> <Delay = 0.84> <FuncUnit> <Opcode : 'add' 'sub'> <InPorts = 2> <OutPorts = 1>
ST_2 : Operation 448 [1/1] (0.80ns)   --->   "%tmp235112 = add i13 %sext_ln70_11, i13 %sext_ln42_38" [firmware/nnet_utils/nnet_mult.h:70->firmware/nnet_utils/nnet_dense_latency.h:42->firmware/nnet_utils/nnet_dense.h:54->firmware/nnet_utils/nnet_first_conv_stream.h:160]   --->   Operation 448 'add' 'tmp235112' <Predicate = (on_stride)> <Delay = 0.80> <CoreInst = "Adder">   --->   Core 1 'Adder' <Latency = 0> <II = 1> <Delay = 0.82> <FuncUnit> <Opcode : 'add' 'sub'> <InPorts = 2> <OutPorts = 1>
ST_2 : Operation 449 [1/1] (0.00ns)   --->   "%p_shl4 = bitconcatenate i15 @_ssdm_op_BitConcatenate.i15.i13.i2, i13 %tmp235112, i2 0" [firmware/nnet_utils/nnet_mult.h:70->firmware/nnet_utils/nnet_dense_latency.h:42->firmware/nnet_utils/nnet_dense.h:54->firmware/nnet_utils/nnet_first_conv_stream.h:160]   --->   Operation 449 'bitconcatenate' 'p_shl4' <Predicate = (on_stride)> <Delay = 0.00>
ST_2 : Operation 450 [1/1] (0.80ns)   --->   "%add_ln58_70 = add i13 %sext_ln42_37, i13 7808" [firmware/nnet_utils/nnet_dense_latency.h:58->firmware/nnet_utils/nnet_dense.h:54->firmware/nnet_utils/nnet_first_conv_stream.h:160]   --->   Operation 450 'add' 'add_ln58_70' <Predicate = (on_stride)> <Delay = 0.80> <CoreInst = "Adder">   --->   Core 1 'Adder' <Latency = 0> <II = 1> <Delay = 0.82> <FuncUnit> <Opcode : 'add' 'sub'> <InPorts = 2> <OutPorts = 1>
ST_2 : Operation 451 [1/1] (0.00ns)   --->   "%sext_ln58_15 = sext i13 %add_ln58_70" [firmware/nnet_utils/nnet_dense_latency.h:58->firmware/nnet_utils/nnet_dense.h:54->firmware/nnet_utils/nnet_first_conv_stream.h:160]   --->   Operation 451 'sext' 'sext_ln58_15' <Predicate = (on_stride)> <Delay = 0.00>
ST_2 : Operation 452 [1/1] (0.00ns) (grouped into TernaryAdder)   --->   "%add_ln58_71 = add i15 %sub_ln42_29, i15 %sext_ln58_15" [firmware/nnet_utils/nnet_dense_latency.h:58->firmware/nnet_utils/nnet_dense.h:54->firmware/nnet_utils/nnet_first_conv_stream.h:160]   --->   Operation 452 'add' 'add_ln58_71' <Predicate = (on_stride)> <Delay = 0.00> <CoreInst = "TAddSub">   --->   Core 10 'TAddSub' <Latency = 0> <II = 1> <Delay = 0.36> <IPBlock> <Opcode : '' 'add' 'sub'> <InPorts = 3> <OutPorts = 1> <Sync> <CReg>
ST_2 : Operation 453 [1/1] (0.73ns) (root node of TernaryAdder)   --->   "%x_23 = sub i15 %add_ln58_71, i15 %p_shl4" [firmware/nnet_utils/nnet_dense_latency.h:58->firmware/nnet_utils/nnet_dense.h:54->firmware/nnet_utils/nnet_first_conv_stream.h:160]   --->   Operation 453 'sub' 'x_23' <Predicate = (on_stride)> <Delay = 0.73> <CoreInst = "TAddSub">   --->   Core 10 'TAddSub' <Latency = 0> <II = 1> <Delay = 0.36> <IPBlock> <Opcode : '' 'add' 'sub'> <InPorts = 3> <OutPorts = 1> <Sync> <CReg>
ST_2 : Operation 454 [1/1] (0.83ns)   --->   "%add_ln58_75 = add i15 %sext_ln58_14, i15 %sext_ln42_41" [firmware/nnet_utils/nnet_dense_latency.h:58->firmware/nnet_utils/nnet_dense.h:54->firmware/nnet_utils/nnet_first_conv_stream.h:160]   --->   Operation 454 'add' 'add_ln58_75' <Predicate = (on_stride)> <Delay = 0.83> <CoreInst = "Adder">   --->   Core 1 'Adder' <Latency = 0> <II = 1> <Delay = 0.84> <FuncUnit> <Opcode : 'add' 'sub'> <InPorts = 2> <OutPorts = 1>
ST_2 : Operation 455 [1/1] (0.00ns) (grouped into TernaryAdder)   --->   "%add_ln58_72 = add i15 %add_ln58_75, i15 %sub_ln42_31" [firmware/nnet_utils/nnet_dense_latency.h:58->firmware/nnet_utils/nnet_dense.h:54->firmware/nnet_utils/nnet_first_conv_stream.h:160]   --->   Operation 455 'add' 'add_ln58_72' <Predicate = (on_stride)> <Delay = 0.00> <CoreInst = "TAddSub">   --->   Core 10 'TAddSub' <Latency = 0> <II = 1> <Delay = 0.36> <IPBlock> <Opcode : '' 'add' 'sub'> <InPorts = 3> <OutPorts = 1> <Sync> <CReg>
ST_2 : Operation 456 [1/1] (0.84ns)   --->   "%add_ln58_76 = add i15 %shl_ln42_38, i15 %shl_ln42_34" [firmware/nnet_utils/nnet_dense_latency.h:58->firmware/nnet_utils/nnet_dense.h:54->firmware/nnet_utils/nnet_first_conv_stream.h:160]   --->   Operation 456 'add' 'add_ln58_76' <Predicate = (on_stride)> <Delay = 0.84> <CoreInst = "Adder">   --->   Core 1 'Adder' <Latency = 0> <II = 1> <Delay = 0.84> <FuncUnit> <Opcode : 'add' 'sub'> <InPorts = 2> <OutPorts = 1>
ST_2 : Operation 457 [1/1] (0.00ns) (grouped into TernaryAdder)   --->   "%add_ln58_78 = add i15 %sext_ln58_12, i15 %sext_ln42_47" [firmware/nnet_utils/nnet_dense_latency.h:58->firmware/nnet_utils/nnet_dense.h:54->firmware/nnet_utils/nnet_first_conv_stream.h:160]   --->   Operation 457 'add' 'add_ln58_78' <Predicate = (on_stride)> <Delay = 0.00> <CoreInst = "TAddSub">   --->   Core 10 'TAddSub' <Latency = 0> <II = 1> <Delay = 0.36> <IPBlock> <Opcode : '' 'add' 'sub'> <InPorts = 3> <OutPorts = 1> <Sync> <CReg>
ST_2 : Operation 458 [1/1] (0.80ns)   --->   "%add_ln58_81 = add i13 %sext_ln70_11, i13 %sext_ln42_45" [firmware/nnet_utils/nnet_dense_latency.h:58->firmware/nnet_utils/nnet_dense.h:54->firmware/nnet_utils/nnet_first_conv_stream.h:160]   --->   Operation 458 'add' 'add_ln58_81' <Predicate = (on_stride)> <Delay = 0.80> <CoreInst = "Adder">   --->   Core 1 'Adder' <Latency = 0> <II = 1> <Delay = 0.82> <FuncUnit> <Opcode : 'add' 'sub'> <InPorts = 2> <OutPorts = 1>
ST_2 : Operation 459 [1/1] (0.00ns)   --->   "%sext_ln58_22 = sext i13 %add_ln58_81" [firmware/nnet_utils/nnet_dense_latency.h:58->firmware/nnet_utils/nnet_dense.h:54->firmware/nnet_utils/nnet_first_conv_stream.h:160]   --->   Operation 459 'sext' 'sext_ln58_22' <Predicate = (on_stride)> <Delay = 0.00>
ST_2 : Operation 460 [1/1] (0.73ns) (root node of TernaryAdder)   --->   "%add_ln58_82 = add i15 %sext_ln58_22, i15 %add_ln58_78" [firmware/nnet_utils/nnet_dense_latency.h:58->firmware/nnet_utils/nnet_dense.h:54->firmware/nnet_utils/nnet_first_conv_stream.h:160]   --->   Operation 460 'add' 'add_ln58_82' <Predicate = (on_stride)> <Delay = 0.73> <CoreInst = "TAddSub">   --->   Core 10 'TAddSub' <Latency = 0> <II = 1> <Delay = 0.36> <IPBlock> <Opcode : '' 'add' 'sub'> <InPorts = 3> <OutPorts = 1> <Sync> <CReg>
ST_2 : Operation 461 [1/1] (0.80ns)   --->   "%tmp2383 = sub i13 %sext_ln42_45, i13 %sext_ln42_37" [firmware/nnet_utils/nnet_dense_latency.h:42->firmware/nnet_utils/nnet_dense.h:54->firmware/nnet_utils/nnet_first_conv_stream.h:160]   --->   Operation 461 'sub' 'tmp2383' <Predicate = (on_stride)> <Delay = 0.80> <CoreInst = "Adder">   --->   Core 1 'Adder' <Latency = 0> <II = 1> <Delay = 0.82> <FuncUnit> <Opcode : 'add' 'sub'> <InPorts = 2> <OutPorts = 1>
ST_2 : Operation 462 [1/1] (0.00ns)   --->   "%tmp4 = bitconcatenate i15 @_ssdm_op_BitConcatenate.i15.i13.i2, i13 %tmp2383, i2 0" [firmware/nnet_utils/nnet_dense_latency.h:42->firmware/nnet_utils/nnet_dense.h:54->firmware/nnet_utils/nnet_first_conv_stream.h:160]   --->   Operation 462 'bitconcatenate' 'tmp4' <Predicate = (on_stride)> <Delay = 0.00>
ST_2 : Operation 463 [1/1] (0.00ns) (grouped into TernaryAdder)   --->   "%add_ln58_84 = add i15 %sub_ln42_27, i15 %tmp4" [firmware/nnet_utils/nnet_dense_latency.h:58->firmware/nnet_utils/nnet_dense.h:54->firmware/nnet_utils/nnet_first_conv_stream.h:160]   --->   Operation 463 'add' 'add_ln58_84' <Predicate = (on_stride)> <Delay = 0.00> <CoreInst = "TAddSub">   --->   Core 10 'TAddSub' <Latency = 0> <II = 1> <Delay = 0.36> <IPBlock> <Opcode : '' 'add' 'sub'> <InPorts = 3> <OutPorts = 1> <Sync> <CReg>
ST_2 : Operation 464 [1/1] (0.82ns)   --->   "%add_ln58_85 = add i14 %sext_ln42_51, i14 15680" [firmware/nnet_utils/nnet_dense_latency.h:58->firmware/nnet_utils/nnet_dense.h:54->firmware/nnet_utils/nnet_first_conv_stream.h:160]   --->   Operation 464 'add' 'add_ln58_85' <Predicate = (on_stride)> <Delay = 0.82> <CoreInst = "Adder">   --->   Core 1 'Adder' <Latency = 0> <II = 1> <Delay = 0.83> <FuncUnit> <Opcode : 'add' 'sub'> <InPorts = 2> <OutPorts = 1>
ST_2 : Operation 465 [1/1] (0.00ns)   --->   "%sext_ln58_23 = sext i14 %add_ln58_85" [firmware/nnet_utils/nnet_dense_latency.h:58->firmware/nnet_utils/nnet_dense.h:54->firmware/nnet_utils/nnet_first_conv_stream.h:160]   --->   Operation 465 'sext' 'sext_ln58_23' <Predicate = (on_stride)> <Delay = 0.00>
ST_2 : Operation 466 [1/1] (0.73ns) (root node of TernaryAdder)   --->   "%x_22 = add i15 %sext_ln58_23, i15 %add_ln58_84" [firmware/nnet_utils/nnet_dense_latency.h:58->firmware/nnet_utils/nnet_dense.h:54->firmware/nnet_utils/nnet_first_conv_stream.h:160]   --->   Operation 466 'add' 'x_22' <Predicate = (on_stride)> <Delay = 0.73> <CoreInst = "TAddSub">   --->   Core 10 'TAddSub' <Latency = 0> <II = 1> <Delay = 0.36> <IPBlock> <Opcode : '' 'add' 'sub'> <InPorts = 3> <OutPorts = 1> <Sync> <CReg>
ST_2 : Operation 467 [1/1] (0.80ns)   --->   "%tmp241 = add i13 %sext_ln42_38, i13 %sext_ln42_37" [firmware/nnet_utils/nnet_dense_latency.h:42->firmware/nnet_utils/nnet_dense.h:54->firmware/nnet_utils/nnet_first_conv_stream.h:160]   --->   Operation 467 'add' 'tmp241' <Predicate = (on_stride)> <Delay = 0.80> <CoreInst = "Adder">   --->   Core 1 'Adder' <Latency = 0> <II = 1> <Delay = 0.82> <FuncUnit> <Opcode : 'add' 'sub'> <InPorts = 2> <OutPorts = 1>
ST_2 : Operation 468 [1/1] (0.00ns)   --->   "%tmp241_cast = sext i13 %tmp241" [firmware/nnet_utils/nnet_dense_latency.h:42->firmware/nnet_utils/nnet_dense.h:54->firmware/nnet_utils/nnet_first_conv_stream.h:160]   --->   Operation 468 'sext' 'tmp241_cast' <Predicate = (on_stride)> <Delay = 0.00>
ST_2 : Operation 469 [1/1] (0.00ns)   --->   "%empty_38 = trunc i13 %tmp241" [firmware/nnet_utils/nnet_dense_latency.h:42->firmware/nnet_utils/nnet_dense.h:54->firmware/nnet_utils/nnet_first_conv_stream.h:160]   --->   Operation 469 'trunc' 'empty_38' <Predicate = (on_stride)> <Delay = 0.00>
ST_2 : Operation 470 [1/1] (0.00ns)   --->   "%p_shl1 = bitconcatenate i15 @_ssdm_op_BitConcatenate.i15.i12.i3, i12 %empty_38, i3 0" [firmware/nnet_utils/nnet_dense_latency.h:42->firmware/nnet_utils/nnet_dense.h:54->firmware/nnet_utils/nnet_first_conv_stream.h:160]   --->   Operation 470 'bitconcatenate' 'p_shl1' <Predicate = (on_stride)> <Delay = 0.00>
ST_2 : Operation 471 [1/1] (0.00ns) (grouped into TernaryAdder)   --->   "%tmp242 = sub i15 %p_shl1, i15 %tmp241_cast" [firmware/nnet_utils/nnet_dense_latency.h:42->firmware/nnet_utils/nnet_dense.h:54->firmware/nnet_utils/nnet_first_conv_stream.h:160]   --->   Operation 471 'sub' 'tmp242' <Predicate = (on_stride)> <Delay = 0.00> <CoreInst = "TAddSub">   --->   Core 10 'TAddSub' <Latency = 0> <II = 1> <Delay = 0.36> <IPBlock> <Opcode : '' 'add' 'sub'> <InPorts = 3> <OutPorts = 1> <Sync> <CReg>
ST_2 : Operation 472 [1/1] (0.73ns) (root node of TernaryAdder)   --->   "%add_ln58_87 = add i15 %tmp242, i15 31872" [firmware/nnet_utils/nnet_dense_latency.h:58->firmware/nnet_utils/nnet_dense.h:54->firmware/nnet_utils/nnet_first_conv_stream.h:160]   --->   Operation 472 'add' 'add_ln58_87' <Predicate = (on_stride)> <Delay = 0.73> <CoreInst = "TAddSub">   --->   Core 10 'TAddSub' <Latency = 0> <II = 1> <Delay = 0.36> <IPBlock> <Opcode : '' 'add' 'sub'> <InPorts = 3> <OutPorts = 1> <Sync> <CReg>
ST_2 : Operation 473 [1/1] (0.00ns) (grouped into TernaryAdder)   --->   "%add_ln58_79 = add i15 %add_ln58_87, i15 %sub_ln42_29" [firmware/nnet_utils/nnet_dense_latency.h:58->firmware/nnet_utils/nnet_dense.h:54->firmware/nnet_utils/nnet_first_conv_stream.h:160]   --->   Operation 473 'add' 'add_ln58_79' <Predicate = (on_stride)> <Delay = 0.00> <CoreInst = "TAddSub">   --->   Core 10 'TAddSub' <Latency = 0> <II = 1> <Delay = 0.36> <IPBlock> <Opcode : '' 'add' 'sub'> <InPorts = 3> <OutPorts = 1> <Sync> <CReg>
ST_2 : Operation 474 [1/1] (0.73ns) (root node of TernaryAdder)   --->   "%x_24 = sub i15 %add_ln58_79, i15 %sext_ln42_46" [firmware/nnet_utils/nnet_dense_latency.h:58->firmware/nnet_utils/nnet_dense.h:54->firmware/nnet_utils/nnet_first_conv_stream.h:160]   --->   Operation 474 'sub' 'x_24' <Predicate = (on_stride)> <Delay = 0.73> <CoreInst = "TAddSub">   --->   Core 10 'TAddSub' <Latency = 0> <II = 1> <Delay = 0.36> <IPBlock> <Opcode : '' 'add' 'sub'> <InPorts = 3> <OutPorts = 1> <Sync> <CReg>
ST_2 : Operation 475 [1/1] (0.73ns) (root node of TernaryAdder)   --->   "%x_25 = sub i15 %add_ln58_72, i15 %shl_ln42_42" [firmware/nnet_utils/nnet_dense_latency.h:58->firmware/nnet_utils/nnet_dense.h:54->firmware/nnet_utils/nnet_first_conv_stream.h:160]   --->   Operation 475 'sub' 'x_25' <Predicate = (on_stride)> <Delay = 0.73> <CoreInst = "TAddSub">   --->   Core 10 'TAddSub' <Latency = 0> <II = 1> <Delay = 0.36> <IPBlock> <Opcode : '' 'add' 'sub'> <InPorts = 3> <OutPorts = 1> <Sync> <CReg>
ST_2 : Operation 476 [1/1] (0.80ns)   --->   "%tmp243 = add i13 %sext_ln42_45, i13 %sext_ln42_37" [firmware/nnet_utils/nnet_dense_latency.h:42->firmware/nnet_utils/nnet_dense.h:54->firmware/nnet_utils/nnet_first_conv_stream.h:160]   --->   Operation 476 'add' 'tmp243' <Predicate = (on_stride)> <Delay = 0.80> <CoreInst = "Adder">   --->   Core 1 'Adder' <Latency = 0> <II = 1> <Delay = 0.82> <FuncUnit> <Opcode : 'add' 'sub'> <InPorts = 2> <OutPorts = 1>
ST_2 : Operation 477 [1/1] (0.00ns)   --->   "%tmp243_cast = sext i13 %tmp243" [firmware/nnet_utils/nnet_dense_latency.h:42->firmware/nnet_utils/nnet_dense.h:54->firmware/nnet_utils/nnet_first_conv_stream.h:160]   --->   Operation 477 'sext' 'tmp243_cast' <Predicate = (on_stride)> <Delay = 0.00>
ST_2 : Operation 478 [1/1] (0.00ns)   --->   "%p_shl = bitconcatenate i15 @_ssdm_op_BitConcatenate.i15.i13.i2, i13 %tmp243, i2 0" [firmware/nnet_utils/nnet_dense_latency.h:42->firmware/nnet_utils/nnet_dense.h:54->firmware/nnet_utils/nnet_first_conv_stream.h:160]   --->   Operation 478 'bitconcatenate' 'p_shl' <Predicate = (on_stride)> <Delay = 0.00>
ST_2 : Operation 479 [1/1] (0.84ns)   --->   "%tmp244 = sub i15 %tmp243_cast, i15 %p_shl" [firmware/nnet_utils/nnet_dense_latency.h:42->firmware/nnet_utils/nnet_dense.h:54->firmware/nnet_utils/nnet_first_conv_stream.h:160]   --->   Operation 479 'sub' 'tmp244' <Predicate = (on_stride)> <Delay = 0.84> <CoreInst = "Adder">   --->   Core 1 'Adder' <Latency = 0> <II = 1> <Delay = 0.84> <FuncUnit> <Opcode : 'add' 'sub'> <InPorts = 2> <OutPorts = 1>
ST_2 : Operation 480 [1/1] (0.00ns) (grouped into TernaryAdder)   --->   "%add_ln58_80 = add i15 %sub_ln42_28, i15 384" [firmware/nnet_utils/nnet_dense_latency.h:58->firmware/nnet_utils/nnet_dense.h:54->firmware/nnet_utils/nnet_first_conv_stream.h:160]   --->   Operation 480 'add' 'add_ln58_80' <Predicate = (on_stride)> <Delay = 0.00> <CoreInst = "TAddSub">   --->   Core 10 'TAddSub' <Latency = 0> <II = 1> <Delay = 0.36> <IPBlock> <Opcode : '' 'add' 'sub'> <InPorts = 3> <OutPorts = 1> <Sync> <CReg>
ST_2 : Operation 481 [1/1] (0.73ns) (root node of TernaryAdder)   --->   "%sub_ln58_19 = sub i15 %add_ln58_80, i15 %shl_ln42_37" [firmware/nnet_utils/nnet_dense_latency.h:58->firmware/nnet_utils/nnet_dense.h:54->firmware/nnet_utils/nnet_first_conv_stream.h:160]   --->   Operation 481 'sub' 'sub_ln58_19' <Predicate = (on_stride)> <Delay = 0.73> <CoreInst = "TAddSub">   --->   Core 10 'TAddSub' <Latency = 0> <II = 1> <Delay = 0.36> <IPBlock> <Opcode : '' 'add' 'sub'> <InPorts = 3> <OutPorts = 1> <Sync> <CReg>
ST_2 : Operation 482 [1/1] (0.00ns) (grouped into TernaryAdder)   --->   "%add_ln58_88 = add i15 %sub_ln42_33, i15 %tmp244" [firmware/nnet_utils/nnet_dense_latency.h:58->firmware/nnet_utils/nnet_dense.h:54->firmware/nnet_utils/nnet_first_conv_stream.h:160]   --->   Operation 482 'add' 'add_ln58_88' <Predicate = (on_stride)> <Delay = 0.00> <CoreInst = "TAddSub">   --->   Core 10 'TAddSub' <Latency = 0> <II = 1> <Delay = 0.36> <IPBlock> <Opcode : '' 'add' 'sub'> <InPorts = 3> <OutPorts = 1> <Sync> <CReg>
ST_2 : Operation 483 [1/1] (0.73ns) (root node of TernaryAdder)   --->   "%x_26 = add i15 %add_ln58_88, i15 %sub_ln58_19" [firmware/nnet_utils/nnet_dense_latency.h:58->firmware/nnet_utils/nnet_dense.h:54->firmware/nnet_utils/nnet_first_conv_stream.h:160]   --->   Operation 483 'add' 'x_26' <Predicate = (on_stride)> <Delay = 0.73> <CoreInst = "TAddSub">   --->   Core 10 'TAddSub' <Latency = 0> <II = 1> <Delay = 0.36> <IPBlock> <Opcode : '' 'add' 'sub'> <InPorts = 3> <OutPorts = 1> <Sync> <CReg>
ST_2 : Operation 484 [1/1] (0.00ns) (grouped into TernaryAdder)   --->   "%add_ln58_90 = add i15 %sub_ln42_34, i15 %sub_ln42_35" [firmware/nnet_utils/nnet_dense_latency.h:58->firmware/nnet_utils/nnet_dense.h:54->firmware/nnet_utils/nnet_first_conv_stream.h:160]   --->   Operation 484 'add' 'add_ln58_90' <Predicate = (on_stride)> <Delay = 0.00> <CoreInst = "TAddSub">   --->   Core 10 'TAddSub' <Latency = 0> <II = 1> <Delay = 0.36> <IPBlock> <Opcode : '' 'add' 'sub'> <InPorts = 3> <OutPorts = 1> <Sync> <CReg>
ST_2 : Operation 485 [1/1] (0.73ns) (root node of TernaryAdder)   --->   "%x_27 = add i15 %add_ln58_90, i15 %sub_ln58_15" [firmware/nnet_utils/nnet_dense_latency.h:58->firmware/nnet_utils/nnet_dense.h:54->firmware/nnet_utils/nnet_first_conv_stream.h:160]   --->   Operation 485 'add' 'x_27' <Predicate = (on_stride)> <Delay = 0.73> <CoreInst = "TAddSub">   --->   Core 10 'TAddSub' <Latency = 0> <II = 1> <Delay = 0.36> <IPBlock> <Opcode : '' 'add' 'sub'> <InPorts = 3> <OutPorts = 1> <Sync> <CReg>
ST_2 : Operation 486 [1/1] (0.00ns)   --->   "%trunc_ln2 = partselect i9 @_ssdm_op_PartSelect.i9.i15.i32.i32, i15 %x_1, i32 6, i32 14" [firmware/nnet_utils/nnet_first_conv_stream.h:170]   --->   Operation 486 'partselect' 'trunc_ln2' <Predicate = (on_stride)> <Delay = 0.00>
ST_2 : Operation 487 [1/1] (0.00ns)   --->   "%trunc_ln170_1 = partselect i9 @_ssdm_op_PartSelect.i9.i15.i32.i32, i15 %x_5, i32 6, i32 14" [firmware/nnet_utils/nnet_first_conv_stream.h:170]   --->   Operation 487 'partselect' 'trunc_ln170_1' <Predicate = (on_stride)> <Delay = 0.00>
ST_2 : Operation 488 [1/1] (0.00ns)   --->   "%trunc_ln170_3 = partselect i9 @_ssdm_op_PartSelect.i9.i15.i32.i32, i15 %x_8, i32 6, i32 14" [firmware/nnet_utils/nnet_first_conv_stream.h:170]   --->   Operation 488 'partselect' 'trunc_ln170_3' <Predicate = (on_stride)> <Delay = 0.00>
ST_2 : Operation 489 [1/1] (0.00ns)   --->   "%trunc_ln170_4 = partselect i9 @_ssdm_op_PartSelect.i9.i15.i32.i32, i15 %x_9, i32 6, i32 14" [firmware/nnet_utils/nnet_first_conv_stream.h:170]   --->   Operation 489 'partselect' 'trunc_ln170_4' <Predicate = (on_stride)> <Delay = 0.00>
ST_2 : Operation 490 [1/1] (0.00ns)   --->   "%trunc_ln170_5 = partselect i9 @_ssdm_op_PartSelect.i9.i15.i32.i32, i15 %x_10, i32 6, i32 14" [firmware/nnet_utils/nnet_first_conv_stream.h:170]   --->   Operation 490 'partselect' 'trunc_ln170_5' <Predicate = (on_stride)> <Delay = 0.00>
ST_2 : Operation 491 [1/1] (0.00ns)   --->   "%trunc_ln170_6 = partselect i9 @_ssdm_op_PartSelect.i9.i15.i32.i32, i15 %x_11, i32 6, i32 14" [firmware/nnet_utils/nnet_first_conv_stream.h:170]   --->   Operation 491 'partselect' 'trunc_ln170_6' <Predicate = (on_stride)> <Delay = 0.00>
ST_2 : Operation 492 [1/1] (0.00ns)   --->   "%trunc_ln170_7 = partselect i9 @_ssdm_op_PartSelect.i9.i15.i32.i32, i15 %x_12, i32 6, i32 14" [firmware/nnet_utils/nnet_first_conv_stream.h:170]   --->   Operation 492 'partselect' 'trunc_ln170_7' <Predicate = (on_stride)> <Delay = 0.00>
ST_2 : Operation 493 [1/1] (0.00ns)   --->   "%trunc_ln170_8 = partselect i9 @_ssdm_op_PartSelect.i9.i15.i32.i32, i15 %x_13, i32 6, i32 14" [firmware/nnet_utils/nnet_first_conv_stream.h:170]   --->   Operation 493 'partselect' 'trunc_ln170_8' <Predicate = (on_stride)> <Delay = 0.00>
ST_2 : Operation 494 [1/1] (0.00ns)   --->   "%trunc_ln170_s = partselect i9 @_ssdm_op_PartSelect.i9.i15.i32.i32, i15 %x_15, i32 6, i32 14" [firmware/nnet_utils/nnet_first_conv_stream.h:170]   --->   Operation 494 'partselect' 'trunc_ln170_s' <Predicate = (on_stride)> <Delay = 0.00>
ST_2 : Operation 495 [1/1] (0.00ns)   --->   "%trunc_ln170_10 = partselect i9 @_ssdm_op_PartSelect.i9.i15.i32.i32, i15 %x_16, i32 6, i32 14" [firmware/nnet_utils/nnet_first_conv_stream.h:170]   --->   Operation 495 'partselect' 'trunc_ln170_10' <Predicate = (on_stride)> <Delay = 0.00>
ST_2 : Operation 496 [1/1] (0.00ns)   --->   "%trunc_ln170_11 = partselect i9 @_ssdm_op_PartSelect.i9.i15.i32.i32, i15 %x_17, i32 6, i32 14" [firmware/nnet_utils/nnet_first_conv_stream.h:170]   --->   Operation 496 'partselect' 'trunc_ln170_11' <Predicate = (on_stride)> <Delay = 0.00>
ST_2 : Operation 497 [1/1] (0.00ns)   --->   "%trunc_ln170_12 = partselect i9 @_ssdm_op_PartSelect.i9.i15.i32.i32, i15 %x_18, i32 6, i32 14" [firmware/nnet_utils/nnet_first_conv_stream.h:170]   --->   Operation 497 'partselect' 'trunc_ln170_12' <Predicate = (on_stride)> <Delay = 0.00>
ST_2 : Operation 498 [1/1] (0.00ns)   --->   "%trunc_ln170_13 = partselect i9 @_ssdm_op_PartSelect.i9.i15.i32.i32, i15 %x_19, i32 6, i32 14" [firmware/nnet_utils/nnet_first_conv_stream.h:170]   --->   Operation 498 'partselect' 'trunc_ln170_13' <Predicate = (on_stride)> <Delay = 0.00>
ST_2 : Operation 499 [1/1] (0.00ns)   --->   "%trunc_ln170_14 = partselect i9 @_ssdm_op_PartSelect.i9.i15.i32.i32, i15 %x_20, i32 6, i32 14" [firmware/nnet_utils/nnet_first_conv_stream.h:170]   --->   Operation 499 'partselect' 'trunc_ln170_14' <Predicate = (on_stride)> <Delay = 0.00>
ST_2 : Operation 500 [1/1] (0.00ns)   --->   "%trunc_ln170_16 = partselect i9 @_ssdm_op_PartSelect.i9.i15.i32.i32, i15 %x_22, i32 6, i32 14" [firmware/nnet_utils/nnet_first_conv_stream.h:170]   --->   Operation 500 'partselect' 'trunc_ln170_16' <Predicate = (on_stride)> <Delay = 0.00>
ST_2 : Operation 501 [1/1] (0.00ns)   --->   "%trunc_ln170_17 = partselect i9 @_ssdm_op_PartSelect.i9.i15.i32.i32, i15 %x_23, i32 6, i32 14" [firmware/nnet_utils/nnet_first_conv_stream.h:170]   --->   Operation 501 'partselect' 'trunc_ln170_17' <Predicate = (on_stride)> <Delay = 0.00>
ST_2 : Operation 502 [1/1] (0.00ns)   --->   "%trunc_ln170_18 = partselect i9 @_ssdm_op_PartSelect.i9.i15.i32.i32, i15 %x_24, i32 6, i32 14" [firmware/nnet_utils/nnet_first_conv_stream.h:170]   --->   Operation 502 'partselect' 'trunc_ln170_18' <Predicate = (on_stride)> <Delay = 0.00>
ST_2 : Operation 503 [1/1] (0.00ns)   --->   "%trunc_ln170_19 = partselect i9 @_ssdm_op_PartSelect.i9.i15.i32.i32, i15 %x_25, i32 6, i32 14" [firmware/nnet_utils/nnet_first_conv_stream.h:170]   --->   Operation 503 'partselect' 'trunc_ln170_19' <Predicate = (on_stride)> <Delay = 0.00>
ST_2 : Operation 504 [1/1] (0.00ns)   --->   "%trunc_ln170_20 = partselect i9 @_ssdm_op_PartSelect.i9.i15.i32.i32, i15 %x_26, i32 6, i32 14" [firmware/nnet_utils/nnet_first_conv_stream.h:170]   --->   Operation 504 'partselect' 'trunc_ln170_20' <Predicate = (on_stride)> <Delay = 0.00>
ST_2 : Operation 505 [1/1] (0.00ns)   --->   "%trunc_ln170_21 = partselect i9 @_ssdm_op_PartSelect.i9.i15.i32.i32, i15 %x_27, i32 6, i32 14" [firmware/nnet_utils/nnet_first_conv_stream.h:170]   --->   Operation 505 'partselect' 'trunc_ln170_21' <Predicate = (on_stride)> <Delay = 0.00>
ST_2 : Operation 525 [1/1] (0.00ns)   --->   "%ret_ln178 = ret" [firmware/nnet_utils/nnet_first_conv_stream.h:178]   --->   Operation 525 'ret' 'ret_ln178' <Predicate = (icmp_ln120)> <Delay = 0.00>

State 3 <SV = 2> <Delay = 2.55>
ST_3 : Operation 506 [1/1] (0.00ns)   --->   "%specresourcelimit_ln33 = specresourcelimit void @_ssdm_op_SpecResourceLimit, i64 35, void @empty_1, void @empty_0, void @empty_0, void @empty_0" [firmware/nnet_utils/nnet_dense_latency.h:33->firmware/nnet_utils/nnet_dense.h:54->firmware/nnet_utils/nnet_first_conv_stream.h:160]   --->   Operation 506 'specresourcelimit' 'specresourcelimit_ln33' <Predicate = (on_stride)> <Delay = 0.00>
ST_3 : Operation 507 [1/1] (0.00ns) (grouped into TernaryAdder)   --->   "%add_ln58_8 = add i15 %add_ln58_7, i15 %mul_ln42" [firmware/nnet_utils/nnet_dense_latency.h:58->firmware/nnet_utils/nnet_dense.h:54->firmware/nnet_utils/nnet_first_conv_stream.h:160]   --->   Operation 507 'add' 'add_ln58_8' <Predicate = (on_stride)> <Delay = 0.00> <CoreInst = "TAddSub">   --->   Core 10 'TAddSub' <Latency = 0> <II = 1> <Delay = 0.36> <IPBlock> <Opcode : '' 'add' 'sub'> <InPorts = 3> <OutPorts = 1> <Sync> <CReg>
ST_3 : Operation 508 [1/1] (0.73ns) (root node of TernaryAdder)   --->   "%x = add i15 %add_ln58_11, i15 %add_ln58_8" [firmware/nnet_utils/nnet_dense_latency.h:58->firmware/nnet_utils/nnet_dense.h:54->firmware/nnet_utils/nnet_first_conv_stream.h:160]   --->   Operation 508 'add' 'x' <Predicate = (on_stride)> <Delay = 0.73> <CoreInst = "TAddSub">   --->   Core 10 'TAddSub' <Latency = 0> <II = 1> <Delay = 0.36> <IPBlock> <Opcode : '' 'add' 'sub'> <InPorts = 3> <OutPorts = 1> <Sync> <CReg>
ST_3 : Operation 509 [1/1] (0.00ns)   --->   "%res_out = partselect i9 @_ssdm_op_PartSelect.i9.i15.i32.i32, i15 %x, i32 6, i32 14" [firmware/nnet_utils/nnet_mult.h:111->firmware/nnet_utils/nnet_dense_latency.h:66->firmware/nnet_utils/nnet_dense.h:54->firmware/nnet_utils/nnet_first_conv_stream.h:160]   --->   Operation 509 'partselect' 'res_out' <Predicate = (on_stride)> <Delay = 0.00>
ST_3 : Operation 510 [1/1] (0.00ns)   --->   "%specresourcelimit_ln33 = specresourcelimit void @_ssdm_op_SpecResourceLimit, i64 35, void @empty_1, void @empty_0, void @empty_0, void @empty_0" [firmware/nnet_utils/nnet_dense_latency.h:33->firmware/nnet_utils/nnet_dense.h:54->firmware/nnet_utils/nnet_first_conv_stream.h:160]   --->   Operation 510 'specresourcelimit' 'specresourcelimit_ln33' <Predicate = (on_stride)> <Delay = 0.00>
ST_3 : Operation 511 [1/1] (0.00ns) (grouped into TernaryAdder)   --->   "%add_ln58_31 = add i15 %add_ln58_30, i15 %mul_ln42_1" [firmware/nnet_utils/nnet_dense_latency.h:58->firmware/nnet_utils/nnet_dense.h:54->firmware/nnet_utils/nnet_first_conv_stream.h:160]   --->   Operation 511 'add' 'add_ln58_31' <Predicate = (on_stride)> <Delay = 0.00> <CoreInst = "TAddSub">   --->   Core 10 'TAddSub' <Latency = 0> <II = 1> <Delay = 0.36> <IPBlock> <Opcode : '' 'add' 'sub'> <InPorts = 3> <OutPorts = 1> <Sync> <CReg>
ST_3 : Operation 512 [1/1] (0.73ns) (root node of TernaryAdder)   --->   "%x_7 = add i15 %add_ln58_34, i15 %add_ln58_31" [firmware/nnet_utils/nnet_dense_latency.h:58->firmware/nnet_utils/nnet_dense.h:54->firmware/nnet_utils/nnet_first_conv_stream.h:160]   --->   Operation 512 'add' 'x_7' <Predicate = (on_stride)> <Delay = 0.73> <CoreInst = "TAddSub">   --->   Core 10 'TAddSub' <Latency = 0> <II = 1> <Delay = 0.36> <IPBlock> <Opcode : '' 'add' 'sub'> <InPorts = 3> <OutPorts = 1> <Sync> <CReg>
ST_3 : Operation 513 [1/1] (0.00ns)   --->   "%specresourcelimit_ln33 = specresourcelimit void @_ssdm_op_SpecResourceLimit, i64 35, void @empty_1, void @empty_0, void @empty_0, void @empty_0" [firmware/nnet_utils/nnet_dense_latency.h:33->firmware/nnet_utils/nnet_dense.h:54->firmware/nnet_utils/nnet_first_conv_stream.h:160]   --->   Operation 513 'specresourcelimit' 'specresourcelimit_ln33' <Predicate = (on_stride)> <Delay = 0.00>
ST_3 : Operation 514 [1/1] (0.00ns) (grouped into TernaryAdder)   --->   "%add_ln58_54 = add i15 %add_ln58_53, i15 %mul_ln42_2" [firmware/nnet_utils/nnet_dense_latency.h:58->firmware/nnet_utils/nnet_dense.h:54->firmware/nnet_utils/nnet_first_conv_stream.h:160]   --->   Operation 514 'add' 'add_ln58_54' <Predicate = (on_stride)> <Delay = 0.00> <CoreInst = "TAddSub">   --->   Core 10 'TAddSub' <Latency = 0> <II = 1> <Delay = 0.36> <IPBlock> <Opcode : '' 'add' 'sub'> <InPorts = 3> <OutPorts = 1> <Sync> <CReg>
ST_3 : Operation 515 [1/1] (0.73ns) (root node of TernaryAdder)   --->   "%x_14 = add i15 %add_ln58_57, i15 %add_ln58_54" [firmware/nnet_utils/nnet_dense_latency.h:58->firmware/nnet_utils/nnet_dense.h:54->firmware/nnet_utils/nnet_first_conv_stream.h:160]   --->   Operation 515 'add' 'x_14' <Predicate = (on_stride)> <Delay = 0.73> <CoreInst = "TAddSub">   --->   Core 10 'TAddSub' <Latency = 0> <II = 1> <Delay = 0.36> <IPBlock> <Opcode : '' 'add' 'sub'> <InPorts = 3> <OutPorts = 1> <Sync> <CReg>
ST_3 : Operation 516 [1/1] (0.00ns)   --->   "%specresourcelimit_ln33 = specresourcelimit void @_ssdm_op_SpecResourceLimit, i64 35, void @empty_1, void @empty_0, void @empty_0, void @empty_0" [firmware/nnet_utils/nnet_dense_latency.h:33->firmware/nnet_utils/nnet_dense.h:54->firmware/nnet_utils/nnet_first_conv_stream.h:160]   --->   Operation 516 'specresourcelimit' 'specresourcelimit_ln33' <Predicate = (on_stride)> <Delay = 0.00>
ST_3 : Operation 517 [1/1] (0.00ns) (grouped into TernaryAdder)   --->   "%add_ln58_77 = add i15 %add_ln58_76, i15 %mul_ln42_3" [firmware/nnet_utils/nnet_dense_latency.h:58->firmware/nnet_utils/nnet_dense.h:54->firmware/nnet_utils/nnet_first_conv_stream.h:160]   --->   Operation 517 'add' 'add_ln58_77' <Predicate = (on_stride)> <Delay = 0.00> <CoreInst = "TAddSub">   --->   Core 10 'TAddSub' <Latency = 0> <II = 1> <Delay = 0.36> <IPBlock> <Opcode : '' 'add' 'sub'> <InPorts = 3> <OutPorts = 1> <Sync> <CReg>
ST_3 : Operation 518 [1/1] (0.73ns) (root node of TernaryAdder)   --->   "%x_21 = add i15 %add_ln58_82, i15 %add_ln58_77" [firmware/nnet_utils/nnet_dense_latency.h:58->firmware/nnet_utils/nnet_dense.h:54->firmware/nnet_utils/nnet_first_conv_stream.h:160]   --->   Operation 518 'add' 'x_21' <Predicate = (on_stride)> <Delay = 0.73> <CoreInst = "TAddSub">   --->   Core 10 'TAddSub' <Latency = 0> <II = 1> <Delay = 0.36> <IPBlock> <Opcode : '' 'add' 'sub'> <InPorts = 3> <OutPorts = 1> <Sync> <CReg>
ST_3 : Operation 519 [1/1] (0.00ns)   --->   "%trunc_ln170_2 = partselect i9 @_ssdm_op_PartSelect.i9.i15.i32.i32, i15 %x_7, i32 6, i32 14" [firmware/nnet_utils/nnet_first_conv_stream.h:170]   --->   Operation 519 'partselect' 'trunc_ln170_2' <Predicate = (on_stride)> <Delay = 0.00>
ST_3 : Operation 520 [1/1] (0.00ns)   --->   "%trunc_ln170_9 = partselect i9 @_ssdm_op_PartSelect.i9.i15.i32.i32, i15 %x_14, i32 6, i32 14" [firmware/nnet_utils/nnet_first_conv_stream.h:170]   --->   Operation 520 'partselect' 'trunc_ln170_9' <Predicate = (on_stride)> <Delay = 0.00>
ST_3 : Operation 521 [1/1] (0.00ns)   --->   "%trunc_ln170_15 = partselect i9 @_ssdm_op_PartSelect.i9.i15.i32.i32, i15 %x_21, i32 6, i32 14" [firmware/nnet_utils/nnet_first_conv_stream.h:170]   --->   Operation 521 'partselect' 'trunc_ln170_15' <Predicate = (on_stride)> <Delay = 0.00>
ST_3 : Operation 522 [1/1] (0.00ns)   --->   "%or_ln170_s = bitconcatenate i252 @_ssdm_op_BitConcatenate.i252.i9.i9.i9.i9.i9.i9.i9.i9.i9.i9.i9.i9.i9.i9.i9.i9.i9.i9.i9.i9.i9.i9.i9.i9.i9.i9.i9.i9, i9 %trunc_ln170_21, i9 %trunc_ln170_20, i9 %trunc_ln170_19, i9 %trunc_ln170_18, i9 %trunc_ln170_17, i9 %trunc_ln170_16, i9 %trunc_ln170_15, i9 %trunc_ln170_14, i9 %trunc_ln170_13, i9 %trunc_ln170_12, i9 %trunc_ln170_11, i9 %trunc_ln170_10, i9 %trunc_ln170_s, i9 %trunc_ln170_9, i9 %trunc_ln170_8, i9 %trunc_ln170_7, i9 %trunc_ln170_6, i9 %trunc_ln170_5, i9 %trunc_ln170_4, i9 %trunc_ln170_3, i9 %trunc_ln170_2, i9 %res_out_4, i9 %trunc_ln170_1, i9 %res_out_3, i9 %res_out_2, i9 %res_out_1, i9 %trunc_ln2, i9 %res_out" [firmware/nnet_utils/nnet_first_conv_stream.h:170]   --->   Operation 522 'bitconcatenate' 'or_ln170_s' <Predicate = (on_stride)> <Delay = 0.00>
ST_3 : Operation 523 [1/1] (1.82ns)   --->   "%write_ln170 = write void @_ssdm_op_Write.ap_fifo.volatile.i252P0A, i252 %layer3x4_out, i252 %or_ln170_s" [firmware/nnet_utils/nnet_first_conv_stream.h:170]   --->   Operation 523 'write' 'write_ln170' <Predicate = (on_stride)> <Delay = 1.82> <CoreInst = "FIFO_SRL">   --->   Core 81 'FIFO_SRL' <Latency = 0> <II = 1> <Delay = 1.83> <Storage> <Opcode : 'read' 'write' 'nbread' 'nbwrite'> <Ports = 0> <Width = 252> <Depth = 4> <FIFO>
ST_3 : Operation 524 [1/1] (0.00ns)   --->   "%br_ln171 = br void %if.end_ifconv" [firmware/nnet_utils/nnet_first_conv_stream.h:171]   --->   Operation 524 'br' 'br_ln171' <Predicate = (on_stride)> <Delay = 0.00>


============================================================
+ Verbose Summary: Binding
============================================================
STG Binding: 
---------------- STG Properties BEGIN ----------------
- Is combinational: 0
- Is one-state seq: 0
- Is datapath-only: 0
- Is pipelined: 0
- Is top level: 0
Port [ Return ] is wired: 1; IO mode=ap_ctrl_hs:ce=0
Port [ input_layer]:  wired=1; compound=1; hidden=0; nouse=0; global=0; static=0; extern=0; dir=0; type=0; pingpong=0; private_global=0; IO mode=axis:ce=0
Port [ layer3x4_out]:  wired=1; compound=1; hidden=0; nouse=0; global=0; static=0; extern=0; dir=1; type=3; pingpong=0; private_global=0; IO mode=ap_fifo:ce=0
---------------- STG Properties END ------------------

---------------- Datapath Model BEGIN ----------------

<LifeTime>
<method=bitvector/>
i_ih                    (alloca           ) [ 0100]
stride_cnt              (alloca           ) [ 0100]
wptr                    (alloca           ) [ 0100]
specinterface_ln0       (specinterface    ) [ 0000]
specinterface_ln0       (specinterface    ) [ 0000]
row_buf                 (alloca           ) [ 0110]
row_buf_1               (alloca           ) [ 0110]
row_buf_2               (alloca           ) [ 0110]
row_buf_3               (alloca           ) [ 0110]
row_buf_4               (alloca           ) [ 0110]
row_buf_5               (alloca           ) [ 0110]
row_buf_6               (alloca           ) [ 0110]
row_buf_7               (alloca           ) [ 0110]
row_buf_8               (alloca           ) [ 0110]
row_buf_9               (alloca           ) [ 0110]
row_buf_10              (alloca           ) [ 0110]
row_buf_11              (alloca           ) [ 0110]
row_buf_12              (alloca           ) [ 0110]
row_buf_13              (alloca           ) [ 0110]
row_buf_14              (alloca           ) [ 0110]
row_buf_15              (alloca           ) [ 0110]
row_buf_16              (alloca           ) [ 0110]
row_buf_17              (alloca           ) [ 0110]
row_buf_18              (alloca           ) [ 0110]
row_buf_19              (alloca           ) [ 0110]
store_ln116             (store            ) [ 0000]
store_ln117             (store            ) [ 0000]
store_ln120             (store            ) [ 0000]
br_ln120                (br               ) [ 0000]
i_ih_3                  (load             ) [ 0000]
stride_cnt_3            (load             ) [ 0000]
wptr_1                  (load             ) [ 0000]
icmp_ln120              (icmp             ) [ 0110]
i_ih_4                  (add              ) [ 0000]
br_ln120                (br               ) [ 0000]
specpipeline_ln121      (specpipeline     ) [ 0000]
speclooptripcount_ln120 (speclooptripcount) [ 0000]
specloopname_ln120      (specloopname     ) [ 0000]
trunc_ln120             (trunc            ) [ 0100]
input_layer_read        (read             ) [ 0000]
row_buf_22              (trunc            ) [ 0000]
row_buf_23              (partselect       ) [ 0000]
row_buf_20              (partselect       ) [ 0000]
row_buf_21              (partselect       ) [ 0000]
switch_ln129            (switch           ) [ 0000]
store_ln129             (store            ) [ 0000]
store_ln129             (store            ) [ 0000]
store_ln129             (store            ) [ 0000]
store_ln129             (store            ) [ 0000]
br_ln129                (br               ) [ 0000]
store_ln129             (store            ) [ 0000]
store_ln129             (store            ) [ 0000]
store_ln129             (store            ) [ 0000]
store_ln129             (store            ) [ 0000]
br_ln129                (br               ) [ 0000]
store_ln129             (store            ) [ 0000]
store_ln129             (store            ) [ 0000]
store_ln129             (store            ) [ 0000]
store_ln129             (store            ) [ 0000]
br_ln129                (br               ) [ 0000]
store_ln129             (store            ) [ 0000]
store_ln129             (store            ) [ 0000]
store_ln129             (store            ) [ 0000]
store_ln129             (store            ) [ 0000]
br_ln129                (br               ) [ 0000]
store_ln129             (store            ) [ 0000]
store_ln129             (store            ) [ 0000]
store_ln129             (store            ) [ 0000]
store_ln129             (store            ) [ 0000]
br_ln129                (br               ) [ 0000]
icmp_ln132              (icmp             ) [ 0000]
add_ln132               (add              ) [ 0000]
oldest                  (select           ) [ 0000]
tmp                     (partselect       ) [ 0000]
have_full_window        (icmp             ) [ 0000]
icmp_ln135              (icmp             ) [ 0000]
on_stride               (and              ) [ 0111]
br_ln137                (br               ) [ 0000]
icmp_ln154              (icmp             ) [ 0110]
add_ln156               (add              ) [ 0000]
trunc_ln154             (trunc            ) [ 0110]
trunc_ln154_1           (trunc            ) [ 0110]
add_ln154               (add              ) [ 0000]
icmp_ln154_1            (icmp             ) [ 0110]
add_ln156_1             (add              ) [ 0000]
trunc_ln154_2           (trunc            ) [ 0110]
trunc_ln154_3           (trunc            ) [ 0110]
add_ln154_1             (add              ) [ 0000]
icmp_ln154_2            (icmp             ) [ 0110]
trunc_ln154_4           (trunc            ) [ 0110]
add_ln154_2             (add              ) [ 0110]
icmp_ln154_3            (icmp             ) [ 0110]
icmp_ln154_4            (icmp             ) [ 0110]
add_ln154_4             (add              ) [ 0110]
icmp_ln175              (icmp             ) [ 0000]
add_ln175               (add              ) [ 0000]
stride_cnt_4            (select           ) [ 0000]
stride_cnt_5            (select           ) [ 0000]
store_ln116             (store            ) [ 0000]
store_ln117             (store            ) [ 0000]
store_ln120             (store            ) [ 0000]
br_ln120                (br               ) [ 0000]
select_ln154            (select           ) [ 0000]
row_buf_load            (load             ) [ 0000]
row_buf_4_load          (load             ) [ 0000]
row_buf_8_load          (load             ) [ 0000]
row_buf_12_load         (load             ) [ 0000]
row_buf_16_load         (load             ) [ 0000]
kernel_data             (sparsemux        ) [ 0000]
select_ln154_1          (select           ) [ 0000]
select_ln154_2          (select           ) [ 0000]
add_ln154_3             (add              ) [ 0000]
select_ln154_3          (select           ) [ 0000]
select_ln154_4          (select           ) [ 0000]
kernel_data_20          (sparsemux        ) [ 0000]
kernel_data_21          (sparsemux        ) [ 0000]
kernel_data_22          (sparsemux        ) [ 0000]
kernel_data_23          (sparsemux        ) [ 0000]
row_buf_1_load          (load             ) [ 0000]
row_buf_5_load          (load             ) [ 0000]
row_buf_9_load          (load             ) [ 0000]
row_buf_13_load         (load             ) [ 0000]
row_buf_17_load         (load             ) [ 0000]
kernel_data_24          (sparsemux        ) [ 0000]
kernel_data_25          (sparsemux        ) [ 0000]
kernel_data_26          (sparsemux        ) [ 0000]
kernel_data_27          (sparsemux        ) [ 0000]
kernel_data_28          (sparsemux        ) [ 0000]
row_buf_2_load          (load             ) [ 0000]
row_buf_6_load          (load             ) [ 0000]
row_buf_10_load         (load             ) [ 0000]
row_buf_14_load         (load             ) [ 0000]
row_buf_18_load         (load             ) [ 0000]
kernel_data_29          (sparsemux        ) [ 0000]
kernel_data_30          (sparsemux        ) [ 0000]
kernel_data_31          (sparsemux        ) [ 0000]
kernel_data_32          (sparsemux        ) [ 0000]
kernel_data_33          (sparsemux        ) [ 0000]
row_buf_3_load          (load             ) [ 0000]
row_buf_7_load          (load             ) [ 0000]
row_buf_11_load         (load             ) [ 0000]
row_buf_15_load         (load             ) [ 0000]
row_buf_19_load         (load             ) [ 0000]
kernel_data_34          (sparsemux        ) [ 0000]
kernel_data_35          (sparsemux        ) [ 0000]
kernel_data_36          (sparsemux        ) [ 0000]
kernel_data_37          (sparsemux        ) [ 0000]
kernel_data_38          (sparsemux        ) [ 0000]
sext_ln42               (sext             ) [ 0000]
shl_ln                  (bitconcatenate   ) [ 0000]
sext_ln70               (sext             ) [ 0000]
sext_ln42_1             (sext             ) [ 0000]
shl_ln42_8              (bitconcatenate   ) [ 0000]
shl_ln42_9              (bitconcatenate   ) [ 0000]
sext_ln42_3             (sext             ) [ 0000]
sext_ln42_4             (sext             ) [ 0000]
sub_ln42                (sub              ) [ 0000]
sub_ln42_1              (sub              ) [ 0000]
sext_ln42_2             (sext             ) [ 0000]
mul_ln42                (mul              ) [ 0101]
shl_ln42_1              (bitconcatenate   ) [ 0000]
sext_ln42_5             (sext             ) [ 0000]
sext_ln42_48            (sext             ) [ 0000]
shl_ln42_s              (bitconcatenate   ) [ 0000]
sext_ln42_6             (sext             ) [ 0000]
sub_ln42_2              (sub              ) [ 0000]
shl_ln42_10             (bitconcatenate   ) [ 0000]
sext_ln70_1             (sext             ) [ 0000]
sext_ln70_8             (sext             ) [ 0000]
shl_ln42_11             (bitconcatenate   ) [ 0000]
shl_ln42_12             (bitconcatenate   ) [ 0000]
sext_ln42_8             (sext             ) [ 0000]
sub_ln42_3              (sub              ) [ 0000]
sub_ln42_4              (sub              ) [ 0000]
sub_ln42_5              (sub              ) [ 0000]
sub_ln42_6              (sub              ) [ 0000]
shl_ln42_13             (bitconcatenate   ) [ 0000]
sext_ln42_9             (sext             ) [ 0000]
sub_ln42_7              (sub              ) [ 0000]
sext_ln42_10            (sext             ) [ 0000]
sext_ln42_11            (sext             ) [ 0000]
shl_ln42_14             (bitconcatenate   ) [ 0000]
sext_ln42_13            (sext             ) [ 0000]
shl_ln42_15             (bitconcatenate   ) [ 0000]
sub_ln42_8              (sub              ) [ 0000]
add_ln58                (add              ) [ 0000]
sext_ln58               (sext             ) [ 0000]
add_ln58_1              (add              ) [ 0000]
sext_ln58_1             (sext             ) [ 0000]
add_ln58_2              (add              ) [ 0000]
sext_ln58_2             (sext             ) [ 0000]
sub_ln58                (sub              ) [ 0000]
tmp118                  (add              ) [ 0000]
p_shl3                  (bitconcatenate   ) [ 0000]
add_ln58_3              (add              ) [ 0000]
sext_ln58_3             (sext             ) [ 0000]
add_ln58_4              (add              ) [ 0000]
x_2                     (sub              ) [ 0000]
add_ln58_5              (add              ) [ 0000]
add_ln58_6              (add              ) [ 0000]
add_ln58_7              (add              ) [ 0101]
add_ln58_9              (add              ) [ 0000]
add_ln58_10             (add              ) [ 0000]
sext_ln58_16            (sext             ) [ 0000]
add_ln58_11             (add              ) [ 0101]
tmp20987                (sub              ) [ 0000]
tmp1                    (bitconcatenate   ) [ 0000]
add_ln58_13             (add              ) [ 0000]
add_ln58_14             (add              ) [ 0000]
sext_ln58_17            (sext             ) [ 0000]
x_1                     (add              ) [ 0000]
tmp211                  (add              ) [ 0000]
tmp211_cast             (sext             ) [ 0000]
empty                   (trunc            ) [ 0000]
p_shl6                  (bitconcatenate   ) [ 0000]
tmp212                  (sub              ) [ 0000]
add_ln58_18             (add              ) [ 0000]
add_ln58_16             (add              ) [ 0000]
x_3                     (sub              ) [ 0000]
x_4                     (sub              ) [ 0000]
tmp213                  (add              ) [ 0000]
tmp213_cast             (sext             ) [ 0000]
p_shl7                  (bitconcatenate   ) [ 0000]
tmp214                  (sub              ) [ 0000]
add_ln58_17             (add              ) [ 0000]
sub_ln58_4              (sub              ) [ 0000]
add_ln58_19             (add              ) [ 0000]
x_5                     (add              ) [ 0000]
add_ln58_23             (add              ) [ 0000]
x_6                     (add              ) [ 0000]
res_out_1               (partselect       ) [ 0101]
res_out_2               (partselect       ) [ 0101]
res_out_3               (partselect       ) [ 0101]
res_out_4               (partselect       ) [ 0101]
sext_ln42_14            (sext             ) [ 0000]
shl_ln42_2              (bitconcatenate   ) [ 0000]
sext_ln70_2             (sext             ) [ 0000]
sext_ln42_15            (sext             ) [ 0000]
shl_ln42_16             (bitconcatenate   ) [ 0000]
shl_ln42_17             (bitconcatenate   ) [ 0000]
sext_ln42_16            (sext             ) [ 0000]
sext_ln42_18            (sext             ) [ 0000]
sub_ln42_9              (sub              ) [ 0000]
sub_ln42_10             (sub              ) [ 0000]
sext_ln42_7             (sext             ) [ 0000]
mul_ln42_1              (mul              ) [ 0101]
shl_ln42_3              (bitconcatenate   ) [ 0000]
sext_ln42_19            (sext             ) [ 0000]
sext_ln42_49            (sext             ) [ 0000]
shl_ln42_18             (bitconcatenate   ) [ 0000]
sext_ln42_20            (sext             ) [ 0000]
sub_ln42_11             (sub              ) [ 0000]
shl_ln42_19             (bitconcatenate   ) [ 0000]
sext_ln70_3             (sext             ) [ 0000]
sext_ln70_9             (sext             ) [ 0000]
shl_ln42_20             (bitconcatenate   ) [ 0000]
shl_ln42_21             (bitconcatenate   ) [ 0000]
sext_ln42_21            (sext             ) [ 0000]
sub_ln42_12             (sub              ) [ 0000]
sub_ln42_13             (sub              ) [ 0000]
sub_ln42_14             (sub              ) [ 0000]
sub_ln42_15             (sub              ) [ 0000]
shl_ln42_22             (bitconcatenate   ) [ 0000]
sext_ln42_22            (sext             ) [ 0000]
sub_ln42_16             (sub              ) [ 0000]
sext_ln42_23            (sext             ) [ 0000]
sext_ln42_24            (sext             ) [ 0000]
shl_ln42_23             (bitconcatenate   ) [ 0000]
sext_ln42_25            (sext             ) [ 0000]
shl_ln42_24             (bitconcatenate   ) [ 0000]
sub_ln42_17             (sub              ) [ 0000]
add_ln58_21             (add              ) [ 0000]
sext_ln58_4             (sext             ) [ 0000]
add_ln58_22             (add              ) [ 0000]
sext_ln58_5             (sext             ) [ 0000]
add_ln58_24             (add              ) [ 0000]
sext_ln58_6             (sext             ) [ 0000]
sub_ln58_5              (sub              ) [ 0000]
tmp215116               (add              ) [ 0000]
p_shl8                  (bitconcatenate   ) [ 0000]
add_ln58_26             (add              ) [ 0000]
sext_ln58_7             (sext             ) [ 0000]
add_ln58_27             (add              ) [ 0000]
x_9                     (sub              ) [ 0000]
add_ln58_28             (add              ) [ 0000]
add_ln58_29             (add              ) [ 0000]
add_ln58_30             (add              ) [ 0101]
add_ln58_32             (add              ) [ 0000]
add_ln58_33             (add              ) [ 0000]
sext_ln58_18            (sext             ) [ 0000]
add_ln58_34             (add              ) [ 0101]
tmp21859                (sub              ) [ 0000]
tmp2                    (bitconcatenate   ) [ 0000]
add_ln58_36             (add              ) [ 0000]
add_ln58_39             (add              ) [ 0000]
sext_ln58_19            (sext             ) [ 0000]
x_8                     (add              ) [ 0000]
tmp221                  (add              ) [ 0000]
tmp221_cast             (sext             ) [ 0000]
empty_36                (trunc            ) [ 0000]
p_shl9                  (bitconcatenate   ) [ 0000]
tmp222                  (sub              ) [ 0000]
add_ln58_41             (add              ) [ 0000]
add_ln58_37             (add              ) [ 0000]
x_10                    (sub              ) [ 0000]
x_11                    (sub              ) [ 0000]
tmp223                  (add              ) [ 0000]
tmp223_cast             (sext             ) [ 0000]
p_shl5                  (bitconcatenate   ) [ 0000]
tmp224                  (sub              ) [ 0000]
add_ln58_38             (add              ) [ 0000]
sub_ln58_9              (sub              ) [ 0000]
add_ln58_44             (add              ) [ 0000]
x_12                    (add              ) [ 0000]
add_ln58_47             (add              ) [ 0000]
x_13                    (add              ) [ 0000]
sext_ln42_26            (sext             ) [ 0000]
shl_ln42_4              (bitconcatenate   ) [ 0000]
sext_ln70_4             (sext             ) [ 0000]
sext_ln42_27            (sext             ) [ 0000]
shl_ln42_25             (bitconcatenate   ) [ 0000]
shl_ln42_26             (bitconcatenate   ) [ 0000]
sext_ln42_28            (sext             ) [ 0000]
sext_ln42_29            (sext             ) [ 0000]
sub_ln42_18             (sub              ) [ 0000]
sub_ln42_19             (sub              ) [ 0000]
sext_ln42_12            (sext             ) [ 0000]
mul_ln42_2              (mul              ) [ 0101]
shl_ln42_5              (bitconcatenate   ) [ 0000]
sext_ln42_30            (sext             ) [ 0000]
sext_ln42_50            (sext             ) [ 0000]
shl_ln42_27             (bitconcatenate   ) [ 0000]
sext_ln42_31            (sext             ) [ 0000]
sub_ln42_20             (sub              ) [ 0000]
shl_ln42_28             (bitconcatenate   ) [ 0000]
sext_ln70_5             (sext             ) [ 0000]
sext_ln70_10            (sext             ) [ 0000]
shl_ln42_29             (bitconcatenate   ) [ 0000]
shl_ln42_30             (bitconcatenate   ) [ 0000]
sext_ln42_32            (sext             ) [ 0000]
sub_ln42_21             (sub              ) [ 0000]
sub_ln42_22             (sub              ) [ 0000]
sub_ln42_23             (sub              ) [ 0000]
sub_ln42_24             (sub              ) [ 0000]
shl_ln42_31             (bitconcatenate   ) [ 0000]
sext_ln42_33            (sext             ) [ 0000]
sub_ln42_25             (sub              ) [ 0000]
sext_ln42_34            (sext             ) [ 0000]
sext_ln42_35            (sext             ) [ 0000]
shl_ln42_32             (bitconcatenate   ) [ 0000]
sext_ln42_36            (sext             ) [ 0000]
shl_ln42_33             (bitconcatenate   ) [ 0000]
sub_ln42_26             (sub              ) [ 0000]
add_ln58_42             (add              ) [ 0000]
sext_ln58_8             (sext             ) [ 0000]
add_ln58_43             (add              ) [ 0000]
sext_ln58_9             (sext             ) [ 0000]
add_ln58_45             (add              ) [ 0000]
sext_ln58_10            (sext             ) [ 0000]
sub_ln58_10             (sub              ) [ 0000]
tmp225114               (add              ) [ 0000]
p_shl10                 (bitconcatenate   ) [ 0000]
add_ln58_49             (add              ) [ 0000]
sext_ln58_11            (sext             ) [ 0000]
add_ln58_50             (add              ) [ 0000]
x_16                    (sub              ) [ 0000]
add_ln58_52             (add              ) [ 0000]
add_ln58_51             (add              ) [ 0000]
add_ln58_53             (add              ) [ 0101]
add_ln58_55             (add              ) [ 0000]
add_ln58_56             (add              ) [ 0000]
sext_ln58_20            (sext             ) [ 0000]
add_ln58_57             (add              ) [ 0101]
tmp22831                (sub              ) [ 0000]
tmp3                    (bitconcatenate   ) [ 0000]
add_ln58_61             (add              ) [ 0000]
add_ln58_62             (add              ) [ 0000]
sext_ln58_21            (sext             ) [ 0000]
x_15                    (add              ) [ 0000]
tmp231                  (add              ) [ 0000]
tmp231_cast             (sext             ) [ 0000]
empty_37                (trunc            ) [ 0000]
p_shl11                 (bitconcatenate   ) [ 0000]
tmp232                  (sub              ) [ 0000]
add_ln58_67             (add              ) [ 0000]
add_ln58_58             (add              ) [ 0000]
x_17                    (sub              ) [ 0000]
x_18                    (sub              ) [ 0000]
tmp233                  (add              ) [ 0000]
tmp233_cast             (sext             ) [ 0000]
p_shl2                  (bitconcatenate   ) [ 0000]
tmp234                  (sub              ) [ 0000]
add_ln58_59             (add              ) [ 0000]
sub_ln58_14             (sub              ) [ 0000]
add_ln58_68             (add              ) [ 0000]
x_19                    (add              ) [ 0000]
add_ln58_73             (add              ) [ 0000]
x_20                    (add              ) [ 0000]
sext_ln42_37            (sext             ) [ 0000]
shl_ln42_6              (bitconcatenate   ) [ 0000]
sext_ln70_6             (sext             ) [ 0000]
sext_ln42_38            (sext             ) [ 0000]
shl_ln42_34             (bitconcatenate   ) [ 0000]
shl_ln42_35             (bitconcatenate   ) [ 0000]
sext_ln42_39            (sext             ) [ 0000]
sext_ln42_40            (sext             ) [ 0000]
sub_ln42_27             (sub              ) [ 0000]
sub_ln42_28             (sub              ) [ 0000]
sext_ln42_17            (sext             ) [ 0000]
mul_ln42_3              (mul              ) [ 0101]
shl_ln42_7              (bitconcatenate   ) [ 0000]
sext_ln42_41            (sext             ) [ 0000]
sext_ln42_51            (sext             ) [ 0000]
shl_ln42_36             (bitconcatenate   ) [ 0000]
sext_ln42_42            (sext             ) [ 0000]
sub_ln42_29             (sub              ) [ 0000]
shl_ln42_37             (bitconcatenate   ) [ 0000]
sext_ln70_7             (sext             ) [ 0000]
sext_ln70_11            (sext             ) [ 0000]
shl_ln42_38             (bitconcatenate   ) [ 0000]
shl_ln42_39             (bitconcatenate   ) [ 0000]
sext_ln42_43            (sext             ) [ 0000]
sub_ln42_30             (sub              ) [ 0000]
sub_ln42_31             (sub              ) [ 0000]
sub_ln42_32             (sub              ) [ 0000]
sub_ln42_33             (sub              ) [ 0000]
shl_ln42_40             (bitconcatenate   ) [ 0000]
sext_ln42_44            (sext             ) [ 0000]
sub_ln42_34             (sub              ) [ 0000]
sext_ln42_45            (sext             ) [ 0000]
sext_ln42_46            (sext             ) [ 0000]
shl_ln42_41             (bitconcatenate   ) [ 0000]
sext_ln42_47            (sext             ) [ 0000]
shl_ln42_42             (bitconcatenate   ) [ 0000]
sub_ln42_35             (sub              ) [ 0000]
add_ln58_63             (add              ) [ 0000]
sext_ln58_12            (sext             ) [ 0000]
add_ln58_64             (add              ) [ 0000]
sext_ln58_13            (sext             ) [ 0000]
add_ln58_66             (add              ) [ 0000]
sext_ln58_14            (sext             ) [ 0000]
sub_ln58_15             (sub              ) [ 0000]
tmp235112               (add              ) [ 0000]
p_shl4                  (bitconcatenate   ) [ 0000]
add_ln58_70             (add              ) [ 0000]
sext_ln58_15            (sext             ) [ 0000]
add_ln58_71             (add              ) [ 0000]
x_23                    (sub              ) [ 0000]
add_ln58_75             (add              ) [ 0000]
add_ln58_72             (add              ) [ 0000]
add_ln58_76             (add              ) [ 0101]
add_ln58_78             (add              ) [ 0000]
add_ln58_81             (add              ) [ 0000]
sext_ln58_22            (sext             ) [ 0000]
add_ln58_82             (add              ) [ 0101]
tmp2383                 (sub              ) [ 0000]
tmp4                    (bitconcatenate   ) [ 0000]
add_ln58_84             (add              ) [ 0000]
add_ln58_85             (add              ) [ 0000]
sext_ln58_23            (sext             ) [ 0000]
x_22                    (add              ) [ 0000]
tmp241                  (add              ) [ 0000]
tmp241_cast             (sext             ) [ 0000]
empty_38                (trunc            ) [ 0000]
p_shl1                  (bitconcatenate   ) [ 0000]
tmp242                  (sub              ) [ 0000]
add_ln58_87             (add              ) [ 0000]
add_ln58_79             (add              ) [ 0000]
x_24                    (sub              ) [ 0000]
x_25                    (sub              ) [ 0000]
tmp243                  (add              ) [ 0000]
tmp243_cast             (sext             ) [ 0000]
p_shl                   (bitconcatenate   ) [ 0000]
tmp244                  (sub              ) [ 0000]
add_ln58_80             (add              ) [ 0000]
sub_ln58_19             (sub              ) [ 0000]
add_ln58_88             (add              ) [ 0000]
x_26                    (add              ) [ 0000]
add_ln58_90             (add              ) [ 0000]
x_27                    (add              ) [ 0000]
trunc_ln2               (partselect       ) [ 0101]
trunc_ln170_1           (partselect       ) [ 0101]
trunc_ln170_3           (partselect       ) [ 0101]
trunc_ln170_4           (partselect       ) [ 0101]
trunc_ln170_5           (partselect       ) [ 0101]
trunc_ln170_6           (partselect       ) [ 0101]
trunc_ln170_7           (partselect       ) [ 0101]
trunc_ln170_8           (partselect       ) [ 0101]
trunc_ln170_s           (partselect       ) [ 0101]
trunc_ln170_10          (partselect       ) [ 0101]
trunc_ln170_11          (partselect       ) [ 0101]
trunc_ln170_12          (partselect       ) [ 0101]
trunc_ln170_13          (partselect       ) [ 0101]
trunc_ln170_14          (partselect       ) [ 0101]
trunc_ln170_16          (partselect       ) [ 0101]
trunc_ln170_17          (partselect       ) [ 0101]
trunc_ln170_18          (partselect       ) [ 0101]
trunc_ln170_19          (partselect       ) [ 0101]
trunc_ln170_20          (partselect       ) [ 0101]
trunc_ln170_21          (partselect       ) [ 0101]
specresourcelimit_ln33  (specresourcelimit) [ 0000]
add_ln58_8              (add              ) [ 0000]
x                       (add              ) [ 0000]
res_out                 (partselect       ) [ 0000]
specresourcelimit_ln33  (specresourcelimit) [ 0000]
add_ln58_31             (add              ) [ 0000]
x_7                     (add              ) [ 0000]
specresourcelimit_ln33  (specresourcelimit) [ 0000]
add_ln58_54             (add              ) [ 0000]
x_14                    (add              ) [ 0000]
specresourcelimit_ln33  (specresourcelimit) [ 0000]
add_ln58_77             (add              ) [ 0000]
x_21                    (add              ) [ 0000]
trunc_ln170_2           (partselect       ) [ 0000]
trunc_ln170_9           (partselect       ) [ 0000]
trunc_ln170_15          (partselect       ) [ 0000]
or_ln170_s              (bitconcatenate   ) [ 0000]
write_ln170             (write            ) [ 0000]
br_ln171                (br               ) [ 0000]
ret_ln178               (ret              ) [ 0000]
</LifeTime>

<model>

<comp_list>
<comp id="0" class="1000" name="input_layer">
<pin_list>
<pin id="1" dir="1" index="0" bw="1" slack="0"/>
</pin_list>
<bind>
<StgValue><ssdm name="input_layer"/></StgValue>
</bind>
</comp>

<comp id="2" class="1000" name="layer3x4_out">
<pin_list>
<pin id="3" dir="1" index="0" bw="1" slack="0"/>
</pin_list>
<bind>
<StgValue><ssdm name="layer3x4_out"/></StgValue>
</bind>
</comp>

<comp id="4" class="1001" name="const_4">
<pin_list>
<pin id="5" dir="1" index="0" bw="1" slack="0"/>
</pin_list>
<bind>
<StgValue><ssdm name=""/></StgValue>
</bind>
</comp>

<comp id="6" class="1001" name="const_6">
<pin_list>
<pin id="7" dir="1" index="0" bw="1" slack="2147483647"/>
</pin_list>
<bind>
<StgValue><ssdm name="_ssdm_op_SpecInterface"/></StgValue>
</bind>
</comp>

<comp id="8" class="1001" name="const_8">
<pin_list>
<pin id="9" dir="1" index="0" bw="1" slack="2147483647"/>
</pin_list>
<bind>
<StgValue><ssdm name="empty_9"/></StgValue>
</bind>
</comp>

<comp id="10" class="1001" name="const_10">
<pin_list>
<pin id="11" dir="1" index="0" bw="1" slack="0"/>
</pin_list>
<bind>
<StgValue><ssdm name=""/></StgValue>
</bind>
</comp>

<comp id="12" class="1001" name="const_12">
<pin_list>
<pin id="13" dir="1" index="0" bw="1" slack="2147483647"/>
</pin_list>
<bind>
<StgValue><ssdm name="empty_0"/></StgValue>
</bind>
</comp>

<comp id="14" class="1001" name="const_14">
<pin_list>
<pin id="15" dir="1" index="0" bw="1" slack="2147483647"/>
</pin_list>
<bind>
<StgValue><ssdm name=""/></StgValue>
</bind>
</comp>

<comp id="16" class="1001" name="const_16">
<pin_list>
<pin id="17" dir="1" index="0" bw="1" slack="2147483647"/>
</pin_list>
<bind>
<StgValue><ssdm name="empty"/></StgValue>
</bind>
</comp>

<comp id="18" class="1001" name="const_18">
<pin_list>
<pin id="19" dir="1" index="0" bw="1" slack="2147483647"/>
</pin_list>
<bind>
<StgValue><ssdm name="empty_8"/></StgValue>
</bind>
</comp>

<comp id="20" class="1001" name="const_20">
<pin_list>
<pin id="21" dir="1" index="0" bw="1" slack="0"/>
</pin_list>
<bind>
<StgValue><ssdm name=""/></StgValue>
</bind>
</comp>

<comp id="22" class="1001" name="const_22">
<pin_list>
<pin id="23" dir="1" index="0" bw="1" slack="0"/>
</pin_list>
<bind>
<StgValue><ssdm name=""/></StgValue>
</bind>
</comp>

<comp id="24" class="1001" name="const_24">
<pin_list>
<pin id="25" dir="1" index="0" bw="1" slack="0"/>
</pin_list>
<bind>
<StgValue><ssdm name=""/></StgValue>
</bind>
</comp>

<comp id="26" class="1001" name="const_26">
<pin_list>
<pin id="27" dir="1" index="0" bw="1" slack="0"/>
</pin_list>
<bind>
<StgValue><ssdm name=""/></StgValue>
</bind>
</comp>

<comp id="28" class="1001" name="const_28">
<pin_list>
<pin id="29" dir="1" index="0" bw="1" slack="2147483647"/>
</pin_list>
<bind>
<StgValue><ssdm name="_ssdm_op_SpecPipeline"/></StgValue>
</bind>
</comp>

<comp id="30" class="1001" name="const_30">
<pin_list>
<pin id="31" dir="1" index="0" bw="1" slack="2147483647"/>
</pin_list>
<bind>
<StgValue><ssdm name="_ssdm_op_SpecLoopTripCount"/></StgValue>
</bind>
</comp>

<comp id="32" class="1001" name="const_32">
<pin_list>
<pin id="33" dir="1" index="0" bw="1" slack="2147483647"/>
</pin_list>
<bind>
<StgValue><ssdm name=""/></StgValue>
</bind>
</comp>

<comp id="34" class="1001" name="const_34">
<pin_list>
<pin id="35" dir="1" index="0" bw="1" slack="2147483647"/>
</pin_list>
<bind>
<StgValue><ssdm name="_ssdm_op_SpecLoopName"/></StgValue>
</bind>
</comp>

<comp id="36" class="1001" name="const_36">
<pin_list>
<pin id="37" dir="1" index="0" bw="1" slack="2147483647"/>
</pin_list>
<bind>
<StgValue><ssdm name="empty_6"/></StgValue>
</bind>
</comp>

<comp id="38" class="1001" name="const_38">
<pin_list>
<pin id="39" dir="1" index="0" bw="1" slack="0"/>
</pin_list>
<bind>
<StgValue><ssdm name="_ssdm_op_Read.axis.volatile.i64P128A"/></StgValue>
</bind>
</comp>

<comp id="40" class="1001" name="const_40">
<pin_list>
<pin id="41" dir="1" index="0" bw="1" slack="0"/>
</pin_list>
<bind>
<StgValue><ssdm name="_ssdm_op_PartSelect.i12.i64.i32.i32"/></StgValue>
</bind>
</comp>

<comp id="42" class="1001" name="const_42">
<pin_list>
<pin id="43" dir="1" index="0" bw="1" slack="0"/>
</pin_list>
<bind>
<StgValue><ssdm name=""/></StgValue>
</bind>
</comp>

<comp id="44" class="1001" name="const_44">
<pin_list>
<pin id="45" dir="1" index="0" bw="1" slack="0"/>
</pin_list>
<bind>
<StgValue><ssdm name=""/></StgValue>
</bind>
</comp>

<comp id="46" class="1001" name="const_46">
<pin_list>
<pin id="47" dir="1" index="0" bw="1" slack="0"/>
</pin_list>
<bind>
<StgValue><ssdm name=""/></StgValue>
</bind>
</comp>

<comp id="48" class="1001" name="const_48">
<pin_list>
<pin id="49" dir="1" index="0" bw="1" slack="0"/>
</pin_list>
<bind>
<StgValue><ssdm name=""/></StgValue>
</bind>
</comp>

<comp id="50" class="1001" name="const_50">
<pin_list>
<pin id="51" dir="1" index="0" bw="1" slack="0"/>
</pin_list>
<bind>
<StgValue><ssdm name=""/></StgValue>
</bind>
</comp>

<comp id="52" class="1001" name="const_52">
<pin_list>
<pin id="53" dir="1" index="0" bw="1" slack="0"/>
</pin_list>
<bind>
<StgValue><ssdm name=""/></StgValue>
</bind>
</comp>

<comp id="54" class="1001" name="const_54">
<pin_list>
<pin id="55" dir="1" index="0" bw="1" slack="0"/>
</pin_list>
<bind>
<StgValue><ssdm name=""/></StgValue>
</bind>
</comp>

<comp id="56" class="1001" name="const_56">
<pin_list>
<pin id="57" dir="1" index="0" bw="1" slack="0"/>
</pin_list>
<bind>
<StgValue><ssdm name=""/></StgValue>
</bind>
</comp>

<comp id="58" class="1001" name="const_58">
<pin_list>
<pin id="59" dir="1" index="0" bw="1" slack="0"/>
</pin_list>
<bind>
<StgValue><ssdm name=""/></StgValue>
</bind>
</comp>

<comp id="60" class="1001" name="const_60">
<pin_list>
<pin id="61" dir="1" index="0" bw="1" slack="0"/>
</pin_list>
<bind>
<StgValue><ssdm name=""/></StgValue>
</bind>
</comp>

<comp id="62" class="1001" name="const_62">
<pin_list>
<pin id="63" dir="1" index="0" bw="1" slack="0"/>
</pin_list>
<bind>
<StgValue><ssdm name=""/></StgValue>
</bind>
</comp>

<comp id="64" class="1001" name="const_64">
<pin_list>
<pin id="65" dir="1" index="0" bw="1" slack="0"/>
</pin_list>
<bind>
<StgValue><ssdm name="_ssdm_op_PartSelect.i7.i9.i32.i32"/></StgValue>
</bind>
</comp>

<comp id="66" class="1001" name="const_66">
<pin_list>
<pin id="67" dir="1" index="0" bw="1" slack="0"/>
</pin_list>
<bind>
<StgValue><ssdm name=""/></StgValue>
</bind>
</comp>

<comp id="68" class="1001" name="const_68">
<pin_list>
<pin id="69" dir="1" index="0" bw="1" slack="0"/>
</pin_list>
<bind>
<StgValue><ssdm name=""/></StgValue>
</bind>
</comp>

<comp id="70" class="1001" name="const_70">
<pin_list>
<pin id="71" dir="1" index="0" bw="1" slack="0"/>
</pin_list>
<bind>
<StgValue><ssdm name=""/></StgValue>
</bind>
</comp>

<comp id="72" class="1001" name="const_72">
<pin_list>
<pin id="73" dir="1" index="0" bw="1" slack="0"/>
</pin_list>
<bind>
<StgValue><ssdm name=""/></StgValue>
</bind>
</comp>

<comp id="74" class="1001" name="const_74">
<pin_list>
<pin id="75" dir="1" index="0" bw="1" slack="0"/>
</pin_list>
<bind>
<StgValue><ssdm name=""/></StgValue>
</bind>
</comp>

<comp id="76" class="1001" name="const_76">
<pin_list>
<pin id="77" dir="1" index="0" bw="1" slack="0"/>
</pin_list>
<bind>
<StgValue><ssdm name=""/></StgValue>
</bind>
</comp>

<comp id="78" class="1001" name="const_78">
<pin_list>
<pin id="79" dir="1" index="0" bw="1" slack="0"/>
</pin_list>
<bind>
<StgValue><ssdm name=""/></StgValue>
</bind>
</comp>

<comp id="80" class="1001" name="const_80">
<pin_list>
<pin id="81" dir="1" index="0" bw="1" slack="0"/>
</pin_list>
<bind>
<StgValue><ssdm name="_ssdm_op_SparseMux.ap_auto.5i12.i12.i3"/></StgValue>
</bind>
</comp>

<comp id="82" class="1001" name="const_82">
<pin_list>
<pin id="83" dir="1" index="0" bw="1" slack="0"/>
</pin_list>
<bind>
<StgValue><ssdm name=""/></StgValue>
</bind>
</comp>

<comp id="84" class="1001" name="const_84">
<pin_list>
<pin id="85" dir="1" index="0" bw="1" slack="0"/>
</pin_list>
<bind>
<StgValue><ssdm name=""/></StgValue>
</bind>
</comp>

<comp id="86" class="1001" name="const_86">
<pin_list>
<pin id="87" dir="1" index="0" bw="1" slack="0"/>
</pin_list>
<bind>
<StgValue><ssdm name=""/></StgValue>
</bind>
</comp>

<comp id="88" class="1001" name="const_88">
<pin_list>
<pin id="89" dir="1" index="0" bw="1" slack="0"/>
</pin_list>
<bind>
<StgValue><ssdm name="_ssdm_op_BitConcatenate.i13.i12.i1"/></StgValue>
</bind>
</comp>

<comp id="90" class="1001" name="const_90">
<pin_list>
<pin id="91" dir="1" index="0" bw="1" slack="0"/>
</pin_list>
<bind>
<StgValue><ssdm name=""/></StgValue>
</bind>
</comp>

<comp id="92" class="1001" name="const_92">
<pin_list>
<pin id="93" dir="1" index="0" bw="1" slack="0"/>
</pin_list>
<bind>
<StgValue><ssdm name="_ssdm_op_BitConcatenate.i15.i12.i3"/></StgValue>
</bind>
</comp>

<comp id="94" class="1001" name="const_94">
<pin_list>
<pin id="95" dir="1" index="0" bw="1" slack="0"/>
</pin_list>
<bind>
<StgValue><ssdm name=""/></StgValue>
</bind>
</comp>

<comp id="96" class="1001" name="const_96">
<pin_list>
<pin id="97" dir="1" index="0" bw="1" slack="0"/>
</pin_list>
<bind>
<StgValue><ssdm name="_ssdm_op_BitConcatenate.i14.i12.i2"/></StgValue>
</bind>
</comp>

<comp id="98" class="1001" name="const_98">
<pin_list>
<pin id="99" dir="1" index="0" bw="1" slack="0"/>
</pin_list>
<bind>
<StgValue><ssdm name=""/></StgValue>
</bind>
</comp>

<comp id="100" class="1001" name="const_100">
<pin_list>
<pin id="101" dir="1" index="0" bw="1" slack="0"/>
</pin_list>
<bind>
<StgValue><ssdm name=""/></StgValue>
</bind>
</comp>

<comp id="102" class="1001" name="const_102">
<pin_list>
<pin id="103" dir="1" index="0" bw="1" slack="0"/>
</pin_list>
<bind>
<StgValue><ssdm name=""/></StgValue>
</bind>
</comp>

<comp id="104" class="1001" name="const_104">
<pin_list>
<pin id="105" dir="1" index="0" bw="1" slack="0"/>
</pin_list>
<bind>
<StgValue><ssdm name=""/></StgValue>
</bind>
</comp>

<comp id="106" class="1001" name="const_106">
<pin_list>
<pin id="107" dir="1" index="0" bw="1" slack="0"/>
</pin_list>
<bind>
<StgValue><ssdm name=""/></StgValue>
</bind>
</comp>

<comp id="108" class="1001" name="const_108">
<pin_list>
<pin id="109" dir="1" index="0" bw="1" slack="0"/>
</pin_list>
<bind>
<StgValue><ssdm name="_ssdm_op_BitConcatenate.i15.i13.i2"/></StgValue>
</bind>
</comp>

<comp id="110" class="1001" name="const_110">
<pin_list>
<pin id="111" dir="1" index="0" bw="1" slack="0"/>
</pin_list>
<bind>
<StgValue><ssdm name=""/></StgValue>
</bind>
</comp>

<comp id="112" class="1001" name="const_112">
<pin_list>
<pin id="113" dir="1" index="0" bw="1" slack="0"/>
</pin_list>
<bind>
<StgValue><ssdm name=""/></StgValue>
</bind>
</comp>

<comp id="114" class="1001" name="const_114">
<pin_list>
<pin id="115" dir="1" index="0" bw="1" slack="0"/>
</pin_list>
<bind>
<StgValue><ssdm name=""/></StgValue>
</bind>
</comp>

<comp id="116" class="1001" name="const_116">
<pin_list>
<pin id="117" dir="1" index="0" bw="1" slack="0"/>
</pin_list>
<bind>
<StgValue><ssdm name=""/></StgValue>
</bind>
</comp>

<comp id="118" class="1001" name="const_118">
<pin_list>
<pin id="119" dir="1" index="0" bw="1" slack="0"/>
</pin_list>
<bind>
<StgValue><ssdm name="_ssdm_op_PartSelect.i9.i15.i32.i32"/></StgValue>
</bind>
</comp>

<comp id="120" class="1001" name="const_120">
<pin_list>
<pin id="121" dir="1" index="0" bw="1" slack="0"/>
</pin_list>
<bind>
<StgValue><ssdm name=""/></StgValue>
</bind>
</comp>

<comp id="122" class="1001" name="const_122">
<pin_list>
<pin id="123" dir="1" index="0" bw="1" slack="0"/>
</pin_list>
<bind>
<StgValue><ssdm name=""/></StgValue>
</bind>
</comp>

<comp id="124" class="1001" name="const_124">
<pin_list>
<pin id="125" dir="1" index="0" bw="1" slack="2147483647"/>
</pin_list>
<bind>
<StgValue><ssdm name="_ssdm_op_SpecResourceLimit"/></StgValue>
</bind>
</comp>

<comp id="126" class="1001" name="const_126">
<pin_list>
<pin id="127" dir="1" index="0" bw="1" slack="2147483647"/>
</pin_list>
<bind>
<StgValue><ssdm name=""/></StgValue>
</bind>
</comp>

<comp id="128" class="1001" name="const_128">
<pin_list>
<pin id="129" dir="1" index="0" bw="1" slack="2147483647"/>
</pin_list>
<bind>
<StgValue><ssdm name="empty_1"/></StgValue>
</bind>
</comp>

<comp id="130" class="1001" name="const_130">
<pin_list>
<pin id="131" dir="1" index="0" bw="1" slack="0"/>
</pin_list>
<bind>
<StgValue><ssdm name="_ssdm_op_BitConcatenate.i252.i9.i9.i9.i9.i9.i9.i9.i9.i9.i9.i9.i9.i9.i9.i9.i9.i9.i9.i9.i9.i9.i9.i9.i9.i9.i9.i9.i9"/></StgValue>
</bind>
</comp>

<comp id="132" class="1001" name="const_132">
<pin_list>
<pin id="133" dir="1" index="0" bw="1" slack="0"/>
</pin_list>
<bind>
<StgValue><ssdm name="_ssdm_op_Write.ap_fifo.volatile.i252P0A"/></StgValue>
</bind>
</comp>

<comp id="134" class="1004" name="i_ih_fu_134">
<pin_list>
<pin id="135" dir="0" index="0" bw="1" slack="0"/>
<pin id="136" dir="1" index="1" bw="9" slack="0"/>
</pin_list>
<bind>
<opcode="alloca(26) " fcode="alloca"/>
<opset="i_ih/1 "/>
</bind>
</comp>

<comp id="138" class="1004" name="stride_cnt_fu_138">
<pin_list>
<pin id="139" dir="0" index="0" bw="1" slack="0"/>
<pin id="140" dir="1" index="1" bw="32" slack="0"/>
</pin_list>
<bind>
<opcode="alloca(26) " fcode="alloca"/>
<opset="stride_cnt/1 "/>
</bind>
</comp>

<comp id="142" class="1004" name="wptr_fu_142">
<pin_list>
<pin id="143" dir="0" index="0" bw="1" slack="0"/>
<pin id="144" dir="1" index="1" bw="32" slack="0"/>
</pin_list>
<bind>
<opcode="alloca(26) " fcode="alloca"/>
<opset="wptr/1 "/>
</bind>
</comp>

<comp id="146" class="1004" name="row_buf_fu_146">
<pin_list>
<pin id="147" dir="0" index="0" bw="1" slack="0"/>
<pin id="148" dir="1" index="1" bw="12" slack="0"/>
</pin_list>
<bind>
<opcode="alloca(26) " fcode="alloca"/>
<opset="row_buf/1 "/>
</bind>
</comp>

<comp id="150" class="1004" name="row_buf_1_fu_150">
<pin_list>
<pin id="151" dir="0" index="0" bw="1" slack="0"/>
<pin id="152" dir="1" index="1" bw="12" slack="0"/>
</pin_list>
<bind>
<opcode="alloca(26) " fcode="alloca"/>
<opset="row_buf_1/1 "/>
</bind>
</comp>

<comp id="154" class="1004" name="row_buf_2_fu_154">
<pin_list>
<pin id="155" dir="0" index="0" bw="1" slack="0"/>
<pin id="156" dir="1" index="1" bw="12" slack="0"/>
</pin_list>
<bind>
<opcode="alloca(26) " fcode="alloca"/>
<opset="row_buf_2/1 "/>
</bind>
</comp>

<comp id="158" class="1004" name="row_buf_3_fu_158">
<pin_list>
<pin id="159" dir="0" index="0" bw="1" slack="0"/>
<pin id="160" dir="1" index="1" bw="12" slack="0"/>
</pin_list>
<bind>
<opcode="alloca(26) " fcode="alloca"/>
<opset="row_buf_3/1 "/>
</bind>
</comp>

<comp id="162" class="1004" name="row_buf_4_fu_162">
<pin_list>
<pin id="163" dir="0" index="0" bw="1" slack="0"/>
<pin id="164" dir="1" index="1" bw="12" slack="0"/>
</pin_list>
<bind>
<opcode="alloca(26) " fcode="alloca"/>
<opset="row_buf_4/1 "/>
</bind>
</comp>

<comp id="166" class="1004" name="row_buf_5_fu_166">
<pin_list>
<pin id="167" dir="0" index="0" bw="1" slack="0"/>
<pin id="168" dir="1" index="1" bw="12" slack="0"/>
</pin_list>
<bind>
<opcode="alloca(26) " fcode="alloca"/>
<opset="row_buf_5/1 "/>
</bind>
</comp>

<comp id="170" class="1004" name="row_buf_6_fu_170">
<pin_list>
<pin id="171" dir="0" index="0" bw="1" slack="0"/>
<pin id="172" dir="1" index="1" bw="12" slack="0"/>
</pin_list>
<bind>
<opcode="alloca(26) " fcode="alloca"/>
<opset="row_buf_6/1 "/>
</bind>
</comp>

<comp id="174" class="1004" name="row_buf_7_fu_174">
<pin_list>
<pin id="175" dir="0" index="0" bw="1" slack="0"/>
<pin id="176" dir="1" index="1" bw="12" slack="0"/>
</pin_list>
<bind>
<opcode="alloca(26) " fcode="alloca"/>
<opset="row_buf_7/1 "/>
</bind>
</comp>

<comp id="178" class="1004" name="row_buf_8_fu_178">
<pin_list>
<pin id="179" dir="0" index="0" bw="1" slack="0"/>
<pin id="180" dir="1" index="1" bw="12" slack="0"/>
</pin_list>
<bind>
<opcode="alloca(26) " fcode="alloca"/>
<opset="row_buf_8/1 "/>
</bind>
</comp>

<comp id="182" class="1004" name="row_buf_9_fu_182">
<pin_list>
<pin id="183" dir="0" index="0" bw="1" slack="0"/>
<pin id="184" dir="1" index="1" bw="12" slack="0"/>
</pin_list>
<bind>
<opcode="alloca(26) " fcode="alloca"/>
<opset="row_buf_9/1 "/>
</bind>
</comp>

<comp id="186" class="1004" name="row_buf_10_fu_186">
<pin_list>
<pin id="187" dir="0" index="0" bw="1" slack="0"/>
<pin id="188" dir="1" index="1" bw="12" slack="0"/>
</pin_list>
<bind>
<opcode="alloca(26) " fcode="alloca"/>
<opset="row_buf_10/1 "/>
</bind>
</comp>

<comp id="190" class="1004" name="row_buf_11_fu_190">
<pin_list>
<pin id="191" dir="0" index="0" bw="1" slack="0"/>
<pin id="192" dir="1" index="1" bw="12" slack="0"/>
</pin_list>
<bind>
<opcode="alloca(26) " fcode="alloca"/>
<opset="row_buf_11/1 "/>
</bind>
</comp>

<comp id="194" class="1004" name="row_buf_12_fu_194">
<pin_list>
<pin id="195" dir="0" index="0" bw="1" slack="0"/>
<pin id="196" dir="1" index="1" bw="12" slack="0"/>
</pin_list>
<bind>
<opcode="alloca(26) " fcode="alloca"/>
<opset="row_buf_12/1 "/>
</bind>
</comp>

<comp id="198" class="1004" name="row_buf_13_fu_198">
<pin_list>
<pin id="199" dir="0" index="0" bw="1" slack="0"/>
<pin id="200" dir="1" index="1" bw="12" slack="0"/>
</pin_list>
<bind>
<opcode="alloca(26) " fcode="alloca"/>
<opset="row_buf_13/1 "/>
</bind>
</comp>

<comp id="202" class="1004" name="row_buf_14_fu_202">
<pin_list>
<pin id="203" dir="0" index="0" bw="1" slack="0"/>
<pin id="204" dir="1" index="1" bw="12" slack="0"/>
</pin_list>
<bind>
<opcode="alloca(26) " fcode="alloca"/>
<opset="row_buf_14/1 "/>
</bind>
</comp>

<comp id="206" class="1004" name="row_buf_15_fu_206">
<pin_list>
<pin id="207" dir="0" index="0" bw="1" slack="0"/>
<pin id="208" dir="1" index="1" bw="12" slack="0"/>
</pin_list>
<bind>
<opcode="alloca(26) " fcode="alloca"/>
<opset="row_buf_15/1 "/>
</bind>
</comp>

<comp id="210" class="1004" name="row_buf_16_fu_210">
<pin_list>
<pin id="211" dir="0" index="0" bw="1" slack="0"/>
<pin id="212" dir="1" index="1" bw="12" slack="0"/>
</pin_list>
<bind>
<opcode="alloca(26) " fcode="alloca"/>
<opset="row_buf_16/1 "/>
</bind>
</comp>

<comp id="214" class="1004" name="row_buf_17_fu_214">
<pin_list>
<pin id="215" dir="0" index="0" bw="1" slack="0"/>
<pin id="216" dir="1" index="1" bw="12" slack="0"/>
</pin_list>
<bind>
<opcode="alloca(26) " fcode="alloca"/>
<opset="row_buf_17/1 "/>
</bind>
</comp>

<comp id="218" class="1004" name="row_buf_18_fu_218">
<pin_list>
<pin id="219" dir="0" index="0" bw="1" slack="0"/>
<pin id="220" dir="1" index="1" bw="12" slack="0"/>
</pin_list>
<bind>
<opcode="alloca(26) " fcode="alloca"/>
<opset="row_buf_18/1 "/>
</bind>
</comp>

<comp id="222" class="1004" name="row_buf_19_fu_222">
<pin_list>
<pin id="223" dir="0" index="0" bw="1" slack="0"/>
<pin id="224" dir="1" index="1" bw="12" slack="0"/>
</pin_list>
<bind>
<opcode="alloca(26) " fcode="alloca"/>
<opset="row_buf_19/1 "/>
</bind>
</comp>

<comp id="226" class="1004" name="input_layer_read_read_fu_226">
<pin_list>
<pin id="227" dir="0" index="0" bw="64" slack="0"/>
<pin id="228" dir="0" index="1" bw="64" slack="0"/>
<pin id="229" dir="1" index="2" bw="64" slack="0"/>
</pin_list>
<bind>
<opcode="read(1150) " fcode="read"/>
<opset="input_layer_read/1 "/>
</bind>
</comp>

<comp id="232" class="1004" name="write_ln170_write_fu_232">
<pin_list>
<pin id="233" dir="0" index="0" bw="0" slack="0"/>
<pin id="234" dir="0" index="1" bw="252" slack="0"/>
<pin id="235" dir="0" index="2" bw="252" slack="0"/>
<pin id="236" dir="1" index="3" bw="0" slack="2147483647"/>
</pin_list>
<bind>
<opcode="write(1151) " fcode="write"/>
<opset="write_ln170/3 "/>
</bind>
</comp>

<comp id="251" class="1004" name="mul_ln42_3_fu_251">
<pin_list>
<pin id="846" dir="0" index="0" bw="12" slack="0"/>
<pin id="847" dir="0" index="1" bw="5" slack="0"/>
<pin id="848" dir="1" index="2" bw="15" slack="1"/>
</pin_list>
<bind>
<opcode="mul(12) " fcode="mul"/>
<opset="mul_ln42_3/2 "/>
</bind>
</comp>

<comp id="261" class="1004" name="mul_ln42_2_fu_261">
<pin_list>
<pin id="842" dir="0" index="0" bw="12" slack="0"/>
<pin id="843" dir="0" index="1" bw="5" slack="0"/>
<pin id="844" dir="1" index="2" bw="15" slack="1"/>
</pin_list>
<bind>
<opcode="mul(12) " fcode="mul"/>
<opset="mul_ln42_2/2 "/>
</bind>
</comp>

<comp id="265" class="1004" name="mul_ln42_fu_265">
<pin_list>
<pin id="834" dir="0" index="0" bw="12" slack="0"/>
<pin id="835" dir="0" index="1" bw="5" slack="0"/>
<pin id="836" dir="1" index="2" bw="15" slack="1"/>
</pin_list>
<bind>
<opcode="mul(12) " fcode="mul"/>
<opset="mul_ln42/2 "/>
</bind>
</comp>

<comp id="266" class="1004" name="mul_ln42_1_fu_266">
<pin_list>
<pin id="838" dir="0" index="0" bw="12" slack="0"/>
<pin id="839" dir="0" index="1" bw="5" slack="0"/>
<pin id="840" dir="1" index="2" bw="15" slack="1"/>
</pin_list>
<bind>
<opcode="mul(12) " fcode="mul"/>
<opset="mul_ln42_1/2 "/>
</bind>
</comp>

<comp id="850" class="1005" name="mul_ln42_reg_850">
<pin_list>
<pin id="851" dir="0" index="0" bw="15" slack="1"/>
<pin id="852" dir="1" index="1" bw="15" slack="1"/>
</pin_list>
<bind>
<opset="mul_ln42 "/>
</bind>
</comp>

<comp id="854" class="1005" name="mul_ln42_1_reg_854">
<pin_list>
<pin id="855" dir="0" index="0" bw="15" slack="1"/>
<pin id="856" dir="1" index="1" bw="15" slack="1"/>
</pin_list>
<bind>
<opset="mul_ln42_1 "/>
</bind>
</comp>

<comp id="858" class="1005" name="mul_ln42_2_reg_858">
<pin_list>
<pin id="859" dir="0" index="0" bw="15" slack="1"/>
<pin id="860" dir="1" index="1" bw="15" slack="1"/>
</pin_list>
<bind>
<opset="mul_ln42_2 "/>
</bind>
</comp>

<comp id="862" class="1005" name="mul_ln42_3_reg_862">
<pin_list>
<pin id="863" dir="0" index="0" bw="15" slack="1"/>
<pin id="864" dir="1" index="1" bw="15" slack="1"/>
</pin_list>
<bind>
<opset="mul_ln42_3 "/>
</bind>
</comp>

<comp id="867" class="1004" name="store_ln116_store_fu_867">
<pin_list>
<pin id="868" dir="0" index="0" bw="1" slack="0"/>
<pin id="869" dir="0" index="1" bw="32" slack="0"/>
<pin id="870" dir="1" index="2" bw="0" slack="2147483647"/>
</pin_list>
<bind>
<opcode="store(28) " fcode="store"/>
<opset="store_ln116/1 "/>
</bind>
</comp>

<comp id="872" class="1004" name="store_ln117_store_fu_872">
<pin_list>
<pin id="873" dir="0" index="0" bw="1" slack="0"/>
<pin id="874" dir="0" index="1" bw="32" slack="0"/>
<pin id="875" dir="1" index="2" bw="0" slack="2147483647"/>
</pin_list>
<bind>
<opcode="store(28) " fcode="store"/>
<opset="store_ln117/1 "/>
</bind>
</comp>

<comp id="877" class="1004" name="store_ln120_store_fu_877">
<pin_list>
<pin id="878" dir="0" index="0" bw="1" slack="0"/>
<pin id="879" dir="0" index="1" bw="9" slack="0"/>
<pin id="880" dir="1" index="2" bw="0" slack="2147483647"/>
</pin_list>
<bind>
<opcode="store(28) " fcode="store"/>
<opset="store_ln120/1 "/>
</bind>
</comp>

<comp id="882" class="1004" name="i_ih_3_load_fu_882">
<pin_list>
<pin id="883" dir="0" index="0" bw="9" slack="0"/>
<pin id="884" dir="1" index="1" bw="9" slack="0"/>
</pin_list>
<bind>
<opcode="load(27) " fcode="load"/>
<opset="i_ih_3/1 "/>
</bind>
</comp>

<comp id="885" class="1004" name="stride_cnt_3_load_fu_885">
<pin_list>
<pin id="886" dir="0" index="0" bw="32" slack="0"/>
<pin id="887" dir="1" index="1" bw="32" slack="0"/>
</pin_list>
<bind>
<opcode="load(27) " fcode="load"/>
<opset="stride_cnt_3/1 "/>
</bind>
</comp>

<comp id="888" class="1004" name="wptr_1_load_fu_888">
<pin_list>
<pin id="889" dir="0" index="0" bw="32" slack="0"/>
<pin id="890" dir="1" index="1" bw="32" slack="0"/>
</pin_list>
<bind>
<opcode="load(27) " fcode="load"/>
<opset="wptr_1/1 "/>
</bind>
</comp>

<comp id="891" class="1004" name="icmp_ln120_fu_891">
<pin_list>
<pin id="892" dir="0" index="0" bw="9" slack="0"/>
<pin id="893" dir="0" index="1" bw="9" slack="0"/>
<pin id="894" dir="1" index="2" bw="1" slack="1"/>
</pin_list>
<bind>
<opcode="icmp(45) " fcode="icmp"/>
<opset="icmp_ln120/1 "/>
</bind>
</comp>

<comp id="897" class="1004" name="i_ih_4_fu_897">
<pin_list>
<pin id="898" dir="0" index="0" bw="9" slack="0"/>
<pin id="899" dir="0" index="1" bw="1" slack="0"/>
<pin id="900" dir="1" index="2" bw="9" slack="0"/>
</pin_list>
<bind>
<opcode="add(8) " fcode="add"/>
<opset="i_ih_4/1 "/>
</bind>
</comp>

<comp id="903" class="1004" name="trunc_ln120_fu_903">
<pin_list>
<pin id="904" dir="0" index="0" bw="32" slack="0"/>
<pin id="905" dir="1" index="1" bw="3" slack="2147483647"/>
</pin_list>
<bind>
<opcode="trunc(33) " fcode="trunc"/>
<opset="trunc_ln120/1 "/>
</bind>
</comp>

<comp id="907" class="1004" name="row_buf_22_fu_907">
<pin_list>
<pin id="908" dir="0" index="0" bw="64" slack="0"/>
<pin id="909" dir="1" index="1" bw="12" slack="0"/>
</pin_list>
<bind>
<opcode="trunc(33) " fcode="trunc"/>
<opset="row_buf_22/1 "/>
</bind>
</comp>

<comp id="911" class="1004" name="row_buf_23_fu_911">
<pin_list>
<pin id="912" dir="0" index="0" bw="12" slack="0"/>
<pin id="913" dir="0" index="1" bw="64" slack="0"/>
<pin id="914" dir="0" index="2" bw="6" slack="0"/>
<pin id="915" dir="0" index="3" bw="6" slack="0"/>
<pin id="916" dir="1" index="4" bw="12" slack="0"/>
</pin_list>
<bind>
<opcode="partselect(1002) " fcode="partselect"/>
<opset="row_buf_23/1 "/>
</bind>
</comp>

<comp id="921" class="1004" name="row_buf_20_fu_921">
<pin_list>
<pin id="922" dir="0" index="0" bw="12" slack="0"/>
<pin id="923" dir="0" index="1" bw="64" slack="0"/>
<pin id="924" dir="0" index="2" bw="7" slack="0"/>
<pin id="925" dir="0" index="3" bw="7" slack="0"/>
<pin id="926" dir="1" index="4" bw="12" slack="0"/>
</pin_list>
<bind>
<opcode="partselect(1002) " fcode="partselect"/>
<opset="row_buf_20/1 "/>
</bind>
</comp>

<comp id="931" class="1004" name="row_buf_21_fu_931">
<pin_list>
<pin id="932" dir="0" index="0" bw="12" slack="0"/>
<pin id="933" dir="0" index="1" bw="64" slack="0"/>
<pin id="934" dir="0" index="2" bw="7" slack="0"/>
<pin id="935" dir="0" index="3" bw="7" slack="0"/>
<pin id="936" dir="1" index="4" bw="12" slack="0"/>
</pin_list>
<bind>
<opcode="partselect(1002) " fcode="partselect"/>
<opset="row_buf_21/1 "/>
</bind>
</comp>

<comp id="941" class="1004" name="store_ln129_store_fu_941">
<pin_list>
<pin id="942" dir="0" index="0" bw="12" slack="0"/>
<pin id="943" dir="0" index="1" bw="12" slack="0"/>
<pin id="944" dir="1" index="2" bw="0" slack="2147483647"/>
</pin_list>
<bind>
<opcode="store(28) " fcode="store"/>
<opset="store_ln129/1 "/>
</bind>
</comp>

<comp id="946" class="1004" name="store_ln129_store_fu_946">
<pin_list>
<pin id="947" dir="0" index="0" bw="12" slack="0"/>
<pin id="948" dir="0" index="1" bw="12" slack="0"/>
<pin id="949" dir="1" index="2" bw="0" slack="2147483647"/>
</pin_list>
<bind>
<opcode="store(28) " fcode="store"/>
<opset="store_ln129/1 "/>
</bind>
</comp>

<comp id="951" class="1004" name="store_ln129_store_fu_951">
<pin_list>
<pin id="952" dir="0" index="0" bw="12" slack="0"/>
<pin id="953" dir="0" index="1" bw="12" slack="0"/>
<pin id="954" dir="1" index="2" bw="0" slack="2147483647"/>
</pin_list>
<bind>
<opcode="store(28) " fcode="store"/>
<opset="store_ln129/1 "/>
</bind>
</comp>

<comp id="956" class="1004" name="store_ln129_store_fu_956">
<pin_list>
<pin id="957" dir="0" index="0" bw="12" slack="0"/>
<pin id="958" dir="0" index="1" bw="12" slack="0"/>
<pin id="959" dir="1" index="2" bw="0" slack="2147483647"/>
</pin_list>
<bind>
<opcode="store(28) " fcode="store"/>
<opset="store_ln129/1 "/>
</bind>
</comp>

<comp id="961" class="1004" name="store_ln129_store_fu_961">
<pin_list>
<pin id="962" dir="0" index="0" bw="12" slack="0"/>
<pin id="963" dir="0" index="1" bw="12" slack="0"/>
<pin id="964" dir="1" index="2" bw="0" slack="2147483647"/>
</pin_list>
<bind>
<opcode="store(28) " fcode="store"/>
<opset="store_ln129/1 "/>
</bind>
</comp>

<comp id="966" class="1004" name="store_ln129_store_fu_966">
<pin_list>
<pin id="967" dir="0" index="0" bw="12" slack="0"/>
<pin id="968" dir="0" index="1" bw="12" slack="0"/>
<pin id="969" dir="1" index="2" bw="0" slack="2147483647"/>
</pin_list>
<bind>
<opcode="store(28) " fcode="store"/>
<opset="store_ln129/1 "/>
</bind>
</comp>

<comp id="971" class="1004" name="store_ln129_store_fu_971">
<pin_list>
<pin id="972" dir="0" index="0" bw="12" slack="0"/>
<pin id="973" dir="0" index="1" bw="12" slack="0"/>
<pin id="974" dir="1" index="2" bw="0" slack="2147483647"/>
</pin_list>
<bind>
<opcode="store(28) " fcode="store"/>
<opset="store_ln129/1 "/>
</bind>
</comp>

<comp id="976" class="1004" name="store_ln129_store_fu_976">
<pin_list>
<pin id="977" dir="0" index="0" bw="12" slack="0"/>
<pin id="978" dir="0" index="1" bw="12" slack="0"/>
<pin id="979" dir="1" index="2" bw="0" slack="2147483647"/>
</pin_list>
<bind>
<opcode="store(28) " fcode="store"/>
<opset="store_ln129/1 "/>
</bind>
</comp>

<comp id="981" class="1004" name="store_ln129_store_fu_981">
<pin_list>
<pin id="982" dir="0" index="0" bw="12" slack="0"/>
<pin id="983" dir="0" index="1" bw="12" slack="0"/>
<pin id="984" dir="1" index="2" bw="0" slack="2147483647"/>
</pin_list>
<bind>
<opcode="store(28) " fcode="store"/>
<opset="store_ln129/1 "/>
</bind>
</comp>

<comp id="986" class="1004" name="store_ln129_store_fu_986">
<pin_list>
<pin id="987" dir="0" index="0" bw="12" slack="0"/>
<pin id="988" dir="0" index="1" bw="12" slack="0"/>
<pin id="989" dir="1" index="2" bw="0" slack="2147483647"/>
</pin_list>
<bind>
<opcode="store(28) " fcode="store"/>
<opset="store_ln129/1 "/>
</bind>
</comp>

<comp id="991" class="1004" name="store_ln129_store_fu_991">
<pin_list>
<pin id="992" dir="0" index="0" bw="12" slack="0"/>
<pin id="993" dir="0" index="1" bw="12" slack="0"/>
<pin id="994" dir="1" index="2" bw="0" slack="2147483647"/>
</pin_list>
<bind>
<opcode="store(28) " fcode="store"/>
<opset="store_ln129/1 "/>
</bind>
</comp>

<comp id="996" class="1004" name="store_ln129_store_fu_996">
<pin_list>
<pin id="997" dir="0" index="0" bw="12" slack="0"/>
<pin id="998" dir="0" index="1" bw="12" slack="0"/>
<pin id="999" dir="1" index="2" bw="0" slack="2147483647"/>
</pin_list>
<bind>
<opcode="store(28) " fcode="store"/>
<opset="store_ln129/1 "/>
</bind>
</comp>

<comp id="1001" class="1004" name="store_ln129_store_fu_1001">
<pin_list>
<pin id="1002" dir="0" index="0" bw="12" slack="0"/>
<pin id="1003" dir="0" index="1" bw="12" slack="0"/>
<pin id="1004" dir="1" index="2" bw="0" slack="2147483647"/>
</pin_list>
<bind>
<opcode="store(28) " fcode="store"/>
<opset="store_ln129/1 "/>
</bind>
</comp>

<comp id="1006" class="1004" name="store_ln129_store_fu_1006">
<pin_list>
<pin id="1007" dir="0" index="0" bw="12" slack="0"/>
<pin id="1008" dir="0" index="1" bw="12" slack="0"/>
<pin id="1009" dir="1" index="2" bw="0" slack="2147483647"/>
</pin_list>
<bind>
<opcode="store(28) " fcode="store"/>
<opset="store_ln129/1 "/>
</bind>
</comp>

<comp id="1011" class="1004" name="store_ln129_store_fu_1011">
<pin_list>
<pin id="1012" dir="0" index="0" bw="12" slack="0"/>
<pin id="1013" dir="0" index="1" bw="12" slack="0"/>
<pin id="1014" dir="1" index="2" bw="0" slack="2147483647"/>
</pin_list>
<bind>
<opcode="store(28) " fcode="store"/>
<opset="store_ln129/1 "/>
</bind>
</comp>

<comp id="1016" class="1004" name="store_ln129_store_fu_1016">
<pin_list>
<pin id="1017" dir="0" index="0" bw="12" slack="0"/>
<pin id="1018" dir="0" index="1" bw="12" slack="0"/>
<pin id="1019" dir="1" index="2" bw="0" slack="2147483647"/>
</pin_list>
<bind>
<opcode="store(28) " fcode="store"/>
<opset="store_ln129/1 "/>
</bind>
</comp>

<comp id="1021" class="1004" name="store_ln129_store_fu_1021">
<pin_list>
<pin id="1022" dir="0" index="0" bw="12" slack="0"/>
<pin id="1023" dir="0" index="1" bw="12" slack="0"/>
<pin id="1024" dir="1" index="2" bw="0" slack="2147483647"/>
</pin_list>
<bind>
<opcode="store(28) " fcode="store"/>
<opset="store_ln129/1 "/>
</bind>
</comp>

<comp id="1026" class="1004" name="store_ln129_store_fu_1026">
<pin_list>
<pin id="1027" dir="0" index="0" bw="12" slack="0"/>
<pin id="1028" dir="0" index="1" bw="12" slack="0"/>
<pin id="1029" dir="1" index="2" bw="0" slack="2147483647"/>
</pin_list>
<bind>
<opcode="store(28) " fcode="store"/>
<opset="store_ln129/1 "/>
</bind>
</comp>

<comp id="1031" class="1004" name="store_ln129_store_fu_1031">
<pin_list>
<pin id="1032" dir="0" index="0" bw="12" slack="0"/>
<pin id="1033" dir="0" index="1" bw="12" slack="0"/>
<pin id="1034" dir="1" index="2" bw="0" slack="2147483647"/>
</pin_list>
<bind>
<opcode="store(28) " fcode="store"/>
<opset="store_ln129/1 "/>
</bind>
</comp>

<comp id="1036" class="1004" name="store_ln129_store_fu_1036">
<pin_list>
<pin id="1037" dir="0" index="0" bw="12" slack="0"/>
<pin id="1038" dir="0" index="1" bw="12" slack="0"/>
<pin id="1039" dir="1" index="2" bw="0" slack="2147483647"/>
</pin_list>
<bind>
<opcode="store(28) " fcode="store"/>
<opset="store_ln129/1 "/>
</bind>
</comp>

<comp id="1041" class="1004" name="icmp_ln132_fu_1041">
<pin_list>
<pin id="1042" dir="0" index="0" bw="32" slack="0"/>
<pin id="1043" dir="0" index="1" bw="32" slack="0"/>
<pin id="1044" dir="1" index="2" bw="1" slack="0"/>
</pin_list>
<bind>
<opcode="icmp(45) " fcode="icmp"/>
<opset="icmp_ln132/1 "/>
</bind>
</comp>

<comp id="1047" class="1004" name="add_ln132_fu_1047">
<pin_list>
<pin id="1048" dir="0" index="0" bw="32" slack="0"/>
<pin id="1049" dir="0" index="1" bw="1" slack="0"/>
<pin id="1050" dir="1" index="2" bw="32" slack="0"/>
</pin_list>
<bind>
<opcode="add(8) " fcode="add"/>
<opset="add_ln132/1 "/>
</bind>
</comp>

<comp id="1053" class="1004" name="oldest_fu_1053">
<pin_list>
<pin id="1054" dir="0" index="0" bw="1" slack="0"/>
<pin id="1055" dir="0" index="1" bw="32" slack="0"/>
<pin id="1056" dir="0" index="2" bw="32" slack="0"/>
<pin id="1057" dir="1" index="3" bw="32" slack="0"/>
</pin_list>
<bind>
<opcode="select(49) " fcode="select"/>
<opset="oldest/1 "/>
</bind>
</comp>

<comp id="1061" class="1004" name="tmp_fu_1061">
<pin_list>
<pin id="1062" dir="0" index="0" bw="7" slack="0"/>
<pin id="1063" dir="0" index="1" bw="9" slack="0"/>
<pin id="1064" dir="0" index="2" bw="3" slack="0"/>
<pin id="1065" dir="0" index="3" bw="5" slack="0"/>
<pin id="1066" dir="1" index="4" bw="7" slack="0"/>
</pin_list>
<bind>
<opcode="partselect(1002) " fcode="partselect"/>
<opset="tmp/1 "/>
</bind>
</comp>

<comp id="1071" class="1004" name="have_full_window_fu_1071">
<pin_list>
<pin id="1072" dir="0" index="0" bw="7" slack="0"/>
<pin id="1073" dir="0" index="1" bw="7" slack="0"/>
<pin id="1074" dir="1" index="2" bw="1" slack="0"/>
</pin_list>
<bind>
<opcode="icmp(45) " fcode="icmp"/>
<opset="have_full_window/1 "/>
</bind>
</comp>

<comp id="1077" class="1004" name="icmp_ln135_fu_1077">
<pin_list>
<pin id="1078" dir="0" index="0" bw="32" slack="0"/>
<pin id="1079" dir="0" index="1" bw="32" slack="0"/>
<pin id="1080" dir="1" index="2" bw="1" slack="0"/>
</pin_list>
<bind>
<opcode="icmp(45) " fcode="icmp"/>
<opset="icmp_ln135/1 "/>
</bind>
</comp>

<comp id="1083" class="1004" name="on_stride_fu_1083">
<pin_list>
<pin id="1084" dir="0" index="0" bw="1" slack="0"/>
<pin id="1085" dir="0" index="1" bw="1" slack="0"/>
<pin id="1086" dir="1" index="2" bw="1" slack="1"/>
</pin_list>
<bind>
<opcode="and(23) " fcode="and"/>
<opset="on_stride/1 "/>
</bind>
</comp>

<comp id="1089" class="1004" name="icmp_ln154_fu_1089">
<pin_list>
<pin id="1090" dir="0" index="0" bw="32" slack="0"/>
<pin id="1091" dir="0" index="1" bw="32" slack="0"/>
<pin id="1092" dir="1" index="2" bw="1" slack="1"/>
</pin_list>
<bind>
<opcode="icmp(45) " fcode="icmp"/>
<opset="icmp_ln154/1 "/>
</bind>
</comp>

<comp id="1095" class="1004" name="add_ln156_fu_1095">
<pin_list>
<pin id="1096" dir="0" index="0" bw="32" slack="0"/>
<pin id="1097" dir="0" index="1" bw="3" slack="0"/>
<pin id="1098" dir="1" index="2" bw="32" slack="0"/>
</pin_list>
<bind>
<opcode="add(8) " fcode="add"/>
<opset="add_ln156/1 "/>
</bind>
</comp>

<comp id="1101" class="1004" name="trunc_ln154_fu_1101">
<pin_list>
<pin id="1102" dir="0" index="0" bw="32" slack="0"/>
<pin id="1103" dir="1" index="1" bw="3" slack="0"/>
</pin_list>
<bind>
<opcode="trunc(33) " fcode="trunc"/>
<opset="trunc_ln154/1 "/>
</bind>
</comp>

<comp id="1105" class="1004" name="trunc_ln154_1_fu_1105">
<pin_list>
<pin id="1106" dir="0" index="0" bw="32" slack="0"/>
<pin id="1107" dir="1" index="1" bw="3" slack="1"/>
</pin_list>
<bind>
<opcode="trunc(33) " fcode="trunc"/>
<opset="trunc_ln154_1/1 "/>
</bind>
</comp>

<comp id="1109" class="1004" name="add_ln154_fu_1109">
<pin_list>
<pin id="1110" dir="0" index="0" bw="32" slack="0"/>
<pin id="1111" dir="0" index="1" bw="1" slack="0"/>
<pin id="1112" dir="1" index="2" bw="32" slack="0"/>
</pin_list>
<bind>
<opcode="add(8) " fcode="add"/>
<opset="add_ln154/1 "/>
</bind>
</comp>

<comp id="1115" class="1004" name="icmp_ln154_1_fu_1115">
<pin_list>
<pin id="1116" dir="0" index="0" bw="32" slack="0"/>
<pin id="1117" dir="0" index="1" bw="32" slack="0"/>
<pin id="1118" dir="1" index="2" bw="1" slack="1"/>
</pin_list>
<bind>
<opcode="icmp(45) " fcode="icmp"/>
<opset="icmp_ln154_1/1 "/>
</bind>
</comp>

<comp id="1121" class="1004" name="add_ln156_1_fu_1121">
<pin_list>
<pin id="1122" dir="0" index="0" bw="32" slack="0"/>
<pin id="1123" dir="0" index="1" bw="4" slack="0"/>
<pin id="1124" dir="1" index="2" bw="32" slack="0"/>
</pin_list>
<bind>
<opcode="add(8) " fcode="add"/>
<opset="add_ln156_1/1 "/>
</bind>
</comp>

<comp id="1127" class="1004" name="trunc_ln154_2_fu_1127">
<pin_list>
<pin id="1128" dir="0" index="0" bw="32" slack="0"/>
<pin id="1129" dir="1" index="1" bw="3" slack="1"/>
</pin_list>
<bind>
<opcode="trunc(33) " fcode="trunc"/>
<opset="trunc_ln154_2/1 "/>
</bind>
</comp>

<comp id="1131" class="1004" name="trunc_ln154_3_fu_1131">
<pin_list>
<pin id="1132" dir="0" index="0" bw="32" slack="0"/>
<pin id="1133" dir="1" index="1" bw="3" slack="1"/>
</pin_list>
<bind>
<opcode="trunc(33) " fcode="trunc"/>
<opset="trunc_ln154_3/1 "/>
</bind>
</comp>

<comp id="1135" class="1004" name="add_ln154_1_fu_1135">
<pin_list>
<pin id="1136" dir="0" index="0" bw="32" slack="0"/>
<pin id="1137" dir="0" index="1" bw="3" slack="0"/>
<pin id="1138" dir="1" index="2" bw="32" slack="0"/>
</pin_list>
<bind>
<opcode="add(8) " fcode="add"/>
<opset="add_ln154_1/1 "/>
</bind>
</comp>

<comp id="1141" class="1004" name="icmp_ln154_2_fu_1141">
<pin_list>
<pin id="1142" dir="0" index="0" bw="32" slack="0"/>
<pin id="1143" dir="0" index="1" bw="32" slack="0"/>
<pin id="1144" dir="1" index="2" bw="1" slack="1"/>
</pin_list>
<bind>
<opcode="icmp(45) " fcode="icmp"/>
<opset="icmp_ln154_2/1 "/>
</bind>
</comp>

<comp id="1147" class="1004" name="trunc_ln154_4_fu_1147">
<pin_list>
<pin id="1148" dir="0" index="0" bw="32" slack="0"/>
<pin id="1149" dir="1" index="1" bw="3" slack="1"/>
</pin_list>
<bind>
<opcode="trunc(33) " fcode="trunc"/>
<opset="trunc_ln154_4/1 "/>
</bind>
</comp>

<comp id="1151" class="1004" name="add_ln154_2_fu_1151">
<pin_list>
<pin id="1152" dir="0" index="0" bw="3" slack="0"/>
<pin id="1153" dir="0" index="1" bw="3" slack="0"/>
<pin id="1154" dir="1" index="2" bw="3" slack="1"/>
</pin_list>
<bind>
<opcode="add(8) " fcode="add"/>
<opset="add_ln154_2/1 "/>
</bind>
</comp>

<comp id="1157" class="1004" name="icmp_ln154_3_fu_1157">
<pin_list>
<pin id="1158" dir="0" index="0" bw="32" slack="0"/>
<pin id="1159" dir="0" index="1" bw="32" slack="0"/>
<pin id="1160" dir="1" index="2" bw="1" slack="1"/>
</pin_list>
<bind>
<opcode="icmp(45) " fcode="icmp"/>
<opset="icmp_ln154_3/1 "/>
</bind>
</comp>

<comp id="1163" class="1004" name="icmp_ln154_4_fu_1163">
<pin_list>
<pin id="1164" dir="0" index="0" bw="32" slack="0"/>
<pin id="1165" dir="0" index="1" bw="32" slack="0"/>
<pin id="1166" dir="1" index="2" bw="1" slack="1"/>
</pin_list>
<bind>
<opcode="icmp(45) " fcode="icmp"/>
<opset="icmp_ln154_4/1 "/>
</bind>
</comp>

<comp id="1169" class="1004" name="add_ln154_4_fu_1169">
<pin_list>
<pin id="1170" dir="0" index="0" bw="3" slack="0"/>
<pin id="1171" dir="0" index="1" bw="1" slack="0"/>
<pin id="1172" dir="1" index="2" bw="3" slack="1"/>
</pin_list>
<bind>
<opcode="add(8) " fcode="add"/>
<opset="add_ln154_4/1 "/>
</bind>
</comp>

<comp id="1175" class="1004" name="icmp_ln175_fu_1175">
<pin_list>
<pin id="1176" dir="0" index="0" bw="32" slack="0"/>
<pin id="1177" dir="0" index="1" bw="32" slack="0"/>
<pin id="1178" dir="1" index="2" bw="1" slack="0"/>
</pin_list>
<bind>
<opcode="icmp(45) " fcode="icmp"/>
<opset="icmp_ln175/1 "/>
</bind>
</comp>

<comp id="1181" class="1004" name="add_ln175_fu_1181">
<pin_list>
<pin id="1182" dir="0" index="0" bw="32" slack="0"/>
<pin id="1183" dir="0" index="1" bw="1" slack="0"/>
<pin id="1184" dir="1" index="2" bw="32" slack="0"/>
</pin_list>
<bind>
<opcode="add(8) " fcode="add"/>
<opset="add_ln175/1 "/>
</bind>
</comp>

<comp id="1187" class="1004" name="stride_cnt_4_fu_1187">
<pin_list>
<pin id="1188" dir="0" index="0" bw="1" slack="0"/>
<pin id="1189" dir="0" index="1" bw="32" slack="0"/>
<pin id="1190" dir="0" index="2" bw="32" slack="0"/>
<pin id="1191" dir="1" index="3" bw="32" slack="0"/>
</pin_list>
<bind>
<opcode="select(49) " fcode="select"/>
<opset="stride_cnt_4/1 "/>
</bind>
</comp>

<comp id="1195" class="1004" name="stride_cnt_5_fu_1195">
<pin_list>
<pin id="1196" dir="0" index="0" bw="1" slack="0"/>
<pin id="1197" dir="0" index="1" bw="32" slack="0"/>
<pin id="1198" dir="0" index="2" bw="32" slack="0"/>
<pin id="1199" dir="1" index="3" bw="32" slack="0"/>
</pin_list>
<bind>
<opcode="select(49) " fcode="select"/>
<opset="stride_cnt_5/1 "/>
</bind>
</comp>

<comp id="1203" class="1004" name="store_ln116_store_fu_1203">
<pin_list>
<pin id="1204" dir="0" index="0" bw="32" slack="0"/>
<pin id="1205" dir="0" index="1" bw="32" slack="0"/>
<pin id="1206" dir="1" index="2" bw="0" slack="2147483647"/>
</pin_list>
<bind>
<opcode="store(28) " fcode="store"/>
<opset="store_ln116/1 "/>
</bind>
</comp>

<comp id="1208" class="1004" name="store_ln117_store_fu_1208">
<pin_list>
<pin id="1209" dir="0" index="0" bw="32" slack="0"/>
<pin id="1210" dir="0" index="1" bw="32" slack="0"/>
<pin id="1211" dir="1" index="2" bw="0" slack="2147483647"/>
</pin_list>
<bind>
<opcode="store(28) " fcode="store"/>
<opset="store_ln117/1 "/>
</bind>
</comp>

<comp id="1213" class="1004" name="store_ln120_store_fu_1213">
<pin_list>
<pin id="1214" dir="0" index="0" bw="9" slack="0"/>
<pin id="1215" dir="0" index="1" bw="9" slack="0"/>
<pin id="1216" dir="1" index="2" bw="0" slack="2147483647"/>
</pin_list>
<bind>
<opcode="store(28) " fcode="store"/>
<opset="store_ln120/1 "/>
</bind>
</comp>

<comp id="1218" class="1004" name="select_ln154_fu_1218">
<pin_list>
<pin id="1219" dir="0" index="0" bw="1" slack="1"/>
<pin id="1220" dir="0" index="1" bw="3" slack="1"/>
<pin id="1221" dir="0" index="2" bw="3" slack="1"/>
<pin id="1222" dir="1" index="3" bw="3" slack="0"/>
</pin_list>
<bind>
<opcode="select(49) " fcode="select"/>
<opset="select_ln154/2 "/>
</bind>
</comp>

<comp id="1223" class="1004" name="row_buf_load_load_fu_1223">
<pin_list>
<pin id="1224" dir="0" index="0" bw="12" slack="1"/>
<pin id="1225" dir="1" index="1" bw="12" slack="0"/>
</pin_list>
<bind>
<opcode="load(27) " fcode="load"/>
<opset="row_buf_load/2 "/>
</bind>
</comp>

<comp id="1226" class="1004" name="row_buf_4_load_load_fu_1226">
<pin_list>
<pin id="1227" dir="0" index="0" bw="12" slack="1"/>
<pin id="1228" dir="1" index="1" bw="12" slack="0"/>
</pin_list>
<bind>
<opcode="load(27) " fcode="load"/>
<opset="row_buf_4_load/2 "/>
</bind>
</comp>

<comp id="1229" class="1004" name="row_buf_8_load_load_fu_1229">
<pin_list>
<pin id="1230" dir="0" index="0" bw="12" slack="1"/>
<pin id="1231" dir="1" index="1" bw="12" slack="0"/>
</pin_list>
<bind>
<opcode="load(27) " fcode="load"/>
<opset="row_buf_8_load/2 "/>
</bind>
</comp>

<comp id="1232" class="1004" name="row_buf_12_load_load_fu_1232">
<pin_list>
<pin id="1233" dir="0" index="0" bw="12" slack="1"/>
<pin id="1234" dir="1" index="1" bw="12" slack="0"/>
</pin_list>
<bind>
<opcode="load(27) " fcode="load"/>
<opset="row_buf_12_load/2 "/>
</bind>
</comp>

<comp id="1235" class="1004" name="row_buf_16_load_load_fu_1235">
<pin_list>
<pin id="1236" dir="0" index="0" bw="12" slack="1"/>
<pin id="1237" dir="1" index="1" bw="12" slack="0"/>
</pin_list>
<bind>
<opcode="load(27) " fcode="load"/>
<opset="row_buf_16_load/2 "/>
</bind>
</comp>

<comp id="1238" class="1004" name="kernel_data_fu_1238">
<pin_list>
<pin id="1239" dir="0" index="0" bw="12" slack="0"/>
<pin id="1240" dir="0" index="1" bw="1" slack="0"/>
<pin id="1241" dir="0" index="2" bw="12" slack="0"/>
<pin id="1242" dir="0" index="3" bw="1" slack="0"/>
<pin id="1243" dir="0" index="4" bw="12" slack="0"/>
<pin id="1244" dir="0" index="5" bw="3" slack="0"/>
<pin id="1245" dir="0" index="6" bw="12" slack="0"/>
<pin id="1246" dir="0" index="7" bw="3" slack="0"/>
<pin id="1247" dir="0" index="8" bw="12" slack="0"/>
<pin id="1248" dir="0" index="9" bw="3" slack="0"/>
<pin id="1249" dir="0" index="10" bw="12" slack="0"/>
<pin id="1250" dir="0" index="11" bw="1" slack="0"/>
<pin id="1251" dir="0" index="12" bw="3" slack="0"/>
<pin id="1252" dir="1" index="13" bw="12" slack="0"/>
</pin_list>
<bind>
<opcode="sparsemux(1197) " fcode="sparsemux"/>
<opset="kernel_data/2 "/>
</bind>
</comp>

<comp id="1266" class="1004" name="select_ln154_1_fu_1266">
<pin_list>
<pin id="1267" dir="0" index="0" bw="1" slack="1"/>
<pin id="1268" dir="0" index="1" bw="3" slack="1"/>
<pin id="1269" dir="0" index="2" bw="3" slack="1"/>
<pin id="1270" dir="1" index="3" bw="3" slack="0"/>
</pin_list>
<bind>
<opcode="select(49) " fcode="select"/>
<opset="select_ln154_1/2 "/>
</bind>
</comp>

<comp id="1271" class="1004" name="select_ln154_2_fu_1271">
<pin_list>
<pin id="1272" dir="0" index="0" bw="1" slack="1"/>
<pin id="1273" dir="0" index="1" bw="3" slack="1"/>
<pin id="1274" dir="0" index="2" bw="3" slack="1"/>
<pin id="1275" dir="1" index="3" bw="3" slack="0"/>
</pin_list>
<bind>
<opcode="select(49) " fcode="select"/>
<opset="select_ln154_2/2 "/>
</bind>
</comp>

<comp id="1276" class="1004" name="add_ln154_3_fu_1276">
<pin_list>
<pin id="1277" dir="0" index="0" bw="3" slack="1"/>
<pin id="1278" dir="0" index="1" bw="2" slack="0"/>
<pin id="1279" dir="1" index="2" bw="3" slack="0"/>
</pin_list>
<bind>
<opcode="add(8) " fcode="add"/>
<opset="add_ln154_3/2 "/>
</bind>
</comp>

<comp id="1281" class="1004" name="select_ln154_3_fu_1281">
<pin_list>
<pin id="1282" dir="0" index="0" bw="1" slack="1"/>
<pin id="1283" dir="0" index="1" bw="3" slack="1"/>
<pin id="1284" dir="0" index="2" bw="3" slack="0"/>
<pin id="1285" dir="1" index="3" bw="3" slack="0"/>
</pin_list>
<bind>
<opcode="select(49) " fcode="select"/>
<opset="select_ln154_3/2 "/>
</bind>
</comp>

<comp id="1287" class="1004" name="select_ln154_4_fu_1287">
<pin_list>
<pin id="1288" dir="0" index="0" bw="1" slack="1"/>
<pin id="1289" dir="0" index="1" bw="3" slack="1"/>
<pin id="1290" dir="0" index="2" bw="3" slack="1"/>
<pin id="1291" dir="1" index="3" bw="3" slack="0"/>
</pin_list>
<bind>
<opcode="select(49) " fcode="select"/>
<opset="select_ln154_4/2 "/>
</bind>
</comp>

<comp id="1292" class="1004" name="kernel_data_20_fu_1292">
<pin_list>
<pin id="1293" dir="0" index="0" bw="12" slack="0"/>
<pin id="1294" dir="0" index="1" bw="1" slack="0"/>
<pin id="1295" dir="0" index="2" bw="12" slack="0"/>
<pin id="1296" dir="0" index="3" bw="1" slack="0"/>
<pin id="1297" dir="0" index="4" bw="12" slack="0"/>
<pin id="1298" dir="0" index="5" bw="3" slack="0"/>
<pin id="1299" dir="0" index="6" bw="12" slack="0"/>
<pin id="1300" dir="0" index="7" bw="3" slack="0"/>
<pin id="1301" dir="0" index="8" bw="12" slack="0"/>
<pin id="1302" dir="0" index="9" bw="3" slack="0"/>
<pin id="1303" dir="0" index="10" bw="12" slack="0"/>
<pin id="1304" dir="0" index="11" bw="1" slack="0"/>
<pin id="1305" dir="0" index="12" bw="3" slack="0"/>
<pin id="1306" dir="1" index="13" bw="12" slack="0"/>
</pin_list>
<bind>
<opcode="sparsemux(1197) " fcode="sparsemux"/>
<opset="kernel_data_20/2 "/>
</bind>
</comp>

<comp id="1320" class="1004" name="kernel_data_21_fu_1320">
<pin_list>
<pin id="1321" dir="0" index="0" bw="12" slack="0"/>
<pin id="1322" dir="0" index="1" bw="1" slack="0"/>
<pin id="1323" dir="0" index="2" bw="12" slack="0"/>
<pin id="1324" dir="0" index="3" bw="1" slack="0"/>
<pin id="1325" dir="0" index="4" bw="12" slack="0"/>
<pin id="1326" dir="0" index="5" bw="3" slack="0"/>
<pin id="1327" dir="0" index="6" bw="12" slack="0"/>
<pin id="1328" dir="0" index="7" bw="3" slack="0"/>
<pin id="1329" dir="0" index="8" bw="12" slack="0"/>
<pin id="1330" dir="0" index="9" bw="3" slack="0"/>
<pin id="1331" dir="0" index="10" bw="12" slack="0"/>
<pin id="1332" dir="0" index="11" bw="1" slack="0"/>
<pin id="1333" dir="0" index="12" bw="3" slack="0"/>
<pin id="1334" dir="1" index="13" bw="12" slack="0"/>
</pin_list>
<bind>
<opcode="sparsemux(1197) " fcode="sparsemux"/>
<opset="kernel_data_21/2 "/>
</bind>
</comp>

<comp id="1348" class="1004" name="kernel_data_22_fu_1348">
<pin_list>
<pin id="1349" dir="0" index="0" bw="12" slack="0"/>
<pin id="1350" dir="0" index="1" bw="1" slack="0"/>
<pin id="1351" dir="0" index="2" bw="12" slack="0"/>
<pin id="1352" dir="0" index="3" bw="1" slack="0"/>
<pin id="1353" dir="0" index="4" bw="12" slack="0"/>
<pin id="1354" dir="0" index="5" bw="3" slack="0"/>
<pin id="1355" dir="0" index="6" bw="12" slack="0"/>
<pin id="1356" dir="0" index="7" bw="3" slack="0"/>
<pin id="1357" dir="0" index="8" bw="12" slack="0"/>
<pin id="1358" dir="0" index="9" bw="3" slack="0"/>
<pin id="1359" dir="0" index="10" bw="12" slack="0"/>
<pin id="1360" dir="0" index="11" bw="1" slack="0"/>
<pin id="1361" dir="0" index="12" bw="3" slack="0"/>
<pin id="1362" dir="1" index="13" bw="12" slack="0"/>
</pin_list>
<bind>
<opcode="sparsemux(1197) " fcode="sparsemux"/>
<opset="kernel_data_22/2 "/>
</bind>
</comp>

<comp id="1376" class="1004" name="kernel_data_23_fu_1376">
<pin_list>
<pin id="1377" dir="0" index="0" bw="12" slack="0"/>
<pin id="1378" dir="0" index="1" bw="1" slack="0"/>
<pin id="1379" dir="0" index="2" bw="12" slack="0"/>
<pin id="1380" dir="0" index="3" bw="1" slack="0"/>
<pin id="1381" dir="0" index="4" bw="12" slack="0"/>
<pin id="1382" dir="0" index="5" bw="3" slack="0"/>
<pin id="1383" dir="0" index="6" bw="12" slack="0"/>
<pin id="1384" dir="0" index="7" bw="3" slack="0"/>
<pin id="1385" dir="0" index="8" bw="12" slack="0"/>
<pin id="1386" dir="0" index="9" bw="3" slack="0"/>
<pin id="1387" dir="0" index="10" bw="12" slack="0"/>
<pin id="1388" dir="0" index="11" bw="1" slack="0"/>
<pin id="1389" dir="0" index="12" bw="3" slack="0"/>
<pin id="1390" dir="1" index="13" bw="12" slack="0"/>
</pin_list>
<bind>
<opcode="sparsemux(1197) " fcode="sparsemux"/>
<opset="kernel_data_23/2 "/>
</bind>
</comp>

<comp id="1404" class="1004" name="row_buf_1_load_load_fu_1404">
<pin_list>
<pin id="1405" dir="0" index="0" bw="12" slack="1"/>
<pin id="1406" dir="1" index="1" bw="12" slack="0"/>
</pin_list>
<bind>
<opcode="load(27) " fcode="load"/>
<opset="row_buf_1_load/2 "/>
</bind>
</comp>

<comp id="1407" class="1004" name="row_buf_5_load_load_fu_1407">
<pin_list>
<pin id="1408" dir="0" index="0" bw="12" slack="1"/>
<pin id="1409" dir="1" index="1" bw="12" slack="0"/>
</pin_list>
<bind>
<opcode="load(27) " fcode="load"/>
<opset="row_buf_5_load/2 "/>
</bind>
</comp>

<comp id="1410" class="1004" name="row_buf_9_load_load_fu_1410">
<pin_list>
<pin id="1411" dir="0" index="0" bw="12" slack="1"/>
<pin id="1412" dir="1" index="1" bw="12" slack="0"/>
</pin_list>
<bind>
<opcode="load(27) " fcode="load"/>
<opset="row_buf_9_load/2 "/>
</bind>
</comp>

<comp id="1413" class="1004" name="row_buf_13_load_load_fu_1413">
<pin_list>
<pin id="1414" dir="0" index="0" bw="12" slack="1"/>
<pin id="1415" dir="1" index="1" bw="12" slack="0"/>
</pin_list>
<bind>
<opcode="load(27) " fcode="load"/>
<opset="row_buf_13_load/2 "/>
</bind>
</comp>

<comp id="1416" class="1004" name="row_buf_17_load_load_fu_1416">
<pin_list>
<pin id="1417" dir="0" index="0" bw="12" slack="1"/>
<pin id="1418" dir="1" index="1" bw="12" slack="0"/>
</pin_list>
<bind>
<opcode="load(27) " fcode="load"/>
<opset="row_buf_17_load/2 "/>
</bind>
</comp>

<comp id="1419" class="1004" name="kernel_data_24_fu_1419">
<pin_list>
<pin id="1420" dir="0" index="0" bw="12" slack="0"/>
<pin id="1421" dir="0" index="1" bw="1" slack="0"/>
<pin id="1422" dir="0" index="2" bw="12" slack="0"/>
<pin id="1423" dir="0" index="3" bw="1" slack="0"/>
<pin id="1424" dir="0" index="4" bw="12" slack="0"/>
<pin id="1425" dir="0" index="5" bw="3" slack="0"/>
<pin id="1426" dir="0" index="6" bw="12" slack="0"/>
<pin id="1427" dir="0" index="7" bw="3" slack="0"/>
<pin id="1428" dir="0" index="8" bw="12" slack="0"/>
<pin id="1429" dir="0" index="9" bw="3" slack="0"/>
<pin id="1430" dir="0" index="10" bw="12" slack="0"/>
<pin id="1431" dir="0" index="11" bw="1" slack="0"/>
<pin id="1432" dir="0" index="12" bw="3" slack="0"/>
<pin id="1433" dir="1" index="13" bw="12" slack="0"/>
</pin_list>
<bind>
<opcode="sparsemux(1197) " fcode="sparsemux"/>
<opset="kernel_data_24/2 "/>
</bind>
</comp>

<comp id="1447" class="1004" name="kernel_data_25_fu_1447">
<pin_list>
<pin id="1448" dir="0" index="0" bw="12" slack="0"/>
<pin id="1449" dir="0" index="1" bw="1" slack="0"/>
<pin id="1450" dir="0" index="2" bw="12" slack="0"/>
<pin id="1451" dir="0" index="3" bw="1" slack="0"/>
<pin id="1452" dir="0" index="4" bw="12" slack="0"/>
<pin id="1453" dir="0" index="5" bw="3" slack="0"/>
<pin id="1454" dir="0" index="6" bw="12" slack="0"/>
<pin id="1455" dir="0" index="7" bw="3" slack="0"/>
<pin id="1456" dir="0" index="8" bw="12" slack="0"/>
<pin id="1457" dir="0" index="9" bw="3" slack="0"/>
<pin id="1458" dir="0" index="10" bw="12" slack="0"/>
<pin id="1459" dir="0" index="11" bw="1" slack="0"/>
<pin id="1460" dir="0" index="12" bw="3" slack="0"/>
<pin id="1461" dir="1" index="13" bw="12" slack="0"/>
</pin_list>
<bind>
<opcode="sparsemux(1197) " fcode="sparsemux"/>
<opset="kernel_data_25/2 "/>
</bind>
</comp>

<comp id="1475" class="1004" name="kernel_data_26_fu_1475">
<pin_list>
<pin id="1476" dir="0" index="0" bw="12" slack="0"/>
<pin id="1477" dir="0" index="1" bw="1" slack="0"/>
<pin id="1478" dir="0" index="2" bw="12" slack="0"/>
<pin id="1479" dir="0" index="3" bw="1" slack="0"/>
<pin id="1480" dir="0" index="4" bw="12" slack="0"/>
<pin id="1481" dir="0" index="5" bw="3" slack="0"/>
<pin id="1482" dir="0" index="6" bw="12" slack="0"/>
<pin id="1483" dir="0" index="7" bw="3" slack="0"/>
<pin id="1484" dir="0" index="8" bw="12" slack="0"/>
<pin id="1485" dir="0" index="9" bw="3" slack="0"/>
<pin id="1486" dir="0" index="10" bw="12" slack="0"/>
<pin id="1487" dir="0" index="11" bw="1" slack="0"/>
<pin id="1488" dir="0" index="12" bw="3" slack="0"/>
<pin id="1489" dir="1" index="13" bw="12" slack="0"/>
</pin_list>
<bind>
<opcode="sparsemux(1197) " fcode="sparsemux"/>
<opset="kernel_data_26/2 "/>
</bind>
</comp>

<comp id="1503" class="1004" name="kernel_data_27_fu_1503">
<pin_list>
<pin id="1504" dir="0" index="0" bw="12" slack="0"/>
<pin id="1505" dir="0" index="1" bw="1" slack="0"/>
<pin id="1506" dir="0" index="2" bw="12" slack="0"/>
<pin id="1507" dir="0" index="3" bw="1" slack="0"/>
<pin id="1508" dir="0" index="4" bw="12" slack="0"/>
<pin id="1509" dir="0" index="5" bw="3" slack="0"/>
<pin id="1510" dir="0" index="6" bw="12" slack="0"/>
<pin id="1511" dir="0" index="7" bw="3" slack="0"/>
<pin id="1512" dir="0" index="8" bw="12" slack="0"/>
<pin id="1513" dir="0" index="9" bw="3" slack="0"/>
<pin id="1514" dir="0" index="10" bw="12" slack="0"/>
<pin id="1515" dir="0" index="11" bw="1" slack="0"/>
<pin id="1516" dir="0" index="12" bw="3" slack="0"/>
<pin id="1517" dir="1" index="13" bw="12" slack="0"/>
</pin_list>
<bind>
<opcode="sparsemux(1197) " fcode="sparsemux"/>
<opset="kernel_data_27/2 "/>
</bind>
</comp>

<comp id="1531" class="1004" name="kernel_data_28_fu_1531">
<pin_list>
<pin id="1532" dir="0" index="0" bw="12" slack="0"/>
<pin id="1533" dir="0" index="1" bw="1" slack="0"/>
<pin id="1534" dir="0" index="2" bw="12" slack="0"/>
<pin id="1535" dir="0" index="3" bw="1" slack="0"/>
<pin id="1536" dir="0" index="4" bw="12" slack="0"/>
<pin id="1537" dir="0" index="5" bw="3" slack="0"/>
<pin id="1538" dir="0" index="6" bw="12" slack="0"/>
<pin id="1539" dir="0" index="7" bw="3" slack="0"/>
<pin id="1540" dir="0" index="8" bw="12" slack="0"/>
<pin id="1541" dir="0" index="9" bw="3" slack="0"/>
<pin id="1542" dir="0" index="10" bw="12" slack="0"/>
<pin id="1543" dir="0" index="11" bw="1" slack="0"/>
<pin id="1544" dir="0" index="12" bw="3" slack="0"/>
<pin id="1545" dir="1" index="13" bw="12" slack="0"/>
</pin_list>
<bind>
<opcode="sparsemux(1197) " fcode="sparsemux"/>
<opset="kernel_data_28/2 "/>
</bind>
</comp>

<comp id="1559" class="1004" name="row_buf_2_load_load_fu_1559">
<pin_list>
<pin id="1560" dir="0" index="0" bw="12" slack="1"/>
<pin id="1561" dir="1" index="1" bw="12" slack="0"/>
</pin_list>
<bind>
<opcode="load(27) " fcode="load"/>
<opset="row_buf_2_load/2 "/>
</bind>
</comp>

<comp id="1562" class="1004" name="row_buf_6_load_load_fu_1562">
<pin_list>
<pin id="1563" dir="0" index="0" bw="12" slack="1"/>
<pin id="1564" dir="1" index="1" bw="12" slack="0"/>
</pin_list>
<bind>
<opcode="load(27) " fcode="load"/>
<opset="row_buf_6_load/2 "/>
</bind>
</comp>

<comp id="1565" class="1004" name="row_buf_10_load_load_fu_1565">
<pin_list>
<pin id="1566" dir="0" index="0" bw="12" slack="1"/>
<pin id="1567" dir="1" index="1" bw="12" slack="0"/>
</pin_list>
<bind>
<opcode="load(27) " fcode="load"/>
<opset="row_buf_10_load/2 "/>
</bind>
</comp>

<comp id="1568" class="1004" name="row_buf_14_load_load_fu_1568">
<pin_list>
<pin id="1569" dir="0" index="0" bw="12" slack="1"/>
<pin id="1570" dir="1" index="1" bw="12" slack="0"/>
</pin_list>
<bind>
<opcode="load(27) " fcode="load"/>
<opset="row_buf_14_load/2 "/>
</bind>
</comp>

<comp id="1571" class="1004" name="row_buf_18_load_load_fu_1571">
<pin_list>
<pin id="1572" dir="0" index="0" bw="12" slack="1"/>
<pin id="1573" dir="1" index="1" bw="12" slack="0"/>
</pin_list>
<bind>
<opcode="load(27) " fcode="load"/>
<opset="row_buf_18_load/2 "/>
</bind>
</comp>

<comp id="1574" class="1004" name="kernel_data_29_fu_1574">
<pin_list>
<pin id="1575" dir="0" index="0" bw="12" slack="0"/>
<pin id="1576" dir="0" index="1" bw="1" slack="0"/>
<pin id="1577" dir="0" index="2" bw="12" slack="0"/>
<pin id="1578" dir="0" index="3" bw="1" slack="0"/>
<pin id="1579" dir="0" index="4" bw="12" slack="0"/>
<pin id="1580" dir="0" index="5" bw="3" slack="0"/>
<pin id="1581" dir="0" index="6" bw="12" slack="0"/>
<pin id="1582" dir="0" index="7" bw="3" slack="0"/>
<pin id="1583" dir="0" index="8" bw="12" slack="0"/>
<pin id="1584" dir="0" index="9" bw="3" slack="0"/>
<pin id="1585" dir="0" index="10" bw="12" slack="0"/>
<pin id="1586" dir="0" index="11" bw="1" slack="0"/>
<pin id="1587" dir="0" index="12" bw="3" slack="0"/>
<pin id="1588" dir="1" index="13" bw="12" slack="0"/>
</pin_list>
<bind>
<opcode="sparsemux(1197) " fcode="sparsemux"/>
<opset="kernel_data_29/2 "/>
</bind>
</comp>

<comp id="1602" class="1004" name="kernel_data_30_fu_1602">
<pin_list>
<pin id="1603" dir="0" index="0" bw="12" slack="0"/>
<pin id="1604" dir="0" index="1" bw="1" slack="0"/>
<pin id="1605" dir="0" index="2" bw="12" slack="0"/>
<pin id="1606" dir="0" index="3" bw="1" slack="0"/>
<pin id="1607" dir="0" index="4" bw="12" slack="0"/>
<pin id="1608" dir="0" index="5" bw="3" slack="0"/>
<pin id="1609" dir="0" index="6" bw="12" slack="0"/>
<pin id="1610" dir="0" index="7" bw="3" slack="0"/>
<pin id="1611" dir="0" index="8" bw="12" slack="0"/>
<pin id="1612" dir="0" index="9" bw="3" slack="0"/>
<pin id="1613" dir="0" index="10" bw="12" slack="0"/>
<pin id="1614" dir="0" index="11" bw="1" slack="0"/>
<pin id="1615" dir="0" index="12" bw="3" slack="0"/>
<pin id="1616" dir="1" index="13" bw="12" slack="0"/>
</pin_list>
<bind>
<opcode="sparsemux(1197) " fcode="sparsemux"/>
<opset="kernel_data_30/2 "/>
</bind>
</comp>

<comp id="1630" class="1004" name="kernel_data_31_fu_1630">
<pin_list>
<pin id="1631" dir="0" index="0" bw="12" slack="0"/>
<pin id="1632" dir="0" index="1" bw="1" slack="0"/>
<pin id="1633" dir="0" index="2" bw="12" slack="0"/>
<pin id="1634" dir="0" index="3" bw="1" slack="0"/>
<pin id="1635" dir="0" index="4" bw="12" slack="0"/>
<pin id="1636" dir="0" index="5" bw="3" slack="0"/>
<pin id="1637" dir="0" index="6" bw="12" slack="0"/>
<pin id="1638" dir="0" index="7" bw="3" slack="0"/>
<pin id="1639" dir="0" index="8" bw="12" slack="0"/>
<pin id="1640" dir="0" index="9" bw="3" slack="0"/>
<pin id="1641" dir="0" index="10" bw="12" slack="0"/>
<pin id="1642" dir="0" index="11" bw="1" slack="0"/>
<pin id="1643" dir="0" index="12" bw="3" slack="0"/>
<pin id="1644" dir="1" index="13" bw="12" slack="0"/>
</pin_list>
<bind>
<opcode="sparsemux(1197) " fcode="sparsemux"/>
<opset="kernel_data_31/2 "/>
</bind>
</comp>

<comp id="1658" class="1004" name="kernel_data_32_fu_1658">
<pin_list>
<pin id="1659" dir="0" index="0" bw="12" slack="0"/>
<pin id="1660" dir="0" index="1" bw="1" slack="0"/>
<pin id="1661" dir="0" index="2" bw="12" slack="0"/>
<pin id="1662" dir="0" index="3" bw="1" slack="0"/>
<pin id="1663" dir="0" index="4" bw="12" slack="0"/>
<pin id="1664" dir="0" index="5" bw="3" slack="0"/>
<pin id="1665" dir="0" index="6" bw="12" slack="0"/>
<pin id="1666" dir="0" index="7" bw="3" slack="0"/>
<pin id="1667" dir="0" index="8" bw="12" slack="0"/>
<pin id="1668" dir="0" index="9" bw="3" slack="0"/>
<pin id="1669" dir="0" index="10" bw="12" slack="0"/>
<pin id="1670" dir="0" index="11" bw="1" slack="0"/>
<pin id="1671" dir="0" index="12" bw="3" slack="0"/>
<pin id="1672" dir="1" index="13" bw="12" slack="0"/>
</pin_list>
<bind>
<opcode="sparsemux(1197) " fcode="sparsemux"/>
<opset="kernel_data_32/2 "/>
</bind>
</comp>

<comp id="1686" class="1004" name="kernel_data_33_fu_1686">
<pin_list>
<pin id="1687" dir="0" index="0" bw="12" slack="0"/>
<pin id="1688" dir="0" index="1" bw="1" slack="0"/>
<pin id="1689" dir="0" index="2" bw="12" slack="0"/>
<pin id="1690" dir="0" index="3" bw="1" slack="0"/>
<pin id="1691" dir="0" index="4" bw="12" slack="0"/>
<pin id="1692" dir="0" index="5" bw="3" slack="0"/>
<pin id="1693" dir="0" index="6" bw="12" slack="0"/>
<pin id="1694" dir="0" index="7" bw="3" slack="0"/>
<pin id="1695" dir="0" index="8" bw="12" slack="0"/>
<pin id="1696" dir="0" index="9" bw="3" slack="0"/>
<pin id="1697" dir="0" index="10" bw="12" slack="0"/>
<pin id="1698" dir="0" index="11" bw="1" slack="0"/>
<pin id="1699" dir="0" index="12" bw="3" slack="0"/>
<pin id="1700" dir="1" index="13" bw="12" slack="0"/>
</pin_list>
<bind>
<opcode="sparsemux(1197) " fcode="sparsemux"/>
<opset="kernel_data_33/2 "/>
</bind>
</comp>

<comp id="1714" class="1004" name="row_buf_3_load_load_fu_1714">
<pin_list>
<pin id="1715" dir="0" index="0" bw="12" slack="1"/>
<pin id="1716" dir="1" index="1" bw="12" slack="0"/>
</pin_list>
<bind>
<opcode="load(27) " fcode="load"/>
<opset="row_buf_3_load/2 "/>
</bind>
</comp>

<comp id="1717" class="1004" name="row_buf_7_load_load_fu_1717">
<pin_list>
<pin id="1718" dir="0" index="0" bw="12" slack="1"/>
<pin id="1719" dir="1" index="1" bw="12" slack="0"/>
</pin_list>
<bind>
<opcode="load(27) " fcode="load"/>
<opset="row_buf_7_load/2 "/>
</bind>
</comp>

<comp id="1720" class="1004" name="row_buf_11_load_load_fu_1720">
<pin_list>
<pin id="1721" dir="0" index="0" bw="12" slack="1"/>
<pin id="1722" dir="1" index="1" bw="12" slack="0"/>
</pin_list>
<bind>
<opcode="load(27) " fcode="load"/>
<opset="row_buf_11_load/2 "/>
</bind>
</comp>

<comp id="1723" class="1004" name="row_buf_15_load_load_fu_1723">
<pin_list>
<pin id="1724" dir="0" index="0" bw="12" slack="1"/>
<pin id="1725" dir="1" index="1" bw="12" slack="0"/>
</pin_list>
<bind>
<opcode="load(27) " fcode="load"/>
<opset="row_buf_15_load/2 "/>
</bind>
</comp>

<comp id="1726" class="1004" name="row_buf_19_load_load_fu_1726">
<pin_list>
<pin id="1727" dir="0" index="0" bw="12" slack="1"/>
<pin id="1728" dir="1" index="1" bw="12" slack="0"/>
</pin_list>
<bind>
<opcode="load(27) " fcode="load"/>
<opset="row_buf_19_load/2 "/>
</bind>
</comp>

<comp id="1729" class="1004" name="kernel_data_34_fu_1729">
<pin_list>
<pin id="1730" dir="0" index="0" bw="12" slack="0"/>
<pin id="1731" dir="0" index="1" bw="1" slack="0"/>
<pin id="1732" dir="0" index="2" bw="12" slack="0"/>
<pin id="1733" dir="0" index="3" bw="1" slack="0"/>
<pin id="1734" dir="0" index="4" bw="12" slack="0"/>
<pin id="1735" dir="0" index="5" bw="3" slack="0"/>
<pin id="1736" dir="0" index="6" bw="12" slack="0"/>
<pin id="1737" dir="0" index="7" bw="3" slack="0"/>
<pin id="1738" dir="0" index="8" bw="12" slack="0"/>
<pin id="1739" dir="0" index="9" bw="3" slack="0"/>
<pin id="1740" dir="0" index="10" bw="12" slack="0"/>
<pin id="1741" dir="0" index="11" bw="1" slack="0"/>
<pin id="1742" dir="0" index="12" bw="3" slack="0"/>
<pin id="1743" dir="1" index="13" bw="12" slack="0"/>
</pin_list>
<bind>
<opcode="sparsemux(1197) " fcode="sparsemux"/>
<opset="kernel_data_34/2 "/>
</bind>
</comp>

<comp id="1757" class="1004" name="kernel_data_35_fu_1757">
<pin_list>
<pin id="1758" dir="0" index="0" bw="12" slack="0"/>
<pin id="1759" dir="0" index="1" bw="1" slack="0"/>
<pin id="1760" dir="0" index="2" bw="12" slack="0"/>
<pin id="1761" dir="0" index="3" bw="1" slack="0"/>
<pin id="1762" dir="0" index="4" bw="12" slack="0"/>
<pin id="1763" dir="0" index="5" bw="3" slack="0"/>
<pin id="1764" dir="0" index="6" bw="12" slack="0"/>
<pin id="1765" dir="0" index="7" bw="3" slack="0"/>
<pin id="1766" dir="0" index="8" bw="12" slack="0"/>
<pin id="1767" dir="0" index="9" bw="3" slack="0"/>
<pin id="1768" dir="0" index="10" bw="12" slack="0"/>
<pin id="1769" dir="0" index="11" bw="1" slack="0"/>
<pin id="1770" dir="0" index="12" bw="3" slack="0"/>
<pin id="1771" dir="1" index="13" bw="12" slack="0"/>
</pin_list>
<bind>
<opcode="sparsemux(1197) " fcode="sparsemux"/>
<opset="kernel_data_35/2 "/>
</bind>
</comp>

<comp id="1785" class="1004" name="kernel_data_36_fu_1785">
<pin_list>
<pin id="1786" dir="0" index="0" bw="12" slack="0"/>
<pin id="1787" dir="0" index="1" bw="1" slack="0"/>
<pin id="1788" dir="0" index="2" bw="12" slack="0"/>
<pin id="1789" dir="0" index="3" bw="1" slack="0"/>
<pin id="1790" dir="0" index="4" bw="12" slack="0"/>
<pin id="1791" dir="0" index="5" bw="3" slack="0"/>
<pin id="1792" dir="0" index="6" bw="12" slack="0"/>
<pin id="1793" dir="0" index="7" bw="3" slack="0"/>
<pin id="1794" dir="0" index="8" bw="12" slack="0"/>
<pin id="1795" dir="0" index="9" bw="3" slack="0"/>
<pin id="1796" dir="0" index="10" bw="12" slack="0"/>
<pin id="1797" dir="0" index="11" bw="1" slack="0"/>
<pin id="1798" dir="0" index="12" bw="3" slack="0"/>
<pin id="1799" dir="1" index="13" bw="12" slack="0"/>
</pin_list>
<bind>
<opcode="sparsemux(1197) " fcode="sparsemux"/>
<opset="kernel_data_36/2 "/>
</bind>
</comp>

<comp id="1813" class="1004" name="kernel_data_37_fu_1813">
<pin_list>
<pin id="1814" dir="0" index="0" bw="12" slack="0"/>
<pin id="1815" dir="0" index="1" bw="1" slack="0"/>
<pin id="1816" dir="0" index="2" bw="12" slack="0"/>
<pin id="1817" dir="0" index="3" bw="1" slack="0"/>
<pin id="1818" dir="0" index="4" bw="12" slack="0"/>
<pin id="1819" dir="0" index="5" bw="3" slack="0"/>
<pin id="1820" dir="0" index="6" bw="12" slack="0"/>
<pin id="1821" dir="0" index="7" bw="3" slack="0"/>
<pin id="1822" dir="0" index="8" bw="12" slack="0"/>
<pin id="1823" dir="0" index="9" bw="3" slack="0"/>
<pin id="1824" dir="0" index="10" bw="12" slack="0"/>
<pin id="1825" dir="0" index="11" bw="1" slack="0"/>
<pin id="1826" dir="0" index="12" bw="3" slack="0"/>
<pin id="1827" dir="1" index="13" bw="12" slack="0"/>
</pin_list>
<bind>
<opcode="sparsemux(1197) " fcode="sparsemux"/>
<opset="kernel_data_37/2 "/>
</bind>
</comp>

<comp id="1841" class="1004" name="kernel_data_38_fu_1841">
<pin_list>
<pin id="1842" dir="0" index="0" bw="12" slack="0"/>
<pin id="1843" dir="0" index="1" bw="1" slack="0"/>
<pin id="1844" dir="0" index="2" bw="12" slack="0"/>
<pin id="1845" dir="0" index="3" bw="1" slack="0"/>
<pin id="1846" dir="0" index="4" bw="12" slack="0"/>
<pin id="1847" dir="0" index="5" bw="3" slack="0"/>
<pin id="1848" dir="0" index="6" bw="12" slack="0"/>
<pin id="1849" dir="0" index="7" bw="3" slack="0"/>
<pin id="1850" dir="0" index="8" bw="12" slack="0"/>
<pin id="1851" dir="0" index="9" bw="3" slack="0"/>
<pin id="1852" dir="0" index="10" bw="12" slack="0"/>
<pin id="1853" dir="0" index="11" bw="1" slack="0"/>
<pin id="1854" dir="0" index="12" bw="3" slack="0"/>
<pin id="1855" dir="1" index="13" bw="12" slack="0"/>
</pin_list>
<bind>
<opcode="sparsemux(1197) " fcode="sparsemux"/>
<opset="kernel_data_38/2 "/>
</bind>
</comp>

<comp id="1869" class="1004" name="sext_ln42_fu_1869">
<pin_list>
<pin id="1870" dir="0" index="0" bw="12" slack="0"/>
<pin id="1871" dir="1" index="1" bw="13" slack="0"/>
</pin_list>
<bind>
<opcode="sext(35) " fcode="sext"/>
<opset="sext_ln42/2 "/>
</bind>
</comp>

<comp id="1873" class="1004" name="shl_ln_fu_1873">
<pin_list>
<pin id="1874" dir="0" index="0" bw="13" slack="0"/>
<pin id="1875" dir="0" index="1" bw="12" slack="0"/>
<pin id="1876" dir="0" index="2" bw="1" slack="0"/>
<pin id="1877" dir="1" index="3" bw="13" slack="0"/>
</pin_list>
<bind>
<opcode="bitconcatenate(1004) " fcode="bitconcatenate"/>
<opset="shl_ln/2 "/>
</bind>
</comp>

<comp id="1881" class="1004" name="sext_ln70_fu_1881">
<pin_list>
<pin id="1882" dir="0" index="0" bw="13" slack="0"/>
<pin id="1883" dir="1" index="1" bw="14" slack="0"/>
</pin_list>
<bind>
<opcode="sext(35) " fcode="sext"/>
<opset="sext_ln70/2 "/>
</bind>
</comp>

<comp id="1885" class="1004" name="sext_ln42_1_fu_1885">
<pin_list>
<pin id="1886" dir="0" index="0" bw="12" slack="0"/>
<pin id="1887" dir="1" index="1" bw="13" slack="0"/>
</pin_list>
<bind>
<opcode="sext(35) " fcode="sext"/>
<opset="sext_ln42_1/2 "/>
</bind>
</comp>

<comp id="1889" class="1004" name="shl_ln42_8_fu_1889">
<pin_list>
<pin id="1890" dir="0" index="0" bw="15" slack="0"/>
<pin id="1891" dir="0" index="1" bw="12" slack="0"/>
<pin id="1892" dir="0" index="2" bw="1" slack="0"/>
<pin id="1893" dir="1" index="3" bw="15" slack="0"/>
</pin_list>
<bind>
<opcode="bitconcatenate(1004) " fcode="bitconcatenate"/>
<opset="shl_ln42_8/2 "/>
</bind>
</comp>

<comp id="1897" class="1004" name="shl_ln42_9_fu_1897">
<pin_list>
<pin id="1898" dir="0" index="0" bw="13" slack="0"/>
<pin id="1899" dir="0" index="1" bw="12" slack="0"/>
<pin id="1900" dir="0" index="2" bw="1" slack="0"/>
<pin id="1901" dir="1" index="3" bw="13" slack="0"/>
</pin_list>
<bind>
<opcode="bitconcatenate(1004) " fcode="bitconcatenate"/>
<opset="shl_ln42_9/2 "/>
</bind>
</comp>

<comp id="1905" class="1004" name="sext_ln42_3_fu_1905">
<pin_list>
<pin id="1906" dir="0" index="0" bw="13" slack="0"/>
<pin id="1907" dir="1" index="1" bw="15" slack="0"/>
</pin_list>
<bind>
<opcode="sext(35) " fcode="sext"/>
<opset="sext_ln42_3/2 "/>
</bind>
</comp>

<comp id="1909" class="1004" name="sext_ln42_4_fu_1909">
<pin_list>
<pin id="1910" dir="0" index="0" bw="13" slack="0"/>
<pin id="1911" dir="1" index="1" bw="14" slack="0"/>
</pin_list>
<bind>
<opcode="sext(35) " fcode="sext"/>
<opset="sext_ln42_4/2 "/>
</bind>
</comp>

<comp id="1913" class="1004" name="sub_ln42_fu_1913">
<pin_list>
<pin id="1914" dir="0" index="0" bw="15" slack="0"/>
<pin id="1915" dir="0" index="1" bw="13" slack="0"/>
<pin id="1916" dir="1" index="2" bw="15" slack="0"/>
</pin_list>
<bind>
<opcode="sub(10) " fcode="sub"/>
<opset="sub_ln42/2 "/>
</bind>
</comp>

<comp id="1919" class="1004" name="sub_ln42_1_fu_1919">
<pin_list>
<pin id="1920" dir="0" index="0" bw="13" slack="0"/>
<pin id="1921" dir="0" index="1" bw="15" slack="0"/>
<pin id="1922" dir="1" index="2" bw="15" slack="0"/>
</pin_list>
<bind>
<opcode="sub(10) " fcode="sub"/>
<opset="sub_ln42_1/2 "/>
</bind>
</comp>

<comp id="1925" class="1004" name="sext_ln42_2_fu_1925">
<pin_list>
<pin id="1926" dir="0" index="0" bw="12" slack="0"/>
<pin id="1927" dir="1" index="1" bw="15" slack="0"/>
</pin_list>
<bind>
<opcode="sext(35) " fcode="sext"/>
<opset="sext_ln42_2/2 "/>
</bind>
</comp>

<comp id="1930" class="1004" name="shl_ln42_1_fu_1930">
<pin_list>
<pin id="1931" dir="0" index="0" bw="13" slack="0"/>
<pin id="1932" dir="0" index="1" bw="12" slack="0"/>
<pin id="1933" dir="0" index="2" bw="1" slack="0"/>
<pin id="1934" dir="1" index="3" bw="13" slack="0"/>
</pin_list>
<bind>
<opcode="bitconcatenate(1004) " fcode="bitconcatenate"/>
<opset="shl_ln42_1/2 "/>
</bind>
</comp>

<comp id="1938" class="1004" name="sext_ln42_5_fu_1938">
<pin_list>
<pin id="1939" dir="0" index="0" bw="13" slack="0"/>
<pin id="1940" dir="1" index="1" bw="15" slack="0"/>
</pin_list>
<bind>
<opcode="sext(35) " fcode="sext"/>
<opset="sext_ln42_5/2 "/>
</bind>
</comp>

<comp id="1942" class="1004" name="sext_ln42_48_fu_1942">
<pin_list>
<pin id="1943" dir="0" index="0" bw="13" slack="0"/>
<pin id="1944" dir="1" index="1" bw="14" slack="0"/>
</pin_list>
<bind>
<opcode="sext(35) " fcode="sext"/>
<opset="sext_ln42_48/2 "/>
</bind>
</comp>

<comp id="1946" class="1004" name="shl_ln42_s_fu_1946">
<pin_list>
<pin id="1947" dir="0" index="0" bw="14" slack="0"/>
<pin id="1948" dir="0" index="1" bw="12" slack="0"/>
<pin id="1949" dir="0" index="2" bw="1" slack="0"/>
<pin id="1950" dir="1" index="3" bw="14" slack="0"/>
</pin_list>
<bind>
<opcode="bitconcatenate(1004) " fcode="bitconcatenate"/>
<opset="shl_ln42_s/2 "/>
</bind>
</comp>

<comp id="1954" class="1004" name="sext_ln42_6_fu_1954">
<pin_list>
<pin id="1955" dir="0" index="0" bw="14" slack="0"/>
<pin id="1956" dir="1" index="1" bw="15" slack="0"/>
</pin_list>
<bind>
<opcode="sext(35) " fcode="sext"/>
<opset="sext_ln42_6/2 "/>
</bind>
</comp>

<comp id="1958" class="1004" name="sub_ln42_2_fu_1958">
<pin_list>
<pin id="1959" dir="0" index="0" bw="14" slack="0"/>
<pin id="1960" dir="0" index="1" bw="12" slack="0"/>
<pin id="1961" dir="1" index="2" bw="15" slack="0"/>
</pin_list>
<bind>
<opcode="sub(10) " fcode="sub"/>
<opset="sub_ln42_2/2 "/>
</bind>
</comp>

<comp id="1964" class="1004" name="shl_ln42_10_fu_1964">
<pin_list>
<pin id="1965" dir="0" index="0" bw="15" slack="0"/>
<pin id="1966" dir="0" index="1" bw="12" slack="0"/>
<pin id="1967" dir="0" index="2" bw="1" slack="0"/>
<pin id="1968" dir="1" index="3" bw="15" slack="0"/>
</pin_list>
<bind>
<opcode="bitconcatenate(1004) " fcode="bitconcatenate"/>
<opset="shl_ln42_10/2 "/>
</bind>
</comp>

<comp id="1972" class="1004" name="sext_ln70_1_fu_1972">
<pin_list>
<pin id="1973" dir="0" index="0" bw="12" slack="0"/>
<pin id="1974" dir="1" index="1" bw="15" slack="0"/>
</pin_list>
<bind>
<opcode="sext(35) " fcode="sext"/>
<opset="sext_ln70_1/2 "/>
</bind>
</comp>

<comp id="1976" class="1004" name="sext_ln70_8_fu_1976">
<pin_list>
<pin id="1977" dir="0" index="0" bw="12" slack="0"/>
<pin id="1978" dir="1" index="1" bw="13" slack="0"/>
</pin_list>
<bind>
<opcode="sext(35) " fcode="sext"/>
<opset="sext_ln70_8/2 "/>
</bind>
</comp>

<comp id="1980" class="1004" name="shl_ln42_11_fu_1980">
<pin_list>
<pin id="1981" dir="0" index="0" bw="15" slack="0"/>
<pin id="1982" dir="0" index="1" bw="12" slack="0"/>
<pin id="1983" dir="0" index="2" bw="1" slack="0"/>
<pin id="1984" dir="1" index="3" bw="15" slack="0"/>
</pin_list>
<bind>
<opcode="bitconcatenate(1004) " fcode="bitconcatenate"/>
<opset="shl_ln42_11/2 "/>
</bind>
</comp>

<comp id="1988" class="1004" name="shl_ln42_12_fu_1988">
<pin_list>
<pin id="1989" dir="0" index="0" bw="14" slack="0"/>
<pin id="1990" dir="0" index="1" bw="12" slack="0"/>
<pin id="1991" dir="0" index="2" bw="1" slack="0"/>
<pin id="1992" dir="1" index="3" bw="14" slack="0"/>
</pin_list>
<bind>
<opcode="bitconcatenate(1004) " fcode="bitconcatenate"/>
<opset="shl_ln42_12/2 "/>
</bind>
</comp>

<comp id="1996" class="1004" name="sext_ln42_8_fu_1996">
<pin_list>
<pin id="1997" dir="0" index="0" bw="14" slack="0"/>
<pin id="1998" dir="1" index="1" bw="15" slack="0"/>
</pin_list>
<bind>
<opcode="sext(35) " fcode="sext"/>
<opset="sext_ln42_8/2 "/>
</bind>
</comp>

<comp id="2000" class="1004" name="sub_ln42_3_fu_2000">
<pin_list>
<pin id="2001" dir="0" index="0" bw="1" slack="0"/>
<pin id="2002" dir="0" index="1" bw="14" slack="0"/>
<pin id="2003" dir="1" index="2" bw="15" slack="0"/>
</pin_list>
<bind>
<opcode="sub(10) " fcode="sub"/>
<opset="sub_ln42_3/2 "/>
</bind>
</comp>

<comp id="2006" class="1004" name="sub_ln42_4_fu_2006">
<pin_list>
<pin id="2007" dir="0" index="0" bw="15" slack="0"/>
<pin id="2008" dir="0" index="1" bw="12" slack="0"/>
<pin id="2009" dir="1" index="2" bw="15" slack="0"/>
</pin_list>
<bind>
<opcode="sub(10) " fcode="sub"/>
<opset="sub_ln42_4/2 "/>
</bind>
</comp>

<comp id="2012" class="1004" name="sub_ln42_5_fu_2012">
<pin_list>
<pin id="2013" dir="0" index="0" bw="1" slack="0"/>
<pin id="2014" dir="0" index="1" bw="15" slack="0"/>
<pin id="2015" dir="1" index="2" bw="15" slack="0"/>
</pin_list>
<bind>
<opcode="sub(10) " fcode="sub"/>
<opset="sub_ln42_5/2 "/>
</bind>
</comp>

<comp id="2018" class="1004" name="sub_ln42_6_fu_2018">
<pin_list>
<pin id="2019" dir="0" index="0" bw="15" slack="0"/>
<pin id="2020" dir="0" index="1" bw="12" slack="0"/>
<pin id="2021" dir="1" index="2" bw="15" slack="0"/>
</pin_list>
<bind>
<opcode="sub(10) " fcode="sub"/>
<opset="sub_ln42_6/2 "/>
</bind>
</comp>

<comp id="2024" class="1004" name="shl_ln42_13_fu_2024">
<pin_list>
<pin id="2025" dir="0" index="0" bw="13" slack="0"/>
<pin id="2026" dir="0" index="1" bw="12" slack="0"/>
<pin id="2027" dir="0" index="2" bw="1" slack="0"/>
<pin id="2028" dir="1" index="3" bw="13" slack="0"/>
</pin_list>
<bind>
<opcode="bitconcatenate(1004) " fcode="bitconcatenate"/>
<opset="shl_ln42_13/2 "/>
</bind>
</comp>

<comp id="2032" class="1004" name="sext_ln42_9_fu_2032">
<pin_list>
<pin id="2033" dir="0" index="0" bw="13" slack="0"/>
<pin id="2034" dir="1" index="1" bw="15" slack="0"/>
</pin_list>
<bind>
<opcode="sext(35) " fcode="sext"/>
<opset="sext_ln42_9/2 "/>
</bind>
</comp>

<comp id="2036" class="1004" name="sub_ln42_7_fu_2036">
<pin_list>
<pin id="2037" dir="0" index="0" bw="15" slack="0"/>
<pin id="2038" dir="0" index="1" bw="13" slack="0"/>
<pin id="2039" dir="1" index="2" bw="15" slack="0"/>
</pin_list>
<bind>
<opcode="sub(10) " fcode="sub"/>
<opset="sub_ln42_7/2 "/>
</bind>
</comp>

<comp id="2042" class="1004" name="sext_ln42_10_fu_2042">
<pin_list>
<pin id="2043" dir="0" index="0" bw="12" slack="0"/>
<pin id="2044" dir="1" index="1" bw="13" slack="0"/>
</pin_list>
<bind>
<opcode="sext(35) " fcode="sext"/>
<opset="sext_ln42_10/2 "/>
</bind>
</comp>

<comp id="2046" class="1004" name="sext_ln42_11_fu_2046">
<pin_list>
<pin id="2047" dir="0" index="0" bw="12" slack="0"/>
<pin id="2048" dir="1" index="1" bw="15" slack="0"/>
</pin_list>
<bind>
<opcode="sext(35) " fcode="sext"/>
<opset="sext_ln42_11/2 "/>
</bind>
</comp>

<comp id="2050" class="1004" name="shl_ln42_14_fu_2050">
<pin_list>
<pin id="2051" dir="0" index="0" bw="14" slack="0"/>
<pin id="2052" dir="0" index="1" bw="12" slack="0"/>
<pin id="2053" dir="0" index="2" bw="1" slack="0"/>
<pin id="2054" dir="1" index="3" bw="14" slack="0"/>
</pin_list>
<bind>
<opcode="bitconcatenate(1004) " fcode="bitconcatenate"/>
<opset="shl_ln42_14/2 "/>
</bind>
</comp>

<comp id="2058" class="1004" name="sext_ln42_13_fu_2058">
<pin_list>
<pin id="2059" dir="0" index="0" bw="14" slack="0"/>
<pin id="2060" dir="1" index="1" bw="15" slack="0"/>
</pin_list>
<bind>
<opcode="sext(35) " fcode="sext"/>
<opset="sext_ln42_13/2 "/>
</bind>
</comp>

<comp id="2062" class="1004" name="shl_ln42_15_fu_2062">
<pin_list>
<pin id="2063" dir="0" index="0" bw="15" slack="0"/>
<pin id="2064" dir="0" index="1" bw="12" slack="0"/>
<pin id="2065" dir="0" index="2" bw="1" slack="0"/>
<pin id="2066" dir="1" index="3" bw="15" slack="0"/>
</pin_list>
<bind>
<opcode="bitconcatenate(1004) " fcode="bitconcatenate"/>
<opset="shl_ln42_15/2 "/>
</bind>
</comp>

<comp id="2070" class="1004" name="sub_ln42_8_fu_2070">
<pin_list>
<pin id="2071" dir="0" index="0" bw="14" slack="0"/>
<pin id="2072" dir="0" index="1" bw="12" slack="0"/>
<pin id="2073" dir="1" index="2" bw="15" slack="0"/>
</pin_list>
<bind>
<opcode="sub(10) " fcode="sub"/>
<opset="sub_ln42_8/2 "/>
</bind>
</comp>

<comp id="2076" class="1004" name="add_ln58_fu_2076">
<pin_list>
<pin id="2077" dir="0" index="0" bw="13" slack="0"/>
<pin id="2078" dir="0" index="1" bw="11" slack="0"/>
<pin id="2079" dir="1" index="2" bw="14" slack="0"/>
</pin_list>
<bind>
<opcode="add(8) " fcode="add"/>
<opset="add_ln58/2 "/>
</bind>
</comp>

<comp id="2082" class="1004" name="sext_ln58_fu_2082">
<pin_list>
<pin id="2083" dir="0" index="0" bw="14" slack="0"/>
<pin id="2084" dir="1" index="1" bw="15" slack="0"/>
</pin_list>
<bind>
<opcode="sext(35) " fcode="sext"/>
<opset="sext_ln58/2 "/>
</bind>
</comp>

<comp id="2086" class="1004" name="add_ln58_1_fu_2086">
<pin_list>
<pin id="2087" dir="0" index="0" bw="13" slack="0"/>
<pin id="2088" dir="0" index="1" bw="10" slack="0"/>
<pin id="2089" dir="1" index="2" bw="14" slack="0"/>
</pin_list>
<bind>
<opcode="add(8) " fcode="add"/>
<opset="add_ln58_1/2 "/>
</bind>
</comp>

<comp id="2092" class="1004" name="sext_ln58_1_fu_2092">
<pin_list>
<pin id="2093" dir="0" index="0" bw="14" slack="0"/>
<pin id="2094" dir="1" index="1" bw="15" slack="0"/>
</pin_list>
<bind>
<opcode="sext(35) " fcode="sext"/>
<opset="sext_ln58_1/2 "/>
</bind>
</comp>

<comp id="2096" class="1004" name="add_ln58_2_fu_2096">
<pin_list>
<pin id="2097" dir="0" index="0" bw="13" slack="0"/>
<pin id="2098" dir="0" index="1" bw="11" slack="0"/>
<pin id="2099" dir="1" index="2" bw="14" slack="0"/>
</pin_list>
<bind>
<opcode="add(8) " fcode="add"/>
<opset="add_ln58_2/2 "/>
</bind>
</comp>

<comp id="2102" class="1004" name="sext_ln58_2_fu_2102">
<pin_list>
<pin id="2103" dir="0" index="0" bw="14" slack="0"/>
<pin id="2104" dir="1" index="1" bw="15" slack="0"/>
</pin_list>
<bind>
<opcode="sext(35) " fcode="sext"/>
<opset="sext_ln58_2/2 "/>
</bind>
</comp>

<comp id="2106" class="1004" name="sub_ln58_fu_2106">
<pin_list>
<pin id="2107" dir="0" index="0" bw="14" slack="0"/>
<pin id="2108" dir="0" index="1" bw="13" slack="0"/>
<pin id="2109" dir="1" index="2" bw="15" slack="0"/>
</pin_list>
<bind>
<opcode="sub(10) " fcode="sub"/>
<opset="sub_ln58/2 "/>
</bind>
</comp>

<comp id="2112" class="1004" name="tmp118_fu_2112">
<pin_list>
<pin id="2113" dir="0" index="0" bw="12" slack="0"/>
<pin id="2114" dir="0" index="1" bw="12" slack="0"/>
<pin id="2115" dir="1" index="2" bw="13" slack="0"/>
</pin_list>
<bind>
<opcode="add(8) " fcode="add"/>
<opset="tmp118/2 "/>
</bind>
</comp>

<comp id="2118" class="1004" name="p_shl3_fu_2118">
<pin_list>
<pin id="2119" dir="0" index="0" bw="15" slack="0"/>
<pin id="2120" dir="0" index="1" bw="13" slack="0"/>
<pin id="2121" dir="0" index="2" bw="1" slack="0"/>
<pin id="2122" dir="1" index="3" bw="15" slack="0"/>
</pin_list>
<bind>
<opcode="bitconcatenate(1004) " fcode="bitconcatenate"/>
<opset="p_shl3/2 "/>
</bind>
</comp>

<comp id="2126" class="1004" name="add_ln58_3_fu_2126">
<pin_list>
<pin id="2127" dir="0" index="0" bw="12" slack="0"/>
<pin id="2128" dir="0" index="1" bw="10" slack="0"/>
<pin id="2129" dir="1" index="2" bw="13" slack="0"/>
</pin_list>
<bind>
<opcode="add(8) " fcode="add"/>
<opset="add_ln58_3/2 "/>
</bind>
</comp>

<comp id="2132" class="1004" name="sext_ln58_3_fu_2132">
<pin_list>
<pin id="2133" dir="0" index="0" bw="13" slack="0"/>
<pin id="2134" dir="1" index="1" bw="15" slack="0"/>
</pin_list>
<bind>
<opcode="sext(35) " fcode="sext"/>
<opset="sext_ln58_3/2 "/>
</bind>
</comp>

<comp id="2136" class="1004" name="add_ln58_4_fu_2136">
<pin_list>
<pin id="2137" dir="0" index="0" bw="15" slack="0"/>
<pin id="2138" dir="0" index="1" bw="13" slack="0"/>
<pin id="2139" dir="1" index="2" bw="15" slack="0"/>
</pin_list>
<bind>
<opcode="add(8) " fcode="add"/>
<opset="add_ln58_4/2 "/>
</bind>
</comp>

<comp id="2142" class="1004" name="x_2_fu_2142">
<pin_list>
<pin id="2143" dir="0" index="0" bw="15" slack="0"/>
<pin id="2144" dir="0" index="1" bw="15" slack="0"/>
<pin id="2145" dir="1" index="2" bw="15" slack="0"/>
</pin_list>
<bind>
<opcode="sub(10) " fcode="sub"/>
<opset="x_2/2 "/>
</bind>
</comp>

<comp id="2148" class="1004" name="add_ln58_5_fu_2148">
<pin_list>
<pin id="2149" dir="0" index="0" bw="14" slack="0"/>
<pin id="2150" dir="0" index="1" bw="13" slack="0"/>
<pin id="2151" dir="1" index="2" bw="15" slack="0"/>
</pin_list>
<bind>
<opcode="add(8) " fcode="add"/>
<opset="add_ln58_5/2 "/>
</bind>
</comp>

<comp id="2154" class="1004" name="add_ln58_6_fu_2154">
<pin_list>
<pin id="2155" dir="0" index="0" bw="15" slack="0"/>
<pin id="2156" dir="0" index="1" bw="15" slack="0"/>
<pin id="2157" dir="1" index="2" bw="15" slack="0"/>
</pin_list>
<bind>
<opcode="add(8) " fcode="add"/>
<opset="add_ln58_6/2 "/>
</bind>
</comp>

<comp id="2160" class="1004" name="add_ln58_7_fu_2160">
<pin_list>
<pin id="2161" dir="0" index="0" bw="15" slack="0"/>
<pin id="2162" dir="0" index="1" bw="15" slack="0"/>
<pin id="2163" dir="1" index="2" bw="15" slack="1"/>
</pin_list>
<bind>
<opcode="add(8) " fcode="add"/>
<opset="add_ln58_7/2 "/>
</bind>
</comp>

<comp id="2166" class="1004" name="add_ln58_9_fu_2166">
<pin_list>
<pin id="2167" dir="0" index="0" bw="14" slack="0"/>
<pin id="2168" dir="0" index="1" bw="14" slack="0"/>
<pin id="2169" dir="1" index="2" bw="15" slack="0"/>
</pin_list>
<bind>
<opcode="add(8) " fcode="add"/>
<opset="add_ln58_9/2 "/>
</bind>
</comp>

<comp id="2172" class="1004" name="add_ln58_10_fu_2172">
<pin_list>
<pin id="2173" dir="0" index="0" bw="12" slack="0"/>
<pin id="2174" dir="0" index="1" bw="12" slack="0"/>
<pin id="2175" dir="1" index="2" bw="13" slack="0"/>
</pin_list>
<bind>
<opcode="add(8) " fcode="add"/>
<opset="add_ln58_10/2 "/>
</bind>
</comp>

<comp id="2178" class="1004" name="sext_ln58_16_fu_2178">
<pin_list>
<pin id="2179" dir="0" index="0" bw="13" slack="0"/>
<pin id="2180" dir="1" index="1" bw="15" slack="0"/>
</pin_list>
<bind>
<opcode="sext(35) " fcode="sext"/>
<opset="sext_ln58_16/2 "/>
</bind>
</comp>

<comp id="2182" class="1004" name="add_ln58_11_fu_2182">
<pin_list>
<pin id="2183" dir="0" index="0" bw="13" slack="0"/>
<pin id="2184" dir="0" index="1" bw="15" slack="0"/>
<pin id="2185" dir="1" index="2" bw="15" slack="1"/>
</pin_list>
<bind>
<opcode="add(8) " fcode="add"/>
<opset="add_ln58_11/2 "/>
</bind>
</comp>

<comp id="2188" class="1004" name="tmp20987_fu_2188">
<pin_list>
<pin id="2189" dir="0" index="0" bw="12" slack="0"/>
<pin id="2190" dir="0" index="1" bw="12" slack="0"/>
<pin id="2191" dir="1" index="2" bw="13" slack="0"/>
</pin_list>
<bind>
<opcode="sub(10) " fcode="sub"/>
<opset="tmp20987/2 "/>
</bind>
</comp>

<comp id="2194" class="1004" name="tmp1_fu_2194">
<pin_list>
<pin id="2195" dir="0" index="0" bw="15" slack="0"/>
<pin id="2196" dir="0" index="1" bw="13" slack="0"/>
<pin id="2197" dir="0" index="2" bw="1" slack="0"/>
<pin id="2198" dir="1" index="3" bw="15" slack="0"/>
</pin_list>
<bind>
<opcode="bitconcatenate(1004) " fcode="bitconcatenate"/>
<opset="tmp1/2 "/>
</bind>
</comp>

<comp id="2202" class="1004" name="add_ln58_13_fu_2202">
<pin_list>
<pin id="2203" dir="0" index="0" bw="15" slack="0"/>
<pin id="2204" dir="0" index="1" bw="15" slack="0"/>
<pin id="2205" dir="1" index="2" bw="15" slack="0"/>
</pin_list>
<bind>
<opcode="add(8) " fcode="add"/>
<opset="add_ln58_13/2 "/>
</bind>
</comp>

<comp id="2208" class="1004" name="add_ln58_14_fu_2208">
<pin_list>
<pin id="2209" dir="0" index="0" bw="13" slack="0"/>
<pin id="2210" dir="0" index="1" bw="11" slack="0"/>
<pin id="2211" dir="1" index="2" bw="14" slack="0"/>
</pin_list>
<bind>
<opcode="add(8) " fcode="add"/>
<opset="add_ln58_14/2 "/>
</bind>
</comp>

<comp id="2214" class="1004" name="sext_ln58_17_fu_2214">
<pin_list>
<pin id="2215" dir="0" index="0" bw="14" slack="0"/>
<pin id="2216" dir="1" index="1" bw="15" slack="0"/>
</pin_list>
<bind>
<opcode="sext(35) " fcode="sext"/>
<opset="sext_ln58_17/2 "/>
</bind>
</comp>

<comp id="2218" class="1004" name="x_1_fu_2218">
<pin_list>
<pin id="2219" dir="0" index="0" bw="14" slack="0"/>
<pin id="2220" dir="0" index="1" bw="15" slack="0"/>
<pin id="2221" dir="1" index="2" bw="15" slack="0"/>
</pin_list>
<bind>
<opcode="add(8) " fcode="add"/>
<opset="x_1/2 "/>
</bind>
</comp>

<comp id="2224" class="1004" name="tmp211_fu_2224">
<pin_list>
<pin id="2225" dir="0" index="0" bw="12" slack="0"/>
<pin id="2226" dir="0" index="1" bw="12" slack="0"/>
<pin id="2227" dir="1" index="2" bw="13" slack="0"/>
</pin_list>
<bind>
<opcode="add(8) " fcode="add"/>
<opset="tmp211/2 "/>
</bind>
</comp>

<comp id="2230" class="1004" name="tmp211_cast_fu_2230">
<pin_list>
<pin id="2231" dir="0" index="0" bw="13" slack="0"/>
<pin id="2232" dir="1" index="1" bw="15" slack="0"/>
</pin_list>
<bind>
<opcode="sext(35) " fcode="sext"/>
<opset="tmp211_cast/2 "/>
</bind>
</comp>

<comp id="2234" class="1004" name="empty_fu_2234">
<pin_list>
<pin id="2235" dir="0" index="0" bw="13" slack="0"/>
<pin id="2236" dir="1" index="1" bw="12" slack="0"/>
</pin_list>
<bind>
<opcode="trunc(33) " fcode="trunc"/>
<opset="empty/2 "/>
</bind>
</comp>

<comp id="2238" class="1004" name="p_shl6_fu_2238">
<pin_list>
<pin id="2239" dir="0" index="0" bw="15" slack="0"/>
<pin id="2240" dir="0" index="1" bw="12" slack="0"/>
<pin id="2241" dir="0" index="2" bw="1" slack="0"/>
<pin id="2242" dir="1" index="3" bw="15" slack="0"/>
</pin_list>
<bind>
<opcode="bitconcatenate(1004) " fcode="bitconcatenate"/>
<opset="p_shl6/2 "/>
</bind>
</comp>

<comp id="2246" class="1004" name="tmp212_fu_2246">
<pin_list>
<pin id="2247" dir="0" index="0" bw="15" slack="0"/>
<pin id="2248" dir="0" index="1" bw="13" slack="0"/>
<pin id="2249" dir="1" index="2" bw="15" slack="0"/>
</pin_list>
<bind>
<opcode="sub(10) " fcode="sub"/>
<opset="tmp212/2 "/>
</bind>
</comp>

<comp id="2252" class="1004" name="add_ln58_18_fu_2252">
<pin_list>
<pin id="2253" dir="0" index="0" bw="15" slack="0"/>
<pin id="2254" dir="0" index="1" bw="11" slack="0"/>
<pin id="2255" dir="1" index="2" bw="15" slack="0"/>
</pin_list>
<bind>
<opcode="add(8) " fcode="add"/>
<opset="add_ln58_18/2 "/>
</bind>
</comp>

<comp id="2258" class="1004" name="add_ln58_16_fu_2258">
<pin_list>
<pin id="2259" dir="0" index="0" bw="15" slack="0"/>
<pin id="2260" dir="0" index="1" bw="15" slack="0"/>
<pin id="2261" dir="1" index="2" bw="15" slack="0"/>
</pin_list>
<bind>
<opcode="add(8) " fcode="add"/>
<opset="add_ln58_16/2 "/>
</bind>
</comp>

<comp id="2264" class="1004" name="x_3_fu_2264">
<pin_list>
<pin id="2265" dir="0" index="0" bw="15" slack="0"/>
<pin id="2266" dir="0" index="1" bw="12" slack="0"/>
<pin id="2267" dir="1" index="2" bw="15" slack="0"/>
</pin_list>
<bind>
<opcode="sub(10) " fcode="sub"/>
<opset="x_3/2 "/>
</bind>
</comp>

<comp id="2270" class="1004" name="x_4_fu_2270">
<pin_list>
<pin id="2271" dir="0" index="0" bw="15" slack="0"/>
<pin id="2272" dir="0" index="1" bw="15" slack="0"/>
<pin id="2273" dir="1" index="2" bw="15" slack="0"/>
</pin_list>
<bind>
<opcode="sub(10) " fcode="sub"/>
<opset="x_4/2 "/>
</bind>
</comp>

<comp id="2276" class="1004" name="tmp213_fu_2276">
<pin_list>
<pin id="2277" dir="0" index="0" bw="12" slack="0"/>
<pin id="2278" dir="0" index="1" bw="12" slack="0"/>
<pin id="2279" dir="1" index="2" bw="13" slack="0"/>
</pin_list>
<bind>
<opcode="add(8) " fcode="add"/>
<opset="tmp213/2 "/>
</bind>
</comp>

<comp id="2282" class="1004" name="tmp213_cast_fu_2282">
<pin_list>
<pin id="2283" dir="0" index="0" bw="13" slack="0"/>
<pin id="2284" dir="1" index="1" bw="15" slack="0"/>
</pin_list>
<bind>
<opcode="sext(35) " fcode="sext"/>
<opset="tmp213_cast/2 "/>
</bind>
</comp>

<comp id="2286" class="1004" name="p_shl7_fu_2286">
<pin_list>
<pin id="2287" dir="0" index="0" bw="15" slack="0"/>
<pin id="2288" dir="0" index="1" bw="13" slack="0"/>
<pin id="2289" dir="0" index="2" bw="1" slack="0"/>
<pin id="2290" dir="1" index="3" bw="15" slack="0"/>
</pin_list>
<bind>
<opcode="bitconcatenate(1004) " fcode="bitconcatenate"/>
<opset="p_shl7/2 "/>
</bind>
</comp>

<comp id="2294" class="1004" name="tmp214_fu_2294">
<pin_list>
<pin id="2295" dir="0" index="0" bw="13" slack="0"/>
<pin id="2296" dir="0" index="1" bw="15" slack="0"/>
<pin id="2297" dir="1" index="2" bw="15" slack="0"/>
</pin_list>
<bind>
<opcode="sub(10) " fcode="sub"/>
<opset="tmp214/2 "/>
</bind>
</comp>

<comp id="2300" class="1004" name="add_ln58_17_fu_2300">
<pin_list>
<pin id="2301" dir="0" index="0" bw="15" slack="0"/>
<pin id="2302" dir="0" index="1" bw="10" slack="0"/>
<pin id="2303" dir="1" index="2" bw="15" slack="0"/>
</pin_list>
<bind>
<opcode="add(8) " fcode="add"/>
<opset="add_ln58_17/2 "/>
</bind>
</comp>

<comp id="2306" class="1004" name="sub_ln58_4_fu_2306">
<pin_list>
<pin id="2307" dir="0" index="0" bw="15" slack="0"/>
<pin id="2308" dir="0" index="1" bw="15" slack="0"/>
<pin id="2309" dir="1" index="2" bw="15" slack="0"/>
</pin_list>
<bind>
<opcode="sub(10) " fcode="sub"/>
<opset="sub_ln58_4/2 "/>
</bind>
</comp>

<comp id="2312" class="1004" name="add_ln58_19_fu_2312">
<pin_list>
<pin id="2313" dir="0" index="0" bw="15" slack="0"/>
<pin id="2314" dir="0" index="1" bw="15" slack="0"/>
<pin id="2315" dir="1" index="2" bw="15" slack="0"/>
</pin_list>
<bind>
<opcode="add(8) " fcode="add"/>
<opset="add_ln58_19/2 "/>
</bind>
</comp>

<comp id="2318" class="1004" name="x_5_fu_2318">
<pin_list>
<pin id="2319" dir="0" index="0" bw="15" slack="0"/>
<pin id="2320" dir="0" index="1" bw="15" slack="0"/>
<pin id="2321" dir="1" index="2" bw="15" slack="0"/>
</pin_list>
<bind>
<opcode="add(8) " fcode="add"/>
<opset="x_5/2 "/>
</bind>
</comp>

<comp id="2324" class="1004" name="add_ln58_23_fu_2324">
<pin_list>
<pin id="2325" dir="0" index="0" bw="15" slack="0"/>
<pin id="2326" dir="0" index="1" bw="15" slack="0"/>
<pin id="2327" dir="1" index="2" bw="15" slack="0"/>
</pin_list>
<bind>
<opcode="add(8) " fcode="add"/>
<opset="add_ln58_23/2 "/>
</bind>
</comp>

<comp id="2330" class="1004" name="x_6_fu_2330">
<pin_list>
<pin id="2331" dir="0" index="0" bw="15" slack="0"/>
<pin id="2332" dir="0" index="1" bw="15" slack="0"/>
<pin id="2333" dir="1" index="2" bw="15" slack="0"/>
</pin_list>
<bind>
<opcode="add(8) " fcode="add"/>
<opset="x_6/2 "/>
</bind>
</comp>

<comp id="2336" class="1004" name="res_out_1_fu_2336">
<pin_list>
<pin id="2337" dir="0" index="0" bw="9" slack="0"/>
<pin id="2338" dir="0" index="1" bw="15" slack="0"/>
<pin id="2339" dir="0" index="2" bw="4" slack="0"/>
<pin id="2340" dir="0" index="3" bw="5" slack="0"/>
<pin id="2341" dir="1" index="4" bw="9" slack="1"/>
</pin_list>
<bind>
<opcode="partselect(1002) " fcode="partselect"/>
<opset="res_out_1/2 "/>
</bind>
</comp>

<comp id="2346" class="1004" name="res_out_2_fu_2346">
<pin_list>
<pin id="2347" dir="0" index="0" bw="9" slack="0"/>
<pin id="2348" dir="0" index="1" bw="15" slack="0"/>
<pin id="2349" dir="0" index="2" bw="4" slack="0"/>
<pin id="2350" dir="0" index="3" bw="5" slack="0"/>
<pin id="2351" dir="1" index="4" bw="9" slack="1"/>
</pin_list>
<bind>
<opcode="partselect(1002) " fcode="partselect"/>
<opset="res_out_2/2 "/>
</bind>
</comp>

<comp id="2356" class="1004" name="res_out_3_fu_2356">
<pin_list>
<pin id="2357" dir="0" index="0" bw="9" slack="0"/>
<pin id="2358" dir="0" index="1" bw="15" slack="0"/>
<pin id="2359" dir="0" index="2" bw="4" slack="0"/>
<pin id="2360" dir="0" index="3" bw="5" slack="0"/>
<pin id="2361" dir="1" index="4" bw="9" slack="1"/>
</pin_list>
<bind>
<opcode="partselect(1002) " fcode="partselect"/>
<opset="res_out_3/2 "/>
</bind>
</comp>

<comp id="2366" class="1004" name="res_out_4_fu_2366">
<pin_list>
<pin id="2367" dir="0" index="0" bw="9" slack="0"/>
<pin id="2368" dir="0" index="1" bw="15" slack="0"/>
<pin id="2369" dir="0" index="2" bw="4" slack="0"/>
<pin id="2370" dir="0" index="3" bw="5" slack="0"/>
<pin id="2371" dir="1" index="4" bw="9" slack="1"/>
</pin_list>
<bind>
<opcode="partselect(1002) " fcode="partselect"/>
<opset="res_out_4/2 "/>
</bind>
</comp>

<comp id="2376" class="1004" name="sext_ln42_14_fu_2376">
<pin_list>
<pin id="2377" dir="0" index="0" bw="12" slack="0"/>
<pin id="2378" dir="1" index="1" bw="13" slack="0"/>
</pin_list>
<bind>
<opcode="sext(35) " fcode="sext"/>
<opset="sext_ln42_14/2 "/>
</bind>
</comp>

<comp id="2380" class="1004" name="shl_ln42_2_fu_2380">
<pin_list>
<pin id="2381" dir="0" index="0" bw="13" slack="0"/>
<pin id="2382" dir="0" index="1" bw="12" slack="0"/>
<pin id="2383" dir="0" index="2" bw="1" slack="0"/>
<pin id="2384" dir="1" index="3" bw="13" slack="0"/>
</pin_list>
<bind>
<opcode="bitconcatenate(1004) " fcode="bitconcatenate"/>
<opset="shl_ln42_2/2 "/>
</bind>
</comp>

<comp id="2388" class="1004" name="sext_ln70_2_fu_2388">
<pin_list>
<pin id="2389" dir="0" index="0" bw="13" slack="0"/>
<pin id="2390" dir="1" index="1" bw="14" slack="0"/>
</pin_list>
<bind>
<opcode="sext(35) " fcode="sext"/>
<opset="sext_ln70_2/2 "/>
</bind>
</comp>

<comp id="2392" class="1004" name="sext_ln42_15_fu_2392">
<pin_list>
<pin id="2393" dir="0" index="0" bw="12" slack="0"/>
<pin id="2394" dir="1" index="1" bw="13" slack="0"/>
</pin_list>
<bind>
<opcode="sext(35) " fcode="sext"/>
<opset="sext_ln42_15/2 "/>
</bind>
</comp>

<comp id="2396" class="1004" name="shl_ln42_16_fu_2396">
<pin_list>
<pin id="2397" dir="0" index="0" bw="15" slack="0"/>
<pin id="2398" dir="0" index="1" bw="12" slack="0"/>
<pin id="2399" dir="0" index="2" bw="1" slack="0"/>
<pin id="2400" dir="1" index="3" bw="15" slack="0"/>
</pin_list>
<bind>
<opcode="bitconcatenate(1004) " fcode="bitconcatenate"/>
<opset="shl_ln42_16/2 "/>
</bind>
</comp>

<comp id="2404" class="1004" name="shl_ln42_17_fu_2404">
<pin_list>
<pin id="2405" dir="0" index="0" bw="13" slack="0"/>
<pin id="2406" dir="0" index="1" bw="12" slack="0"/>
<pin id="2407" dir="0" index="2" bw="1" slack="0"/>
<pin id="2408" dir="1" index="3" bw="13" slack="0"/>
</pin_list>
<bind>
<opcode="bitconcatenate(1004) " fcode="bitconcatenate"/>
<opset="shl_ln42_17/2 "/>
</bind>
</comp>

<comp id="2412" class="1004" name="sext_ln42_16_fu_2412">
<pin_list>
<pin id="2413" dir="0" index="0" bw="13" slack="0"/>
<pin id="2414" dir="1" index="1" bw="15" slack="0"/>
</pin_list>
<bind>
<opcode="sext(35) " fcode="sext"/>
<opset="sext_ln42_16/2 "/>
</bind>
</comp>

<comp id="2416" class="1004" name="sext_ln42_18_fu_2416">
<pin_list>
<pin id="2417" dir="0" index="0" bw="13" slack="0"/>
<pin id="2418" dir="1" index="1" bw="14" slack="0"/>
</pin_list>
<bind>
<opcode="sext(35) " fcode="sext"/>
<opset="sext_ln42_18/2 "/>
</bind>
</comp>

<comp id="2420" class="1004" name="sub_ln42_9_fu_2420">
<pin_list>
<pin id="2421" dir="0" index="0" bw="15" slack="0"/>
<pin id="2422" dir="0" index="1" bw="13" slack="0"/>
<pin id="2423" dir="1" index="2" bw="15" slack="0"/>
</pin_list>
<bind>
<opcode="sub(10) " fcode="sub"/>
<opset="sub_ln42_9/2 "/>
</bind>
</comp>

<comp id="2426" class="1004" name="sub_ln42_10_fu_2426">
<pin_list>
<pin id="2427" dir="0" index="0" bw="13" slack="0"/>
<pin id="2428" dir="0" index="1" bw="15" slack="0"/>
<pin id="2429" dir="1" index="2" bw="15" slack="0"/>
</pin_list>
<bind>
<opcode="sub(10) " fcode="sub"/>
<opset="sub_ln42_10/2 "/>
</bind>
</comp>

<comp id="2432" class="1004" name="sext_ln42_7_fu_2432">
<pin_list>
<pin id="2433" dir="0" index="0" bw="12" slack="0"/>
<pin id="2434" dir="1" index="1" bw="15" slack="0"/>
</pin_list>
<bind>
<opcode="sext(35) " fcode="sext"/>
<opset="sext_ln42_7/2 "/>
</bind>
</comp>

<comp id="2437" class="1004" name="shl_ln42_3_fu_2437">
<pin_list>
<pin id="2438" dir="0" index="0" bw="13" slack="0"/>
<pin id="2439" dir="0" index="1" bw="12" slack="0"/>
<pin id="2440" dir="0" index="2" bw="1" slack="0"/>
<pin id="2441" dir="1" index="3" bw="13" slack="0"/>
</pin_list>
<bind>
<opcode="bitconcatenate(1004) " fcode="bitconcatenate"/>
<opset="shl_ln42_3/2 "/>
</bind>
</comp>

<comp id="2445" class="1004" name="sext_ln42_19_fu_2445">
<pin_list>
<pin id="2446" dir="0" index="0" bw="13" slack="0"/>
<pin id="2447" dir="1" index="1" bw="15" slack="0"/>
</pin_list>
<bind>
<opcode="sext(35) " fcode="sext"/>
<opset="sext_ln42_19/2 "/>
</bind>
</comp>

<comp id="2449" class="1004" name="sext_ln42_49_fu_2449">
<pin_list>
<pin id="2450" dir="0" index="0" bw="13" slack="0"/>
<pin id="2451" dir="1" index="1" bw="14" slack="0"/>
</pin_list>
<bind>
<opcode="sext(35) " fcode="sext"/>
<opset="sext_ln42_49/2 "/>
</bind>
</comp>

<comp id="2453" class="1004" name="shl_ln42_18_fu_2453">
<pin_list>
<pin id="2454" dir="0" index="0" bw="14" slack="0"/>
<pin id="2455" dir="0" index="1" bw="12" slack="0"/>
<pin id="2456" dir="0" index="2" bw="1" slack="0"/>
<pin id="2457" dir="1" index="3" bw="14" slack="0"/>
</pin_list>
<bind>
<opcode="bitconcatenate(1004) " fcode="bitconcatenate"/>
<opset="shl_ln42_18/2 "/>
</bind>
</comp>

<comp id="2461" class="1004" name="sext_ln42_20_fu_2461">
<pin_list>
<pin id="2462" dir="0" index="0" bw="14" slack="0"/>
<pin id="2463" dir="1" index="1" bw="15" slack="0"/>
</pin_list>
<bind>
<opcode="sext(35) " fcode="sext"/>
<opset="sext_ln42_20/2 "/>
</bind>
</comp>

<comp id="2465" class="1004" name="sub_ln42_11_fu_2465">
<pin_list>
<pin id="2466" dir="0" index="0" bw="14" slack="0"/>
<pin id="2467" dir="0" index="1" bw="12" slack="0"/>
<pin id="2468" dir="1" index="2" bw="15" slack="0"/>
</pin_list>
<bind>
<opcode="sub(10) " fcode="sub"/>
<opset="sub_ln42_11/2 "/>
</bind>
</comp>

<comp id="2471" class="1004" name="shl_ln42_19_fu_2471">
<pin_list>
<pin id="2472" dir="0" index="0" bw="15" slack="0"/>
<pin id="2473" dir="0" index="1" bw="12" slack="0"/>
<pin id="2474" dir="0" index="2" bw="1" slack="0"/>
<pin id="2475" dir="1" index="3" bw="15" slack="0"/>
</pin_list>
<bind>
<opcode="bitconcatenate(1004) " fcode="bitconcatenate"/>
<opset="shl_ln42_19/2 "/>
</bind>
</comp>

<comp id="2479" class="1004" name="sext_ln70_3_fu_2479">
<pin_list>
<pin id="2480" dir="0" index="0" bw="12" slack="0"/>
<pin id="2481" dir="1" index="1" bw="15" slack="0"/>
</pin_list>
<bind>
<opcode="sext(35) " fcode="sext"/>
<opset="sext_ln70_3/2 "/>
</bind>
</comp>

<comp id="2483" class="1004" name="sext_ln70_9_fu_2483">
<pin_list>
<pin id="2484" dir="0" index="0" bw="12" slack="0"/>
<pin id="2485" dir="1" index="1" bw="13" slack="0"/>
</pin_list>
<bind>
<opcode="sext(35) " fcode="sext"/>
<opset="sext_ln70_9/2 "/>
</bind>
</comp>

<comp id="2487" class="1004" name="shl_ln42_20_fu_2487">
<pin_list>
<pin id="2488" dir="0" index="0" bw="15" slack="0"/>
<pin id="2489" dir="0" index="1" bw="12" slack="0"/>
<pin id="2490" dir="0" index="2" bw="1" slack="0"/>
<pin id="2491" dir="1" index="3" bw="15" slack="0"/>
</pin_list>
<bind>
<opcode="bitconcatenate(1004) " fcode="bitconcatenate"/>
<opset="shl_ln42_20/2 "/>
</bind>
</comp>

<comp id="2495" class="1004" name="shl_ln42_21_fu_2495">
<pin_list>
<pin id="2496" dir="0" index="0" bw="14" slack="0"/>
<pin id="2497" dir="0" index="1" bw="12" slack="0"/>
<pin id="2498" dir="0" index="2" bw="1" slack="0"/>
<pin id="2499" dir="1" index="3" bw="14" slack="0"/>
</pin_list>
<bind>
<opcode="bitconcatenate(1004) " fcode="bitconcatenate"/>
<opset="shl_ln42_21/2 "/>
</bind>
</comp>

<comp id="2503" class="1004" name="sext_ln42_21_fu_2503">
<pin_list>
<pin id="2504" dir="0" index="0" bw="14" slack="0"/>
<pin id="2505" dir="1" index="1" bw="15" slack="0"/>
</pin_list>
<bind>
<opcode="sext(35) " fcode="sext"/>
<opset="sext_ln42_21/2 "/>
</bind>
</comp>

<comp id="2507" class="1004" name="sub_ln42_12_fu_2507">
<pin_list>
<pin id="2508" dir="0" index="0" bw="1" slack="0"/>
<pin id="2509" dir="0" index="1" bw="14" slack="0"/>
<pin id="2510" dir="1" index="2" bw="15" slack="0"/>
</pin_list>
<bind>
<opcode="sub(10) " fcode="sub"/>
<opset="sub_ln42_12/2 "/>
</bind>
</comp>

<comp id="2513" class="1004" name="sub_ln42_13_fu_2513">
<pin_list>
<pin id="2514" dir="0" index="0" bw="15" slack="0"/>
<pin id="2515" dir="0" index="1" bw="12" slack="0"/>
<pin id="2516" dir="1" index="2" bw="15" slack="0"/>
</pin_list>
<bind>
<opcode="sub(10) " fcode="sub"/>
<opset="sub_ln42_13/2 "/>
</bind>
</comp>

<comp id="2519" class="1004" name="sub_ln42_14_fu_2519">
<pin_list>
<pin id="2520" dir="0" index="0" bw="1" slack="0"/>
<pin id="2521" dir="0" index="1" bw="15" slack="0"/>
<pin id="2522" dir="1" index="2" bw="15" slack="0"/>
</pin_list>
<bind>
<opcode="sub(10) " fcode="sub"/>
<opset="sub_ln42_14/2 "/>
</bind>
</comp>

<comp id="2525" class="1004" name="sub_ln42_15_fu_2525">
<pin_list>
<pin id="2526" dir="0" index="0" bw="15" slack="0"/>
<pin id="2527" dir="0" index="1" bw="12" slack="0"/>
<pin id="2528" dir="1" index="2" bw="15" slack="0"/>
</pin_list>
<bind>
<opcode="sub(10) " fcode="sub"/>
<opset="sub_ln42_15/2 "/>
</bind>
</comp>

<comp id="2531" class="1004" name="shl_ln42_22_fu_2531">
<pin_list>
<pin id="2532" dir="0" index="0" bw="13" slack="0"/>
<pin id="2533" dir="0" index="1" bw="12" slack="0"/>
<pin id="2534" dir="0" index="2" bw="1" slack="0"/>
<pin id="2535" dir="1" index="3" bw="13" slack="0"/>
</pin_list>
<bind>
<opcode="bitconcatenate(1004) " fcode="bitconcatenate"/>
<opset="shl_ln42_22/2 "/>
</bind>
</comp>

<comp id="2539" class="1004" name="sext_ln42_22_fu_2539">
<pin_list>
<pin id="2540" dir="0" index="0" bw="13" slack="0"/>
<pin id="2541" dir="1" index="1" bw="15" slack="0"/>
</pin_list>
<bind>
<opcode="sext(35) " fcode="sext"/>
<opset="sext_ln42_22/2 "/>
</bind>
</comp>

<comp id="2543" class="1004" name="sub_ln42_16_fu_2543">
<pin_list>
<pin id="2544" dir="0" index="0" bw="15" slack="0"/>
<pin id="2545" dir="0" index="1" bw="13" slack="0"/>
<pin id="2546" dir="1" index="2" bw="15" slack="0"/>
</pin_list>
<bind>
<opcode="sub(10) " fcode="sub"/>
<opset="sub_ln42_16/2 "/>
</bind>
</comp>

<comp id="2549" class="1004" name="sext_ln42_23_fu_2549">
<pin_list>
<pin id="2550" dir="0" index="0" bw="12" slack="0"/>
<pin id="2551" dir="1" index="1" bw="13" slack="0"/>
</pin_list>
<bind>
<opcode="sext(35) " fcode="sext"/>
<opset="sext_ln42_23/2 "/>
</bind>
</comp>

<comp id="2553" class="1004" name="sext_ln42_24_fu_2553">
<pin_list>
<pin id="2554" dir="0" index="0" bw="12" slack="0"/>
<pin id="2555" dir="1" index="1" bw="15" slack="0"/>
</pin_list>
<bind>
<opcode="sext(35) " fcode="sext"/>
<opset="sext_ln42_24/2 "/>
</bind>
</comp>

<comp id="2557" class="1004" name="shl_ln42_23_fu_2557">
<pin_list>
<pin id="2558" dir="0" index="0" bw="14" slack="0"/>
<pin id="2559" dir="0" index="1" bw="12" slack="0"/>
<pin id="2560" dir="0" index="2" bw="1" slack="0"/>
<pin id="2561" dir="1" index="3" bw="14" slack="0"/>
</pin_list>
<bind>
<opcode="bitconcatenate(1004) " fcode="bitconcatenate"/>
<opset="shl_ln42_23/2 "/>
</bind>
</comp>

<comp id="2565" class="1004" name="sext_ln42_25_fu_2565">
<pin_list>
<pin id="2566" dir="0" index="0" bw="14" slack="0"/>
<pin id="2567" dir="1" index="1" bw="15" slack="0"/>
</pin_list>
<bind>
<opcode="sext(35) " fcode="sext"/>
<opset="sext_ln42_25/2 "/>
</bind>
</comp>

<comp id="2569" class="1004" name="shl_ln42_24_fu_2569">
<pin_list>
<pin id="2570" dir="0" index="0" bw="15" slack="0"/>
<pin id="2571" dir="0" index="1" bw="12" slack="0"/>
<pin id="2572" dir="0" index="2" bw="1" slack="0"/>
<pin id="2573" dir="1" index="3" bw="15" slack="0"/>
</pin_list>
<bind>
<opcode="bitconcatenate(1004) " fcode="bitconcatenate"/>
<opset="shl_ln42_24/2 "/>
</bind>
</comp>

<comp id="2577" class="1004" name="sub_ln42_17_fu_2577">
<pin_list>
<pin id="2578" dir="0" index="0" bw="14" slack="0"/>
<pin id="2579" dir="0" index="1" bw="12" slack="0"/>
<pin id="2580" dir="1" index="2" bw="15" slack="0"/>
</pin_list>
<bind>
<opcode="sub(10) " fcode="sub"/>
<opset="sub_ln42_17/2 "/>
</bind>
</comp>

<comp id="2583" class="1004" name="add_ln58_21_fu_2583">
<pin_list>
<pin id="2584" dir="0" index="0" bw="13" slack="0"/>
<pin id="2585" dir="0" index="1" bw="11" slack="0"/>
<pin id="2586" dir="1" index="2" bw="14" slack="0"/>
</pin_list>
<bind>
<opcode="add(8) " fcode="add"/>
<opset="add_ln58_21/2 "/>
</bind>
</comp>

<comp id="2589" class="1004" name="sext_ln58_4_fu_2589">
<pin_list>
<pin id="2590" dir="0" index="0" bw="14" slack="0"/>
<pin id="2591" dir="1" index="1" bw="15" slack="0"/>
</pin_list>
<bind>
<opcode="sext(35) " fcode="sext"/>
<opset="sext_ln58_4/2 "/>
</bind>
</comp>

<comp id="2593" class="1004" name="add_ln58_22_fu_2593">
<pin_list>
<pin id="2594" dir="0" index="0" bw="13" slack="0"/>
<pin id="2595" dir="0" index="1" bw="10" slack="0"/>
<pin id="2596" dir="1" index="2" bw="14" slack="0"/>
</pin_list>
<bind>
<opcode="add(8) " fcode="add"/>
<opset="add_ln58_22/2 "/>
</bind>
</comp>

<comp id="2599" class="1004" name="sext_ln58_5_fu_2599">
<pin_list>
<pin id="2600" dir="0" index="0" bw="14" slack="0"/>
<pin id="2601" dir="1" index="1" bw="15" slack="0"/>
</pin_list>
<bind>
<opcode="sext(35) " fcode="sext"/>
<opset="sext_ln58_5/2 "/>
</bind>
</comp>

<comp id="2603" class="1004" name="add_ln58_24_fu_2603">
<pin_list>
<pin id="2604" dir="0" index="0" bw="13" slack="0"/>
<pin id="2605" dir="0" index="1" bw="11" slack="0"/>
<pin id="2606" dir="1" index="2" bw="14" slack="0"/>
</pin_list>
<bind>
<opcode="add(8) " fcode="add"/>
<opset="add_ln58_24/2 "/>
</bind>
</comp>

<comp id="2609" class="1004" name="sext_ln58_6_fu_2609">
<pin_list>
<pin id="2610" dir="0" index="0" bw="14" slack="0"/>
<pin id="2611" dir="1" index="1" bw="15" slack="0"/>
</pin_list>
<bind>
<opcode="sext(35) " fcode="sext"/>
<opset="sext_ln58_6/2 "/>
</bind>
</comp>

<comp id="2613" class="1004" name="sub_ln58_5_fu_2613">
<pin_list>
<pin id="2614" dir="0" index="0" bw="14" slack="0"/>
<pin id="2615" dir="0" index="1" bw="13" slack="0"/>
<pin id="2616" dir="1" index="2" bw="15" slack="0"/>
</pin_list>
<bind>
<opcode="sub(10) " fcode="sub"/>
<opset="sub_ln58_5/2 "/>
</bind>
</comp>

<comp id="2619" class="1004" name="tmp215116_fu_2619">
<pin_list>
<pin id="2620" dir="0" index="0" bw="12" slack="0"/>
<pin id="2621" dir="0" index="1" bw="12" slack="0"/>
<pin id="2622" dir="1" index="2" bw="13" slack="0"/>
</pin_list>
<bind>
<opcode="add(8) " fcode="add"/>
<opset="tmp215116/2 "/>
</bind>
</comp>

<comp id="2625" class="1004" name="p_shl8_fu_2625">
<pin_list>
<pin id="2626" dir="0" index="0" bw="15" slack="0"/>
<pin id="2627" dir="0" index="1" bw="13" slack="0"/>
<pin id="2628" dir="0" index="2" bw="1" slack="0"/>
<pin id="2629" dir="1" index="3" bw="15" slack="0"/>
</pin_list>
<bind>
<opcode="bitconcatenate(1004) " fcode="bitconcatenate"/>
<opset="p_shl8/2 "/>
</bind>
</comp>

<comp id="2633" class="1004" name="add_ln58_26_fu_2633">
<pin_list>
<pin id="2634" dir="0" index="0" bw="12" slack="0"/>
<pin id="2635" dir="0" index="1" bw="10" slack="0"/>
<pin id="2636" dir="1" index="2" bw="13" slack="0"/>
</pin_list>
<bind>
<opcode="add(8) " fcode="add"/>
<opset="add_ln58_26/2 "/>
</bind>
</comp>

<comp id="2639" class="1004" name="sext_ln58_7_fu_2639">
<pin_list>
<pin id="2640" dir="0" index="0" bw="13" slack="0"/>
<pin id="2641" dir="1" index="1" bw="15" slack="0"/>
</pin_list>
<bind>
<opcode="sext(35) " fcode="sext"/>
<opset="sext_ln58_7/2 "/>
</bind>
</comp>

<comp id="2643" class="1004" name="add_ln58_27_fu_2643">
<pin_list>
<pin id="2644" dir="0" index="0" bw="15" slack="0"/>
<pin id="2645" dir="0" index="1" bw="13" slack="0"/>
<pin id="2646" dir="1" index="2" bw="15" slack="0"/>
</pin_list>
<bind>
<opcode="add(8) " fcode="add"/>
<opset="add_ln58_27/2 "/>
</bind>
</comp>

<comp id="2649" class="1004" name="x_9_fu_2649">
<pin_list>
<pin id="2650" dir="0" index="0" bw="15" slack="0"/>
<pin id="2651" dir="0" index="1" bw="15" slack="0"/>
<pin id="2652" dir="1" index="2" bw="15" slack="0"/>
</pin_list>
<bind>
<opcode="sub(10) " fcode="sub"/>
<opset="x_9/2 "/>
</bind>
</comp>

<comp id="2655" class="1004" name="add_ln58_28_fu_2655">
<pin_list>
<pin id="2656" dir="0" index="0" bw="14" slack="0"/>
<pin id="2657" dir="0" index="1" bw="13" slack="0"/>
<pin id="2658" dir="1" index="2" bw="15" slack="0"/>
</pin_list>
<bind>
<opcode="add(8) " fcode="add"/>
<opset="add_ln58_28/2 "/>
</bind>
</comp>

<comp id="2661" class="1004" name="add_ln58_29_fu_2661">
<pin_list>
<pin id="2662" dir="0" index="0" bw="15" slack="0"/>
<pin id="2663" dir="0" index="1" bw="15" slack="0"/>
<pin id="2664" dir="1" index="2" bw="15" slack="0"/>
</pin_list>
<bind>
<opcode="add(8) " fcode="add"/>
<opset="add_ln58_29/2 "/>
</bind>
</comp>

<comp id="2667" class="1004" name="add_ln58_30_fu_2667">
<pin_list>
<pin id="2668" dir="0" index="0" bw="15" slack="0"/>
<pin id="2669" dir="0" index="1" bw="15" slack="0"/>
<pin id="2670" dir="1" index="2" bw="15" slack="1"/>
</pin_list>
<bind>
<opcode="add(8) " fcode="add"/>
<opset="add_ln58_30/2 "/>
</bind>
</comp>

<comp id="2673" class="1004" name="add_ln58_32_fu_2673">
<pin_list>
<pin id="2674" dir="0" index="0" bw="14" slack="0"/>
<pin id="2675" dir="0" index="1" bw="14" slack="0"/>
<pin id="2676" dir="1" index="2" bw="15" slack="0"/>
</pin_list>
<bind>
<opcode="add(8) " fcode="add"/>
<opset="add_ln58_32/2 "/>
</bind>
</comp>

<comp id="2679" class="1004" name="add_ln58_33_fu_2679">
<pin_list>
<pin id="2680" dir="0" index="0" bw="12" slack="0"/>
<pin id="2681" dir="0" index="1" bw="12" slack="0"/>
<pin id="2682" dir="1" index="2" bw="13" slack="0"/>
</pin_list>
<bind>
<opcode="add(8) " fcode="add"/>
<opset="add_ln58_33/2 "/>
</bind>
</comp>

<comp id="2685" class="1004" name="sext_ln58_18_fu_2685">
<pin_list>
<pin id="2686" dir="0" index="0" bw="13" slack="0"/>
<pin id="2687" dir="1" index="1" bw="15" slack="0"/>
</pin_list>
<bind>
<opcode="sext(35) " fcode="sext"/>
<opset="sext_ln58_18/2 "/>
</bind>
</comp>

<comp id="2689" class="1004" name="add_ln58_34_fu_2689">
<pin_list>
<pin id="2690" dir="0" index="0" bw="13" slack="0"/>
<pin id="2691" dir="0" index="1" bw="15" slack="0"/>
<pin id="2692" dir="1" index="2" bw="15" slack="1"/>
</pin_list>
<bind>
<opcode="add(8) " fcode="add"/>
<opset="add_ln58_34/2 "/>
</bind>
</comp>

<comp id="2695" class="1004" name="tmp21859_fu_2695">
<pin_list>
<pin id="2696" dir="0" index="0" bw="12" slack="0"/>
<pin id="2697" dir="0" index="1" bw="12" slack="0"/>
<pin id="2698" dir="1" index="2" bw="13" slack="0"/>
</pin_list>
<bind>
<opcode="sub(10) " fcode="sub"/>
<opset="tmp21859/2 "/>
</bind>
</comp>

<comp id="2701" class="1004" name="tmp2_fu_2701">
<pin_list>
<pin id="2702" dir="0" index="0" bw="15" slack="0"/>
<pin id="2703" dir="0" index="1" bw="13" slack="0"/>
<pin id="2704" dir="0" index="2" bw="1" slack="0"/>
<pin id="2705" dir="1" index="3" bw="15" slack="0"/>
</pin_list>
<bind>
<opcode="bitconcatenate(1004) " fcode="bitconcatenate"/>
<opset="tmp2/2 "/>
</bind>
</comp>

<comp id="2709" class="1004" name="add_ln58_36_fu_2709">
<pin_list>
<pin id="2710" dir="0" index="0" bw="15" slack="0"/>
<pin id="2711" dir="0" index="1" bw="15" slack="0"/>
<pin id="2712" dir="1" index="2" bw="15" slack="0"/>
</pin_list>
<bind>
<opcode="add(8) " fcode="add"/>
<opset="add_ln58_36/2 "/>
</bind>
</comp>

<comp id="2715" class="1004" name="add_ln58_39_fu_2715">
<pin_list>
<pin id="2716" dir="0" index="0" bw="13" slack="0"/>
<pin id="2717" dir="0" index="1" bw="11" slack="0"/>
<pin id="2718" dir="1" index="2" bw="14" slack="0"/>
</pin_list>
<bind>
<opcode="add(8) " fcode="add"/>
<opset="add_ln58_39/2 "/>
</bind>
</comp>

<comp id="2721" class="1004" name="sext_ln58_19_fu_2721">
<pin_list>
<pin id="2722" dir="0" index="0" bw="14" slack="0"/>
<pin id="2723" dir="1" index="1" bw="15" slack="0"/>
</pin_list>
<bind>
<opcode="sext(35) " fcode="sext"/>
<opset="sext_ln58_19/2 "/>
</bind>
</comp>

<comp id="2725" class="1004" name="x_8_fu_2725">
<pin_list>
<pin id="2726" dir="0" index="0" bw="14" slack="0"/>
<pin id="2727" dir="0" index="1" bw="15" slack="0"/>
<pin id="2728" dir="1" index="2" bw="15" slack="0"/>
</pin_list>
<bind>
<opcode="add(8) " fcode="add"/>
<opset="x_8/2 "/>
</bind>
</comp>

<comp id="2731" class="1004" name="tmp221_fu_2731">
<pin_list>
<pin id="2732" dir="0" index="0" bw="12" slack="0"/>
<pin id="2733" dir="0" index="1" bw="12" slack="0"/>
<pin id="2734" dir="1" index="2" bw="13" slack="0"/>
</pin_list>
<bind>
<opcode="add(8) " fcode="add"/>
<opset="tmp221/2 "/>
</bind>
</comp>

<comp id="2737" class="1004" name="tmp221_cast_fu_2737">
<pin_list>
<pin id="2738" dir="0" index="0" bw="13" slack="0"/>
<pin id="2739" dir="1" index="1" bw="15" slack="0"/>
</pin_list>
<bind>
<opcode="sext(35) " fcode="sext"/>
<opset="tmp221_cast/2 "/>
</bind>
</comp>

<comp id="2741" class="1004" name="empty_36_fu_2741">
<pin_list>
<pin id="2742" dir="0" index="0" bw="13" slack="0"/>
<pin id="2743" dir="1" index="1" bw="12" slack="0"/>
</pin_list>
<bind>
<opcode="trunc(33) " fcode="trunc"/>
<opset="empty_36/2 "/>
</bind>
</comp>

<comp id="2745" class="1004" name="p_shl9_fu_2745">
<pin_list>
<pin id="2746" dir="0" index="0" bw="15" slack="0"/>
<pin id="2747" dir="0" index="1" bw="12" slack="0"/>
<pin id="2748" dir="0" index="2" bw="1" slack="0"/>
<pin id="2749" dir="1" index="3" bw="15" slack="0"/>
</pin_list>
<bind>
<opcode="bitconcatenate(1004) " fcode="bitconcatenate"/>
<opset="p_shl9/2 "/>
</bind>
</comp>

<comp id="2753" class="1004" name="tmp222_fu_2753">
<pin_list>
<pin id="2754" dir="0" index="0" bw="15" slack="0"/>
<pin id="2755" dir="0" index="1" bw="13" slack="0"/>
<pin id="2756" dir="1" index="2" bw="15" slack="0"/>
</pin_list>
<bind>
<opcode="sub(10) " fcode="sub"/>
<opset="tmp222/2 "/>
</bind>
</comp>

<comp id="2759" class="1004" name="add_ln58_41_fu_2759">
<pin_list>
<pin id="2760" dir="0" index="0" bw="15" slack="0"/>
<pin id="2761" dir="0" index="1" bw="11" slack="0"/>
<pin id="2762" dir="1" index="2" bw="15" slack="0"/>
</pin_list>
<bind>
<opcode="add(8) " fcode="add"/>
<opset="add_ln58_41/2 "/>
</bind>
</comp>

<comp id="2765" class="1004" name="add_ln58_37_fu_2765">
<pin_list>
<pin id="2766" dir="0" index="0" bw="15" slack="0"/>
<pin id="2767" dir="0" index="1" bw="15" slack="0"/>
<pin id="2768" dir="1" index="2" bw="15" slack="0"/>
</pin_list>
<bind>
<opcode="add(8) " fcode="add"/>
<opset="add_ln58_37/2 "/>
</bind>
</comp>

<comp id="2771" class="1004" name="x_10_fu_2771">
<pin_list>
<pin id="2772" dir="0" index="0" bw="15" slack="0"/>
<pin id="2773" dir="0" index="1" bw="12" slack="0"/>
<pin id="2774" dir="1" index="2" bw="15" slack="0"/>
</pin_list>
<bind>
<opcode="sub(10) " fcode="sub"/>
<opset="x_10/2 "/>
</bind>
</comp>

<comp id="2777" class="1004" name="x_11_fu_2777">
<pin_list>
<pin id="2778" dir="0" index="0" bw="15" slack="0"/>
<pin id="2779" dir="0" index="1" bw="15" slack="0"/>
<pin id="2780" dir="1" index="2" bw="15" slack="0"/>
</pin_list>
<bind>
<opcode="sub(10) " fcode="sub"/>
<opset="x_11/2 "/>
</bind>
</comp>

<comp id="2783" class="1004" name="tmp223_fu_2783">
<pin_list>
<pin id="2784" dir="0" index="0" bw="12" slack="0"/>
<pin id="2785" dir="0" index="1" bw="12" slack="0"/>
<pin id="2786" dir="1" index="2" bw="13" slack="0"/>
</pin_list>
<bind>
<opcode="add(8) " fcode="add"/>
<opset="tmp223/2 "/>
</bind>
</comp>

<comp id="2789" class="1004" name="tmp223_cast_fu_2789">
<pin_list>
<pin id="2790" dir="0" index="0" bw="13" slack="0"/>
<pin id="2791" dir="1" index="1" bw="15" slack="0"/>
</pin_list>
<bind>
<opcode="sext(35) " fcode="sext"/>
<opset="tmp223_cast/2 "/>
</bind>
</comp>

<comp id="2793" class="1004" name="p_shl5_fu_2793">
<pin_list>
<pin id="2794" dir="0" index="0" bw="15" slack="0"/>
<pin id="2795" dir="0" index="1" bw="13" slack="0"/>
<pin id="2796" dir="0" index="2" bw="1" slack="0"/>
<pin id="2797" dir="1" index="3" bw="15" slack="0"/>
</pin_list>
<bind>
<opcode="bitconcatenate(1004) " fcode="bitconcatenate"/>
<opset="p_shl5/2 "/>
</bind>
</comp>

<comp id="2801" class="1004" name="tmp224_fu_2801">
<pin_list>
<pin id="2802" dir="0" index="0" bw="13" slack="0"/>
<pin id="2803" dir="0" index="1" bw="15" slack="0"/>
<pin id="2804" dir="1" index="2" bw="15" slack="0"/>
</pin_list>
<bind>
<opcode="sub(10) " fcode="sub"/>
<opset="tmp224/2 "/>
</bind>
</comp>

<comp id="2807" class="1004" name="add_ln58_38_fu_2807">
<pin_list>
<pin id="2808" dir="0" index="0" bw="15" slack="0"/>
<pin id="2809" dir="0" index="1" bw="10" slack="0"/>
<pin id="2810" dir="1" index="2" bw="15" slack="0"/>
</pin_list>
<bind>
<opcode="add(8) " fcode="add"/>
<opset="add_ln58_38/2 "/>
</bind>
</comp>

<comp id="2813" class="1004" name="sub_ln58_9_fu_2813">
<pin_list>
<pin id="2814" dir="0" index="0" bw="15" slack="0"/>
<pin id="2815" dir="0" index="1" bw="15" slack="0"/>
<pin id="2816" dir="1" index="2" bw="15" slack="0"/>
</pin_list>
<bind>
<opcode="sub(10) " fcode="sub"/>
<opset="sub_ln58_9/2 "/>
</bind>
</comp>

<comp id="2819" class="1004" name="add_ln58_44_fu_2819">
<pin_list>
<pin id="2820" dir="0" index="0" bw="15" slack="0"/>
<pin id="2821" dir="0" index="1" bw="15" slack="0"/>
<pin id="2822" dir="1" index="2" bw="15" slack="0"/>
</pin_list>
<bind>
<opcode="add(8) " fcode="add"/>
<opset="add_ln58_44/2 "/>
</bind>
</comp>

<comp id="2825" class="1004" name="x_12_fu_2825">
<pin_list>
<pin id="2826" dir="0" index="0" bw="15" slack="0"/>
<pin id="2827" dir="0" index="1" bw="15" slack="0"/>
<pin id="2828" dir="1" index="2" bw="15" slack="0"/>
</pin_list>
<bind>
<opcode="add(8) " fcode="add"/>
<opset="x_12/2 "/>
</bind>
</comp>

<comp id="2831" class="1004" name="add_ln58_47_fu_2831">
<pin_list>
<pin id="2832" dir="0" index="0" bw="15" slack="0"/>
<pin id="2833" dir="0" index="1" bw="15" slack="0"/>
<pin id="2834" dir="1" index="2" bw="15" slack="0"/>
</pin_list>
<bind>
<opcode="add(8) " fcode="add"/>
<opset="add_ln58_47/2 "/>
</bind>
</comp>

<comp id="2837" class="1004" name="x_13_fu_2837">
<pin_list>
<pin id="2838" dir="0" index="0" bw="15" slack="0"/>
<pin id="2839" dir="0" index="1" bw="15" slack="0"/>
<pin id="2840" dir="1" index="2" bw="15" slack="0"/>
</pin_list>
<bind>
<opcode="add(8) " fcode="add"/>
<opset="x_13/2 "/>
</bind>
</comp>

<comp id="2843" class="1004" name="sext_ln42_26_fu_2843">
<pin_list>
<pin id="2844" dir="0" index="0" bw="12" slack="0"/>
<pin id="2845" dir="1" index="1" bw="13" slack="0"/>
</pin_list>
<bind>
<opcode="sext(35) " fcode="sext"/>
<opset="sext_ln42_26/2 "/>
</bind>
</comp>

<comp id="2847" class="1004" name="shl_ln42_4_fu_2847">
<pin_list>
<pin id="2848" dir="0" index="0" bw="13" slack="0"/>
<pin id="2849" dir="0" index="1" bw="12" slack="0"/>
<pin id="2850" dir="0" index="2" bw="1" slack="0"/>
<pin id="2851" dir="1" index="3" bw="13" slack="0"/>
</pin_list>
<bind>
<opcode="bitconcatenate(1004) " fcode="bitconcatenate"/>
<opset="shl_ln42_4/2 "/>
</bind>
</comp>

<comp id="2855" class="1004" name="sext_ln70_4_fu_2855">
<pin_list>
<pin id="2856" dir="0" index="0" bw="13" slack="0"/>
<pin id="2857" dir="1" index="1" bw="14" slack="0"/>
</pin_list>
<bind>
<opcode="sext(35) " fcode="sext"/>
<opset="sext_ln70_4/2 "/>
</bind>
</comp>

<comp id="2859" class="1004" name="sext_ln42_27_fu_2859">
<pin_list>
<pin id="2860" dir="0" index="0" bw="12" slack="0"/>
<pin id="2861" dir="1" index="1" bw="13" slack="0"/>
</pin_list>
<bind>
<opcode="sext(35) " fcode="sext"/>
<opset="sext_ln42_27/2 "/>
</bind>
</comp>

<comp id="2863" class="1004" name="shl_ln42_25_fu_2863">
<pin_list>
<pin id="2864" dir="0" index="0" bw="15" slack="0"/>
<pin id="2865" dir="0" index="1" bw="12" slack="0"/>
<pin id="2866" dir="0" index="2" bw="1" slack="0"/>
<pin id="2867" dir="1" index="3" bw="15" slack="0"/>
</pin_list>
<bind>
<opcode="bitconcatenate(1004) " fcode="bitconcatenate"/>
<opset="shl_ln42_25/2 "/>
</bind>
</comp>

<comp id="2871" class="1004" name="shl_ln42_26_fu_2871">
<pin_list>
<pin id="2872" dir="0" index="0" bw="13" slack="0"/>
<pin id="2873" dir="0" index="1" bw="12" slack="0"/>
<pin id="2874" dir="0" index="2" bw="1" slack="0"/>
<pin id="2875" dir="1" index="3" bw="13" slack="0"/>
</pin_list>
<bind>
<opcode="bitconcatenate(1004) " fcode="bitconcatenate"/>
<opset="shl_ln42_26/2 "/>
</bind>
</comp>

<comp id="2879" class="1004" name="sext_ln42_28_fu_2879">
<pin_list>
<pin id="2880" dir="0" index="0" bw="13" slack="0"/>
<pin id="2881" dir="1" index="1" bw="15" slack="0"/>
</pin_list>
<bind>
<opcode="sext(35) " fcode="sext"/>
<opset="sext_ln42_28/2 "/>
</bind>
</comp>

<comp id="2883" class="1004" name="sext_ln42_29_fu_2883">
<pin_list>
<pin id="2884" dir="0" index="0" bw="13" slack="0"/>
<pin id="2885" dir="1" index="1" bw="14" slack="0"/>
</pin_list>
<bind>
<opcode="sext(35) " fcode="sext"/>
<opset="sext_ln42_29/2 "/>
</bind>
</comp>

<comp id="2887" class="1004" name="sub_ln42_18_fu_2887">
<pin_list>
<pin id="2888" dir="0" index="0" bw="15" slack="0"/>
<pin id="2889" dir="0" index="1" bw="13" slack="0"/>
<pin id="2890" dir="1" index="2" bw="15" slack="0"/>
</pin_list>
<bind>
<opcode="sub(10) " fcode="sub"/>
<opset="sub_ln42_18/2 "/>
</bind>
</comp>

<comp id="2893" class="1004" name="sub_ln42_19_fu_2893">
<pin_list>
<pin id="2894" dir="0" index="0" bw="13" slack="0"/>
<pin id="2895" dir="0" index="1" bw="15" slack="0"/>
<pin id="2896" dir="1" index="2" bw="15" slack="0"/>
</pin_list>
<bind>
<opcode="sub(10) " fcode="sub"/>
<opset="sub_ln42_19/2 "/>
</bind>
</comp>

<comp id="2899" class="1004" name="sext_ln42_12_fu_2899">
<pin_list>
<pin id="2900" dir="0" index="0" bw="12" slack="0"/>
<pin id="2901" dir="1" index="1" bw="15" slack="0"/>
</pin_list>
<bind>
<opcode="sext(35) " fcode="sext"/>
<opset="sext_ln42_12/2 "/>
</bind>
</comp>

<comp id="2904" class="1004" name="shl_ln42_5_fu_2904">
<pin_list>
<pin id="2905" dir="0" index="0" bw="13" slack="0"/>
<pin id="2906" dir="0" index="1" bw="12" slack="0"/>
<pin id="2907" dir="0" index="2" bw="1" slack="0"/>
<pin id="2908" dir="1" index="3" bw="13" slack="0"/>
</pin_list>
<bind>
<opcode="bitconcatenate(1004) " fcode="bitconcatenate"/>
<opset="shl_ln42_5/2 "/>
</bind>
</comp>

<comp id="2912" class="1004" name="sext_ln42_30_fu_2912">
<pin_list>
<pin id="2913" dir="0" index="0" bw="13" slack="0"/>
<pin id="2914" dir="1" index="1" bw="15" slack="0"/>
</pin_list>
<bind>
<opcode="sext(35) " fcode="sext"/>
<opset="sext_ln42_30/2 "/>
</bind>
</comp>

<comp id="2916" class="1004" name="sext_ln42_50_fu_2916">
<pin_list>
<pin id="2917" dir="0" index="0" bw="13" slack="0"/>
<pin id="2918" dir="1" index="1" bw="14" slack="0"/>
</pin_list>
<bind>
<opcode="sext(35) " fcode="sext"/>
<opset="sext_ln42_50/2 "/>
</bind>
</comp>

<comp id="2920" class="1004" name="shl_ln42_27_fu_2920">
<pin_list>
<pin id="2921" dir="0" index="0" bw="14" slack="0"/>
<pin id="2922" dir="0" index="1" bw="12" slack="0"/>
<pin id="2923" dir="0" index="2" bw="1" slack="0"/>
<pin id="2924" dir="1" index="3" bw="14" slack="0"/>
</pin_list>
<bind>
<opcode="bitconcatenate(1004) " fcode="bitconcatenate"/>
<opset="shl_ln42_27/2 "/>
</bind>
</comp>

<comp id="2928" class="1004" name="sext_ln42_31_fu_2928">
<pin_list>
<pin id="2929" dir="0" index="0" bw="14" slack="0"/>
<pin id="2930" dir="1" index="1" bw="15" slack="0"/>
</pin_list>
<bind>
<opcode="sext(35) " fcode="sext"/>
<opset="sext_ln42_31/2 "/>
</bind>
</comp>

<comp id="2932" class="1004" name="sub_ln42_20_fu_2932">
<pin_list>
<pin id="2933" dir="0" index="0" bw="14" slack="0"/>
<pin id="2934" dir="0" index="1" bw="12" slack="0"/>
<pin id="2935" dir="1" index="2" bw="15" slack="0"/>
</pin_list>
<bind>
<opcode="sub(10) " fcode="sub"/>
<opset="sub_ln42_20/2 "/>
</bind>
</comp>

<comp id="2938" class="1004" name="shl_ln42_28_fu_2938">
<pin_list>
<pin id="2939" dir="0" index="0" bw="15" slack="0"/>
<pin id="2940" dir="0" index="1" bw="12" slack="0"/>
<pin id="2941" dir="0" index="2" bw="1" slack="0"/>
<pin id="2942" dir="1" index="3" bw="15" slack="0"/>
</pin_list>
<bind>
<opcode="bitconcatenate(1004) " fcode="bitconcatenate"/>
<opset="shl_ln42_28/2 "/>
</bind>
</comp>

<comp id="2946" class="1004" name="sext_ln70_5_fu_2946">
<pin_list>
<pin id="2947" dir="0" index="0" bw="12" slack="0"/>
<pin id="2948" dir="1" index="1" bw="15" slack="0"/>
</pin_list>
<bind>
<opcode="sext(35) " fcode="sext"/>
<opset="sext_ln70_5/2 "/>
</bind>
</comp>

<comp id="2950" class="1004" name="sext_ln70_10_fu_2950">
<pin_list>
<pin id="2951" dir="0" index="0" bw="12" slack="0"/>
<pin id="2952" dir="1" index="1" bw="13" slack="0"/>
</pin_list>
<bind>
<opcode="sext(35) " fcode="sext"/>
<opset="sext_ln70_10/2 "/>
</bind>
</comp>

<comp id="2954" class="1004" name="shl_ln42_29_fu_2954">
<pin_list>
<pin id="2955" dir="0" index="0" bw="15" slack="0"/>
<pin id="2956" dir="0" index="1" bw="12" slack="0"/>
<pin id="2957" dir="0" index="2" bw="1" slack="0"/>
<pin id="2958" dir="1" index="3" bw="15" slack="0"/>
</pin_list>
<bind>
<opcode="bitconcatenate(1004) " fcode="bitconcatenate"/>
<opset="shl_ln42_29/2 "/>
</bind>
</comp>

<comp id="2962" class="1004" name="shl_ln42_30_fu_2962">
<pin_list>
<pin id="2963" dir="0" index="0" bw="14" slack="0"/>
<pin id="2964" dir="0" index="1" bw="12" slack="0"/>
<pin id="2965" dir="0" index="2" bw="1" slack="0"/>
<pin id="2966" dir="1" index="3" bw="14" slack="0"/>
</pin_list>
<bind>
<opcode="bitconcatenate(1004) " fcode="bitconcatenate"/>
<opset="shl_ln42_30/2 "/>
</bind>
</comp>

<comp id="2970" class="1004" name="sext_ln42_32_fu_2970">
<pin_list>
<pin id="2971" dir="0" index="0" bw="14" slack="0"/>
<pin id="2972" dir="1" index="1" bw="15" slack="0"/>
</pin_list>
<bind>
<opcode="sext(35) " fcode="sext"/>
<opset="sext_ln42_32/2 "/>
</bind>
</comp>

<comp id="2974" class="1004" name="sub_ln42_21_fu_2974">
<pin_list>
<pin id="2975" dir="0" index="0" bw="1" slack="0"/>
<pin id="2976" dir="0" index="1" bw="14" slack="0"/>
<pin id="2977" dir="1" index="2" bw="15" slack="0"/>
</pin_list>
<bind>
<opcode="sub(10) " fcode="sub"/>
<opset="sub_ln42_21/2 "/>
</bind>
</comp>

<comp id="2980" class="1004" name="sub_ln42_22_fu_2980">
<pin_list>
<pin id="2981" dir="0" index="0" bw="15" slack="0"/>
<pin id="2982" dir="0" index="1" bw="12" slack="0"/>
<pin id="2983" dir="1" index="2" bw="15" slack="0"/>
</pin_list>
<bind>
<opcode="sub(10) " fcode="sub"/>
<opset="sub_ln42_22/2 "/>
</bind>
</comp>

<comp id="2986" class="1004" name="sub_ln42_23_fu_2986">
<pin_list>
<pin id="2987" dir="0" index="0" bw="1" slack="0"/>
<pin id="2988" dir="0" index="1" bw="15" slack="0"/>
<pin id="2989" dir="1" index="2" bw="15" slack="0"/>
</pin_list>
<bind>
<opcode="sub(10) " fcode="sub"/>
<opset="sub_ln42_23/2 "/>
</bind>
</comp>

<comp id="2992" class="1004" name="sub_ln42_24_fu_2992">
<pin_list>
<pin id="2993" dir="0" index="0" bw="15" slack="0"/>
<pin id="2994" dir="0" index="1" bw="12" slack="0"/>
<pin id="2995" dir="1" index="2" bw="15" slack="0"/>
</pin_list>
<bind>
<opcode="sub(10) " fcode="sub"/>
<opset="sub_ln42_24/2 "/>
</bind>
</comp>

<comp id="2998" class="1004" name="shl_ln42_31_fu_2998">
<pin_list>
<pin id="2999" dir="0" index="0" bw="13" slack="0"/>
<pin id="3000" dir="0" index="1" bw="12" slack="0"/>
<pin id="3001" dir="0" index="2" bw="1" slack="0"/>
<pin id="3002" dir="1" index="3" bw="13" slack="0"/>
</pin_list>
<bind>
<opcode="bitconcatenate(1004) " fcode="bitconcatenate"/>
<opset="shl_ln42_31/2 "/>
</bind>
</comp>

<comp id="3006" class="1004" name="sext_ln42_33_fu_3006">
<pin_list>
<pin id="3007" dir="0" index="0" bw="13" slack="0"/>
<pin id="3008" dir="1" index="1" bw="15" slack="0"/>
</pin_list>
<bind>
<opcode="sext(35) " fcode="sext"/>
<opset="sext_ln42_33/2 "/>
</bind>
</comp>

<comp id="3010" class="1004" name="sub_ln42_25_fu_3010">
<pin_list>
<pin id="3011" dir="0" index="0" bw="15" slack="0"/>
<pin id="3012" dir="0" index="1" bw="13" slack="0"/>
<pin id="3013" dir="1" index="2" bw="15" slack="0"/>
</pin_list>
<bind>
<opcode="sub(10) " fcode="sub"/>
<opset="sub_ln42_25/2 "/>
</bind>
</comp>

<comp id="3016" class="1004" name="sext_ln42_34_fu_3016">
<pin_list>
<pin id="3017" dir="0" index="0" bw="12" slack="0"/>
<pin id="3018" dir="1" index="1" bw="13" slack="0"/>
</pin_list>
<bind>
<opcode="sext(35) " fcode="sext"/>
<opset="sext_ln42_34/2 "/>
</bind>
</comp>

<comp id="3020" class="1004" name="sext_ln42_35_fu_3020">
<pin_list>
<pin id="3021" dir="0" index="0" bw="12" slack="0"/>
<pin id="3022" dir="1" index="1" bw="15" slack="0"/>
</pin_list>
<bind>
<opcode="sext(35) " fcode="sext"/>
<opset="sext_ln42_35/2 "/>
</bind>
</comp>

<comp id="3024" class="1004" name="shl_ln42_32_fu_3024">
<pin_list>
<pin id="3025" dir="0" index="0" bw="14" slack="0"/>
<pin id="3026" dir="0" index="1" bw="12" slack="0"/>
<pin id="3027" dir="0" index="2" bw="1" slack="0"/>
<pin id="3028" dir="1" index="3" bw="14" slack="0"/>
</pin_list>
<bind>
<opcode="bitconcatenate(1004) " fcode="bitconcatenate"/>
<opset="shl_ln42_32/2 "/>
</bind>
</comp>

<comp id="3032" class="1004" name="sext_ln42_36_fu_3032">
<pin_list>
<pin id="3033" dir="0" index="0" bw="14" slack="0"/>
<pin id="3034" dir="1" index="1" bw="15" slack="0"/>
</pin_list>
<bind>
<opcode="sext(35) " fcode="sext"/>
<opset="sext_ln42_36/2 "/>
</bind>
</comp>

<comp id="3036" class="1004" name="shl_ln42_33_fu_3036">
<pin_list>
<pin id="3037" dir="0" index="0" bw="15" slack="0"/>
<pin id="3038" dir="0" index="1" bw="12" slack="0"/>
<pin id="3039" dir="0" index="2" bw="1" slack="0"/>
<pin id="3040" dir="1" index="3" bw="15" slack="0"/>
</pin_list>
<bind>
<opcode="bitconcatenate(1004) " fcode="bitconcatenate"/>
<opset="shl_ln42_33/2 "/>
</bind>
</comp>

<comp id="3044" class="1004" name="sub_ln42_26_fu_3044">
<pin_list>
<pin id="3045" dir="0" index="0" bw="14" slack="0"/>
<pin id="3046" dir="0" index="1" bw="12" slack="0"/>
<pin id="3047" dir="1" index="2" bw="15" slack="0"/>
</pin_list>
<bind>
<opcode="sub(10) " fcode="sub"/>
<opset="sub_ln42_26/2 "/>
</bind>
</comp>

<comp id="3050" class="1004" name="add_ln58_42_fu_3050">
<pin_list>
<pin id="3051" dir="0" index="0" bw="13" slack="0"/>
<pin id="3052" dir="0" index="1" bw="11" slack="0"/>
<pin id="3053" dir="1" index="2" bw="14" slack="0"/>
</pin_list>
<bind>
<opcode="add(8) " fcode="add"/>
<opset="add_ln58_42/2 "/>
</bind>
</comp>

<comp id="3056" class="1004" name="sext_ln58_8_fu_3056">
<pin_list>
<pin id="3057" dir="0" index="0" bw="14" slack="0"/>
<pin id="3058" dir="1" index="1" bw="15" slack="0"/>
</pin_list>
<bind>
<opcode="sext(35) " fcode="sext"/>
<opset="sext_ln58_8/2 "/>
</bind>
</comp>

<comp id="3060" class="1004" name="add_ln58_43_fu_3060">
<pin_list>
<pin id="3061" dir="0" index="0" bw="13" slack="0"/>
<pin id="3062" dir="0" index="1" bw="10" slack="0"/>
<pin id="3063" dir="1" index="2" bw="14" slack="0"/>
</pin_list>
<bind>
<opcode="add(8) " fcode="add"/>
<opset="add_ln58_43/2 "/>
</bind>
</comp>

<comp id="3066" class="1004" name="sext_ln58_9_fu_3066">
<pin_list>
<pin id="3067" dir="0" index="0" bw="14" slack="0"/>
<pin id="3068" dir="1" index="1" bw="15" slack="0"/>
</pin_list>
<bind>
<opcode="sext(35) " fcode="sext"/>
<opset="sext_ln58_9/2 "/>
</bind>
</comp>

<comp id="3070" class="1004" name="add_ln58_45_fu_3070">
<pin_list>
<pin id="3071" dir="0" index="0" bw="13" slack="0"/>
<pin id="3072" dir="0" index="1" bw="11" slack="0"/>
<pin id="3073" dir="1" index="2" bw="14" slack="0"/>
</pin_list>
<bind>
<opcode="add(8) " fcode="add"/>
<opset="add_ln58_45/2 "/>
</bind>
</comp>

<comp id="3076" class="1004" name="sext_ln58_10_fu_3076">
<pin_list>
<pin id="3077" dir="0" index="0" bw="14" slack="0"/>
<pin id="3078" dir="1" index="1" bw="15" slack="0"/>
</pin_list>
<bind>
<opcode="sext(35) " fcode="sext"/>
<opset="sext_ln58_10/2 "/>
</bind>
</comp>

<comp id="3080" class="1004" name="sub_ln58_10_fu_3080">
<pin_list>
<pin id="3081" dir="0" index="0" bw="14" slack="0"/>
<pin id="3082" dir="0" index="1" bw="13" slack="0"/>
<pin id="3083" dir="1" index="2" bw="15" slack="0"/>
</pin_list>
<bind>
<opcode="sub(10) " fcode="sub"/>
<opset="sub_ln58_10/2 "/>
</bind>
</comp>

<comp id="3086" class="1004" name="tmp225114_fu_3086">
<pin_list>
<pin id="3087" dir="0" index="0" bw="12" slack="0"/>
<pin id="3088" dir="0" index="1" bw="12" slack="0"/>
<pin id="3089" dir="1" index="2" bw="13" slack="0"/>
</pin_list>
<bind>
<opcode="add(8) " fcode="add"/>
<opset="tmp225114/2 "/>
</bind>
</comp>

<comp id="3092" class="1004" name="p_shl10_fu_3092">
<pin_list>
<pin id="3093" dir="0" index="0" bw="15" slack="0"/>
<pin id="3094" dir="0" index="1" bw="13" slack="0"/>
<pin id="3095" dir="0" index="2" bw="1" slack="0"/>
<pin id="3096" dir="1" index="3" bw="15" slack="0"/>
</pin_list>
<bind>
<opcode="bitconcatenate(1004) " fcode="bitconcatenate"/>
<opset="p_shl10/2 "/>
</bind>
</comp>

<comp id="3100" class="1004" name="add_ln58_49_fu_3100">
<pin_list>
<pin id="3101" dir="0" index="0" bw="12" slack="0"/>
<pin id="3102" dir="0" index="1" bw="10" slack="0"/>
<pin id="3103" dir="1" index="2" bw="13" slack="0"/>
</pin_list>
<bind>
<opcode="add(8) " fcode="add"/>
<opset="add_ln58_49/2 "/>
</bind>
</comp>

<comp id="3106" class="1004" name="sext_ln58_11_fu_3106">
<pin_list>
<pin id="3107" dir="0" index="0" bw="13" slack="0"/>
<pin id="3108" dir="1" index="1" bw="15" slack="0"/>
</pin_list>
<bind>
<opcode="sext(35) " fcode="sext"/>
<opset="sext_ln58_11/2 "/>
</bind>
</comp>

<comp id="3110" class="1004" name="add_ln58_50_fu_3110">
<pin_list>
<pin id="3111" dir="0" index="0" bw="15" slack="0"/>
<pin id="3112" dir="0" index="1" bw="13" slack="0"/>
<pin id="3113" dir="1" index="2" bw="15" slack="0"/>
</pin_list>
<bind>
<opcode="add(8) " fcode="add"/>
<opset="add_ln58_50/2 "/>
</bind>
</comp>

<comp id="3116" class="1004" name="x_16_fu_3116">
<pin_list>
<pin id="3117" dir="0" index="0" bw="15" slack="0"/>
<pin id="3118" dir="0" index="1" bw="15" slack="0"/>
<pin id="3119" dir="1" index="2" bw="15" slack="0"/>
</pin_list>
<bind>
<opcode="sub(10) " fcode="sub"/>
<opset="x_16/2 "/>
</bind>
</comp>

<comp id="3122" class="1004" name="add_ln58_52_fu_3122">
<pin_list>
<pin id="3123" dir="0" index="0" bw="14" slack="0"/>
<pin id="3124" dir="0" index="1" bw="13" slack="0"/>
<pin id="3125" dir="1" index="2" bw="15" slack="0"/>
</pin_list>
<bind>
<opcode="add(8) " fcode="add"/>
<opset="add_ln58_52/2 "/>
</bind>
</comp>

<comp id="3128" class="1004" name="add_ln58_51_fu_3128">
<pin_list>
<pin id="3129" dir="0" index="0" bw="15" slack="0"/>
<pin id="3130" dir="0" index="1" bw="15" slack="0"/>
<pin id="3131" dir="1" index="2" bw="15" slack="0"/>
</pin_list>
<bind>
<opcode="add(8) " fcode="add"/>
<opset="add_ln58_51/2 "/>
</bind>
</comp>

<comp id="3134" class="1004" name="add_ln58_53_fu_3134">
<pin_list>
<pin id="3135" dir="0" index="0" bw="15" slack="0"/>
<pin id="3136" dir="0" index="1" bw="15" slack="0"/>
<pin id="3137" dir="1" index="2" bw="15" slack="1"/>
</pin_list>
<bind>
<opcode="add(8) " fcode="add"/>
<opset="add_ln58_53/2 "/>
</bind>
</comp>

<comp id="3140" class="1004" name="add_ln58_55_fu_3140">
<pin_list>
<pin id="3141" dir="0" index="0" bw="14" slack="0"/>
<pin id="3142" dir="0" index="1" bw="14" slack="0"/>
<pin id="3143" dir="1" index="2" bw="15" slack="0"/>
</pin_list>
<bind>
<opcode="add(8) " fcode="add"/>
<opset="add_ln58_55/2 "/>
</bind>
</comp>

<comp id="3146" class="1004" name="add_ln58_56_fu_3146">
<pin_list>
<pin id="3147" dir="0" index="0" bw="12" slack="0"/>
<pin id="3148" dir="0" index="1" bw="12" slack="0"/>
<pin id="3149" dir="1" index="2" bw="13" slack="0"/>
</pin_list>
<bind>
<opcode="add(8) " fcode="add"/>
<opset="add_ln58_56/2 "/>
</bind>
</comp>

<comp id="3152" class="1004" name="sext_ln58_20_fu_3152">
<pin_list>
<pin id="3153" dir="0" index="0" bw="13" slack="0"/>
<pin id="3154" dir="1" index="1" bw="15" slack="0"/>
</pin_list>
<bind>
<opcode="sext(35) " fcode="sext"/>
<opset="sext_ln58_20/2 "/>
</bind>
</comp>

<comp id="3156" class="1004" name="add_ln58_57_fu_3156">
<pin_list>
<pin id="3157" dir="0" index="0" bw="13" slack="0"/>
<pin id="3158" dir="0" index="1" bw="15" slack="0"/>
<pin id="3159" dir="1" index="2" bw="15" slack="1"/>
</pin_list>
<bind>
<opcode="add(8) " fcode="add"/>
<opset="add_ln58_57/2 "/>
</bind>
</comp>

<comp id="3162" class="1004" name="tmp22831_fu_3162">
<pin_list>
<pin id="3163" dir="0" index="0" bw="12" slack="0"/>
<pin id="3164" dir="0" index="1" bw="12" slack="0"/>
<pin id="3165" dir="1" index="2" bw="13" slack="0"/>
</pin_list>
<bind>
<opcode="sub(10) " fcode="sub"/>
<opset="tmp22831/2 "/>
</bind>
</comp>

<comp id="3168" class="1004" name="tmp3_fu_3168">
<pin_list>
<pin id="3169" dir="0" index="0" bw="15" slack="0"/>
<pin id="3170" dir="0" index="1" bw="13" slack="0"/>
<pin id="3171" dir="0" index="2" bw="1" slack="0"/>
<pin id="3172" dir="1" index="3" bw="15" slack="0"/>
</pin_list>
<bind>
<opcode="bitconcatenate(1004) " fcode="bitconcatenate"/>
<opset="tmp3/2 "/>
</bind>
</comp>

<comp id="3176" class="1004" name="add_ln58_61_fu_3176">
<pin_list>
<pin id="3177" dir="0" index="0" bw="15" slack="0"/>
<pin id="3178" dir="0" index="1" bw="15" slack="0"/>
<pin id="3179" dir="1" index="2" bw="15" slack="0"/>
</pin_list>
<bind>
<opcode="add(8) " fcode="add"/>
<opset="add_ln58_61/2 "/>
</bind>
</comp>

<comp id="3182" class="1004" name="add_ln58_62_fu_3182">
<pin_list>
<pin id="3183" dir="0" index="0" bw="13" slack="0"/>
<pin id="3184" dir="0" index="1" bw="11" slack="0"/>
<pin id="3185" dir="1" index="2" bw="14" slack="0"/>
</pin_list>
<bind>
<opcode="add(8) " fcode="add"/>
<opset="add_ln58_62/2 "/>
</bind>
</comp>

<comp id="3188" class="1004" name="sext_ln58_21_fu_3188">
<pin_list>
<pin id="3189" dir="0" index="0" bw="14" slack="0"/>
<pin id="3190" dir="1" index="1" bw="15" slack="0"/>
</pin_list>
<bind>
<opcode="sext(35) " fcode="sext"/>
<opset="sext_ln58_21/2 "/>
</bind>
</comp>

<comp id="3192" class="1004" name="x_15_fu_3192">
<pin_list>
<pin id="3193" dir="0" index="0" bw="14" slack="0"/>
<pin id="3194" dir="0" index="1" bw="15" slack="0"/>
<pin id="3195" dir="1" index="2" bw="15" slack="0"/>
</pin_list>
<bind>
<opcode="add(8) " fcode="add"/>
<opset="x_15/2 "/>
</bind>
</comp>

<comp id="3198" class="1004" name="tmp231_fu_3198">
<pin_list>
<pin id="3199" dir="0" index="0" bw="12" slack="0"/>
<pin id="3200" dir="0" index="1" bw="12" slack="0"/>
<pin id="3201" dir="1" index="2" bw="13" slack="0"/>
</pin_list>
<bind>
<opcode="add(8) " fcode="add"/>
<opset="tmp231/2 "/>
</bind>
</comp>

<comp id="3204" class="1004" name="tmp231_cast_fu_3204">
<pin_list>
<pin id="3205" dir="0" index="0" bw="13" slack="0"/>
<pin id="3206" dir="1" index="1" bw="15" slack="0"/>
</pin_list>
<bind>
<opcode="sext(35) " fcode="sext"/>
<opset="tmp231_cast/2 "/>
</bind>
</comp>

<comp id="3208" class="1004" name="empty_37_fu_3208">
<pin_list>
<pin id="3209" dir="0" index="0" bw="13" slack="0"/>
<pin id="3210" dir="1" index="1" bw="12" slack="0"/>
</pin_list>
<bind>
<opcode="trunc(33) " fcode="trunc"/>
<opset="empty_37/2 "/>
</bind>
</comp>

<comp id="3212" class="1004" name="p_shl11_fu_3212">
<pin_list>
<pin id="3213" dir="0" index="0" bw="15" slack="0"/>
<pin id="3214" dir="0" index="1" bw="12" slack="0"/>
<pin id="3215" dir="0" index="2" bw="1" slack="0"/>
<pin id="3216" dir="1" index="3" bw="15" slack="0"/>
</pin_list>
<bind>
<opcode="bitconcatenate(1004) " fcode="bitconcatenate"/>
<opset="p_shl11/2 "/>
</bind>
</comp>

<comp id="3220" class="1004" name="tmp232_fu_3220">
<pin_list>
<pin id="3221" dir="0" index="0" bw="15" slack="0"/>
<pin id="3222" dir="0" index="1" bw="13" slack="0"/>
<pin id="3223" dir="1" index="2" bw="15" slack="0"/>
</pin_list>
<bind>
<opcode="sub(10) " fcode="sub"/>
<opset="tmp232/2 "/>
</bind>
</comp>

<comp id="3226" class="1004" name="add_ln58_67_fu_3226">
<pin_list>
<pin id="3227" dir="0" index="0" bw="15" slack="0"/>
<pin id="3228" dir="0" index="1" bw="11" slack="0"/>
<pin id="3229" dir="1" index="2" bw="15" slack="0"/>
</pin_list>
<bind>
<opcode="add(8) " fcode="add"/>
<opset="add_ln58_67/2 "/>
</bind>
</comp>

<comp id="3232" class="1004" name="add_ln58_58_fu_3232">
<pin_list>
<pin id="3233" dir="0" index="0" bw="15" slack="0"/>
<pin id="3234" dir="0" index="1" bw="15" slack="0"/>
<pin id="3235" dir="1" index="2" bw="15" slack="0"/>
</pin_list>
<bind>
<opcode="add(8) " fcode="add"/>
<opset="add_ln58_58/2 "/>
</bind>
</comp>

<comp id="3238" class="1004" name="x_17_fu_3238">
<pin_list>
<pin id="3239" dir="0" index="0" bw="15" slack="0"/>
<pin id="3240" dir="0" index="1" bw="12" slack="0"/>
<pin id="3241" dir="1" index="2" bw="15" slack="0"/>
</pin_list>
<bind>
<opcode="sub(10) " fcode="sub"/>
<opset="x_17/2 "/>
</bind>
</comp>

<comp id="3244" class="1004" name="x_18_fu_3244">
<pin_list>
<pin id="3245" dir="0" index="0" bw="15" slack="0"/>
<pin id="3246" dir="0" index="1" bw="15" slack="0"/>
<pin id="3247" dir="1" index="2" bw="15" slack="0"/>
</pin_list>
<bind>
<opcode="sub(10) " fcode="sub"/>
<opset="x_18/2 "/>
</bind>
</comp>

<comp id="3250" class="1004" name="tmp233_fu_3250">
<pin_list>
<pin id="3251" dir="0" index="0" bw="12" slack="0"/>
<pin id="3252" dir="0" index="1" bw="12" slack="0"/>
<pin id="3253" dir="1" index="2" bw="13" slack="0"/>
</pin_list>
<bind>
<opcode="add(8) " fcode="add"/>
<opset="tmp233/2 "/>
</bind>
</comp>

<comp id="3256" class="1004" name="tmp233_cast_fu_3256">
<pin_list>
<pin id="3257" dir="0" index="0" bw="13" slack="0"/>
<pin id="3258" dir="1" index="1" bw="15" slack="0"/>
</pin_list>
<bind>
<opcode="sext(35) " fcode="sext"/>
<opset="tmp233_cast/2 "/>
</bind>
</comp>

<comp id="3260" class="1004" name="p_shl2_fu_3260">
<pin_list>
<pin id="3261" dir="0" index="0" bw="15" slack="0"/>
<pin id="3262" dir="0" index="1" bw="13" slack="0"/>
<pin id="3263" dir="0" index="2" bw="1" slack="0"/>
<pin id="3264" dir="1" index="3" bw="15" slack="0"/>
</pin_list>
<bind>
<opcode="bitconcatenate(1004) " fcode="bitconcatenate"/>
<opset="p_shl2/2 "/>
</bind>
</comp>

<comp id="3268" class="1004" name="tmp234_fu_3268">
<pin_list>
<pin id="3269" dir="0" index="0" bw="13" slack="0"/>
<pin id="3270" dir="0" index="1" bw="15" slack="0"/>
<pin id="3271" dir="1" index="2" bw="15" slack="0"/>
</pin_list>
<bind>
<opcode="sub(10) " fcode="sub"/>
<opset="tmp234/2 "/>
</bind>
</comp>

<comp id="3274" class="1004" name="add_ln58_59_fu_3274">
<pin_list>
<pin id="3275" dir="0" index="0" bw="15" slack="0"/>
<pin id="3276" dir="0" index="1" bw="10" slack="0"/>
<pin id="3277" dir="1" index="2" bw="15" slack="0"/>
</pin_list>
<bind>
<opcode="add(8) " fcode="add"/>
<opset="add_ln58_59/2 "/>
</bind>
</comp>

<comp id="3280" class="1004" name="sub_ln58_14_fu_3280">
<pin_list>
<pin id="3281" dir="0" index="0" bw="15" slack="0"/>
<pin id="3282" dir="0" index="1" bw="15" slack="0"/>
<pin id="3283" dir="1" index="2" bw="15" slack="0"/>
</pin_list>
<bind>
<opcode="sub(10) " fcode="sub"/>
<opset="sub_ln58_14/2 "/>
</bind>
</comp>

<comp id="3286" class="1004" name="add_ln58_68_fu_3286">
<pin_list>
<pin id="3287" dir="0" index="0" bw="15" slack="0"/>
<pin id="3288" dir="0" index="1" bw="15" slack="0"/>
<pin id="3289" dir="1" index="2" bw="15" slack="0"/>
</pin_list>
<bind>
<opcode="add(8) " fcode="add"/>
<opset="add_ln58_68/2 "/>
</bind>
</comp>

<comp id="3292" class="1004" name="x_19_fu_3292">
<pin_list>
<pin id="3293" dir="0" index="0" bw="15" slack="0"/>
<pin id="3294" dir="0" index="1" bw="15" slack="0"/>
<pin id="3295" dir="1" index="2" bw="15" slack="0"/>
</pin_list>
<bind>
<opcode="add(8) " fcode="add"/>
<opset="x_19/2 "/>
</bind>
</comp>

<comp id="3298" class="1004" name="add_ln58_73_fu_3298">
<pin_list>
<pin id="3299" dir="0" index="0" bw="15" slack="0"/>
<pin id="3300" dir="0" index="1" bw="15" slack="0"/>
<pin id="3301" dir="1" index="2" bw="15" slack="0"/>
</pin_list>
<bind>
<opcode="add(8) " fcode="add"/>
<opset="add_ln58_73/2 "/>
</bind>
</comp>

<comp id="3304" class="1004" name="x_20_fu_3304">
<pin_list>
<pin id="3305" dir="0" index="0" bw="15" slack="0"/>
<pin id="3306" dir="0" index="1" bw="15" slack="0"/>
<pin id="3307" dir="1" index="2" bw="15" slack="0"/>
</pin_list>
<bind>
<opcode="add(8) " fcode="add"/>
<opset="x_20/2 "/>
</bind>
</comp>

<comp id="3310" class="1004" name="sext_ln42_37_fu_3310">
<pin_list>
<pin id="3311" dir="0" index="0" bw="12" slack="0"/>
<pin id="3312" dir="1" index="1" bw="13" slack="0"/>
</pin_list>
<bind>
<opcode="sext(35) " fcode="sext"/>
<opset="sext_ln42_37/2 "/>
</bind>
</comp>

<comp id="3314" class="1004" name="shl_ln42_6_fu_3314">
<pin_list>
<pin id="3315" dir="0" index="0" bw="13" slack="0"/>
<pin id="3316" dir="0" index="1" bw="12" slack="0"/>
<pin id="3317" dir="0" index="2" bw="1" slack="0"/>
<pin id="3318" dir="1" index="3" bw="13" slack="0"/>
</pin_list>
<bind>
<opcode="bitconcatenate(1004) " fcode="bitconcatenate"/>
<opset="shl_ln42_6/2 "/>
</bind>
</comp>

<comp id="3322" class="1004" name="sext_ln70_6_fu_3322">
<pin_list>
<pin id="3323" dir="0" index="0" bw="13" slack="0"/>
<pin id="3324" dir="1" index="1" bw="14" slack="0"/>
</pin_list>
<bind>
<opcode="sext(35) " fcode="sext"/>
<opset="sext_ln70_6/2 "/>
</bind>
</comp>

<comp id="3326" class="1004" name="sext_ln42_38_fu_3326">
<pin_list>
<pin id="3327" dir="0" index="0" bw="12" slack="0"/>
<pin id="3328" dir="1" index="1" bw="13" slack="0"/>
</pin_list>
<bind>
<opcode="sext(35) " fcode="sext"/>
<opset="sext_ln42_38/2 "/>
</bind>
</comp>

<comp id="3330" class="1004" name="shl_ln42_34_fu_3330">
<pin_list>
<pin id="3331" dir="0" index="0" bw="15" slack="0"/>
<pin id="3332" dir="0" index="1" bw="12" slack="0"/>
<pin id="3333" dir="0" index="2" bw="1" slack="0"/>
<pin id="3334" dir="1" index="3" bw="15" slack="0"/>
</pin_list>
<bind>
<opcode="bitconcatenate(1004) " fcode="bitconcatenate"/>
<opset="shl_ln42_34/2 "/>
</bind>
</comp>

<comp id="3338" class="1004" name="shl_ln42_35_fu_3338">
<pin_list>
<pin id="3339" dir="0" index="0" bw="13" slack="0"/>
<pin id="3340" dir="0" index="1" bw="12" slack="0"/>
<pin id="3341" dir="0" index="2" bw="1" slack="0"/>
<pin id="3342" dir="1" index="3" bw="13" slack="0"/>
</pin_list>
<bind>
<opcode="bitconcatenate(1004) " fcode="bitconcatenate"/>
<opset="shl_ln42_35/2 "/>
</bind>
</comp>

<comp id="3346" class="1004" name="sext_ln42_39_fu_3346">
<pin_list>
<pin id="3347" dir="0" index="0" bw="13" slack="0"/>
<pin id="3348" dir="1" index="1" bw="15" slack="0"/>
</pin_list>
<bind>
<opcode="sext(35) " fcode="sext"/>
<opset="sext_ln42_39/2 "/>
</bind>
</comp>

<comp id="3350" class="1004" name="sext_ln42_40_fu_3350">
<pin_list>
<pin id="3351" dir="0" index="0" bw="13" slack="0"/>
<pin id="3352" dir="1" index="1" bw="14" slack="0"/>
</pin_list>
<bind>
<opcode="sext(35) " fcode="sext"/>
<opset="sext_ln42_40/2 "/>
</bind>
</comp>

<comp id="3354" class="1004" name="sub_ln42_27_fu_3354">
<pin_list>
<pin id="3355" dir="0" index="0" bw="15" slack="0"/>
<pin id="3356" dir="0" index="1" bw="13" slack="0"/>
<pin id="3357" dir="1" index="2" bw="15" slack="0"/>
</pin_list>
<bind>
<opcode="sub(10) " fcode="sub"/>
<opset="sub_ln42_27/2 "/>
</bind>
</comp>

<comp id="3360" class="1004" name="sub_ln42_28_fu_3360">
<pin_list>
<pin id="3361" dir="0" index="0" bw="13" slack="0"/>
<pin id="3362" dir="0" index="1" bw="15" slack="0"/>
<pin id="3363" dir="1" index="2" bw="15" slack="0"/>
</pin_list>
<bind>
<opcode="sub(10) " fcode="sub"/>
<opset="sub_ln42_28/2 "/>
</bind>
</comp>

<comp id="3366" class="1004" name="sext_ln42_17_fu_3366">
<pin_list>
<pin id="3367" dir="0" index="0" bw="12" slack="0"/>
<pin id="3368" dir="1" index="1" bw="15" slack="0"/>
</pin_list>
<bind>
<opcode="sext(35) " fcode="sext"/>
<opset="sext_ln42_17/2 "/>
</bind>
</comp>

<comp id="3371" class="1004" name="shl_ln42_7_fu_3371">
<pin_list>
<pin id="3372" dir="0" index="0" bw="13" slack="0"/>
<pin id="3373" dir="0" index="1" bw="12" slack="0"/>
<pin id="3374" dir="0" index="2" bw="1" slack="0"/>
<pin id="3375" dir="1" index="3" bw="13" slack="0"/>
</pin_list>
<bind>
<opcode="bitconcatenate(1004) " fcode="bitconcatenate"/>
<opset="shl_ln42_7/2 "/>
</bind>
</comp>

<comp id="3379" class="1004" name="sext_ln42_41_fu_3379">
<pin_list>
<pin id="3380" dir="0" index="0" bw="13" slack="0"/>
<pin id="3381" dir="1" index="1" bw="15" slack="0"/>
</pin_list>
<bind>
<opcode="sext(35) " fcode="sext"/>
<opset="sext_ln42_41/2 "/>
</bind>
</comp>

<comp id="3383" class="1004" name="sext_ln42_51_fu_3383">
<pin_list>
<pin id="3384" dir="0" index="0" bw="13" slack="0"/>
<pin id="3385" dir="1" index="1" bw="14" slack="0"/>
</pin_list>
<bind>
<opcode="sext(35) " fcode="sext"/>
<opset="sext_ln42_51/2 "/>
</bind>
</comp>

<comp id="3387" class="1004" name="shl_ln42_36_fu_3387">
<pin_list>
<pin id="3388" dir="0" index="0" bw="14" slack="0"/>
<pin id="3389" dir="0" index="1" bw="12" slack="0"/>
<pin id="3390" dir="0" index="2" bw="1" slack="0"/>
<pin id="3391" dir="1" index="3" bw="14" slack="0"/>
</pin_list>
<bind>
<opcode="bitconcatenate(1004) " fcode="bitconcatenate"/>
<opset="shl_ln42_36/2 "/>
</bind>
</comp>

<comp id="3395" class="1004" name="sext_ln42_42_fu_3395">
<pin_list>
<pin id="3396" dir="0" index="0" bw="14" slack="0"/>
<pin id="3397" dir="1" index="1" bw="15" slack="0"/>
</pin_list>
<bind>
<opcode="sext(35) " fcode="sext"/>
<opset="sext_ln42_42/2 "/>
</bind>
</comp>

<comp id="3399" class="1004" name="sub_ln42_29_fu_3399">
<pin_list>
<pin id="3400" dir="0" index="0" bw="14" slack="0"/>
<pin id="3401" dir="0" index="1" bw="12" slack="0"/>
<pin id="3402" dir="1" index="2" bw="15" slack="0"/>
</pin_list>
<bind>
<opcode="sub(10) " fcode="sub"/>
<opset="sub_ln42_29/2 "/>
</bind>
</comp>

<comp id="3405" class="1004" name="shl_ln42_37_fu_3405">
<pin_list>
<pin id="3406" dir="0" index="0" bw="15" slack="0"/>
<pin id="3407" dir="0" index="1" bw="12" slack="0"/>
<pin id="3408" dir="0" index="2" bw="1" slack="0"/>
<pin id="3409" dir="1" index="3" bw="15" slack="0"/>
</pin_list>
<bind>
<opcode="bitconcatenate(1004) " fcode="bitconcatenate"/>
<opset="shl_ln42_37/2 "/>
</bind>
</comp>

<comp id="3413" class="1004" name="sext_ln70_7_fu_3413">
<pin_list>
<pin id="3414" dir="0" index="0" bw="12" slack="0"/>
<pin id="3415" dir="1" index="1" bw="15" slack="0"/>
</pin_list>
<bind>
<opcode="sext(35) " fcode="sext"/>
<opset="sext_ln70_7/2 "/>
</bind>
</comp>

<comp id="3417" class="1004" name="sext_ln70_11_fu_3417">
<pin_list>
<pin id="3418" dir="0" index="0" bw="12" slack="0"/>
<pin id="3419" dir="1" index="1" bw="13" slack="0"/>
</pin_list>
<bind>
<opcode="sext(35) " fcode="sext"/>
<opset="sext_ln70_11/2 "/>
</bind>
</comp>

<comp id="3421" class="1004" name="shl_ln42_38_fu_3421">
<pin_list>
<pin id="3422" dir="0" index="0" bw="15" slack="0"/>
<pin id="3423" dir="0" index="1" bw="12" slack="0"/>
<pin id="3424" dir="0" index="2" bw="1" slack="0"/>
<pin id="3425" dir="1" index="3" bw="15" slack="0"/>
</pin_list>
<bind>
<opcode="bitconcatenate(1004) " fcode="bitconcatenate"/>
<opset="shl_ln42_38/2 "/>
</bind>
</comp>

<comp id="3429" class="1004" name="shl_ln42_39_fu_3429">
<pin_list>
<pin id="3430" dir="0" index="0" bw="14" slack="0"/>
<pin id="3431" dir="0" index="1" bw="12" slack="0"/>
<pin id="3432" dir="0" index="2" bw="1" slack="0"/>
<pin id="3433" dir="1" index="3" bw="14" slack="0"/>
</pin_list>
<bind>
<opcode="bitconcatenate(1004) " fcode="bitconcatenate"/>
<opset="shl_ln42_39/2 "/>
</bind>
</comp>

<comp id="3437" class="1004" name="sext_ln42_43_fu_3437">
<pin_list>
<pin id="3438" dir="0" index="0" bw="14" slack="0"/>
<pin id="3439" dir="1" index="1" bw="15" slack="0"/>
</pin_list>
<bind>
<opcode="sext(35) " fcode="sext"/>
<opset="sext_ln42_43/2 "/>
</bind>
</comp>

<comp id="3441" class="1004" name="sub_ln42_30_fu_3441">
<pin_list>
<pin id="3442" dir="0" index="0" bw="1" slack="0"/>
<pin id="3443" dir="0" index="1" bw="14" slack="0"/>
<pin id="3444" dir="1" index="2" bw="15" slack="0"/>
</pin_list>
<bind>
<opcode="sub(10) " fcode="sub"/>
<opset="sub_ln42_30/2 "/>
</bind>
</comp>

<comp id="3447" class="1004" name="sub_ln42_31_fu_3447">
<pin_list>
<pin id="3448" dir="0" index="0" bw="15" slack="0"/>
<pin id="3449" dir="0" index="1" bw="12" slack="0"/>
<pin id="3450" dir="1" index="2" bw="15" slack="0"/>
</pin_list>
<bind>
<opcode="sub(10) " fcode="sub"/>
<opset="sub_ln42_31/2 "/>
</bind>
</comp>

<comp id="3453" class="1004" name="sub_ln42_32_fu_3453">
<pin_list>
<pin id="3454" dir="0" index="0" bw="1" slack="0"/>
<pin id="3455" dir="0" index="1" bw="15" slack="0"/>
<pin id="3456" dir="1" index="2" bw="15" slack="0"/>
</pin_list>
<bind>
<opcode="sub(10) " fcode="sub"/>
<opset="sub_ln42_32/2 "/>
</bind>
</comp>

<comp id="3459" class="1004" name="sub_ln42_33_fu_3459">
<pin_list>
<pin id="3460" dir="0" index="0" bw="15" slack="0"/>
<pin id="3461" dir="0" index="1" bw="12" slack="0"/>
<pin id="3462" dir="1" index="2" bw="15" slack="0"/>
</pin_list>
<bind>
<opcode="sub(10) " fcode="sub"/>
<opset="sub_ln42_33/2 "/>
</bind>
</comp>

<comp id="3465" class="1004" name="shl_ln42_40_fu_3465">
<pin_list>
<pin id="3466" dir="0" index="0" bw="13" slack="0"/>
<pin id="3467" dir="0" index="1" bw="12" slack="0"/>
<pin id="3468" dir="0" index="2" bw="1" slack="0"/>
<pin id="3469" dir="1" index="3" bw="13" slack="0"/>
</pin_list>
<bind>
<opcode="bitconcatenate(1004) " fcode="bitconcatenate"/>
<opset="shl_ln42_40/2 "/>
</bind>
</comp>

<comp id="3473" class="1004" name="sext_ln42_44_fu_3473">
<pin_list>
<pin id="3474" dir="0" index="0" bw="13" slack="0"/>
<pin id="3475" dir="1" index="1" bw="15" slack="0"/>
</pin_list>
<bind>
<opcode="sext(35) " fcode="sext"/>
<opset="sext_ln42_44/2 "/>
</bind>
</comp>

<comp id="3477" class="1004" name="sub_ln42_34_fu_3477">
<pin_list>
<pin id="3478" dir="0" index="0" bw="15" slack="0"/>
<pin id="3479" dir="0" index="1" bw="13" slack="0"/>
<pin id="3480" dir="1" index="2" bw="15" slack="0"/>
</pin_list>
<bind>
<opcode="sub(10) " fcode="sub"/>
<opset="sub_ln42_34/2 "/>
</bind>
</comp>

<comp id="3483" class="1004" name="sext_ln42_45_fu_3483">
<pin_list>
<pin id="3484" dir="0" index="0" bw="12" slack="0"/>
<pin id="3485" dir="1" index="1" bw="13" slack="0"/>
</pin_list>
<bind>
<opcode="sext(35) " fcode="sext"/>
<opset="sext_ln42_45/2 "/>
</bind>
</comp>

<comp id="3487" class="1004" name="sext_ln42_46_fu_3487">
<pin_list>
<pin id="3488" dir="0" index="0" bw="12" slack="0"/>
<pin id="3489" dir="1" index="1" bw="15" slack="0"/>
</pin_list>
<bind>
<opcode="sext(35) " fcode="sext"/>
<opset="sext_ln42_46/2 "/>
</bind>
</comp>

<comp id="3491" class="1004" name="shl_ln42_41_fu_3491">
<pin_list>
<pin id="3492" dir="0" index="0" bw="14" slack="0"/>
<pin id="3493" dir="0" index="1" bw="12" slack="0"/>
<pin id="3494" dir="0" index="2" bw="1" slack="0"/>
<pin id="3495" dir="1" index="3" bw="14" slack="0"/>
</pin_list>
<bind>
<opcode="bitconcatenate(1004) " fcode="bitconcatenate"/>
<opset="shl_ln42_41/2 "/>
</bind>
</comp>

<comp id="3499" class="1004" name="sext_ln42_47_fu_3499">
<pin_list>
<pin id="3500" dir="0" index="0" bw="14" slack="0"/>
<pin id="3501" dir="1" index="1" bw="15" slack="0"/>
</pin_list>
<bind>
<opcode="sext(35) " fcode="sext"/>
<opset="sext_ln42_47/2 "/>
</bind>
</comp>

<comp id="3503" class="1004" name="shl_ln42_42_fu_3503">
<pin_list>
<pin id="3504" dir="0" index="0" bw="15" slack="0"/>
<pin id="3505" dir="0" index="1" bw="12" slack="0"/>
<pin id="3506" dir="0" index="2" bw="1" slack="0"/>
<pin id="3507" dir="1" index="3" bw="15" slack="0"/>
</pin_list>
<bind>
<opcode="bitconcatenate(1004) " fcode="bitconcatenate"/>
<opset="shl_ln42_42/2 "/>
</bind>
</comp>

<comp id="3511" class="1004" name="sub_ln42_35_fu_3511">
<pin_list>
<pin id="3512" dir="0" index="0" bw="14" slack="0"/>
<pin id="3513" dir="0" index="1" bw="12" slack="0"/>
<pin id="3514" dir="1" index="2" bw="15" slack="0"/>
</pin_list>
<bind>
<opcode="sub(10) " fcode="sub"/>
<opset="sub_ln42_35/2 "/>
</bind>
</comp>

<comp id="3517" class="1004" name="add_ln58_63_fu_3517">
<pin_list>
<pin id="3518" dir="0" index="0" bw="13" slack="0"/>
<pin id="3519" dir="0" index="1" bw="11" slack="0"/>
<pin id="3520" dir="1" index="2" bw="14" slack="0"/>
</pin_list>
<bind>
<opcode="add(8) " fcode="add"/>
<opset="add_ln58_63/2 "/>
</bind>
</comp>

<comp id="3523" class="1004" name="sext_ln58_12_fu_3523">
<pin_list>
<pin id="3524" dir="0" index="0" bw="14" slack="0"/>
<pin id="3525" dir="1" index="1" bw="15" slack="0"/>
</pin_list>
<bind>
<opcode="sext(35) " fcode="sext"/>
<opset="sext_ln58_12/2 "/>
</bind>
</comp>

<comp id="3527" class="1004" name="add_ln58_64_fu_3527">
<pin_list>
<pin id="3528" dir="0" index="0" bw="13" slack="0"/>
<pin id="3529" dir="0" index="1" bw="10" slack="0"/>
<pin id="3530" dir="1" index="2" bw="14" slack="0"/>
</pin_list>
<bind>
<opcode="add(8) " fcode="add"/>
<opset="add_ln58_64/2 "/>
</bind>
</comp>

<comp id="3533" class="1004" name="sext_ln58_13_fu_3533">
<pin_list>
<pin id="3534" dir="0" index="0" bw="14" slack="0"/>
<pin id="3535" dir="1" index="1" bw="15" slack="0"/>
</pin_list>
<bind>
<opcode="sext(35) " fcode="sext"/>
<opset="sext_ln58_13/2 "/>
</bind>
</comp>

<comp id="3537" class="1004" name="add_ln58_66_fu_3537">
<pin_list>
<pin id="3538" dir="0" index="0" bw="13" slack="0"/>
<pin id="3539" dir="0" index="1" bw="11" slack="0"/>
<pin id="3540" dir="1" index="2" bw="14" slack="0"/>
</pin_list>
<bind>
<opcode="add(8) " fcode="add"/>
<opset="add_ln58_66/2 "/>
</bind>
</comp>

<comp id="3543" class="1004" name="sext_ln58_14_fu_3543">
<pin_list>
<pin id="3544" dir="0" index="0" bw="14" slack="0"/>
<pin id="3545" dir="1" index="1" bw="15" slack="0"/>
</pin_list>
<bind>
<opcode="sext(35) " fcode="sext"/>
<opset="sext_ln58_14/2 "/>
</bind>
</comp>

<comp id="3547" class="1004" name="sub_ln58_15_fu_3547">
<pin_list>
<pin id="3548" dir="0" index="0" bw="14" slack="0"/>
<pin id="3549" dir="0" index="1" bw="13" slack="0"/>
<pin id="3550" dir="1" index="2" bw="15" slack="0"/>
</pin_list>
<bind>
<opcode="sub(10) " fcode="sub"/>
<opset="sub_ln58_15/2 "/>
</bind>
</comp>

<comp id="3553" class="1004" name="tmp235112_fu_3553">
<pin_list>
<pin id="3554" dir="0" index="0" bw="12" slack="0"/>
<pin id="3555" dir="0" index="1" bw="12" slack="0"/>
<pin id="3556" dir="1" index="2" bw="13" slack="0"/>
</pin_list>
<bind>
<opcode="add(8) " fcode="add"/>
<opset="tmp235112/2 "/>
</bind>
</comp>

<comp id="3559" class="1004" name="p_shl4_fu_3559">
<pin_list>
<pin id="3560" dir="0" index="0" bw="15" slack="0"/>
<pin id="3561" dir="0" index="1" bw="13" slack="0"/>
<pin id="3562" dir="0" index="2" bw="1" slack="0"/>
<pin id="3563" dir="1" index="3" bw="15" slack="0"/>
</pin_list>
<bind>
<opcode="bitconcatenate(1004) " fcode="bitconcatenate"/>
<opset="p_shl4/2 "/>
</bind>
</comp>

<comp id="3567" class="1004" name="add_ln58_70_fu_3567">
<pin_list>
<pin id="3568" dir="0" index="0" bw="12" slack="0"/>
<pin id="3569" dir="0" index="1" bw="10" slack="0"/>
<pin id="3570" dir="1" index="2" bw="13" slack="0"/>
</pin_list>
<bind>
<opcode="add(8) " fcode="add"/>
<opset="add_ln58_70/2 "/>
</bind>
</comp>

<comp id="3573" class="1004" name="sext_ln58_15_fu_3573">
<pin_list>
<pin id="3574" dir="0" index="0" bw="13" slack="0"/>
<pin id="3575" dir="1" index="1" bw="15" slack="0"/>
</pin_list>
<bind>
<opcode="sext(35) " fcode="sext"/>
<opset="sext_ln58_15/2 "/>
</bind>
</comp>

<comp id="3577" class="1004" name="add_ln58_71_fu_3577">
<pin_list>
<pin id="3578" dir="0" index="0" bw="15" slack="0"/>
<pin id="3579" dir="0" index="1" bw="13" slack="0"/>
<pin id="3580" dir="1" index="2" bw="15" slack="0"/>
</pin_list>
<bind>
<opcode="add(8) " fcode="add"/>
<opset="add_ln58_71/2 "/>
</bind>
</comp>

<comp id="3583" class="1004" name="x_23_fu_3583">
<pin_list>
<pin id="3584" dir="0" index="0" bw="15" slack="0"/>
<pin id="3585" dir="0" index="1" bw="15" slack="0"/>
<pin id="3586" dir="1" index="2" bw="15" slack="0"/>
</pin_list>
<bind>
<opcode="sub(10) " fcode="sub"/>
<opset="x_23/2 "/>
</bind>
</comp>

<comp id="3589" class="1004" name="add_ln58_75_fu_3589">
<pin_list>
<pin id="3590" dir="0" index="0" bw="14" slack="0"/>
<pin id="3591" dir="0" index="1" bw="13" slack="0"/>
<pin id="3592" dir="1" index="2" bw="15" slack="0"/>
</pin_list>
<bind>
<opcode="add(8) " fcode="add"/>
<opset="add_ln58_75/2 "/>
</bind>
</comp>

<comp id="3595" class="1004" name="add_ln58_72_fu_3595">
<pin_list>
<pin id="3596" dir="0" index="0" bw="15" slack="0"/>
<pin id="3597" dir="0" index="1" bw="15" slack="0"/>
<pin id="3598" dir="1" index="2" bw="15" slack="0"/>
</pin_list>
<bind>
<opcode="add(8) " fcode="add"/>
<opset="add_ln58_72/2 "/>
</bind>
</comp>

<comp id="3601" class="1004" name="add_ln58_76_fu_3601">
<pin_list>
<pin id="3602" dir="0" index="0" bw="15" slack="0"/>
<pin id="3603" dir="0" index="1" bw="15" slack="0"/>
<pin id="3604" dir="1" index="2" bw="15" slack="1"/>
</pin_list>
<bind>
<opcode="add(8) " fcode="add"/>
<opset="add_ln58_76/2 "/>
</bind>
</comp>

<comp id="3607" class="1004" name="add_ln58_78_fu_3607">
<pin_list>
<pin id="3608" dir="0" index="0" bw="14" slack="0"/>
<pin id="3609" dir="0" index="1" bw="14" slack="0"/>
<pin id="3610" dir="1" index="2" bw="15" slack="0"/>
</pin_list>
<bind>
<opcode="add(8) " fcode="add"/>
<opset="add_ln58_78/2 "/>
</bind>
</comp>

<comp id="3613" class="1004" name="add_ln58_81_fu_3613">
<pin_list>
<pin id="3614" dir="0" index="0" bw="12" slack="0"/>
<pin id="3615" dir="0" index="1" bw="12" slack="0"/>
<pin id="3616" dir="1" index="2" bw="13" slack="0"/>
</pin_list>
<bind>
<opcode="add(8) " fcode="add"/>
<opset="add_ln58_81/2 "/>
</bind>
</comp>

<comp id="3619" class="1004" name="sext_ln58_22_fu_3619">
<pin_list>
<pin id="3620" dir="0" index="0" bw="13" slack="0"/>
<pin id="3621" dir="1" index="1" bw="15" slack="0"/>
</pin_list>
<bind>
<opcode="sext(35) " fcode="sext"/>
<opset="sext_ln58_22/2 "/>
</bind>
</comp>

<comp id="3623" class="1004" name="add_ln58_82_fu_3623">
<pin_list>
<pin id="3624" dir="0" index="0" bw="13" slack="0"/>
<pin id="3625" dir="0" index="1" bw="15" slack="0"/>
<pin id="3626" dir="1" index="2" bw="15" slack="1"/>
</pin_list>
<bind>
<opcode="add(8) " fcode="add"/>
<opset="add_ln58_82/2 "/>
</bind>
</comp>

<comp id="3629" class="1004" name="tmp2383_fu_3629">
<pin_list>
<pin id="3630" dir="0" index="0" bw="12" slack="0"/>
<pin id="3631" dir="0" index="1" bw="12" slack="0"/>
<pin id="3632" dir="1" index="2" bw="13" slack="0"/>
</pin_list>
<bind>
<opcode="sub(10) " fcode="sub"/>
<opset="tmp2383/2 "/>
</bind>
</comp>

<comp id="3635" class="1004" name="tmp4_fu_3635">
<pin_list>
<pin id="3636" dir="0" index="0" bw="15" slack="0"/>
<pin id="3637" dir="0" index="1" bw="13" slack="0"/>
<pin id="3638" dir="0" index="2" bw="1" slack="0"/>
<pin id="3639" dir="1" index="3" bw="15" slack="0"/>
</pin_list>
<bind>
<opcode="bitconcatenate(1004) " fcode="bitconcatenate"/>
<opset="tmp4/2 "/>
</bind>
</comp>

<comp id="3643" class="1004" name="add_ln58_84_fu_3643">
<pin_list>
<pin id="3644" dir="0" index="0" bw="15" slack="0"/>
<pin id="3645" dir="0" index="1" bw="15" slack="0"/>
<pin id="3646" dir="1" index="2" bw="15" slack="0"/>
</pin_list>
<bind>
<opcode="add(8) " fcode="add"/>
<opset="add_ln58_84/2 "/>
</bind>
</comp>

<comp id="3649" class="1004" name="add_ln58_85_fu_3649">
<pin_list>
<pin id="3650" dir="0" index="0" bw="13" slack="0"/>
<pin id="3651" dir="0" index="1" bw="11" slack="0"/>
<pin id="3652" dir="1" index="2" bw="14" slack="0"/>
</pin_list>
<bind>
<opcode="add(8) " fcode="add"/>
<opset="add_ln58_85/2 "/>
</bind>
</comp>

<comp id="3655" class="1004" name="sext_ln58_23_fu_3655">
<pin_list>
<pin id="3656" dir="0" index="0" bw="14" slack="0"/>
<pin id="3657" dir="1" index="1" bw="15" slack="0"/>
</pin_list>
<bind>
<opcode="sext(35) " fcode="sext"/>
<opset="sext_ln58_23/2 "/>
</bind>
</comp>

<comp id="3659" class="1004" name="x_22_fu_3659">
<pin_list>
<pin id="3660" dir="0" index="0" bw="14" slack="0"/>
<pin id="3661" dir="0" index="1" bw="15" slack="0"/>
<pin id="3662" dir="1" index="2" bw="15" slack="0"/>
</pin_list>
<bind>
<opcode="add(8) " fcode="add"/>
<opset="x_22/2 "/>
</bind>
</comp>

<comp id="3665" class="1004" name="tmp241_fu_3665">
<pin_list>
<pin id="3666" dir="0" index="0" bw="12" slack="0"/>
<pin id="3667" dir="0" index="1" bw="12" slack="0"/>
<pin id="3668" dir="1" index="2" bw="13" slack="0"/>
</pin_list>
<bind>
<opcode="add(8) " fcode="add"/>
<opset="tmp241/2 "/>
</bind>
</comp>

<comp id="3671" class="1004" name="tmp241_cast_fu_3671">
<pin_list>
<pin id="3672" dir="0" index="0" bw="13" slack="0"/>
<pin id="3673" dir="1" index="1" bw="15" slack="0"/>
</pin_list>
<bind>
<opcode="sext(35) " fcode="sext"/>
<opset="tmp241_cast/2 "/>
</bind>
</comp>

<comp id="3675" class="1004" name="empty_38_fu_3675">
<pin_list>
<pin id="3676" dir="0" index="0" bw="13" slack="0"/>
<pin id="3677" dir="1" index="1" bw="12" slack="0"/>
</pin_list>
<bind>
<opcode="trunc(33) " fcode="trunc"/>
<opset="empty_38/2 "/>
</bind>
</comp>

<comp id="3679" class="1004" name="p_shl1_fu_3679">
<pin_list>
<pin id="3680" dir="0" index="0" bw="15" slack="0"/>
<pin id="3681" dir="0" index="1" bw="12" slack="0"/>
<pin id="3682" dir="0" index="2" bw="1" slack="0"/>
<pin id="3683" dir="1" index="3" bw="15" slack="0"/>
</pin_list>
<bind>
<opcode="bitconcatenate(1004) " fcode="bitconcatenate"/>
<opset="p_shl1/2 "/>
</bind>
</comp>

<comp id="3687" class="1004" name="tmp242_fu_3687">
<pin_list>
<pin id="3688" dir="0" index="0" bw="15" slack="0"/>
<pin id="3689" dir="0" index="1" bw="13" slack="0"/>
<pin id="3690" dir="1" index="2" bw="15" slack="0"/>
</pin_list>
<bind>
<opcode="sub(10) " fcode="sub"/>
<opset="tmp242/2 "/>
</bind>
</comp>

<comp id="3693" class="1004" name="add_ln58_87_fu_3693">
<pin_list>
<pin id="3694" dir="0" index="0" bw="15" slack="0"/>
<pin id="3695" dir="0" index="1" bw="11" slack="0"/>
<pin id="3696" dir="1" index="2" bw="15" slack="0"/>
</pin_list>
<bind>
<opcode="add(8) " fcode="add"/>
<opset="add_ln58_87/2 "/>
</bind>
</comp>

<comp id="3699" class="1004" name="add_ln58_79_fu_3699">
<pin_list>
<pin id="3700" dir="0" index="0" bw="15" slack="0"/>
<pin id="3701" dir="0" index="1" bw="15" slack="0"/>
<pin id="3702" dir="1" index="2" bw="15" slack="0"/>
</pin_list>
<bind>
<opcode="add(8) " fcode="add"/>
<opset="add_ln58_79/2 "/>
</bind>
</comp>

<comp id="3705" class="1004" name="x_24_fu_3705">
<pin_list>
<pin id="3706" dir="0" index="0" bw="15" slack="0"/>
<pin id="3707" dir="0" index="1" bw="12" slack="0"/>
<pin id="3708" dir="1" index="2" bw="15" slack="0"/>
</pin_list>
<bind>
<opcode="sub(10) " fcode="sub"/>
<opset="x_24/2 "/>
</bind>
</comp>

<comp id="3711" class="1004" name="x_25_fu_3711">
<pin_list>
<pin id="3712" dir="0" index="0" bw="15" slack="0"/>
<pin id="3713" dir="0" index="1" bw="15" slack="0"/>
<pin id="3714" dir="1" index="2" bw="15" slack="0"/>
</pin_list>
<bind>
<opcode="sub(10) " fcode="sub"/>
<opset="x_25/2 "/>
</bind>
</comp>

<comp id="3717" class="1004" name="tmp243_fu_3717">
<pin_list>
<pin id="3718" dir="0" index="0" bw="12" slack="0"/>
<pin id="3719" dir="0" index="1" bw="12" slack="0"/>
<pin id="3720" dir="1" index="2" bw="13" slack="0"/>
</pin_list>
<bind>
<opcode="add(8) " fcode="add"/>
<opset="tmp243/2 "/>
</bind>
</comp>

<comp id="3723" class="1004" name="tmp243_cast_fu_3723">
<pin_list>
<pin id="3724" dir="0" index="0" bw="13" slack="0"/>
<pin id="3725" dir="1" index="1" bw="15" slack="0"/>
</pin_list>
<bind>
<opcode="sext(35) " fcode="sext"/>
<opset="tmp243_cast/2 "/>
</bind>
</comp>

<comp id="3727" class="1004" name="p_shl_fu_3727">
<pin_list>
<pin id="3728" dir="0" index="0" bw="15" slack="0"/>
<pin id="3729" dir="0" index="1" bw="13" slack="0"/>
<pin id="3730" dir="0" index="2" bw="1" slack="0"/>
<pin id="3731" dir="1" index="3" bw="15" slack="0"/>
</pin_list>
<bind>
<opcode="bitconcatenate(1004) " fcode="bitconcatenate"/>
<opset="p_shl/2 "/>
</bind>
</comp>

<comp id="3735" class="1004" name="tmp244_fu_3735">
<pin_list>
<pin id="3736" dir="0" index="0" bw="13" slack="0"/>
<pin id="3737" dir="0" index="1" bw="15" slack="0"/>
<pin id="3738" dir="1" index="2" bw="15" slack="0"/>
</pin_list>
<bind>
<opcode="sub(10) " fcode="sub"/>
<opset="tmp244/2 "/>
</bind>
</comp>

<comp id="3741" class="1004" name="add_ln58_80_fu_3741">
<pin_list>
<pin id="3742" dir="0" index="0" bw="15" slack="0"/>
<pin id="3743" dir="0" index="1" bw="10" slack="0"/>
<pin id="3744" dir="1" index="2" bw="15" slack="0"/>
</pin_list>
<bind>
<opcode="add(8) " fcode="add"/>
<opset="add_ln58_80/2 "/>
</bind>
</comp>

<comp id="3747" class="1004" name="sub_ln58_19_fu_3747">
<pin_list>
<pin id="3748" dir="0" index="0" bw="15" slack="0"/>
<pin id="3749" dir="0" index="1" bw="15" slack="0"/>
<pin id="3750" dir="1" index="2" bw="15" slack="0"/>
</pin_list>
<bind>
<opcode="sub(10) " fcode="sub"/>
<opset="sub_ln58_19/2 "/>
</bind>
</comp>

<comp id="3753" class="1004" name="add_ln58_88_fu_3753">
<pin_list>
<pin id="3754" dir="0" index="0" bw="15" slack="0"/>
<pin id="3755" dir="0" index="1" bw="15" slack="0"/>
<pin id="3756" dir="1" index="2" bw="15" slack="0"/>
</pin_list>
<bind>
<opcode="add(8) " fcode="add"/>
<opset="add_ln58_88/2 "/>
</bind>
</comp>

<comp id="3759" class="1004" name="x_26_fu_3759">
<pin_list>
<pin id="3760" dir="0" index="0" bw="15" slack="0"/>
<pin id="3761" dir="0" index="1" bw="15" slack="0"/>
<pin id="3762" dir="1" index="2" bw="15" slack="0"/>
</pin_list>
<bind>
<opcode="add(8) " fcode="add"/>
<opset="x_26/2 "/>
</bind>
</comp>

<comp id="3765" class="1004" name="add_ln58_90_fu_3765">
<pin_list>
<pin id="3766" dir="0" index="0" bw="15" slack="0"/>
<pin id="3767" dir="0" index="1" bw="15" slack="0"/>
<pin id="3768" dir="1" index="2" bw="15" slack="0"/>
</pin_list>
<bind>
<opcode="add(8) " fcode="add"/>
<opset="add_ln58_90/2 "/>
</bind>
</comp>

<comp id="3771" class="1004" name="x_27_fu_3771">
<pin_list>
<pin id="3772" dir="0" index="0" bw="15" slack="0"/>
<pin id="3773" dir="0" index="1" bw="15" slack="0"/>
<pin id="3774" dir="1" index="2" bw="15" slack="0"/>
</pin_list>
<bind>
<opcode="add(8) " fcode="add"/>
<opset="x_27/2 "/>
</bind>
</comp>

<comp id="3777" class="1004" name="trunc_ln2_fu_3777">
<pin_list>
<pin id="3778" dir="0" index="0" bw="9" slack="0"/>
<pin id="3779" dir="0" index="1" bw="15" slack="0"/>
<pin id="3780" dir="0" index="2" bw="4" slack="0"/>
<pin id="3781" dir="0" index="3" bw="5" slack="0"/>
<pin id="3782" dir="1" index="4" bw="9" slack="1"/>
</pin_list>
<bind>
<opcode="partselect(1002) " fcode="partselect"/>
<opset="trunc_ln2/2 "/>
</bind>
</comp>

<comp id="3787" class="1004" name="trunc_ln170_1_fu_3787">
<pin_list>
<pin id="3788" dir="0" index="0" bw="9" slack="0"/>
<pin id="3789" dir="0" index="1" bw="15" slack="0"/>
<pin id="3790" dir="0" index="2" bw="4" slack="0"/>
<pin id="3791" dir="0" index="3" bw="5" slack="0"/>
<pin id="3792" dir="1" index="4" bw="9" slack="1"/>
</pin_list>
<bind>
<opcode="partselect(1002) " fcode="partselect"/>
<opset="trunc_ln170_1/2 "/>
</bind>
</comp>

<comp id="3797" class="1004" name="trunc_ln170_3_fu_3797">
<pin_list>
<pin id="3798" dir="0" index="0" bw="9" slack="0"/>
<pin id="3799" dir="0" index="1" bw="15" slack="0"/>
<pin id="3800" dir="0" index="2" bw="4" slack="0"/>
<pin id="3801" dir="0" index="3" bw="5" slack="0"/>
<pin id="3802" dir="1" index="4" bw="9" slack="1"/>
</pin_list>
<bind>
<opcode="partselect(1002) " fcode="partselect"/>
<opset="trunc_ln170_3/2 "/>
</bind>
</comp>

<comp id="3807" class="1004" name="trunc_ln170_4_fu_3807">
<pin_list>
<pin id="3808" dir="0" index="0" bw="9" slack="0"/>
<pin id="3809" dir="0" index="1" bw="15" slack="0"/>
<pin id="3810" dir="0" index="2" bw="4" slack="0"/>
<pin id="3811" dir="0" index="3" bw="5" slack="0"/>
<pin id="3812" dir="1" index="4" bw="9" slack="1"/>
</pin_list>
<bind>
<opcode="partselect(1002) " fcode="partselect"/>
<opset="trunc_ln170_4/2 "/>
</bind>
</comp>

<comp id="3817" class="1004" name="trunc_ln170_5_fu_3817">
<pin_list>
<pin id="3818" dir="0" index="0" bw="9" slack="0"/>
<pin id="3819" dir="0" index="1" bw="15" slack="0"/>
<pin id="3820" dir="0" index="2" bw="4" slack="0"/>
<pin id="3821" dir="0" index="3" bw="5" slack="0"/>
<pin id="3822" dir="1" index="4" bw="9" slack="1"/>
</pin_list>
<bind>
<opcode="partselect(1002) " fcode="partselect"/>
<opset="trunc_ln170_5/2 "/>
</bind>
</comp>

<comp id="3827" class="1004" name="trunc_ln170_6_fu_3827">
<pin_list>
<pin id="3828" dir="0" index="0" bw="9" slack="0"/>
<pin id="3829" dir="0" index="1" bw="15" slack="0"/>
<pin id="3830" dir="0" index="2" bw="4" slack="0"/>
<pin id="3831" dir="0" index="3" bw="5" slack="0"/>
<pin id="3832" dir="1" index="4" bw="9" slack="1"/>
</pin_list>
<bind>
<opcode="partselect(1002) " fcode="partselect"/>
<opset="trunc_ln170_6/2 "/>
</bind>
</comp>

<comp id="3837" class="1004" name="trunc_ln170_7_fu_3837">
<pin_list>
<pin id="3838" dir="0" index="0" bw="9" slack="0"/>
<pin id="3839" dir="0" index="1" bw="15" slack="0"/>
<pin id="3840" dir="0" index="2" bw="4" slack="0"/>
<pin id="3841" dir="0" index="3" bw="5" slack="0"/>
<pin id="3842" dir="1" index="4" bw="9" slack="1"/>
</pin_list>
<bind>
<opcode="partselect(1002) " fcode="partselect"/>
<opset="trunc_ln170_7/2 "/>
</bind>
</comp>

<comp id="3847" class="1004" name="trunc_ln170_8_fu_3847">
<pin_list>
<pin id="3848" dir="0" index="0" bw="9" slack="0"/>
<pin id="3849" dir="0" index="1" bw="15" slack="0"/>
<pin id="3850" dir="0" index="2" bw="4" slack="0"/>
<pin id="3851" dir="0" index="3" bw="5" slack="0"/>
<pin id="3852" dir="1" index="4" bw="9" slack="1"/>
</pin_list>
<bind>
<opcode="partselect(1002) " fcode="partselect"/>
<opset="trunc_ln170_8/2 "/>
</bind>
</comp>

<comp id="3857" class="1004" name="trunc_ln170_s_fu_3857">
<pin_list>
<pin id="3858" dir="0" index="0" bw="9" slack="0"/>
<pin id="3859" dir="0" index="1" bw="15" slack="0"/>
<pin id="3860" dir="0" index="2" bw="4" slack="0"/>
<pin id="3861" dir="0" index="3" bw="5" slack="0"/>
<pin id="3862" dir="1" index="4" bw="9" slack="1"/>
</pin_list>
<bind>
<opcode="partselect(1002) " fcode="partselect"/>
<opset="trunc_ln170_s/2 "/>
</bind>
</comp>

<comp id="3867" class="1004" name="trunc_ln170_10_fu_3867">
<pin_list>
<pin id="3868" dir="0" index="0" bw="9" slack="0"/>
<pin id="3869" dir="0" index="1" bw="15" slack="0"/>
<pin id="3870" dir="0" index="2" bw="4" slack="0"/>
<pin id="3871" dir="0" index="3" bw="5" slack="0"/>
<pin id="3872" dir="1" index="4" bw="9" slack="1"/>
</pin_list>
<bind>
<opcode="partselect(1002) " fcode="partselect"/>
<opset="trunc_ln170_10/2 "/>
</bind>
</comp>

<comp id="3877" class="1004" name="trunc_ln170_11_fu_3877">
<pin_list>
<pin id="3878" dir="0" index="0" bw="9" slack="0"/>
<pin id="3879" dir="0" index="1" bw="15" slack="0"/>
<pin id="3880" dir="0" index="2" bw="4" slack="0"/>
<pin id="3881" dir="0" index="3" bw="5" slack="0"/>
<pin id="3882" dir="1" index="4" bw="9" slack="1"/>
</pin_list>
<bind>
<opcode="partselect(1002) " fcode="partselect"/>
<opset="trunc_ln170_11/2 "/>
</bind>
</comp>

<comp id="3887" class="1004" name="trunc_ln170_12_fu_3887">
<pin_list>
<pin id="3888" dir="0" index="0" bw="9" slack="0"/>
<pin id="3889" dir="0" index="1" bw="15" slack="0"/>
<pin id="3890" dir="0" index="2" bw="4" slack="0"/>
<pin id="3891" dir="0" index="3" bw="5" slack="0"/>
<pin id="3892" dir="1" index="4" bw="9" slack="1"/>
</pin_list>
<bind>
<opcode="partselect(1002) " fcode="partselect"/>
<opset="trunc_ln170_12/2 "/>
</bind>
</comp>

<comp id="3897" class="1004" name="trunc_ln170_13_fu_3897">
<pin_list>
<pin id="3898" dir="0" index="0" bw="9" slack="0"/>
<pin id="3899" dir="0" index="1" bw="15" slack="0"/>
<pin id="3900" dir="0" index="2" bw="4" slack="0"/>
<pin id="3901" dir="0" index="3" bw="5" slack="0"/>
<pin id="3902" dir="1" index="4" bw="9" slack="1"/>
</pin_list>
<bind>
<opcode="partselect(1002) " fcode="partselect"/>
<opset="trunc_ln170_13/2 "/>
</bind>
</comp>

<comp id="3907" class="1004" name="trunc_ln170_14_fu_3907">
<pin_list>
<pin id="3908" dir="0" index="0" bw="9" slack="0"/>
<pin id="3909" dir="0" index="1" bw="15" slack="0"/>
<pin id="3910" dir="0" index="2" bw="4" slack="0"/>
<pin id="3911" dir="0" index="3" bw="5" slack="0"/>
<pin id="3912" dir="1" index="4" bw="9" slack="1"/>
</pin_list>
<bind>
<opcode="partselect(1002) " fcode="partselect"/>
<opset="trunc_ln170_14/2 "/>
</bind>
</comp>

<comp id="3917" class="1004" name="trunc_ln170_16_fu_3917">
<pin_list>
<pin id="3918" dir="0" index="0" bw="9" slack="0"/>
<pin id="3919" dir="0" index="1" bw="15" slack="0"/>
<pin id="3920" dir="0" index="2" bw="4" slack="0"/>
<pin id="3921" dir="0" index="3" bw="5" slack="0"/>
<pin id="3922" dir="1" index="4" bw="9" slack="1"/>
</pin_list>
<bind>
<opcode="partselect(1002) " fcode="partselect"/>
<opset="trunc_ln170_16/2 "/>
</bind>
</comp>

<comp id="3927" class="1004" name="trunc_ln170_17_fu_3927">
<pin_list>
<pin id="3928" dir="0" index="0" bw="9" slack="0"/>
<pin id="3929" dir="0" index="1" bw="15" slack="0"/>
<pin id="3930" dir="0" index="2" bw="4" slack="0"/>
<pin id="3931" dir="0" index="3" bw="5" slack="0"/>
<pin id="3932" dir="1" index="4" bw="9" slack="1"/>
</pin_list>
<bind>
<opcode="partselect(1002) " fcode="partselect"/>
<opset="trunc_ln170_17/2 "/>
</bind>
</comp>

<comp id="3937" class="1004" name="trunc_ln170_18_fu_3937">
<pin_list>
<pin id="3938" dir="0" index="0" bw="9" slack="0"/>
<pin id="3939" dir="0" index="1" bw="15" slack="0"/>
<pin id="3940" dir="0" index="2" bw="4" slack="0"/>
<pin id="3941" dir="0" index="3" bw="5" slack="0"/>
<pin id="3942" dir="1" index="4" bw="9" slack="1"/>
</pin_list>
<bind>
<opcode="partselect(1002) " fcode="partselect"/>
<opset="trunc_ln170_18/2 "/>
</bind>
</comp>

<comp id="3947" class="1004" name="trunc_ln170_19_fu_3947">
<pin_list>
<pin id="3948" dir="0" index="0" bw="9" slack="0"/>
<pin id="3949" dir="0" index="1" bw="15" slack="0"/>
<pin id="3950" dir="0" index="2" bw="4" slack="0"/>
<pin id="3951" dir="0" index="3" bw="5" slack="0"/>
<pin id="3952" dir="1" index="4" bw="9" slack="1"/>
</pin_list>
<bind>
<opcode="partselect(1002) " fcode="partselect"/>
<opset="trunc_ln170_19/2 "/>
</bind>
</comp>

<comp id="3957" class="1004" name="trunc_ln170_20_fu_3957">
<pin_list>
<pin id="3958" dir="0" index="0" bw="9" slack="0"/>
<pin id="3959" dir="0" index="1" bw="15" slack="0"/>
<pin id="3960" dir="0" index="2" bw="4" slack="0"/>
<pin id="3961" dir="0" index="3" bw="5" slack="0"/>
<pin id="3962" dir="1" index="4" bw="9" slack="1"/>
</pin_list>
<bind>
<opcode="partselect(1002) " fcode="partselect"/>
<opset="trunc_ln170_20/2 "/>
</bind>
</comp>

<comp id="3967" class="1004" name="trunc_ln170_21_fu_3967">
<pin_list>
<pin id="3968" dir="0" index="0" bw="9" slack="0"/>
<pin id="3969" dir="0" index="1" bw="15" slack="0"/>
<pin id="3970" dir="0" index="2" bw="4" slack="0"/>
<pin id="3971" dir="0" index="3" bw="5" slack="0"/>
<pin id="3972" dir="1" index="4" bw="9" slack="1"/>
</pin_list>
<bind>
<opcode="partselect(1002) " fcode="partselect"/>
<opset="trunc_ln170_21/2 "/>
</bind>
</comp>

<comp id="3977" class="1004" name="add_ln58_8_fu_3977">
<pin_list>
<pin id="3978" dir="0" index="0" bw="15" slack="1"/>
<pin id="3979" dir="0" index="1" bw="15" slack="1"/>
<pin id="3980" dir="1" index="2" bw="15" slack="0"/>
</pin_list>
<bind>
<opcode="add(8) " fcode="add"/>
<opset="add_ln58_8/3 "/>
</bind>
</comp>

<comp id="3982" class="1004" name="x_fu_3982">
<pin_list>
<pin id="3983" dir="0" index="0" bw="15" slack="1"/>
<pin id="3984" dir="0" index="1" bw="15" slack="0"/>
<pin id="3985" dir="1" index="2" bw="15" slack="0"/>
</pin_list>
<bind>
<opcode="add(8) " fcode="add"/>
<opset="x/3 "/>
</bind>
</comp>

<comp id="3987" class="1004" name="res_out_fu_3987">
<pin_list>
<pin id="3988" dir="0" index="0" bw="9" slack="0"/>
<pin id="3989" dir="0" index="1" bw="15" slack="0"/>
<pin id="3990" dir="0" index="2" bw="4" slack="0"/>
<pin id="3991" dir="0" index="3" bw="5" slack="0"/>
<pin id="3992" dir="1" index="4" bw="9" slack="0"/>
</pin_list>
<bind>
<opcode="partselect(1002) " fcode="partselect"/>
<opset="res_out/3 "/>
</bind>
</comp>

<comp id="3997" class="1004" name="add_ln58_31_fu_3997">
<pin_list>
<pin id="3998" dir="0" index="0" bw="15" slack="1"/>
<pin id="3999" dir="0" index="1" bw="15" slack="1"/>
<pin id="4000" dir="1" index="2" bw="15" slack="0"/>
</pin_list>
<bind>
<opcode="add(8) " fcode="add"/>
<opset="add_ln58_31/3 "/>
</bind>
</comp>

<comp id="4002" class="1004" name="x_7_fu_4002">
<pin_list>
<pin id="4003" dir="0" index="0" bw="15" slack="1"/>
<pin id="4004" dir="0" index="1" bw="15" slack="0"/>
<pin id="4005" dir="1" index="2" bw="15" slack="0"/>
</pin_list>
<bind>
<opcode="add(8) " fcode="add"/>
<opset="x_7/3 "/>
</bind>
</comp>

<comp id="4007" class="1004" name="add_ln58_54_fu_4007">
<pin_list>
<pin id="4008" dir="0" index="0" bw="15" slack="1"/>
<pin id="4009" dir="0" index="1" bw="15" slack="1"/>
<pin id="4010" dir="1" index="2" bw="15" slack="0"/>
</pin_list>
<bind>
<opcode="add(8) " fcode="add"/>
<opset="add_ln58_54/3 "/>
</bind>
</comp>

<comp id="4012" class="1004" name="x_14_fu_4012">
<pin_list>
<pin id="4013" dir="0" index="0" bw="15" slack="1"/>
<pin id="4014" dir="0" index="1" bw="15" slack="0"/>
<pin id="4015" dir="1" index="2" bw="15" slack="0"/>
</pin_list>
<bind>
<opcode="add(8) " fcode="add"/>
<opset="x_14/3 "/>
</bind>
</comp>

<comp id="4017" class="1004" name="add_ln58_77_fu_4017">
<pin_list>
<pin id="4018" dir="0" index="0" bw="15" slack="1"/>
<pin id="4019" dir="0" index="1" bw="15" slack="1"/>
<pin id="4020" dir="1" index="2" bw="15" slack="0"/>
</pin_list>
<bind>
<opcode="add(8) " fcode="add"/>
<opset="add_ln58_77/3 "/>
</bind>
</comp>

<comp id="4022" class="1004" name="x_21_fu_4022">
<pin_list>
<pin id="4023" dir="0" index="0" bw="15" slack="1"/>
<pin id="4024" dir="0" index="1" bw="15" slack="0"/>
<pin id="4025" dir="1" index="2" bw="15" slack="0"/>
</pin_list>
<bind>
<opcode="add(8) " fcode="add"/>
<opset="x_21/3 "/>
</bind>
</comp>

<comp id="4027" class="1004" name="trunc_ln170_2_fu_4027">
<pin_list>
<pin id="4028" dir="0" index="0" bw="9" slack="0"/>
<pin id="4029" dir="0" index="1" bw="15" slack="0"/>
<pin id="4030" dir="0" index="2" bw="4" slack="0"/>
<pin id="4031" dir="0" index="3" bw="5" slack="0"/>
<pin id="4032" dir="1" index="4" bw="9" slack="0"/>
</pin_list>
<bind>
<opcode="partselect(1002) " fcode="partselect"/>
<opset="trunc_ln170_2/3 "/>
</bind>
</comp>

<comp id="4037" class="1004" name="trunc_ln170_9_fu_4037">
<pin_list>
<pin id="4038" dir="0" index="0" bw="9" slack="0"/>
<pin id="4039" dir="0" index="1" bw="15" slack="0"/>
<pin id="4040" dir="0" index="2" bw="4" slack="0"/>
<pin id="4041" dir="0" index="3" bw="5" slack="0"/>
<pin id="4042" dir="1" index="4" bw="9" slack="0"/>
</pin_list>
<bind>
<opcode="partselect(1002) " fcode="partselect"/>
<opset="trunc_ln170_9/3 "/>
</bind>
</comp>

<comp id="4047" class="1004" name="trunc_ln170_15_fu_4047">
<pin_list>
<pin id="4048" dir="0" index="0" bw="9" slack="0"/>
<pin id="4049" dir="0" index="1" bw="15" slack="0"/>
<pin id="4050" dir="0" index="2" bw="4" slack="0"/>
<pin id="4051" dir="0" index="3" bw="5" slack="0"/>
<pin id="4052" dir="1" index="4" bw="9" slack="0"/>
</pin_list>
<bind>
<opcode="partselect(1002) " fcode="partselect"/>
<opset="trunc_ln170_15/3 "/>
</bind>
</comp>

<comp id="4057" class="1004" name="or_ln170_s_fu_4057">
<pin_list>
<pin id="4058" dir="0" index="0" bw="252" slack="0"/>
<pin id="4059" dir="0" index="1" bw="9" slack="1"/>
<pin id="4060" dir="0" index="2" bw="9" slack="1"/>
<pin id="4061" dir="0" index="3" bw="9" slack="1"/>
<pin id="4062" dir="0" index="4" bw="9" slack="1"/>
<pin id="4063" dir="0" index="5" bw="9" slack="1"/>
<pin id="4064" dir="0" index="6" bw="9" slack="1"/>
<pin id="4065" dir="0" index="7" bw="9" slack="0"/>
<pin id="4066" dir="0" index="8" bw="9" slack="1"/>
<pin id="4067" dir="0" index="9" bw="9" slack="1"/>
<pin id="4068" dir="0" index="10" bw="9" slack="1"/>
<pin id="4069" dir="0" index="11" bw="9" slack="1"/>
<pin id="4070" dir="0" index="12" bw="9" slack="1"/>
<pin id="4071" dir="0" index="13" bw="9" slack="1"/>
<pin id="4072" dir="0" index="14" bw="9" slack="0"/>
<pin id="4073" dir="0" index="15" bw="9" slack="1"/>
<pin id="4074" dir="0" index="16" bw="9" slack="1"/>
<pin id="4075" dir="0" index="17" bw="9" slack="1"/>
<pin id="4076" dir="0" index="18" bw="9" slack="1"/>
<pin id="4077" dir="0" index="19" bw="9" slack="1"/>
<pin id="4078" dir="0" index="20" bw="9" slack="1"/>
<pin id="4079" dir="0" index="21" bw="9" slack="0"/>
<pin id="4080" dir="0" index="22" bw="9" slack="1"/>
<pin id="4081" dir="0" index="23" bw="9" slack="1"/>
<pin id="4082" dir="0" index="24" bw="9" slack="1"/>
<pin id="4083" dir="0" index="25" bw="9" slack="1"/>
<pin id="4084" dir="0" index="26" bw="9" slack="1"/>
<pin id="4085" dir="0" index="27" bw="9" slack="1"/>
<pin id="4086" dir="0" index="28" bw="9" slack="0"/>
<pin id="4087" dir="1" index="29" bw="252" slack="0"/>
</pin_list>
<bind>
<opcode="bitconcatenate(1004) " fcode="bitconcatenate"/>
<opset="or_ln170_s/3 "/>
</bind>
</comp>

<comp id="4094" class="1005" name="i_ih_reg_4094">
<pin_list>
<pin id="4095" dir="0" index="0" bw="9" slack="0"/>
<pin id="4096" dir="1" index="1" bw="9" slack="0"/>
</pin_list>
<bind>
<opset="i_ih "/>
</bind>
</comp>

<comp id="4101" class="1005" name="stride_cnt_reg_4101">
<pin_list>
<pin id="4102" dir="0" index="0" bw="32" slack="0"/>
<pin id="4103" dir="1" index="1" bw="32" slack="0"/>
</pin_list>
<bind>
<opset="stride_cnt "/>
</bind>
</comp>

<comp id="4108" class="1005" name="wptr_reg_4108">
<pin_list>
<pin id="4109" dir="0" index="0" bw="32" slack="0"/>
<pin id="4110" dir="1" index="1" bw="32" slack="0"/>
</pin_list>
<bind>
<opset="wptr "/>
</bind>
</comp>

<comp id="4115" class="1005" name="row_buf_reg_4115">
<pin_list>
<pin id="4116" dir="0" index="0" bw="12" slack="0"/>
<pin id="4117" dir="1" index="1" bw="12" slack="0"/>
</pin_list>
<bind>
<opset="row_buf "/>
</bind>
</comp>

<comp id="4121" class="1005" name="row_buf_1_reg_4121">
<pin_list>
<pin id="4122" dir="0" index="0" bw="12" slack="0"/>
<pin id="4123" dir="1" index="1" bw="12" slack="0"/>
</pin_list>
<bind>
<opset="row_buf_1 "/>
</bind>
</comp>

<comp id="4127" class="1005" name="row_buf_2_reg_4127">
<pin_list>
<pin id="4128" dir="0" index="0" bw="12" slack="0"/>
<pin id="4129" dir="1" index="1" bw="12" slack="0"/>
</pin_list>
<bind>
<opset="row_buf_2 "/>
</bind>
</comp>

<comp id="4133" class="1005" name="row_buf_3_reg_4133">
<pin_list>
<pin id="4134" dir="0" index="0" bw="12" slack="0"/>
<pin id="4135" dir="1" index="1" bw="12" slack="0"/>
</pin_list>
<bind>
<opset="row_buf_3 "/>
</bind>
</comp>

<comp id="4139" class="1005" name="row_buf_4_reg_4139">
<pin_list>
<pin id="4140" dir="0" index="0" bw="12" slack="0"/>
<pin id="4141" dir="1" index="1" bw="12" slack="0"/>
</pin_list>
<bind>
<opset="row_buf_4 "/>
</bind>
</comp>

<comp id="4145" class="1005" name="row_buf_5_reg_4145">
<pin_list>
<pin id="4146" dir="0" index="0" bw="12" slack="0"/>
<pin id="4147" dir="1" index="1" bw="12" slack="0"/>
</pin_list>
<bind>
<opset="row_buf_5 "/>
</bind>
</comp>

<comp id="4151" class="1005" name="row_buf_6_reg_4151">
<pin_list>
<pin id="4152" dir="0" index="0" bw="12" slack="0"/>
<pin id="4153" dir="1" index="1" bw="12" slack="0"/>
</pin_list>
<bind>
<opset="row_buf_6 "/>
</bind>
</comp>

<comp id="4157" class="1005" name="row_buf_7_reg_4157">
<pin_list>
<pin id="4158" dir="0" index="0" bw="12" slack="0"/>
<pin id="4159" dir="1" index="1" bw="12" slack="0"/>
</pin_list>
<bind>
<opset="row_buf_7 "/>
</bind>
</comp>

<comp id="4163" class="1005" name="row_buf_8_reg_4163">
<pin_list>
<pin id="4164" dir="0" index="0" bw="12" slack="0"/>
<pin id="4165" dir="1" index="1" bw="12" slack="0"/>
</pin_list>
<bind>
<opset="row_buf_8 "/>
</bind>
</comp>

<comp id="4169" class="1005" name="row_buf_9_reg_4169">
<pin_list>
<pin id="4170" dir="0" index="0" bw="12" slack="0"/>
<pin id="4171" dir="1" index="1" bw="12" slack="0"/>
</pin_list>
<bind>
<opset="row_buf_9 "/>
</bind>
</comp>

<comp id="4175" class="1005" name="row_buf_10_reg_4175">
<pin_list>
<pin id="4176" dir="0" index="0" bw="12" slack="0"/>
<pin id="4177" dir="1" index="1" bw="12" slack="0"/>
</pin_list>
<bind>
<opset="row_buf_10 "/>
</bind>
</comp>

<comp id="4181" class="1005" name="row_buf_11_reg_4181">
<pin_list>
<pin id="4182" dir="0" index="0" bw="12" slack="0"/>
<pin id="4183" dir="1" index="1" bw="12" slack="0"/>
</pin_list>
<bind>
<opset="row_buf_11 "/>
</bind>
</comp>

<comp id="4187" class="1005" name="row_buf_12_reg_4187">
<pin_list>
<pin id="4188" dir="0" index="0" bw="12" slack="0"/>
<pin id="4189" dir="1" index="1" bw="12" slack="0"/>
</pin_list>
<bind>
<opset="row_buf_12 "/>
</bind>
</comp>

<comp id="4193" class="1005" name="row_buf_13_reg_4193">
<pin_list>
<pin id="4194" dir="0" index="0" bw="12" slack="0"/>
<pin id="4195" dir="1" index="1" bw="12" slack="0"/>
</pin_list>
<bind>
<opset="row_buf_13 "/>
</bind>
</comp>

<comp id="4199" class="1005" name="row_buf_14_reg_4199">
<pin_list>
<pin id="4200" dir="0" index="0" bw="12" slack="0"/>
<pin id="4201" dir="1" index="1" bw="12" slack="0"/>
</pin_list>
<bind>
<opset="row_buf_14 "/>
</bind>
</comp>

<comp id="4205" class="1005" name="row_buf_15_reg_4205">
<pin_list>
<pin id="4206" dir="0" index="0" bw="12" slack="0"/>
<pin id="4207" dir="1" index="1" bw="12" slack="0"/>
</pin_list>
<bind>
<opset="row_buf_15 "/>
</bind>
</comp>

<comp id="4211" class="1005" name="row_buf_16_reg_4211">
<pin_list>
<pin id="4212" dir="0" index="0" bw="12" slack="0"/>
<pin id="4213" dir="1" index="1" bw="12" slack="0"/>
</pin_list>
<bind>
<opset="row_buf_16 "/>
</bind>
</comp>

<comp id="4217" class="1005" name="row_buf_17_reg_4217">
<pin_list>
<pin id="4218" dir="0" index="0" bw="12" slack="0"/>
<pin id="4219" dir="1" index="1" bw="12" slack="0"/>
</pin_list>
<bind>
<opset="row_buf_17 "/>
</bind>
</comp>

<comp id="4223" class="1005" name="row_buf_18_reg_4223">
<pin_list>
<pin id="4224" dir="0" index="0" bw="12" slack="0"/>
<pin id="4225" dir="1" index="1" bw="12" slack="0"/>
</pin_list>
<bind>
<opset="row_buf_18 "/>
</bind>
</comp>

<comp id="4229" class="1005" name="row_buf_19_reg_4229">
<pin_list>
<pin id="4230" dir="0" index="0" bw="12" slack="0"/>
<pin id="4231" dir="1" index="1" bw="12" slack="0"/>
</pin_list>
<bind>
<opset="row_buf_19 "/>
</bind>
</comp>

<comp id="4235" class="1005" name="icmp_ln120_reg_4235">
<pin_list>
<pin id="4236" dir="0" index="0" bw="1" slack="1"/>
<pin id="4237" dir="1" index="1" bw="1" slack="2147483647"/>
</pin_list>
<bind>
<opset="icmp_ln120 "/>
</bind>
</comp>

<comp id="4242" class="1005" name="on_stride_reg_4242">
<pin_list>
<pin id="4243" dir="0" index="0" bw="1" slack="1"/>
<pin id="4244" dir="1" index="1" bw="1" slack="2147483647"/>
</pin_list>
<bind>
<opset="on_stride "/>
</bind>
</comp>

<comp id="4246" class="1005" name="icmp_ln154_reg_4246">
<pin_list>
<pin id="4247" dir="0" index="0" bw="1" slack="1"/>
<pin id="4248" dir="1" index="1" bw="1" slack="1"/>
</pin_list>
<bind>
<opset="icmp_ln154 "/>
</bind>
</comp>

<comp id="4251" class="1005" name="trunc_ln154_reg_4251">
<pin_list>
<pin id="4252" dir="0" index="0" bw="3" slack="1"/>
<pin id="4253" dir="1" index="1" bw="3" slack="1"/>
</pin_list>
<bind>
<opset="trunc_ln154 "/>
</bind>
</comp>

<comp id="4257" class="1005" name="trunc_ln154_1_reg_4257">
<pin_list>
<pin id="4258" dir="0" index="0" bw="3" slack="1"/>
<pin id="4259" dir="1" index="1" bw="3" slack="1"/>
</pin_list>
<bind>
<opset="trunc_ln154_1 "/>
</bind>
</comp>

<comp id="4263" class="1005" name="icmp_ln154_1_reg_4263">
<pin_list>
<pin id="4264" dir="0" index="0" bw="1" slack="1"/>
<pin id="4265" dir="1" index="1" bw="1" slack="1"/>
</pin_list>
<bind>
<opset="icmp_ln154_1 "/>
</bind>
</comp>

<comp id="4268" class="1005" name="trunc_ln154_2_reg_4268">
<pin_list>
<pin id="4269" dir="0" index="0" bw="3" slack="1"/>
<pin id="4270" dir="1" index="1" bw="3" slack="1"/>
</pin_list>
<bind>
<opset="trunc_ln154_2 "/>
</bind>
</comp>

<comp id="4273" class="1005" name="trunc_ln154_3_reg_4273">
<pin_list>
<pin id="4274" dir="0" index="0" bw="3" slack="1"/>
<pin id="4275" dir="1" index="1" bw="3" slack="1"/>
</pin_list>
<bind>
<opset="trunc_ln154_3 "/>
</bind>
</comp>

<comp id="4279" class="1005" name="icmp_ln154_2_reg_4279">
<pin_list>
<pin id="4280" dir="0" index="0" bw="1" slack="1"/>
<pin id="4281" dir="1" index="1" bw="1" slack="1"/>
</pin_list>
<bind>
<opset="icmp_ln154_2 "/>
</bind>
</comp>

<comp id="4284" class="1005" name="trunc_ln154_4_reg_4284">
<pin_list>
<pin id="4285" dir="0" index="0" bw="3" slack="1"/>
<pin id="4286" dir="1" index="1" bw="3" slack="1"/>
</pin_list>
<bind>
<opset="trunc_ln154_4 "/>
</bind>
</comp>

<comp id="4289" class="1005" name="add_ln154_2_reg_4289">
<pin_list>
<pin id="4290" dir="0" index="0" bw="3" slack="1"/>
<pin id="4291" dir="1" index="1" bw="3" slack="1"/>
</pin_list>
<bind>
<opset="add_ln154_2 "/>
</bind>
</comp>

<comp id="4294" class="1005" name="icmp_ln154_3_reg_4294">
<pin_list>
<pin id="4295" dir="0" index="0" bw="1" slack="1"/>
<pin id="4296" dir="1" index="1" bw="1" slack="1"/>
</pin_list>
<bind>
<opset="icmp_ln154_3 "/>
</bind>
</comp>

<comp id="4299" class="1005" name="icmp_ln154_4_reg_4299">
<pin_list>
<pin id="4300" dir="0" index="0" bw="1" slack="1"/>
<pin id="4301" dir="1" index="1" bw="1" slack="1"/>
</pin_list>
<bind>
<opset="icmp_ln154_4 "/>
</bind>
</comp>

<comp id="4304" class="1005" name="add_ln154_4_reg_4304">
<pin_list>
<pin id="4305" dir="0" index="0" bw="3" slack="1"/>
<pin id="4306" dir="1" index="1" bw="3" slack="1"/>
</pin_list>
<bind>
<opset="add_ln154_4 "/>
</bind>
</comp>

<comp id="4309" class="1005" name="add_ln58_7_reg_4309">
<pin_list>
<pin id="4310" dir="0" index="0" bw="15" slack="1"/>
<pin id="4311" dir="1" index="1" bw="15" slack="1"/>
</pin_list>
<bind>
<opset="add_ln58_7 "/>
</bind>
</comp>

<comp id="4314" class="1005" name="add_ln58_11_reg_4314">
<pin_list>
<pin id="4315" dir="0" index="0" bw="15" slack="1"/>
<pin id="4316" dir="1" index="1" bw="15" slack="1"/>
</pin_list>
<bind>
<opset="add_ln58_11 "/>
</bind>
</comp>

<comp id="4319" class="1005" name="res_out_1_reg_4319">
<pin_list>
<pin id="4320" dir="0" index="0" bw="9" slack="1"/>
<pin id="4321" dir="1" index="1" bw="9" slack="1"/>
</pin_list>
<bind>
<opset="res_out_1 "/>
</bind>
</comp>

<comp id="4324" class="1005" name="res_out_2_reg_4324">
<pin_list>
<pin id="4325" dir="0" index="0" bw="9" slack="1"/>
<pin id="4326" dir="1" index="1" bw="9" slack="1"/>
</pin_list>
<bind>
<opset="res_out_2 "/>
</bind>
</comp>

<comp id="4329" class="1005" name="res_out_3_reg_4329">
<pin_list>
<pin id="4330" dir="0" index="0" bw="9" slack="1"/>
<pin id="4331" dir="1" index="1" bw="9" slack="1"/>
</pin_list>
<bind>
<opset="res_out_3 "/>
</bind>
</comp>

<comp id="4334" class="1005" name="res_out_4_reg_4334">
<pin_list>
<pin id="4335" dir="0" index="0" bw="9" slack="1"/>
<pin id="4336" dir="1" index="1" bw="9" slack="1"/>
</pin_list>
<bind>
<opset="res_out_4 "/>
</bind>
</comp>

<comp id="4339" class="1005" name="add_ln58_30_reg_4339">
<pin_list>
<pin id="4340" dir="0" index="0" bw="15" slack="1"/>
<pin id="4341" dir="1" index="1" bw="15" slack="1"/>
</pin_list>
<bind>
<opset="add_ln58_30 "/>
</bind>
</comp>

<comp id="4344" class="1005" name="add_ln58_34_reg_4344">
<pin_list>
<pin id="4345" dir="0" index="0" bw="15" slack="1"/>
<pin id="4346" dir="1" index="1" bw="15" slack="1"/>
</pin_list>
<bind>
<opset="add_ln58_34 "/>
</bind>
</comp>

<comp id="4349" class="1005" name="add_ln58_53_reg_4349">
<pin_list>
<pin id="4350" dir="0" index="0" bw="15" slack="1"/>
<pin id="4351" dir="1" index="1" bw="15" slack="1"/>
</pin_list>
<bind>
<opset="add_ln58_53 "/>
</bind>
</comp>

<comp id="4354" class="1005" name="add_ln58_57_reg_4354">
<pin_list>
<pin id="4355" dir="0" index="0" bw="15" slack="1"/>
<pin id="4356" dir="1" index="1" bw="15" slack="1"/>
</pin_list>
<bind>
<opset="add_ln58_57 "/>
</bind>
</comp>

<comp id="4359" class="1005" name="add_ln58_76_reg_4359">
<pin_list>
<pin id="4360" dir="0" index="0" bw="15" slack="1"/>
<pin id="4361" dir="1" index="1" bw="15" slack="1"/>
</pin_list>
<bind>
<opset="add_ln58_76 "/>
</bind>
</comp>

<comp id="4364" class="1005" name="add_ln58_82_reg_4364">
<pin_list>
<pin id="4365" dir="0" index="0" bw="15" slack="1"/>
<pin id="4366" dir="1" index="1" bw="15" slack="1"/>
</pin_list>
<bind>
<opset="add_ln58_82 "/>
</bind>
</comp>

<comp id="4369" class="1005" name="trunc_ln2_reg_4369">
<pin_list>
<pin id="4370" dir="0" index="0" bw="9" slack="1"/>
<pin id="4371" dir="1" index="1" bw="9" slack="1"/>
</pin_list>
<bind>
<opset="trunc_ln2 "/>
</bind>
</comp>

<comp id="4374" class="1005" name="trunc_ln170_1_reg_4374">
<pin_list>
<pin id="4375" dir="0" index="0" bw="9" slack="1"/>
<pin id="4376" dir="1" index="1" bw="9" slack="1"/>
</pin_list>
<bind>
<opset="trunc_ln170_1 "/>
</bind>
</comp>

<comp id="4379" class="1005" name="trunc_ln170_3_reg_4379">
<pin_list>
<pin id="4380" dir="0" index="0" bw="9" slack="1"/>
<pin id="4381" dir="1" index="1" bw="9" slack="1"/>
</pin_list>
<bind>
<opset="trunc_ln170_3 "/>
</bind>
</comp>

<comp id="4384" class="1005" name="trunc_ln170_4_reg_4384">
<pin_list>
<pin id="4385" dir="0" index="0" bw="9" slack="1"/>
<pin id="4386" dir="1" index="1" bw="9" slack="1"/>
</pin_list>
<bind>
<opset="trunc_ln170_4 "/>
</bind>
</comp>

<comp id="4389" class="1005" name="trunc_ln170_5_reg_4389">
<pin_list>
<pin id="4390" dir="0" index="0" bw="9" slack="1"/>
<pin id="4391" dir="1" index="1" bw="9" slack="1"/>
</pin_list>
<bind>
<opset="trunc_ln170_5 "/>
</bind>
</comp>

<comp id="4394" class="1005" name="trunc_ln170_6_reg_4394">
<pin_list>
<pin id="4395" dir="0" index="0" bw="9" slack="1"/>
<pin id="4396" dir="1" index="1" bw="9" slack="1"/>
</pin_list>
<bind>
<opset="trunc_ln170_6 "/>
</bind>
</comp>

<comp id="4399" class="1005" name="trunc_ln170_7_reg_4399">
<pin_list>
<pin id="4400" dir="0" index="0" bw="9" slack="1"/>
<pin id="4401" dir="1" index="1" bw="9" slack="1"/>
</pin_list>
<bind>
<opset="trunc_ln170_7 "/>
</bind>
</comp>

<comp id="4404" class="1005" name="trunc_ln170_8_reg_4404">
<pin_list>
<pin id="4405" dir="0" index="0" bw="9" slack="1"/>
<pin id="4406" dir="1" index="1" bw="9" slack="1"/>
</pin_list>
<bind>
<opset="trunc_ln170_8 "/>
</bind>
</comp>

<comp id="4409" class="1005" name="trunc_ln170_s_reg_4409">
<pin_list>
<pin id="4410" dir="0" index="0" bw="9" slack="1"/>
<pin id="4411" dir="1" index="1" bw="9" slack="1"/>
</pin_list>
<bind>
<opset="trunc_ln170_s "/>
</bind>
</comp>

<comp id="4414" class="1005" name="trunc_ln170_10_reg_4414">
<pin_list>
<pin id="4415" dir="0" index="0" bw="9" slack="1"/>
<pin id="4416" dir="1" index="1" bw="9" slack="1"/>
</pin_list>
<bind>
<opset="trunc_ln170_10 "/>
</bind>
</comp>

<comp id="4419" class="1005" name="trunc_ln170_11_reg_4419">
<pin_list>
<pin id="4420" dir="0" index="0" bw="9" slack="1"/>
<pin id="4421" dir="1" index="1" bw="9" slack="1"/>
</pin_list>
<bind>
<opset="trunc_ln170_11 "/>
</bind>
</comp>

<comp id="4424" class="1005" name="trunc_ln170_12_reg_4424">
<pin_list>
<pin id="4425" dir="0" index="0" bw="9" slack="1"/>
<pin id="4426" dir="1" index="1" bw="9" slack="1"/>
</pin_list>
<bind>
<opset="trunc_ln170_12 "/>
</bind>
</comp>

<comp id="4429" class="1005" name="trunc_ln170_13_reg_4429">
<pin_list>
<pin id="4430" dir="0" index="0" bw="9" slack="1"/>
<pin id="4431" dir="1" index="1" bw="9" slack="1"/>
</pin_list>
<bind>
<opset="trunc_ln170_13 "/>
</bind>
</comp>

<comp id="4434" class="1005" name="trunc_ln170_14_reg_4434">
<pin_list>
<pin id="4435" dir="0" index="0" bw="9" slack="1"/>
<pin id="4436" dir="1" index="1" bw="9" slack="1"/>
</pin_list>
<bind>
<opset="trunc_ln170_14 "/>
</bind>
</comp>

<comp id="4439" class="1005" name="trunc_ln170_16_reg_4439">
<pin_list>
<pin id="4440" dir="0" index="0" bw="9" slack="1"/>
<pin id="4441" dir="1" index="1" bw="9" slack="1"/>
</pin_list>
<bind>
<opset="trunc_ln170_16 "/>
</bind>
</comp>

<comp id="4444" class="1005" name="trunc_ln170_17_reg_4444">
<pin_list>
<pin id="4445" dir="0" index="0" bw="9" slack="1"/>
<pin id="4446" dir="1" index="1" bw="9" slack="1"/>
</pin_list>
<bind>
<opset="trunc_ln170_17 "/>
</bind>
</comp>

<comp id="4449" class="1005" name="trunc_ln170_18_reg_4449">
<pin_list>
<pin id="4450" dir="0" index="0" bw="9" slack="1"/>
<pin id="4451" dir="1" index="1" bw="9" slack="1"/>
</pin_list>
<bind>
<opset="trunc_ln170_18 "/>
</bind>
</comp>

<comp id="4454" class="1005" name="trunc_ln170_19_reg_4454">
<pin_list>
<pin id="4455" dir="0" index="0" bw="9" slack="1"/>
<pin id="4456" dir="1" index="1" bw="9" slack="1"/>
</pin_list>
<bind>
<opset="trunc_ln170_19 "/>
</bind>
</comp>

<comp id="4459" class="1005" name="trunc_ln170_20_reg_4459">
<pin_list>
<pin id="4460" dir="0" index="0" bw="9" slack="1"/>
<pin id="4461" dir="1" index="1" bw="9" slack="1"/>
</pin_list>
<bind>
<opset="trunc_ln170_20 "/>
</bind>
</comp>

<comp id="4464" class="1005" name="trunc_ln170_21_reg_4464">
<pin_list>
<pin id="4465" dir="0" index="0" bw="9" slack="1"/>
<pin id="4466" dir="1" index="1" bw="9" slack="1"/>
</pin_list>
<bind>
<opset="trunc_ln170_21 "/>
</bind>
</comp>

</comp_list>

<net_list>
<net id="137"><net_src comp="4" pin="0"/><net_sink comp="134" pin=0"/></net>

<net id="141"><net_src comp="4" pin="0"/><net_sink comp="138" pin=0"/></net>

<net id="145"><net_src comp="4" pin="0"/><net_sink comp="142" pin=0"/></net>

<net id="149"><net_src comp="20" pin="0"/><net_sink comp="146" pin=0"/></net>

<net id="153"><net_src comp="20" pin="0"/><net_sink comp="150" pin=0"/></net>

<net id="157"><net_src comp="20" pin="0"/><net_sink comp="154" pin=0"/></net>

<net id="161"><net_src comp="20" pin="0"/><net_sink comp="158" pin=0"/></net>

<net id="165"><net_src comp="20" pin="0"/><net_sink comp="162" pin=0"/></net>

<net id="169"><net_src comp="20" pin="0"/><net_sink comp="166" pin=0"/></net>

<net id="173"><net_src comp="20" pin="0"/><net_sink comp="170" pin=0"/></net>

<net id="177"><net_src comp="20" pin="0"/><net_sink comp="174" pin=0"/></net>

<net id="181"><net_src comp="20" pin="0"/><net_sink comp="178" pin=0"/></net>

<net id="185"><net_src comp="20" pin="0"/><net_sink comp="182" pin=0"/></net>

<net id="189"><net_src comp="20" pin="0"/><net_sink comp="186" pin=0"/></net>

<net id="193"><net_src comp="20" pin="0"/><net_sink comp="190" pin=0"/></net>

<net id="197"><net_src comp="20" pin="0"/><net_sink comp="194" pin=0"/></net>

<net id="201"><net_src comp="20" pin="0"/><net_sink comp="198" pin=0"/></net>

<net id="205"><net_src comp="20" pin="0"/><net_sink comp="202" pin=0"/></net>

<net id="209"><net_src comp="20" pin="0"/><net_sink comp="206" pin=0"/></net>

<net id="213"><net_src comp="20" pin="0"/><net_sink comp="210" pin=0"/></net>

<net id="217"><net_src comp="20" pin="0"/><net_sink comp="214" pin=0"/></net>

<net id="221"><net_src comp="20" pin="0"/><net_sink comp="218" pin=0"/></net>

<net id="225"><net_src comp="20" pin="0"/><net_sink comp="222" pin=0"/></net>

<net id="230"><net_src comp="38" pin="0"/><net_sink comp="226" pin=0"/></net>

<net id="231"><net_src comp="0" pin="0"/><net_sink comp="226" pin=1"/></net>

<net id="237"><net_src comp="132" pin="0"/><net_sink comp="232" pin=0"/></net>

<net id="238"><net_src comp="2" pin="0"/><net_sink comp="232" pin=1"/></net>

<net id="837"><net_src comp="94" pin="0"/><net_sink comp="265" pin=1"/></net>

<net id="841"><net_src comp="94" pin="0"/><net_sink comp="266" pin=1"/></net>

<net id="845"><net_src comp="94" pin="0"/><net_sink comp="261" pin=1"/></net>

<net id="849"><net_src comp="94" pin="0"/><net_sink comp="251" pin=1"/></net>

<net id="853"><net_src comp="265" pin="2"/><net_sink comp="850" pin=0"/></net>

<net id="857"><net_src comp="266" pin="2"/><net_sink comp="854" pin=0"/></net>

<net id="861"><net_src comp="261" pin="2"/><net_sink comp="858" pin=0"/></net>

<net id="865"><net_src comp="251" pin="2"/><net_sink comp="862" pin=0"/></net>

<net id="871"><net_src comp="10" pin="0"/><net_sink comp="867" pin=0"/></net>

<net id="876"><net_src comp="10" pin="0"/><net_sink comp="872" pin=0"/></net>

<net id="881"><net_src comp="22" pin="0"/><net_sink comp="877" pin=0"/></net>

<net id="895"><net_src comp="882" pin="1"/><net_sink comp="891" pin=0"/></net>

<net id="896"><net_src comp="24" pin="0"/><net_sink comp="891" pin=1"/></net>

<net id="901"><net_src comp="882" pin="1"/><net_sink comp="897" pin=0"/></net>

<net id="902"><net_src comp="26" pin="0"/><net_sink comp="897" pin=1"/></net>

<net id="906"><net_src comp="888" pin="1"/><net_sink comp="903" pin=0"/></net>

<net id="910"><net_src comp="226" pin="2"/><net_sink comp="907" pin=0"/></net>

<net id="917"><net_src comp="40" pin="0"/><net_sink comp="911" pin=0"/></net>

<net id="918"><net_src comp="226" pin="2"/><net_sink comp="911" pin=1"/></net>

<net id="919"><net_src comp="42" pin="0"/><net_sink comp="911" pin=2"/></net>

<net id="920"><net_src comp="44" pin="0"/><net_sink comp="911" pin=3"/></net>

<net id="927"><net_src comp="40" pin="0"/><net_sink comp="921" pin=0"/></net>

<net id="928"><net_src comp="226" pin="2"/><net_sink comp="921" pin=1"/></net>

<net id="929"><net_src comp="46" pin="0"/><net_sink comp="921" pin=2"/></net>

<net id="930"><net_src comp="48" pin="0"/><net_sink comp="921" pin=3"/></net>

<net id="937"><net_src comp="40" pin="0"/><net_sink comp="931" pin=0"/></net>

<net id="938"><net_src comp="226" pin="2"/><net_sink comp="931" pin=1"/></net>

<net id="939"><net_src comp="50" pin="0"/><net_sink comp="931" pin=2"/></net>

<net id="940"><net_src comp="52" pin="0"/><net_sink comp="931" pin=3"/></net>

<net id="945"><net_src comp="907" pin="1"/><net_sink comp="941" pin=0"/></net>

<net id="950"><net_src comp="911" pin="4"/><net_sink comp="946" pin=0"/></net>

<net id="955"><net_src comp="921" pin="4"/><net_sink comp="951" pin=0"/></net>

<net id="960"><net_src comp="931" pin="4"/><net_sink comp="956" pin=0"/></net>

<net id="965"><net_src comp="907" pin="1"/><net_sink comp="961" pin=0"/></net>

<net id="970"><net_src comp="911" pin="4"/><net_sink comp="966" pin=0"/></net>

<net id="975"><net_src comp="921" pin="4"/><net_sink comp="971" pin=0"/></net>

<net id="980"><net_src comp="931" pin="4"/><net_sink comp="976" pin=0"/></net>

<net id="985"><net_src comp="907" pin="1"/><net_sink comp="981" pin=0"/></net>

<net id="990"><net_src comp="911" pin="4"/><net_sink comp="986" pin=0"/></net>

<net id="995"><net_src comp="921" pin="4"/><net_sink comp="991" pin=0"/></net>

<net id="1000"><net_src comp="931" pin="4"/><net_sink comp="996" pin=0"/></net>

<net id="1005"><net_src comp="907" pin="1"/><net_sink comp="1001" pin=0"/></net>

<net id="1010"><net_src comp="911" pin="4"/><net_sink comp="1006" pin=0"/></net>

<net id="1015"><net_src comp="921" pin="4"/><net_sink comp="1011" pin=0"/></net>

<net id="1020"><net_src comp="931" pin="4"/><net_sink comp="1016" pin=0"/></net>

<net id="1025"><net_src comp="907" pin="1"/><net_sink comp="1021" pin=0"/></net>

<net id="1030"><net_src comp="911" pin="4"/><net_sink comp="1026" pin=0"/></net>

<net id="1035"><net_src comp="921" pin="4"/><net_sink comp="1031" pin=0"/></net>

<net id="1040"><net_src comp="931" pin="4"/><net_sink comp="1036" pin=0"/></net>

<net id="1045"><net_src comp="888" pin="1"/><net_sink comp="1041" pin=0"/></net>

<net id="1046"><net_src comp="62" pin="0"/><net_sink comp="1041" pin=1"/></net>

<net id="1051"><net_src comp="888" pin="1"/><net_sink comp="1047" pin=0"/></net>

<net id="1052"><net_src comp="4" pin="0"/><net_sink comp="1047" pin=1"/></net>

<net id="1058"><net_src comp="1041" pin="2"/><net_sink comp="1053" pin=0"/></net>

<net id="1059"><net_src comp="10" pin="0"/><net_sink comp="1053" pin=1"/></net>

<net id="1060"><net_src comp="1047" pin="2"/><net_sink comp="1053" pin=2"/></net>

<net id="1067"><net_src comp="64" pin="0"/><net_sink comp="1061" pin=0"/></net>

<net id="1068"><net_src comp="882" pin="1"/><net_sink comp="1061" pin=1"/></net>

<net id="1069"><net_src comp="66" pin="0"/><net_sink comp="1061" pin=2"/></net>

<net id="1070"><net_src comp="68" pin="0"/><net_sink comp="1061" pin=3"/></net>

<net id="1075"><net_src comp="1061" pin="4"/><net_sink comp="1071" pin=0"/></net>

<net id="1076"><net_src comp="70" pin="0"/><net_sink comp="1071" pin=1"/></net>

<net id="1081"><net_src comp="885" pin="1"/><net_sink comp="1077" pin=0"/></net>

<net id="1082"><net_src comp="10" pin="0"/><net_sink comp="1077" pin=1"/></net>

<net id="1087"><net_src comp="1071" pin="2"/><net_sink comp="1083" pin=0"/></net>

<net id="1088"><net_src comp="1077" pin="2"/><net_sink comp="1083" pin=1"/></net>

<net id="1093"><net_src comp="1053" pin="3"/><net_sink comp="1089" pin=0"/></net>

<net id="1094"><net_src comp="72" pin="0"/><net_sink comp="1089" pin=1"/></net>

<net id="1099"><net_src comp="1053" pin="3"/><net_sink comp="1095" pin=0"/></net>

<net id="1100"><net_src comp="74" pin="0"/><net_sink comp="1095" pin=1"/></net>

<net id="1104"><net_src comp="1053" pin="3"/><net_sink comp="1101" pin=0"/></net>

<net id="1108"><net_src comp="1095" pin="2"/><net_sink comp="1105" pin=0"/></net>

<net id="1113"><net_src comp="1053" pin="3"/><net_sink comp="1109" pin=0"/></net>

<net id="1114"><net_src comp="4" pin="0"/><net_sink comp="1109" pin=1"/></net>

<net id="1119"><net_src comp="1109" pin="2"/><net_sink comp="1115" pin=0"/></net>

<net id="1120"><net_src comp="72" pin="0"/><net_sink comp="1115" pin=1"/></net>

<net id="1125"><net_src comp="1053" pin="3"/><net_sink comp="1121" pin=0"/></net>

<net id="1126"><net_src comp="62" pin="0"/><net_sink comp="1121" pin=1"/></net>

<net id="1130"><net_src comp="1109" pin="2"/><net_sink comp="1127" pin=0"/></net>

<net id="1134"><net_src comp="1121" pin="2"/><net_sink comp="1131" pin=0"/></net>

<net id="1139"><net_src comp="1053" pin="3"/><net_sink comp="1135" pin=0"/></net>

<net id="1140"><net_src comp="66" pin="0"/><net_sink comp="1135" pin=1"/></net>

<net id="1145"><net_src comp="1135" pin="2"/><net_sink comp="1141" pin=0"/></net>

<net id="1146"><net_src comp="72" pin="0"/><net_sink comp="1141" pin=1"/></net>

<net id="1150"><net_src comp="1135" pin="2"/><net_sink comp="1147" pin=0"/></net>

<net id="1155"><net_src comp="1101" pin="1"/><net_sink comp="1151" pin=0"/></net>

<net id="1156"><net_src comp="76" pin="0"/><net_sink comp="1151" pin=1"/></net>

<net id="1161"><net_src comp="1095" pin="2"/><net_sink comp="1157" pin=0"/></net>

<net id="1162"><net_src comp="72" pin="0"/><net_sink comp="1157" pin=1"/></net>

<net id="1167"><net_src comp="1121" pin="2"/><net_sink comp="1163" pin=0"/></net>

<net id="1168"><net_src comp="72" pin="0"/><net_sink comp="1163" pin=1"/></net>

<net id="1173"><net_src comp="1101" pin="1"/><net_sink comp="1169" pin=0"/></net>

<net id="1174"><net_src comp="78" pin="0"/><net_sink comp="1169" pin=1"/></net>

<net id="1179"><net_src comp="885" pin="1"/><net_sink comp="1175" pin=0"/></net>

<net id="1180"><net_src comp="66" pin="0"/><net_sink comp="1175" pin=1"/></net>

<net id="1185"><net_src comp="885" pin="1"/><net_sink comp="1181" pin=0"/></net>

<net id="1186"><net_src comp="4" pin="0"/><net_sink comp="1181" pin=1"/></net>

<net id="1192"><net_src comp="1175" pin="2"/><net_sink comp="1187" pin=0"/></net>

<net id="1193"><net_src comp="10" pin="0"/><net_sink comp="1187" pin=1"/></net>

<net id="1194"><net_src comp="1181" pin="2"/><net_sink comp="1187" pin=2"/></net>

<net id="1200"><net_src comp="1071" pin="2"/><net_sink comp="1195" pin=0"/></net>

<net id="1201"><net_src comp="1187" pin="3"/><net_sink comp="1195" pin=1"/></net>

<net id="1202"><net_src comp="885" pin="1"/><net_sink comp="1195" pin=2"/></net>

<net id="1207"><net_src comp="1053" pin="3"/><net_sink comp="1203" pin=0"/></net>

<net id="1212"><net_src comp="1195" pin="3"/><net_sink comp="1208" pin=0"/></net>

<net id="1217"><net_src comp="897" pin="2"/><net_sink comp="1213" pin=0"/></net>

<net id="1253"><net_src comp="80" pin="0"/><net_sink comp="1238" pin=0"/></net>

<net id="1254"><net_src comp="54" pin="0"/><net_sink comp="1238" pin=1"/></net>

<net id="1255"><net_src comp="1223" pin="1"/><net_sink comp="1238" pin=2"/></net>

<net id="1256"><net_src comp="56" pin="0"/><net_sink comp="1238" pin=3"/></net>

<net id="1257"><net_src comp="1226" pin="1"/><net_sink comp="1238" pin=4"/></net>

<net id="1258"><net_src comp="58" pin="0"/><net_sink comp="1238" pin=5"/></net>

<net id="1259"><net_src comp="1229" pin="1"/><net_sink comp="1238" pin=6"/></net>

<net id="1260"><net_src comp="60" pin="0"/><net_sink comp="1238" pin=7"/></net>

<net id="1261"><net_src comp="1232" pin="1"/><net_sink comp="1238" pin=8"/></net>

<net id="1262"><net_src comp="82" pin="0"/><net_sink comp="1238" pin=9"/></net>

<net id="1263"><net_src comp="1235" pin="1"/><net_sink comp="1238" pin=10"/></net>

<net id="1264"><net_src comp="84" pin="0"/><net_sink comp="1238" pin=11"/></net>

<net id="1265"><net_src comp="1218" pin="3"/><net_sink comp="1238" pin=12"/></net>

<net id="1280"><net_src comp="86" pin="0"/><net_sink comp="1276" pin=1"/></net>

<net id="1286"><net_src comp="1276" pin="2"/><net_sink comp="1281" pin=2"/></net>

<net id="1307"><net_src comp="80" pin="0"/><net_sink comp="1292" pin=0"/></net>

<net id="1308"><net_src comp="54" pin="0"/><net_sink comp="1292" pin=1"/></net>

<net id="1309"><net_src comp="1223" pin="1"/><net_sink comp="1292" pin=2"/></net>

<net id="1310"><net_src comp="56" pin="0"/><net_sink comp="1292" pin=3"/></net>

<net id="1311"><net_src comp="1226" pin="1"/><net_sink comp="1292" pin=4"/></net>

<net id="1312"><net_src comp="58" pin="0"/><net_sink comp="1292" pin=5"/></net>

<net id="1313"><net_src comp="1229" pin="1"/><net_sink comp="1292" pin=6"/></net>

<net id="1314"><net_src comp="60" pin="0"/><net_sink comp="1292" pin=7"/></net>

<net id="1315"><net_src comp="1232" pin="1"/><net_sink comp="1292" pin=8"/></net>

<net id="1316"><net_src comp="82" pin="0"/><net_sink comp="1292" pin=9"/></net>

<net id="1317"><net_src comp="1235" pin="1"/><net_sink comp="1292" pin=10"/></net>

<net id="1318"><net_src comp="84" pin="0"/><net_sink comp="1292" pin=11"/></net>

<net id="1319"><net_src comp="1266" pin="3"/><net_sink comp="1292" pin=12"/></net>

<net id="1335"><net_src comp="80" pin="0"/><net_sink comp="1320" pin=0"/></net>

<net id="1336"><net_src comp="54" pin="0"/><net_sink comp="1320" pin=1"/></net>

<net id="1337"><net_src comp="1223" pin="1"/><net_sink comp="1320" pin=2"/></net>

<net id="1338"><net_src comp="56" pin="0"/><net_sink comp="1320" pin=3"/></net>

<net id="1339"><net_src comp="1226" pin="1"/><net_sink comp="1320" pin=4"/></net>

<net id="1340"><net_src comp="58" pin="0"/><net_sink comp="1320" pin=5"/></net>

<net id="1341"><net_src comp="1229" pin="1"/><net_sink comp="1320" pin=6"/></net>

<net id="1342"><net_src comp="60" pin="0"/><net_sink comp="1320" pin=7"/></net>

<net id="1343"><net_src comp="1232" pin="1"/><net_sink comp="1320" pin=8"/></net>

<net id="1344"><net_src comp="82" pin="0"/><net_sink comp="1320" pin=9"/></net>

<net id="1345"><net_src comp="1235" pin="1"/><net_sink comp="1320" pin=10"/></net>

<net id="1346"><net_src comp="84" pin="0"/><net_sink comp="1320" pin=11"/></net>

<net id="1347"><net_src comp="1271" pin="3"/><net_sink comp="1320" pin=12"/></net>

<net id="1363"><net_src comp="80" pin="0"/><net_sink comp="1348" pin=0"/></net>

<net id="1364"><net_src comp="54" pin="0"/><net_sink comp="1348" pin=1"/></net>

<net id="1365"><net_src comp="1223" pin="1"/><net_sink comp="1348" pin=2"/></net>

<net id="1366"><net_src comp="56" pin="0"/><net_sink comp="1348" pin=3"/></net>

<net id="1367"><net_src comp="1226" pin="1"/><net_sink comp="1348" pin=4"/></net>

<net id="1368"><net_src comp="58" pin="0"/><net_sink comp="1348" pin=5"/></net>

<net id="1369"><net_src comp="1229" pin="1"/><net_sink comp="1348" pin=6"/></net>

<net id="1370"><net_src comp="60" pin="0"/><net_sink comp="1348" pin=7"/></net>

<net id="1371"><net_src comp="1232" pin="1"/><net_sink comp="1348" pin=8"/></net>

<net id="1372"><net_src comp="82" pin="0"/><net_sink comp="1348" pin=9"/></net>

<net id="1373"><net_src comp="1235" pin="1"/><net_sink comp="1348" pin=10"/></net>

<net id="1374"><net_src comp="84" pin="0"/><net_sink comp="1348" pin=11"/></net>

<net id="1375"><net_src comp="1281" pin="3"/><net_sink comp="1348" pin=12"/></net>

<net id="1391"><net_src comp="80" pin="0"/><net_sink comp="1376" pin=0"/></net>

<net id="1392"><net_src comp="54" pin="0"/><net_sink comp="1376" pin=1"/></net>

<net id="1393"><net_src comp="1223" pin="1"/><net_sink comp="1376" pin=2"/></net>

<net id="1394"><net_src comp="56" pin="0"/><net_sink comp="1376" pin=3"/></net>

<net id="1395"><net_src comp="1226" pin="1"/><net_sink comp="1376" pin=4"/></net>

<net id="1396"><net_src comp="58" pin="0"/><net_sink comp="1376" pin=5"/></net>

<net id="1397"><net_src comp="1229" pin="1"/><net_sink comp="1376" pin=6"/></net>

<net id="1398"><net_src comp="60" pin="0"/><net_sink comp="1376" pin=7"/></net>

<net id="1399"><net_src comp="1232" pin="1"/><net_sink comp="1376" pin=8"/></net>

<net id="1400"><net_src comp="82" pin="0"/><net_sink comp="1376" pin=9"/></net>

<net id="1401"><net_src comp="1235" pin="1"/><net_sink comp="1376" pin=10"/></net>

<net id="1402"><net_src comp="84" pin="0"/><net_sink comp="1376" pin=11"/></net>

<net id="1403"><net_src comp="1287" pin="3"/><net_sink comp="1376" pin=12"/></net>

<net id="1434"><net_src comp="80" pin="0"/><net_sink comp="1419" pin=0"/></net>

<net id="1435"><net_src comp="54" pin="0"/><net_sink comp="1419" pin=1"/></net>

<net id="1436"><net_src comp="1404" pin="1"/><net_sink comp="1419" pin=2"/></net>

<net id="1437"><net_src comp="56" pin="0"/><net_sink comp="1419" pin=3"/></net>

<net id="1438"><net_src comp="1407" pin="1"/><net_sink comp="1419" pin=4"/></net>

<net id="1439"><net_src comp="58" pin="0"/><net_sink comp="1419" pin=5"/></net>

<net id="1440"><net_src comp="1410" pin="1"/><net_sink comp="1419" pin=6"/></net>

<net id="1441"><net_src comp="60" pin="0"/><net_sink comp="1419" pin=7"/></net>

<net id="1442"><net_src comp="1413" pin="1"/><net_sink comp="1419" pin=8"/></net>

<net id="1443"><net_src comp="82" pin="0"/><net_sink comp="1419" pin=9"/></net>

<net id="1444"><net_src comp="1416" pin="1"/><net_sink comp="1419" pin=10"/></net>

<net id="1445"><net_src comp="84" pin="0"/><net_sink comp="1419" pin=11"/></net>

<net id="1446"><net_src comp="1218" pin="3"/><net_sink comp="1419" pin=12"/></net>

<net id="1462"><net_src comp="80" pin="0"/><net_sink comp="1447" pin=0"/></net>

<net id="1463"><net_src comp="54" pin="0"/><net_sink comp="1447" pin=1"/></net>

<net id="1464"><net_src comp="1404" pin="1"/><net_sink comp="1447" pin=2"/></net>

<net id="1465"><net_src comp="56" pin="0"/><net_sink comp="1447" pin=3"/></net>

<net id="1466"><net_src comp="1407" pin="1"/><net_sink comp="1447" pin=4"/></net>

<net id="1467"><net_src comp="58" pin="0"/><net_sink comp="1447" pin=5"/></net>

<net id="1468"><net_src comp="1410" pin="1"/><net_sink comp="1447" pin=6"/></net>

<net id="1469"><net_src comp="60" pin="0"/><net_sink comp="1447" pin=7"/></net>

<net id="1470"><net_src comp="1413" pin="1"/><net_sink comp="1447" pin=8"/></net>

<net id="1471"><net_src comp="82" pin="0"/><net_sink comp="1447" pin=9"/></net>

<net id="1472"><net_src comp="1416" pin="1"/><net_sink comp="1447" pin=10"/></net>

<net id="1473"><net_src comp="84" pin="0"/><net_sink comp="1447" pin=11"/></net>

<net id="1474"><net_src comp="1266" pin="3"/><net_sink comp="1447" pin=12"/></net>

<net id="1490"><net_src comp="80" pin="0"/><net_sink comp="1475" pin=0"/></net>

<net id="1491"><net_src comp="54" pin="0"/><net_sink comp="1475" pin=1"/></net>

<net id="1492"><net_src comp="1404" pin="1"/><net_sink comp="1475" pin=2"/></net>

<net id="1493"><net_src comp="56" pin="0"/><net_sink comp="1475" pin=3"/></net>

<net id="1494"><net_src comp="1407" pin="1"/><net_sink comp="1475" pin=4"/></net>

<net id="1495"><net_src comp="58" pin="0"/><net_sink comp="1475" pin=5"/></net>

<net id="1496"><net_src comp="1410" pin="1"/><net_sink comp="1475" pin=6"/></net>

<net id="1497"><net_src comp="60" pin="0"/><net_sink comp="1475" pin=7"/></net>

<net id="1498"><net_src comp="1413" pin="1"/><net_sink comp="1475" pin=8"/></net>

<net id="1499"><net_src comp="82" pin="0"/><net_sink comp="1475" pin=9"/></net>

<net id="1500"><net_src comp="1416" pin="1"/><net_sink comp="1475" pin=10"/></net>

<net id="1501"><net_src comp="84" pin="0"/><net_sink comp="1475" pin=11"/></net>

<net id="1502"><net_src comp="1271" pin="3"/><net_sink comp="1475" pin=12"/></net>

<net id="1518"><net_src comp="80" pin="0"/><net_sink comp="1503" pin=0"/></net>

<net id="1519"><net_src comp="54" pin="0"/><net_sink comp="1503" pin=1"/></net>

<net id="1520"><net_src comp="1404" pin="1"/><net_sink comp="1503" pin=2"/></net>

<net id="1521"><net_src comp="56" pin="0"/><net_sink comp="1503" pin=3"/></net>

<net id="1522"><net_src comp="1407" pin="1"/><net_sink comp="1503" pin=4"/></net>

<net id="1523"><net_src comp="58" pin="0"/><net_sink comp="1503" pin=5"/></net>

<net id="1524"><net_src comp="1410" pin="1"/><net_sink comp="1503" pin=6"/></net>

<net id="1525"><net_src comp="60" pin="0"/><net_sink comp="1503" pin=7"/></net>

<net id="1526"><net_src comp="1413" pin="1"/><net_sink comp="1503" pin=8"/></net>

<net id="1527"><net_src comp="82" pin="0"/><net_sink comp="1503" pin=9"/></net>

<net id="1528"><net_src comp="1416" pin="1"/><net_sink comp="1503" pin=10"/></net>

<net id="1529"><net_src comp="84" pin="0"/><net_sink comp="1503" pin=11"/></net>

<net id="1530"><net_src comp="1281" pin="3"/><net_sink comp="1503" pin=12"/></net>

<net id="1546"><net_src comp="80" pin="0"/><net_sink comp="1531" pin=0"/></net>

<net id="1547"><net_src comp="54" pin="0"/><net_sink comp="1531" pin=1"/></net>

<net id="1548"><net_src comp="1404" pin="1"/><net_sink comp="1531" pin=2"/></net>

<net id="1549"><net_src comp="56" pin="0"/><net_sink comp="1531" pin=3"/></net>

<net id="1550"><net_src comp="1407" pin="1"/><net_sink comp="1531" pin=4"/></net>

<net id="1551"><net_src comp="58" pin="0"/><net_sink comp="1531" pin=5"/></net>

<net id="1552"><net_src comp="1410" pin="1"/><net_sink comp="1531" pin=6"/></net>

<net id="1553"><net_src comp="60" pin="0"/><net_sink comp="1531" pin=7"/></net>

<net id="1554"><net_src comp="1413" pin="1"/><net_sink comp="1531" pin=8"/></net>

<net id="1555"><net_src comp="82" pin="0"/><net_sink comp="1531" pin=9"/></net>

<net id="1556"><net_src comp="1416" pin="1"/><net_sink comp="1531" pin=10"/></net>

<net id="1557"><net_src comp="84" pin="0"/><net_sink comp="1531" pin=11"/></net>

<net id="1558"><net_src comp="1287" pin="3"/><net_sink comp="1531" pin=12"/></net>

<net id="1589"><net_src comp="80" pin="0"/><net_sink comp="1574" pin=0"/></net>

<net id="1590"><net_src comp="54" pin="0"/><net_sink comp="1574" pin=1"/></net>

<net id="1591"><net_src comp="1559" pin="1"/><net_sink comp="1574" pin=2"/></net>

<net id="1592"><net_src comp="56" pin="0"/><net_sink comp="1574" pin=3"/></net>

<net id="1593"><net_src comp="1562" pin="1"/><net_sink comp="1574" pin=4"/></net>

<net id="1594"><net_src comp="58" pin="0"/><net_sink comp="1574" pin=5"/></net>

<net id="1595"><net_src comp="1565" pin="1"/><net_sink comp="1574" pin=6"/></net>

<net id="1596"><net_src comp="60" pin="0"/><net_sink comp="1574" pin=7"/></net>

<net id="1597"><net_src comp="1568" pin="1"/><net_sink comp="1574" pin=8"/></net>

<net id="1598"><net_src comp="82" pin="0"/><net_sink comp="1574" pin=9"/></net>

<net id="1599"><net_src comp="1571" pin="1"/><net_sink comp="1574" pin=10"/></net>

<net id="1600"><net_src comp="84" pin="0"/><net_sink comp="1574" pin=11"/></net>

<net id="1601"><net_src comp="1218" pin="3"/><net_sink comp="1574" pin=12"/></net>

<net id="1617"><net_src comp="80" pin="0"/><net_sink comp="1602" pin=0"/></net>

<net id="1618"><net_src comp="54" pin="0"/><net_sink comp="1602" pin=1"/></net>

<net id="1619"><net_src comp="1559" pin="1"/><net_sink comp="1602" pin=2"/></net>

<net id="1620"><net_src comp="56" pin="0"/><net_sink comp="1602" pin=3"/></net>

<net id="1621"><net_src comp="1562" pin="1"/><net_sink comp="1602" pin=4"/></net>

<net id="1622"><net_src comp="58" pin="0"/><net_sink comp="1602" pin=5"/></net>

<net id="1623"><net_src comp="1565" pin="1"/><net_sink comp="1602" pin=6"/></net>

<net id="1624"><net_src comp="60" pin="0"/><net_sink comp="1602" pin=7"/></net>

<net id="1625"><net_src comp="1568" pin="1"/><net_sink comp="1602" pin=8"/></net>

<net id="1626"><net_src comp="82" pin="0"/><net_sink comp="1602" pin=9"/></net>

<net id="1627"><net_src comp="1571" pin="1"/><net_sink comp="1602" pin=10"/></net>

<net id="1628"><net_src comp="84" pin="0"/><net_sink comp="1602" pin=11"/></net>

<net id="1629"><net_src comp="1266" pin="3"/><net_sink comp="1602" pin=12"/></net>

<net id="1645"><net_src comp="80" pin="0"/><net_sink comp="1630" pin=0"/></net>

<net id="1646"><net_src comp="54" pin="0"/><net_sink comp="1630" pin=1"/></net>

<net id="1647"><net_src comp="1559" pin="1"/><net_sink comp="1630" pin=2"/></net>

<net id="1648"><net_src comp="56" pin="0"/><net_sink comp="1630" pin=3"/></net>

<net id="1649"><net_src comp="1562" pin="1"/><net_sink comp="1630" pin=4"/></net>

<net id="1650"><net_src comp="58" pin="0"/><net_sink comp="1630" pin=5"/></net>

<net id="1651"><net_src comp="1565" pin="1"/><net_sink comp="1630" pin=6"/></net>

<net id="1652"><net_src comp="60" pin="0"/><net_sink comp="1630" pin=7"/></net>

<net id="1653"><net_src comp="1568" pin="1"/><net_sink comp="1630" pin=8"/></net>

<net id="1654"><net_src comp="82" pin="0"/><net_sink comp="1630" pin=9"/></net>

<net id="1655"><net_src comp="1571" pin="1"/><net_sink comp="1630" pin=10"/></net>

<net id="1656"><net_src comp="84" pin="0"/><net_sink comp="1630" pin=11"/></net>

<net id="1657"><net_src comp="1271" pin="3"/><net_sink comp="1630" pin=12"/></net>

<net id="1673"><net_src comp="80" pin="0"/><net_sink comp="1658" pin=0"/></net>

<net id="1674"><net_src comp="54" pin="0"/><net_sink comp="1658" pin=1"/></net>

<net id="1675"><net_src comp="1559" pin="1"/><net_sink comp="1658" pin=2"/></net>

<net id="1676"><net_src comp="56" pin="0"/><net_sink comp="1658" pin=3"/></net>

<net id="1677"><net_src comp="1562" pin="1"/><net_sink comp="1658" pin=4"/></net>

<net id="1678"><net_src comp="58" pin="0"/><net_sink comp="1658" pin=5"/></net>

<net id="1679"><net_src comp="1565" pin="1"/><net_sink comp="1658" pin=6"/></net>

<net id="1680"><net_src comp="60" pin="0"/><net_sink comp="1658" pin=7"/></net>

<net id="1681"><net_src comp="1568" pin="1"/><net_sink comp="1658" pin=8"/></net>

<net id="1682"><net_src comp="82" pin="0"/><net_sink comp="1658" pin=9"/></net>

<net id="1683"><net_src comp="1571" pin="1"/><net_sink comp="1658" pin=10"/></net>

<net id="1684"><net_src comp="84" pin="0"/><net_sink comp="1658" pin=11"/></net>

<net id="1685"><net_src comp="1281" pin="3"/><net_sink comp="1658" pin=12"/></net>

<net id="1701"><net_src comp="80" pin="0"/><net_sink comp="1686" pin=0"/></net>

<net id="1702"><net_src comp="54" pin="0"/><net_sink comp="1686" pin=1"/></net>

<net id="1703"><net_src comp="1559" pin="1"/><net_sink comp="1686" pin=2"/></net>

<net id="1704"><net_src comp="56" pin="0"/><net_sink comp="1686" pin=3"/></net>

<net id="1705"><net_src comp="1562" pin="1"/><net_sink comp="1686" pin=4"/></net>

<net id="1706"><net_src comp="58" pin="0"/><net_sink comp="1686" pin=5"/></net>

<net id="1707"><net_src comp="1565" pin="1"/><net_sink comp="1686" pin=6"/></net>

<net id="1708"><net_src comp="60" pin="0"/><net_sink comp="1686" pin=7"/></net>

<net id="1709"><net_src comp="1568" pin="1"/><net_sink comp="1686" pin=8"/></net>

<net id="1710"><net_src comp="82" pin="0"/><net_sink comp="1686" pin=9"/></net>

<net id="1711"><net_src comp="1571" pin="1"/><net_sink comp="1686" pin=10"/></net>

<net id="1712"><net_src comp="84" pin="0"/><net_sink comp="1686" pin=11"/></net>

<net id="1713"><net_src comp="1287" pin="3"/><net_sink comp="1686" pin=12"/></net>

<net id="1744"><net_src comp="80" pin="0"/><net_sink comp="1729" pin=0"/></net>

<net id="1745"><net_src comp="54" pin="0"/><net_sink comp="1729" pin=1"/></net>

<net id="1746"><net_src comp="1714" pin="1"/><net_sink comp="1729" pin=2"/></net>

<net id="1747"><net_src comp="56" pin="0"/><net_sink comp="1729" pin=3"/></net>

<net id="1748"><net_src comp="1717" pin="1"/><net_sink comp="1729" pin=4"/></net>

<net id="1749"><net_src comp="58" pin="0"/><net_sink comp="1729" pin=5"/></net>

<net id="1750"><net_src comp="1720" pin="1"/><net_sink comp="1729" pin=6"/></net>

<net id="1751"><net_src comp="60" pin="0"/><net_sink comp="1729" pin=7"/></net>

<net id="1752"><net_src comp="1723" pin="1"/><net_sink comp="1729" pin=8"/></net>

<net id="1753"><net_src comp="82" pin="0"/><net_sink comp="1729" pin=9"/></net>

<net id="1754"><net_src comp="1726" pin="1"/><net_sink comp="1729" pin=10"/></net>

<net id="1755"><net_src comp="84" pin="0"/><net_sink comp="1729" pin=11"/></net>

<net id="1756"><net_src comp="1218" pin="3"/><net_sink comp="1729" pin=12"/></net>

<net id="1772"><net_src comp="80" pin="0"/><net_sink comp="1757" pin=0"/></net>

<net id="1773"><net_src comp="54" pin="0"/><net_sink comp="1757" pin=1"/></net>

<net id="1774"><net_src comp="1714" pin="1"/><net_sink comp="1757" pin=2"/></net>

<net id="1775"><net_src comp="56" pin="0"/><net_sink comp="1757" pin=3"/></net>

<net id="1776"><net_src comp="1717" pin="1"/><net_sink comp="1757" pin=4"/></net>

<net id="1777"><net_src comp="58" pin="0"/><net_sink comp="1757" pin=5"/></net>

<net id="1778"><net_src comp="1720" pin="1"/><net_sink comp="1757" pin=6"/></net>

<net id="1779"><net_src comp="60" pin="0"/><net_sink comp="1757" pin=7"/></net>

<net id="1780"><net_src comp="1723" pin="1"/><net_sink comp="1757" pin=8"/></net>

<net id="1781"><net_src comp="82" pin="0"/><net_sink comp="1757" pin=9"/></net>

<net id="1782"><net_src comp="1726" pin="1"/><net_sink comp="1757" pin=10"/></net>

<net id="1783"><net_src comp="84" pin="0"/><net_sink comp="1757" pin=11"/></net>

<net id="1784"><net_src comp="1266" pin="3"/><net_sink comp="1757" pin=12"/></net>

<net id="1800"><net_src comp="80" pin="0"/><net_sink comp="1785" pin=0"/></net>

<net id="1801"><net_src comp="54" pin="0"/><net_sink comp="1785" pin=1"/></net>

<net id="1802"><net_src comp="1714" pin="1"/><net_sink comp="1785" pin=2"/></net>

<net id="1803"><net_src comp="56" pin="0"/><net_sink comp="1785" pin=3"/></net>

<net id="1804"><net_src comp="1717" pin="1"/><net_sink comp="1785" pin=4"/></net>

<net id="1805"><net_src comp="58" pin="0"/><net_sink comp="1785" pin=5"/></net>

<net id="1806"><net_src comp="1720" pin="1"/><net_sink comp="1785" pin=6"/></net>

<net id="1807"><net_src comp="60" pin="0"/><net_sink comp="1785" pin=7"/></net>

<net id="1808"><net_src comp="1723" pin="1"/><net_sink comp="1785" pin=8"/></net>

<net id="1809"><net_src comp="82" pin="0"/><net_sink comp="1785" pin=9"/></net>

<net id="1810"><net_src comp="1726" pin="1"/><net_sink comp="1785" pin=10"/></net>

<net id="1811"><net_src comp="84" pin="0"/><net_sink comp="1785" pin=11"/></net>

<net id="1812"><net_src comp="1271" pin="3"/><net_sink comp="1785" pin=12"/></net>

<net id="1828"><net_src comp="80" pin="0"/><net_sink comp="1813" pin=0"/></net>

<net id="1829"><net_src comp="54" pin="0"/><net_sink comp="1813" pin=1"/></net>

<net id="1830"><net_src comp="1714" pin="1"/><net_sink comp="1813" pin=2"/></net>

<net id="1831"><net_src comp="56" pin="0"/><net_sink comp="1813" pin=3"/></net>

<net id="1832"><net_src comp="1717" pin="1"/><net_sink comp="1813" pin=4"/></net>

<net id="1833"><net_src comp="58" pin="0"/><net_sink comp="1813" pin=5"/></net>

<net id="1834"><net_src comp="1720" pin="1"/><net_sink comp="1813" pin=6"/></net>

<net id="1835"><net_src comp="60" pin="0"/><net_sink comp="1813" pin=7"/></net>

<net id="1836"><net_src comp="1723" pin="1"/><net_sink comp="1813" pin=8"/></net>

<net id="1837"><net_src comp="82" pin="0"/><net_sink comp="1813" pin=9"/></net>

<net id="1838"><net_src comp="1726" pin="1"/><net_sink comp="1813" pin=10"/></net>

<net id="1839"><net_src comp="84" pin="0"/><net_sink comp="1813" pin=11"/></net>

<net id="1840"><net_src comp="1281" pin="3"/><net_sink comp="1813" pin=12"/></net>

<net id="1856"><net_src comp="80" pin="0"/><net_sink comp="1841" pin=0"/></net>

<net id="1857"><net_src comp="54" pin="0"/><net_sink comp="1841" pin=1"/></net>

<net id="1858"><net_src comp="1714" pin="1"/><net_sink comp="1841" pin=2"/></net>

<net id="1859"><net_src comp="56" pin="0"/><net_sink comp="1841" pin=3"/></net>

<net id="1860"><net_src comp="1717" pin="1"/><net_sink comp="1841" pin=4"/></net>

<net id="1861"><net_src comp="58" pin="0"/><net_sink comp="1841" pin=5"/></net>

<net id="1862"><net_src comp="1720" pin="1"/><net_sink comp="1841" pin=6"/></net>

<net id="1863"><net_src comp="60" pin="0"/><net_sink comp="1841" pin=7"/></net>

<net id="1864"><net_src comp="1723" pin="1"/><net_sink comp="1841" pin=8"/></net>

<net id="1865"><net_src comp="82" pin="0"/><net_sink comp="1841" pin=9"/></net>

<net id="1866"><net_src comp="1726" pin="1"/><net_sink comp="1841" pin=10"/></net>

<net id="1867"><net_src comp="84" pin="0"/><net_sink comp="1841" pin=11"/></net>

<net id="1868"><net_src comp="1287" pin="3"/><net_sink comp="1841" pin=12"/></net>

<net id="1872"><net_src comp="1238" pin="13"/><net_sink comp="1869" pin=0"/></net>

<net id="1878"><net_src comp="88" pin="0"/><net_sink comp="1873" pin=0"/></net>

<net id="1879"><net_src comp="1238" pin="13"/><net_sink comp="1873" pin=1"/></net>

<net id="1880"><net_src comp="90" pin="0"/><net_sink comp="1873" pin=2"/></net>

<net id="1884"><net_src comp="1873" pin="3"/><net_sink comp="1881" pin=0"/></net>

<net id="1888"><net_src comp="1292" pin="13"/><net_sink comp="1885" pin=0"/></net>

<net id="1894"><net_src comp="92" pin="0"/><net_sink comp="1889" pin=0"/></net>

<net id="1895"><net_src comp="1292" pin="13"/><net_sink comp="1889" pin=1"/></net>

<net id="1896"><net_src comp="54" pin="0"/><net_sink comp="1889" pin=2"/></net>

<net id="1902"><net_src comp="88" pin="0"/><net_sink comp="1897" pin=0"/></net>

<net id="1903"><net_src comp="1292" pin="13"/><net_sink comp="1897" pin=1"/></net>

<net id="1904"><net_src comp="90" pin="0"/><net_sink comp="1897" pin=2"/></net>

<net id="1908"><net_src comp="1897" pin="3"/><net_sink comp="1905" pin=0"/></net>

<net id="1912"><net_src comp="1897" pin="3"/><net_sink comp="1909" pin=0"/></net>

<net id="1917"><net_src comp="1889" pin="3"/><net_sink comp="1913" pin=0"/></net>

<net id="1918"><net_src comp="1905" pin="1"/><net_sink comp="1913" pin=1"/></net>

<net id="1923"><net_src comp="1905" pin="1"/><net_sink comp="1919" pin=0"/></net>

<net id="1924"><net_src comp="1889" pin="3"/><net_sink comp="1919" pin=1"/></net>

<net id="1928"><net_src comp="1320" pin="13"/><net_sink comp="1925" pin=0"/></net>

<net id="1929"><net_src comp="1925" pin="1"/><net_sink comp="265" pin=0"/></net>

<net id="1935"><net_src comp="88" pin="0"/><net_sink comp="1930" pin=0"/></net>

<net id="1936"><net_src comp="1320" pin="13"/><net_sink comp="1930" pin=1"/></net>

<net id="1937"><net_src comp="90" pin="0"/><net_sink comp="1930" pin=2"/></net>

<net id="1941"><net_src comp="1930" pin="3"/><net_sink comp="1938" pin=0"/></net>

<net id="1945"><net_src comp="1930" pin="3"/><net_sink comp="1942" pin=0"/></net>

<net id="1951"><net_src comp="96" pin="0"/><net_sink comp="1946" pin=0"/></net>

<net id="1952"><net_src comp="1320" pin="13"/><net_sink comp="1946" pin=1"/></net>

<net id="1953"><net_src comp="98" pin="0"/><net_sink comp="1946" pin=2"/></net>

<net id="1957"><net_src comp="1946" pin="3"/><net_sink comp="1954" pin=0"/></net>

<net id="1962"><net_src comp="1954" pin="1"/><net_sink comp="1958" pin=0"/></net>

<net id="1963"><net_src comp="1925" pin="1"/><net_sink comp="1958" pin=1"/></net>

<net id="1969"><net_src comp="92" pin="0"/><net_sink comp="1964" pin=0"/></net>

<net id="1970"><net_src comp="1320" pin="13"/><net_sink comp="1964" pin=1"/></net>

<net id="1971"><net_src comp="54" pin="0"/><net_sink comp="1964" pin=2"/></net>

<net id="1975"><net_src comp="1348" pin="13"/><net_sink comp="1972" pin=0"/></net>

<net id="1979"><net_src comp="1348" pin="13"/><net_sink comp="1976" pin=0"/></net>

<net id="1985"><net_src comp="92" pin="0"/><net_sink comp="1980" pin=0"/></net>

<net id="1986"><net_src comp="1348" pin="13"/><net_sink comp="1980" pin=1"/></net>

<net id="1987"><net_src comp="54" pin="0"/><net_sink comp="1980" pin=2"/></net>

<net id="1993"><net_src comp="96" pin="0"/><net_sink comp="1988" pin=0"/></net>

<net id="1994"><net_src comp="1348" pin="13"/><net_sink comp="1988" pin=1"/></net>

<net id="1995"><net_src comp="98" pin="0"/><net_sink comp="1988" pin=2"/></net>

<net id="1999"><net_src comp="1988" pin="3"/><net_sink comp="1996" pin=0"/></net>

<net id="2004"><net_src comp="100" pin="0"/><net_sink comp="2000" pin=0"/></net>

<net id="2005"><net_src comp="1996" pin="1"/><net_sink comp="2000" pin=1"/></net>

<net id="2010"><net_src comp="2000" pin="2"/><net_sink comp="2006" pin=0"/></net>

<net id="2011"><net_src comp="1972" pin="1"/><net_sink comp="2006" pin=1"/></net>

<net id="2016"><net_src comp="100" pin="0"/><net_sink comp="2012" pin=0"/></net>

<net id="2017"><net_src comp="1980" pin="3"/><net_sink comp="2012" pin=1"/></net>

<net id="2022"><net_src comp="2012" pin="2"/><net_sink comp="2018" pin=0"/></net>

<net id="2023"><net_src comp="1972" pin="1"/><net_sink comp="2018" pin=1"/></net>

<net id="2029"><net_src comp="88" pin="0"/><net_sink comp="2024" pin=0"/></net>

<net id="2030"><net_src comp="1348" pin="13"/><net_sink comp="2024" pin=1"/></net>

<net id="2031"><net_src comp="90" pin="0"/><net_sink comp="2024" pin=2"/></net>

<net id="2035"><net_src comp="2024" pin="3"/><net_sink comp="2032" pin=0"/></net>

<net id="2040"><net_src comp="1980" pin="3"/><net_sink comp="2036" pin=0"/></net>

<net id="2041"><net_src comp="2032" pin="1"/><net_sink comp="2036" pin=1"/></net>

<net id="2045"><net_src comp="1376" pin="13"/><net_sink comp="2042" pin=0"/></net>

<net id="2049"><net_src comp="1376" pin="13"/><net_sink comp="2046" pin=0"/></net>

<net id="2055"><net_src comp="96" pin="0"/><net_sink comp="2050" pin=0"/></net>

<net id="2056"><net_src comp="1376" pin="13"/><net_sink comp="2050" pin=1"/></net>

<net id="2057"><net_src comp="98" pin="0"/><net_sink comp="2050" pin=2"/></net>

<net id="2061"><net_src comp="2050" pin="3"/><net_sink comp="2058" pin=0"/></net>

<net id="2067"><net_src comp="92" pin="0"/><net_sink comp="2062" pin=0"/></net>

<net id="2068"><net_src comp="1376" pin="13"/><net_sink comp="2062" pin=1"/></net>

<net id="2069"><net_src comp="54" pin="0"/><net_sink comp="2062" pin=2"/></net>

<net id="2074"><net_src comp="2058" pin="1"/><net_sink comp="2070" pin=0"/></net>

<net id="2075"><net_src comp="2046" pin="1"/><net_sink comp="2070" pin=1"/></net>

<net id="2080"><net_src comp="1881" pin="1"/><net_sink comp="2076" pin=0"/></net>

<net id="2081"><net_src comp="102" pin="0"/><net_sink comp="2076" pin=1"/></net>

<net id="2085"><net_src comp="2076" pin="2"/><net_sink comp="2082" pin=0"/></net>

<net id="2090"><net_src comp="1881" pin="1"/><net_sink comp="2086" pin=0"/></net>

<net id="2091"><net_src comp="104" pin="0"/><net_sink comp="2086" pin=1"/></net>

<net id="2095"><net_src comp="2086" pin="2"/><net_sink comp="2092" pin=0"/></net>

<net id="2100"><net_src comp="1909" pin="1"/><net_sink comp="2096" pin=0"/></net>

<net id="2101"><net_src comp="106" pin="0"/><net_sink comp="2096" pin=1"/></net>

<net id="2105"><net_src comp="2096" pin="2"/><net_sink comp="2102" pin=0"/></net>

<net id="2110"><net_src comp="2092" pin="1"/><net_sink comp="2106" pin=0"/></net>

<net id="2111"><net_src comp="1905" pin="1"/><net_sink comp="2106" pin=1"/></net>

<net id="2116"><net_src comp="1976" pin="1"/><net_sink comp="2112" pin=0"/></net>

<net id="2117"><net_src comp="1885" pin="1"/><net_sink comp="2112" pin=1"/></net>

<net id="2123"><net_src comp="108" pin="0"/><net_sink comp="2118" pin=0"/></net>

<net id="2124"><net_src comp="2112" pin="2"/><net_sink comp="2118" pin=1"/></net>

<net id="2125"><net_src comp="98" pin="0"/><net_sink comp="2118" pin=2"/></net>

<net id="2130"><net_src comp="1869" pin="1"/><net_sink comp="2126" pin=0"/></net>

<net id="2131"><net_src comp="110" pin="0"/><net_sink comp="2126" pin=1"/></net>

<net id="2135"><net_src comp="2126" pin="2"/><net_sink comp="2132" pin=0"/></net>

<net id="2140"><net_src comp="1958" pin="2"/><net_sink comp="2136" pin=0"/></net>

<net id="2141"><net_src comp="2132" pin="1"/><net_sink comp="2136" pin=1"/></net>

<net id="2146"><net_src comp="2136" pin="2"/><net_sink comp="2142" pin=0"/></net>

<net id="2147"><net_src comp="2118" pin="3"/><net_sink comp="2142" pin=1"/></net>

<net id="2152"><net_src comp="2102" pin="1"/><net_sink comp="2148" pin=0"/></net>

<net id="2153"><net_src comp="1938" pin="1"/><net_sink comp="2148" pin=1"/></net>

<net id="2158"><net_src comp="2148" pin="2"/><net_sink comp="2154" pin=0"/></net>

<net id="2159"><net_src comp="2006" pin="2"/><net_sink comp="2154" pin=1"/></net>

<net id="2164"><net_src comp="1980" pin="3"/><net_sink comp="2160" pin=0"/></net>

<net id="2165"><net_src comp="1889" pin="3"/><net_sink comp="2160" pin=1"/></net>

<net id="2170"><net_src comp="2082" pin="1"/><net_sink comp="2166" pin=0"/></net>

<net id="2171"><net_src comp="2058" pin="1"/><net_sink comp="2166" pin=1"/></net>

<net id="2176"><net_src comp="1976" pin="1"/><net_sink comp="2172" pin=0"/></net>

<net id="2177"><net_src comp="2042" pin="1"/><net_sink comp="2172" pin=1"/></net>

<net id="2181"><net_src comp="2172" pin="2"/><net_sink comp="2178" pin=0"/></net>

<net id="2186"><net_src comp="2178" pin="1"/><net_sink comp="2182" pin=0"/></net>

<net id="2187"><net_src comp="2166" pin="2"/><net_sink comp="2182" pin=1"/></net>

<net id="2192"><net_src comp="2042" pin="1"/><net_sink comp="2188" pin=0"/></net>

<net id="2193"><net_src comp="1869" pin="1"/><net_sink comp="2188" pin=1"/></net>

<net id="2199"><net_src comp="108" pin="0"/><net_sink comp="2194" pin=0"/></net>

<net id="2200"><net_src comp="2188" pin="2"/><net_sink comp="2194" pin=1"/></net>

<net id="2201"><net_src comp="98" pin="0"/><net_sink comp="2194" pin=2"/></net>

<net id="2206"><net_src comp="1913" pin="2"/><net_sink comp="2202" pin=0"/></net>

<net id="2207"><net_src comp="2194" pin="3"/><net_sink comp="2202" pin=1"/></net>

<net id="2212"><net_src comp="1942" pin="1"/><net_sink comp="2208" pin=0"/></net>

<net id="2213"><net_src comp="112" pin="0"/><net_sink comp="2208" pin=1"/></net>

<net id="2217"><net_src comp="2208" pin="2"/><net_sink comp="2214" pin=0"/></net>

<net id="2222"><net_src comp="2214" pin="1"/><net_sink comp="2218" pin=0"/></net>

<net id="2223"><net_src comp="2202" pin="2"/><net_sink comp="2218" pin=1"/></net>

<net id="2228"><net_src comp="1885" pin="1"/><net_sink comp="2224" pin=0"/></net>

<net id="2229"><net_src comp="1869" pin="1"/><net_sink comp="2224" pin=1"/></net>

<net id="2233"><net_src comp="2224" pin="2"/><net_sink comp="2230" pin=0"/></net>

<net id="2237"><net_src comp="2224" pin="2"/><net_sink comp="2234" pin=0"/></net>

<net id="2243"><net_src comp="92" pin="0"/><net_sink comp="2238" pin=0"/></net>

<net id="2244"><net_src comp="2234" pin="1"/><net_sink comp="2238" pin=1"/></net>

<net id="2245"><net_src comp="54" pin="0"/><net_sink comp="2238" pin=2"/></net>

<net id="2250"><net_src comp="2238" pin="3"/><net_sink comp="2246" pin=0"/></net>

<net id="2251"><net_src comp="2230" pin="1"/><net_sink comp="2246" pin=1"/></net>

<net id="2256"><net_src comp="2246" pin="2"/><net_sink comp="2252" pin=0"/></net>

<net id="2257"><net_src comp="114" pin="0"/><net_sink comp="2252" pin=1"/></net>

<net id="2262"><net_src comp="2252" pin="2"/><net_sink comp="2258" pin=0"/></net>

<net id="2263"><net_src comp="1958" pin="2"/><net_sink comp="2258" pin=1"/></net>

<net id="2268"><net_src comp="2258" pin="2"/><net_sink comp="2264" pin=0"/></net>

<net id="2269"><net_src comp="2046" pin="1"/><net_sink comp="2264" pin=1"/></net>

<net id="2274"><net_src comp="2154" pin="2"/><net_sink comp="2270" pin=0"/></net>

<net id="2275"><net_src comp="2062" pin="3"/><net_sink comp="2270" pin=1"/></net>

<net id="2280"><net_src comp="2042" pin="1"/><net_sink comp="2276" pin=0"/></net>

<net id="2281"><net_src comp="1869" pin="1"/><net_sink comp="2276" pin=1"/></net>

<net id="2285"><net_src comp="2276" pin="2"/><net_sink comp="2282" pin=0"/></net>

<net id="2291"><net_src comp="108" pin="0"/><net_sink comp="2286" pin=0"/></net>

<net id="2292"><net_src comp="2276" pin="2"/><net_sink comp="2286" pin=1"/></net>

<net id="2293"><net_src comp="98" pin="0"/><net_sink comp="2286" pin=2"/></net>

<net id="2298"><net_src comp="2282" pin="1"/><net_sink comp="2294" pin=0"/></net>

<net id="2299"><net_src comp="2286" pin="3"/><net_sink comp="2294" pin=1"/></net>

<net id="2304"><net_src comp="1919" pin="2"/><net_sink comp="2300" pin=0"/></net>

<net id="2305"><net_src comp="116" pin="0"/><net_sink comp="2300" pin=1"/></net>

<net id="2310"><net_src comp="2300" pin="2"/><net_sink comp="2306" pin=0"/></net>

<net id="2311"><net_src comp="1964" pin="3"/><net_sink comp="2306" pin=1"/></net>

<net id="2316"><net_src comp="2018" pin="2"/><net_sink comp="2312" pin=0"/></net>

<net id="2317"><net_src comp="2294" pin="2"/><net_sink comp="2312" pin=1"/></net>

<net id="2322"><net_src comp="2312" pin="2"/><net_sink comp="2318" pin=0"/></net>

<net id="2323"><net_src comp="2306" pin="2"/><net_sink comp="2318" pin=1"/></net>

<net id="2328"><net_src comp="2036" pin="2"/><net_sink comp="2324" pin=0"/></net>

<net id="2329"><net_src comp="2070" pin="2"/><net_sink comp="2324" pin=1"/></net>

<net id="2334"><net_src comp="2324" pin="2"/><net_sink comp="2330" pin=0"/></net>

<net id="2335"><net_src comp="2106" pin="2"/><net_sink comp="2330" pin=1"/></net>

<net id="2342"><net_src comp="118" pin="0"/><net_sink comp="2336" pin=0"/></net>

<net id="2343"><net_src comp="2142" pin="2"/><net_sink comp="2336" pin=1"/></net>

<net id="2344"><net_src comp="120" pin="0"/><net_sink comp="2336" pin=2"/></net>

<net id="2345"><net_src comp="122" pin="0"/><net_sink comp="2336" pin=3"/></net>

<net id="2352"><net_src comp="118" pin="0"/><net_sink comp="2346" pin=0"/></net>

<net id="2353"><net_src comp="2264" pin="2"/><net_sink comp="2346" pin=1"/></net>

<net id="2354"><net_src comp="120" pin="0"/><net_sink comp="2346" pin=2"/></net>

<net id="2355"><net_src comp="122" pin="0"/><net_sink comp="2346" pin=3"/></net>

<net id="2362"><net_src comp="118" pin="0"/><net_sink comp="2356" pin=0"/></net>

<net id="2363"><net_src comp="2270" pin="2"/><net_sink comp="2356" pin=1"/></net>

<net id="2364"><net_src comp="120" pin="0"/><net_sink comp="2356" pin=2"/></net>

<net id="2365"><net_src comp="122" pin="0"/><net_sink comp="2356" pin=3"/></net>

<net id="2372"><net_src comp="118" pin="0"/><net_sink comp="2366" pin=0"/></net>

<net id="2373"><net_src comp="2330" pin="2"/><net_sink comp="2366" pin=1"/></net>

<net id="2374"><net_src comp="120" pin="0"/><net_sink comp="2366" pin=2"/></net>

<net id="2375"><net_src comp="122" pin="0"/><net_sink comp="2366" pin=3"/></net>

<net id="2379"><net_src comp="1419" pin="13"/><net_sink comp="2376" pin=0"/></net>

<net id="2385"><net_src comp="88" pin="0"/><net_sink comp="2380" pin=0"/></net>

<net id="2386"><net_src comp="1419" pin="13"/><net_sink comp="2380" pin=1"/></net>

<net id="2387"><net_src comp="90" pin="0"/><net_sink comp="2380" pin=2"/></net>

<net id="2391"><net_src comp="2380" pin="3"/><net_sink comp="2388" pin=0"/></net>

<net id="2395"><net_src comp="1447" pin="13"/><net_sink comp="2392" pin=0"/></net>

<net id="2401"><net_src comp="92" pin="0"/><net_sink comp="2396" pin=0"/></net>

<net id="2402"><net_src comp="1447" pin="13"/><net_sink comp="2396" pin=1"/></net>

<net id="2403"><net_src comp="54" pin="0"/><net_sink comp="2396" pin=2"/></net>

<net id="2409"><net_src comp="88" pin="0"/><net_sink comp="2404" pin=0"/></net>

<net id="2410"><net_src comp="1447" pin="13"/><net_sink comp="2404" pin=1"/></net>

<net id="2411"><net_src comp="90" pin="0"/><net_sink comp="2404" pin=2"/></net>

<net id="2415"><net_src comp="2404" pin="3"/><net_sink comp="2412" pin=0"/></net>

<net id="2419"><net_src comp="2404" pin="3"/><net_sink comp="2416" pin=0"/></net>

<net id="2424"><net_src comp="2396" pin="3"/><net_sink comp="2420" pin=0"/></net>

<net id="2425"><net_src comp="2412" pin="1"/><net_sink comp="2420" pin=1"/></net>

<net id="2430"><net_src comp="2412" pin="1"/><net_sink comp="2426" pin=0"/></net>

<net id="2431"><net_src comp="2396" pin="3"/><net_sink comp="2426" pin=1"/></net>

<net id="2435"><net_src comp="1475" pin="13"/><net_sink comp="2432" pin=0"/></net>

<net id="2436"><net_src comp="2432" pin="1"/><net_sink comp="266" pin=0"/></net>

<net id="2442"><net_src comp="88" pin="0"/><net_sink comp="2437" pin=0"/></net>

<net id="2443"><net_src comp="1475" pin="13"/><net_sink comp="2437" pin=1"/></net>

<net id="2444"><net_src comp="90" pin="0"/><net_sink comp="2437" pin=2"/></net>

<net id="2448"><net_src comp="2437" pin="3"/><net_sink comp="2445" pin=0"/></net>

<net id="2452"><net_src comp="2437" pin="3"/><net_sink comp="2449" pin=0"/></net>

<net id="2458"><net_src comp="96" pin="0"/><net_sink comp="2453" pin=0"/></net>

<net id="2459"><net_src comp="1475" pin="13"/><net_sink comp="2453" pin=1"/></net>

<net id="2460"><net_src comp="98" pin="0"/><net_sink comp="2453" pin=2"/></net>

<net id="2464"><net_src comp="2453" pin="3"/><net_sink comp="2461" pin=0"/></net>

<net id="2469"><net_src comp="2461" pin="1"/><net_sink comp="2465" pin=0"/></net>

<net id="2470"><net_src comp="2432" pin="1"/><net_sink comp="2465" pin=1"/></net>

<net id="2476"><net_src comp="92" pin="0"/><net_sink comp="2471" pin=0"/></net>

<net id="2477"><net_src comp="1475" pin="13"/><net_sink comp="2471" pin=1"/></net>

<net id="2478"><net_src comp="54" pin="0"/><net_sink comp="2471" pin=2"/></net>

<net id="2482"><net_src comp="1503" pin="13"/><net_sink comp="2479" pin=0"/></net>

<net id="2486"><net_src comp="1503" pin="13"/><net_sink comp="2483" pin=0"/></net>

<net id="2492"><net_src comp="92" pin="0"/><net_sink comp="2487" pin=0"/></net>

<net id="2493"><net_src comp="1503" pin="13"/><net_sink comp="2487" pin=1"/></net>

<net id="2494"><net_src comp="54" pin="0"/><net_sink comp="2487" pin=2"/></net>

<net id="2500"><net_src comp="96" pin="0"/><net_sink comp="2495" pin=0"/></net>

<net id="2501"><net_src comp="1503" pin="13"/><net_sink comp="2495" pin=1"/></net>

<net id="2502"><net_src comp="98" pin="0"/><net_sink comp="2495" pin=2"/></net>

<net id="2506"><net_src comp="2495" pin="3"/><net_sink comp="2503" pin=0"/></net>

<net id="2511"><net_src comp="100" pin="0"/><net_sink comp="2507" pin=0"/></net>

<net id="2512"><net_src comp="2503" pin="1"/><net_sink comp="2507" pin=1"/></net>

<net id="2517"><net_src comp="2507" pin="2"/><net_sink comp="2513" pin=0"/></net>

<net id="2518"><net_src comp="2479" pin="1"/><net_sink comp="2513" pin=1"/></net>

<net id="2523"><net_src comp="100" pin="0"/><net_sink comp="2519" pin=0"/></net>

<net id="2524"><net_src comp="2487" pin="3"/><net_sink comp="2519" pin=1"/></net>

<net id="2529"><net_src comp="2519" pin="2"/><net_sink comp="2525" pin=0"/></net>

<net id="2530"><net_src comp="2479" pin="1"/><net_sink comp="2525" pin=1"/></net>

<net id="2536"><net_src comp="88" pin="0"/><net_sink comp="2531" pin=0"/></net>

<net id="2537"><net_src comp="1503" pin="13"/><net_sink comp="2531" pin=1"/></net>

<net id="2538"><net_src comp="90" pin="0"/><net_sink comp="2531" pin=2"/></net>

<net id="2542"><net_src comp="2531" pin="3"/><net_sink comp="2539" pin=0"/></net>

<net id="2547"><net_src comp="2487" pin="3"/><net_sink comp="2543" pin=0"/></net>

<net id="2548"><net_src comp="2539" pin="1"/><net_sink comp="2543" pin=1"/></net>

<net id="2552"><net_src comp="1531" pin="13"/><net_sink comp="2549" pin=0"/></net>

<net id="2556"><net_src comp="1531" pin="13"/><net_sink comp="2553" pin=0"/></net>

<net id="2562"><net_src comp="96" pin="0"/><net_sink comp="2557" pin=0"/></net>

<net id="2563"><net_src comp="1531" pin="13"/><net_sink comp="2557" pin=1"/></net>

<net id="2564"><net_src comp="98" pin="0"/><net_sink comp="2557" pin=2"/></net>

<net id="2568"><net_src comp="2557" pin="3"/><net_sink comp="2565" pin=0"/></net>

<net id="2574"><net_src comp="92" pin="0"/><net_sink comp="2569" pin=0"/></net>

<net id="2575"><net_src comp="1531" pin="13"/><net_sink comp="2569" pin=1"/></net>

<net id="2576"><net_src comp="54" pin="0"/><net_sink comp="2569" pin=2"/></net>

<net id="2581"><net_src comp="2565" pin="1"/><net_sink comp="2577" pin=0"/></net>

<net id="2582"><net_src comp="2553" pin="1"/><net_sink comp="2577" pin=1"/></net>

<net id="2587"><net_src comp="2388" pin="1"/><net_sink comp="2583" pin=0"/></net>

<net id="2588"><net_src comp="102" pin="0"/><net_sink comp="2583" pin=1"/></net>

<net id="2592"><net_src comp="2583" pin="2"/><net_sink comp="2589" pin=0"/></net>

<net id="2597"><net_src comp="2388" pin="1"/><net_sink comp="2593" pin=0"/></net>

<net id="2598"><net_src comp="104" pin="0"/><net_sink comp="2593" pin=1"/></net>

<net id="2602"><net_src comp="2593" pin="2"/><net_sink comp="2599" pin=0"/></net>

<net id="2607"><net_src comp="2416" pin="1"/><net_sink comp="2603" pin=0"/></net>

<net id="2608"><net_src comp="106" pin="0"/><net_sink comp="2603" pin=1"/></net>

<net id="2612"><net_src comp="2603" pin="2"/><net_sink comp="2609" pin=0"/></net>

<net id="2617"><net_src comp="2599" pin="1"/><net_sink comp="2613" pin=0"/></net>

<net id="2618"><net_src comp="2412" pin="1"/><net_sink comp="2613" pin=1"/></net>

<net id="2623"><net_src comp="2483" pin="1"/><net_sink comp="2619" pin=0"/></net>

<net id="2624"><net_src comp="2392" pin="1"/><net_sink comp="2619" pin=1"/></net>

<net id="2630"><net_src comp="108" pin="0"/><net_sink comp="2625" pin=0"/></net>

<net id="2631"><net_src comp="2619" pin="2"/><net_sink comp="2625" pin=1"/></net>

<net id="2632"><net_src comp="98" pin="0"/><net_sink comp="2625" pin=2"/></net>

<net id="2637"><net_src comp="2376" pin="1"/><net_sink comp="2633" pin=0"/></net>

<net id="2638"><net_src comp="110" pin="0"/><net_sink comp="2633" pin=1"/></net>

<net id="2642"><net_src comp="2633" pin="2"/><net_sink comp="2639" pin=0"/></net>

<net id="2647"><net_src comp="2465" pin="2"/><net_sink comp="2643" pin=0"/></net>

<net id="2648"><net_src comp="2639" pin="1"/><net_sink comp="2643" pin=1"/></net>

<net id="2653"><net_src comp="2643" pin="2"/><net_sink comp="2649" pin=0"/></net>

<net id="2654"><net_src comp="2625" pin="3"/><net_sink comp="2649" pin=1"/></net>

<net id="2659"><net_src comp="2609" pin="1"/><net_sink comp="2655" pin=0"/></net>

<net id="2660"><net_src comp="2445" pin="1"/><net_sink comp="2655" pin=1"/></net>

<net id="2665"><net_src comp="2655" pin="2"/><net_sink comp="2661" pin=0"/></net>

<net id="2666"><net_src comp="2513" pin="2"/><net_sink comp="2661" pin=1"/></net>

<net id="2671"><net_src comp="2487" pin="3"/><net_sink comp="2667" pin=0"/></net>

<net id="2672"><net_src comp="2396" pin="3"/><net_sink comp="2667" pin=1"/></net>

<net id="2677"><net_src comp="2589" pin="1"/><net_sink comp="2673" pin=0"/></net>

<net id="2678"><net_src comp="2565" pin="1"/><net_sink comp="2673" pin=1"/></net>

<net id="2683"><net_src comp="2483" pin="1"/><net_sink comp="2679" pin=0"/></net>

<net id="2684"><net_src comp="2549" pin="1"/><net_sink comp="2679" pin=1"/></net>

<net id="2688"><net_src comp="2679" pin="2"/><net_sink comp="2685" pin=0"/></net>

<net id="2693"><net_src comp="2685" pin="1"/><net_sink comp="2689" pin=0"/></net>

<net id="2694"><net_src comp="2673" pin="2"/><net_sink comp="2689" pin=1"/></net>

<net id="2699"><net_src comp="2549" pin="1"/><net_sink comp="2695" pin=0"/></net>

<net id="2700"><net_src comp="2376" pin="1"/><net_sink comp="2695" pin=1"/></net>

<net id="2706"><net_src comp="108" pin="0"/><net_sink comp="2701" pin=0"/></net>

<net id="2707"><net_src comp="2695" pin="2"/><net_sink comp="2701" pin=1"/></net>

<net id="2708"><net_src comp="98" pin="0"/><net_sink comp="2701" pin=2"/></net>

<net id="2713"><net_src comp="2420" pin="2"/><net_sink comp="2709" pin=0"/></net>

<net id="2714"><net_src comp="2701" pin="3"/><net_sink comp="2709" pin=1"/></net>

<net id="2719"><net_src comp="2449" pin="1"/><net_sink comp="2715" pin=0"/></net>

<net id="2720"><net_src comp="112" pin="0"/><net_sink comp="2715" pin=1"/></net>

<net id="2724"><net_src comp="2715" pin="2"/><net_sink comp="2721" pin=0"/></net>

<net id="2729"><net_src comp="2721" pin="1"/><net_sink comp="2725" pin=0"/></net>

<net id="2730"><net_src comp="2709" pin="2"/><net_sink comp="2725" pin=1"/></net>

<net id="2735"><net_src comp="2392" pin="1"/><net_sink comp="2731" pin=0"/></net>

<net id="2736"><net_src comp="2376" pin="1"/><net_sink comp="2731" pin=1"/></net>

<net id="2740"><net_src comp="2731" pin="2"/><net_sink comp="2737" pin=0"/></net>

<net id="2744"><net_src comp="2731" pin="2"/><net_sink comp="2741" pin=0"/></net>

<net id="2750"><net_src comp="92" pin="0"/><net_sink comp="2745" pin=0"/></net>

<net id="2751"><net_src comp="2741" pin="1"/><net_sink comp="2745" pin=1"/></net>

<net id="2752"><net_src comp="54" pin="0"/><net_sink comp="2745" pin=2"/></net>

<net id="2757"><net_src comp="2745" pin="3"/><net_sink comp="2753" pin=0"/></net>

<net id="2758"><net_src comp="2737" pin="1"/><net_sink comp="2753" pin=1"/></net>

<net id="2763"><net_src comp="2753" pin="2"/><net_sink comp="2759" pin=0"/></net>

<net id="2764"><net_src comp="114" pin="0"/><net_sink comp="2759" pin=1"/></net>

<net id="2769"><net_src comp="2759" pin="2"/><net_sink comp="2765" pin=0"/></net>

<net id="2770"><net_src comp="2465" pin="2"/><net_sink comp="2765" pin=1"/></net>

<net id="2775"><net_src comp="2765" pin="2"/><net_sink comp="2771" pin=0"/></net>

<net id="2776"><net_src comp="2553" pin="1"/><net_sink comp="2771" pin=1"/></net>

<net id="2781"><net_src comp="2661" pin="2"/><net_sink comp="2777" pin=0"/></net>

<net id="2782"><net_src comp="2569" pin="3"/><net_sink comp="2777" pin=1"/></net>

<net id="2787"><net_src comp="2549" pin="1"/><net_sink comp="2783" pin=0"/></net>

<net id="2788"><net_src comp="2376" pin="1"/><net_sink comp="2783" pin=1"/></net>

<net id="2792"><net_src comp="2783" pin="2"/><net_sink comp="2789" pin=0"/></net>

<net id="2798"><net_src comp="108" pin="0"/><net_sink comp="2793" pin=0"/></net>

<net id="2799"><net_src comp="2783" pin="2"/><net_sink comp="2793" pin=1"/></net>

<net id="2800"><net_src comp="98" pin="0"/><net_sink comp="2793" pin=2"/></net>

<net id="2805"><net_src comp="2789" pin="1"/><net_sink comp="2801" pin=0"/></net>

<net id="2806"><net_src comp="2793" pin="3"/><net_sink comp="2801" pin=1"/></net>

<net id="2811"><net_src comp="2426" pin="2"/><net_sink comp="2807" pin=0"/></net>

<net id="2812"><net_src comp="116" pin="0"/><net_sink comp="2807" pin=1"/></net>

<net id="2817"><net_src comp="2807" pin="2"/><net_sink comp="2813" pin=0"/></net>

<net id="2818"><net_src comp="2471" pin="3"/><net_sink comp="2813" pin=1"/></net>

<net id="2823"><net_src comp="2525" pin="2"/><net_sink comp="2819" pin=0"/></net>

<net id="2824"><net_src comp="2801" pin="2"/><net_sink comp="2819" pin=1"/></net>

<net id="2829"><net_src comp="2819" pin="2"/><net_sink comp="2825" pin=0"/></net>

<net id="2830"><net_src comp="2813" pin="2"/><net_sink comp="2825" pin=1"/></net>

<net id="2835"><net_src comp="2543" pin="2"/><net_sink comp="2831" pin=0"/></net>

<net id="2836"><net_src comp="2577" pin="2"/><net_sink comp="2831" pin=1"/></net>

<net id="2841"><net_src comp="2831" pin="2"/><net_sink comp="2837" pin=0"/></net>

<net id="2842"><net_src comp="2613" pin="2"/><net_sink comp="2837" pin=1"/></net>

<net id="2846"><net_src comp="1574" pin="13"/><net_sink comp="2843" pin=0"/></net>

<net id="2852"><net_src comp="88" pin="0"/><net_sink comp="2847" pin=0"/></net>

<net id="2853"><net_src comp="1574" pin="13"/><net_sink comp="2847" pin=1"/></net>

<net id="2854"><net_src comp="90" pin="0"/><net_sink comp="2847" pin=2"/></net>

<net id="2858"><net_src comp="2847" pin="3"/><net_sink comp="2855" pin=0"/></net>

<net id="2862"><net_src comp="1602" pin="13"/><net_sink comp="2859" pin=0"/></net>

<net id="2868"><net_src comp="92" pin="0"/><net_sink comp="2863" pin=0"/></net>

<net id="2869"><net_src comp="1602" pin="13"/><net_sink comp="2863" pin=1"/></net>

<net id="2870"><net_src comp="54" pin="0"/><net_sink comp="2863" pin=2"/></net>

<net id="2876"><net_src comp="88" pin="0"/><net_sink comp="2871" pin=0"/></net>

<net id="2877"><net_src comp="1602" pin="13"/><net_sink comp="2871" pin=1"/></net>

<net id="2878"><net_src comp="90" pin="0"/><net_sink comp="2871" pin=2"/></net>

<net id="2882"><net_src comp="2871" pin="3"/><net_sink comp="2879" pin=0"/></net>

<net id="2886"><net_src comp="2871" pin="3"/><net_sink comp="2883" pin=0"/></net>

<net id="2891"><net_src comp="2863" pin="3"/><net_sink comp="2887" pin=0"/></net>

<net id="2892"><net_src comp="2879" pin="1"/><net_sink comp="2887" pin=1"/></net>

<net id="2897"><net_src comp="2879" pin="1"/><net_sink comp="2893" pin=0"/></net>

<net id="2898"><net_src comp="2863" pin="3"/><net_sink comp="2893" pin=1"/></net>

<net id="2902"><net_src comp="1630" pin="13"/><net_sink comp="2899" pin=0"/></net>

<net id="2903"><net_src comp="2899" pin="1"/><net_sink comp="261" pin=0"/></net>

<net id="2909"><net_src comp="88" pin="0"/><net_sink comp="2904" pin=0"/></net>

<net id="2910"><net_src comp="1630" pin="13"/><net_sink comp="2904" pin=1"/></net>

<net id="2911"><net_src comp="90" pin="0"/><net_sink comp="2904" pin=2"/></net>

<net id="2915"><net_src comp="2904" pin="3"/><net_sink comp="2912" pin=0"/></net>

<net id="2919"><net_src comp="2904" pin="3"/><net_sink comp="2916" pin=0"/></net>

<net id="2925"><net_src comp="96" pin="0"/><net_sink comp="2920" pin=0"/></net>

<net id="2926"><net_src comp="1630" pin="13"/><net_sink comp="2920" pin=1"/></net>

<net id="2927"><net_src comp="98" pin="0"/><net_sink comp="2920" pin=2"/></net>

<net id="2931"><net_src comp="2920" pin="3"/><net_sink comp="2928" pin=0"/></net>

<net id="2936"><net_src comp="2928" pin="1"/><net_sink comp="2932" pin=0"/></net>

<net id="2937"><net_src comp="2899" pin="1"/><net_sink comp="2932" pin=1"/></net>

<net id="2943"><net_src comp="92" pin="0"/><net_sink comp="2938" pin=0"/></net>

<net id="2944"><net_src comp="1630" pin="13"/><net_sink comp="2938" pin=1"/></net>

<net id="2945"><net_src comp="54" pin="0"/><net_sink comp="2938" pin=2"/></net>

<net id="2949"><net_src comp="1658" pin="13"/><net_sink comp="2946" pin=0"/></net>

<net id="2953"><net_src comp="1658" pin="13"/><net_sink comp="2950" pin=0"/></net>

<net id="2959"><net_src comp="92" pin="0"/><net_sink comp="2954" pin=0"/></net>

<net id="2960"><net_src comp="1658" pin="13"/><net_sink comp="2954" pin=1"/></net>

<net id="2961"><net_src comp="54" pin="0"/><net_sink comp="2954" pin=2"/></net>

<net id="2967"><net_src comp="96" pin="0"/><net_sink comp="2962" pin=0"/></net>

<net id="2968"><net_src comp="1658" pin="13"/><net_sink comp="2962" pin=1"/></net>

<net id="2969"><net_src comp="98" pin="0"/><net_sink comp="2962" pin=2"/></net>

<net id="2973"><net_src comp="2962" pin="3"/><net_sink comp="2970" pin=0"/></net>

<net id="2978"><net_src comp="100" pin="0"/><net_sink comp="2974" pin=0"/></net>

<net id="2979"><net_src comp="2970" pin="1"/><net_sink comp="2974" pin=1"/></net>

<net id="2984"><net_src comp="2974" pin="2"/><net_sink comp="2980" pin=0"/></net>

<net id="2985"><net_src comp="2946" pin="1"/><net_sink comp="2980" pin=1"/></net>

<net id="2990"><net_src comp="100" pin="0"/><net_sink comp="2986" pin=0"/></net>

<net id="2991"><net_src comp="2954" pin="3"/><net_sink comp="2986" pin=1"/></net>

<net id="2996"><net_src comp="2986" pin="2"/><net_sink comp="2992" pin=0"/></net>

<net id="2997"><net_src comp="2946" pin="1"/><net_sink comp="2992" pin=1"/></net>

<net id="3003"><net_src comp="88" pin="0"/><net_sink comp="2998" pin=0"/></net>

<net id="3004"><net_src comp="1658" pin="13"/><net_sink comp="2998" pin=1"/></net>

<net id="3005"><net_src comp="90" pin="0"/><net_sink comp="2998" pin=2"/></net>

<net id="3009"><net_src comp="2998" pin="3"/><net_sink comp="3006" pin=0"/></net>

<net id="3014"><net_src comp="2954" pin="3"/><net_sink comp="3010" pin=0"/></net>

<net id="3015"><net_src comp="3006" pin="1"/><net_sink comp="3010" pin=1"/></net>

<net id="3019"><net_src comp="1686" pin="13"/><net_sink comp="3016" pin=0"/></net>

<net id="3023"><net_src comp="1686" pin="13"/><net_sink comp="3020" pin=0"/></net>

<net id="3029"><net_src comp="96" pin="0"/><net_sink comp="3024" pin=0"/></net>

<net id="3030"><net_src comp="1686" pin="13"/><net_sink comp="3024" pin=1"/></net>

<net id="3031"><net_src comp="98" pin="0"/><net_sink comp="3024" pin=2"/></net>

<net id="3035"><net_src comp="3024" pin="3"/><net_sink comp="3032" pin=0"/></net>

<net id="3041"><net_src comp="92" pin="0"/><net_sink comp="3036" pin=0"/></net>

<net id="3042"><net_src comp="1686" pin="13"/><net_sink comp="3036" pin=1"/></net>

<net id="3043"><net_src comp="54" pin="0"/><net_sink comp="3036" pin=2"/></net>

<net id="3048"><net_src comp="3032" pin="1"/><net_sink comp="3044" pin=0"/></net>

<net id="3049"><net_src comp="3020" pin="1"/><net_sink comp="3044" pin=1"/></net>

<net id="3054"><net_src comp="2855" pin="1"/><net_sink comp="3050" pin=0"/></net>

<net id="3055"><net_src comp="102" pin="0"/><net_sink comp="3050" pin=1"/></net>

<net id="3059"><net_src comp="3050" pin="2"/><net_sink comp="3056" pin=0"/></net>

<net id="3064"><net_src comp="2855" pin="1"/><net_sink comp="3060" pin=0"/></net>

<net id="3065"><net_src comp="104" pin="0"/><net_sink comp="3060" pin=1"/></net>

<net id="3069"><net_src comp="3060" pin="2"/><net_sink comp="3066" pin=0"/></net>

<net id="3074"><net_src comp="2883" pin="1"/><net_sink comp="3070" pin=0"/></net>

<net id="3075"><net_src comp="106" pin="0"/><net_sink comp="3070" pin=1"/></net>

<net id="3079"><net_src comp="3070" pin="2"/><net_sink comp="3076" pin=0"/></net>

<net id="3084"><net_src comp="3066" pin="1"/><net_sink comp="3080" pin=0"/></net>

<net id="3085"><net_src comp="2879" pin="1"/><net_sink comp="3080" pin=1"/></net>

<net id="3090"><net_src comp="2950" pin="1"/><net_sink comp="3086" pin=0"/></net>

<net id="3091"><net_src comp="2859" pin="1"/><net_sink comp="3086" pin=1"/></net>

<net id="3097"><net_src comp="108" pin="0"/><net_sink comp="3092" pin=0"/></net>

<net id="3098"><net_src comp="3086" pin="2"/><net_sink comp="3092" pin=1"/></net>

<net id="3099"><net_src comp="98" pin="0"/><net_sink comp="3092" pin=2"/></net>

<net id="3104"><net_src comp="2843" pin="1"/><net_sink comp="3100" pin=0"/></net>

<net id="3105"><net_src comp="110" pin="0"/><net_sink comp="3100" pin=1"/></net>

<net id="3109"><net_src comp="3100" pin="2"/><net_sink comp="3106" pin=0"/></net>

<net id="3114"><net_src comp="2932" pin="2"/><net_sink comp="3110" pin=0"/></net>

<net id="3115"><net_src comp="3106" pin="1"/><net_sink comp="3110" pin=1"/></net>

<net id="3120"><net_src comp="3110" pin="2"/><net_sink comp="3116" pin=0"/></net>

<net id="3121"><net_src comp="3092" pin="3"/><net_sink comp="3116" pin=1"/></net>

<net id="3126"><net_src comp="3076" pin="1"/><net_sink comp="3122" pin=0"/></net>

<net id="3127"><net_src comp="2912" pin="1"/><net_sink comp="3122" pin=1"/></net>

<net id="3132"><net_src comp="3122" pin="2"/><net_sink comp="3128" pin=0"/></net>

<net id="3133"><net_src comp="2980" pin="2"/><net_sink comp="3128" pin=1"/></net>

<net id="3138"><net_src comp="2954" pin="3"/><net_sink comp="3134" pin=0"/></net>

<net id="3139"><net_src comp="2863" pin="3"/><net_sink comp="3134" pin=1"/></net>

<net id="3144"><net_src comp="3056" pin="1"/><net_sink comp="3140" pin=0"/></net>

<net id="3145"><net_src comp="3032" pin="1"/><net_sink comp="3140" pin=1"/></net>

<net id="3150"><net_src comp="2950" pin="1"/><net_sink comp="3146" pin=0"/></net>

<net id="3151"><net_src comp="3016" pin="1"/><net_sink comp="3146" pin=1"/></net>

<net id="3155"><net_src comp="3146" pin="2"/><net_sink comp="3152" pin=0"/></net>

<net id="3160"><net_src comp="3152" pin="1"/><net_sink comp="3156" pin=0"/></net>

<net id="3161"><net_src comp="3140" pin="2"/><net_sink comp="3156" pin=1"/></net>

<net id="3166"><net_src comp="3016" pin="1"/><net_sink comp="3162" pin=0"/></net>

<net id="3167"><net_src comp="2843" pin="1"/><net_sink comp="3162" pin=1"/></net>

<net id="3173"><net_src comp="108" pin="0"/><net_sink comp="3168" pin=0"/></net>

<net id="3174"><net_src comp="3162" pin="2"/><net_sink comp="3168" pin=1"/></net>

<net id="3175"><net_src comp="98" pin="0"/><net_sink comp="3168" pin=2"/></net>

<net id="3180"><net_src comp="2887" pin="2"/><net_sink comp="3176" pin=0"/></net>

<net id="3181"><net_src comp="3168" pin="3"/><net_sink comp="3176" pin=1"/></net>

<net id="3186"><net_src comp="2916" pin="1"/><net_sink comp="3182" pin=0"/></net>

<net id="3187"><net_src comp="112" pin="0"/><net_sink comp="3182" pin=1"/></net>

<net id="3191"><net_src comp="3182" pin="2"/><net_sink comp="3188" pin=0"/></net>

<net id="3196"><net_src comp="3188" pin="1"/><net_sink comp="3192" pin=0"/></net>

<net id="3197"><net_src comp="3176" pin="2"/><net_sink comp="3192" pin=1"/></net>

<net id="3202"><net_src comp="2859" pin="1"/><net_sink comp="3198" pin=0"/></net>

<net id="3203"><net_src comp="2843" pin="1"/><net_sink comp="3198" pin=1"/></net>

<net id="3207"><net_src comp="3198" pin="2"/><net_sink comp="3204" pin=0"/></net>

<net id="3211"><net_src comp="3198" pin="2"/><net_sink comp="3208" pin=0"/></net>

<net id="3217"><net_src comp="92" pin="0"/><net_sink comp="3212" pin=0"/></net>

<net id="3218"><net_src comp="3208" pin="1"/><net_sink comp="3212" pin=1"/></net>

<net id="3219"><net_src comp="54" pin="0"/><net_sink comp="3212" pin=2"/></net>

<net id="3224"><net_src comp="3212" pin="3"/><net_sink comp="3220" pin=0"/></net>

<net id="3225"><net_src comp="3204" pin="1"/><net_sink comp="3220" pin=1"/></net>

<net id="3230"><net_src comp="3220" pin="2"/><net_sink comp="3226" pin=0"/></net>

<net id="3231"><net_src comp="114" pin="0"/><net_sink comp="3226" pin=1"/></net>

<net id="3236"><net_src comp="3226" pin="2"/><net_sink comp="3232" pin=0"/></net>

<net id="3237"><net_src comp="2932" pin="2"/><net_sink comp="3232" pin=1"/></net>

<net id="3242"><net_src comp="3232" pin="2"/><net_sink comp="3238" pin=0"/></net>

<net id="3243"><net_src comp="3020" pin="1"/><net_sink comp="3238" pin=1"/></net>

<net id="3248"><net_src comp="3128" pin="2"/><net_sink comp="3244" pin=0"/></net>

<net id="3249"><net_src comp="3036" pin="3"/><net_sink comp="3244" pin=1"/></net>

<net id="3254"><net_src comp="3016" pin="1"/><net_sink comp="3250" pin=0"/></net>

<net id="3255"><net_src comp="2843" pin="1"/><net_sink comp="3250" pin=1"/></net>

<net id="3259"><net_src comp="3250" pin="2"/><net_sink comp="3256" pin=0"/></net>

<net id="3265"><net_src comp="108" pin="0"/><net_sink comp="3260" pin=0"/></net>

<net id="3266"><net_src comp="3250" pin="2"/><net_sink comp="3260" pin=1"/></net>

<net id="3267"><net_src comp="98" pin="0"/><net_sink comp="3260" pin=2"/></net>

<net id="3272"><net_src comp="3256" pin="1"/><net_sink comp="3268" pin=0"/></net>

<net id="3273"><net_src comp="3260" pin="3"/><net_sink comp="3268" pin=1"/></net>

<net id="3278"><net_src comp="2893" pin="2"/><net_sink comp="3274" pin=0"/></net>

<net id="3279"><net_src comp="116" pin="0"/><net_sink comp="3274" pin=1"/></net>

<net id="3284"><net_src comp="3274" pin="2"/><net_sink comp="3280" pin=0"/></net>

<net id="3285"><net_src comp="2938" pin="3"/><net_sink comp="3280" pin=1"/></net>

<net id="3290"><net_src comp="2992" pin="2"/><net_sink comp="3286" pin=0"/></net>

<net id="3291"><net_src comp="3268" pin="2"/><net_sink comp="3286" pin=1"/></net>

<net id="3296"><net_src comp="3286" pin="2"/><net_sink comp="3292" pin=0"/></net>

<net id="3297"><net_src comp="3280" pin="2"/><net_sink comp="3292" pin=1"/></net>

<net id="3302"><net_src comp="3010" pin="2"/><net_sink comp="3298" pin=0"/></net>

<net id="3303"><net_src comp="3044" pin="2"/><net_sink comp="3298" pin=1"/></net>

<net id="3308"><net_src comp="3298" pin="2"/><net_sink comp="3304" pin=0"/></net>

<net id="3309"><net_src comp="3080" pin="2"/><net_sink comp="3304" pin=1"/></net>

<net id="3313"><net_src comp="1729" pin="13"/><net_sink comp="3310" pin=0"/></net>

<net id="3319"><net_src comp="88" pin="0"/><net_sink comp="3314" pin=0"/></net>

<net id="3320"><net_src comp="1729" pin="13"/><net_sink comp="3314" pin=1"/></net>

<net id="3321"><net_src comp="90" pin="0"/><net_sink comp="3314" pin=2"/></net>

<net id="3325"><net_src comp="3314" pin="3"/><net_sink comp="3322" pin=0"/></net>

<net id="3329"><net_src comp="1757" pin="13"/><net_sink comp="3326" pin=0"/></net>

<net id="3335"><net_src comp="92" pin="0"/><net_sink comp="3330" pin=0"/></net>

<net id="3336"><net_src comp="1757" pin="13"/><net_sink comp="3330" pin=1"/></net>

<net id="3337"><net_src comp="54" pin="0"/><net_sink comp="3330" pin=2"/></net>

<net id="3343"><net_src comp="88" pin="0"/><net_sink comp="3338" pin=0"/></net>

<net id="3344"><net_src comp="1757" pin="13"/><net_sink comp="3338" pin=1"/></net>

<net id="3345"><net_src comp="90" pin="0"/><net_sink comp="3338" pin=2"/></net>

<net id="3349"><net_src comp="3338" pin="3"/><net_sink comp="3346" pin=0"/></net>

<net id="3353"><net_src comp="3338" pin="3"/><net_sink comp="3350" pin=0"/></net>

<net id="3358"><net_src comp="3330" pin="3"/><net_sink comp="3354" pin=0"/></net>

<net id="3359"><net_src comp="3346" pin="1"/><net_sink comp="3354" pin=1"/></net>

<net id="3364"><net_src comp="3346" pin="1"/><net_sink comp="3360" pin=0"/></net>

<net id="3365"><net_src comp="3330" pin="3"/><net_sink comp="3360" pin=1"/></net>

<net id="3369"><net_src comp="1785" pin="13"/><net_sink comp="3366" pin=0"/></net>

<net id="3370"><net_src comp="3366" pin="1"/><net_sink comp="251" pin=0"/></net>

<net id="3376"><net_src comp="88" pin="0"/><net_sink comp="3371" pin=0"/></net>

<net id="3377"><net_src comp="1785" pin="13"/><net_sink comp="3371" pin=1"/></net>

<net id="3378"><net_src comp="90" pin="0"/><net_sink comp="3371" pin=2"/></net>

<net id="3382"><net_src comp="3371" pin="3"/><net_sink comp="3379" pin=0"/></net>

<net id="3386"><net_src comp="3371" pin="3"/><net_sink comp="3383" pin=0"/></net>

<net id="3392"><net_src comp="96" pin="0"/><net_sink comp="3387" pin=0"/></net>

<net id="3393"><net_src comp="1785" pin="13"/><net_sink comp="3387" pin=1"/></net>

<net id="3394"><net_src comp="98" pin="0"/><net_sink comp="3387" pin=2"/></net>

<net id="3398"><net_src comp="3387" pin="3"/><net_sink comp="3395" pin=0"/></net>

<net id="3403"><net_src comp="3395" pin="1"/><net_sink comp="3399" pin=0"/></net>

<net id="3404"><net_src comp="3366" pin="1"/><net_sink comp="3399" pin=1"/></net>

<net id="3410"><net_src comp="92" pin="0"/><net_sink comp="3405" pin=0"/></net>

<net id="3411"><net_src comp="1785" pin="13"/><net_sink comp="3405" pin=1"/></net>

<net id="3412"><net_src comp="54" pin="0"/><net_sink comp="3405" pin=2"/></net>

<net id="3416"><net_src comp="1813" pin="13"/><net_sink comp="3413" pin=0"/></net>

<net id="3420"><net_src comp="1813" pin="13"/><net_sink comp="3417" pin=0"/></net>

<net id="3426"><net_src comp="92" pin="0"/><net_sink comp="3421" pin=0"/></net>

<net id="3427"><net_src comp="1813" pin="13"/><net_sink comp="3421" pin=1"/></net>

<net id="3428"><net_src comp="54" pin="0"/><net_sink comp="3421" pin=2"/></net>

<net id="3434"><net_src comp="96" pin="0"/><net_sink comp="3429" pin=0"/></net>

<net id="3435"><net_src comp="1813" pin="13"/><net_sink comp="3429" pin=1"/></net>

<net id="3436"><net_src comp="98" pin="0"/><net_sink comp="3429" pin=2"/></net>

<net id="3440"><net_src comp="3429" pin="3"/><net_sink comp="3437" pin=0"/></net>

<net id="3445"><net_src comp="100" pin="0"/><net_sink comp="3441" pin=0"/></net>

<net id="3446"><net_src comp="3437" pin="1"/><net_sink comp="3441" pin=1"/></net>

<net id="3451"><net_src comp="3441" pin="2"/><net_sink comp="3447" pin=0"/></net>

<net id="3452"><net_src comp="3413" pin="1"/><net_sink comp="3447" pin=1"/></net>

<net id="3457"><net_src comp="100" pin="0"/><net_sink comp="3453" pin=0"/></net>

<net id="3458"><net_src comp="3421" pin="3"/><net_sink comp="3453" pin=1"/></net>

<net id="3463"><net_src comp="3453" pin="2"/><net_sink comp="3459" pin=0"/></net>

<net id="3464"><net_src comp="3413" pin="1"/><net_sink comp="3459" pin=1"/></net>

<net id="3470"><net_src comp="88" pin="0"/><net_sink comp="3465" pin=0"/></net>

<net id="3471"><net_src comp="1813" pin="13"/><net_sink comp="3465" pin=1"/></net>

<net id="3472"><net_src comp="90" pin="0"/><net_sink comp="3465" pin=2"/></net>

<net id="3476"><net_src comp="3465" pin="3"/><net_sink comp="3473" pin=0"/></net>

<net id="3481"><net_src comp="3421" pin="3"/><net_sink comp="3477" pin=0"/></net>

<net id="3482"><net_src comp="3473" pin="1"/><net_sink comp="3477" pin=1"/></net>

<net id="3486"><net_src comp="1841" pin="13"/><net_sink comp="3483" pin=0"/></net>

<net id="3490"><net_src comp="1841" pin="13"/><net_sink comp="3487" pin=0"/></net>

<net id="3496"><net_src comp="96" pin="0"/><net_sink comp="3491" pin=0"/></net>

<net id="3497"><net_src comp="1841" pin="13"/><net_sink comp="3491" pin=1"/></net>

<net id="3498"><net_src comp="98" pin="0"/><net_sink comp="3491" pin=2"/></net>

<net id="3502"><net_src comp="3491" pin="3"/><net_sink comp="3499" pin=0"/></net>

<net id="3508"><net_src comp="92" pin="0"/><net_sink comp="3503" pin=0"/></net>

<net id="3509"><net_src comp="1841" pin="13"/><net_sink comp="3503" pin=1"/></net>

<net id="3510"><net_src comp="54" pin="0"/><net_sink comp="3503" pin=2"/></net>

<net id="3515"><net_src comp="3499" pin="1"/><net_sink comp="3511" pin=0"/></net>

<net id="3516"><net_src comp="3487" pin="1"/><net_sink comp="3511" pin=1"/></net>

<net id="3521"><net_src comp="3322" pin="1"/><net_sink comp="3517" pin=0"/></net>

<net id="3522"><net_src comp="102" pin="0"/><net_sink comp="3517" pin=1"/></net>

<net id="3526"><net_src comp="3517" pin="2"/><net_sink comp="3523" pin=0"/></net>

<net id="3531"><net_src comp="3322" pin="1"/><net_sink comp="3527" pin=0"/></net>

<net id="3532"><net_src comp="104" pin="0"/><net_sink comp="3527" pin=1"/></net>

<net id="3536"><net_src comp="3527" pin="2"/><net_sink comp="3533" pin=0"/></net>

<net id="3541"><net_src comp="3350" pin="1"/><net_sink comp="3537" pin=0"/></net>

<net id="3542"><net_src comp="106" pin="0"/><net_sink comp="3537" pin=1"/></net>

<net id="3546"><net_src comp="3537" pin="2"/><net_sink comp="3543" pin=0"/></net>

<net id="3551"><net_src comp="3533" pin="1"/><net_sink comp="3547" pin=0"/></net>

<net id="3552"><net_src comp="3346" pin="1"/><net_sink comp="3547" pin=1"/></net>

<net id="3557"><net_src comp="3417" pin="1"/><net_sink comp="3553" pin=0"/></net>

<net id="3558"><net_src comp="3326" pin="1"/><net_sink comp="3553" pin=1"/></net>

<net id="3564"><net_src comp="108" pin="0"/><net_sink comp="3559" pin=0"/></net>

<net id="3565"><net_src comp="3553" pin="2"/><net_sink comp="3559" pin=1"/></net>

<net id="3566"><net_src comp="98" pin="0"/><net_sink comp="3559" pin=2"/></net>

<net id="3571"><net_src comp="3310" pin="1"/><net_sink comp="3567" pin=0"/></net>

<net id="3572"><net_src comp="110" pin="0"/><net_sink comp="3567" pin=1"/></net>

<net id="3576"><net_src comp="3567" pin="2"/><net_sink comp="3573" pin=0"/></net>

<net id="3581"><net_src comp="3399" pin="2"/><net_sink comp="3577" pin=0"/></net>

<net id="3582"><net_src comp="3573" pin="1"/><net_sink comp="3577" pin=1"/></net>

<net id="3587"><net_src comp="3577" pin="2"/><net_sink comp="3583" pin=0"/></net>

<net id="3588"><net_src comp="3559" pin="3"/><net_sink comp="3583" pin=1"/></net>

<net id="3593"><net_src comp="3543" pin="1"/><net_sink comp="3589" pin=0"/></net>

<net id="3594"><net_src comp="3379" pin="1"/><net_sink comp="3589" pin=1"/></net>

<net id="3599"><net_src comp="3589" pin="2"/><net_sink comp="3595" pin=0"/></net>

<net id="3600"><net_src comp="3447" pin="2"/><net_sink comp="3595" pin=1"/></net>

<net id="3605"><net_src comp="3421" pin="3"/><net_sink comp="3601" pin=0"/></net>

<net id="3606"><net_src comp="3330" pin="3"/><net_sink comp="3601" pin=1"/></net>

<net id="3611"><net_src comp="3523" pin="1"/><net_sink comp="3607" pin=0"/></net>

<net id="3612"><net_src comp="3499" pin="1"/><net_sink comp="3607" pin=1"/></net>

<net id="3617"><net_src comp="3417" pin="1"/><net_sink comp="3613" pin=0"/></net>

<net id="3618"><net_src comp="3483" pin="1"/><net_sink comp="3613" pin=1"/></net>

<net id="3622"><net_src comp="3613" pin="2"/><net_sink comp="3619" pin=0"/></net>

<net id="3627"><net_src comp="3619" pin="1"/><net_sink comp="3623" pin=0"/></net>

<net id="3628"><net_src comp="3607" pin="2"/><net_sink comp="3623" pin=1"/></net>

<net id="3633"><net_src comp="3483" pin="1"/><net_sink comp="3629" pin=0"/></net>

<net id="3634"><net_src comp="3310" pin="1"/><net_sink comp="3629" pin=1"/></net>

<net id="3640"><net_src comp="108" pin="0"/><net_sink comp="3635" pin=0"/></net>

<net id="3641"><net_src comp="3629" pin="2"/><net_sink comp="3635" pin=1"/></net>

<net id="3642"><net_src comp="98" pin="0"/><net_sink comp="3635" pin=2"/></net>

<net id="3647"><net_src comp="3354" pin="2"/><net_sink comp="3643" pin=0"/></net>

<net id="3648"><net_src comp="3635" pin="3"/><net_sink comp="3643" pin=1"/></net>

<net id="3653"><net_src comp="3383" pin="1"/><net_sink comp="3649" pin=0"/></net>

<net id="3654"><net_src comp="112" pin="0"/><net_sink comp="3649" pin=1"/></net>

<net id="3658"><net_src comp="3649" pin="2"/><net_sink comp="3655" pin=0"/></net>

<net id="3663"><net_src comp="3655" pin="1"/><net_sink comp="3659" pin=0"/></net>

<net id="3664"><net_src comp="3643" pin="2"/><net_sink comp="3659" pin=1"/></net>

<net id="3669"><net_src comp="3326" pin="1"/><net_sink comp="3665" pin=0"/></net>

<net id="3670"><net_src comp="3310" pin="1"/><net_sink comp="3665" pin=1"/></net>

<net id="3674"><net_src comp="3665" pin="2"/><net_sink comp="3671" pin=0"/></net>

<net id="3678"><net_src comp="3665" pin="2"/><net_sink comp="3675" pin=0"/></net>

<net id="3684"><net_src comp="92" pin="0"/><net_sink comp="3679" pin=0"/></net>

<net id="3685"><net_src comp="3675" pin="1"/><net_sink comp="3679" pin=1"/></net>

<net id="3686"><net_src comp="54" pin="0"/><net_sink comp="3679" pin=2"/></net>

<net id="3691"><net_src comp="3679" pin="3"/><net_sink comp="3687" pin=0"/></net>

<net id="3692"><net_src comp="3671" pin="1"/><net_sink comp="3687" pin=1"/></net>

<net id="3697"><net_src comp="3687" pin="2"/><net_sink comp="3693" pin=0"/></net>

<net id="3698"><net_src comp="114" pin="0"/><net_sink comp="3693" pin=1"/></net>

<net id="3703"><net_src comp="3693" pin="2"/><net_sink comp="3699" pin=0"/></net>

<net id="3704"><net_src comp="3399" pin="2"/><net_sink comp="3699" pin=1"/></net>

<net id="3709"><net_src comp="3699" pin="2"/><net_sink comp="3705" pin=0"/></net>

<net id="3710"><net_src comp="3487" pin="1"/><net_sink comp="3705" pin=1"/></net>

<net id="3715"><net_src comp="3595" pin="2"/><net_sink comp="3711" pin=0"/></net>

<net id="3716"><net_src comp="3503" pin="3"/><net_sink comp="3711" pin=1"/></net>

<net id="3721"><net_src comp="3483" pin="1"/><net_sink comp="3717" pin=0"/></net>

<net id="3722"><net_src comp="3310" pin="1"/><net_sink comp="3717" pin=1"/></net>

<net id="3726"><net_src comp="3717" pin="2"/><net_sink comp="3723" pin=0"/></net>

<net id="3732"><net_src comp="108" pin="0"/><net_sink comp="3727" pin=0"/></net>

<net id="3733"><net_src comp="3717" pin="2"/><net_sink comp="3727" pin=1"/></net>

<net id="3734"><net_src comp="98" pin="0"/><net_sink comp="3727" pin=2"/></net>

<net id="3739"><net_src comp="3723" pin="1"/><net_sink comp="3735" pin=0"/></net>

<net id="3740"><net_src comp="3727" pin="3"/><net_sink comp="3735" pin=1"/></net>

<net id="3745"><net_src comp="3360" pin="2"/><net_sink comp="3741" pin=0"/></net>

<net id="3746"><net_src comp="116" pin="0"/><net_sink comp="3741" pin=1"/></net>

<net id="3751"><net_src comp="3741" pin="2"/><net_sink comp="3747" pin=0"/></net>

<net id="3752"><net_src comp="3405" pin="3"/><net_sink comp="3747" pin=1"/></net>

<net id="3757"><net_src comp="3459" pin="2"/><net_sink comp="3753" pin=0"/></net>

<net id="3758"><net_src comp="3735" pin="2"/><net_sink comp="3753" pin=1"/></net>

<net id="3763"><net_src comp="3753" pin="2"/><net_sink comp="3759" pin=0"/></net>

<net id="3764"><net_src comp="3747" pin="2"/><net_sink comp="3759" pin=1"/></net>

<net id="3769"><net_src comp="3477" pin="2"/><net_sink comp="3765" pin=0"/></net>

<net id="3770"><net_src comp="3511" pin="2"/><net_sink comp="3765" pin=1"/></net>

<net id="3775"><net_src comp="3765" pin="2"/><net_sink comp="3771" pin=0"/></net>

<net id="3776"><net_src comp="3547" pin="2"/><net_sink comp="3771" pin=1"/></net>

<net id="3783"><net_src comp="118" pin="0"/><net_sink comp="3777" pin=0"/></net>

<net id="3784"><net_src comp="2218" pin="2"/><net_sink comp="3777" pin=1"/></net>

<net id="3785"><net_src comp="120" pin="0"/><net_sink comp="3777" pin=2"/></net>

<net id="3786"><net_src comp="122" pin="0"/><net_sink comp="3777" pin=3"/></net>

<net id="3793"><net_src comp="118" pin="0"/><net_sink comp="3787" pin=0"/></net>

<net id="3794"><net_src comp="2318" pin="2"/><net_sink comp="3787" pin=1"/></net>

<net id="3795"><net_src comp="120" pin="0"/><net_sink comp="3787" pin=2"/></net>

<net id="3796"><net_src comp="122" pin="0"/><net_sink comp="3787" pin=3"/></net>

<net id="3803"><net_src comp="118" pin="0"/><net_sink comp="3797" pin=0"/></net>

<net id="3804"><net_src comp="2725" pin="2"/><net_sink comp="3797" pin=1"/></net>

<net id="3805"><net_src comp="120" pin="0"/><net_sink comp="3797" pin=2"/></net>

<net id="3806"><net_src comp="122" pin="0"/><net_sink comp="3797" pin=3"/></net>

<net id="3813"><net_src comp="118" pin="0"/><net_sink comp="3807" pin=0"/></net>

<net id="3814"><net_src comp="2649" pin="2"/><net_sink comp="3807" pin=1"/></net>

<net id="3815"><net_src comp="120" pin="0"/><net_sink comp="3807" pin=2"/></net>

<net id="3816"><net_src comp="122" pin="0"/><net_sink comp="3807" pin=3"/></net>

<net id="3823"><net_src comp="118" pin="0"/><net_sink comp="3817" pin=0"/></net>

<net id="3824"><net_src comp="2771" pin="2"/><net_sink comp="3817" pin=1"/></net>

<net id="3825"><net_src comp="120" pin="0"/><net_sink comp="3817" pin=2"/></net>

<net id="3826"><net_src comp="122" pin="0"/><net_sink comp="3817" pin=3"/></net>

<net id="3833"><net_src comp="118" pin="0"/><net_sink comp="3827" pin=0"/></net>

<net id="3834"><net_src comp="2777" pin="2"/><net_sink comp="3827" pin=1"/></net>

<net id="3835"><net_src comp="120" pin="0"/><net_sink comp="3827" pin=2"/></net>

<net id="3836"><net_src comp="122" pin="0"/><net_sink comp="3827" pin=3"/></net>

<net id="3843"><net_src comp="118" pin="0"/><net_sink comp="3837" pin=0"/></net>

<net id="3844"><net_src comp="2825" pin="2"/><net_sink comp="3837" pin=1"/></net>

<net id="3845"><net_src comp="120" pin="0"/><net_sink comp="3837" pin=2"/></net>

<net id="3846"><net_src comp="122" pin="0"/><net_sink comp="3837" pin=3"/></net>

<net id="3853"><net_src comp="118" pin="0"/><net_sink comp="3847" pin=0"/></net>

<net id="3854"><net_src comp="2837" pin="2"/><net_sink comp="3847" pin=1"/></net>

<net id="3855"><net_src comp="120" pin="0"/><net_sink comp="3847" pin=2"/></net>

<net id="3856"><net_src comp="122" pin="0"/><net_sink comp="3847" pin=3"/></net>

<net id="3863"><net_src comp="118" pin="0"/><net_sink comp="3857" pin=0"/></net>

<net id="3864"><net_src comp="3192" pin="2"/><net_sink comp="3857" pin=1"/></net>

<net id="3865"><net_src comp="120" pin="0"/><net_sink comp="3857" pin=2"/></net>

<net id="3866"><net_src comp="122" pin="0"/><net_sink comp="3857" pin=3"/></net>

<net id="3873"><net_src comp="118" pin="0"/><net_sink comp="3867" pin=0"/></net>

<net id="3874"><net_src comp="3116" pin="2"/><net_sink comp="3867" pin=1"/></net>

<net id="3875"><net_src comp="120" pin="0"/><net_sink comp="3867" pin=2"/></net>

<net id="3876"><net_src comp="122" pin="0"/><net_sink comp="3867" pin=3"/></net>

<net id="3883"><net_src comp="118" pin="0"/><net_sink comp="3877" pin=0"/></net>

<net id="3884"><net_src comp="3238" pin="2"/><net_sink comp="3877" pin=1"/></net>

<net id="3885"><net_src comp="120" pin="0"/><net_sink comp="3877" pin=2"/></net>

<net id="3886"><net_src comp="122" pin="0"/><net_sink comp="3877" pin=3"/></net>

<net id="3893"><net_src comp="118" pin="0"/><net_sink comp="3887" pin=0"/></net>

<net id="3894"><net_src comp="3244" pin="2"/><net_sink comp="3887" pin=1"/></net>

<net id="3895"><net_src comp="120" pin="0"/><net_sink comp="3887" pin=2"/></net>

<net id="3896"><net_src comp="122" pin="0"/><net_sink comp="3887" pin=3"/></net>

<net id="3903"><net_src comp="118" pin="0"/><net_sink comp="3897" pin=0"/></net>

<net id="3904"><net_src comp="3292" pin="2"/><net_sink comp="3897" pin=1"/></net>

<net id="3905"><net_src comp="120" pin="0"/><net_sink comp="3897" pin=2"/></net>

<net id="3906"><net_src comp="122" pin="0"/><net_sink comp="3897" pin=3"/></net>

<net id="3913"><net_src comp="118" pin="0"/><net_sink comp="3907" pin=0"/></net>

<net id="3914"><net_src comp="3304" pin="2"/><net_sink comp="3907" pin=1"/></net>

<net id="3915"><net_src comp="120" pin="0"/><net_sink comp="3907" pin=2"/></net>

<net id="3916"><net_src comp="122" pin="0"/><net_sink comp="3907" pin=3"/></net>

<net id="3923"><net_src comp="118" pin="0"/><net_sink comp="3917" pin=0"/></net>

<net id="3924"><net_src comp="3659" pin="2"/><net_sink comp="3917" pin=1"/></net>

<net id="3925"><net_src comp="120" pin="0"/><net_sink comp="3917" pin=2"/></net>

<net id="3926"><net_src comp="122" pin="0"/><net_sink comp="3917" pin=3"/></net>

<net id="3933"><net_src comp="118" pin="0"/><net_sink comp="3927" pin=0"/></net>

<net id="3934"><net_src comp="3583" pin="2"/><net_sink comp="3927" pin=1"/></net>

<net id="3935"><net_src comp="120" pin="0"/><net_sink comp="3927" pin=2"/></net>

<net id="3936"><net_src comp="122" pin="0"/><net_sink comp="3927" pin=3"/></net>

<net id="3943"><net_src comp="118" pin="0"/><net_sink comp="3937" pin=0"/></net>

<net id="3944"><net_src comp="3705" pin="2"/><net_sink comp="3937" pin=1"/></net>

<net id="3945"><net_src comp="120" pin="0"/><net_sink comp="3937" pin=2"/></net>

<net id="3946"><net_src comp="122" pin="0"/><net_sink comp="3937" pin=3"/></net>

<net id="3953"><net_src comp="118" pin="0"/><net_sink comp="3947" pin=0"/></net>

<net id="3954"><net_src comp="3711" pin="2"/><net_sink comp="3947" pin=1"/></net>

<net id="3955"><net_src comp="120" pin="0"/><net_sink comp="3947" pin=2"/></net>

<net id="3956"><net_src comp="122" pin="0"/><net_sink comp="3947" pin=3"/></net>

<net id="3963"><net_src comp="118" pin="0"/><net_sink comp="3957" pin=0"/></net>

<net id="3964"><net_src comp="3759" pin="2"/><net_sink comp="3957" pin=1"/></net>

<net id="3965"><net_src comp="120" pin="0"/><net_sink comp="3957" pin=2"/></net>

<net id="3966"><net_src comp="122" pin="0"/><net_sink comp="3957" pin=3"/></net>

<net id="3973"><net_src comp="118" pin="0"/><net_sink comp="3967" pin=0"/></net>

<net id="3974"><net_src comp="3771" pin="2"/><net_sink comp="3967" pin=1"/></net>

<net id="3975"><net_src comp="120" pin="0"/><net_sink comp="3967" pin=2"/></net>

<net id="3976"><net_src comp="122" pin="0"/><net_sink comp="3967" pin=3"/></net>

<net id="3981"><net_src comp="850" pin="1"/><net_sink comp="3977" pin=1"/></net>

<net id="3986"><net_src comp="3977" pin="2"/><net_sink comp="3982" pin=1"/></net>

<net id="3993"><net_src comp="118" pin="0"/><net_sink comp="3987" pin=0"/></net>

<net id="3994"><net_src comp="3982" pin="2"/><net_sink comp="3987" pin=1"/></net>

<net id="3995"><net_src comp="120" pin="0"/><net_sink comp="3987" pin=2"/></net>

<net id="3996"><net_src comp="122" pin="0"/><net_sink comp="3987" pin=3"/></net>

<net id="4001"><net_src comp="854" pin="1"/><net_sink comp="3997" pin=1"/></net>

<net id="4006"><net_src comp="3997" pin="2"/><net_sink comp="4002" pin=1"/></net>

<net id="4011"><net_src comp="858" pin="1"/><net_sink comp="4007" pin=1"/></net>

<net id="4016"><net_src comp="4007" pin="2"/><net_sink comp="4012" pin=1"/></net>

<net id="4021"><net_src comp="862" pin="1"/><net_sink comp="4017" pin=1"/></net>

<net id="4026"><net_src comp="4017" pin="2"/><net_sink comp="4022" pin=1"/></net>

<net id="4033"><net_src comp="118" pin="0"/><net_sink comp="4027" pin=0"/></net>

<net id="4034"><net_src comp="4002" pin="2"/><net_sink comp="4027" pin=1"/></net>

<net id="4035"><net_src comp="120" pin="0"/><net_sink comp="4027" pin=2"/></net>

<net id="4036"><net_src comp="122" pin="0"/><net_sink comp="4027" pin=3"/></net>

<net id="4043"><net_src comp="118" pin="0"/><net_sink comp="4037" pin=0"/></net>

<net id="4044"><net_src comp="4012" pin="2"/><net_sink comp="4037" pin=1"/></net>

<net id="4045"><net_src comp="120" pin="0"/><net_sink comp="4037" pin=2"/></net>

<net id="4046"><net_src comp="122" pin="0"/><net_sink comp="4037" pin=3"/></net>

<net id="4053"><net_src comp="118" pin="0"/><net_sink comp="4047" pin=0"/></net>

<net id="4054"><net_src comp="4022" pin="2"/><net_sink comp="4047" pin=1"/></net>

<net id="4055"><net_src comp="120" pin="0"/><net_sink comp="4047" pin=2"/></net>

<net id="4056"><net_src comp="122" pin="0"/><net_sink comp="4047" pin=3"/></net>

<net id="4088"><net_src comp="130" pin="0"/><net_sink comp="4057" pin=0"/></net>

<net id="4089"><net_src comp="4047" pin="4"/><net_sink comp="4057" pin=7"/></net>

<net id="4090"><net_src comp="4037" pin="4"/><net_sink comp="4057" pin=14"/></net>

<net id="4091"><net_src comp="4027" pin="4"/><net_sink comp="4057" pin=21"/></net>

<net id="4092"><net_src comp="3987" pin="4"/><net_sink comp="4057" pin=28"/></net>

<net id="4093"><net_src comp="4057" pin="29"/><net_sink comp="232" pin=2"/></net>

<net id="4097"><net_src comp="134" pin="1"/><net_sink comp="4094" pin=0"/></net>

<net id="4098"><net_src comp="4094" pin="1"/><net_sink comp="877" pin=1"/></net>

<net id="4099"><net_src comp="4094" pin="1"/><net_sink comp="882" pin=0"/></net>

<net id="4100"><net_src comp="4094" pin="1"/><net_sink comp="1213" pin=1"/></net>

<net id="4104"><net_src comp="138" pin="1"/><net_sink comp="4101" pin=0"/></net>

<net id="4105"><net_src comp="4101" pin="1"/><net_sink comp="872" pin=1"/></net>

<net id="4106"><net_src comp="4101" pin="1"/><net_sink comp="885" pin=0"/></net>

<net id="4107"><net_src comp="4101" pin="1"/><net_sink comp="1208" pin=1"/></net>

<net id="4111"><net_src comp="142" pin="1"/><net_sink comp="4108" pin=0"/></net>

<net id="4112"><net_src comp="4108" pin="1"/><net_sink comp="867" pin=1"/></net>

<net id="4113"><net_src comp="4108" pin="1"/><net_sink comp="888" pin=0"/></net>

<net id="4114"><net_src comp="4108" pin="1"/><net_sink comp="1203" pin=1"/></net>

<net id="4118"><net_src comp="146" pin="1"/><net_sink comp="4115" pin=0"/></net>

<net id="4119"><net_src comp="4115" pin="1"/><net_sink comp="1001" pin=1"/></net>

<net id="4120"><net_src comp="4115" pin="1"/><net_sink comp="1223" pin=0"/></net>

<net id="4124"><net_src comp="150" pin="1"/><net_sink comp="4121" pin=0"/></net>

<net id="4125"><net_src comp="4121" pin="1"/><net_sink comp="1006" pin=1"/></net>

<net id="4126"><net_src comp="4121" pin="1"/><net_sink comp="1404" pin=0"/></net>

<net id="4130"><net_src comp="154" pin="1"/><net_sink comp="4127" pin=0"/></net>

<net id="4131"><net_src comp="4127" pin="1"/><net_sink comp="1011" pin=1"/></net>

<net id="4132"><net_src comp="4127" pin="1"/><net_sink comp="1559" pin=0"/></net>

<net id="4136"><net_src comp="158" pin="1"/><net_sink comp="4133" pin=0"/></net>

<net id="4137"><net_src comp="4133" pin="1"/><net_sink comp="1016" pin=1"/></net>

<net id="4138"><net_src comp="4133" pin="1"/><net_sink comp="1714" pin=0"/></net>

<net id="4142"><net_src comp="162" pin="1"/><net_sink comp="4139" pin=0"/></net>

<net id="4143"><net_src comp="4139" pin="1"/><net_sink comp="981" pin=1"/></net>

<net id="4144"><net_src comp="4139" pin="1"/><net_sink comp="1226" pin=0"/></net>

<net id="4148"><net_src comp="166" pin="1"/><net_sink comp="4145" pin=0"/></net>

<net id="4149"><net_src comp="4145" pin="1"/><net_sink comp="986" pin=1"/></net>

<net id="4150"><net_src comp="4145" pin="1"/><net_sink comp="1407" pin=0"/></net>

<net id="4154"><net_src comp="170" pin="1"/><net_sink comp="4151" pin=0"/></net>

<net id="4155"><net_src comp="4151" pin="1"/><net_sink comp="991" pin=1"/></net>

<net id="4156"><net_src comp="4151" pin="1"/><net_sink comp="1562" pin=0"/></net>

<net id="4160"><net_src comp="174" pin="1"/><net_sink comp="4157" pin=0"/></net>

<net id="4161"><net_src comp="4157" pin="1"/><net_sink comp="996" pin=1"/></net>

<net id="4162"><net_src comp="4157" pin="1"/><net_sink comp="1717" pin=0"/></net>

<net id="4166"><net_src comp="178" pin="1"/><net_sink comp="4163" pin=0"/></net>

<net id="4167"><net_src comp="4163" pin="1"/><net_sink comp="961" pin=1"/></net>

<net id="4168"><net_src comp="4163" pin="1"/><net_sink comp="1229" pin=0"/></net>

<net id="4172"><net_src comp="182" pin="1"/><net_sink comp="4169" pin=0"/></net>

<net id="4173"><net_src comp="4169" pin="1"/><net_sink comp="966" pin=1"/></net>

<net id="4174"><net_src comp="4169" pin="1"/><net_sink comp="1410" pin=0"/></net>

<net id="4178"><net_src comp="186" pin="1"/><net_sink comp="4175" pin=0"/></net>

<net id="4179"><net_src comp="4175" pin="1"/><net_sink comp="971" pin=1"/></net>

<net id="4180"><net_src comp="4175" pin="1"/><net_sink comp="1565" pin=0"/></net>

<net id="4184"><net_src comp="190" pin="1"/><net_sink comp="4181" pin=0"/></net>

<net id="4185"><net_src comp="4181" pin="1"/><net_sink comp="976" pin=1"/></net>

<net id="4186"><net_src comp="4181" pin="1"/><net_sink comp="1720" pin=0"/></net>

<net id="4190"><net_src comp="194" pin="1"/><net_sink comp="4187" pin=0"/></net>

<net id="4191"><net_src comp="4187" pin="1"/><net_sink comp="941" pin=1"/></net>

<net id="4192"><net_src comp="4187" pin="1"/><net_sink comp="1232" pin=0"/></net>

<net id="4196"><net_src comp="198" pin="1"/><net_sink comp="4193" pin=0"/></net>

<net id="4197"><net_src comp="4193" pin="1"/><net_sink comp="946" pin=1"/></net>

<net id="4198"><net_src comp="4193" pin="1"/><net_sink comp="1413" pin=0"/></net>

<net id="4202"><net_src comp="202" pin="1"/><net_sink comp="4199" pin=0"/></net>

<net id="4203"><net_src comp="4199" pin="1"/><net_sink comp="951" pin=1"/></net>

<net id="4204"><net_src comp="4199" pin="1"/><net_sink comp="1568" pin=0"/></net>

<net id="4208"><net_src comp="206" pin="1"/><net_sink comp="4205" pin=0"/></net>

<net id="4209"><net_src comp="4205" pin="1"/><net_sink comp="956" pin=1"/></net>

<net id="4210"><net_src comp="4205" pin="1"/><net_sink comp="1723" pin=0"/></net>

<net id="4214"><net_src comp="210" pin="1"/><net_sink comp="4211" pin=0"/></net>

<net id="4215"><net_src comp="4211" pin="1"/><net_sink comp="1021" pin=1"/></net>

<net id="4216"><net_src comp="4211" pin="1"/><net_sink comp="1235" pin=0"/></net>

<net id="4220"><net_src comp="214" pin="1"/><net_sink comp="4217" pin=0"/></net>

<net id="4221"><net_src comp="4217" pin="1"/><net_sink comp="1026" pin=1"/></net>

<net id="4222"><net_src comp="4217" pin="1"/><net_sink comp="1416" pin=0"/></net>

<net id="4226"><net_src comp="218" pin="1"/><net_sink comp="4223" pin=0"/></net>

<net id="4227"><net_src comp="4223" pin="1"/><net_sink comp="1031" pin=1"/></net>

<net id="4228"><net_src comp="4223" pin="1"/><net_sink comp="1571" pin=0"/></net>

<net id="4232"><net_src comp="222" pin="1"/><net_sink comp="4229" pin=0"/></net>

<net id="4233"><net_src comp="4229" pin="1"/><net_sink comp="1036" pin=1"/></net>

<net id="4234"><net_src comp="4229" pin="1"/><net_sink comp="1726" pin=0"/></net>

<net id="4238"><net_src comp="891" pin="2"/><net_sink comp="4235" pin=0"/></net>

<net id="4245"><net_src comp="1083" pin="2"/><net_sink comp="4242" pin=0"/></net>

<net id="4249"><net_src comp="1089" pin="2"/><net_sink comp="4246" pin=0"/></net>

<net id="4250"><net_src comp="4246" pin="1"/><net_sink comp="1218" pin=0"/></net>

<net id="4254"><net_src comp="1101" pin="1"/><net_sink comp="4251" pin=0"/></net>

<net id="4255"><net_src comp="4251" pin="1"/><net_sink comp="1218" pin=1"/></net>

<net id="4256"><net_src comp="4251" pin="1"/><net_sink comp="1276" pin=0"/></net>

<net id="4260"><net_src comp="1105" pin="1"/><net_sink comp="4257" pin=0"/></net>

<net id="4261"><net_src comp="4257" pin="1"/><net_sink comp="1218" pin=2"/></net>

<net id="4262"><net_src comp="4257" pin="1"/><net_sink comp="1281" pin=1"/></net>

<net id="4266"><net_src comp="1115" pin="2"/><net_sink comp="4263" pin=0"/></net>

<net id="4267"><net_src comp="4263" pin="1"/><net_sink comp="1266" pin=0"/></net>

<net id="4271"><net_src comp="1127" pin="1"/><net_sink comp="4268" pin=0"/></net>

<net id="4272"><net_src comp="4268" pin="1"/><net_sink comp="1266" pin=1"/></net>

<net id="4276"><net_src comp="1131" pin="1"/><net_sink comp="4273" pin=0"/></net>

<net id="4277"><net_src comp="4273" pin="1"/><net_sink comp="1266" pin=2"/></net>

<net id="4278"><net_src comp="4273" pin="1"/><net_sink comp="1287" pin=1"/></net>

<net id="4282"><net_src comp="1141" pin="2"/><net_sink comp="4279" pin=0"/></net>

<net id="4283"><net_src comp="4279" pin="1"/><net_sink comp="1271" pin=0"/></net>

<net id="4287"><net_src comp="1147" pin="1"/><net_sink comp="4284" pin=0"/></net>

<net id="4288"><net_src comp="4284" pin="1"/><net_sink comp="1271" pin=1"/></net>

<net id="4292"><net_src comp="1151" pin="2"/><net_sink comp="4289" pin=0"/></net>

<net id="4293"><net_src comp="4289" pin="1"/><net_sink comp="1271" pin=2"/></net>

<net id="4297"><net_src comp="1157" pin="2"/><net_sink comp="4294" pin=0"/></net>

<net id="4298"><net_src comp="4294" pin="1"/><net_sink comp="1281" pin=0"/></net>

<net id="4302"><net_src comp="1163" pin="2"/><net_sink comp="4299" pin=0"/></net>

<net id="4303"><net_src comp="4299" pin="1"/><net_sink comp="1287" pin=0"/></net>

<net id="4307"><net_src comp="1169" pin="2"/><net_sink comp="4304" pin=0"/></net>

<net id="4308"><net_src comp="4304" pin="1"/><net_sink comp="1287" pin=2"/></net>

<net id="4312"><net_src comp="2160" pin="2"/><net_sink comp="4309" pin=0"/></net>

<net id="4313"><net_src comp="4309" pin="1"/><net_sink comp="3977" pin=0"/></net>

<net id="4317"><net_src comp="2182" pin="2"/><net_sink comp="4314" pin=0"/></net>

<net id="4318"><net_src comp="4314" pin="1"/><net_sink comp="3982" pin=0"/></net>

<net id="4322"><net_src comp="2336" pin="4"/><net_sink comp="4319" pin=0"/></net>

<net id="4323"><net_src comp="4319" pin="1"/><net_sink comp="4057" pin=26"/></net>

<net id="4327"><net_src comp="2346" pin="4"/><net_sink comp="4324" pin=0"/></net>

<net id="4328"><net_src comp="4324" pin="1"/><net_sink comp="4057" pin=25"/></net>

<net id="4332"><net_src comp="2356" pin="4"/><net_sink comp="4329" pin=0"/></net>

<net id="4333"><net_src comp="4329" pin="1"/><net_sink comp="4057" pin=24"/></net>

<net id="4337"><net_src comp="2366" pin="4"/><net_sink comp="4334" pin=0"/></net>

<net id="4338"><net_src comp="4334" pin="1"/><net_sink comp="4057" pin=22"/></net>

<net id="4342"><net_src comp="2667" pin="2"/><net_sink comp="4339" pin=0"/></net>

<net id="4343"><net_src comp="4339" pin="1"/><net_sink comp="3997" pin=0"/></net>

<net id="4347"><net_src comp="2689" pin="2"/><net_sink comp="4344" pin=0"/></net>

<net id="4348"><net_src comp="4344" pin="1"/><net_sink comp="4002" pin=0"/></net>

<net id="4352"><net_src comp="3134" pin="2"/><net_sink comp="4349" pin=0"/></net>

<net id="4353"><net_src comp="4349" pin="1"/><net_sink comp="4007" pin=0"/></net>

<net id="4357"><net_src comp="3156" pin="2"/><net_sink comp="4354" pin=0"/></net>

<net id="4358"><net_src comp="4354" pin="1"/><net_sink comp="4012" pin=0"/></net>

<net id="4362"><net_src comp="3601" pin="2"/><net_sink comp="4359" pin=0"/></net>

<net id="4363"><net_src comp="4359" pin="1"/><net_sink comp="4017" pin=0"/></net>

<net id="4367"><net_src comp="3623" pin="2"/><net_sink comp="4364" pin=0"/></net>

<net id="4368"><net_src comp="4364" pin="1"/><net_sink comp="4022" pin=0"/></net>

<net id="4372"><net_src comp="3777" pin="4"/><net_sink comp="4369" pin=0"/></net>

<net id="4373"><net_src comp="4369" pin="1"/><net_sink comp="4057" pin=27"/></net>

<net id="4377"><net_src comp="3787" pin="4"/><net_sink comp="4374" pin=0"/></net>

<net id="4378"><net_src comp="4374" pin="1"/><net_sink comp="4057" pin=23"/></net>

<net id="4382"><net_src comp="3797" pin="4"/><net_sink comp="4379" pin=0"/></net>

<net id="4383"><net_src comp="4379" pin="1"/><net_sink comp="4057" pin=20"/></net>

<net id="4387"><net_src comp="3807" pin="4"/><net_sink comp="4384" pin=0"/></net>

<net id="4388"><net_src comp="4384" pin="1"/><net_sink comp="4057" pin=19"/></net>

<net id="4392"><net_src comp="3817" pin="4"/><net_sink comp="4389" pin=0"/></net>

<net id="4393"><net_src comp="4389" pin="1"/><net_sink comp="4057" pin=18"/></net>

<net id="4397"><net_src comp="3827" pin="4"/><net_sink comp="4394" pin=0"/></net>

<net id="4398"><net_src comp="4394" pin="1"/><net_sink comp="4057" pin=17"/></net>

<net id="4402"><net_src comp="3837" pin="4"/><net_sink comp="4399" pin=0"/></net>

<net id="4403"><net_src comp="4399" pin="1"/><net_sink comp="4057" pin=16"/></net>

<net id="4407"><net_src comp="3847" pin="4"/><net_sink comp="4404" pin=0"/></net>

<net id="4408"><net_src comp="4404" pin="1"/><net_sink comp="4057" pin=15"/></net>

<net id="4412"><net_src comp="3857" pin="4"/><net_sink comp="4409" pin=0"/></net>

<net id="4413"><net_src comp="4409" pin="1"/><net_sink comp="4057" pin=13"/></net>

<net id="4417"><net_src comp="3867" pin="4"/><net_sink comp="4414" pin=0"/></net>

<net id="4418"><net_src comp="4414" pin="1"/><net_sink comp="4057" pin=12"/></net>

<net id="4422"><net_src comp="3877" pin="4"/><net_sink comp="4419" pin=0"/></net>

<net id="4423"><net_src comp="4419" pin="1"/><net_sink comp="4057" pin=11"/></net>

<net id="4427"><net_src comp="3887" pin="4"/><net_sink comp="4424" pin=0"/></net>

<net id="4428"><net_src comp="4424" pin="1"/><net_sink comp="4057" pin=10"/></net>

<net id="4432"><net_src comp="3897" pin="4"/><net_sink comp="4429" pin=0"/></net>

<net id="4433"><net_src comp="4429" pin="1"/><net_sink comp="4057" pin=9"/></net>

<net id="4437"><net_src comp="3907" pin="4"/><net_sink comp="4434" pin=0"/></net>

<net id="4438"><net_src comp="4434" pin="1"/><net_sink comp="4057" pin=8"/></net>

<net id="4442"><net_src comp="3917" pin="4"/><net_sink comp="4439" pin=0"/></net>

<net id="4443"><net_src comp="4439" pin="1"/><net_sink comp="4057" pin=6"/></net>

<net id="4447"><net_src comp="3927" pin="4"/><net_sink comp="4444" pin=0"/></net>

<net id="4448"><net_src comp="4444" pin="1"/><net_sink comp="4057" pin=5"/></net>

<net id="4452"><net_src comp="3937" pin="4"/><net_sink comp="4449" pin=0"/></net>

<net id="4453"><net_src comp="4449" pin="1"/><net_sink comp="4057" pin=4"/></net>

<net id="4457"><net_src comp="3947" pin="4"/><net_sink comp="4454" pin=0"/></net>

<net id="4458"><net_src comp="4454" pin="1"/><net_sink comp="4057" pin=3"/></net>

<net id="4462"><net_src comp="3957" pin="4"/><net_sink comp="4459" pin=0"/></net>

<net id="4463"><net_src comp="4459" pin="1"/><net_sink comp="4057" pin=2"/></net>

<net id="4467"><net_src comp="3967" pin="4"/><net_sink comp="4464" pin=0"/></net>

<net id="4468"><net_src comp="4464" pin="1"/><net_sink comp="4057" pin=1"/></net>

</net_list>

</model> 
---------------- Datapath Model END ------------------

* FSMD analyzer results:
  - Output states:
	Port: input_layer | {}
	Port: layer3x4_out | {3 }
 - Input state : 
	Port: first_conv_4lane_temporal_wide_cl<array,array<ap_fixed,28u>,config3> : input_layer | {1 }
  - Chain level:
	State 1
		store_ln116 : 1
		store_ln117 : 1
		store_ln120 : 1
		i_ih_3 : 1
		stride_cnt_3 : 1
		wptr_1 : 1
		icmp_ln120 : 2
		i_ih_4 : 2
		br_ln120 : 3
		trunc_ln120 : 2
		switch_ln129 : 3
		store_ln129 : 1
		store_ln129 : 1
		store_ln129 : 1
		store_ln129 : 1
		store_ln129 : 1
		store_ln129 : 1
		store_ln129 : 1
		store_ln129 : 1
		store_ln129 : 1
		store_ln129 : 1
		store_ln129 : 1
		store_ln129 : 1
		store_ln129 : 1
		store_ln129 : 1
		store_ln129 : 1
		store_ln129 : 1
		store_ln129 : 1
		store_ln129 : 1
		store_ln129 : 1
		store_ln129 : 1
		icmp_ln132 : 2
		add_ln132 : 2
		oldest : 3
		tmp : 2
		have_full_window : 3
		icmp_ln135 : 2
		on_stride : 4
		br_ln137 : 4
		icmp_ln154 : 4
		add_ln156 : 4
		trunc_ln154 : 4
		trunc_ln154_1 : 5
		add_ln154 : 4
		icmp_ln154_1 : 5
		add_ln156_1 : 4
		trunc_ln154_2 : 5
		trunc_ln154_3 : 5
		add_ln154_1 : 4
		icmp_ln154_2 : 5
		trunc_ln154_4 : 5
		add_ln154_2 : 5
		icmp_ln154_3 : 5
		icmp_ln154_4 : 5
		add_ln154_4 : 5
		icmp_ln175 : 2
		add_ln175 : 2
		stride_cnt_4 : 3
		stride_cnt_5 : 4
		store_ln116 : 4
		store_ln117 : 5
		store_ln120 : 3
	State 2
		kernel_data : 1
		select_ln154_3 : 1
		kernel_data_20 : 1
		kernel_data_21 : 1
		kernel_data_22 : 2
		kernel_data_23 : 1
		kernel_data_24 : 1
		kernel_data_25 : 1
		kernel_data_26 : 1
		kernel_data_27 : 2
		kernel_data_28 : 1
		kernel_data_29 : 1
		kernel_data_30 : 1
		kernel_data_31 : 1
		kernel_data_32 : 2
		kernel_data_33 : 1
		kernel_data_34 : 1
		kernel_data_35 : 1
		kernel_data_36 : 1
		kernel_data_37 : 2
		kernel_data_38 : 1
		sext_ln42 : 2
		shl_ln : 2
		sext_ln70 : 3
		sext_ln42_1 : 2
		shl_ln42_8 : 2
		shl_ln42_9 : 2
		sext_ln42_3 : 3
		sext_ln42_4 : 3
		sub_ln42 : 4
		sub_ln42_1 : 4
		sext_ln42_2 : 2
		mul_ln42 : 3
		shl_ln42_1 : 2
		sext_ln42_5 : 3
		sext_ln42_48 : 3
		shl_ln42_s : 2
		sext_ln42_6 : 3
		sub_ln42_2 : 4
		shl_ln42_10 : 2
		sext_ln70_1 : 3
		sext_ln70_8 : 3
		shl_ln42_11 : 3
		shl_ln42_12 : 3
		sext_ln42_8 : 4
		sub_ln42_3 : 5
		sub_ln42_4 : 6
		sub_ln42_5 : 4
		sub_ln42_6 : 5
		shl_ln42_13 : 3
		sext_ln42_9 : 4
		sub_ln42_7 : 5
		sext_ln42_10 : 2
		sext_ln42_11 : 2
		shl_ln42_14 : 2
		sext_ln42_13 : 3
		shl_ln42_15 : 2
		sub_ln42_8 : 4
		add_ln58 : 4
		sext_ln58 : 5
		add_ln58_1 : 4
		sext_ln58_1 : 5
		add_ln58_2 : 4
		sext_ln58_2 : 5
		sub_ln58 : 6
		tmp118 : 4
		p_shl3 : 5
		add_ln58_3 : 3
		sext_ln58_3 : 4
		add_ln58_4 : 5
		x_2 : 6
		add_ln58_5 : 6
		add_ln58_6 : 7
		add_ln58_7 : 4
		add_ln58_9 : 6
		add_ln58_10 : 4
		sext_ln58_16 : 5
		add_ln58_11 : 7
		tmp20987 : 3
		tmp1 : 4
		add_ln58_13 : 5
		add_ln58_14 : 4
		sext_ln58_17 : 5
		x_1 : 6
		tmp211 : 3
		tmp211_cast : 4
		empty : 4
		p_shl6 : 5
		tmp212 : 6
		add_ln58_18 : 7
		add_ln58_16 : 8
		x_3 : 9
		x_4 : 8
		tmp213 : 3
		tmp213_cast : 4
		p_shl7 : 4
		tmp214 : 5
		add_ln58_17 : 5
		sub_ln58_4 : 6
		add_ln58_19 : 6
		x_5 : 7
		add_ln58_23 : 6
		x_6 : 7
		res_out_1 : 7
		res_out_2 : 10
		res_out_3 : 9
		res_out_4 : 8
		sext_ln42_14 : 2
		shl_ln42_2 : 2
		sext_ln70_2 : 3
		sext_ln42_15 : 2
		shl_ln42_16 : 2
		shl_ln42_17 : 2
		sext_ln42_16 : 3
		sext_ln42_18 : 3
		sub_ln42_9 : 4
		sub_ln42_10 : 4
		sext_ln42_7 : 2
		mul_ln42_1 : 3
		shl_ln42_3 : 2
		sext_ln42_19 : 3
		sext_ln42_49 : 3
		shl_ln42_18 : 2
		sext_ln42_20 : 3
		sub_ln42_11 : 4
		shl_ln42_19 : 2
		sext_ln70_3 : 3
		sext_ln70_9 : 3
		shl_ln42_20 : 3
		shl_ln42_21 : 3
		sext_ln42_21 : 4
		sub_ln42_12 : 5
		sub_ln42_13 : 6
		sub_ln42_14 : 4
		sub_ln42_15 : 5
		shl_ln42_22 : 3
		sext_ln42_22 : 4
		sub_ln42_16 : 5
		sext_ln42_23 : 2
		sext_ln42_24 : 2
		shl_ln42_23 : 2
		sext_ln42_25 : 3
		shl_ln42_24 : 2
		sub_ln42_17 : 4
		add_ln58_21 : 4
		sext_ln58_4 : 5
		add_ln58_22 : 4
		sext_ln58_5 : 5
		add_ln58_24 : 4
		sext_ln58_6 : 5
		sub_ln58_5 : 6
		tmp215116 : 4
		p_shl8 : 5
		add_ln58_26 : 3
		sext_ln58_7 : 4
		add_ln58_27 : 5
		x_9 : 6
		add_ln58_28 : 6
		add_ln58_29 : 7
		add_ln58_30 : 4
		add_ln58_32 : 6
		add_ln58_33 : 4
		sext_ln58_18 : 5
		add_ln58_34 : 7
		tmp21859 : 3
		tmp2 : 4
		add_ln58_36 : 5
		add_ln58_39 : 4
		sext_ln58_19 : 5
		x_8 : 6
		tmp221 : 3
		tmp221_cast : 4
		empty_36 : 4
		p_shl9 : 5
		tmp222 : 6
		add_ln58_41 : 7
		add_ln58_37 : 8
		x_10 : 9
		x_11 : 8
		tmp223 : 3
		tmp223_cast : 4
		p_shl5 : 4
		tmp224 : 5
		add_ln58_38 : 5
		sub_ln58_9 : 6
		add_ln58_44 : 6
		x_12 : 7
		add_ln58_47 : 6
		x_13 : 7
		sext_ln42_26 : 2
		shl_ln42_4 : 2
		sext_ln70_4 : 3
		sext_ln42_27 : 2
		shl_ln42_25 : 2
		shl_ln42_26 : 2
		sext_ln42_28 : 3
		sext_ln42_29 : 3
		sub_ln42_18 : 4
		sub_ln42_19 : 4
		sext_ln42_12 : 2
		mul_ln42_2 : 3
		shl_ln42_5 : 2
		sext_ln42_30 : 3
		sext_ln42_50 : 3
		shl_ln42_27 : 2
		sext_ln42_31 : 3
		sub_ln42_20 : 4
		shl_ln42_28 : 2
		sext_ln70_5 : 3
		sext_ln70_10 : 3
		shl_ln42_29 : 3
		shl_ln42_30 : 3
		sext_ln42_32 : 4
		sub_ln42_21 : 5
		sub_ln42_22 : 6
		sub_ln42_23 : 4
		sub_ln42_24 : 5
		shl_ln42_31 : 3
		sext_ln42_33 : 4
		sub_ln42_25 : 5
		sext_ln42_34 : 2
		sext_ln42_35 : 2
		shl_ln42_32 : 2
		sext_ln42_36 : 3
		shl_ln42_33 : 2
		sub_ln42_26 : 4
		add_ln58_42 : 4
		sext_ln58_8 : 5
		add_ln58_43 : 4
		sext_ln58_9 : 5
		add_ln58_45 : 4
		sext_ln58_10 : 5
		sub_ln58_10 : 6
		tmp225114 : 4
		p_shl10 : 5
		add_ln58_49 : 3
		sext_ln58_11 : 4
		add_ln58_50 : 5
		x_16 : 6
		add_ln58_52 : 6
		add_ln58_51 : 7
		add_ln58_53 : 4
		add_ln58_55 : 6
		add_ln58_56 : 4
		sext_ln58_20 : 5
		add_ln58_57 : 7
		tmp22831 : 3
		tmp3 : 4
		add_ln58_61 : 5
		add_ln58_62 : 4
		sext_ln58_21 : 5
		x_15 : 6
		tmp231 : 3
		tmp231_cast : 4
		empty_37 : 4
		p_shl11 : 5
		tmp232 : 6
		add_ln58_67 : 7
		add_ln58_58 : 8
		x_17 : 9
		x_18 : 8
		tmp233 : 3
		tmp233_cast : 4
		p_shl2 : 4
		tmp234 : 5
		add_ln58_59 : 5
		sub_ln58_14 : 6
		add_ln58_68 : 6
		x_19 : 7
		add_ln58_73 : 6
		x_20 : 7
		sext_ln42_37 : 2
		shl_ln42_6 : 2
		sext_ln70_6 : 3
		sext_ln42_38 : 2
		shl_ln42_34 : 2
		shl_ln42_35 : 2
		sext_ln42_39 : 3
		sext_ln42_40 : 3
		sub_ln42_27 : 4
		sub_ln42_28 : 4
		sext_ln42_17 : 2
		mul_ln42_3 : 3
		shl_ln42_7 : 2
		sext_ln42_41 : 3
		sext_ln42_51 : 3
		shl_ln42_36 : 2
		sext_ln42_42 : 3
		sub_ln42_29 : 4
		shl_ln42_37 : 2
		sext_ln70_7 : 3
		sext_ln70_11 : 3
		shl_ln42_38 : 3
		shl_ln42_39 : 3
		sext_ln42_43 : 4
		sub_ln42_30 : 5
		sub_ln42_31 : 6
		sub_ln42_32 : 4
		sub_ln42_33 : 5
		shl_ln42_40 : 3
		sext_ln42_44 : 4
		sub_ln42_34 : 5
		sext_ln42_45 : 2
		sext_ln42_46 : 2
		shl_ln42_41 : 2
		sext_ln42_47 : 3
		shl_ln42_42 : 2
		sub_ln42_35 : 4
		add_ln58_63 : 4
		sext_ln58_12 : 5
		add_ln58_64 : 4
		sext_ln58_13 : 5
		add_ln58_66 : 4
		sext_ln58_14 : 5
		sub_ln58_15 : 6
		tmp235112 : 4
		p_shl4 : 5
		add_ln58_70 : 3
		sext_ln58_15 : 4
		add_ln58_71 : 5
		x_23 : 6
		add_ln58_75 : 6
		add_ln58_72 : 7
		add_ln58_76 : 4
		add_ln58_78 : 6
		add_ln58_81 : 4
		sext_ln58_22 : 5
		add_ln58_82 : 7
		tmp2383 : 3
		tmp4 : 4
		add_ln58_84 : 5
		add_ln58_85 : 4
		sext_ln58_23 : 5
		x_22 : 6
		tmp241 : 3
		tmp241_cast : 4
		empty_38 : 4
		p_shl1 : 5
		tmp242 : 6
		add_ln58_87 : 7
		add_ln58_79 : 8
		x_24 : 9
		x_25 : 8
		tmp243 : 3
		tmp243_cast : 4
		p_shl : 4
		tmp244 : 5
		add_ln58_80 : 5
		sub_ln58_19 : 6
		add_ln58_88 : 6
		x_26 : 7
		add_ln58_90 : 6
		x_27 : 7
		trunc_ln2 : 7
		trunc_ln170_1 : 8
		trunc_ln170_3 : 7
		trunc_ln170_4 : 7
		trunc_ln170_5 : 10
		trunc_ln170_6 : 9
		trunc_ln170_7 : 8
		trunc_ln170_8 : 8
		trunc_ln170_s : 7
		trunc_ln170_10 : 7
		trunc_ln170_11 : 10
		trunc_ln170_12 : 9
		trunc_ln170_13 : 8
		trunc_ln170_14 : 8
		trunc_ln170_16 : 7
		trunc_ln170_17 : 7
		trunc_ln170_18 : 10
		trunc_ln170_19 : 9
		trunc_ln170_20 : 8
		trunc_ln170_21 : 8
	State 3
		x : 1
		res_out : 2
		x_7 : 1
		x_14 : 1
		x_21 : 1
		trunc_ln170_2 : 2
		trunc_ln170_9 : 2
		trunc_ln170_15 : 2
		or_ln170_s : 3
		write_ln170 : 4


============================================================
+ Verbose Summary: Datapath Resource usage 
============================================================

* Functional unit list:
|----------|------------------------------|---------|---------|---------|
| Operation|        Functional Unit       |   DSP   |    FF   |   LUT   |
|----------|------------------------------|---------|---------|---------|
|          |         i_ih_4_fu_897        |    0    |    0    |    16   |
|          |       add_ln132_fu_1047      |    0    |    0    |    39   |
|          |       add_ln156_fu_1095      |    0    |    0    |    39   |
|          |       add_ln154_fu_1109      |    0    |    0    |    39   |
|          |      add_ln156_1_fu_1121     |    0    |    0    |    39   |
|          |      add_ln154_1_fu_1135     |    0    |    0    |    39   |
|          |      add_ln154_2_fu_1151     |    0    |    0    |    10   |
|          |      add_ln154_4_fu_1169     |    0    |    0    |    10   |
|          |       add_ln175_fu_1181      |    0    |    0    |    39   |
|          |      add_ln154_3_fu_1276     |    0    |    0    |    10   |
|          |       add_ln58_fu_2076       |    0    |    0    |    20   |
|          |      add_ln58_1_fu_2086      |    0    |    0    |    20   |
|          |      add_ln58_2_fu_2096      |    0    |    0    |    20   |
|          |        tmp118_fu_2112        |    0    |    0    |    19   |
|          |      add_ln58_3_fu_2126      |    0    |    0    |    19   |
|          |      add_ln58_4_fu_2136      |    0    |    0    |    16   |
|          |      add_ln58_5_fu_2148      |    0    |    0    |    21   |
|          |      add_ln58_6_fu_2154      |    0    |    0    |    16   |
|          |      add_ln58_7_fu_2160      |    0    |    0    |    22   |
|          |      add_ln58_9_fu_2166      |    0    |    0    |    16   |
|          |      add_ln58_10_fu_2172     |    0    |    0    |    19   |
|          |      add_ln58_11_fu_2182     |    0    |    0    |    16   |
|          |      add_ln58_13_fu_2202     |    0    |    0    |    16   |
|          |      add_ln58_14_fu_2208     |    0    |    0    |    20   |
|          |          x_1_fu_2218         |    0    |    0    |    16   |
|          |        tmp211_fu_2224        |    0    |    0    |    19   |
|          |      add_ln58_18_fu_2252     |    0    |    0    |    16   |
|          |      add_ln58_16_fu_2258     |    0    |    0    |    16   |
|          |        tmp213_fu_2276        |    0    |    0    |    19   |
|          |      add_ln58_17_fu_2300     |    0    |    0    |    16   |
|          |      add_ln58_19_fu_2312     |    0    |    0    |    16   |
|          |          x_5_fu_2318         |    0    |    0    |    16   |
|          |      add_ln58_23_fu_2324     |    0    |    0    |    16   |
|          |          x_6_fu_2330         |    0    |    0    |    16   |
|          |      add_ln58_21_fu_2583     |    0    |    0    |    20   |
|          |      add_ln58_22_fu_2593     |    0    |    0    |    20   |
|          |      add_ln58_24_fu_2603     |    0    |    0    |    20   |
|          |       tmp215116_fu_2619      |    0    |    0    |    19   |
|          |      add_ln58_26_fu_2633     |    0    |    0    |    19   |
|          |      add_ln58_27_fu_2643     |    0    |    0    |    16   |
|          |      add_ln58_28_fu_2655     |    0    |    0    |    21   |
|          |      add_ln58_29_fu_2661     |    0    |    0    |    16   |
|          |      add_ln58_30_fu_2667     |    0    |    0    |    22   |
|          |      add_ln58_32_fu_2673     |    0    |    0    |    16   |
|          |      add_ln58_33_fu_2679     |    0    |    0    |    19   |
|          |      add_ln58_34_fu_2689     |    0    |    0    |    16   |
|          |      add_ln58_36_fu_2709     |    0    |    0    |    16   |
|          |      add_ln58_39_fu_2715     |    0    |    0    |    20   |
|          |          x_8_fu_2725         |    0    |    0    |    16   |
|          |        tmp221_fu_2731        |    0    |    0    |    19   |
|          |      add_ln58_41_fu_2759     |    0    |    0    |    16   |
|          |      add_ln58_37_fu_2765     |    0    |    0    |    16   |
|          |        tmp223_fu_2783        |    0    |    0    |    19   |
|          |      add_ln58_38_fu_2807     |    0    |    0    |    16   |
|          |      add_ln58_44_fu_2819     |    0    |    0    |    16   |
|          |         x_12_fu_2825         |    0    |    0    |    16   |
|    add   |      add_ln58_47_fu_2831     |    0    |    0    |    16   |
|          |         x_13_fu_2837         |    0    |    0    |    16   |
|          |      add_ln58_42_fu_3050     |    0    |    0    |    20   |
|          |      add_ln58_43_fu_3060     |    0    |    0    |    20   |
|          |      add_ln58_45_fu_3070     |    0    |    0    |    20   |
|          |       tmp225114_fu_3086      |    0    |    0    |    19   |
|          |      add_ln58_49_fu_3100     |    0    |    0    |    19   |
|          |      add_ln58_50_fu_3110     |    0    |    0    |    16   |
|          |      add_ln58_52_fu_3122     |    0    |    0    |    21   |
|          |      add_ln58_51_fu_3128     |    0    |    0    |    16   |
|          |      add_ln58_53_fu_3134     |    0    |    0    |    22   |
|          |      add_ln58_55_fu_3140     |    0    |    0    |    16   |
|          |      add_ln58_56_fu_3146     |    0    |    0    |    19   |
|          |      add_ln58_57_fu_3156     |    0    |    0    |    16   |
|          |      add_ln58_61_fu_3176     |    0    |    0    |    16   |
|          |      add_ln58_62_fu_3182     |    0    |    0    |    20   |
|          |         x_15_fu_3192         |    0    |    0    |    16   |
|          |        tmp231_fu_3198        |    0    |    0    |    19   |
|          |      add_ln58_67_fu_3226     |    0    |    0    |    16   |
|          |      add_ln58_58_fu_3232     |    0    |    0    |    16   |
|          |        tmp233_fu_3250        |    0    |    0    |    19   |
|          |      add_ln58_59_fu_3274     |    0    |    0    |    16   |
|          |      add_ln58_68_fu_3286     |    0    |    0    |    16   |
|          |         x_19_fu_3292         |    0    |    0    |    16   |
|          |      add_ln58_73_fu_3298     |    0    |    0    |    16   |
|          |         x_20_fu_3304         |    0    |    0    |    16   |
|          |      add_ln58_63_fu_3517     |    0    |    0    |    20   |
|          |      add_ln58_64_fu_3527     |    0    |    0    |    20   |
|          |      add_ln58_66_fu_3537     |    0    |    0    |    20   |
|          |       tmp235112_fu_3553      |    0    |    0    |    19   |
|          |      add_ln58_70_fu_3567     |    0    |    0    |    19   |
|          |      add_ln58_71_fu_3577     |    0    |    0    |    16   |
|          |      add_ln58_75_fu_3589     |    0    |    0    |    21   |
|          |      add_ln58_72_fu_3595     |    0    |    0    |    16   |
|          |      add_ln58_76_fu_3601     |    0    |    0    |    22   |
|          |      add_ln58_78_fu_3607     |    0    |    0    |    16   |
|          |      add_ln58_81_fu_3613     |    0    |    0    |    19   |
|          |      add_ln58_82_fu_3623     |    0    |    0    |    16   |
|          |      add_ln58_84_fu_3643     |    0    |    0    |    16   |
|          |      add_ln58_85_fu_3649     |    0    |    0    |    20   |
|          |         x_22_fu_3659         |    0    |    0    |    16   |
|          |        tmp241_fu_3665        |    0    |    0    |    19   |
|          |      add_ln58_87_fu_3693     |    0    |    0    |    16   |
|          |      add_ln58_79_fu_3699     |    0    |    0    |    16   |
|          |        tmp243_fu_3717        |    0    |    0    |    19   |
|          |      add_ln58_80_fu_3741     |    0    |    0    |    16   |
|          |      add_ln58_88_fu_3753     |    0    |    0    |    16   |
|          |         x_26_fu_3759         |    0    |    0    |    16   |
|          |      add_ln58_90_fu_3765     |    0    |    0    |    16   |
|          |         x_27_fu_3771         |    0    |    0    |    16   |
|          |      add_ln58_8_fu_3977      |    0    |    0    |    16   |
|          |           x_fu_3982          |    0    |    0    |    16   |
|          |      add_ln58_31_fu_3997     |    0    |    0    |    16   |
|          |          x_7_fu_4002         |    0    |    0    |    16   |
|          |      add_ln58_54_fu_4007     |    0    |    0    |    16   |
|          |         x_14_fu_4012         |    0    |    0    |    16   |
|          |      add_ln58_77_fu_4017     |    0    |    0    |    16   |
|          |         x_21_fu_4022         |    0    |    0    |    16   |
|----------|------------------------------|---------|---------|---------|
|          |       sub_ln42_fu_1913       |    0    |    0    |    22   |
|          |      sub_ln42_1_fu_1919      |    0    |    0    |    22   |
|          |      sub_ln42_2_fu_1958      |    0    |    0    |    21   |
|          |      sub_ln42_3_fu_2000      |    0    |    0    |    16   |
|          |      sub_ln42_4_fu_2006      |    0    |    0    |    16   |
|          |      sub_ln42_5_fu_2012      |    0    |    0    |    16   |
|          |      sub_ln42_6_fu_2018      |    0    |    0    |    16   |
|          |      sub_ln42_7_fu_2036      |    0    |    0    |    22   |
|          |      sub_ln42_8_fu_2070      |    0    |    0    |    21   |
|          |       sub_ln58_fu_2106       |    0    |    0    |    21   |
|          |          x_2_fu_2142         |    0    |    0    |    16   |
|          |       tmp20987_fu_2188       |    0    |    0    |    19   |
|          |        tmp212_fu_2246        |    0    |    0    |    16   |
|          |          x_3_fu_2264         |    0    |    0    |    16   |
|          |          x_4_fu_2270         |    0    |    0    |    16   |
|          |        tmp214_fu_2294        |    0    |    0    |    22   |
|          |      sub_ln58_4_fu_2306      |    0    |    0    |    16   |
|          |      sub_ln42_9_fu_2420      |    0    |    0    |    22   |
|          |      sub_ln42_10_fu_2426     |    0    |    0    |    22   |
|          |      sub_ln42_11_fu_2465     |    0    |    0    |    21   |
|          |      sub_ln42_12_fu_2507     |    0    |    0    |    16   |
|          |      sub_ln42_13_fu_2513     |    0    |    0    |    16   |
|          |      sub_ln42_14_fu_2519     |    0    |    0    |    16   |
|          |      sub_ln42_15_fu_2525     |    0    |    0    |    16   |
|          |      sub_ln42_16_fu_2543     |    0    |    0    |    22   |
|          |      sub_ln42_17_fu_2577     |    0    |    0    |    21   |
|          |      sub_ln58_5_fu_2613      |    0    |    0    |    21   |
|          |          x_9_fu_2649         |    0    |    0    |    16   |
|          |       tmp21859_fu_2695       |    0    |    0    |    19   |
|          |        tmp222_fu_2753        |    0    |    0    |    16   |
|          |         x_10_fu_2771         |    0    |    0    |    16   |
|          |         x_11_fu_2777         |    0    |    0    |    16   |
|          |        tmp224_fu_2801        |    0    |    0    |    22   |
|    sub   |      sub_ln58_9_fu_2813      |    0    |    0    |    16   |
|          |      sub_ln42_18_fu_2887     |    0    |    0    |    22   |
|          |      sub_ln42_19_fu_2893     |    0    |    0    |    22   |
|          |      sub_ln42_20_fu_2932     |    0    |    0    |    21   |
|          |      sub_ln42_21_fu_2974     |    0    |    0    |    16   |
|          |      sub_ln42_22_fu_2980     |    0    |    0    |    16   |
|          |      sub_ln42_23_fu_2986     |    0    |    0    |    16   |
|          |      sub_ln42_24_fu_2992     |    0    |    0    |    16   |
|          |      sub_ln42_25_fu_3010     |    0    |    0    |    22   |
|          |      sub_ln42_26_fu_3044     |    0    |    0    |    21   |
|          |      sub_ln58_10_fu_3080     |    0    |    0    |    21   |
|          |         x_16_fu_3116         |    0    |    0    |    16   |
|          |       tmp22831_fu_3162       |    0    |    0    |    19   |
|          |        tmp232_fu_3220        |    0    |    0    |    16   |
|          |         x_17_fu_3238         |    0    |    0    |    16   |
|          |         x_18_fu_3244         |    0    |    0    |    16   |
|          |        tmp234_fu_3268        |    0    |    0    |    22   |
|          |      sub_ln58_14_fu_3280     |    0    |    0    |    16   |
|          |      sub_ln42_27_fu_3354     |    0    |    0    |    22   |
|          |      sub_ln42_28_fu_3360     |    0    |    0    |    22   |
|          |      sub_ln42_29_fu_3399     |    0    |    0    |    21   |
|          |      sub_ln42_30_fu_3441     |    0    |    0    |    16   |
|          |      sub_ln42_31_fu_3447     |    0    |    0    |    16   |
|          |      sub_ln42_32_fu_3453     |    0    |    0    |    16   |
|          |      sub_ln42_33_fu_3459     |    0    |    0    |    16   |
|          |      sub_ln42_34_fu_3477     |    0    |    0    |    22   |
|          |      sub_ln42_35_fu_3511     |    0    |    0    |    21   |
|          |      sub_ln58_15_fu_3547     |    0    |    0    |    21   |
|          |         x_23_fu_3583         |    0    |    0    |    16   |
|          |        tmp2383_fu_3629       |    0    |    0    |    19   |
|          |        tmp242_fu_3687        |    0    |    0    |    16   |
|          |         x_24_fu_3705         |    0    |    0    |    16   |
|          |         x_25_fu_3711         |    0    |    0    |    16   |
|          |        tmp244_fu_3735        |    0    |    0    |    22   |
|          |      sub_ln58_19_fu_3747     |    0    |    0    |    16   |
|----------|------------------------------|---------|---------|---------|
|          |      kernel_data_fu_1238     |    0    |    0    |    26   |
|          |    kernel_data_20_fu_1292    |    0    |    0    |    26   |
|          |    kernel_data_21_fu_1320    |    0    |    0    |    26   |
|          |    kernel_data_22_fu_1348    |    0    |    0    |    26   |
|          |    kernel_data_23_fu_1376    |    0    |    0    |    26   |
|          |    kernel_data_24_fu_1419    |    0    |    0    |    26   |
|          |    kernel_data_25_fu_1447    |    0    |    0    |    26   |
|          |    kernel_data_26_fu_1475    |    0    |    0    |    26   |
|          |    kernel_data_27_fu_1503    |    0    |    0    |    26   |
| sparsemux|    kernel_data_28_fu_1531    |    0    |    0    |    26   |
|          |    kernel_data_29_fu_1574    |    0    |    0    |    26   |
|          |    kernel_data_30_fu_1602    |    0    |    0    |    26   |
|          |    kernel_data_31_fu_1630    |    0    |    0    |    26   |
|          |    kernel_data_32_fu_1658    |    0    |    0    |    26   |
|          |    kernel_data_33_fu_1686    |    0    |    0    |    26   |
|          |    kernel_data_34_fu_1729    |    0    |    0    |    26   |
|          |    kernel_data_35_fu_1757    |    0    |    0    |    26   |
|          |    kernel_data_36_fu_1785    |    0    |    0    |    26   |
|          |    kernel_data_37_fu_1813    |    0    |    0    |    26   |
|          |    kernel_data_38_fu_1841    |    0    |    0    |    26   |
|----------|------------------------------|---------|---------|---------|
|          |       icmp_ln120_fu_891      |    0    |    0    |    16   |
|          |      icmp_ln132_fu_1041      |    0    |    0    |    39   |
|          |   have_full_window_fu_1071   |    0    |    0    |    14   |
|          |      icmp_ln135_fu_1077      |    0    |    0    |    39   |
|   icmp   |      icmp_ln154_fu_1089      |    0    |    0    |    39   |
|          |     icmp_ln154_1_fu_1115     |    0    |    0    |    39   |
|          |     icmp_ln154_2_fu_1141     |    0    |    0    |    39   |
|          |     icmp_ln154_3_fu_1157     |    0    |    0    |    39   |
|          |     icmp_ln154_4_fu_1163     |    0    |    0    |    39   |
|          |      icmp_ln175_fu_1175      |    0    |    0    |    39   |
|----------|------------------------------|---------|---------|---------|
|          |        oldest_fu_1053        |    0    |    0    |    32   |
|          |     stride_cnt_4_fu_1187     |    0    |    0    |    32   |
|          |     stride_cnt_5_fu_1195     |    0    |    0    |    32   |
|  select  |     select_ln154_fu_1218     |    0    |    0    |    3    |
|          |    select_ln154_1_fu_1266    |    0    |    0    |    3    |
|          |    select_ln154_2_fu_1271    |    0    |    0    |    3    |
|          |    select_ln154_3_fu_1281    |    0    |    0    |    3    |
|          |    select_ln154_4_fu_1287    |    0    |    0    |    3    |
|----------|------------------------------|---------|---------|---------|
|          |       mul_ln42_3_fu_251      |    1    |    0    |    5    |
|    mul   |       mul_ln42_2_fu_261      |    1    |    0    |    5    |
|          |        mul_ln42_fu_265       |    1    |    0    |    5    |
|          |       mul_ln42_1_fu_266      |    1    |    0    |    5    |
|----------|------------------------------|---------|---------|---------|
|    and   |       on_stride_fu_1083      |    0    |    0    |    2    |
|----------|------------------------------|---------|---------|---------|
|   read   | input_layer_read_read_fu_226 |    0    |    0    |    0    |
|----------|------------------------------|---------|---------|---------|
|   write  |   write_ln170_write_fu_232   |    0    |    0    |    0    |
|----------|------------------------------|---------|---------|---------|
|          |      trunc_ln120_fu_903      |    0    |    0    |    0    |
|          |       row_buf_22_fu_907      |    0    |    0    |    0    |
|          |      trunc_ln154_fu_1101     |    0    |    0    |    0    |
|          |     trunc_ln154_1_fu_1105    |    0    |    0    |    0    |
|          |     trunc_ln154_2_fu_1127    |    0    |    0    |    0    |
|   trunc  |     trunc_ln154_3_fu_1131    |    0    |    0    |    0    |
|          |     trunc_ln154_4_fu_1147    |    0    |    0    |    0    |
|          |         empty_fu_2234        |    0    |    0    |    0    |
|          |       empty_36_fu_2741       |    0    |    0    |    0    |
|          |       empty_37_fu_3208       |    0    |    0    |    0    |
|          |       empty_38_fu_3675       |    0    |    0    |    0    |
|----------|------------------------------|---------|---------|---------|
|          |       row_buf_23_fu_911      |    0    |    0    |    0    |
|          |       row_buf_20_fu_921      |    0    |    0    |    0    |
|          |       row_buf_21_fu_931      |    0    |    0    |    0    |
|          |          tmp_fu_1061         |    0    |    0    |    0    |
|          |       res_out_1_fu_2336      |    0    |    0    |    0    |
|          |       res_out_2_fu_2346      |    0    |    0    |    0    |
|          |       res_out_3_fu_2356      |    0    |    0    |    0    |
|          |       res_out_4_fu_2366      |    0    |    0    |    0    |
|          |       trunc_ln2_fu_3777      |    0    |    0    |    0    |
|          |     trunc_ln170_1_fu_3787    |    0    |    0    |    0    |
|          |     trunc_ln170_3_fu_3797    |    0    |    0    |    0    |
|          |     trunc_ln170_4_fu_3807    |    0    |    0    |    0    |
|          |     trunc_ln170_5_fu_3817    |    0    |    0    |    0    |
|          |     trunc_ln170_6_fu_3827    |    0    |    0    |    0    |
|          |     trunc_ln170_7_fu_3837    |    0    |    0    |    0    |
|partselect|     trunc_ln170_8_fu_3847    |    0    |    0    |    0    |
|          |     trunc_ln170_s_fu_3857    |    0    |    0    |    0    |
|          |    trunc_ln170_10_fu_3867    |    0    |    0    |    0    |
|          |    trunc_ln170_11_fu_3877    |    0    |    0    |    0    |
|          |    trunc_ln170_12_fu_3887    |    0    |    0    |    0    |
|          |    trunc_ln170_13_fu_3897    |    0    |    0    |    0    |
|          |    trunc_ln170_14_fu_3907    |    0    |    0    |    0    |
|          |    trunc_ln170_16_fu_3917    |    0    |    0    |    0    |
|          |    trunc_ln170_17_fu_3927    |    0    |    0    |    0    |
|          |    trunc_ln170_18_fu_3937    |    0    |    0    |    0    |
|          |    trunc_ln170_19_fu_3947    |    0    |    0    |    0    |
|          |    trunc_ln170_20_fu_3957    |    0    |    0    |    0    |
|          |    trunc_ln170_21_fu_3967    |    0    |    0    |    0    |
|          |        res_out_fu_3987       |    0    |    0    |    0    |
|          |     trunc_ln170_2_fu_4027    |    0    |    0    |    0    |
|          |     trunc_ln170_9_fu_4037    |    0    |    0    |    0    |
|          |    trunc_ln170_15_fu_4047    |    0    |    0    |    0    |
|----------|------------------------------|---------|---------|---------|
|          |       sext_ln42_fu_1869      |    0    |    0    |    0    |
|          |       sext_ln70_fu_1881      |    0    |    0    |    0    |
|          |      sext_ln42_1_fu_1885     |    0    |    0    |    0    |
|          |      sext_ln42_3_fu_1905     |    0    |    0    |    0    |
|          |      sext_ln42_4_fu_1909     |    0    |    0    |    0    |
|          |      sext_ln42_2_fu_1925     |    0    |    0    |    0    |
|          |      sext_ln42_5_fu_1938     |    0    |    0    |    0    |
|          |     sext_ln42_48_fu_1942     |    0    |    0    |    0    |
|          |      sext_ln42_6_fu_1954     |    0    |    0    |    0    |
|          |      sext_ln70_1_fu_1972     |    0    |    0    |    0    |
|          |      sext_ln70_8_fu_1976     |    0    |    0    |    0    |
|          |      sext_ln42_8_fu_1996     |    0    |    0    |    0    |
|          |      sext_ln42_9_fu_2032     |    0    |    0    |    0    |
|          |     sext_ln42_10_fu_2042     |    0    |    0    |    0    |
|          |     sext_ln42_11_fu_2046     |    0    |    0    |    0    |
|          |     sext_ln42_13_fu_2058     |    0    |    0    |    0    |
|          |       sext_ln58_fu_2082      |    0    |    0    |    0    |
|          |      sext_ln58_1_fu_2092     |    0    |    0    |    0    |
|          |      sext_ln58_2_fu_2102     |    0    |    0    |    0    |
|          |      sext_ln58_3_fu_2132     |    0    |    0    |    0    |
|          |     sext_ln58_16_fu_2178     |    0    |    0    |    0    |
|          |     sext_ln58_17_fu_2214     |    0    |    0    |    0    |
|          |      tmp211_cast_fu_2230     |    0    |    0    |    0    |
|          |      tmp213_cast_fu_2282     |    0    |    0    |    0    |
|          |     sext_ln42_14_fu_2376     |    0    |    0    |    0    |
|          |      sext_ln70_2_fu_2388     |    0    |    0    |    0    |
|          |     sext_ln42_15_fu_2392     |    0    |    0    |    0    |
|          |     sext_ln42_16_fu_2412     |    0    |    0    |    0    |
|          |     sext_ln42_18_fu_2416     |    0    |    0    |    0    |
|          |      sext_ln42_7_fu_2432     |    0    |    0    |    0    |
|          |     sext_ln42_19_fu_2445     |    0    |    0    |    0    |
|          |     sext_ln42_49_fu_2449     |    0    |    0    |    0    |
|          |     sext_ln42_20_fu_2461     |    0    |    0    |    0    |
|          |      sext_ln70_3_fu_2479     |    0    |    0    |    0    |
|          |      sext_ln70_9_fu_2483     |    0    |    0    |    0    |
|          |     sext_ln42_21_fu_2503     |    0    |    0    |    0    |
|          |     sext_ln42_22_fu_2539     |    0    |    0    |    0    |
|          |     sext_ln42_23_fu_2549     |    0    |    0    |    0    |
|          |     sext_ln42_24_fu_2553     |    0    |    0    |    0    |
|          |     sext_ln42_25_fu_2565     |    0    |    0    |    0    |
|          |      sext_ln58_4_fu_2589     |    0    |    0    |    0    |
|          |      sext_ln58_5_fu_2599     |    0    |    0    |    0    |
|          |      sext_ln58_6_fu_2609     |    0    |    0    |    0    |
|          |      sext_ln58_7_fu_2639     |    0    |    0    |    0    |
|          |     sext_ln58_18_fu_2685     |    0    |    0    |    0    |
|          |     sext_ln58_19_fu_2721     |    0    |    0    |    0    |
|          |      tmp221_cast_fu_2737     |    0    |    0    |    0    |
|   sext   |      tmp223_cast_fu_2789     |    0    |    0    |    0    |
|          |     sext_ln42_26_fu_2843     |    0    |    0    |    0    |
|          |      sext_ln70_4_fu_2855     |    0    |    0    |    0    |
|          |     sext_ln42_27_fu_2859     |    0    |    0    |    0    |
|          |     sext_ln42_28_fu_2879     |    0    |    0    |    0    |
|          |     sext_ln42_29_fu_2883     |    0    |    0    |    0    |
|          |     sext_ln42_12_fu_2899     |    0    |    0    |    0    |
|          |     sext_ln42_30_fu_2912     |    0    |    0    |    0    |
|          |     sext_ln42_50_fu_2916     |    0    |    0    |    0    |
|          |     sext_ln42_31_fu_2928     |    0    |    0    |    0    |
|          |      sext_ln70_5_fu_2946     |    0    |    0    |    0    |
|          |     sext_ln70_10_fu_2950     |    0    |    0    |    0    |
|          |     sext_ln42_32_fu_2970     |    0    |    0    |    0    |
|          |     sext_ln42_33_fu_3006     |    0    |    0    |    0    |
|          |     sext_ln42_34_fu_3016     |    0    |    0    |    0    |
|          |     sext_ln42_35_fu_3020     |    0    |    0    |    0    |
|          |     sext_ln42_36_fu_3032     |    0    |    0    |    0    |
|          |      sext_ln58_8_fu_3056     |    0    |    0    |    0    |
|          |      sext_ln58_9_fu_3066     |    0    |    0    |    0    |
|          |     sext_ln58_10_fu_3076     |    0    |    0    |    0    |
|          |     sext_ln58_11_fu_3106     |    0    |    0    |    0    |
|          |     sext_ln58_20_fu_3152     |    0    |    0    |    0    |
|          |     sext_ln58_21_fu_3188     |    0    |    0    |    0    |
|          |      tmp231_cast_fu_3204     |    0    |    0    |    0    |
|          |      tmp233_cast_fu_3256     |    0    |    0    |    0    |
|          |     sext_ln42_37_fu_3310     |    0    |    0    |    0    |
|          |      sext_ln70_6_fu_3322     |    0    |    0    |    0    |
|          |     sext_ln42_38_fu_3326     |    0    |    0    |    0    |
|          |     sext_ln42_39_fu_3346     |    0    |    0    |    0    |
|          |     sext_ln42_40_fu_3350     |    0    |    0    |    0    |
|          |     sext_ln42_17_fu_3366     |    0    |    0    |    0    |
|          |     sext_ln42_41_fu_3379     |    0    |    0    |    0    |
|          |     sext_ln42_51_fu_3383     |    0    |    0    |    0    |
|          |     sext_ln42_42_fu_3395     |    0    |    0    |    0    |
|          |      sext_ln70_7_fu_3413     |    0    |    0    |    0    |
|          |     sext_ln70_11_fu_3417     |    0    |    0    |    0    |
|          |     sext_ln42_43_fu_3437     |    0    |    0    |    0    |
|          |     sext_ln42_44_fu_3473     |    0    |    0    |    0    |
|          |     sext_ln42_45_fu_3483     |    0    |    0    |    0    |
|          |     sext_ln42_46_fu_3487     |    0    |    0    |    0    |
|          |     sext_ln42_47_fu_3499     |    0    |    0    |    0    |
|          |     sext_ln58_12_fu_3523     |    0    |    0    |    0    |
|          |     sext_ln58_13_fu_3533     |    0    |    0    |    0    |
|          |     sext_ln58_14_fu_3543     |    0    |    0    |    0    |
|          |     sext_ln58_15_fu_3573     |    0    |    0    |    0    |
|          |     sext_ln58_22_fu_3619     |    0    |    0    |    0    |
|          |     sext_ln58_23_fu_3655     |    0    |    0    |    0    |
|          |      tmp241_cast_fu_3671     |    0    |    0    |    0    |
|          |      tmp243_cast_fu_3723     |    0    |    0    |    0    |
|----------|------------------------------|---------|---------|---------|
|          |        shl_ln_fu_1873        |    0    |    0    |    0    |
|          |      shl_ln42_8_fu_1889      |    0    |    0    |    0    |
|          |      shl_ln42_9_fu_1897      |    0    |    0    |    0    |
|          |      shl_ln42_1_fu_1930      |    0    |    0    |    0    |
|          |      shl_ln42_s_fu_1946      |    0    |    0    |    0    |
|          |      shl_ln42_10_fu_1964     |    0    |    0    |    0    |
|          |      shl_ln42_11_fu_1980     |    0    |    0    |    0    |
|          |      shl_ln42_12_fu_1988     |    0    |    0    |    0    |
|          |      shl_ln42_13_fu_2024     |    0    |    0    |    0    |
|          |      shl_ln42_14_fu_2050     |    0    |    0    |    0    |
|          |      shl_ln42_15_fu_2062     |    0    |    0    |    0    |
|          |        p_shl3_fu_2118        |    0    |    0    |    0    |
|          |         tmp1_fu_2194         |    0    |    0    |    0    |
|          |        p_shl6_fu_2238        |    0    |    0    |    0    |
|          |        p_shl7_fu_2286        |    0    |    0    |    0    |
|          |      shl_ln42_2_fu_2380      |    0    |    0    |    0    |
|          |      shl_ln42_16_fu_2396     |    0    |    0    |    0    |
|          |      shl_ln42_17_fu_2404     |    0    |    0    |    0    |
|          |      shl_ln42_3_fu_2437      |    0    |    0    |    0    |
|          |      shl_ln42_18_fu_2453     |    0    |    0    |    0    |
|          |      shl_ln42_19_fu_2471     |    0    |    0    |    0    |
|          |      shl_ln42_20_fu_2487     |    0    |    0    |    0    |
|          |      shl_ln42_21_fu_2495     |    0    |    0    |    0    |
|          |      shl_ln42_22_fu_2531     |    0    |    0    |    0    |
|          |      shl_ln42_23_fu_2557     |    0    |    0    |    0    |
|          |      shl_ln42_24_fu_2569     |    0    |    0    |    0    |
|          |        p_shl8_fu_2625        |    0    |    0    |    0    |
|          |         tmp2_fu_2701         |    0    |    0    |    0    |
|          |        p_shl9_fu_2745        |    0    |    0    |    0    |
|          |        p_shl5_fu_2793        |    0    |    0    |    0    |
|bitconcatenate|      shl_ln42_4_fu_2847      |    0    |    0    |    0    |
|          |      shl_ln42_25_fu_2863     |    0    |    0    |    0    |
|          |      shl_ln42_26_fu_2871     |    0    |    0    |    0    |
|          |      shl_ln42_5_fu_2904      |    0    |    0    |    0    |
|          |      shl_ln42_27_fu_2920     |    0    |    0    |    0    |
|          |      shl_ln42_28_fu_2938     |    0    |    0    |    0    |
|          |      shl_ln42_29_fu_2954     |    0    |    0    |    0    |
|          |      shl_ln42_30_fu_2962     |    0    |    0    |    0    |
|          |      shl_ln42_31_fu_2998     |    0    |    0    |    0    |
|          |      shl_ln42_32_fu_3024     |    0    |    0    |    0    |
|          |      shl_ln42_33_fu_3036     |    0    |    0    |    0    |
|          |        p_shl10_fu_3092       |    0    |    0    |    0    |
|          |         tmp3_fu_3168         |    0    |    0    |    0    |
|          |        p_shl11_fu_3212       |    0    |    0    |    0    |
|          |        p_shl2_fu_3260        |    0    |    0    |    0    |
|          |      shl_ln42_6_fu_3314      |    0    |    0    |    0    |
|          |      shl_ln42_34_fu_3330     |    0    |    0    |    0    |
|          |      shl_ln42_35_fu_3338     |    0    |    0    |    0    |
|          |      shl_ln42_7_fu_3371      |    0    |    0    |    0    |
|          |      shl_ln42_36_fu_3387     |    0    |    0    |    0    |
|          |      shl_ln42_37_fu_3405     |    0    |    0    |    0    |
|          |      shl_ln42_38_fu_3421     |    0    |    0    |    0    |
|          |      shl_ln42_39_fu_3429     |    0    |    0    |    0    |
|          |      shl_ln42_40_fu_3465     |    0    |    0    |    0    |
|          |      shl_ln42_41_fu_3491     |    0    |    0    |    0    |
|          |      shl_ln42_42_fu_3503     |    0    |    0    |    0    |
|          |        p_shl4_fu_3559        |    0    |    0    |    0    |
|          |         tmp4_fu_3635         |    0    |    0    |    0    |
|          |        p_shl1_fu_3679        |    0    |    0    |    0    |
|          |         p_shl_fu_3727        |    0    |    0    |    0    |
|          |      or_ln170_s_fu_4057      |    0    |    0    |    0    |
|----------|------------------------------|---------|---------|---------|
|   Total  |                              |    4    |    0    |   4363  |
|----------|------------------------------|---------|---------|---------|

Memories:
N/A

* Register list:
+-----------------------+--------+
|                       |   FF   |
+-----------------------+--------+
|  add_ln154_2_reg_4289 |    3   |
|  add_ln154_4_reg_4304 |    3   |
|  add_ln58_11_reg_4314 |   15   |
|  add_ln58_30_reg_4339 |   15   |
|  add_ln58_34_reg_4344 |   15   |
|  add_ln58_53_reg_4349 |   15   |
|  add_ln58_57_reg_4354 |   15   |
|  add_ln58_76_reg_4359 |   15   |
|  add_ln58_7_reg_4309  |   15   |
|  add_ln58_82_reg_4364 |   15   |
|     i_ih_reg_4094     |    9   |
|  icmp_ln120_reg_4235  |    1   |
| icmp_ln154_1_reg_4263 |    1   |
| icmp_ln154_2_reg_4279 |    1   |
| icmp_ln154_3_reg_4294 |    1   |
| icmp_ln154_4_reg_4299 |    1   |
|  icmp_ln154_reg_4246  |    1   |
|   mul_ln42_1_reg_854  |   15   |
|   mul_ln42_2_reg_858  |   15   |
|   mul_ln42_3_reg_862  |   15   |
|    mul_ln42_reg_850   |   15   |
|   on_stride_reg_4242  |    1   |
|   res_out_1_reg_4319  |    9   |
|   res_out_2_reg_4324  |    9   |
|   res_out_3_reg_4329  |    9   |
|   res_out_4_reg_4334  |    9   |
|  row_buf_10_reg_4175  |   12   |
|  row_buf_11_reg_4181  |   12   |
|  row_buf_12_reg_4187  |   12   |
|  row_buf_13_reg_4193  |   12   |
|  row_buf_14_reg_4199  |   12   |
|  row_buf_15_reg_4205  |   12   |
|  row_buf_16_reg_4211  |   12   |
|  row_buf_17_reg_4217  |   12   |
|  row_buf_18_reg_4223  |   12   |
|  row_buf_19_reg_4229  |   12   |
|   row_buf_1_reg_4121  |   12   |
|   row_buf_2_reg_4127  |   12   |
|   row_buf_3_reg_4133  |   12   |
|   row_buf_4_reg_4139  |   12   |
|   row_buf_5_reg_4145  |   12   |
|   row_buf_6_reg_4151  |   12   |
|   row_buf_7_reg_4157  |   12   |
|   row_buf_8_reg_4163  |   12   |
|   row_buf_9_reg_4169  |   12   |
|    row_buf_reg_4115   |   12   |
|  stride_cnt_reg_4101  |   32   |
| trunc_ln154_1_reg_4257|    3   |
| trunc_ln154_2_reg_4268|    3   |
| trunc_ln154_3_reg_4273|    3   |
| trunc_ln154_4_reg_4284|    3   |
|  trunc_ln154_reg_4251 |    3   |
|trunc_ln170_10_reg_4414|    9   |
|trunc_ln170_11_reg_4419|    9   |
|trunc_ln170_12_reg_4424|    9   |
|trunc_ln170_13_reg_4429|    9   |
|trunc_ln170_14_reg_4434|    9   |
|trunc_ln170_16_reg_4439|    9   |
|trunc_ln170_17_reg_4444|    9   |
|trunc_ln170_18_reg_4449|    9   |
|trunc_ln170_19_reg_4454|    9   |
| trunc_ln170_1_reg_4374|    9   |
|trunc_ln170_20_reg_4459|    9   |
|trunc_ln170_21_reg_4464|    9   |
| trunc_ln170_3_reg_4379|    9   |
| trunc_ln170_4_reg_4384|    9   |
| trunc_ln170_5_reg_4389|    9   |
| trunc_ln170_6_reg_4394|    9   |
| trunc_ln170_7_reg_4399|    9   |
| trunc_ln170_8_reg_4404|    9   |
| trunc_ln170_s_reg_4409|    9   |
|   trunc_ln2_reg_4369  |    9   |
|     wptr_reg_4108     |   32   |
+-----------------------+--------+
|         Total         |   737  |
+-----------------------+--------+

* Multiplexer (MUX) list: 
|--------|------|------|------|--------|
|  Comp  |  Pin | Size |  BW  | S x BW |
|--------|------|------|------|--------|
|  Total |      |      |      |    0   |
|--------|------|------|------|--------|



* Summary:
+-----------+--------+--------+--------+
|           |   DSP  |   FF   |   LUT  |
+-----------+--------+--------+--------+
|  Function |    4   |    0   |  4363  |
|   Memory  |    -   |    -   |    -   |
|Multiplexer|    -   |    -   |    -   |
|  Register |    -   |   737  |    -   |
+-----------+--------+--------+--------+
|   Total   |    4   |   737  |  4363  |
+-----------+--------+--------+--------+
