

================================================================
== Vitis HLS Report for 'maxpool2d_nonoverlap_cl_array_array_ap_fixed_16_6_5_3_0_7u_config5_s'
================================================================
* Date:           Sun May 17 02:22:50 2026

* Version:        2023.2 (Build 4023990 on Oct 11 2023)
* Project:        cnn_core_streaming_prj
* Solution:       solution1 (Vivado IP Flow Target)
* Product family: kintexuplus
* Target device:  xcku5p-ffvb676-2-e


================================================================
== Performance Estimates
================================================================
+ Timing: 
    * Summary: 
    +--------+---------+----------+------------+
    |  Clock |  Target | Estimated| Uncertainty|
    +--------+---------+----------+------------+
    |ap_clk  |  5.00 ns|  3.456 ns|     1.35 ns|
    +--------+---------+----------+------------+

+ Latency: 
    * Summary: 
    +---------+---------+----------+----------+-----+-----+---------+
    |  Latency (cycles) |  Latency (absolute) |  Interval | Pipeline|
    |   min   |   max   |    min   |    max   | min | max |   Type  |
    +---------+---------+----------+----------+-----+-----+---------+
    |      339|      339|  1.695 us|  1.695 us|  339|  339|       no|
    +---------+---------+----------+----------+-----+-----+---------+

    + Detail: 
        * Instance: 
        N/A

        * Loop: 
        +------------+---------+---------+----------+-----------+-----------+------+----------+
        |            |  Latency (cycles) | Iteration|  Initiation Interval  | Trip |          |
        |  Loop Name |   min   |   max   |  Latency |  achieved |   target  | Count| Pipelined|
        +------------+---------+---------+----------+-----------+-----------+------+----------+
        |- PoolMain  |      337|      337|         3|          1|          1|   336|       yes|
        +------------+---------+---------+----------+-----------+-----------+------+----------+

============================================================
+ Verbose Summary: Synthesis Manager
============================================================
InlineROM: 1
ExposeGlobal: 0
============================================================
+ Verbose Summary: CDFG Model
============================================================
IsTopModel: 0
ResetActiveHigh: 1
IsCombinational: 2
IsDatapathOnly: 0
HasWiredReturn: 1
HasMFsm: 2
HasVarLatency: 1
IsPipeline: 0
IsRtlPipelined: 0
IsInstanceOverlapped: 0
IsDontTouch: 0
HasImplIP: 0
IsGatedGlobalClock: 0

+ Individual pipeline summary: 
  * Pipeline-0: initiation interval (II) = 1, depth = 3


============================================================
+ Verbose Summary: Schedule
============================================================
* Number of FSM states : 3
* Pipeline : 1
  Pipeline-0 : II = 1, D = 3, States = { 1 2 3 }
* Dataflow Pipeline: 0

* FSM state transitions: 
1 --> 2 
2 --> 3 
3 --> 

* FSM state operations: 

State 1 <SV = 0> <Delay = 1.63>
ST_1 : Operation 6 [1/1] (0.00ns)   --->   "%i = alloca i32 1" [firmware/nnet_utils/nnet_pooling_stream.h:373]   --->   Operation 6 'alloca' 'i' <Predicate = true> <Delay = 0.00>
ST_1 : Operation 7 [1/1] (0.00ns)   --->   "%i_w = alloca i32 1" [firmware/nnet_utils/nnet_pooling_stream.h:369]   --->   Operation 7 'alloca' 'i_w' <Predicate = true> <Delay = 0.00>
ST_1 : Operation 8 [1/1] (0.00ns)   --->   "%p_0_0_0_0_03 = alloca i32 1"   --->   Operation 8 'alloca' 'p_0_0_0_0_03' <Predicate = true> <Delay = 0.00>
ST_1 : Operation 9 [1/1] (0.00ns)   --->   "%mux_case_2976 = alloca i32 1"   --->   Operation 9 'alloca' 'mux_case_2976' <Predicate = true> <Delay = 0.00>
ST_1 : Operation 10 [1/1] (0.00ns)   --->   "%mux_case_21019 = alloca i32 1"   --->   Operation 10 'alloca' 'mux_case_21019' <Predicate = true> <Delay = 0.00>
ST_1 : Operation 11 [1/1] (0.00ns)   --->   "%mux_case_210512 = alloca i32 1"   --->   Operation 11 'alloca' 'mux_case_210512' <Predicate = true> <Delay = 0.00>
ST_1 : Operation 12 [1/1] (0.00ns)   --->   "%mux_case_210915 = alloca i32 1"   --->   Operation 12 'alloca' 'mux_case_210915' <Predicate = true> <Delay = 0.00>
ST_1 : Operation 13 [1/1] (0.00ns)   --->   "%mux_case_211318 = alloca i32 1"   --->   Operation 13 'alloca' 'mux_case_211318' <Predicate = true> <Delay = 0.00>
ST_1 : Operation 14 [1/1] (0.00ns)   --->   "%mux_case_211721 = alloca i32 1"   --->   Operation 14 'alloca' 'mux_case_211721' <Predicate = true> <Delay = 0.00>
ST_1 : Operation 15 [1/1] (0.00ns)   --->   "%p_0_0_0_0_024 = alloca i32 1"   --->   Operation 15 'alloca' 'p_0_0_0_0_024' <Predicate = true> <Delay = 0.00>
ST_1 : Operation 16 [1/1] (0.00ns)   --->   "%mux_case_19627 = alloca i32 1"   --->   Operation 16 'alloca' 'mux_case_19627' <Predicate = true> <Delay = 0.00>
ST_1 : Operation 17 [1/1] (0.00ns)   --->   "%mux_case_110030 = alloca i32 1"   --->   Operation 17 'alloca' 'mux_case_110030' <Predicate = true> <Delay = 0.00>
ST_1 : Operation 18 [1/1] (0.00ns)   --->   "%mux_case_110433 = alloca i32 1"   --->   Operation 18 'alloca' 'mux_case_110433' <Predicate = true> <Delay = 0.00>
ST_1 : Operation 19 [1/1] (0.00ns)   --->   "%mux_case_110836 = alloca i32 1"   --->   Operation 19 'alloca' 'mux_case_110836' <Predicate = true> <Delay = 0.00>
ST_1 : Operation 20 [1/1] (0.00ns)   --->   "%mux_case_111239 = alloca i32 1"   --->   Operation 20 'alloca' 'mux_case_111239' <Predicate = true> <Delay = 0.00>
ST_1 : Operation 21 [1/1] (0.00ns)   --->   "%mux_case_111642 = alloca i32 1"   --->   Operation 21 'alloca' 'mux_case_111642' <Predicate = true> <Delay = 0.00>
ST_1 : Operation 22 [1/1] (0.00ns)   --->   "%p_0_0_0_0_045 = alloca i32 1"   --->   Operation 22 'alloca' 'p_0_0_0_0_045' <Predicate = true> <Delay = 0.00>
ST_1 : Operation 23 [1/1] (0.00ns)   --->   "%mux_case_09548 = alloca i32 1"   --->   Operation 23 'alloca' 'mux_case_09548' <Predicate = true> <Delay = 0.00>
ST_1 : Operation 24 [1/1] (0.00ns)   --->   "%mux_case_09951 = alloca i32 1"   --->   Operation 24 'alloca' 'mux_case_09951' <Predicate = true> <Delay = 0.00>
ST_1 : Operation 25 [1/1] (0.00ns)   --->   "%mux_case_010354 = alloca i32 1"   --->   Operation 25 'alloca' 'mux_case_010354' <Predicate = true> <Delay = 0.00>
ST_1 : Operation 26 [1/1] (0.00ns)   --->   "%mux_case_010757 = alloca i32 1"   --->   Operation 26 'alloca' 'mux_case_010757' <Predicate = true> <Delay = 0.00>
ST_1 : Operation 27 [1/1] (0.00ns)   --->   "%mux_case_011160 = alloca i32 1"   --->   Operation 27 'alloca' 'mux_case_011160' <Predicate = true> <Delay = 0.00>
ST_1 : Operation 28 [1/1] (0.00ns)   --->   "%mux_case_011563 = alloca i32 1"   --->   Operation 28 'alloca' 'mux_case_011563' <Predicate = true> <Delay = 0.00>
ST_1 : Operation 29 [1/1] (0.00ns)   --->   "%p_0_0_0_0_066 = alloca i32 1"   --->   Operation 29 'alloca' 'p_0_0_0_0_066' <Predicate = true> <Delay = 0.00>
ST_1 : Operation 30 [1/1] (0.00ns)   --->   "%mux_case_39869 = alloca i32 1"   --->   Operation 30 'alloca' 'mux_case_39869' <Predicate = true> <Delay = 0.00>
ST_1 : Operation 31 [1/1] (0.00ns)   --->   "%mux_case_310272 = alloca i32 1"   --->   Operation 31 'alloca' 'mux_case_310272' <Predicate = true> <Delay = 0.00>
ST_1 : Operation 32 [1/1] (0.00ns)   --->   "%mux_case_310675 = alloca i32 1"   --->   Operation 32 'alloca' 'mux_case_310675' <Predicate = true> <Delay = 0.00>
ST_1 : Operation 33 [1/1] (0.00ns)   --->   "%mux_case_311078 = alloca i32 1"   --->   Operation 33 'alloca' 'mux_case_311078' <Predicate = true> <Delay = 0.00>
ST_1 : Operation 34 [1/1] (0.00ns)   --->   "%mux_case_311481 = alloca i32 1"   --->   Operation 34 'alloca' 'mux_case_311481' <Predicate = true> <Delay = 0.00>
ST_1 : Operation 35 [1/1] (0.00ns)   --->   "%mux_case_311884 = alloca i32 1"   --->   Operation 35 'alloca' 'mux_case_311884' <Predicate = true> <Delay = 0.00>
ST_1 : Operation 36 [1/1] (0.00ns)   --->   "%specinterface_ln0 = specinterface void @_ssdm_op_SpecInterface, i112 %layer5_out, void @empty_2, i32 0, i32 0, void @empty_1, i32 0, i32 0, void @empty_1, void @empty_1, void @empty_1, i32 0, i32 0, i32 0, i32 0, void @empty_1, void @empty_1, i32 4294967295, i32 0"   --->   Operation 36 'specinterface' 'specinterface_ln0' <Predicate = true> <Delay = 0.00>
ST_1 : Operation 37 [1/1] (0.00ns)   --->   "%specinterface_ln0 = specinterface void @_ssdm_op_SpecInterface, i112 %layer4_out, void @empty_2, i32 0, i32 0, void @empty_1, i32 0, i32 0, void @empty_1, void @empty_1, void @empty_1, i32 0, i32 0, i32 0, i32 0, void @empty_1, void @empty_1, i32 4294967295, i32 0"   --->   Operation 37 'specinterface' 'specinterface_ln0' <Predicate = true> <Delay = 0.00>
ST_1 : Operation 39 [1/1] (0.42ns)   --->   "%store_ln373 = store i9 0, i9 %i" [firmware/nnet_utils/nnet_pooling_stream.h:373]   --->   Operation 39 'store' 'store_ln373' <Predicate = true> <Delay = 0.42>
ST_1 : Operation 40 [1/1] (0.42ns)   --->   "%br_ln373 = br void %for.body" [firmware/nnet_utils/nnet_pooling_stream.h:373]   --->   Operation 40 'br' 'br_ln373' <Predicate = true> <Delay = 0.42>
ST_1 : Operation 41 [1/1] (0.00ns)   --->   "%i_3 = load i9 %i" [firmware/nnet_utils/nnet_pooling_stream.h:373]   --->   Operation 41 'load' 'i_3' <Predicate = true> <Delay = 0.00>
ST_1 : Operation 42 [1/1] (0.77ns)   --->   "%icmp_ln373 = icmp_eq  i9 %i_3, i9 336" [firmware/nnet_utils/nnet_pooling_stream.h:373]   --->   Operation 42 'icmp' 'icmp_ln373' <Predicate = true> <Delay = 0.77> <CoreInst = "Cmp">   --->   Core 9 'Cmp' <Latency = 0> <II = 1> <Delay = 0.77> <FuncUnit> <Opcode : 'icmp'> <InPorts = 2> <OutPorts = 1>
ST_1 : Operation 43 [1/1] (0.77ns)   --->   "%i_4 = add i9 %i_3, i9 1" [firmware/nnet_utils/nnet_pooling_stream.h:373]   --->   Operation 43 'add' 'i_4' <Predicate = true> <Delay = 0.77> <CoreInst = "Adder">   --->   Core 1 'Adder' <Latency = 0> <II = 1> <Delay = 0.77> <FuncUnit> <Opcode : 'add' 'sub'> <InPorts = 2> <OutPorts = 1>
ST_1 : Operation 44 [1/1] (0.00ns)   --->   "%br_ln373 = br i1 %icmp_ln373, void %for.body.split, void %for.end36" [firmware/nnet_utils/nnet_pooling_stream.h:373]   --->   Operation 44 'br' 'br_ln373' <Predicate = true> <Delay = 0.00>
ST_1 : Operation 45 [1/1] (0.42ns)   --->   "%store_ln373 = store i9 %i_4, i9 %i" [firmware/nnet_utils/nnet_pooling_stream.h:373]   --->   Operation 45 'store' 'store_ln373' <Predicate = (!icmp_ln373)> <Delay = 0.42>

State 2 <SV = 1> <Delay = 2.28>
ST_2 : Operation 38 [1/1] (0.42ns)   --->   "%store_ln369 = store i32 0, i32 %i_w" [firmware/nnet_utils/nnet_pooling_stream.h:369]   --->   Operation 38 'store' 'store_ln369' <Predicate = true> <Delay = 0.42>
ST_2 : Operation 46 [1/1] (0.00ns)   --->   "%on_second_row = phi i1 0, void %entry, i1 %on_second_row_2, void %if.end_ifconv"   --->   Operation 46 'phi' 'on_second_row' <Predicate = true> <Delay = 0.00>
ST_2 : Operation 47 [1/1] (0.00ns)   --->   "%i_w_3 = load i32 %i_w" [firmware/nnet_utils/nnet_pooling_stream.h:373]   --->   Operation 47 'load' 'i_w_3' <Predicate = true> <Delay = 0.00>
ST_2 : Operation 48 [1/1] (0.00ns)   --->   "%specpipeline_ln374 = specpipeline void @_ssdm_op_SpecPipeline, i32 1, i32 0, i32 0, i32 0, void @empty_1" [firmware/nnet_utils/nnet_pooling_stream.h:374]   --->   Operation 48 'specpipeline' 'specpipeline_ln374' <Predicate = (!icmp_ln373)> <Delay = 0.00>
ST_2 : Operation 49 [1/1] (0.00ns)   --->   "%speclooptripcount_ln373 = speclooptripcount void @_ssdm_op_SpecLoopTripCount, i64 336, i64 336, i64 336" [firmware/nnet_utils/nnet_pooling_stream.h:373]   --->   Operation 49 'speclooptripcount' 'speclooptripcount_ln373' <Predicate = (!icmp_ln373)> <Delay = 0.00>
ST_2 : Operation 50 [1/1] (0.00ns)   --->   "%specloopname_ln373 = specloopname void @_ssdm_op_SpecLoopName, void @empty_6" [firmware/nnet_utils/nnet_pooling_stream.h:373]   --->   Operation 50 'specloopname' 'specloopname_ln373' <Predicate = (!icmp_ln373)> <Delay = 0.00>
ST_2 : Operation 51 [1/1] (0.00ns)   --->   "%trunc_ln373 = trunc i32 %i_w_3" [firmware/nnet_utils/nnet_pooling_stream.h:373]   --->   Operation 51 'trunc' 'trunc_ln373' <Predicate = (!icmp_ln373)> <Delay = 0.00>
ST_2 : Operation 52 [1/1] (1.72ns)   --->   "%layer4_out_read = read i112 @_ssdm_op_Read.ap_fifo.volatile.i112P0A, i112 %layer4_out" [firmware/nnet_utils/nnet_pooling_stream.h:376]   --->   Operation 52 'read' 'layer4_out_read' <Predicate = (!icmp_ln373)> <Delay = 1.72> <CoreInst = "FIFO">   --->   Core 78 'FIFO' <Latency = 0> <II = 1> <Delay = 1.72> <Storage> <Opcode : 'read' 'write' 'nbread' 'nbwrite'> <Ports = 0> <Width = 112> <Depth = 336> <FIFO>
ST_2 : Operation 53 [1/1] (0.00ns)   --->   "%cur = trunc i112 %layer4_out_read" [firmware/nnet_utils/nnet_pooling_stream.h:376]   --->   Operation 53 'trunc' 'cur' <Predicate = (!icmp_ln373)> <Delay = 0.00>
ST_2 : Operation 54 [1/1] (0.00ns)   --->   "%cur_1 = partselect i16 @_ssdm_op_PartSelect.i16.i112.i32.i32, i112 %layer4_out_read, i32 16, i32 31" [firmware/nnet_utils/nnet_pooling_stream.h:376]   --->   Operation 54 'partselect' 'cur_1' <Predicate = (!icmp_ln373)> <Delay = 0.00>
ST_2 : Operation 55 [1/1] (0.00ns)   --->   "%cur_2 = partselect i16 @_ssdm_op_PartSelect.i16.i112.i32.i32, i112 %layer4_out_read, i32 32, i32 47" [firmware/nnet_utils/nnet_pooling_stream.h:376]   --->   Operation 55 'partselect' 'cur_2' <Predicate = (!icmp_ln373)> <Delay = 0.00>
ST_2 : Operation 56 [1/1] (0.00ns)   --->   "%cur_3 = partselect i16 @_ssdm_op_PartSelect.i16.i112.i32.i32, i112 %layer4_out_read, i32 48, i32 63" [firmware/nnet_utils/nnet_pooling_stream.h:376]   --->   Operation 56 'partselect' 'cur_3' <Predicate = (!icmp_ln373)> <Delay = 0.00>
ST_2 : Operation 57 [1/1] (0.00ns)   --->   "%trunc_ln376_4 = partselect i16 @_ssdm_op_PartSelect.i16.i112.i32.i32, i112 %layer4_out_read, i32 64, i32 79" [firmware/nnet_utils/nnet_pooling_stream.h:376]   --->   Operation 57 'partselect' 'trunc_ln376_4' <Predicate = (!icmp_ln373)> <Delay = 0.00>
ST_2 : Operation 58 [1/1] (0.00ns)   --->   "%trunc_ln376_5 = partselect i16 @_ssdm_op_PartSelect.i16.i112.i32.i32, i112 %layer4_out_read, i32 80, i32 95" [firmware/nnet_utils/nnet_pooling_stream.h:376]   --->   Operation 58 'partselect' 'trunc_ln376_5' <Predicate = (!icmp_ln373)> <Delay = 0.00>
ST_2 : Operation 59 [1/1] (0.00ns)   --->   "%trunc_ln376_6 = partselect i16 @_ssdm_op_PartSelect.i16.i112.i32.i32, i112 %layer4_out_read, i32 96, i32 111" [firmware/nnet_utils/nnet_pooling_stream.h:376]   --->   Operation 59 'partselect' 'trunc_ln376_6' <Predicate = (!icmp_ln373)> <Delay = 0.00>
ST_2 : Operation 60 [1/1] (0.00ns)   --->   "%br_ln378 = br i1 %on_second_row, void %StorePrev, void %PoolMax" [firmware/nnet_utils/nnet_pooling_stream.h:378]   --->   Operation 60 'br' 'br_ln378' <Predicate = (!icmp_ln373)> <Delay = 0.00>
ST_2 : Operation 61 [1/1] (0.73ns)   --->   "%switch_ln382 = switch i2 %trunc_ln373, void %arrayidx61.0.0.011.6.case.3, i2 0, void %arrayidx61.0.0.011.6.case.0, i2 1, void %arrayidx61.0.0.011.6.case.1, i2 2, void %StorePrev.if.end_ifconv_crit_edge" [firmware/nnet_utils/nnet_pooling_stream.h:382]   --->   Operation 61 'switch' 'switch_ln382' <Predicate = (!icmp_ln373 & !on_second_row)> <Delay = 0.73>
ST_2 : Operation 62 [1/1] (0.00ns)   --->   "%store_ln376 = store i16 %trunc_ln376_6, i16 %mux_case_211721" [firmware/nnet_utils/nnet_pooling_stream.h:376]   --->   Operation 62 'store' 'store_ln376' <Predicate = (!icmp_ln373 & !on_second_row & trunc_ln373 == 2)> <Delay = 0.00>
ST_2 : Operation 63 [1/1] (0.00ns)   --->   "%store_ln376 = store i16 %trunc_ln376_5, i16 %mux_case_211318" [firmware/nnet_utils/nnet_pooling_stream.h:376]   --->   Operation 63 'store' 'store_ln376' <Predicate = (!icmp_ln373 & !on_second_row & trunc_ln373 == 2)> <Delay = 0.00>
ST_2 : Operation 64 [1/1] (0.00ns)   --->   "%store_ln376 = store i16 %trunc_ln376_4, i16 %mux_case_210915" [firmware/nnet_utils/nnet_pooling_stream.h:376]   --->   Operation 64 'store' 'store_ln376' <Predicate = (!icmp_ln373 & !on_second_row & trunc_ln373 == 2)> <Delay = 0.00>
ST_2 : Operation 65 [1/1] (0.00ns)   --->   "%store_ln376 = store i16 %cur_3, i16 %mux_case_210512" [firmware/nnet_utils/nnet_pooling_stream.h:376]   --->   Operation 65 'store' 'store_ln376' <Predicate = (!icmp_ln373 & !on_second_row & trunc_ln373 == 2)> <Delay = 0.00>
ST_2 : Operation 66 [1/1] (0.00ns)   --->   "%store_ln376 = store i16 %cur_2, i16 %mux_case_21019" [firmware/nnet_utils/nnet_pooling_stream.h:376]   --->   Operation 66 'store' 'store_ln376' <Predicate = (!icmp_ln373 & !on_second_row & trunc_ln373 == 2)> <Delay = 0.00>
ST_2 : Operation 67 [1/1] (0.00ns)   --->   "%store_ln376 = store i16 %cur_1, i16 %mux_case_2976" [firmware/nnet_utils/nnet_pooling_stream.h:376]   --->   Operation 67 'store' 'store_ln376' <Predicate = (!icmp_ln373 & !on_second_row & trunc_ln373 == 2)> <Delay = 0.00>
ST_2 : Operation 68 [1/1] (0.00ns)   --->   "%store_ln376 = store i16 %cur, i16 %p_0_0_0_0_03" [firmware/nnet_utils/nnet_pooling_stream.h:376]   --->   Operation 68 'store' 'store_ln376' <Predicate = (!icmp_ln373 & !on_second_row & trunc_ln373 == 2)> <Delay = 0.00>
ST_2 : Operation 69 [1/1] (0.00ns)   --->   "%br_ln382 = br void %if.end_ifconv" [firmware/nnet_utils/nnet_pooling_stream.h:382]   --->   Operation 69 'br' 'br_ln382' <Predicate = (!icmp_ln373 & !on_second_row & trunc_ln373 == 2)> <Delay = 0.00>
ST_2 : Operation 70 [1/1] (0.00ns)   --->   "%store_ln376 = store i16 %trunc_ln376_6, i16 %mux_case_111642" [firmware/nnet_utils/nnet_pooling_stream.h:376]   --->   Operation 70 'store' 'store_ln376' <Predicate = (!icmp_ln373 & !on_second_row & trunc_ln373 == 1)> <Delay = 0.00>
ST_2 : Operation 71 [1/1] (0.00ns)   --->   "%store_ln376 = store i16 %trunc_ln376_5, i16 %mux_case_111239" [firmware/nnet_utils/nnet_pooling_stream.h:376]   --->   Operation 71 'store' 'store_ln376' <Predicate = (!icmp_ln373 & !on_second_row & trunc_ln373 == 1)> <Delay = 0.00>
ST_2 : Operation 72 [1/1] (0.00ns)   --->   "%store_ln376 = store i16 %trunc_ln376_4, i16 %mux_case_110836" [firmware/nnet_utils/nnet_pooling_stream.h:376]   --->   Operation 72 'store' 'store_ln376' <Predicate = (!icmp_ln373 & !on_second_row & trunc_ln373 == 1)> <Delay = 0.00>
ST_2 : Operation 73 [1/1] (0.00ns)   --->   "%store_ln376 = store i16 %cur_3, i16 %mux_case_110433" [firmware/nnet_utils/nnet_pooling_stream.h:376]   --->   Operation 73 'store' 'store_ln376' <Predicate = (!icmp_ln373 & !on_second_row & trunc_ln373 == 1)> <Delay = 0.00>
ST_2 : Operation 74 [1/1] (0.00ns)   --->   "%store_ln376 = store i16 %cur_2, i16 %mux_case_110030" [firmware/nnet_utils/nnet_pooling_stream.h:376]   --->   Operation 74 'store' 'store_ln376' <Predicate = (!icmp_ln373 & !on_second_row & trunc_ln373 == 1)> <Delay = 0.00>
ST_2 : Operation 75 [1/1] (0.00ns)   --->   "%store_ln376 = store i16 %cur_1, i16 %mux_case_19627" [firmware/nnet_utils/nnet_pooling_stream.h:376]   --->   Operation 75 'store' 'store_ln376' <Predicate = (!icmp_ln373 & !on_second_row & trunc_ln373 == 1)> <Delay = 0.00>
ST_2 : Operation 76 [1/1] (0.00ns)   --->   "%store_ln376 = store i16 %cur, i16 %p_0_0_0_0_024" [firmware/nnet_utils/nnet_pooling_stream.h:376]   --->   Operation 76 'store' 'store_ln376' <Predicate = (!icmp_ln373 & !on_second_row & trunc_ln373 == 1)> <Delay = 0.00>
ST_2 : Operation 77 [1/1] (0.00ns)   --->   "%br_ln382 = br void %if.end_ifconv" [firmware/nnet_utils/nnet_pooling_stream.h:382]   --->   Operation 77 'br' 'br_ln382' <Predicate = (!icmp_ln373 & !on_second_row & trunc_ln373 == 1)> <Delay = 0.00>
ST_2 : Operation 78 [1/1] (0.00ns)   --->   "%store_ln376 = store i16 %trunc_ln376_6, i16 %mux_case_011563" [firmware/nnet_utils/nnet_pooling_stream.h:376]   --->   Operation 78 'store' 'store_ln376' <Predicate = (!icmp_ln373 & !on_second_row & trunc_ln373 == 0)> <Delay = 0.00>
ST_2 : Operation 79 [1/1] (0.00ns)   --->   "%store_ln376 = store i16 %trunc_ln376_5, i16 %mux_case_011160" [firmware/nnet_utils/nnet_pooling_stream.h:376]   --->   Operation 79 'store' 'store_ln376' <Predicate = (!icmp_ln373 & !on_second_row & trunc_ln373 == 0)> <Delay = 0.00>
ST_2 : Operation 80 [1/1] (0.00ns)   --->   "%store_ln376 = store i16 %trunc_ln376_4, i16 %mux_case_010757" [firmware/nnet_utils/nnet_pooling_stream.h:376]   --->   Operation 80 'store' 'store_ln376' <Predicate = (!icmp_ln373 & !on_second_row & trunc_ln373 == 0)> <Delay = 0.00>
ST_2 : Operation 81 [1/1] (0.00ns)   --->   "%store_ln376 = store i16 %cur_3, i16 %mux_case_010354" [firmware/nnet_utils/nnet_pooling_stream.h:376]   --->   Operation 81 'store' 'store_ln376' <Predicate = (!icmp_ln373 & !on_second_row & trunc_ln373 == 0)> <Delay = 0.00>
ST_2 : Operation 82 [1/1] (0.00ns)   --->   "%store_ln376 = store i16 %cur_2, i16 %mux_case_09951" [firmware/nnet_utils/nnet_pooling_stream.h:376]   --->   Operation 82 'store' 'store_ln376' <Predicate = (!icmp_ln373 & !on_second_row & trunc_ln373 == 0)> <Delay = 0.00>
ST_2 : Operation 83 [1/1] (0.00ns)   --->   "%store_ln376 = store i16 %cur_1, i16 %mux_case_09548" [firmware/nnet_utils/nnet_pooling_stream.h:376]   --->   Operation 83 'store' 'store_ln376' <Predicate = (!icmp_ln373 & !on_second_row & trunc_ln373 == 0)> <Delay = 0.00>
ST_2 : Operation 84 [1/1] (0.00ns)   --->   "%store_ln376 = store i16 %cur, i16 %p_0_0_0_0_045" [firmware/nnet_utils/nnet_pooling_stream.h:376]   --->   Operation 84 'store' 'store_ln376' <Predicate = (!icmp_ln373 & !on_second_row & trunc_ln373 == 0)> <Delay = 0.00>
ST_2 : Operation 85 [1/1] (0.00ns)   --->   "%br_ln382 = br void %if.end_ifconv" [firmware/nnet_utils/nnet_pooling_stream.h:382]   --->   Operation 85 'br' 'br_ln382' <Predicate = (!icmp_ln373 & !on_second_row & trunc_ln373 == 0)> <Delay = 0.00>
ST_2 : Operation 86 [1/1] (0.00ns)   --->   "%store_ln376 = store i16 %trunc_ln376_6, i16 %mux_case_311884" [firmware/nnet_utils/nnet_pooling_stream.h:376]   --->   Operation 86 'store' 'store_ln376' <Predicate = (!icmp_ln373 & !on_second_row & trunc_ln373 == 3)> <Delay = 0.00>
ST_2 : Operation 87 [1/1] (0.00ns)   --->   "%store_ln376 = store i16 %trunc_ln376_5, i16 %mux_case_311481" [firmware/nnet_utils/nnet_pooling_stream.h:376]   --->   Operation 87 'store' 'store_ln376' <Predicate = (!icmp_ln373 & !on_second_row & trunc_ln373 == 3)> <Delay = 0.00>
ST_2 : Operation 88 [1/1] (0.00ns)   --->   "%store_ln376 = store i16 %trunc_ln376_4, i16 %mux_case_311078" [firmware/nnet_utils/nnet_pooling_stream.h:376]   --->   Operation 88 'store' 'store_ln376' <Predicate = (!icmp_ln373 & !on_second_row & trunc_ln373 == 3)> <Delay = 0.00>
ST_2 : Operation 89 [1/1] (0.00ns)   --->   "%store_ln376 = store i16 %cur_3, i16 %mux_case_310675" [firmware/nnet_utils/nnet_pooling_stream.h:376]   --->   Operation 89 'store' 'store_ln376' <Predicate = (!icmp_ln373 & !on_second_row & trunc_ln373 == 3)> <Delay = 0.00>
ST_2 : Operation 90 [1/1] (0.00ns)   --->   "%store_ln376 = store i16 %cur_2, i16 %mux_case_310272" [firmware/nnet_utils/nnet_pooling_stream.h:376]   --->   Operation 90 'store' 'store_ln376' <Predicate = (!icmp_ln373 & !on_second_row & trunc_ln373 == 3)> <Delay = 0.00>
ST_2 : Operation 91 [1/1] (0.00ns)   --->   "%store_ln376 = store i16 %cur_1, i16 %mux_case_39869" [firmware/nnet_utils/nnet_pooling_stream.h:376]   --->   Operation 91 'store' 'store_ln376' <Predicate = (!icmp_ln373 & !on_second_row & trunc_ln373 == 3)> <Delay = 0.00>
ST_2 : Operation 92 [1/1] (0.00ns)   --->   "%store_ln376 = store i16 %cur, i16 %p_0_0_0_0_066" [firmware/nnet_utils/nnet_pooling_stream.h:376]   --->   Operation 92 'store' 'store_ln376' <Predicate = (!icmp_ln373 & !on_second_row & trunc_ln373 == 3)> <Delay = 0.00>
ST_2 : Operation 93 [1/1] (0.00ns)   --->   "%br_ln382 = br void %if.end_ifconv" [firmware/nnet_utils/nnet_pooling_stream.h:382]   --->   Operation 93 'br' 'br_ln382' <Predicate = (!icmp_ln373 & !on_second_row & trunc_ln373 == 3)> <Delay = 0.00>
ST_2 : Operation 94 [1/1] (1.01ns)   --->   "%icmp_ln395 = icmp_eq  i32 %i_w_3, i32 3" [firmware/nnet_utils/nnet_pooling_stream.h:395]   --->   Operation 94 'icmp' 'icmp_ln395' <Predicate = (!icmp_ln373)> <Delay = 1.01> <CoreInst = "Cmp">   --->   Core 9 'Cmp' <Latency = 0> <II = 1> <Delay = 1.01> <FuncUnit> <Opcode : 'icmp'> <InPorts = 2> <OutPorts = 1>
ST_2 : Operation 95 [1/1] (0.00ns) (grouped into LUT with out node on_second_row_2)   --->   "%on_second_row_1 = xor i1 %on_second_row, i1 1" [firmware/nnet_utils/nnet_pooling_stream.h:397]   --->   Operation 95 'xor' 'on_second_row_1' <Predicate = (!icmp_ln373)> <Delay = 0.00> <CoreInst = "LogicGate">   --->   Core 74 'LogicGate' <Latency = 0> <II = 1> <Delay = 0.28> <FuncUnit> <Opcode : 'and' 'or' 'xor'> <InPorts = 2> <OutPorts = 1>
ST_2 : Operation 96 [1/1] (1.01ns)   --->   "%i_w_4 = add i32 %i_w_3, i32 1" [firmware/nnet_utils/nnet_pooling_stream.h:399]   --->   Operation 96 'add' 'i_w_4' <Predicate = (!icmp_ln373)> <Delay = 1.01> <CoreInst = "Adder">   --->   Core 1 'Adder' <Latency = 0> <II = 1> <Delay = 1.01> <FuncUnit> <Opcode : 'add' 'sub'> <InPorts = 2> <OutPorts = 1>
ST_2 : Operation 97 [1/1] (0.33ns) (out node of the LUT)   --->   "%on_second_row_2 = select i1 %icmp_ln395, i1 %on_second_row_1, i1 %on_second_row" [firmware/nnet_utils/nnet_pooling_stream.h:395]   --->   Operation 97 'select' 'on_second_row_2' <Predicate = (!icmp_ln373)> <Delay = 0.33> <CoreInst = "Sel">   --->   Core 73 'Sel' <Latency = 0> <II = 1> <Delay = 0.33> <FuncUnit> <Opcode : 'select'> <InPorts = 3> <OutPorts = 1>
ST_2 : Operation 98 [1/1] (0.41ns)   --->   "%i_w_5 = select i1 %icmp_ln395, i32 0, i32 %i_w_4" [firmware/nnet_utils/nnet_pooling_stream.h:395]   --->   Operation 98 'select' 'i_w_5' <Predicate = (!icmp_ln373)> <Delay = 0.41> <CoreInst = "Sel">   --->   Core 73 'Sel' <Latency = 0> <II = 1> <Delay = 0.41> <FuncUnit> <Opcode : 'select'> <InPorts = 3> <OutPorts = 1>
ST_2 : Operation 99 [1/1] (0.42ns)   --->   "%store_ln369 = store i32 %i_w_5, i32 %i_w" [firmware/nnet_utils/nnet_pooling_stream.h:369]   --->   Operation 99 'store' 'store_ln369' <Predicate = (!icmp_ln373)> <Delay = 0.42>
ST_2 : Operation 100 [1/1] (0.00ns)   --->   "%br_ln373 = br void %for.body" [firmware/nnet_utils/nnet_pooling_stream.h:373]   --->   Operation 100 'br' 'br_ln373' <Predicate = (!icmp_ln373)> <Delay = 0.00>
ST_2 : Operation 153 [1/1] (0.00ns)   --->   "%ret_ln402 = ret" [firmware/nnet_utils/nnet_pooling_stream.h:402]   --->   Operation 153 'ret' 'ret_ln402' <Predicate = (icmp_ln373)> <Delay = 0.00>

State 3 <SV = 2> <Delay = 3.45>
ST_3 : Operation 101 [1/1] (0.00ns)   --->   "%p_0_0_0_0_03_load = load i16 %p_0_0_0_0_03" [firmware/nnet_utils/nnet_pooling_stream.h:390]   --->   Operation 101 'load' 'p_0_0_0_0_03_load' <Predicate = (on_second_row & trunc_ln373 == 2)> <Delay = 0.00>
ST_3 : Operation 102 [1/1] (0.00ns)   --->   "%mux_case_2976_load = load i16 %mux_case_2976" [firmware/nnet_utils/nnet_pooling_stream.h:390]   --->   Operation 102 'load' 'mux_case_2976_load' <Predicate = (on_second_row & trunc_ln373 == 2)> <Delay = 0.00>
ST_3 : Operation 103 [1/1] (0.00ns)   --->   "%mux_case_21019_load = load i16 %mux_case_21019" [firmware/nnet_utils/nnet_pooling_stream.h:390]   --->   Operation 103 'load' 'mux_case_21019_load' <Predicate = (on_second_row & trunc_ln373 == 2)> <Delay = 0.00>
ST_3 : Operation 104 [1/1] (0.00ns)   --->   "%mux_case_210512_load = load i16 %mux_case_210512" [firmware/nnet_utils/nnet_pooling_stream.h:390]   --->   Operation 104 'load' 'mux_case_210512_load' <Predicate = (on_second_row & trunc_ln373 == 2)> <Delay = 0.00>
ST_3 : Operation 105 [1/1] (0.00ns)   --->   "%mux_case_210915_load = load i16 %mux_case_210915" [firmware/nnet_utils/nnet_pooling_stream.h:390]   --->   Operation 105 'load' 'mux_case_210915_load' <Predicate = (on_second_row & trunc_ln373 == 2)> <Delay = 0.00>
ST_3 : Operation 106 [1/1] (0.00ns)   --->   "%mux_case_211318_load = load i16 %mux_case_211318" [firmware/nnet_utils/nnet_pooling_stream.h:390]   --->   Operation 106 'load' 'mux_case_211318_load' <Predicate = (on_second_row & trunc_ln373 == 2)> <Delay = 0.00>
ST_3 : Operation 107 [1/1] (0.00ns)   --->   "%mux_case_211721_load = load i16 %mux_case_211721" [firmware/nnet_utils/nnet_pooling_stream.h:390]   --->   Operation 107 'load' 'mux_case_211721_load' <Predicate = (on_second_row & trunc_ln373 == 2)> <Delay = 0.00>
ST_3 : Operation 108 [1/1] (0.00ns)   --->   "%p_0_0_0_0_024_load = load i16 %p_0_0_0_0_024" [firmware/nnet_utils/nnet_pooling_stream.h:390]   --->   Operation 108 'load' 'p_0_0_0_0_024_load' <Predicate = (on_second_row & trunc_ln373 == 1)> <Delay = 0.00>
ST_3 : Operation 109 [1/1] (0.00ns)   --->   "%mux_case_19627_load = load i16 %mux_case_19627" [firmware/nnet_utils/nnet_pooling_stream.h:390]   --->   Operation 109 'load' 'mux_case_19627_load' <Predicate = (on_second_row & trunc_ln373 == 1)> <Delay = 0.00>
ST_3 : Operation 110 [1/1] (0.00ns)   --->   "%mux_case_110030_load = load i16 %mux_case_110030" [firmware/nnet_utils/nnet_pooling_stream.h:390]   --->   Operation 110 'load' 'mux_case_110030_load' <Predicate = (on_second_row & trunc_ln373 == 1)> <Delay = 0.00>
ST_3 : Operation 111 [1/1] (0.00ns)   --->   "%mux_case_110433_load = load i16 %mux_case_110433" [firmware/nnet_utils/nnet_pooling_stream.h:390]   --->   Operation 111 'load' 'mux_case_110433_load' <Predicate = (on_second_row & trunc_ln373 == 1)> <Delay = 0.00>
ST_3 : Operation 112 [1/1] (0.00ns)   --->   "%mux_case_110836_load = load i16 %mux_case_110836" [firmware/nnet_utils/nnet_pooling_stream.h:390]   --->   Operation 112 'load' 'mux_case_110836_load' <Predicate = (on_second_row & trunc_ln373 == 1)> <Delay = 0.00>
ST_3 : Operation 113 [1/1] (0.00ns)   --->   "%mux_case_111239_load = load i16 %mux_case_111239" [firmware/nnet_utils/nnet_pooling_stream.h:390]   --->   Operation 113 'load' 'mux_case_111239_load' <Predicate = (on_second_row & trunc_ln373 == 1)> <Delay = 0.00>
ST_3 : Operation 114 [1/1] (0.00ns)   --->   "%mux_case_111642_load = load i16 %mux_case_111642" [firmware/nnet_utils/nnet_pooling_stream.h:390]   --->   Operation 114 'load' 'mux_case_111642_load' <Predicate = (on_second_row & trunc_ln373 == 1)> <Delay = 0.00>
ST_3 : Operation 115 [1/1] (0.00ns)   --->   "%p_0_0_0_0_045_load = load i16 %p_0_0_0_0_045" [firmware/nnet_utils/nnet_pooling_stream.h:390]   --->   Operation 115 'load' 'p_0_0_0_0_045_load' <Predicate = (on_second_row & trunc_ln373 == 0)> <Delay = 0.00>
ST_3 : Operation 116 [1/1] (0.00ns)   --->   "%mux_case_09548_load = load i16 %mux_case_09548" [firmware/nnet_utils/nnet_pooling_stream.h:390]   --->   Operation 116 'load' 'mux_case_09548_load' <Predicate = (on_second_row & trunc_ln373 == 0)> <Delay = 0.00>
ST_3 : Operation 117 [1/1] (0.00ns)   --->   "%mux_case_09951_load = load i16 %mux_case_09951" [firmware/nnet_utils/nnet_pooling_stream.h:390]   --->   Operation 117 'load' 'mux_case_09951_load' <Predicate = (on_second_row & trunc_ln373 == 0)> <Delay = 0.00>
ST_3 : Operation 118 [1/1] (0.00ns)   --->   "%mux_case_010354_load = load i16 %mux_case_010354" [firmware/nnet_utils/nnet_pooling_stream.h:390]   --->   Operation 118 'load' 'mux_case_010354_load' <Predicate = (on_second_row & trunc_ln373 == 0)> <Delay = 0.00>
ST_3 : Operation 119 [1/1] (0.00ns)   --->   "%mux_case_010757_load = load i16 %mux_case_010757" [firmware/nnet_utils/nnet_pooling_stream.h:390]   --->   Operation 119 'load' 'mux_case_010757_load' <Predicate = (on_second_row & trunc_ln373 == 0)> <Delay = 0.00>
ST_3 : Operation 120 [1/1] (0.00ns)   --->   "%mux_case_011160_load = load i16 %mux_case_011160" [firmware/nnet_utils/nnet_pooling_stream.h:390]   --->   Operation 120 'load' 'mux_case_011160_load' <Predicate = (on_second_row & trunc_ln373 == 0)> <Delay = 0.00>
ST_3 : Operation 121 [1/1] (0.00ns)   --->   "%mux_case_011563_load = load i16 %mux_case_011563" [firmware/nnet_utils/nnet_pooling_stream.h:390]   --->   Operation 121 'load' 'mux_case_011563_load' <Predicate = (on_second_row & trunc_ln373 == 0)> <Delay = 0.00>
ST_3 : Operation 122 [1/1] (0.00ns)   --->   "%p_0_0_0_0_066_load = load i16 %p_0_0_0_0_066" [firmware/nnet_utils/nnet_pooling_stream.h:390]   --->   Operation 122 'load' 'p_0_0_0_0_066_load' <Predicate = (on_second_row & trunc_ln373 == 3)> <Delay = 0.00>
ST_3 : Operation 123 [1/1] (0.00ns)   --->   "%mux_case_39869_load = load i16 %mux_case_39869" [firmware/nnet_utils/nnet_pooling_stream.h:390]   --->   Operation 123 'load' 'mux_case_39869_load' <Predicate = (on_second_row & trunc_ln373 == 3)> <Delay = 0.00>
ST_3 : Operation 124 [1/1] (0.00ns)   --->   "%mux_case_310272_load = load i16 %mux_case_310272" [firmware/nnet_utils/nnet_pooling_stream.h:390]   --->   Operation 124 'load' 'mux_case_310272_load' <Predicate = (on_second_row & trunc_ln373 == 3)> <Delay = 0.00>
ST_3 : Operation 125 [1/1] (0.00ns)   --->   "%mux_case_310675_load = load i16 %mux_case_310675" [firmware/nnet_utils/nnet_pooling_stream.h:390]   --->   Operation 125 'load' 'mux_case_310675_load' <Predicate = (on_second_row & trunc_ln373 == 3)> <Delay = 0.00>
ST_3 : Operation 126 [1/1] (0.00ns)   --->   "%mux_case_311078_load = load i16 %mux_case_311078" [firmware/nnet_utils/nnet_pooling_stream.h:390]   --->   Operation 126 'load' 'mux_case_311078_load' <Predicate = (on_second_row & trunc_ln373 == 3)> <Delay = 0.00>
ST_3 : Operation 127 [1/1] (0.00ns)   --->   "%mux_case_311481_load = load i16 %mux_case_311481" [firmware/nnet_utils/nnet_pooling_stream.h:390]   --->   Operation 127 'load' 'mux_case_311481_load' <Predicate = (on_second_row & trunc_ln373 == 3)> <Delay = 0.00>
ST_3 : Operation 128 [1/1] (0.00ns)   --->   "%mux_case_311884_load = load i16 %mux_case_311884" [firmware/nnet_utils/nnet_pooling_stream.h:390]   --->   Operation 128 'load' 'mux_case_311884_load' <Predicate = (on_second_row & trunc_ln373 == 3)> <Delay = 0.00>
ST_3 : Operation 129 [1/1] (0.52ns)   --->   "%tmp_s = sparsemux i16 @_ssdm_op_SparseMux.ap_auto.4i16.i16.i2, i2 0, i16 %p_0_0_0_0_045_load, i2 1, i16 %p_0_0_0_0_024_load, i2 2, i16 %p_0_0_0_0_03_load, i2 3, i16 %p_0_0_0_0_066_load, i16 0, i2 %trunc_ln373" [firmware/nnet_utils/nnet_pooling_stream.h:390]   --->   Operation 129 'sparsemux' 'tmp_s' <Predicate = (on_second_row)> <Delay = 0.52> <CoreInst = "SparseMux">   --->   Core 147 'SparseMux' <Latency = 0> <II = 1> <Delay = 0.52> <FuncUnit> <Opcode : 'sparsemux'> <InPorts = 2> <OutPorts = 1>
ST_3 : Operation 130 [1/1] (0.85ns)   --->   "%icmp_ln390 = icmp_sgt  i16 %tmp_s, i16 %cur" [firmware/nnet_utils/nnet_pooling_stream.h:390]   --->   Operation 130 'icmp' 'icmp_ln390' <Predicate = (on_second_row)> <Delay = 0.85> <CoreInst = "Cmp">   --->   Core 9 'Cmp' <Latency = 0> <II = 1> <Delay = 0.85> <FuncUnit> <Opcode : 'icmp'> <InPorts = 2> <OutPorts = 1>
ST_3 : Operation 131 [1/1] (0.34ns)   --->   "%select_ln390 = select i1 %icmp_ln390, i16 %tmp_s, i16 %cur" [firmware/nnet_utils/nnet_pooling_stream.h:390]   --->   Operation 131 'select' 'select_ln390' <Predicate = (on_second_row)> <Delay = 0.34> <CoreInst = "Sel">   --->   Core 73 'Sel' <Latency = 0> <II = 1> <Delay = 0.34> <FuncUnit> <Opcode : 'select'> <InPorts = 3> <OutPorts = 1>
ST_3 : Operation 132 [1/1] (0.52ns)   --->   "%tmp_1 = sparsemux i16 @_ssdm_op_SparseMux.ap_auto.4i16.i16.i2, i2 0, i16 %mux_case_09548_load, i2 1, i16 %mux_case_19627_load, i2 2, i16 %mux_case_2976_load, i2 3, i16 %mux_case_39869_load, i16 0, i2 %trunc_ln373" [firmware/nnet_utils/nnet_pooling_stream.h:390]   --->   Operation 132 'sparsemux' 'tmp_1' <Predicate = (on_second_row)> <Delay = 0.52> <CoreInst = "SparseMux">   --->   Core 147 'SparseMux' <Latency = 0> <II = 1> <Delay = 0.52> <FuncUnit> <Opcode : 'sparsemux'> <InPorts = 2> <OutPorts = 1>
ST_3 : Operation 133 [1/1] (0.85ns)   --->   "%icmp_ln390_1 = icmp_sgt  i16 %tmp_1, i16 %cur_1" [firmware/nnet_utils/nnet_pooling_stream.h:390]   --->   Operation 133 'icmp' 'icmp_ln390_1' <Predicate = (on_second_row)> <Delay = 0.85> <CoreInst = "Cmp">   --->   Core 9 'Cmp' <Latency = 0> <II = 1> <Delay = 0.85> <FuncUnit> <Opcode : 'icmp'> <InPorts = 2> <OutPorts = 1>
ST_3 : Operation 134 [1/1] (0.34ns)   --->   "%select_ln390_1 = select i1 %icmp_ln390_1, i16 %tmp_1, i16 %cur_1" [firmware/nnet_utils/nnet_pooling_stream.h:390]   --->   Operation 134 'select' 'select_ln390_1' <Predicate = (on_second_row)> <Delay = 0.34> <CoreInst = "Sel">   --->   Core 73 'Sel' <Latency = 0> <II = 1> <Delay = 0.34> <FuncUnit> <Opcode : 'select'> <InPorts = 3> <OutPorts = 1>
ST_3 : Operation 135 [1/1] (0.52ns)   --->   "%tmp_2 = sparsemux i16 @_ssdm_op_SparseMux.ap_auto.4i16.i16.i2, i2 0, i16 %mux_case_09951_load, i2 1, i16 %mux_case_110030_load, i2 2, i16 %mux_case_21019_load, i2 3, i16 %mux_case_310272_load, i16 0, i2 %trunc_ln373" [firmware/nnet_utils/nnet_pooling_stream.h:390]   --->   Operation 135 'sparsemux' 'tmp_2' <Predicate = (on_second_row)> <Delay = 0.52> <CoreInst = "SparseMux">   --->   Core 147 'SparseMux' <Latency = 0> <II = 1> <Delay = 0.52> <FuncUnit> <Opcode : 'sparsemux'> <InPorts = 2> <OutPorts = 1>
ST_3 : Operation 136 [1/1] (0.85ns)   --->   "%icmp_ln390_2 = icmp_sgt  i16 %tmp_2, i16 %cur_2" [firmware/nnet_utils/nnet_pooling_stream.h:390]   --->   Operation 136 'icmp' 'icmp_ln390_2' <Predicate = (on_second_row)> <Delay = 0.85> <CoreInst = "Cmp">   --->   Core 9 'Cmp' <Latency = 0> <II = 1> <Delay = 0.85> <FuncUnit> <Opcode : 'icmp'> <InPorts = 2> <OutPorts = 1>
ST_3 : Operation 137 [1/1] (0.34ns)   --->   "%select_ln390_2 = select i1 %icmp_ln390_2, i16 %tmp_2, i16 %cur_2" [firmware/nnet_utils/nnet_pooling_stream.h:390]   --->   Operation 137 'select' 'select_ln390_2' <Predicate = (on_second_row)> <Delay = 0.34> <CoreInst = "Sel">   --->   Core 73 'Sel' <Latency = 0> <II = 1> <Delay = 0.34> <FuncUnit> <Opcode : 'select'> <InPorts = 3> <OutPorts = 1>
ST_3 : Operation 138 [1/1] (0.52ns)   --->   "%tmp_3 = sparsemux i16 @_ssdm_op_SparseMux.ap_auto.4i16.i16.i2, i2 0, i16 %mux_case_010354_load, i2 1, i16 %mux_case_110433_load, i2 2, i16 %mux_case_210512_load, i2 3, i16 %mux_case_310675_load, i16 0, i2 %trunc_ln373" [firmware/nnet_utils/nnet_pooling_stream.h:390]   --->   Operation 138 'sparsemux' 'tmp_3' <Predicate = (on_second_row)> <Delay = 0.52> <CoreInst = "SparseMux">   --->   Core 147 'SparseMux' <Latency = 0> <II = 1> <Delay = 0.52> <FuncUnit> <Opcode : 'sparsemux'> <InPorts = 2> <OutPorts = 1>
ST_3 : Operation 139 [1/1] (0.85ns)   --->   "%icmp_ln390_3 = icmp_sgt  i16 %tmp_3, i16 %cur_3" [firmware/nnet_utils/nnet_pooling_stream.h:390]   --->   Operation 139 'icmp' 'icmp_ln390_3' <Predicate = (on_second_row)> <Delay = 0.85> <CoreInst = "Cmp">   --->   Core 9 'Cmp' <Latency = 0> <II = 1> <Delay = 0.85> <FuncUnit> <Opcode : 'icmp'> <InPorts = 2> <OutPorts = 1>
ST_3 : Operation 140 [1/1] (0.34ns)   --->   "%select_ln390_3 = select i1 %icmp_ln390_3, i16 %tmp_3, i16 %cur_3" [firmware/nnet_utils/nnet_pooling_stream.h:390]   --->   Operation 140 'select' 'select_ln390_3' <Predicate = (on_second_row)> <Delay = 0.34> <CoreInst = "Sel">   --->   Core 73 'Sel' <Latency = 0> <II = 1> <Delay = 0.34> <FuncUnit> <Opcode : 'select'> <InPorts = 3> <OutPorts = 1>
ST_3 : Operation 141 [1/1] (0.52ns)   --->   "%tmp_4 = sparsemux i16 @_ssdm_op_SparseMux.ap_auto.4i16.i16.i2, i2 0, i16 %mux_case_010757_load, i2 1, i16 %mux_case_110836_load, i2 2, i16 %mux_case_210915_load, i2 3, i16 %mux_case_311078_load, i16 0, i2 %trunc_ln373" [firmware/nnet_utils/nnet_pooling_stream.h:390]   --->   Operation 141 'sparsemux' 'tmp_4' <Predicate = (on_second_row)> <Delay = 0.52> <CoreInst = "SparseMux">   --->   Core 147 'SparseMux' <Latency = 0> <II = 1> <Delay = 0.52> <FuncUnit> <Opcode : 'sparsemux'> <InPorts = 2> <OutPorts = 1>
ST_3 : Operation 142 [1/1] (0.85ns)   --->   "%icmp_ln390_4 = icmp_sgt  i16 %tmp_4, i16 %trunc_ln376_4" [firmware/nnet_utils/nnet_pooling_stream.h:390]   --->   Operation 142 'icmp' 'icmp_ln390_4' <Predicate = (on_second_row)> <Delay = 0.85> <CoreInst = "Cmp">   --->   Core 9 'Cmp' <Latency = 0> <II = 1> <Delay = 0.85> <FuncUnit> <Opcode : 'icmp'> <InPorts = 2> <OutPorts = 1>
ST_3 : Operation 143 [1/1] (0.34ns)   --->   "%select_ln390_4 = select i1 %icmp_ln390_4, i16 %tmp_4, i16 %trunc_ln376_4" [firmware/nnet_utils/nnet_pooling_stream.h:390]   --->   Operation 143 'select' 'select_ln390_4' <Predicate = (on_second_row)> <Delay = 0.34> <CoreInst = "Sel">   --->   Core 73 'Sel' <Latency = 0> <II = 1> <Delay = 0.34> <FuncUnit> <Opcode : 'select'> <InPorts = 3> <OutPorts = 1>
ST_3 : Operation 144 [1/1] (0.52ns)   --->   "%tmp_5 = sparsemux i16 @_ssdm_op_SparseMux.ap_auto.4i16.i16.i2, i2 0, i16 %mux_case_011160_load, i2 1, i16 %mux_case_111239_load, i2 2, i16 %mux_case_211318_load, i2 3, i16 %mux_case_311481_load, i16 0, i2 %trunc_ln373" [firmware/nnet_utils/nnet_pooling_stream.h:390]   --->   Operation 144 'sparsemux' 'tmp_5' <Predicate = (on_second_row)> <Delay = 0.52> <CoreInst = "SparseMux">   --->   Core 147 'SparseMux' <Latency = 0> <II = 1> <Delay = 0.52> <FuncUnit> <Opcode : 'sparsemux'> <InPorts = 2> <OutPorts = 1>
ST_3 : Operation 145 [1/1] (0.85ns)   --->   "%icmp_ln390_5 = icmp_sgt  i16 %tmp_5, i16 %trunc_ln376_5" [firmware/nnet_utils/nnet_pooling_stream.h:390]   --->   Operation 145 'icmp' 'icmp_ln390_5' <Predicate = (on_second_row)> <Delay = 0.85> <CoreInst = "Cmp">   --->   Core 9 'Cmp' <Latency = 0> <II = 1> <Delay = 0.85> <FuncUnit> <Opcode : 'icmp'> <InPorts = 2> <OutPorts = 1>
ST_3 : Operation 146 [1/1] (0.34ns)   --->   "%select_ln390_5 = select i1 %icmp_ln390_5, i16 %tmp_5, i16 %trunc_ln376_5" [firmware/nnet_utils/nnet_pooling_stream.h:390]   --->   Operation 146 'select' 'select_ln390_5' <Predicate = (on_second_row)> <Delay = 0.34> <CoreInst = "Sel">   --->   Core 73 'Sel' <Latency = 0> <II = 1> <Delay = 0.34> <FuncUnit> <Opcode : 'select'> <InPorts = 3> <OutPorts = 1>
ST_3 : Operation 147 [1/1] (0.52ns)   --->   "%tmp_6 = sparsemux i16 @_ssdm_op_SparseMux.ap_auto.4i16.i16.i2, i2 0, i16 %mux_case_011563_load, i2 1, i16 %mux_case_111642_load, i2 2, i16 %mux_case_211721_load, i2 3, i16 %mux_case_311884_load, i16 0, i2 %trunc_ln373" [firmware/nnet_utils/nnet_pooling_stream.h:390]   --->   Operation 147 'sparsemux' 'tmp_6' <Predicate = (on_second_row)> <Delay = 0.52> <CoreInst = "SparseMux">   --->   Core 147 'SparseMux' <Latency = 0> <II = 1> <Delay = 0.52> <FuncUnit> <Opcode : 'sparsemux'> <InPorts = 2> <OutPorts = 1>
ST_3 : Operation 148 [1/1] (0.85ns)   --->   "%icmp_ln390_6 = icmp_sgt  i16 %tmp_6, i16 %trunc_ln376_6" [firmware/nnet_utils/nnet_pooling_stream.h:390]   --->   Operation 148 'icmp' 'icmp_ln390_6' <Predicate = (on_second_row)> <Delay = 0.85> <CoreInst = "Cmp">   --->   Core 9 'Cmp' <Latency = 0> <II = 1> <Delay = 0.85> <FuncUnit> <Opcode : 'icmp'> <InPorts = 2> <OutPorts = 1>
ST_3 : Operation 149 [1/1] (0.34ns)   --->   "%select_ln390_6 = select i1 %icmp_ln390_6, i16 %tmp_6, i16 %trunc_ln376_6" [firmware/nnet_utils/nnet_pooling_stream.h:390]   --->   Operation 149 'select' 'select_ln390_6' <Predicate = (on_second_row)> <Delay = 0.34> <CoreInst = "Sel">   --->   Core 73 'Sel' <Latency = 0> <II = 1> <Delay = 0.34> <FuncUnit> <Opcode : 'select'> <InPorts = 3> <OutPorts = 1>
ST_3 : Operation 150 [1/1] (0.00ns)   --->   "%or_ln392_s = bitconcatenate i112 @_ssdm_op_BitConcatenate.i112.i16.i16.i16.i16.i16.i16.i16, i16 %select_ln390_6, i16 %select_ln390_5, i16 %select_ln390_4, i16 %select_ln390_3, i16 %select_ln390_2, i16 %select_ln390_1, i16 %select_ln390" [firmware/nnet_utils/nnet_pooling_stream.h:392]   --->   Operation 150 'bitconcatenate' 'or_ln392_s' <Predicate = (on_second_row)> <Delay = 0.00>
ST_3 : Operation 151 [1/1] (1.73ns)   --->   "%write_ln392 = write void @_ssdm_op_Write.ap_fifo.volatile.i112P0A, i112 %layer5_out, i112 %or_ln392_s" [firmware/nnet_utils/nnet_pooling_stream.h:392]   --->   Operation 151 'write' 'write_ln392' <Predicate = (on_second_row)> <Delay = 1.73> <CoreInst = "FIFO">   --->   Core 78 'FIFO' <Latency = 0> <II = 1> <Delay = 1.73> <Storage> <Opcode : 'read' 'write' 'nbread' 'nbwrite'> <Ports = 0> <Width = 112> <Depth = 168> <FIFO>
ST_3 : Operation 152 [1/1] (0.00ns)   --->   "%br_ln0 = br void %if.end_ifconv"   --->   Operation 152 'br' 'br_ln0' <Predicate = (on_second_row)> <Delay = 0.00>


============================================================
+ Verbose Summary: Binding
============================================================
STG Binding: 
---------------- STG Properties BEGIN ----------------
- Is combinational: 0
- Is one-state seq: 0
- Is datapath-only: 0
- Is pipelined: 0
- Is top level: 0
Port [ Return ] is wired: 1; IO mode=ap_ctrl_hs:ce=0
Port [ layer4_out]:  wired=1; compound=1; hidden=0; nouse=0; global=0; static=0; extern=0; dir=0; type=3; pingpong=0; private_global=0; IO mode=ap_fifo:ce=0
Port [ layer5_out]:  wired=1; compound=1; hidden=0; nouse=0; global=0; static=0; extern=0; dir=1; type=3; pingpong=0; private_global=0; IO mode=ap_fifo:ce=0
---------------- STG Properties END ------------------

---------------- Datapath Model BEGIN ----------------

<LifeTime>
<method=bitvector/>
i                       (alloca           ) [ 0100]
i_w                     (alloca           ) [ 0110]
p_0_0_0_0_03            (alloca           ) [ 0111]
mux_case_2976           (alloca           ) [ 0111]
mux_case_21019          (alloca           ) [ 0111]
mux_case_210512         (alloca           ) [ 0111]
mux_case_210915         (alloca           ) [ 0111]
mux_case_211318         (alloca           ) [ 0111]
mux_case_211721         (alloca           ) [ 0111]
p_0_0_0_0_024           (alloca           ) [ 0111]
mux_case_19627          (alloca           ) [ 0111]
mux_case_110030         (alloca           ) [ 0111]
mux_case_110433         (alloca           ) [ 0111]
mux_case_110836         (alloca           ) [ 0111]
mux_case_111239         (alloca           ) [ 0111]
mux_case_111642         (alloca           ) [ 0111]
p_0_0_0_0_045           (alloca           ) [ 0111]
mux_case_09548          (alloca           ) [ 0111]
mux_case_09951          (alloca           ) [ 0111]
mux_case_010354         (alloca           ) [ 0111]
mux_case_010757         (alloca           ) [ 0111]
mux_case_011160         (alloca           ) [ 0111]
mux_case_011563         (alloca           ) [ 0111]
p_0_0_0_0_066           (alloca           ) [ 0111]
mux_case_39869          (alloca           ) [ 0111]
mux_case_310272         (alloca           ) [ 0111]
mux_case_310675         (alloca           ) [ 0111]
mux_case_311078         (alloca           ) [ 0111]
mux_case_311481         (alloca           ) [ 0111]
mux_case_311884         (alloca           ) [ 0111]
specinterface_ln0       (specinterface    ) [ 0000]
specinterface_ln0       (specinterface    ) [ 0000]
store_ln369             (store            ) [ 0000]
store_ln373             (store            ) [ 0000]
br_ln373                (br               ) [ 0110]
i_3                     (load             ) [ 0000]
icmp_ln373              (icmp             ) [ 0111]
i_4                     (add              ) [ 0000]
br_ln373                (br               ) [ 0000]
store_ln373             (store            ) [ 0000]
on_second_row           (phi              ) [ 0111]
i_w_3                   (load             ) [ 0000]
specpipeline_ln374      (specpipeline     ) [ 0000]
speclooptripcount_ln373 (speclooptripcount) [ 0000]
specloopname_ln373      (specloopname     ) [ 0000]
trunc_ln373             (trunc            ) [ 0111]
layer4_out_read         (read             ) [ 0000]
cur                     (trunc            ) [ 0101]
cur_1                   (partselect       ) [ 0101]
cur_2                   (partselect       ) [ 0101]
cur_3                   (partselect       ) [ 0101]
trunc_ln376_4           (partselect       ) [ 0101]
trunc_ln376_5           (partselect       ) [ 0101]
trunc_ln376_6           (partselect       ) [ 0101]
br_ln378                (br               ) [ 0000]
switch_ln382            (switch           ) [ 0000]
store_ln376             (store            ) [ 0000]
store_ln376             (store            ) [ 0000]
store_ln376             (store            ) [ 0000]
store_ln376             (store            ) [ 0000]
store_ln376             (store            ) [ 0000]
store_ln376             (store            ) [ 0000]
store_ln376             (store            ) [ 0000]
br_ln382                (br               ) [ 0000]
store_ln376             (store            ) [ 0000]
store_ln376             (store            ) [ 0000]
store_ln376             (store            ) [ 0000]
store_ln376             (store            ) [ 0000]
store_ln376             (store            ) [ 0000]
store_ln376             (store            ) [ 0000]
store_ln376             (store            ) [ 0000]
br_ln382                (br               ) [ 0000]
store_ln376             (store            ) [ 0000]
store_ln376             (store            ) [ 0000]
store_ln376             (store            ) [ 0000]
store_ln376             (store            ) [ 0000]
store_ln376             (store            ) [ 0000]
store_ln376             (store            ) [ 0000]
store_ln376             (store            ) [ 0000]
br_ln382                (br               ) [ 0000]
store_ln376             (store            ) [ 0000]
store_ln376             (store            ) [ 0000]
store_ln376             (store            ) [ 0000]
store_ln376             (store            ) [ 0000]
store_ln376             (store            ) [ 0000]
store_ln376             (store            ) [ 0000]
store_ln376             (store            ) [ 0000]
br_ln382                (br               ) [ 0000]
icmp_ln395              (icmp             ) [ 0000]
on_second_row_1         (xor              ) [ 0000]
i_w_4                   (add              ) [ 0000]
on_second_row_2         (select           ) [ 0110]
i_w_5                   (select           ) [ 0000]
store_ln369             (store            ) [ 0000]
br_ln373                (br               ) [ 0110]
p_0_0_0_0_03_load       (load             ) [ 0000]
mux_case_2976_load      (load             ) [ 0000]
mux_case_21019_load     (load             ) [ 0000]
mux_case_210512_load    (load             ) [ 0000]
mux_case_210915_load    (load             ) [ 0000]
mux_case_211318_load    (load             ) [ 0000]
mux_case_211721_load    (load             ) [ 0000]
p_0_0_0_0_024_load      (load             ) [ 0000]
mux_case_19627_load     (load             ) [ 0000]
mux_case_110030_load    (load             ) [ 0000]
mux_case_110433_load    (load             ) [ 0000]
mux_case_110836_load    (load             ) [ 0000]
mux_case_111239_load    (load             ) [ 0000]
mux_case_111642_load    (load             ) [ 0000]
p_0_0_0_0_045_load      (load             ) [ 0000]
mux_case_09548_load     (load             ) [ 0000]
mux_case_09951_load     (load             ) [ 0000]
mux_case_010354_load    (load             ) [ 0000]
mux_case_010757_load    (load             ) [ 0000]
mux_case_011160_load    (load             ) [ 0000]
mux_case_011563_load    (load             ) [ 0000]
p_0_0_0_0_066_load      (load             ) [ 0000]
mux_case_39869_load     (load             ) [ 0000]
mux_case_310272_load    (load             ) [ 0000]
mux_case_310675_load    (load             ) [ 0000]
mux_case_311078_load    (load             ) [ 0000]
mux_case_311481_load    (load             ) [ 0000]
mux_case_311884_load    (load             ) [ 0000]
tmp_s                   (sparsemux        ) [ 0000]
icmp_ln390              (icmp             ) [ 0000]
select_ln390            (select           ) [ 0000]
tmp_1                   (sparsemux        ) [ 0000]
icmp_ln390_1            (icmp             ) [ 0000]
select_ln390_1          (select           ) [ 0000]
tmp_2                   (sparsemux        ) [ 0000]
icmp_ln390_2            (icmp             ) [ 0000]
select_ln390_2          (select           ) [ 0000]
tmp_3                   (sparsemux        ) [ 0000]
icmp_ln390_3            (icmp             ) [ 0000]
select_ln390_3          (select           ) [ 0000]
tmp_4                   (sparsemux        ) [ 0000]
icmp_ln390_4            (icmp             ) [ 0000]
select_ln390_4          (select           ) [ 0000]
tmp_5                   (sparsemux        ) [ 0000]
icmp_ln390_5            (icmp             ) [ 0000]
select_ln390_5          (select           ) [ 0000]
tmp_6                   (sparsemux        ) [ 0000]
icmp_ln390_6            (icmp             ) [ 0000]
select_ln390_6          (select           ) [ 0000]
or_ln392_s              (bitconcatenate   ) [ 0000]
write_ln392             (write            ) [ 0000]
br_ln0                  (br               ) [ 0000]
ret_ln402               (ret              ) [ 0000]
</LifeTime>

<model>

<comp_list>
<comp id="0" class="1000" name="layer4_out">
<pin_list>
<pin id="1" dir="1" index="0" bw="1" slack="0"/>
</pin_list>
<bind>
<StgValue><ssdm name="layer4_out"/></StgValue>
</bind>
</comp>

<comp id="2" class="1000" name="layer5_out">
<pin_list>
<pin id="3" dir="1" index="0" bw="1" slack="0"/>
</pin_list>
<bind>
<StgValue><ssdm name="layer5_out"/></StgValue>
</bind>
</comp>

<comp id="4" class="1001" name="const_4">
<pin_list>
<pin id="5" dir="1" index="0" bw="1" slack="0"/>
</pin_list>
<bind>
<StgValue><ssdm name=""/></StgValue>
</bind>
</comp>

<comp id="6" class="1001" name="const_6">
<pin_list>
<pin id="7" dir="1" index="0" bw="1" slack="2147483647"/>
</pin_list>
<bind>
<StgValue><ssdm name="_ssdm_op_SpecInterface"/></StgValue>
</bind>
</comp>

<comp id="8" class="1001" name="const_8">
<pin_list>
<pin id="9" dir="1" index="0" bw="1" slack="2147483647"/>
</pin_list>
<bind>
<StgValue><ssdm name="empty_2"/></StgValue>
</bind>
</comp>

<comp id="10" class="1001" name="const_10">
<pin_list>
<pin id="11" dir="1" index="0" bw="1" slack="0"/>
</pin_list>
<bind>
<StgValue><ssdm name=""/></StgValue>
</bind>
</comp>

<comp id="12" class="1001" name="const_12">
<pin_list>
<pin id="13" dir="1" index="0" bw="1" slack="2147483647"/>
</pin_list>
<bind>
<StgValue><ssdm name="empty_1"/></StgValue>
</bind>
</comp>

<comp id="14" class="1001" name="const_14">
<pin_list>
<pin id="15" dir="1" index="0" bw="1" slack="2147483647"/>
</pin_list>
<bind>
<StgValue><ssdm name=""/></StgValue>
</bind>
</comp>

<comp id="16" class="1001" name="const_16">
<pin_list>
<pin id="17" dir="1" index="0" bw="1" slack="0"/>
</pin_list>
<bind>
<StgValue><ssdm name=""/></StgValue>
</bind>
</comp>

<comp id="18" class="1001" name="const_18">
<pin_list>
<pin id="19" dir="1" index="0" bw="1" slack="0"/>
</pin_list>
<bind>
<StgValue><ssdm name=""/></StgValue>
</bind>
</comp>

<comp id="20" class="1001" name="const_20">
<pin_list>
<pin id="21" dir="1" index="0" bw="1" slack="0"/>
</pin_list>
<bind>
<StgValue><ssdm name=""/></StgValue>
</bind>
</comp>

<comp id="22" class="1001" name="const_22">
<pin_list>
<pin id="23" dir="1" index="0" bw="1" slack="1"/>
</pin_list>
<bind>
<StgValue><ssdm name=""/></StgValue>
</bind>
</comp>

<comp id="24" class="1001" name="const_24">
<pin_list>
<pin id="25" dir="1" index="0" bw="1" slack="2147483647"/>
</pin_list>
<bind>
<StgValue><ssdm name="_ssdm_op_SpecPipeline"/></StgValue>
</bind>
</comp>

<comp id="26" class="1001" name="const_26">
<pin_list>
<pin id="27" dir="1" index="0" bw="1" slack="2147483647"/>
</pin_list>
<bind>
<StgValue><ssdm name="_ssdm_op_SpecLoopTripCount"/></StgValue>
</bind>
</comp>

<comp id="28" class="1001" name="const_28">
<pin_list>
<pin id="29" dir="1" index="0" bw="1" slack="2147483647"/>
</pin_list>
<bind>
<StgValue><ssdm name=""/></StgValue>
</bind>
</comp>

<comp id="30" class="1001" name="const_30">
<pin_list>
<pin id="31" dir="1" index="0" bw="1" slack="2147483647"/>
</pin_list>
<bind>
<StgValue><ssdm name="_ssdm_op_SpecLoopName"/></StgValue>
</bind>
</comp>

<comp id="32" class="1001" name="const_32">
<pin_list>
<pin id="33" dir="1" index="0" bw="1" slack="2147483647"/>
</pin_list>
<bind>
<StgValue><ssdm name="empty_6"/></StgValue>
</bind>
</comp>

<comp id="34" class="1001" name="const_34">
<pin_list>
<pin id="35" dir="1" index="0" bw="1" slack="0"/>
</pin_list>
<bind>
<StgValue><ssdm name="_ssdm_op_Read.ap_fifo.volatile.i112P0A"/></StgValue>
</bind>
</comp>

<comp id="36" class="1001" name="const_36">
<pin_list>
<pin id="37" dir="1" index="0" bw="1" slack="0"/>
</pin_list>
<bind>
<StgValue><ssdm name="_ssdm_op_PartSelect.i16.i112.i32.i32"/></StgValue>
</bind>
</comp>

<comp id="38" class="1001" name="const_38">
<pin_list>
<pin id="39" dir="1" index="0" bw="1" slack="0"/>
</pin_list>
<bind>
<StgValue><ssdm name=""/></StgValue>
</bind>
</comp>

<comp id="40" class="1001" name="const_40">
<pin_list>
<pin id="41" dir="1" index="0" bw="1" slack="0"/>
</pin_list>
<bind>
<StgValue><ssdm name=""/></StgValue>
</bind>
</comp>

<comp id="42" class="1001" name="const_42">
<pin_list>
<pin id="43" dir="1" index="0" bw="1" slack="0"/>
</pin_list>
<bind>
<StgValue><ssdm name=""/></StgValue>
</bind>
</comp>

<comp id="44" class="1001" name="const_44">
<pin_list>
<pin id="45" dir="1" index="0" bw="1" slack="0"/>
</pin_list>
<bind>
<StgValue><ssdm name=""/></StgValue>
</bind>
</comp>

<comp id="46" class="1001" name="const_46">
<pin_list>
<pin id="47" dir="1" index="0" bw="1" slack="0"/>
</pin_list>
<bind>
<StgValue><ssdm name=""/></StgValue>
</bind>
</comp>

<comp id="48" class="1001" name="const_48">
<pin_list>
<pin id="49" dir="1" index="0" bw="1" slack="0"/>
</pin_list>
<bind>
<StgValue><ssdm name=""/></StgValue>
</bind>
</comp>

<comp id="50" class="1001" name="const_50">
<pin_list>
<pin id="51" dir="1" index="0" bw="1" slack="0"/>
</pin_list>
<bind>
<StgValue><ssdm name=""/></StgValue>
</bind>
</comp>

<comp id="52" class="1001" name="const_52">
<pin_list>
<pin id="53" dir="1" index="0" bw="1" slack="0"/>
</pin_list>
<bind>
<StgValue><ssdm name=""/></StgValue>
</bind>
</comp>

<comp id="54" class="1001" name="const_54">
<pin_list>
<pin id="55" dir="1" index="0" bw="1" slack="0"/>
</pin_list>
<bind>
<StgValue><ssdm name=""/></StgValue>
</bind>
</comp>

<comp id="56" class="1001" name="const_56">
<pin_list>
<pin id="57" dir="1" index="0" bw="1" slack="0"/>
</pin_list>
<bind>
<StgValue><ssdm name=""/></StgValue>
</bind>
</comp>

<comp id="58" class="1001" name="const_58">
<pin_list>
<pin id="59" dir="1" index="0" bw="1" slack="0"/>
</pin_list>
<bind>
<StgValue><ssdm name=""/></StgValue>
</bind>
</comp>

<comp id="60" class="1001" name="const_60">
<pin_list>
<pin id="61" dir="1" index="0" bw="1" slack="0"/>
</pin_list>
<bind>
<StgValue><ssdm name=""/></StgValue>
</bind>
</comp>

<comp id="62" class="1001" name="const_62">
<pin_list>
<pin id="63" dir="1" index="0" bw="1" slack="0"/>
</pin_list>
<bind>
<StgValue><ssdm name=""/></StgValue>
</bind>
</comp>

<comp id="64" class="1001" name="const_64">
<pin_list>
<pin id="65" dir="1" index="0" bw="1" slack="0"/>
</pin_list>
<bind>
<StgValue><ssdm name=""/></StgValue>
</bind>
</comp>

<comp id="66" class="1001" name="const_66">
<pin_list>
<pin id="67" dir="1" index="0" bw="1" slack="0"/>
</pin_list>
<bind>
<StgValue><ssdm name=""/></StgValue>
</bind>
</comp>

<comp id="68" class="1001" name="const_68">
<pin_list>
<pin id="69" dir="1" index="0" bw="1" slack="0"/>
</pin_list>
<bind>
<StgValue><ssdm name=""/></StgValue>
</bind>
</comp>

<comp id="70" class="1001" name="const_70">
<pin_list>
<pin id="71" dir="1" index="0" bw="1" slack="0"/>
</pin_list>
<bind>
<StgValue><ssdm name=""/></StgValue>
</bind>
</comp>

<comp id="72" class="1001" name="const_72">
<pin_list>
<pin id="73" dir="1" index="0" bw="1" slack="0"/>
</pin_list>
<bind>
<StgValue><ssdm name="_ssdm_op_SparseMux.ap_auto.4i16.i16.i2"/></StgValue>
</bind>
</comp>

<comp id="74" class="1001" name="const_74">
<pin_list>
<pin id="75" dir="1" index="0" bw="1" slack="0"/>
</pin_list>
<bind>
<StgValue><ssdm name=""/></StgValue>
</bind>
</comp>

<comp id="76" class="1001" name="const_76">
<pin_list>
<pin id="77" dir="1" index="0" bw="1" slack="0"/>
</pin_list>
<bind>
<StgValue><ssdm name=""/></StgValue>
</bind>
</comp>

<comp id="78" class="1001" name="const_78">
<pin_list>
<pin id="79" dir="1" index="0" bw="1" slack="0"/>
</pin_list>
<bind>
<StgValue><ssdm name="_ssdm_op_BitConcatenate.i112.i16.i16.i16.i16.i16.i16.i16"/></StgValue>
</bind>
</comp>

<comp id="80" class="1001" name="const_80">
<pin_list>
<pin id="81" dir="1" index="0" bw="1" slack="0"/>
</pin_list>
<bind>
<StgValue><ssdm name="_ssdm_op_Write.ap_fifo.volatile.i112P0A"/></StgValue>
</bind>
</comp>

<comp id="82" class="1004" name="i_fu_82">
<pin_list>
<pin id="83" dir="0" index="0" bw="1" slack="0"/>
<pin id="84" dir="1" index="1" bw="9" slack="0"/>
</pin_list>
<bind>
<opcode="alloca(26) " fcode="alloca"/>
<opset="i/1 "/>
</bind>
</comp>

<comp id="86" class="1004" name="i_w_fu_86">
<pin_list>
<pin id="87" dir="0" index="0" bw="1" slack="0"/>
<pin id="88" dir="1" index="1" bw="32" slack="1"/>
</pin_list>
<bind>
<opcode="alloca(26) " fcode="alloca"/>
<opset="i_w/1 "/>
</bind>
</comp>

<comp id="90" class="1004" name="p_0_0_0_0_03_fu_90">
<pin_list>
<pin id="91" dir="0" index="0" bw="1" slack="0"/>
<pin id="92" dir="1" index="1" bw="16" slack="1"/>
</pin_list>
<bind>
<opcode="alloca(26) " fcode="alloca"/>
<opset="p_0_0_0_0_03/1 "/>
</bind>
</comp>

<comp id="94" class="1004" name="mux_case_2976_fu_94">
<pin_list>
<pin id="95" dir="0" index="0" bw="1" slack="0"/>
<pin id="96" dir="1" index="1" bw="16" slack="1"/>
</pin_list>
<bind>
<opcode="alloca(26) " fcode="alloca"/>
<opset="mux_case_2976/1 "/>
</bind>
</comp>

<comp id="98" class="1004" name="mux_case_21019_fu_98">
<pin_list>
<pin id="99" dir="0" index="0" bw="1" slack="0"/>
<pin id="100" dir="1" index="1" bw="16" slack="1"/>
</pin_list>
<bind>
<opcode="alloca(26) " fcode="alloca"/>
<opset="mux_case_21019/1 "/>
</bind>
</comp>

<comp id="102" class="1004" name="mux_case_210512_fu_102">
<pin_list>
<pin id="103" dir="0" index="0" bw="1" slack="0"/>
<pin id="104" dir="1" index="1" bw="16" slack="1"/>
</pin_list>
<bind>
<opcode="alloca(26) " fcode="alloca"/>
<opset="mux_case_210512/1 "/>
</bind>
</comp>

<comp id="106" class="1004" name="mux_case_210915_fu_106">
<pin_list>
<pin id="107" dir="0" index="0" bw="1" slack="0"/>
<pin id="108" dir="1" index="1" bw="16" slack="1"/>
</pin_list>
<bind>
<opcode="alloca(26) " fcode="alloca"/>
<opset="mux_case_210915/1 "/>
</bind>
</comp>

<comp id="110" class="1004" name="mux_case_211318_fu_110">
<pin_list>
<pin id="111" dir="0" index="0" bw="1" slack="0"/>
<pin id="112" dir="1" index="1" bw="16" slack="1"/>
</pin_list>
<bind>
<opcode="alloca(26) " fcode="alloca"/>
<opset="mux_case_211318/1 "/>
</bind>
</comp>

<comp id="114" class="1004" name="mux_case_211721_fu_114">
<pin_list>
<pin id="115" dir="0" index="0" bw="1" slack="0"/>
<pin id="116" dir="1" index="1" bw="16" slack="1"/>
</pin_list>
<bind>
<opcode="alloca(26) " fcode="alloca"/>
<opset="mux_case_211721/1 "/>
</bind>
</comp>

<comp id="118" class="1004" name="p_0_0_0_0_024_fu_118">
<pin_list>
<pin id="119" dir="0" index="0" bw="1" slack="0"/>
<pin id="120" dir="1" index="1" bw="16" slack="1"/>
</pin_list>
<bind>
<opcode="alloca(26) " fcode="alloca"/>
<opset="p_0_0_0_0_024/1 "/>
</bind>
</comp>

<comp id="122" class="1004" name="mux_case_19627_fu_122">
<pin_list>
<pin id="123" dir="0" index="0" bw="1" slack="0"/>
<pin id="124" dir="1" index="1" bw="16" slack="1"/>
</pin_list>
<bind>
<opcode="alloca(26) " fcode="alloca"/>
<opset="mux_case_19627/1 "/>
</bind>
</comp>

<comp id="126" class="1004" name="mux_case_110030_fu_126">
<pin_list>
<pin id="127" dir="0" index="0" bw="1" slack="0"/>
<pin id="128" dir="1" index="1" bw="16" slack="1"/>
</pin_list>
<bind>
<opcode="alloca(26) " fcode="alloca"/>
<opset="mux_case_110030/1 "/>
</bind>
</comp>

<comp id="130" class="1004" name="mux_case_110433_fu_130">
<pin_list>
<pin id="131" dir="0" index="0" bw="1" slack="0"/>
<pin id="132" dir="1" index="1" bw="16" slack="1"/>
</pin_list>
<bind>
<opcode="alloca(26) " fcode="alloca"/>
<opset="mux_case_110433/1 "/>
</bind>
</comp>

<comp id="134" class="1004" name="mux_case_110836_fu_134">
<pin_list>
<pin id="135" dir="0" index="0" bw="1" slack="0"/>
<pin id="136" dir="1" index="1" bw="16" slack="1"/>
</pin_list>
<bind>
<opcode="alloca(26) " fcode="alloca"/>
<opset="mux_case_110836/1 "/>
</bind>
</comp>

<comp id="138" class="1004" name="mux_case_111239_fu_138">
<pin_list>
<pin id="139" dir="0" index="0" bw="1" slack="0"/>
<pin id="140" dir="1" index="1" bw="16" slack="1"/>
</pin_list>
<bind>
<opcode="alloca(26) " fcode="alloca"/>
<opset="mux_case_111239/1 "/>
</bind>
</comp>

<comp id="142" class="1004" name="mux_case_111642_fu_142">
<pin_list>
<pin id="143" dir="0" index="0" bw="1" slack="0"/>
<pin id="144" dir="1" index="1" bw="16" slack="1"/>
</pin_list>
<bind>
<opcode="alloca(26) " fcode="alloca"/>
<opset="mux_case_111642/1 "/>
</bind>
</comp>

<comp id="146" class="1004" name="p_0_0_0_0_045_fu_146">
<pin_list>
<pin id="147" dir="0" index="0" bw="1" slack="0"/>
<pin id="148" dir="1" index="1" bw="16" slack="1"/>
</pin_list>
<bind>
<opcode="alloca(26) " fcode="alloca"/>
<opset="p_0_0_0_0_045/1 "/>
</bind>
</comp>

<comp id="150" class="1004" name="mux_case_09548_fu_150">
<pin_list>
<pin id="151" dir="0" index="0" bw="1" slack="0"/>
<pin id="152" dir="1" index="1" bw="16" slack="1"/>
</pin_list>
<bind>
<opcode="alloca(26) " fcode="alloca"/>
<opset="mux_case_09548/1 "/>
</bind>
</comp>

<comp id="154" class="1004" name="mux_case_09951_fu_154">
<pin_list>
<pin id="155" dir="0" index="0" bw="1" slack="0"/>
<pin id="156" dir="1" index="1" bw="16" slack="1"/>
</pin_list>
<bind>
<opcode="alloca(26) " fcode="alloca"/>
<opset="mux_case_09951/1 "/>
</bind>
</comp>

<comp id="158" class="1004" name="mux_case_010354_fu_158">
<pin_list>
<pin id="159" dir="0" index="0" bw="1" slack="0"/>
<pin id="160" dir="1" index="1" bw="16" slack="1"/>
</pin_list>
<bind>
<opcode="alloca(26) " fcode="alloca"/>
<opset="mux_case_010354/1 "/>
</bind>
</comp>

<comp id="162" class="1004" name="mux_case_010757_fu_162">
<pin_list>
<pin id="163" dir="0" index="0" bw="1" slack="0"/>
<pin id="164" dir="1" index="1" bw="16" slack="1"/>
</pin_list>
<bind>
<opcode="alloca(26) " fcode="alloca"/>
<opset="mux_case_010757/1 "/>
</bind>
</comp>

<comp id="166" class="1004" name="mux_case_011160_fu_166">
<pin_list>
<pin id="167" dir="0" index="0" bw="1" slack="0"/>
<pin id="168" dir="1" index="1" bw="16" slack="1"/>
</pin_list>
<bind>
<opcode="alloca(26) " fcode="alloca"/>
<opset="mux_case_011160/1 "/>
</bind>
</comp>

<comp id="170" class="1004" name="mux_case_011563_fu_170">
<pin_list>
<pin id="171" dir="0" index="0" bw="1" slack="0"/>
<pin id="172" dir="1" index="1" bw="16" slack="1"/>
</pin_list>
<bind>
<opcode="alloca(26) " fcode="alloca"/>
<opset="mux_case_011563/1 "/>
</bind>
</comp>

<comp id="174" class="1004" name="p_0_0_0_0_066_fu_174">
<pin_list>
<pin id="175" dir="0" index="0" bw="1" slack="0"/>
<pin id="176" dir="1" index="1" bw="16" slack="1"/>
</pin_list>
<bind>
<opcode="alloca(26) " fcode="alloca"/>
<opset="p_0_0_0_0_066/1 "/>
</bind>
</comp>

<comp id="178" class="1004" name="mux_case_39869_fu_178">
<pin_list>
<pin id="179" dir="0" index="0" bw="1" slack="0"/>
<pin id="180" dir="1" index="1" bw="16" slack="1"/>
</pin_list>
<bind>
<opcode="alloca(26) " fcode="alloca"/>
<opset="mux_case_39869/1 "/>
</bind>
</comp>

<comp id="182" class="1004" name="mux_case_310272_fu_182">
<pin_list>
<pin id="183" dir="0" index="0" bw="1" slack="0"/>
<pin id="184" dir="1" index="1" bw="16" slack="1"/>
</pin_list>
<bind>
<opcode="alloca(26) " fcode="alloca"/>
<opset="mux_case_310272/1 "/>
</bind>
</comp>

<comp id="186" class="1004" name="mux_case_310675_fu_186">
<pin_list>
<pin id="187" dir="0" index="0" bw="1" slack="0"/>
<pin id="188" dir="1" index="1" bw="16" slack="1"/>
</pin_list>
<bind>
<opcode="alloca(26) " fcode="alloca"/>
<opset="mux_case_310675/1 "/>
</bind>
</comp>

<comp id="190" class="1004" name="mux_case_311078_fu_190">
<pin_list>
<pin id="191" dir="0" index="0" bw="1" slack="0"/>
<pin id="192" dir="1" index="1" bw="16" slack="1"/>
</pin_list>
<bind>
<opcode="alloca(26) " fcode="alloca"/>
<opset="mux_case_311078/1 "/>
</bind>
</comp>

<comp id="194" class="1004" name="mux_case_311481_fu_194">
<pin_list>
<pin id="195" dir="0" index="0" bw="1" slack="0"/>
<pin id="196" dir="1" index="1" bw="16" slack="1"/>
</pin_list>
<bind>
<opcode="alloca(26) " fcode="alloca"/>
<opset="mux_case_311481/1 "/>
</bind>
</comp>

<comp id="198" class="1004" name="mux_case_311884_fu_198">
<pin_list>
<pin id="199" dir="0" index="0" bw="1" slack="0"/>
<pin id="200" dir="1" index="1" bw="16" slack="1"/>
</pin_list>
<bind>
<opcode="alloca(26) " fcode="alloca"/>
<opset="mux_case_311884/1 "/>
</bind>
</comp>

<comp id="202" class="1004" name="layer4_out_read_read_fu_202">
<pin_list>
<pin id="203" dir="0" index="0" bw="112" slack="0"/>
<pin id="204" dir="0" index="1" bw="112" slack="0"/>
<pin id="205" dir="1" index="2" bw="112" slack="0"/>
</pin_list>
<bind>
<opcode="read(1150) " fcode="read"/>
<opset="layer4_out_read/2 "/>
</bind>
</comp>

<comp id="208" class="1004" name="write_ln392_write_fu_208">
<pin_list>
<pin id="209" dir="0" index="0" bw="0" slack="0"/>
<pin id="210" dir="0" index="1" bw="112" slack="0"/>
<pin id="211" dir="0" index="2" bw="112" slack="0"/>
<pin id="212" dir="1" index="3" bw="0" slack="2147483647"/>
</pin_list>
<bind>
<opcode="write(1151) " fcode="write"/>
<opset="write_ln392/3 "/>
</bind>
</comp>

<comp id="215" class="1005" name="on_second_row_reg_215">
<pin_list>
<pin id="216" dir="0" index="0" bw="1" slack="1"/>
<pin id="217" dir="1" index="1" bw="1" slack="1"/>
</pin_list>
<bind>
<opset="on_second_row (phireg) "/>
</bind>
</comp>

<comp id="219" class="1004" name="on_second_row_phi_fu_219">
<pin_list>
<pin id="220" dir="0" index="0" bw="1" slack="1"/>
<pin id="221" dir="0" index="1" bw="0" slack="2147483647"/>
<pin id="222" dir="0" index="2" bw="1" slack="0"/>
<pin id="223" dir="0" index="3" bw="0" slack="2147483647"/>
<pin id="224" dir="1" index="4" bw="1" slack="0"/>
</pin_list>
<bind>
<opcode="phi(47) " fcode="phi"/>
<opset="on_second_row/2 "/>
</bind>
</comp>

<comp id="227" class="1004" name="store_ln369_store_fu_227">
<pin_list>
<pin id="228" dir="0" index="0" bw="1" slack="0"/>
<pin id="229" dir="0" index="1" bw="32" slack="1"/>
<pin id="230" dir="1" index="2" bw="0" slack="2147483647"/>
</pin_list>
<bind>
<opcode="store(28) " fcode="store"/>
<opset="store_ln369/2 "/>
</bind>
</comp>

<comp id="232" class="1004" name="store_ln373_store_fu_232">
<pin_list>
<pin id="233" dir="0" index="0" bw="1" slack="0"/>
<pin id="234" dir="0" index="1" bw="9" slack="0"/>
<pin id="235" dir="1" index="2" bw="0" slack="2147483647"/>
</pin_list>
<bind>
<opcode="store(28) " fcode="store"/>
<opset="store_ln373/1 "/>
</bind>
</comp>

<comp id="237" class="1004" name="i_3_load_fu_237">
<pin_list>
<pin id="238" dir="0" index="0" bw="9" slack="0"/>
<pin id="239" dir="1" index="1" bw="9" slack="0"/>
</pin_list>
<bind>
<opcode="load(27) " fcode="load"/>
<opset="i_3/1 "/>
</bind>
</comp>

<comp id="240" class="1004" name="icmp_ln373_fu_240">
<pin_list>
<pin id="241" dir="0" index="0" bw="9" slack="0"/>
<pin id="242" dir="0" index="1" bw="9" slack="0"/>
<pin id="243" dir="1" index="2" bw="1" slack="1"/>
</pin_list>
<bind>
<opcode="icmp(45) " fcode="icmp"/>
<opset="icmp_ln373/1 "/>
</bind>
</comp>

<comp id="246" class="1004" name="i_4_fu_246">
<pin_list>
<pin id="247" dir="0" index="0" bw="9" slack="0"/>
<pin id="248" dir="0" index="1" bw="1" slack="0"/>
<pin id="249" dir="1" index="2" bw="9" slack="0"/>
</pin_list>
<bind>
<opcode="add(8) " fcode="add"/>
<opset="i_4/1 "/>
</bind>
</comp>

<comp id="252" class="1004" name="store_ln373_store_fu_252">
<pin_list>
<pin id="253" dir="0" index="0" bw="9" slack="0"/>
<pin id="254" dir="0" index="1" bw="9" slack="0"/>
<pin id="255" dir="1" index="2" bw="0" slack="2147483647"/>
</pin_list>
<bind>
<opcode="store(28) " fcode="store"/>
<opset="store_ln373/1 "/>
</bind>
</comp>

<comp id="257" class="1004" name="i_w_3_load_fu_257">
<pin_list>
<pin id="258" dir="0" index="0" bw="32" slack="1"/>
<pin id="259" dir="1" index="1" bw="32" slack="0"/>
</pin_list>
<bind>
<opcode="load(27) " fcode="load"/>
<opset="i_w_3/2 "/>
</bind>
</comp>

<comp id="260" class="1004" name="trunc_ln373_fu_260">
<pin_list>
<pin id="261" dir="0" index="0" bw="32" slack="0"/>
<pin id="262" dir="1" index="1" bw="2" slack="1"/>
</pin_list>
<bind>
<opcode="trunc(33) " fcode="trunc"/>
<opset="trunc_ln373/2 "/>
</bind>
</comp>

<comp id="264" class="1004" name="cur_fu_264">
<pin_list>
<pin id="265" dir="0" index="0" bw="112" slack="0"/>
<pin id="266" dir="1" index="1" bw="16" slack="0"/>
</pin_list>
<bind>
<opcode="trunc(33) " fcode="trunc"/>
<opset="cur/2 "/>
</bind>
</comp>

<comp id="268" class="1004" name="cur_1_fu_268">
<pin_list>
<pin id="269" dir="0" index="0" bw="16" slack="0"/>
<pin id="270" dir="0" index="1" bw="112" slack="0"/>
<pin id="271" dir="0" index="2" bw="6" slack="0"/>
<pin id="272" dir="0" index="3" bw="6" slack="0"/>
<pin id="273" dir="1" index="4" bw="16" slack="0"/>
</pin_list>
<bind>
<opcode="partselect(1002) " fcode="partselect"/>
<opset="cur_1/2 "/>
</bind>
</comp>

<comp id="278" class="1004" name="cur_2_fu_278">
<pin_list>
<pin id="279" dir="0" index="0" bw="16" slack="0"/>
<pin id="280" dir="0" index="1" bw="112" slack="0"/>
<pin id="281" dir="0" index="2" bw="7" slack="0"/>
<pin id="282" dir="0" index="3" bw="7" slack="0"/>
<pin id="283" dir="1" index="4" bw="16" slack="0"/>
</pin_list>
<bind>
<opcode="partselect(1002) " fcode="partselect"/>
<opset="cur_2/2 "/>
</bind>
</comp>

<comp id="288" class="1004" name="cur_3_fu_288">
<pin_list>
<pin id="289" dir="0" index="0" bw="16" slack="0"/>
<pin id="290" dir="0" index="1" bw="112" slack="0"/>
<pin id="291" dir="0" index="2" bw="7" slack="0"/>
<pin id="292" dir="0" index="3" bw="7" slack="0"/>
<pin id="293" dir="1" index="4" bw="16" slack="0"/>
</pin_list>
<bind>
<opcode="partselect(1002) " fcode="partselect"/>
<opset="cur_3/2 "/>
</bind>
</comp>

<comp id="298" class="1004" name="trunc_ln376_4_fu_298">
<pin_list>
<pin id="299" dir="0" index="0" bw="16" slack="0"/>
<pin id="300" dir="0" index="1" bw="112" slack="0"/>
<pin id="301" dir="0" index="2" bw="8" slack="0"/>
<pin id="302" dir="0" index="3" bw="8" slack="0"/>
<pin id="303" dir="1" index="4" bw="16" slack="0"/>
</pin_list>
<bind>
<opcode="partselect(1002) " fcode="partselect"/>
<opset="trunc_ln376_4/2 "/>
</bind>
</comp>

<comp id="308" class="1004" name="trunc_ln376_5_fu_308">
<pin_list>
<pin id="309" dir="0" index="0" bw="16" slack="0"/>
<pin id="310" dir="0" index="1" bw="112" slack="0"/>
<pin id="311" dir="0" index="2" bw="8" slack="0"/>
<pin id="312" dir="0" index="3" bw="8" slack="0"/>
<pin id="313" dir="1" index="4" bw="16" slack="0"/>
</pin_list>
<bind>
<opcode="partselect(1002) " fcode="partselect"/>
<opset="trunc_ln376_5/2 "/>
</bind>
</comp>

<comp id="318" class="1004" name="trunc_ln376_6_fu_318">
<pin_list>
<pin id="319" dir="0" index="0" bw="16" slack="0"/>
<pin id="320" dir="0" index="1" bw="112" slack="0"/>
<pin id="321" dir="0" index="2" bw="8" slack="0"/>
<pin id="322" dir="0" index="3" bw="8" slack="0"/>
<pin id="323" dir="1" index="4" bw="16" slack="0"/>
</pin_list>
<bind>
<opcode="partselect(1002) " fcode="partselect"/>
<opset="trunc_ln376_6/2 "/>
</bind>
</comp>

<comp id="328" class="1004" name="store_ln376_store_fu_328">
<pin_list>
<pin id="329" dir="0" index="0" bw="16" slack="0"/>
<pin id="330" dir="0" index="1" bw="16" slack="1"/>
<pin id="331" dir="1" index="2" bw="0" slack="2147483647"/>
</pin_list>
<bind>
<opcode="store(28) " fcode="store"/>
<opset="store_ln376/2 "/>
</bind>
</comp>

<comp id="333" class="1004" name="store_ln376_store_fu_333">
<pin_list>
<pin id="334" dir="0" index="0" bw="16" slack="0"/>
<pin id="335" dir="0" index="1" bw="16" slack="1"/>
<pin id="336" dir="1" index="2" bw="0" slack="2147483647"/>
</pin_list>
<bind>
<opcode="store(28) " fcode="store"/>
<opset="store_ln376/2 "/>
</bind>
</comp>

<comp id="338" class="1004" name="store_ln376_store_fu_338">
<pin_list>
<pin id="339" dir="0" index="0" bw="16" slack="0"/>
<pin id="340" dir="0" index="1" bw="16" slack="1"/>
<pin id="341" dir="1" index="2" bw="0" slack="2147483647"/>
</pin_list>
<bind>
<opcode="store(28) " fcode="store"/>
<opset="store_ln376/2 "/>
</bind>
</comp>

<comp id="343" class="1004" name="store_ln376_store_fu_343">
<pin_list>
<pin id="344" dir="0" index="0" bw="16" slack="0"/>
<pin id="345" dir="0" index="1" bw="16" slack="1"/>
<pin id="346" dir="1" index="2" bw="0" slack="2147483647"/>
</pin_list>
<bind>
<opcode="store(28) " fcode="store"/>
<opset="store_ln376/2 "/>
</bind>
</comp>

<comp id="348" class="1004" name="store_ln376_store_fu_348">
<pin_list>
<pin id="349" dir="0" index="0" bw="16" slack="0"/>
<pin id="350" dir="0" index="1" bw="16" slack="1"/>
<pin id="351" dir="1" index="2" bw="0" slack="2147483647"/>
</pin_list>
<bind>
<opcode="store(28) " fcode="store"/>
<opset="store_ln376/2 "/>
</bind>
</comp>

<comp id="353" class="1004" name="store_ln376_store_fu_353">
<pin_list>
<pin id="354" dir="0" index="0" bw="16" slack="0"/>
<pin id="355" dir="0" index="1" bw="16" slack="1"/>
<pin id="356" dir="1" index="2" bw="0" slack="2147483647"/>
</pin_list>
<bind>
<opcode="store(28) " fcode="store"/>
<opset="store_ln376/2 "/>
</bind>
</comp>

<comp id="358" class="1004" name="store_ln376_store_fu_358">
<pin_list>
<pin id="359" dir="0" index="0" bw="16" slack="0"/>
<pin id="360" dir="0" index="1" bw="16" slack="1"/>
<pin id="361" dir="1" index="2" bw="0" slack="2147483647"/>
</pin_list>
<bind>
<opcode="store(28) " fcode="store"/>
<opset="store_ln376/2 "/>
</bind>
</comp>

<comp id="363" class="1004" name="store_ln376_store_fu_363">
<pin_list>
<pin id="364" dir="0" index="0" bw="16" slack="0"/>
<pin id="365" dir="0" index="1" bw="16" slack="1"/>
<pin id="366" dir="1" index="2" bw="0" slack="2147483647"/>
</pin_list>
<bind>
<opcode="store(28) " fcode="store"/>
<opset="store_ln376/2 "/>
</bind>
</comp>

<comp id="368" class="1004" name="store_ln376_store_fu_368">
<pin_list>
<pin id="369" dir="0" index="0" bw="16" slack="0"/>
<pin id="370" dir="0" index="1" bw="16" slack="1"/>
<pin id="371" dir="1" index="2" bw="0" slack="2147483647"/>
</pin_list>
<bind>
<opcode="store(28) " fcode="store"/>
<opset="store_ln376/2 "/>
</bind>
</comp>

<comp id="373" class="1004" name="store_ln376_store_fu_373">
<pin_list>
<pin id="374" dir="0" index="0" bw="16" slack="0"/>
<pin id="375" dir="0" index="1" bw="16" slack="1"/>
<pin id="376" dir="1" index="2" bw="0" slack="2147483647"/>
</pin_list>
<bind>
<opcode="store(28) " fcode="store"/>
<opset="store_ln376/2 "/>
</bind>
</comp>

<comp id="378" class="1004" name="store_ln376_store_fu_378">
<pin_list>
<pin id="379" dir="0" index="0" bw="16" slack="0"/>
<pin id="380" dir="0" index="1" bw="16" slack="1"/>
<pin id="381" dir="1" index="2" bw="0" slack="2147483647"/>
</pin_list>
<bind>
<opcode="store(28) " fcode="store"/>
<opset="store_ln376/2 "/>
</bind>
</comp>

<comp id="383" class="1004" name="store_ln376_store_fu_383">
<pin_list>
<pin id="384" dir="0" index="0" bw="16" slack="0"/>
<pin id="385" dir="0" index="1" bw="16" slack="1"/>
<pin id="386" dir="1" index="2" bw="0" slack="2147483647"/>
</pin_list>
<bind>
<opcode="store(28) " fcode="store"/>
<opset="store_ln376/2 "/>
</bind>
</comp>

<comp id="388" class="1004" name="store_ln376_store_fu_388">
<pin_list>
<pin id="389" dir="0" index="0" bw="16" slack="0"/>
<pin id="390" dir="0" index="1" bw="16" slack="1"/>
<pin id="391" dir="1" index="2" bw="0" slack="2147483647"/>
</pin_list>
<bind>
<opcode="store(28) " fcode="store"/>
<opset="store_ln376/2 "/>
</bind>
</comp>

<comp id="393" class="1004" name="store_ln376_store_fu_393">
<pin_list>
<pin id="394" dir="0" index="0" bw="16" slack="0"/>
<pin id="395" dir="0" index="1" bw="16" slack="1"/>
<pin id="396" dir="1" index="2" bw="0" slack="2147483647"/>
</pin_list>
<bind>
<opcode="store(28) " fcode="store"/>
<opset="store_ln376/2 "/>
</bind>
</comp>

<comp id="398" class="1004" name="store_ln376_store_fu_398">
<pin_list>
<pin id="399" dir="0" index="0" bw="16" slack="0"/>
<pin id="400" dir="0" index="1" bw="16" slack="1"/>
<pin id="401" dir="1" index="2" bw="0" slack="2147483647"/>
</pin_list>
<bind>
<opcode="store(28) " fcode="store"/>
<opset="store_ln376/2 "/>
</bind>
</comp>

<comp id="403" class="1004" name="store_ln376_store_fu_403">
<pin_list>
<pin id="404" dir="0" index="0" bw="16" slack="0"/>
<pin id="405" dir="0" index="1" bw="16" slack="1"/>
<pin id="406" dir="1" index="2" bw="0" slack="2147483647"/>
</pin_list>
<bind>
<opcode="store(28) " fcode="store"/>
<opset="store_ln376/2 "/>
</bind>
</comp>

<comp id="408" class="1004" name="store_ln376_store_fu_408">
<pin_list>
<pin id="409" dir="0" index="0" bw="16" slack="0"/>
<pin id="410" dir="0" index="1" bw="16" slack="1"/>
<pin id="411" dir="1" index="2" bw="0" slack="2147483647"/>
</pin_list>
<bind>
<opcode="store(28) " fcode="store"/>
<opset="store_ln376/2 "/>
</bind>
</comp>

<comp id="413" class="1004" name="store_ln376_store_fu_413">
<pin_list>
<pin id="414" dir="0" index="0" bw="16" slack="0"/>
<pin id="415" dir="0" index="1" bw="16" slack="1"/>
<pin id="416" dir="1" index="2" bw="0" slack="2147483647"/>
</pin_list>
<bind>
<opcode="store(28) " fcode="store"/>
<opset="store_ln376/2 "/>
</bind>
</comp>

<comp id="418" class="1004" name="store_ln376_store_fu_418">
<pin_list>
<pin id="419" dir="0" index="0" bw="16" slack="0"/>
<pin id="420" dir="0" index="1" bw="16" slack="1"/>
<pin id="421" dir="1" index="2" bw="0" slack="2147483647"/>
</pin_list>
<bind>
<opcode="store(28) " fcode="store"/>
<opset="store_ln376/2 "/>
</bind>
</comp>

<comp id="423" class="1004" name="store_ln376_store_fu_423">
<pin_list>
<pin id="424" dir="0" index="0" bw="16" slack="0"/>
<pin id="425" dir="0" index="1" bw="16" slack="1"/>
<pin id="426" dir="1" index="2" bw="0" slack="2147483647"/>
</pin_list>
<bind>
<opcode="store(28) " fcode="store"/>
<opset="store_ln376/2 "/>
</bind>
</comp>

<comp id="428" class="1004" name="store_ln376_store_fu_428">
<pin_list>
<pin id="429" dir="0" index="0" bw="16" slack="0"/>
<pin id="430" dir="0" index="1" bw="16" slack="1"/>
<pin id="431" dir="1" index="2" bw="0" slack="2147483647"/>
</pin_list>
<bind>
<opcode="store(28) " fcode="store"/>
<opset="store_ln376/2 "/>
</bind>
</comp>

<comp id="433" class="1004" name="store_ln376_store_fu_433">
<pin_list>
<pin id="434" dir="0" index="0" bw="16" slack="0"/>
<pin id="435" dir="0" index="1" bw="16" slack="1"/>
<pin id="436" dir="1" index="2" bw="0" slack="2147483647"/>
</pin_list>
<bind>
<opcode="store(28) " fcode="store"/>
<opset="store_ln376/2 "/>
</bind>
</comp>

<comp id="438" class="1004" name="store_ln376_store_fu_438">
<pin_list>
<pin id="439" dir="0" index="0" bw="16" slack="0"/>
<pin id="440" dir="0" index="1" bw="16" slack="1"/>
<pin id="441" dir="1" index="2" bw="0" slack="2147483647"/>
</pin_list>
<bind>
<opcode="store(28) " fcode="store"/>
<opset="store_ln376/2 "/>
</bind>
</comp>

<comp id="443" class="1004" name="store_ln376_store_fu_443">
<pin_list>
<pin id="444" dir="0" index="0" bw="16" slack="0"/>
<pin id="445" dir="0" index="1" bw="16" slack="1"/>
<pin id="446" dir="1" index="2" bw="0" slack="2147483647"/>
</pin_list>
<bind>
<opcode="store(28) " fcode="store"/>
<opset="store_ln376/2 "/>
</bind>
</comp>

<comp id="448" class="1004" name="store_ln376_store_fu_448">
<pin_list>
<pin id="449" dir="0" index="0" bw="16" slack="0"/>
<pin id="450" dir="0" index="1" bw="16" slack="1"/>
<pin id="451" dir="1" index="2" bw="0" slack="2147483647"/>
</pin_list>
<bind>
<opcode="store(28) " fcode="store"/>
<opset="store_ln376/2 "/>
</bind>
</comp>

<comp id="453" class="1004" name="store_ln376_store_fu_453">
<pin_list>
<pin id="454" dir="0" index="0" bw="16" slack="0"/>
<pin id="455" dir="0" index="1" bw="16" slack="1"/>
<pin id="456" dir="1" index="2" bw="0" slack="2147483647"/>
</pin_list>
<bind>
<opcode="store(28) " fcode="store"/>
<opset="store_ln376/2 "/>
</bind>
</comp>

<comp id="458" class="1004" name="store_ln376_store_fu_458">
<pin_list>
<pin id="459" dir="0" index="0" bw="16" slack="0"/>
<pin id="460" dir="0" index="1" bw="16" slack="1"/>
<pin id="461" dir="1" index="2" bw="0" slack="2147483647"/>
</pin_list>
<bind>
<opcode="store(28) " fcode="store"/>
<opset="store_ln376/2 "/>
</bind>
</comp>

<comp id="463" class="1004" name="store_ln376_store_fu_463">
<pin_list>
<pin id="464" dir="0" index="0" bw="16" slack="0"/>
<pin id="465" dir="0" index="1" bw="16" slack="1"/>
<pin id="466" dir="1" index="2" bw="0" slack="2147483647"/>
</pin_list>
<bind>
<opcode="store(28) " fcode="store"/>
<opset="store_ln376/2 "/>
</bind>
</comp>

<comp id="468" class="1004" name="icmp_ln395_fu_468">
<pin_list>
<pin id="469" dir="0" index="0" bw="32" slack="0"/>
<pin id="470" dir="0" index="1" bw="3" slack="0"/>
<pin id="471" dir="1" index="2" bw="1" slack="0"/>
</pin_list>
<bind>
<opcode="icmp(45) " fcode="icmp"/>
<opset="icmp_ln395/2 "/>
</bind>
</comp>

<comp id="474" class="1004" name="on_second_row_1_fu_474">
<pin_list>
<pin id="475" dir="0" index="0" bw="1" slack="0"/>
<pin id="476" dir="0" index="1" bw="1" slack="0"/>
<pin id="477" dir="1" index="2" bw="1" slack="0"/>
</pin_list>
<bind>
<opcode="xor(25) " fcode="xor"/>
<opset="on_second_row_1/2 "/>
</bind>
</comp>

<comp id="480" class="1004" name="i_w_4_fu_480">
<pin_list>
<pin id="481" dir="0" index="0" bw="32" slack="0"/>
<pin id="482" dir="0" index="1" bw="1" slack="0"/>
<pin id="483" dir="1" index="2" bw="32" slack="0"/>
</pin_list>
<bind>
<opcode="add(8) " fcode="add"/>
<opset="i_w_4/2 "/>
</bind>
</comp>

<comp id="486" class="1004" name="on_second_row_2_fu_486">
<pin_list>
<pin id="487" dir="0" index="0" bw="1" slack="0"/>
<pin id="488" dir="0" index="1" bw="1" slack="0"/>
<pin id="489" dir="0" index="2" bw="1" slack="0"/>
<pin id="490" dir="1" index="3" bw="1" slack="0"/>
</pin_list>
<bind>
<opcode="select(49) " fcode="select"/>
<opset="on_second_row_2/2 "/>
</bind>
</comp>

<comp id="494" class="1004" name="i_w_5_fu_494">
<pin_list>
<pin id="495" dir="0" index="0" bw="1" slack="0"/>
<pin id="496" dir="0" index="1" bw="1" slack="0"/>
<pin id="497" dir="0" index="2" bw="32" slack="0"/>
<pin id="498" dir="1" index="3" bw="32" slack="0"/>
</pin_list>
<bind>
<opcode="select(49) " fcode="select"/>
<opset="i_w_5/2 "/>
</bind>
</comp>

<comp id="502" class="1004" name="store_ln369_store_fu_502">
<pin_list>
<pin id="503" dir="0" index="0" bw="32" slack="0"/>
<pin id="504" dir="0" index="1" bw="32" slack="1"/>
<pin id="505" dir="1" index="2" bw="0" slack="2147483647"/>
</pin_list>
<bind>
<opcode="store(28) " fcode="store"/>
<opset="store_ln369/2 "/>
</bind>
</comp>

<comp id="507" class="1004" name="p_0_0_0_0_03_load_load_fu_507">
<pin_list>
<pin id="508" dir="0" index="0" bw="16" slack="2"/>
<pin id="509" dir="1" index="1" bw="16" slack="0"/>
</pin_list>
<bind>
<opcode="load(27) " fcode="load"/>
<opset="p_0_0_0_0_03_load/3 "/>
</bind>
</comp>

<comp id="510" class="1004" name="mux_case_2976_load_load_fu_510">
<pin_list>
<pin id="511" dir="0" index="0" bw="16" slack="2"/>
<pin id="512" dir="1" index="1" bw="16" slack="0"/>
</pin_list>
<bind>
<opcode="load(27) " fcode="load"/>
<opset="mux_case_2976_load/3 "/>
</bind>
</comp>

<comp id="513" class="1004" name="mux_case_21019_load_load_fu_513">
<pin_list>
<pin id="514" dir="0" index="0" bw="16" slack="2"/>
<pin id="515" dir="1" index="1" bw="16" slack="0"/>
</pin_list>
<bind>
<opcode="load(27) " fcode="load"/>
<opset="mux_case_21019_load/3 "/>
</bind>
</comp>

<comp id="516" class="1004" name="mux_case_210512_load_load_fu_516">
<pin_list>
<pin id="517" dir="0" index="0" bw="16" slack="2"/>
<pin id="518" dir="1" index="1" bw="16" slack="0"/>
</pin_list>
<bind>
<opcode="load(27) " fcode="load"/>
<opset="mux_case_210512_load/3 "/>
</bind>
</comp>

<comp id="519" class="1004" name="mux_case_210915_load_load_fu_519">
<pin_list>
<pin id="520" dir="0" index="0" bw="16" slack="2"/>
<pin id="521" dir="1" index="1" bw="16" slack="0"/>
</pin_list>
<bind>
<opcode="load(27) " fcode="load"/>
<opset="mux_case_210915_load/3 "/>
</bind>
</comp>

<comp id="522" class="1004" name="mux_case_211318_load_load_fu_522">
<pin_list>
<pin id="523" dir="0" index="0" bw="16" slack="2"/>
<pin id="524" dir="1" index="1" bw="16" slack="0"/>
</pin_list>
<bind>
<opcode="load(27) " fcode="load"/>
<opset="mux_case_211318_load/3 "/>
</bind>
</comp>

<comp id="525" class="1004" name="mux_case_211721_load_load_fu_525">
<pin_list>
<pin id="526" dir="0" index="0" bw="16" slack="2"/>
<pin id="527" dir="1" index="1" bw="16" slack="0"/>
</pin_list>
<bind>
<opcode="load(27) " fcode="load"/>
<opset="mux_case_211721_load/3 "/>
</bind>
</comp>

<comp id="528" class="1004" name="p_0_0_0_0_024_load_load_fu_528">
<pin_list>
<pin id="529" dir="0" index="0" bw="16" slack="2"/>
<pin id="530" dir="1" index="1" bw="16" slack="0"/>
</pin_list>
<bind>
<opcode="load(27) " fcode="load"/>
<opset="p_0_0_0_0_024_load/3 "/>
</bind>
</comp>

<comp id="531" class="1004" name="mux_case_19627_load_load_fu_531">
<pin_list>
<pin id="532" dir="0" index="0" bw="16" slack="2"/>
<pin id="533" dir="1" index="1" bw="16" slack="0"/>
</pin_list>
<bind>
<opcode="load(27) " fcode="load"/>
<opset="mux_case_19627_load/3 "/>
</bind>
</comp>

<comp id="534" class="1004" name="mux_case_110030_load_load_fu_534">
<pin_list>
<pin id="535" dir="0" index="0" bw="16" slack="2"/>
<pin id="536" dir="1" index="1" bw="16" slack="0"/>
</pin_list>
<bind>
<opcode="load(27) " fcode="load"/>
<opset="mux_case_110030_load/3 "/>
</bind>
</comp>

<comp id="537" class="1004" name="mux_case_110433_load_load_fu_537">
<pin_list>
<pin id="538" dir="0" index="0" bw="16" slack="2"/>
<pin id="539" dir="1" index="1" bw="16" slack="0"/>
</pin_list>
<bind>
<opcode="load(27) " fcode="load"/>
<opset="mux_case_110433_load/3 "/>
</bind>
</comp>

<comp id="540" class="1004" name="mux_case_110836_load_load_fu_540">
<pin_list>
<pin id="541" dir="0" index="0" bw="16" slack="2"/>
<pin id="542" dir="1" index="1" bw="16" slack="0"/>
</pin_list>
<bind>
<opcode="load(27) " fcode="load"/>
<opset="mux_case_110836_load/3 "/>
</bind>
</comp>

<comp id="543" class="1004" name="mux_case_111239_load_load_fu_543">
<pin_list>
<pin id="544" dir="0" index="0" bw="16" slack="2"/>
<pin id="545" dir="1" index="1" bw="16" slack="0"/>
</pin_list>
<bind>
<opcode="load(27) " fcode="load"/>
<opset="mux_case_111239_load/3 "/>
</bind>
</comp>

<comp id="546" class="1004" name="mux_case_111642_load_load_fu_546">
<pin_list>
<pin id="547" dir="0" index="0" bw="16" slack="2"/>
<pin id="548" dir="1" index="1" bw="16" slack="0"/>
</pin_list>
<bind>
<opcode="load(27) " fcode="load"/>
<opset="mux_case_111642_load/3 "/>
</bind>
</comp>

<comp id="549" class="1004" name="p_0_0_0_0_045_load_load_fu_549">
<pin_list>
<pin id="550" dir="0" index="0" bw="16" slack="2"/>
<pin id="551" dir="1" index="1" bw="16" slack="0"/>
</pin_list>
<bind>
<opcode="load(27) " fcode="load"/>
<opset="p_0_0_0_0_045_load/3 "/>
</bind>
</comp>

<comp id="552" class="1004" name="mux_case_09548_load_load_fu_552">
<pin_list>
<pin id="553" dir="0" index="0" bw="16" slack="2"/>
<pin id="554" dir="1" index="1" bw="16" slack="0"/>
</pin_list>
<bind>
<opcode="load(27) " fcode="load"/>
<opset="mux_case_09548_load/3 "/>
</bind>
</comp>

<comp id="555" class="1004" name="mux_case_09951_load_load_fu_555">
<pin_list>
<pin id="556" dir="0" index="0" bw="16" slack="2"/>
<pin id="557" dir="1" index="1" bw="16" slack="0"/>
</pin_list>
<bind>
<opcode="load(27) " fcode="load"/>
<opset="mux_case_09951_load/3 "/>
</bind>
</comp>

<comp id="558" class="1004" name="mux_case_010354_load_load_fu_558">
<pin_list>
<pin id="559" dir="0" index="0" bw="16" slack="2"/>
<pin id="560" dir="1" index="1" bw="16" slack="0"/>
</pin_list>
<bind>
<opcode="load(27) " fcode="load"/>
<opset="mux_case_010354_load/3 "/>
</bind>
</comp>

<comp id="561" class="1004" name="mux_case_010757_load_load_fu_561">
<pin_list>
<pin id="562" dir="0" index="0" bw="16" slack="2"/>
<pin id="563" dir="1" index="1" bw="16" slack="0"/>
</pin_list>
<bind>
<opcode="load(27) " fcode="load"/>
<opset="mux_case_010757_load/3 "/>
</bind>
</comp>

<comp id="564" class="1004" name="mux_case_011160_load_load_fu_564">
<pin_list>
<pin id="565" dir="0" index="0" bw="16" slack="2"/>
<pin id="566" dir="1" index="1" bw="16" slack="0"/>
</pin_list>
<bind>
<opcode="load(27) " fcode="load"/>
<opset="mux_case_011160_load/3 "/>
</bind>
</comp>

<comp id="567" class="1004" name="mux_case_011563_load_load_fu_567">
<pin_list>
<pin id="568" dir="0" index="0" bw="16" slack="2"/>
<pin id="569" dir="1" index="1" bw="16" slack="0"/>
</pin_list>
<bind>
<opcode="load(27) " fcode="load"/>
<opset="mux_case_011563_load/3 "/>
</bind>
</comp>

<comp id="570" class="1004" name="p_0_0_0_0_066_load_load_fu_570">
<pin_list>
<pin id="571" dir="0" index="0" bw="16" slack="2"/>
<pin id="572" dir="1" index="1" bw="16" slack="0"/>
</pin_list>
<bind>
<opcode="load(27) " fcode="load"/>
<opset="p_0_0_0_0_066_load/3 "/>
</bind>
</comp>

<comp id="573" class="1004" name="mux_case_39869_load_load_fu_573">
<pin_list>
<pin id="574" dir="0" index="0" bw="16" slack="2"/>
<pin id="575" dir="1" index="1" bw="16" slack="0"/>
</pin_list>
<bind>
<opcode="load(27) " fcode="load"/>
<opset="mux_case_39869_load/3 "/>
</bind>
</comp>

<comp id="576" class="1004" name="mux_case_310272_load_load_fu_576">
<pin_list>
<pin id="577" dir="0" index="0" bw="16" slack="2"/>
<pin id="578" dir="1" index="1" bw="16" slack="0"/>
</pin_list>
<bind>
<opcode="load(27) " fcode="load"/>
<opset="mux_case_310272_load/3 "/>
</bind>
</comp>

<comp id="579" class="1004" name="mux_case_310675_load_load_fu_579">
<pin_list>
<pin id="580" dir="0" index="0" bw="16" slack="2"/>
<pin id="581" dir="1" index="1" bw="16" slack="0"/>
</pin_list>
<bind>
<opcode="load(27) " fcode="load"/>
<opset="mux_case_310675_load/3 "/>
</bind>
</comp>

<comp id="582" class="1004" name="mux_case_311078_load_load_fu_582">
<pin_list>
<pin id="583" dir="0" index="0" bw="16" slack="2"/>
<pin id="584" dir="1" index="1" bw="16" slack="0"/>
</pin_list>
<bind>
<opcode="load(27) " fcode="load"/>
<opset="mux_case_311078_load/3 "/>
</bind>
</comp>

<comp id="585" class="1004" name="mux_case_311481_load_load_fu_585">
<pin_list>
<pin id="586" dir="0" index="0" bw="16" slack="2"/>
<pin id="587" dir="1" index="1" bw="16" slack="0"/>
</pin_list>
<bind>
<opcode="load(27) " fcode="load"/>
<opset="mux_case_311481_load/3 "/>
</bind>
</comp>

<comp id="588" class="1004" name="mux_case_311884_load_load_fu_588">
<pin_list>
<pin id="589" dir="0" index="0" bw="16" slack="2"/>
<pin id="590" dir="1" index="1" bw="16" slack="0"/>
</pin_list>
<bind>
<opcode="load(27) " fcode="load"/>
<opset="mux_case_311884_load/3 "/>
</bind>
</comp>

<comp id="591" class="1004" name="tmp_s_fu_591">
<pin_list>
<pin id="592" dir="0" index="0" bw="16" slack="0"/>
<pin id="593" dir="0" index="1" bw="1" slack="0"/>
<pin id="594" dir="0" index="2" bw="16" slack="0"/>
<pin id="595" dir="0" index="3" bw="1" slack="0"/>
<pin id="596" dir="0" index="4" bw="16" slack="0"/>
<pin id="597" dir="0" index="5" bw="2" slack="0"/>
<pin id="598" dir="0" index="6" bw="16" slack="0"/>
<pin id="599" dir="0" index="7" bw="1" slack="0"/>
<pin id="600" dir="0" index="8" bw="16" slack="0"/>
<pin id="601" dir="0" index="9" bw="1" slack="0"/>
<pin id="602" dir="0" index="10" bw="2" slack="1"/>
<pin id="603" dir="1" index="11" bw="16" slack="0"/>
</pin_list>
<bind>
<opcode="sparsemux(1197) " fcode="sparsemux"/>
<opset="tmp_s/3 "/>
</bind>
</comp>

<comp id="614" class="1004" name="icmp_ln390_fu_614">
<pin_list>
<pin id="615" dir="0" index="0" bw="16" slack="0"/>
<pin id="616" dir="0" index="1" bw="16" slack="1"/>
<pin id="617" dir="1" index="2" bw="1" slack="0"/>
</pin_list>
<bind>
<opcode="icmp(45) " fcode="icmp"/>
<opset="icmp_ln390/3 "/>
</bind>
</comp>

<comp id="619" class="1004" name="select_ln390_fu_619">
<pin_list>
<pin id="620" dir="0" index="0" bw="1" slack="0"/>
<pin id="621" dir="0" index="1" bw="16" slack="0"/>
<pin id="622" dir="0" index="2" bw="16" slack="1"/>
<pin id="623" dir="1" index="3" bw="16" slack="0"/>
</pin_list>
<bind>
<opcode="select(49) " fcode="select"/>
<opset="select_ln390/3 "/>
</bind>
</comp>

<comp id="626" class="1004" name="tmp_1_fu_626">
<pin_list>
<pin id="627" dir="0" index="0" bw="16" slack="0"/>
<pin id="628" dir="0" index="1" bw="1" slack="0"/>
<pin id="629" dir="0" index="2" bw="16" slack="0"/>
<pin id="630" dir="0" index="3" bw="1" slack="0"/>
<pin id="631" dir="0" index="4" bw="16" slack="0"/>
<pin id="632" dir="0" index="5" bw="2" slack="0"/>
<pin id="633" dir="0" index="6" bw="16" slack="0"/>
<pin id="634" dir="0" index="7" bw="1" slack="0"/>
<pin id="635" dir="0" index="8" bw="16" slack="0"/>
<pin id="636" dir="0" index="9" bw="1" slack="0"/>
<pin id="637" dir="0" index="10" bw="2" slack="1"/>
<pin id="638" dir="1" index="11" bw="16" slack="0"/>
</pin_list>
<bind>
<opcode="sparsemux(1197) " fcode="sparsemux"/>
<opset="tmp_1/3 "/>
</bind>
</comp>

<comp id="649" class="1004" name="icmp_ln390_1_fu_649">
<pin_list>
<pin id="650" dir="0" index="0" bw="16" slack="0"/>
<pin id="651" dir="0" index="1" bw="16" slack="1"/>
<pin id="652" dir="1" index="2" bw="1" slack="0"/>
</pin_list>
<bind>
<opcode="icmp(45) " fcode="icmp"/>
<opset="icmp_ln390_1/3 "/>
</bind>
</comp>

<comp id="654" class="1004" name="select_ln390_1_fu_654">
<pin_list>
<pin id="655" dir="0" index="0" bw="1" slack="0"/>
<pin id="656" dir="0" index="1" bw="16" slack="0"/>
<pin id="657" dir="0" index="2" bw="16" slack="1"/>
<pin id="658" dir="1" index="3" bw="16" slack="0"/>
</pin_list>
<bind>
<opcode="select(49) " fcode="select"/>
<opset="select_ln390_1/3 "/>
</bind>
</comp>

<comp id="661" class="1004" name="tmp_2_fu_661">
<pin_list>
<pin id="662" dir="0" index="0" bw="16" slack="0"/>
<pin id="663" dir="0" index="1" bw="1" slack="0"/>
<pin id="664" dir="0" index="2" bw="16" slack="0"/>
<pin id="665" dir="0" index="3" bw="1" slack="0"/>
<pin id="666" dir="0" index="4" bw="16" slack="0"/>
<pin id="667" dir="0" index="5" bw="2" slack="0"/>
<pin id="668" dir="0" index="6" bw="16" slack="0"/>
<pin id="669" dir="0" index="7" bw="1" slack="0"/>
<pin id="670" dir="0" index="8" bw="16" slack="0"/>
<pin id="671" dir="0" index="9" bw="1" slack="0"/>
<pin id="672" dir="0" index="10" bw="2" slack="1"/>
<pin id="673" dir="1" index="11" bw="16" slack="0"/>
</pin_list>
<bind>
<opcode="sparsemux(1197) " fcode="sparsemux"/>
<opset="tmp_2/3 "/>
</bind>
</comp>

<comp id="684" class="1004" name="icmp_ln390_2_fu_684">
<pin_list>
<pin id="685" dir="0" index="0" bw="16" slack="0"/>
<pin id="686" dir="0" index="1" bw="16" slack="1"/>
<pin id="687" dir="1" index="2" bw="1" slack="0"/>
</pin_list>
<bind>
<opcode="icmp(45) " fcode="icmp"/>
<opset="icmp_ln390_2/3 "/>
</bind>
</comp>

<comp id="689" class="1004" name="select_ln390_2_fu_689">
<pin_list>
<pin id="690" dir="0" index="0" bw="1" slack="0"/>
<pin id="691" dir="0" index="1" bw="16" slack="0"/>
<pin id="692" dir="0" index="2" bw="16" slack="1"/>
<pin id="693" dir="1" index="3" bw="16" slack="0"/>
</pin_list>
<bind>
<opcode="select(49) " fcode="select"/>
<opset="select_ln390_2/3 "/>
</bind>
</comp>

<comp id="696" class="1004" name="tmp_3_fu_696">
<pin_list>
<pin id="697" dir="0" index="0" bw="16" slack="0"/>
<pin id="698" dir="0" index="1" bw="1" slack="0"/>
<pin id="699" dir="0" index="2" bw="16" slack="0"/>
<pin id="700" dir="0" index="3" bw="1" slack="0"/>
<pin id="701" dir="0" index="4" bw="16" slack="0"/>
<pin id="702" dir="0" index="5" bw="2" slack="0"/>
<pin id="703" dir="0" index="6" bw="16" slack="0"/>
<pin id="704" dir="0" index="7" bw="1" slack="0"/>
<pin id="705" dir="0" index="8" bw="16" slack="0"/>
<pin id="706" dir="0" index="9" bw="1" slack="0"/>
<pin id="707" dir="0" index="10" bw="2" slack="1"/>
<pin id="708" dir="1" index="11" bw="16" slack="0"/>
</pin_list>
<bind>
<opcode="sparsemux(1197) " fcode="sparsemux"/>
<opset="tmp_3/3 "/>
</bind>
</comp>

<comp id="719" class="1004" name="icmp_ln390_3_fu_719">
<pin_list>
<pin id="720" dir="0" index="0" bw="16" slack="0"/>
<pin id="721" dir="0" index="1" bw="16" slack="1"/>
<pin id="722" dir="1" index="2" bw="1" slack="0"/>
</pin_list>
<bind>
<opcode="icmp(45) " fcode="icmp"/>
<opset="icmp_ln390_3/3 "/>
</bind>
</comp>

<comp id="724" class="1004" name="select_ln390_3_fu_724">
<pin_list>
<pin id="725" dir="0" index="0" bw="1" slack="0"/>
<pin id="726" dir="0" index="1" bw="16" slack="0"/>
<pin id="727" dir="0" index="2" bw="16" slack="1"/>
<pin id="728" dir="1" index="3" bw="16" slack="0"/>
</pin_list>
<bind>
<opcode="select(49) " fcode="select"/>
<opset="select_ln390_3/3 "/>
</bind>
</comp>

<comp id="731" class="1004" name="tmp_4_fu_731">
<pin_list>
<pin id="732" dir="0" index="0" bw="16" slack="0"/>
<pin id="733" dir="0" index="1" bw="1" slack="0"/>
<pin id="734" dir="0" index="2" bw="16" slack="0"/>
<pin id="735" dir="0" index="3" bw="1" slack="0"/>
<pin id="736" dir="0" index="4" bw="16" slack="0"/>
<pin id="737" dir="0" index="5" bw="2" slack="0"/>
<pin id="738" dir="0" index="6" bw="16" slack="0"/>
<pin id="739" dir="0" index="7" bw="1" slack="0"/>
<pin id="740" dir="0" index="8" bw="16" slack="0"/>
<pin id="741" dir="0" index="9" bw="1" slack="0"/>
<pin id="742" dir="0" index="10" bw="2" slack="1"/>
<pin id="743" dir="1" index="11" bw="16" slack="0"/>
</pin_list>
<bind>
<opcode="sparsemux(1197) " fcode="sparsemux"/>
<opset="tmp_4/3 "/>
</bind>
</comp>

<comp id="754" class="1004" name="icmp_ln390_4_fu_754">
<pin_list>
<pin id="755" dir="0" index="0" bw="16" slack="0"/>
<pin id="756" dir="0" index="1" bw="16" slack="1"/>
<pin id="757" dir="1" index="2" bw="1" slack="0"/>
</pin_list>
<bind>
<opcode="icmp(45) " fcode="icmp"/>
<opset="icmp_ln390_4/3 "/>
</bind>
</comp>

<comp id="759" class="1004" name="select_ln390_4_fu_759">
<pin_list>
<pin id="760" dir="0" index="0" bw="1" slack="0"/>
<pin id="761" dir="0" index="1" bw="16" slack="0"/>
<pin id="762" dir="0" index="2" bw="16" slack="1"/>
<pin id="763" dir="1" index="3" bw="16" slack="0"/>
</pin_list>
<bind>
<opcode="select(49) " fcode="select"/>
<opset="select_ln390_4/3 "/>
</bind>
</comp>

<comp id="766" class="1004" name="tmp_5_fu_766">
<pin_list>
<pin id="767" dir="0" index="0" bw="16" slack="0"/>
<pin id="768" dir="0" index="1" bw="1" slack="0"/>
<pin id="769" dir="0" index="2" bw="16" slack="0"/>
<pin id="770" dir="0" index="3" bw="1" slack="0"/>
<pin id="771" dir="0" index="4" bw="16" slack="0"/>
<pin id="772" dir="0" index="5" bw="2" slack="0"/>
<pin id="773" dir="0" index="6" bw="16" slack="0"/>
<pin id="774" dir="0" index="7" bw="1" slack="0"/>
<pin id="775" dir="0" index="8" bw="16" slack="0"/>
<pin id="776" dir="0" index="9" bw="1" slack="0"/>
<pin id="777" dir="0" index="10" bw="2" slack="1"/>
<pin id="778" dir="1" index="11" bw="16" slack="0"/>
</pin_list>
<bind>
<opcode="sparsemux(1197) " fcode="sparsemux"/>
<opset="tmp_5/3 "/>
</bind>
</comp>

<comp id="789" class="1004" name="icmp_ln390_5_fu_789">
<pin_list>
<pin id="790" dir="0" index="0" bw="16" slack="0"/>
<pin id="791" dir="0" index="1" bw="16" slack="1"/>
<pin id="792" dir="1" index="2" bw="1" slack="0"/>
</pin_list>
<bind>
<opcode="icmp(45) " fcode="icmp"/>
<opset="icmp_ln390_5/3 "/>
</bind>
</comp>

<comp id="794" class="1004" name="select_ln390_5_fu_794">
<pin_list>
<pin id="795" dir="0" index="0" bw="1" slack="0"/>
<pin id="796" dir="0" index="1" bw="16" slack="0"/>
<pin id="797" dir="0" index="2" bw="16" slack="1"/>
<pin id="798" dir="1" index="3" bw="16" slack="0"/>
</pin_list>
<bind>
<opcode="select(49) " fcode="select"/>
<opset="select_ln390_5/3 "/>
</bind>
</comp>

<comp id="801" class="1004" name="tmp_6_fu_801">
<pin_list>
<pin id="802" dir="0" index="0" bw="16" slack="0"/>
<pin id="803" dir="0" index="1" bw="1" slack="0"/>
<pin id="804" dir="0" index="2" bw="16" slack="0"/>
<pin id="805" dir="0" index="3" bw="1" slack="0"/>
<pin id="806" dir="0" index="4" bw="16" slack="0"/>
<pin id="807" dir="0" index="5" bw="2" slack="0"/>
<pin id="808" dir="0" index="6" bw="16" slack="0"/>
<pin id="809" dir="0" index="7" bw="1" slack="0"/>
<pin id="810" dir="0" index="8" bw="16" slack="0"/>
<pin id="811" dir="0" index="9" bw="1" slack="0"/>
<pin id="812" dir="0" index="10" bw="2" slack="1"/>
<pin id="813" dir="1" index="11" bw="16" slack="0"/>
</pin_list>
<bind>
<opcode="sparsemux(1197) " fcode="sparsemux"/>
<opset="tmp_6/3 "/>
</bind>
</comp>

<comp id="824" class="1004" name="icmp_ln390_6_fu_824">
<pin_list>
<pin id="825" dir="0" index="0" bw="16" slack="0"/>
<pin id="826" dir="0" index="1" bw="16" slack="1"/>
<pin id="827" dir="1" index="2" bw="1" slack="0"/>
</pin_list>
<bind>
<opcode="icmp(45) " fcode="icmp"/>
<opset="icmp_ln390_6/3 "/>
</bind>
</comp>

<comp id="829" class="1004" name="select_ln390_6_fu_829">
<pin_list>
<pin id="830" dir="0" index="0" bw="1" slack="0"/>
<pin id="831" dir="0" index="1" bw="16" slack="0"/>
<pin id="832" dir="0" index="2" bw="16" slack="1"/>
<pin id="833" dir="1" index="3" bw="16" slack="0"/>
</pin_list>
<bind>
<opcode="select(49) " fcode="select"/>
<opset="select_ln390_6/3 "/>
</bind>
</comp>

<comp id="836" class="1004" name="or_ln392_s_fu_836">
<pin_list>
<pin id="837" dir="0" index="0" bw="112" slack="0"/>
<pin id="838" dir="0" index="1" bw="16" slack="0"/>
<pin id="839" dir="0" index="2" bw="16" slack="0"/>
<pin id="840" dir="0" index="3" bw="16" slack="0"/>
<pin id="841" dir="0" index="4" bw="16" slack="0"/>
<pin id="842" dir="0" index="5" bw="16" slack="0"/>
<pin id="843" dir="0" index="6" bw="16" slack="0"/>
<pin id="844" dir="0" index="7" bw="16" slack="0"/>
<pin id="845" dir="1" index="8" bw="112" slack="0"/>
</pin_list>
<bind>
<opcode="bitconcatenate(1004) " fcode="bitconcatenate"/>
<opset="or_ln392_s/3 "/>
</bind>
</comp>

<comp id="855" class="1005" name="i_reg_855">
<pin_list>
<pin id="856" dir="0" index="0" bw="9" slack="0"/>
<pin id="857" dir="1" index="1" bw="9" slack="0"/>
</pin_list>
<bind>
<opset="i "/>
</bind>
</comp>

<comp id="862" class="1005" name="i_w_reg_862">
<pin_list>
<pin id="863" dir="0" index="0" bw="32" slack="1"/>
<pin id="864" dir="1" index="1" bw="32" slack="1"/>
</pin_list>
<bind>
<opset="i_w "/>
</bind>
</comp>

<comp id="869" class="1005" name="p_0_0_0_0_03_reg_869">
<pin_list>
<pin id="870" dir="0" index="0" bw="16" slack="1"/>
<pin id="871" dir="1" index="1" bw="16" slack="1"/>
</pin_list>
<bind>
<opset="p_0_0_0_0_03 "/>
</bind>
</comp>

<comp id="875" class="1005" name="mux_case_2976_reg_875">
<pin_list>
<pin id="876" dir="0" index="0" bw="16" slack="1"/>
<pin id="877" dir="1" index="1" bw="16" slack="1"/>
</pin_list>
<bind>
<opset="mux_case_2976 "/>
</bind>
</comp>

<comp id="881" class="1005" name="mux_case_21019_reg_881">
<pin_list>
<pin id="882" dir="0" index="0" bw="16" slack="1"/>
<pin id="883" dir="1" index="1" bw="16" slack="1"/>
</pin_list>
<bind>
<opset="mux_case_21019 "/>
</bind>
</comp>

<comp id="887" class="1005" name="mux_case_210512_reg_887">
<pin_list>
<pin id="888" dir="0" index="0" bw="16" slack="1"/>
<pin id="889" dir="1" index="1" bw="16" slack="1"/>
</pin_list>
<bind>
<opset="mux_case_210512 "/>
</bind>
</comp>

<comp id="893" class="1005" name="mux_case_210915_reg_893">
<pin_list>
<pin id="894" dir="0" index="0" bw="16" slack="1"/>
<pin id="895" dir="1" index="1" bw="16" slack="1"/>
</pin_list>
<bind>
<opset="mux_case_210915 "/>
</bind>
</comp>

<comp id="899" class="1005" name="mux_case_211318_reg_899">
<pin_list>
<pin id="900" dir="0" index="0" bw="16" slack="1"/>
<pin id="901" dir="1" index="1" bw="16" slack="1"/>
</pin_list>
<bind>
<opset="mux_case_211318 "/>
</bind>
</comp>

<comp id="905" class="1005" name="mux_case_211721_reg_905">
<pin_list>
<pin id="906" dir="0" index="0" bw="16" slack="1"/>
<pin id="907" dir="1" index="1" bw="16" slack="1"/>
</pin_list>
<bind>
<opset="mux_case_211721 "/>
</bind>
</comp>

<comp id="911" class="1005" name="p_0_0_0_0_024_reg_911">
<pin_list>
<pin id="912" dir="0" index="0" bw="16" slack="1"/>
<pin id="913" dir="1" index="1" bw="16" slack="1"/>
</pin_list>
<bind>
<opset="p_0_0_0_0_024 "/>
</bind>
</comp>

<comp id="917" class="1005" name="mux_case_19627_reg_917">
<pin_list>
<pin id="918" dir="0" index="0" bw="16" slack="1"/>
<pin id="919" dir="1" index="1" bw="16" slack="1"/>
</pin_list>
<bind>
<opset="mux_case_19627 "/>
</bind>
</comp>

<comp id="923" class="1005" name="mux_case_110030_reg_923">
<pin_list>
<pin id="924" dir="0" index="0" bw="16" slack="1"/>
<pin id="925" dir="1" index="1" bw="16" slack="1"/>
</pin_list>
<bind>
<opset="mux_case_110030 "/>
</bind>
</comp>

<comp id="929" class="1005" name="mux_case_110433_reg_929">
<pin_list>
<pin id="930" dir="0" index="0" bw="16" slack="1"/>
<pin id="931" dir="1" index="1" bw="16" slack="1"/>
</pin_list>
<bind>
<opset="mux_case_110433 "/>
</bind>
</comp>

<comp id="935" class="1005" name="mux_case_110836_reg_935">
<pin_list>
<pin id="936" dir="0" index="0" bw="16" slack="1"/>
<pin id="937" dir="1" index="1" bw="16" slack="1"/>
</pin_list>
<bind>
<opset="mux_case_110836 "/>
</bind>
</comp>

<comp id="941" class="1005" name="mux_case_111239_reg_941">
<pin_list>
<pin id="942" dir="0" index="0" bw="16" slack="1"/>
<pin id="943" dir="1" index="1" bw="16" slack="1"/>
</pin_list>
<bind>
<opset="mux_case_111239 "/>
</bind>
</comp>

<comp id="947" class="1005" name="mux_case_111642_reg_947">
<pin_list>
<pin id="948" dir="0" index="0" bw="16" slack="1"/>
<pin id="949" dir="1" index="1" bw="16" slack="1"/>
</pin_list>
<bind>
<opset="mux_case_111642 "/>
</bind>
</comp>

<comp id="953" class="1005" name="p_0_0_0_0_045_reg_953">
<pin_list>
<pin id="954" dir="0" index="0" bw="16" slack="1"/>
<pin id="955" dir="1" index="1" bw="16" slack="1"/>
</pin_list>
<bind>
<opset="p_0_0_0_0_045 "/>
</bind>
</comp>

<comp id="959" class="1005" name="mux_case_09548_reg_959">
<pin_list>
<pin id="960" dir="0" index="0" bw="16" slack="1"/>
<pin id="961" dir="1" index="1" bw="16" slack="1"/>
</pin_list>
<bind>
<opset="mux_case_09548 "/>
</bind>
</comp>

<comp id="965" class="1005" name="mux_case_09951_reg_965">
<pin_list>
<pin id="966" dir="0" index="0" bw="16" slack="1"/>
<pin id="967" dir="1" index="1" bw="16" slack="1"/>
</pin_list>
<bind>
<opset="mux_case_09951 "/>
</bind>
</comp>

<comp id="971" class="1005" name="mux_case_010354_reg_971">
<pin_list>
<pin id="972" dir="0" index="0" bw="16" slack="1"/>
<pin id="973" dir="1" index="1" bw="16" slack="1"/>
</pin_list>
<bind>
<opset="mux_case_010354 "/>
</bind>
</comp>

<comp id="977" class="1005" name="mux_case_010757_reg_977">
<pin_list>
<pin id="978" dir="0" index="0" bw="16" slack="1"/>
<pin id="979" dir="1" index="1" bw="16" slack="1"/>
</pin_list>
<bind>
<opset="mux_case_010757 "/>
</bind>
</comp>

<comp id="983" class="1005" name="mux_case_011160_reg_983">
<pin_list>
<pin id="984" dir="0" index="0" bw="16" slack="1"/>
<pin id="985" dir="1" index="1" bw="16" slack="1"/>
</pin_list>
<bind>
<opset="mux_case_011160 "/>
</bind>
</comp>

<comp id="989" class="1005" name="mux_case_011563_reg_989">
<pin_list>
<pin id="990" dir="0" index="0" bw="16" slack="1"/>
<pin id="991" dir="1" index="1" bw="16" slack="1"/>
</pin_list>
<bind>
<opset="mux_case_011563 "/>
</bind>
</comp>

<comp id="995" class="1005" name="p_0_0_0_0_066_reg_995">
<pin_list>
<pin id="996" dir="0" index="0" bw="16" slack="1"/>
<pin id="997" dir="1" index="1" bw="16" slack="1"/>
</pin_list>
<bind>
<opset="p_0_0_0_0_066 "/>
</bind>
</comp>

<comp id="1001" class="1005" name="mux_case_39869_reg_1001">
<pin_list>
<pin id="1002" dir="0" index="0" bw="16" slack="1"/>
<pin id="1003" dir="1" index="1" bw="16" slack="1"/>
</pin_list>
<bind>
<opset="mux_case_39869 "/>
</bind>
</comp>

<comp id="1007" class="1005" name="mux_case_310272_reg_1007">
<pin_list>
<pin id="1008" dir="0" index="0" bw="16" slack="1"/>
<pin id="1009" dir="1" index="1" bw="16" slack="1"/>
</pin_list>
<bind>
<opset="mux_case_310272 "/>
</bind>
</comp>

<comp id="1013" class="1005" name="mux_case_310675_reg_1013">
<pin_list>
<pin id="1014" dir="0" index="0" bw="16" slack="1"/>
<pin id="1015" dir="1" index="1" bw="16" slack="1"/>
</pin_list>
<bind>
<opset="mux_case_310675 "/>
</bind>
</comp>

<comp id="1019" class="1005" name="mux_case_311078_reg_1019">
<pin_list>
<pin id="1020" dir="0" index="0" bw="16" slack="1"/>
<pin id="1021" dir="1" index="1" bw="16" slack="1"/>
</pin_list>
<bind>
<opset="mux_case_311078 "/>
</bind>
</comp>

<comp id="1025" class="1005" name="mux_case_311481_reg_1025">
<pin_list>
<pin id="1026" dir="0" index="0" bw="16" slack="1"/>
<pin id="1027" dir="1" index="1" bw="16" slack="1"/>
</pin_list>
<bind>
<opset="mux_case_311481 "/>
</bind>
</comp>

<comp id="1031" class="1005" name="mux_case_311884_reg_1031">
<pin_list>
<pin id="1032" dir="0" index="0" bw="16" slack="1"/>
<pin id="1033" dir="1" index="1" bw="16" slack="1"/>
</pin_list>
<bind>
<opset="mux_case_311884 "/>
</bind>
</comp>

<comp id="1037" class="1005" name="icmp_ln373_reg_1037">
<pin_list>
<pin id="1038" dir="0" index="0" bw="1" slack="1"/>
<pin id="1039" dir="1" index="1" bw="1" slack="2147483647"/>
</pin_list>
<bind>
<opset="icmp_ln373 "/>
</bind>
</comp>

<comp id="1041" class="1005" name="trunc_ln373_reg_1041">
<pin_list>
<pin id="1042" dir="0" index="0" bw="2" slack="1"/>
<pin id="1043" dir="1" index="1" bw="2" slack="1"/>
</pin_list>
<bind>
<opset="trunc_ln373 "/>
</bind>
</comp>

<comp id="1052" class="1005" name="cur_reg_1052">
<pin_list>
<pin id="1053" dir="0" index="0" bw="16" slack="1"/>
<pin id="1054" dir="1" index="1" bw="16" slack="1"/>
</pin_list>
<bind>
<opset="cur "/>
</bind>
</comp>

<comp id="1058" class="1005" name="cur_1_reg_1058">
<pin_list>
<pin id="1059" dir="0" index="0" bw="16" slack="1"/>
<pin id="1060" dir="1" index="1" bw="16" slack="1"/>
</pin_list>
<bind>
<opset="cur_1 "/>
</bind>
</comp>

<comp id="1064" class="1005" name="cur_2_reg_1064">
<pin_list>
<pin id="1065" dir="0" index="0" bw="16" slack="1"/>
<pin id="1066" dir="1" index="1" bw="16" slack="1"/>
</pin_list>
<bind>
<opset="cur_2 "/>
</bind>
</comp>

<comp id="1070" class="1005" name="cur_3_reg_1070">
<pin_list>
<pin id="1071" dir="0" index="0" bw="16" slack="1"/>
<pin id="1072" dir="1" index="1" bw="16" slack="1"/>
</pin_list>
<bind>
<opset="cur_3 "/>
</bind>
</comp>

<comp id="1076" class="1005" name="trunc_ln376_4_reg_1076">
<pin_list>
<pin id="1077" dir="0" index="0" bw="16" slack="1"/>
<pin id="1078" dir="1" index="1" bw="16" slack="1"/>
</pin_list>
<bind>
<opset="trunc_ln376_4 "/>
</bind>
</comp>

<comp id="1082" class="1005" name="trunc_ln376_5_reg_1082">
<pin_list>
<pin id="1083" dir="0" index="0" bw="16" slack="1"/>
<pin id="1084" dir="1" index="1" bw="16" slack="1"/>
</pin_list>
<bind>
<opset="trunc_ln376_5 "/>
</bind>
</comp>

<comp id="1088" class="1005" name="trunc_ln376_6_reg_1088">
<pin_list>
<pin id="1089" dir="0" index="0" bw="16" slack="1"/>
<pin id="1090" dir="1" index="1" bw="16" slack="1"/>
</pin_list>
<bind>
<opset="trunc_ln376_6 "/>
</bind>
</comp>

<comp id="1094" class="1005" name="on_second_row_2_reg_1094">
<pin_list>
<pin id="1095" dir="0" index="0" bw="1" slack="0"/>
<pin id="1096" dir="1" index="1" bw="1" slack="0"/>
</pin_list>
<bind>
<opset="on_second_row_2 "/>
</bind>
</comp>

</comp_list>

<net_list>
<net id="85"><net_src comp="4" pin="0"/><net_sink comp="82" pin=0"/></net>

<net id="89"><net_src comp="4" pin="0"/><net_sink comp="86" pin=0"/></net>

<net id="93"><net_src comp="4" pin="0"/><net_sink comp="90" pin=0"/></net>

<net id="97"><net_src comp="4" pin="0"/><net_sink comp="94" pin=0"/></net>

<net id="101"><net_src comp="4" pin="0"/><net_sink comp="98" pin=0"/></net>

<net id="105"><net_src comp="4" pin="0"/><net_sink comp="102" pin=0"/></net>

<net id="109"><net_src comp="4" pin="0"/><net_sink comp="106" pin=0"/></net>

<net id="113"><net_src comp="4" pin="0"/><net_sink comp="110" pin=0"/></net>

<net id="117"><net_src comp="4" pin="0"/><net_sink comp="114" pin=0"/></net>

<net id="121"><net_src comp="4" pin="0"/><net_sink comp="118" pin=0"/></net>

<net id="125"><net_src comp="4" pin="0"/><net_sink comp="122" pin=0"/></net>

<net id="129"><net_src comp="4" pin="0"/><net_sink comp="126" pin=0"/></net>

<net id="133"><net_src comp="4" pin="0"/><net_sink comp="130" pin=0"/></net>

<net id="137"><net_src comp="4" pin="0"/><net_sink comp="134" pin=0"/></net>

<net id="141"><net_src comp="4" pin="0"/><net_sink comp="138" pin=0"/></net>

<net id="145"><net_src comp="4" pin="0"/><net_sink comp="142" pin=0"/></net>

<net id="149"><net_src comp="4" pin="0"/><net_sink comp="146" pin=0"/></net>

<net id="153"><net_src comp="4" pin="0"/><net_sink comp="150" pin=0"/></net>

<net id="157"><net_src comp="4" pin="0"/><net_sink comp="154" pin=0"/></net>

<net id="161"><net_src comp="4" pin="0"/><net_sink comp="158" pin=0"/></net>

<net id="165"><net_src comp="4" pin="0"/><net_sink comp="162" pin=0"/></net>

<net id="169"><net_src comp="4" pin="0"/><net_sink comp="166" pin=0"/></net>

<net id="173"><net_src comp="4" pin="0"/><net_sink comp="170" pin=0"/></net>

<net id="177"><net_src comp="4" pin="0"/><net_sink comp="174" pin=0"/></net>

<net id="181"><net_src comp="4" pin="0"/><net_sink comp="178" pin=0"/></net>

<net id="185"><net_src comp="4" pin="0"/><net_sink comp="182" pin=0"/></net>

<net id="189"><net_src comp="4" pin="0"/><net_sink comp="186" pin=0"/></net>

<net id="193"><net_src comp="4" pin="0"/><net_sink comp="190" pin=0"/></net>

<net id="197"><net_src comp="4" pin="0"/><net_sink comp="194" pin=0"/></net>

<net id="201"><net_src comp="4" pin="0"/><net_sink comp="198" pin=0"/></net>

<net id="206"><net_src comp="34" pin="0"/><net_sink comp="202" pin=0"/></net>

<net id="207"><net_src comp="0" pin="0"/><net_sink comp="202" pin=1"/></net>

<net id="213"><net_src comp="80" pin="0"/><net_sink comp="208" pin=0"/></net>

<net id="214"><net_src comp="2" pin="0"/><net_sink comp="208" pin=1"/></net>

<net id="218"><net_src comp="22" pin="0"/><net_sink comp="215" pin=0"/></net>

<net id="225"><net_src comp="215" pin="1"/><net_sink comp="219" pin=0"/></net>

<net id="226"><net_src comp="219" pin="4"/><net_sink comp="215" pin=0"/></net>

<net id="231"><net_src comp="10" pin="0"/><net_sink comp="227" pin=0"/></net>

<net id="236"><net_src comp="16" pin="0"/><net_sink comp="232" pin=0"/></net>

<net id="244"><net_src comp="237" pin="1"/><net_sink comp="240" pin=0"/></net>

<net id="245"><net_src comp="18" pin="0"/><net_sink comp="240" pin=1"/></net>

<net id="250"><net_src comp="237" pin="1"/><net_sink comp="246" pin=0"/></net>

<net id="251"><net_src comp="20" pin="0"/><net_sink comp="246" pin=1"/></net>

<net id="256"><net_src comp="246" pin="2"/><net_sink comp="252" pin=0"/></net>

<net id="263"><net_src comp="257" pin="1"/><net_sink comp="260" pin=0"/></net>

<net id="267"><net_src comp="202" pin="2"/><net_sink comp="264" pin=0"/></net>

<net id="274"><net_src comp="36" pin="0"/><net_sink comp="268" pin=0"/></net>

<net id="275"><net_src comp="202" pin="2"/><net_sink comp="268" pin=1"/></net>

<net id="276"><net_src comp="38" pin="0"/><net_sink comp="268" pin=2"/></net>

<net id="277"><net_src comp="40" pin="0"/><net_sink comp="268" pin=3"/></net>

<net id="284"><net_src comp="36" pin="0"/><net_sink comp="278" pin=0"/></net>

<net id="285"><net_src comp="202" pin="2"/><net_sink comp="278" pin=1"/></net>

<net id="286"><net_src comp="42" pin="0"/><net_sink comp="278" pin=2"/></net>

<net id="287"><net_src comp="44" pin="0"/><net_sink comp="278" pin=3"/></net>

<net id="294"><net_src comp="36" pin="0"/><net_sink comp="288" pin=0"/></net>

<net id="295"><net_src comp="202" pin="2"/><net_sink comp="288" pin=1"/></net>

<net id="296"><net_src comp="46" pin="0"/><net_sink comp="288" pin=2"/></net>

<net id="297"><net_src comp="48" pin="0"/><net_sink comp="288" pin=3"/></net>

<net id="304"><net_src comp="36" pin="0"/><net_sink comp="298" pin=0"/></net>

<net id="305"><net_src comp="202" pin="2"/><net_sink comp="298" pin=1"/></net>

<net id="306"><net_src comp="50" pin="0"/><net_sink comp="298" pin=2"/></net>

<net id="307"><net_src comp="52" pin="0"/><net_sink comp="298" pin=3"/></net>

<net id="314"><net_src comp="36" pin="0"/><net_sink comp="308" pin=0"/></net>

<net id="315"><net_src comp="202" pin="2"/><net_sink comp="308" pin=1"/></net>

<net id="316"><net_src comp="54" pin="0"/><net_sink comp="308" pin=2"/></net>

<net id="317"><net_src comp="56" pin="0"/><net_sink comp="308" pin=3"/></net>

<net id="324"><net_src comp="36" pin="0"/><net_sink comp="318" pin=0"/></net>

<net id="325"><net_src comp="202" pin="2"/><net_sink comp="318" pin=1"/></net>

<net id="326"><net_src comp="58" pin="0"/><net_sink comp="318" pin=2"/></net>

<net id="327"><net_src comp="60" pin="0"/><net_sink comp="318" pin=3"/></net>

<net id="332"><net_src comp="318" pin="4"/><net_sink comp="328" pin=0"/></net>

<net id="337"><net_src comp="308" pin="4"/><net_sink comp="333" pin=0"/></net>

<net id="342"><net_src comp="298" pin="4"/><net_sink comp="338" pin=0"/></net>

<net id="347"><net_src comp="288" pin="4"/><net_sink comp="343" pin=0"/></net>

<net id="352"><net_src comp="278" pin="4"/><net_sink comp="348" pin=0"/></net>

<net id="357"><net_src comp="268" pin="4"/><net_sink comp="353" pin=0"/></net>

<net id="362"><net_src comp="264" pin="1"/><net_sink comp="358" pin=0"/></net>

<net id="367"><net_src comp="318" pin="4"/><net_sink comp="363" pin=0"/></net>

<net id="372"><net_src comp="308" pin="4"/><net_sink comp="368" pin=0"/></net>

<net id="377"><net_src comp="298" pin="4"/><net_sink comp="373" pin=0"/></net>

<net id="382"><net_src comp="288" pin="4"/><net_sink comp="378" pin=0"/></net>

<net id="387"><net_src comp="278" pin="4"/><net_sink comp="383" pin=0"/></net>

<net id="392"><net_src comp="268" pin="4"/><net_sink comp="388" pin=0"/></net>

<net id="397"><net_src comp="264" pin="1"/><net_sink comp="393" pin=0"/></net>

<net id="402"><net_src comp="318" pin="4"/><net_sink comp="398" pin=0"/></net>

<net id="407"><net_src comp="308" pin="4"/><net_sink comp="403" pin=0"/></net>

<net id="412"><net_src comp="298" pin="4"/><net_sink comp="408" pin=0"/></net>

<net id="417"><net_src comp="288" pin="4"/><net_sink comp="413" pin=0"/></net>

<net id="422"><net_src comp="278" pin="4"/><net_sink comp="418" pin=0"/></net>

<net id="427"><net_src comp="268" pin="4"/><net_sink comp="423" pin=0"/></net>

<net id="432"><net_src comp="264" pin="1"/><net_sink comp="428" pin=0"/></net>

<net id="437"><net_src comp="318" pin="4"/><net_sink comp="433" pin=0"/></net>

<net id="442"><net_src comp="308" pin="4"/><net_sink comp="438" pin=0"/></net>

<net id="447"><net_src comp="298" pin="4"/><net_sink comp="443" pin=0"/></net>

<net id="452"><net_src comp="288" pin="4"/><net_sink comp="448" pin=0"/></net>

<net id="457"><net_src comp="278" pin="4"/><net_sink comp="453" pin=0"/></net>

<net id="462"><net_src comp="268" pin="4"/><net_sink comp="458" pin=0"/></net>

<net id="467"><net_src comp="264" pin="1"/><net_sink comp="463" pin=0"/></net>

<net id="472"><net_src comp="257" pin="1"/><net_sink comp="468" pin=0"/></net>

<net id="473"><net_src comp="68" pin="0"/><net_sink comp="468" pin=1"/></net>

<net id="478"><net_src comp="219" pin="4"/><net_sink comp="474" pin=0"/></net>

<net id="479"><net_src comp="70" pin="0"/><net_sink comp="474" pin=1"/></net>

<net id="484"><net_src comp="257" pin="1"/><net_sink comp="480" pin=0"/></net>

<net id="485"><net_src comp="4" pin="0"/><net_sink comp="480" pin=1"/></net>

<net id="491"><net_src comp="468" pin="2"/><net_sink comp="486" pin=0"/></net>

<net id="492"><net_src comp="474" pin="2"/><net_sink comp="486" pin=1"/></net>

<net id="493"><net_src comp="219" pin="4"/><net_sink comp="486" pin=2"/></net>

<net id="499"><net_src comp="468" pin="2"/><net_sink comp="494" pin=0"/></net>

<net id="500"><net_src comp="10" pin="0"/><net_sink comp="494" pin=1"/></net>

<net id="501"><net_src comp="480" pin="2"/><net_sink comp="494" pin=2"/></net>

<net id="506"><net_src comp="494" pin="3"/><net_sink comp="502" pin=0"/></net>

<net id="604"><net_src comp="72" pin="0"/><net_sink comp="591" pin=0"/></net>

<net id="605"><net_src comp="62" pin="0"/><net_sink comp="591" pin=1"/></net>

<net id="606"><net_src comp="549" pin="1"/><net_sink comp="591" pin=2"/></net>

<net id="607"><net_src comp="64" pin="0"/><net_sink comp="591" pin=3"/></net>

<net id="608"><net_src comp="528" pin="1"/><net_sink comp="591" pin=4"/></net>

<net id="609"><net_src comp="66" pin="0"/><net_sink comp="591" pin=5"/></net>

<net id="610"><net_src comp="507" pin="1"/><net_sink comp="591" pin=6"/></net>

<net id="611"><net_src comp="74" pin="0"/><net_sink comp="591" pin=7"/></net>

<net id="612"><net_src comp="570" pin="1"/><net_sink comp="591" pin=8"/></net>

<net id="613"><net_src comp="76" pin="0"/><net_sink comp="591" pin=9"/></net>

<net id="618"><net_src comp="591" pin="11"/><net_sink comp="614" pin=0"/></net>

<net id="624"><net_src comp="614" pin="2"/><net_sink comp="619" pin=0"/></net>

<net id="625"><net_src comp="591" pin="11"/><net_sink comp="619" pin=1"/></net>

<net id="639"><net_src comp="72" pin="0"/><net_sink comp="626" pin=0"/></net>

<net id="640"><net_src comp="62" pin="0"/><net_sink comp="626" pin=1"/></net>

<net id="641"><net_src comp="552" pin="1"/><net_sink comp="626" pin=2"/></net>

<net id="642"><net_src comp="64" pin="0"/><net_sink comp="626" pin=3"/></net>

<net id="643"><net_src comp="531" pin="1"/><net_sink comp="626" pin=4"/></net>

<net id="644"><net_src comp="66" pin="0"/><net_sink comp="626" pin=5"/></net>

<net id="645"><net_src comp="510" pin="1"/><net_sink comp="626" pin=6"/></net>

<net id="646"><net_src comp="74" pin="0"/><net_sink comp="626" pin=7"/></net>

<net id="647"><net_src comp="573" pin="1"/><net_sink comp="626" pin=8"/></net>

<net id="648"><net_src comp="76" pin="0"/><net_sink comp="626" pin=9"/></net>

<net id="653"><net_src comp="626" pin="11"/><net_sink comp="649" pin=0"/></net>

<net id="659"><net_src comp="649" pin="2"/><net_sink comp="654" pin=0"/></net>

<net id="660"><net_src comp="626" pin="11"/><net_sink comp="654" pin=1"/></net>

<net id="674"><net_src comp="72" pin="0"/><net_sink comp="661" pin=0"/></net>

<net id="675"><net_src comp="62" pin="0"/><net_sink comp="661" pin=1"/></net>

<net id="676"><net_src comp="555" pin="1"/><net_sink comp="661" pin=2"/></net>

<net id="677"><net_src comp="64" pin="0"/><net_sink comp="661" pin=3"/></net>

<net id="678"><net_src comp="534" pin="1"/><net_sink comp="661" pin=4"/></net>

<net id="679"><net_src comp="66" pin="0"/><net_sink comp="661" pin=5"/></net>

<net id="680"><net_src comp="513" pin="1"/><net_sink comp="661" pin=6"/></net>

<net id="681"><net_src comp="74" pin="0"/><net_sink comp="661" pin=7"/></net>

<net id="682"><net_src comp="576" pin="1"/><net_sink comp="661" pin=8"/></net>

<net id="683"><net_src comp="76" pin="0"/><net_sink comp="661" pin=9"/></net>

<net id="688"><net_src comp="661" pin="11"/><net_sink comp="684" pin=0"/></net>

<net id="694"><net_src comp="684" pin="2"/><net_sink comp="689" pin=0"/></net>

<net id="695"><net_src comp="661" pin="11"/><net_sink comp="689" pin=1"/></net>

<net id="709"><net_src comp="72" pin="0"/><net_sink comp="696" pin=0"/></net>

<net id="710"><net_src comp="62" pin="0"/><net_sink comp="696" pin=1"/></net>

<net id="711"><net_src comp="558" pin="1"/><net_sink comp="696" pin=2"/></net>

<net id="712"><net_src comp="64" pin="0"/><net_sink comp="696" pin=3"/></net>

<net id="713"><net_src comp="537" pin="1"/><net_sink comp="696" pin=4"/></net>

<net id="714"><net_src comp="66" pin="0"/><net_sink comp="696" pin=5"/></net>

<net id="715"><net_src comp="516" pin="1"/><net_sink comp="696" pin=6"/></net>

<net id="716"><net_src comp="74" pin="0"/><net_sink comp="696" pin=7"/></net>

<net id="717"><net_src comp="579" pin="1"/><net_sink comp="696" pin=8"/></net>

<net id="718"><net_src comp="76" pin="0"/><net_sink comp="696" pin=9"/></net>

<net id="723"><net_src comp="696" pin="11"/><net_sink comp="719" pin=0"/></net>

<net id="729"><net_src comp="719" pin="2"/><net_sink comp="724" pin=0"/></net>

<net id="730"><net_src comp="696" pin="11"/><net_sink comp="724" pin=1"/></net>

<net id="744"><net_src comp="72" pin="0"/><net_sink comp="731" pin=0"/></net>

<net id="745"><net_src comp="62" pin="0"/><net_sink comp="731" pin=1"/></net>

<net id="746"><net_src comp="561" pin="1"/><net_sink comp="731" pin=2"/></net>

<net id="747"><net_src comp="64" pin="0"/><net_sink comp="731" pin=3"/></net>

<net id="748"><net_src comp="540" pin="1"/><net_sink comp="731" pin=4"/></net>

<net id="749"><net_src comp="66" pin="0"/><net_sink comp="731" pin=5"/></net>

<net id="750"><net_src comp="519" pin="1"/><net_sink comp="731" pin=6"/></net>

<net id="751"><net_src comp="74" pin="0"/><net_sink comp="731" pin=7"/></net>

<net id="752"><net_src comp="582" pin="1"/><net_sink comp="731" pin=8"/></net>

<net id="753"><net_src comp="76" pin="0"/><net_sink comp="731" pin=9"/></net>

<net id="758"><net_src comp="731" pin="11"/><net_sink comp="754" pin=0"/></net>

<net id="764"><net_src comp="754" pin="2"/><net_sink comp="759" pin=0"/></net>

<net id="765"><net_src comp="731" pin="11"/><net_sink comp="759" pin=1"/></net>

<net id="779"><net_src comp="72" pin="0"/><net_sink comp="766" pin=0"/></net>

<net id="780"><net_src comp="62" pin="0"/><net_sink comp="766" pin=1"/></net>

<net id="781"><net_src comp="564" pin="1"/><net_sink comp="766" pin=2"/></net>

<net id="782"><net_src comp="64" pin="0"/><net_sink comp="766" pin=3"/></net>

<net id="783"><net_src comp="543" pin="1"/><net_sink comp="766" pin=4"/></net>

<net id="784"><net_src comp="66" pin="0"/><net_sink comp="766" pin=5"/></net>

<net id="785"><net_src comp="522" pin="1"/><net_sink comp="766" pin=6"/></net>

<net id="786"><net_src comp="74" pin="0"/><net_sink comp="766" pin=7"/></net>

<net id="787"><net_src comp="585" pin="1"/><net_sink comp="766" pin=8"/></net>

<net id="788"><net_src comp="76" pin="0"/><net_sink comp="766" pin=9"/></net>

<net id="793"><net_src comp="766" pin="11"/><net_sink comp="789" pin=0"/></net>

<net id="799"><net_src comp="789" pin="2"/><net_sink comp="794" pin=0"/></net>

<net id="800"><net_src comp="766" pin="11"/><net_sink comp="794" pin=1"/></net>

<net id="814"><net_src comp="72" pin="0"/><net_sink comp="801" pin=0"/></net>

<net id="815"><net_src comp="62" pin="0"/><net_sink comp="801" pin=1"/></net>

<net id="816"><net_src comp="567" pin="1"/><net_sink comp="801" pin=2"/></net>

<net id="817"><net_src comp="64" pin="0"/><net_sink comp="801" pin=3"/></net>

<net id="818"><net_src comp="546" pin="1"/><net_sink comp="801" pin=4"/></net>

<net id="819"><net_src comp="66" pin="0"/><net_sink comp="801" pin=5"/></net>

<net id="820"><net_src comp="525" pin="1"/><net_sink comp="801" pin=6"/></net>

<net id="821"><net_src comp="74" pin="0"/><net_sink comp="801" pin=7"/></net>

<net id="822"><net_src comp="588" pin="1"/><net_sink comp="801" pin=8"/></net>

<net id="823"><net_src comp="76" pin="0"/><net_sink comp="801" pin=9"/></net>

<net id="828"><net_src comp="801" pin="11"/><net_sink comp="824" pin=0"/></net>

<net id="834"><net_src comp="824" pin="2"/><net_sink comp="829" pin=0"/></net>

<net id="835"><net_src comp="801" pin="11"/><net_sink comp="829" pin=1"/></net>

<net id="846"><net_src comp="78" pin="0"/><net_sink comp="836" pin=0"/></net>

<net id="847"><net_src comp="829" pin="3"/><net_sink comp="836" pin=1"/></net>

<net id="848"><net_src comp="794" pin="3"/><net_sink comp="836" pin=2"/></net>

<net id="849"><net_src comp="759" pin="3"/><net_sink comp="836" pin=3"/></net>

<net id="850"><net_src comp="724" pin="3"/><net_sink comp="836" pin=4"/></net>

<net id="851"><net_src comp="689" pin="3"/><net_sink comp="836" pin=5"/></net>

<net id="852"><net_src comp="654" pin="3"/><net_sink comp="836" pin=6"/></net>

<net id="853"><net_src comp="619" pin="3"/><net_sink comp="836" pin=7"/></net>

<net id="854"><net_src comp="836" pin="8"/><net_sink comp="208" pin=2"/></net>

<net id="858"><net_src comp="82" pin="1"/><net_sink comp="855" pin=0"/></net>

<net id="859"><net_src comp="855" pin="1"/><net_sink comp="232" pin=1"/></net>

<net id="860"><net_src comp="855" pin="1"/><net_sink comp="237" pin=0"/></net>

<net id="861"><net_src comp="855" pin="1"/><net_sink comp="252" pin=1"/></net>

<net id="865"><net_src comp="86" pin="1"/><net_sink comp="862" pin=0"/></net>

<net id="866"><net_src comp="862" pin="1"/><net_sink comp="227" pin=1"/></net>

<net id="867"><net_src comp="862" pin="1"/><net_sink comp="257" pin=0"/></net>

<net id="868"><net_src comp="862" pin="1"/><net_sink comp="502" pin=1"/></net>

<net id="872"><net_src comp="90" pin="1"/><net_sink comp="869" pin=0"/></net>

<net id="873"><net_src comp="869" pin="1"/><net_sink comp="358" pin=1"/></net>

<net id="874"><net_src comp="869" pin="1"/><net_sink comp="507" pin=0"/></net>

<net id="878"><net_src comp="94" pin="1"/><net_sink comp="875" pin=0"/></net>

<net id="879"><net_src comp="875" pin="1"/><net_sink comp="353" pin=1"/></net>

<net id="880"><net_src comp="875" pin="1"/><net_sink comp="510" pin=0"/></net>

<net id="884"><net_src comp="98" pin="1"/><net_sink comp="881" pin=0"/></net>

<net id="885"><net_src comp="881" pin="1"/><net_sink comp="348" pin=1"/></net>

<net id="886"><net_src comp="881" pin="1"/><net_sink comp="513" pin=0"/></net>

<net id="890"><net_src comp="102" pin="1"/><net_sink comp="887" pin=0"/></net>

<net id="891"><net_src comp="887" pin="1"/><net_sink comp="343" pin=1"/></net>

<net id="892"><net_src comp="887" pin="1"/><net_sink comp="516" pin=0"/></net>

<net id="896"><net_src comp="106" pin="1"/><net_sink comp="893" pin=0"/></net>

<net id="897"><net_src comp="893" pin="1"/><net_sink comp="338" pin=1"/></net>

<net id="898"><net_src comp="893" pin="1"/><net_sink comp="519" pin=0"/></net>

<net id="902"><net_src comp="110" pin="1"/><net_sink comp="899" pin=0"/></net>

<net id="903"><net_src comp="899" pin="1"/><net_sink comp="333" pin=1"/></net>

<net id="904"><net_src comp="899" pin="1"/><net_sink comp="522" pin=0"/></net>

<net id="908"><net_src comp="114" pin="1"/><net_sink comp="905" pin=0"/></net>

<net id="909"><net_src comp="905" pin="1"/><net_sink comp="328" pin=1"/></net>

<net id="910"><net_src comp="905" pin="1"/><net_sink comp="525" pin=0"/></net>

<net id="914"><net_src comp="118" pin="1"/><net_sink comp="911" pin=0"/></net>

<net id="915"><net_src comp="911" pin="1"/><net_sink comp="393" pin=1"/></net>

<net id="916"><net_src comp="911" pin="1"/><net_sink comp="528" pin=0"/></net>

<net id="920"><net_src comp="122" pin="1"/><net_sink comp="917" pin=0"/></net>

<net id="921"><net_src comp="917" pin="1"/><net_sink comp="388" pin=1"/></net>

<net id="922"><net_src comp="917" pin="1"/><net_sink comp="531" pin=0"/></net>

<net id="926"><net_src comp="126" pin="1"/><net_sink comp="923" pin=0"/></net>

<net id="927"><net_src comp="923" pin="1"/><net_sink comp="383" pin=1"/></net>

<net id="928"><net_src comp="923" pin="1"/><net_sink comp="534" pin=0"/></net>

<net id="932"><net_src comp="130" pin="1"/><net_sink comp="929" pin=0"/></net>

<net id="933"><net_src comp="929" pin="1"/><net_sink comp="378" pin=1"/></net>

<net id="934"><net_src comp="929" pin="1"/><net_sink comp="537" pin=0"/></net>

<net id="938"><net_src comp="134" pin="1"/><net_sink comp="935" pin=0"/></net>

<net id="939"><net_src comp="935" pin="1"/><net_sink comp="373" pin=1"/></net>

<net id="940"><net_src comp="935" pin="1"/><net_sink comp="540" pin=0"/></net>

<net id="944"><net_src comp="138" pin="1"/><net_sink comp="941" pin=0"/></net>

<net id="945"><net_src comp="941" pin="1"/><net_sink comp="368" pin=1"/></net>

<net id="946"><net_src comp="941" pin="1"/><net_sink comp="543" pin=0"/></net>

<net id="950"><net_src comp="142" pin="1"/><net_sink comp="947" pin=0"/></net>

<net id="951"><net_src comp="947" pin="1"/><net_sink comp="363" pin=1"/></net>

<net id="952"><net_src comp="947" pin="1"/><net_sink comp="546" pin=0"/></net>

<net id="956"><net_src comp="146" pin="1"/><net_sink comp="953" pin=0"/></net>

<net id="957"><net_src comp="953" pin="1"/><net_sink comp="428" pin=1"/></net>

<net id="958"><net_src comp="953" pin="1"/><net_sink comp="549" pin=0"/></net>

<net id="962"><net_src comp="150" pin="1"/><net_sink comp="959" pin=0"/></net>

<net id="963"><net_src comp="959" pin="1"/><net_sink comp="423" pin=1"/></net>

<net id="964"><net_src comp="959" pin="1"/><net_sink comp="552" pin=0"/></net>

<net id="968"><net_src comp="154" pin="1"/><net_sink comp="965" pin=0"/></net>

<net id="969"><net_src comp="965" pin="1"/><net_sink comp="418" pin=1"/></net>

<net id="970"><net_src comp="965" pin="1"/><net_sink comp="555" pin=0"/></net>

<net id="974"><net_src comp="158" pin="1"/><net_sink comp="971" pin=0"/></net>

<net id="975"><net_src comp="971" pin="1"/><net_sink comp="413" pin=1"/></net>

<net id="976"><net_src comp="971" pin="1"/><net_sink comp="558" pin=0"/></net>

<net id="980"><net_src comp="162" pin="1"/><net_sink comp="977" pin=0"/></net>

<net id="981"><net_src comp="977" pin="1"/><net_sink comp="408" pin=1"/></net>

<net id="982"><net_src comp="977" pin="1"/><net_sink comp="561" pin=0"/></net>

<net id="986"><net_src comp="166" pin="1"/><net_sink comp="983" pin=0"/></net>

<net id="987"><net_src comp="983" pin="1"/><net_sink comp="403" pin=1"/></net>

<net id="988"><net_src comp="983" pin="1"/><net_sink comp="564" pin=0"/></net>

<net id="992"><net_src comp="170" pin="1"/><net_sink comp="989" pin=0"/></net>

<net id="993"><net_src comp="989" pin="1"/><net_sink comp="398" pin=1"/></net>

<net id="994"><net_src comp="989" pin="1"/><net_sink comp="567" pin=0"/></net>

<net id="998"><net_src comp="174" pin="1"/><net_sink comp="995" pin=0"/></net>

<net id="999"><net_src comp="995" pin="1"/><net_sink comp="463" pin=1"/></net>

<net id="1000"><net_src comp="995" pin="1"/><net_sink comp="570" pin=0"/></net>

<net id="1004"><net_src comp="178" pin="1"/><net_sink comp="1001" pin=0"/></net>

<net id="1005"><net_src comp="1001" pin="1"/><net_sink comp="458" pin=1"/></net>

<net id="1006"><net_src comp="1001" pin="1"/><net_sink comp="573" pin=0"/></net>

<net id="1010"><net_src comp="182" pin="1"/><net_sink comp="1007" pin=0"/></net>

<net id="1011"><net_src comp="1007" pin="1"/><net_sink comp="453" pin=1"/></net>

<net id="1012"><net_src comp="1007" pin="1"/><net_sink comp="576" pin=0"/></net>

<net id="1016"><net_src comp="186" pin="1"/><net_sink comp="1013" pin=0"/></net>

<net id="1017"><net_src comp="1013" pin="1"/><net_sink comp="448" pin=1"/></net>

<net id="1018"><net_src comp="1013" pin="1"/><net_sink comp="579" pin=0"/></net>

<net id="1022"><net_src comp="190" pin="1"/><net_sink comp="1019" pin=0"/></net>

<net id="1023"><net_src comp="1019" pin="1"/><net_sink comp="443" pin=1"/></net>

<net id="1024"><net_src comp="1019" pin="1"/><net_sink comp="582" pin=0"/></net>

<net id="1028"><net_src comp="194" pin="1"/><net_sink comp="1025" pin=0"/></net>

<net id="1029"><net_src comp="1025" pin="1"/><net_sink comp="438" pin=1"/></net>

<net id="1030"><net_src comp="1025" pin="1"/><net_sink comp="585" pin=0"/></net>

<net id="1034"><net_src comp="198" pin="1"/><net_sink comp="1031" pin=0"/></net>

<net id="1035"><net_src comp="1031" pin="1"/><net_sink comp="433" pin=1"/></net>

<net id="1036"><net_src comp="1031" pin="1"/><net_sink comp="588" pin=0"/></net>

<net id="1040"><net_src comp="240" pin="2"/><net_sink comp="1037" pin=0"/></net>

<net id="1044"><net_src comp="260" pin="1"/><net_sink comp="1041" pin=0"/></net>

<net id="1045"><net_src comp="1041" pin="1"/><net_sink comp="591" pin=10"/></net>

<net id="1046"><net_src comp="1041" pin="1"/><net_sink comp="626" pin=10"/></net>

<net id="1047"><net_src comp="1041" pin="1"/><net_sink comp="661" pin=10"/></net>

<net id="1048"><net_src comp="1041" pin="1"/><net_sink comp="696" pin=10"/></net>

<net id="1049"><net_src comp="1041" pin="1"/><net_sink comp="731" pin=10"/></net>

<net id="1050"><net_src comp="1041" pin="1"/><net_sink comp="766" pin=10"/></net>

<net id="1051"><net_src comp="1041" pin="1"/><net_sink comp="801" pin=10"/></net>

<net id="1055"><net_src comp="264" pin="1"/><net_sink comp="1052" pin=0"/></net>

<net id="1056"><net_src comp="1052" pin="1"/><net_sink comp="614" pin=1"/></net>

<net id="1057"><net_src comp="1052" pin="1"/><net_sink comp="619" pin=2"/></net>

<net id="1061"><net_src comp="268" pin="4"/><net_sink comp="1058" pin=0"/></net>

<net id="1062"><net_src comp="1058" pin="1"/><net_sink comp="649" pin=1"/></net>

<net id="1063"><net_src comp="1058" pin="1"/><net_sink comp="654" pin=2"/></net>

<net id="1067"><net_src comp="278" pin="4"/><net_sink comp="1064" pin=0"/></net>

<net id="1068"><net_src comp="1064" pin="1"/><net_sink comp="684" pin=1"/></net>

<net id="1069"><net_src comp="1064" pin="1"/><net_sink comp="689" pin=2"/></net>

<net id="1073"><net_src comp="288" pin="4"/><net_sink comp="1070" pin=0"/></net>

<net id="1074"><net_src comp="1070" pin="1"/><net_sink comp="719" pin=1"/></net>

<net id="1075"><net_src comp="1070" pin="1"/><net_sink comp="724" pin=2"/></net>

<net id="1079"><net_src comp="298" pin="4"/><net_sink comp="1076" pin=0"/></net>

<net id="1080"><net_src comp="1076" pin="1"/><net_sink comp="754" pin=1"/></net>

<net id="1081"><net_src comp="1076" pin="1"/><net_sink comp="759" pin=2"/></net>

<net id="1085"><net_src comp="308" pin="4"/><net_sink comp="1082" pin=0"/></net>

<net id="1086"><net_src comp="1082" pin="1"/><net_sink comp="789" pin=1"/></net>

<net id="1087"><net_src comp="1082" pin="1"/><net_sink comp="794" pin=2"/></net>

<net id="1091"><net_src comp="318" pin="4"/><net_sink comp="1088" pin=0"/></net>

<net id="1092"><net_src comp="1088" pin="1"/><net_sink comp="824" pin=1"/></net>

<net id="1093"><net_src comp="1088" pin="1"/><net_sink comp="829" pin=2"/></net>

<net id="1097"><net_src comp="486" pin="3"/><net_sink comp="1094" pin=0"/></net>

<net id="1098"><net_src comp="1094" pin="1"/><net_sink comp="219" pin=2"/></net>

</net_list>

</model> 
---------------- Datapath Model END ------------------

* FSMD analyzer results:
  - Output states:
	Port: layer5_out | {3 }
 - Input state : 
	Port: maxpool2d_nonoverlap_cl<array,array<ap_fixed<16,6,5,3,0>,7u>,config5> : layer4_out | {2 }
  - Chain level:
	State 1
		store_ln373 : 1
		i_3 : 1
		icmp_ln373 : 2
		i_4 : 2
		br_ln373 : 3
		store_ln373 : 3
	State 2
		trunc_ln373 : 1
		br_ln378 : 1
		switch_ln382 : 2
		store_ln376 : 1
		store_ln376 : 1
		store_ln376 : 1
		store_ln376 : 1
		store_ln376 : 1
		store_ln376 : 1
		store_ln376 : 1
		store_ln376 : 1
		store_ln376 : 1
		store_ln376 : 1
		store_ln376 : 1
		store_ln376 : 1
		store_ln376 : 1
		store_ln376 : 1
		store_ln376 : 1
		store_ln376 : 1
		store_ln376 : 1
		store_ln376 : 1
		store_ln376 : 1
		store_ln376 : 1
		store_ln376 : 1
		store_ln376 : 1
		store_ln376 : 1
		store_ln376 : 1
		store_ln376 : 1
		store_ln376 : 1
		store_ln376 : 1
		store_ln376 : 1
		icmp_ln395 : 1
		on_second_row_1 : 1
		i_w_4 : 1
		on_second_row_2 : 2
		i_w_5 : 2
		store_ln369 : 3
	State 3
		tmp_s : 1
		icmp_ln390 : 2
		select_ln390 : 3
		tmp_1 : 1
		icmp_ln390_1 : 2
		select_ln390_1 : 3
		tmp_2 : 1
		icmp_ln390_2 : 2
		select_ln390_2 : 3
		tmp_3 : 1
		icmp_ln390_3 : 2
		select_ln390_3 : 3
		tmp_4 : 1
		icmp_ln390_4 : 2
		select_ln390_4 : 3
		tmp_5 : 1
		icmp_ln390_5 : 2
		select_ln390_5 : 3
		tmp_6 : 1
		icmp_ln390_6 : 2
		select_ln390_6 : 3
		or_ln392_s : 4
		write_ln392 : 5


============================================================
+ Verbose Summary: Datapath Resource usage 
============================================================

* Functional unit list:
|----------|-----------------------------|---------|---------|
| Operation|       Functional Unit       |    FF   |   LUT   |
|----------|-----------------------------|---------|---------|
|          |      icmp_ln373_fu_240      |    0    |    16   |
|          |      icmp_ln395_fu_468      |    0    |    39   |
|          |      icmp_ln390_fu_614      |    0    |    23   |
|          |     icmp_ln390_1_fu_649     |    0    |    23   |
|   icmp   |     icmp_ln390_2_fu_684     |    0    |    23   |
|          |     icmp_ln390_3_fu_719     |    0    |    23   |
|          |     icmp_ln390_4_fu_754     |    0    |    23   |
|          |     icmp_ln390_5_fu_789     |    0    |    23   |
|          |     icmp_ln390_6_fu_824     |    0    |    23   |
|----------|-----------------------------|---------|---------|
|          |    on_second_row_2_fu_486   |    0    |    2    |
|          |         i_w_5_fu_494        |    0    |    32   |
|          |     select_ln390_fu_619     |    0    |    16   |
|          |    select_ln390_1_fu_654    |    0    |    16   |
|  select  |    select_ln390_2_fu_689    |    0    |    16   |
|          |    select_ln390_3_fu_724    |    0    |    16   |
|          |    select_ln390_4_fu_759    |    0    |    16   |
|          |    select_ln390_5_fu_794    |    0    |    16   |
|          |    select_ln390_6_fu_829    |    0    |    16   |
|----------|-----------------------------|---------|---------|
|          |         tmp_s_fu_591        |    0    |    20   |
|          |         tmp_1_fu_626        |    0    |    20   |
|          |         tmp_2_fu_661        |    0    |    20   |
| sparsemux|         tmp_3_fu_696        |    0    |    20   |
|          |         tmp_4_fu_731        |    0    |    20   |
|          |         tmp_5_fu_766        |    0    |    20   |
|          |         tmp_6_fu_801        |    0    |    20   |
|----------|-----------------------------|---------|---------|
|    add   |          i_4_fu_246         |    0    |    16   |
|          |         i_w_4_fu_480        |    0    |    39   |
|----------|-----------------------------|---------|---------|
|    xor   |    on_second_row_1_fu_474   |    0    |    2    |
|----------|-----------------------------|---------|---------|
|   read   | layer4_out_read_read_fu_202 |    0    |    0    |
|----------|-----------------------------|---------|---------|
|   write  |   write_ln392_write_fu_208  |    0    |    0    |
|----------|-----------------------------|---------|---------|
|   trunc  |      trunc_ln373_fu_260     |    0    |    0    |
|          |          cur_fu_264         |    0    |    0    |
|----------|-----------------------------|---------|---------|
|          |         cur_1_fu_268        |    0    |    0    |
|          |         cur_2_fu_278        |    0    |    0    |
|partselect|         cur_3_fu_288        |    0    |    0    |
|          |     trunc_ln376_4_fu_298    |    0    |    0    |
|          |     trunc_ln376_5_fu_308    |    0    |    0    |
|          |     trunc_ln376_6_fu_318    |    0    |    0    |
|----------|-----------------------------|---------|---------|
|bitconcatenate|      or_ln392_s_fu_836      |    0    |    0    |
|----------|-----------------------------|---------|---------|
|   Total  |                             |    0    |   559   |
|----------|-----------------------------|---------|---------|

Memories:
N/A

* Register list:
+------------------------+--------+
|                        |   FF   |
+------------------------+--------+
|     cur_1_reg_1058     |   16   |
|     cur_2_reg_1064     |   16   |
|     cur_3_reg_1070     |   16   |
|      cur_reg_1052      |   16   |
|        i_reg_855       |    9   |
|       i_w_reg_862      |   32   |
|   icmp_ln373_reg_1037  |    1   |
| mux_case_010354_reg_971|   16   |
| mux_case_010757_reg_977|   16   |
| mux_case_011160_reg_983|   16   |
| mux_case_011563_reg_989|   16   |
| mux_case_09548_reg_959 |   16   |
| mux_case_09951_reg_965 |   16   |
| mux_case_110030_reg_923|   16   |
| mux_case_110433_reg_929|   16   |
| mux_case_110836_reg_935|   16   |
| mux_case_111239_reg_941|   16   |
| mux_case_111642_reg_947|   16   |
| mux_case_19627_reg_917 |   16   |
| mux_case_21019_reg_881 |   16   |
| mux_case_210512_reg_887|   16   |
| mux_case_210915_reg_893|   16   |
| mux_case_211318_reg_899|   16   |
| mux_case_211721_reg_905|   16   |
|  mux_case_2976_reg_875 |   16   |
|mux_case_310272_reg_1007|   16   |
|mux_case_310675_reg_1013|   16   |
|mux_case_311078_reg_1019|   16   |
|mux_case_311481_reg_1025|   16   |
|mux_case_311884_reg_1031|   16   |
| mux_case_39869_reg_1001|   16   |
|on_second_row_2_reg_1094|    1   |
|  on_second_row_reg_215 |    1   |
|  p_0_0_0_0_024_reg_911 |   16   |
|  p_0_0_0_0_03_reg_869  |   16   |
|  p_0_0_0_0_045_reg_953 |   16   |
|  p_0_0_0_0_066_reg_995 |   16   |
|  trunc_ln373_reg_1041  |    2   |
| trunc_ln376_4_reg_1076 |   16   |
| trunc_ln376_5_reg_1082 |   16   |
| trunc_ln376_6_reg_1088 |   16   |
+------------------------+--------+
|          Total         |   606  |
+------------------------+--------+

* Multiplexer (MUX) list: 
|-----------------------|------|------|------|--------||---------||---------|
|          Comp         |  Pin | Size |  BW  | S x BW ||  Delay  ||   LUT   |
|-----------------------|------|------|------|--------||---------||---------|
| on_second_row_reg_215 |  p0  |   2  |   1  |    2   ||    9    |
|-----------------------|------|------|------|--------||---------||---------|
|         Total         |      |      |      |    2   ||  0.427  ||    9    |
|-----------------------|------|------|------|--------||---------||---------|



* Summary:
+-----------+--------+--------+--------+
|           |  Delay |   FF   |   LUT  |
+-----------+--------+--------+--------+
|  Function |    -   |    0   |   559  |
|   Memory  |    -   |    -   |    -   |
|Multiplexer|    0   |    -   |    9   |
|  Register |    -   |   606  |    -   |
+-----------+--------+--------+--------+
|   Total   |    0   |   606  |   568  |
+-----------+--------+--------+--------+
