

================================================================
== Vitis HLS Report for 'maxpool2d_wide_nonoverlap_cl_array_array_ap_fixed_28u_config5_s'
================================================================
* Date:           Sun May 17 03:02:29 2026

* Version:        2023.2 (Build 4023990 on Oct 11 2023)
* Project:        cnn_core_streaming_prj
* Solution:       solution1 (Vivado IP Flow Target)
* Product family: kintexuplus
* Target device:  xcku5p-ffvb676-2-e


================================================================
== Performance Estimates
================================================================
+ Timing: 
    * Summary: 
    +--------+---------+----------+------------+
    |  Clock |  Target | Estimated| Uncertainty|
    +--------+---------+----------+------------+
    |ap_clk  |  5.00 ns|  2.831 ns|     1.35 ns|
    +--------+---------+----------+------------+

+ Latency: 
    * Summary: 
    +---------+---------+----------+----------+-----+-----+---------+
    |  Latency (cycles) |  Latency (absolute) |  Interval | Pipeline|
    |   min   |   max   |    min   |    max   | min | max |   Type  |
    +---------+---------+----------+----------+-----+-----+---------+
    |       87|       87|  0.435 us|  0.435 us|   87|   87|       no|
    +---------+---------+----------+----------+-----+-----+---------+

    + Detail: 
        * Instance: 
        N/A

        * Loop: 
        +----------------+---------+---------+----------+-----------+-----------+------+----------+
        |                |  Latency (cycles) | Iteration|  Initiation Interval  | Trip |          |
        |    Loop Name   |   min   |   max   |  Latency |  achieved |   target  | Count| Pipelined|
        +----------------+---------+---------+----------+-----------+-----------+------+----------+
        |- PoolWideMain  |       85|       85|         3|          1|          1|    84|       yes|
        +----------------+---------+---------+----------+-----------+-----------+------+----------+

============================================================
+ Verbose Summary: Synthesis Manager
============================================================
InlineROM: 1
ExposeGlobal: 0
============================================================
+ Verbose Summary: CDFG Model
============================================================
IsTopModel: 0
ResetActiveHigh: 1
IsCombinational: 2
IsDatapathOnly: 0
HasWiredReturn: 1
HasMFsm: 2
HasVarLatency: 1
IsPipeline: 0
IsRtlPipelined: 0
IsInstanceOverlapped: 0
IsDontTouch: 0
HasImplIP: 0
IsGatedGlobalClock: 0

+ Individual pipeline summary: 
  * Pipeline-0: initiation interval (II) = 1, depth = 3


============================================================
+ Verbose Summary: Schedule
============================================================
* Number of FSM states : 3
* Pipeline : 1
  Pipeline-0 : II = 1, D = 3, States = { 1 2 3 }
* Dataflow Pipeline: 0

* FSM state transitions: 
1 --> 2 
2 --> 3 
3 --> 

* FSM state operations: 

State 1 <SV = 0> <Delay = 1.62>
ST_1 : Operation 6 [1/1] (0.00ns)   --->   "%i_ih = alloca i32 1" [firmware/nnet_utils/nnet_pooling_stream.h:430]   --->   Operation 6 'alloca' 'i_ih' <Predicate = true> <Delay = 0.00>
ST_1 : Operation 7 [1/1] (0.00ns)   --->   "%empty = alloca i32 1"   --->   Operation 7 'alloca' 'empty' <Predicate = true> <Delay = 0.00>
ST_1 : Operation 8 [1/1] (0.00ns)   --->   "%p_0_1_0_0_02 = alloca i32 1"   --->   Operation 8 'alloca' 'p_0_1_0_0_02' <Predicate = true> <Delay = 0.00>
ST_1 : Operation 9 [1/1] (0.00ns)   --->   "%p_0_2_0_0_04 = alloca i32 1"   --->   Operation 9 'alloca' 'p_0_2_0_0_04' <Predicate = true> <Delay = 0.00>
ST_1 : Operation 10 [1/1] (0.00ns)   --->   "%p_0_3_0_0_06 = alloca i32 1"   --->   Operation 10 'alloca' 'p_0_3_0_0_06' <Predicate = true> <Delay = 0.00>
ST_1 : Operation 11 [1/1] (0.00ns)   --->   "%p_0_4_0_0_08 = alloca i32 1"   --->   Operation 11 'alloca' 'p_0_4_0_0_08' <Predicate = true> <Delay = 0.00>
ST_1 : Operation 12 [1/1] (0.00ns)   --->   "%p_0_5_0_0_010 = alloca i32 1"   --->   Operation 12 'alloca' 'p_0_5_0_0_010' <Predicate = true> <Delay = 0.00>
ST_1 : Operation 13 [1/1] (0.00ns)   --->   "%p_0_6_0_0_012 = alloca i32 1"   --->   Operation 13 'alloca' 'p_0_6_0_0_012' <Predicate = true> <Delay = 0.00>
ST_1 : Operation 14 [1/1] (0.00ns)   --->   "%p_0_7_0_0_014 = alloca i32 1"   --->   Operation 14 'alloca' 'p_0_7_0_0_014' <Predicate = true> <Delay = 0.00>
ST_1 : Operation 15 [1/1] (0.00ns)   --->   "%p_0_8_0_0_016 = alloca i32 1"   --->   Operation 15 'alloca' 'p_0_8_0_0_016' <Predicate = true> <Delay = 0.00>
ST_1 : Operation 16 [1/1] (0.00ns)   --->   "%p_0_9_0_0_018 = alloca i32 1"   --->   Operation 16 'alloca' 'p_0_9_0_0_018' <Predicate = true> <Delay = 0.00>
ST_1 : Operation 17 [1/1] (0.00ns)   --->   "%p_0_10_0_0_020 = alloca i32 1"   --->   Operation 17 'alloca' 'p_0_10_0_0_020' <Predicate = true> <Delay = 0.00>
ST_1 : Operation 18 [1/1] (0.00ns)   --->   "%p_0_11_0_0_022 = alloca i32 1"   --->   Operation 18 'alloca' 'p_0_11_0_0_022' <Predicate = true> <Delay = 0.00>
ST_1 : Operation 19 [1/1] (0.00ns)   --->   "%p_0_12_0_0_024 = alloca i32 1"   --->   Operation 19 'alloca' 'p_0_12_0_0_024' <Predicate = true> <Delay = 0.00>
ST_1 : Operation 20 [1/1] (0.00ns)   --->   "%p_0_13_0_0_026 = alloca i32 1"   --->   Operation 20 'alloca' 'p_0_13_0_0_026' <Predicate = true> <Delay = 0.00>
ST_1 : Operation 21 [1/1] (0.00ns)   --->   "%p_0_14_0_0_028 = alloca i32 1"   --->   Operation 21 'alloca' 'p_0_14_0_0_028' <Predicate = true> <Delay = 0.00>
ST_1 : Operation 22 [1/1] (0.00ns)   --->   "%p_0_15_0_0_030 = alloca i32 1"   --->   Operation 22 'alloca' 'p_0_15_0_0_030' <Predicate = true> <Delay = 0.00>
ST_1 : Operation 23 [1/1] (0.00ns)   --->   "%p_0_16_0_0_032 = alloca i32 1"   --->   Operation 23 'alloca' 'p_0_16_0_0_032' <Predicate = true> <Delay = 0.00>
ST_1 : Operation 24 [1/1] (0.00ns)   --->   "%p_0_17_0_0_034 = alloca i32 1"   --->   Operation 24 'alloca' 'p_0_17_0_0_034' <Predicate = true> <Delay = 0.00>
ST_1 : Operation 25 [1/1] (0.00ns)   --->   "%p_0_18_0_0_036 = alloca i32 1"   --->   Operation 25 'alloca' 'p_0_18_0_0_036' <Predicate = true> <Delay = 0.00>
ST_1 : Operation 26 [1/1] (0.00ns)   --->   "%p_0_19_0_0_038 = alloca i32 1"   --->   Operation 26 'alloca' 'p_0_19_0_0_038' <Predicate = true> <Delay = 0.00>
ST_1 : Operation 27 [1/1] (0.00ns)   --->   "%p_0_20_0_0_040 = alloca i32 1"   --->   Operation 27 'alloca' 'p_0_20_0_0_040' <Predicate = true> <Delay = 0.00>
ST_1 : Operation 28 [1/1] (0.00ns)   --->   "%p_0_21_0_0_042 = alloca i32 1"   --->   Operation 28 'alloca' 'p_0_21_0_0_042' <Predicate = true> <Delay = 0.00>
ST_1 : Operation 29 [1/1] (0.00ns)   --->   "%p_0_22_0_0_044 = alloca i32 1"   --->   Operation 29 'alloca' 'p_0_22_0_0_044' <Predicate = true> <Delay = 0.00>
ST_1 : Operation 30 [1/1] (0.00ns)   --->   "%p_0_23_0_0_046 = alloca i32 1"   --->   Operation 30 'alloca' 'p_0_23_0_0_046' <Predicate = true> <Delay = 0.00>
ST_1 : Operation 31 [1/1] (0.00ns)   --->   "%p_0_24_0_0_048 = alloca i32 1"   --->   Operation 31 'alloca' 'p_0_24_0_0_048' <Predicate = true> <Delay = 0.00>
ST_1 : Operation 32 [1/1] (0.00ns)   --->   "%p_0_25_0_0_050 = alloca i32 1"   --->   Operation 32 'alloca' 'p_0_25_0_0_050' <Predicate = true> <Delay = 0.00>
ST_1 : Operation 33 [1/1] (0.00ns)   --->   "%p_0_26_0_0_052 = alloca i32 1"   --->   Operation 33 'alloca' 'p_0_26_0_0_052' <Predicate = true> <Delay = 0.00>
ST_1 : Operation 34 [1/1] (0.00ns)   --->   "%p_0_27_0_0_054 = alloca i32 1"   --->   Operation 34 'alloca' 'p_0_27_0_0_054' <Predicate = true> <Delay = 0.00>
ST_1 : Operation 35 [1/1] (0.00ns)   --->   "%specinterface_ln0 = specinterface void @_ssdm_op_SpecInterface, i448 %layer5x4_out, void @empty_9, i32 0, i32 0, void @empty_0, i32 0, i32 0, void @empty_0, void @empty_0, void @empty_0, i32 0, i32 0, i32 0, i32 0, void @empty_0, void @empty_0, i32 4294967295, i32 0"   --->   Operation 35 'specinterface' 'specinterface_ln0' <Predicate = true> <Delay = 0.00>
ST_1 : Operation 36 [1/1] (0.00ns)   --->   "%specinterface_ln0 = specinterface void @_ssdm_op_SpecInterface, i448 %layer4x4_out, void @empty_9, i32 0, i32 0, void @empty_0, i32 0, i32 0, void @empty_0, void @empty_0, void @empty_0, i32 0, i32 0, i32 0, i32 0, void @empty_0, void @empty_0, i32 4294967295, i32 0"   --->   Operation 36 'specinterface' 'specinterface_ln0' <Predicate = true> <Delay = 0.00>
ST_1 : Operation 37 [1/1] (0.42ns)   --->   "%store_ln430 = store i7 0, i7 %i_ih" [firmware/nnet_utils/nnet_pooling_stream.h:430]   --->   Operation 37 'store' 'store_ln430' <Predicate = true> <Delay = 0.42>
ST_1 : Operation 38 [1/1] (0.42ns)   --->   "%br_ln430 = br void %for.body" [firmware/nnet_utils/nnet_pooling_stream.h:430]   --->   Operation 38 'br' 'br_ln430' <Predicate = true> <Delay = 0.42>
ST_1 : Operation 39 [1/1] (0.00ns)   --->   "%on_second_row = phi i1 0, void %entry, i1 %on_second_row_1, void %for.inc24"   --->   Operation 39 'phi' 'on_second_row' <Predicate = true> <Delay = 0.00>
ST_1 : Operation 40 [1/1] (0.00ns)   --->   "%i_ih_1 = load i7 %i_ih" [firmware/nnet_utils/nnet_pooling_stream.h:430]   --->   Operation 40 'load' 'i_ih_1' <Predicate = true> <Delay = 0.00>
ST_1 : Operation 41 [1/1] (0.77ns)   --->   "%icmp_ln430 = icmp_eq  i7 %i_ih_1, i7 84" [firmware/nnet_utils/nnet_pooling_stream.h:430]   --->   Operation 41 'icmp' 'icmp_ln430' <Predicate = true> <Delay = 0.77> <CoreInst = "Cmp">   --->   Core 9 'Cmp' <Latency = 0> <II = 1> <Delay = 0.77> <FuncUnit> <Opcode : 'icmp'> <InPorts = 2> <OutPorts = 1>
ST_1 : Operation 42 [1/1] (0.77ns)   --->   "%i_ih_2 = add i7 %i_ih_1, i7 1" [firmware/nnet_utils/nnet_pooling_stream.h:430]   --->   Operation 42 'add' 'i_ih_2' <Predicate = true> <Delay = 0.77> <CoreInst = "Adder">   --->   Core 1 'Adder' <Latency = 0> <II = 1> <Delay = 0.77> <FuncUnit> <Opcode : 'add' 'sub'> <InPorts = 2> <OutPorts = 1>
ST_1 : Operation 43 [1/1] (0.00ns)   --->   "%br_ln430 = br i1 %icmp_ln430, void %for.body.split, void %for.end26" [firmware/nnet_utils/nnet_pooling_stream.h:430]   --->   Operation 43 'br' 'br_ln430' <Predicate = true> <Delay = 0.00>
ST_1 : Operation 44 [1/1] (0.00ns)   --->   "%br_ln435 = br i1 %on_second_row, void %for.body.split.for.inc24_crit_edge, void %PoolWideMax" [firmware/nnet_utils/nnet_pooling_stream.h:435]   --->   Operation 44 'br' 'br_ln435' <Predicate = (!icmp_ln430)> <Delay = 0.00>
ST_1 : Operation 45 [1/1] (0.28ns)   --->   "%on_second_row_1 = xor i1 %on_second_row, i1 1" [firmware/nnet_utils/nnet_pooling_stream.h:454]   --->   Operation 45 'xor' 'on_second_row_1' <Predicate = (!icmp_ln430)> <Delay = 0.28> <CoreInst = "LogicGate">   --->   Core 74 'LogicGate' <Latency = 0> <II = 1> <Delay = 0.28> <FuncUnit> <Opcode : 'and' 'or' 'xor'> <InPorts = 2> <OutPorts = 1>
ST_1 : Operation 46 [1/1] (0.42ns)   --->   "%store_ln430 = store i7 %i_ih_2, i7 %i_ih" [firmware/nnet_utils/nnet_pooling_stream.h:430]   --->   Operation 46 'store' 'store_ln430' <Predicate = (!icmp_ln430)> <Delay = 0.42>
ST_1 : Operation 47 [1/1] (0.00ns)   --->   "%br_ln430 = br void %for.body" [firmware/nnet_utils/nnet_pooling_stream.h:430]   --->   Operation 47 'br' 'br_ln430' <Predicate = (!icmp_ln430)> <Delay = 0.00>

State 2 <SV = 1> <Delay = 1.63>
ST_2 : Operation 48 [1/1] (0.00ns)   --->   "%specpipeline_ln431 = specpipeline void @_ssdm_op_SpecPipeline, i32 1, i32 0, i32 0, i32 0, void @empty_0" [firmware/nnet_utils/nnet_pooling_stream.h:431]   --->   Operation 48 'specpipeline' 'specpipeline_ln431' <Predicate = true> <Delay = 0.00>
ST_2 : Operation 49 [1/1] (0.00ns)   --->   "%speclooptripcount_ln430 = speclooptripcount void @_ssdm_op_SpecLoopTripCount, i64 84, i64 84, i64 84" [firmware/nnet_utils/nnet_pooling_stream.h:430]   --->   Operation 49 'speclooptripcount' 'speclooptripcount_ln430' <Predicate = true> <Delay = 0.00>
ST_2 : Operation 50 [1/1] (0.00ns)   --->   "%specloopname_ln430 = specloopname void @_ssdm_op_SpecLoopName, void @empty_4" [firmware/nnet_utils/nnet_pooling_stream.h:430]   --->   Operation 50 'specloopname' 'specloopname_ln430' <Predicate = true> <Delay = 0.00>
ST_2 : Operation 51 [1/1] (1.63ns)   --->   "%layer4x4_out_read = read i448 @_ssdm_op_Read.ap_fifo.volatile.i448P0A, i448 %layer4x4_out" [firmware/nnet_utils/nnet_pooling_stream.h:433]   --->   Operation 51 'read' 'layer4x4_out_read' <Predicate = true> <Delay = 1.63> <CoreInst = "FIFO">   --->   Core 78 'FIFO' <Latency = 0> <II = 1> <Delay = 1.63> <Storage> <Opcode : 'read' 'write' 'nbread' 'nbwrite'> <Ports = 0> <Width = 448> <Depth = 4> <FIFO>
ST_2 : Operation 52 [1/1] (0.00ns)   --->   "%cur = trunc i448 %layer4x4_out_read" [firmware/nnet_utils/nnet_pooling_stream.h:433]   --->   Operation 52 'trunc' 'cur' <Predicate = true> <Delay = 0.00>
ST_2 : Operation 53 [1/1] (0.00ns)   --->   "%cur_1 = partselect i16 @_ssdm_op_PartSelect.i16.i448.i32.i32, i448 %layer4x4_out_read, i32 16, i32 31" [firmware/nnet_utils/nnet_pooling_stream.h:433]   --->   Operation 53 'partselect' 'cur_1' <Predicate = true> <Delay = 0.00>
ST_2 : Operation 54 [1/1] (0.00ns)   --->   "%cur_2 = partselect i16 @_ssdm_op_PartSelect.i16.i448.i32.i32, i448 %layer4x4_out_read, i32 32, i32 47" [firmware/nnet_utils/nnet_pooling_stream.h:433]   --->   Operation 54 'partselect' 'cur_2' <Predicate = true> <Delay = 0.00>
ST_2 : Operation 55 [1/1] (0.00ns)   --->   "%cur_3 = partselect i16 @_ssdm_op_PartSelect.i16.i448.i32.i32, i448 %layer4x4_out_read, i32 48, i32 63" [firmware/nnet_utils/nnet_pooling_stream.h:433]   --->   Operation 55 'partselect' 'cur_3' <Predicate = true> <Delay = 0.00>
ST_2 : Operation 56 [1/1] (0.00ns)   --->   "%trunc_ln433_4 = partselect i16 @_ssdm_op_PartSelect.i16.i448.i32.i32, i448 %layer4x4_out_read, i32 64, i32 79" [firmware/nnet_utils/nnet_pooling_stream.h:433]   --->   Operation 56 'partselect' 'trunc_ln433_4' <Predicate = true> <Delay = 0.00>
ST_2 : Operation 57 [1/1] (0.00ns)   --->   "%trunc_ln433_5 = partselect i16 @_ssdm_op_PartSelect.i16.i448.i32.i32, i448 %layer4x4_out_read, i32 80, i32 95" [firmware/nnet_utils/nnet_pooling_stream.h:433]   --->   Operation 57 'partselect' 'trunc_ln433_5' <Predicate = true> <Delay = 0.00>
ST_2 : Operation 58 [1/1] (0.00ns)   --->   "%trunc_ln433_6 = partselect i16 @_ssdm_op_PartSelect.i16.i448.i32.i32, i448 %layer4x4_out_read, i32 96, i32 111" [firmware/nnet_utils/nnet_pooling_stream.h:433]   --->   Operation 58 'partselect' 'trunc_ln433_6' <Predicate = true> <Delay = 0.00>
ST_2 : Operation 59 [1/1] (0.00ns)   --->   "%trunc_ln433_7 = partselect i16 @_ssdm_op_PartSelect.i16.i448.i32.i32, i448 %layer4x4_out_read, i32 112, i32 127" [firmware/nnet_utils/nnet_pooling_stream.h:433]   --->   Operation 59 'partselect' 'trunc_ln433_7' <Predicate = true> <Delay = 0.00>
ST_2 : Operation 60 [1/1] (0.00ns)   --->   "%trunc_ln433_8 = partselect i16 @_ssdm_op_PartSelect.i16.i448.i32.i32, i448 %layer4x4_out_read, i32 128, i32 143" [firmware/nnet_utils/nnet_pooling_stream.h:433]   --->   Operation 60 'partselect' 'trunc_ln433_8' <Predicate = true> <Delay = 0.00>
ST_2 : Operation 61 [1/1] (0.00ns)   --->   "%trunc_ln433_9 = partselect i16 @_ssdm_op_PartSelect.i16.i448.i32.i32, i448 %layer4x4_out_read, i32 144, i32 159" [firmware/nnet_utils/nnet_pooling_stream.h:433]   --->   Operation 61 'partselect' 'trunc_ln433_9' <Predicate = true> <Delay = 0.00>
ST_2 : Operation 62 [1/1] (0.00ns)   --->   "%trunc_ln433_s = partselect i16 @_ssdm_op_PartSelect.i16.i448.i32.i32, i448 %layer4x4_out_read, i32 160, i32 175" [firmware/nnet_utils/nnet_pooling_stream.h:433]   --->   Operation 62 'partselect' 'trunc_ln433_s' <Predicate = true> <Delay = 0.00>
ST_2 : Operation 63 [1/1] (0.00ns)   --->   "%trunc_ln433_1 = partselect i16 @_ssdm_op_PartSelect.i16.i448.i32.i32, i448 %layer4x4_out_read, i32 176, i32 191" [firmware/nnet_utils/nnet_pooling_stream.h:433]   --->   Operation 63 'partselect' 'trunc_ln433_1' <Predicate = true> <Delay = 0.00>
ST_2 : Operation 64 [1/1] (0.00ns)   --->   "%trunc_ln433_2 = partselect i16 @_ssdm_op_PartSelect.i16.i448.i32.i32, i448 %layer4x4_out_read, i32 192, i32 207" [firmware/nnet_utils/nnet_pooling_stream.h:433]   --->   Operation 64 'partselect' 'trunc_ln433_2' <Predicate = true> <Delay = 0.00>
ST_2 : Operation 65 [1/1] (0.00ns)   --->   "%trunc_ln433_3 = partselect i16 @_ssdm_op_PartSelect.i16.i448.i32.i32, i448 %layer4x4_out_read, i32 208, i32 223" [firmware/nnet_utils/nnet_pooling_stream.h:433]   --->   Operation 65 'partselect' 'trunc_ln433_3' <Predicate = true> <Delay = 0.00>
ST_2 : Operation 66 [1/1] (0.00ns)   --->   "%trunc_ln433_10 = partselect i16 @_ssdm_op_PartSelect.i16.i448.i32.i32, i448 %layer4x4_out_read, i32 224, i32 239" [firmware/nnet_utils/nnet_pooling_stream.h:433]   --->   Operation 66 'partselect' 'trunc_ln433_10' <Predicate = true> <Delay = 0.00>
ST_2 : Operation 67 [1/1] (0.00ns)   --->   "%trunc_ln433_11 = partselect i16 @_ssdm_op_PartSelect.i16.i448.i32.i32, i448 %layer4x4_out_read, i32 240, i32 255" [firmware/nnet_utils/nnet_pooling_stream.h:433]   --->   Operation 67 'partselect' 'trunc_ln433_11' <Predicate = true> <Delay = 0.00>
ST_2 : Operation 68 [1/1] (0.00ns)   --->   "%trunc_ln433_12 = partselect i16 @_ssdm_op_PartSelect.i16.i448.i32.i32, i448 %layer4x4_out_read, i32 256, i32 271" [firmware/nnet_utils/nnet_pooling_stream.h:433]   --->   Operation 68 'partselect' 'trunc_ln433_12' <Predicate = true> <Delay = 0.00>
ST_2 : Operation 69 [1/1] (0.00ns)   --->   "%trunc_ln433_13 = partselect i16 @_ssdm_op_PartSelect.i16.i448.i32.i32, i448 %layer4x4_out_read, i32 272, i32 287" [firmware/nnet_utils/nnet_pooling_stream.h:433]   --->   Operation 69 'partselect' 'trunc_ln433_13' <Predicate = true> <Delay = 0.00>
ST_2 : Operation 70 [1/1] (0.00ns)   --->   "%trunc_ln433_14 = partselect i16 @_ssdm_op_PartSelect.i16.i448.i32.i32, i448 %layer4x4_out_read, i32 288, i32 303" [firmware/nnet_utils/nnet_pooling_stream.h:433]   --->   Operation 70 'partselect' 'trunc_ln433_14' <Predicate = true> <Delay = 0.00>
ST_2 : Operation 71 [1/1] (0.00ns)   --->   "%trunc_ln433_15 = partselect i16 @_ssdm_op_PartSelect.i16.i448.i32.i32, i448 %layer4x4_out_read, i32 304, i32 319" [firmware/nnet_utils/nnet_pooling_stream.h:433]   --->   Operation 71 'partselect' 'trunc_ln433_15' <Predicate = true> <Delay = 0.00>
ST_2 : Operation 72 [1/1] (0.00ns)   --->   "%trunc_ln433_16 = partselect i16 @_ssdm_op_PartSelect.i16.i448.i32.i32, i448 %layer4x4_out_read, i32 320, i32 335" [firmware/nnet_utils/nnet_pooling_stream.h:433]   --->   Operation 72 'partselect' 'trunc_ln433_16' <Predicate = true> <Delay = 0.00>
ST_2 : Operation 73 [1/1] (0.00ns)   --->   "%trunc_ln433_17 = partselect i16 @_ssdm_op_PartSelect.i16.i448.i32.i32, i448 %layer4x4_out_read, i32 336, i32 351" [firmware/nnet_utils/nnet_pooling_stream.h:433]   --->   Operation 73 'partselect' 'trunc_ln433_17' <Predicate = true> <Delay = 0.00>
ST_2 : Operation 74 [1/1] (0.00ns)   --->   "%trunc_ln433_18 = partselect i16 @_ssdm_op_PartSelect.i16.i448.i32.i32, i448 %layer4x4_out_read, i32 352, i32 367" [firmware/nnet_utils/nnet_pooling_stream.h:433]   --->   Operation 74 'partselect' 'trunc_ln433_18' <Predicate = true> <Delay = 0.00>
ST_2 : Operation 75 [1/1] (0.00ns)   --->   "%trunc_ln433_19 = partselect i16 @_ssdm_op_PartSelect.i16.i448.i32.i32, i448 %layer4x4_out_read, i32 368, i32 383" [firmware/nnet_utils/nnet_pooling_stream.h:433]   --->   Operation 75 'partselect' 'trunc_ln433_19' <Predicate = true> <Delay = 0.00>
ST_2 : Operation 76 [1/1] (0.00ns)   --->   "%trunc_ln433_20 = partselect i16 @_ssdm_op_PartSelect.i16.i448.i32.i32, i448 %layer4x4_out_read, i32 384, i32 399" [firmware/nnet_utils/nnet_pooling_stream.h:433]   --->   Operation 76 'partselect' 'trunc_ln433_20' <Predicate = true> <Delay = 0.00>
ST_2 : Operation 77 [1/1] (0.00ns)   --->   "%trunc_ln433_21 = partselect i16 @_ssdm_op_PartSelect.i16.i448.i32.i32, i448 %layer4x4_out_read, i32 400, i32 415" [firmware/nnet_utils/nnet_pooling_stream.h:433]   --->   Operation 77 'partselect' 'trunc_ln433_21' <Predicate = true> <Delay = 0.00>
ST_2 : Operation 78 [1/1] (0.00ns)   --->   "%trunc_ln433_22 = partselect i16 @_ssdm_op_PartSelect.i16.i448.i32.i32, i448 %layer4x4_out_read, i32 416, i32 431" [firmware/nnet_utils/nnet_pooling_stream.h:433]   --->   Operation 78 'partselect' 'trunc_ln433_22' <Predicate = true> <Delay = 0.00>
ST_2 : Operation 79 [1/1] (0.00ns)   --->   "%trunc_ln433_23 = partselect i16 @_ssdm_op_PartSelect.i16.i448.i32.i32, i448 %layer4x4_out_read, i32 432, i32 447" [firmware/nnet_utils/nnet_pooling_stream.h:433]   --->   Operation 79 'partselect' 'trunc_ln433_23' <Predicate = true> <Delay = 0.00>
ST_2 : Operation 80 [1/1] (0.00ns)   --->   "%store_ln433 = store i16 %trunc_ln433_23, i16 %p_0_27_0_0_054" [firmware/nnet_utils/nnet_pooling_stream.h:433]   --->   Operation 80 'store' 'store_ln433' <Predicate = (!on_second_row)> <Delay = 0.00>
ST_2 : Operation 81 [1/1] (0.00ns)   --->   "%store_ln433 = store i16 %trunc_ln433_22, i16 %p_0_26_0_0_052" [firmware/nnet_utils/nnet_pooling_stream.h:433]   --->   Operation 81 'store' 'store_ln433' <Predicate = (!on_second_row)> <Delay = 0.00>
ST_2 : Operation 82 [1/1] (0.00ns)   --->   "%store_ln433 = store i16 %trunc_ln433_21, i16 %p_0_25_0_0_050" [firmware/nnet_utils/nnet_pooling_stream.h:433]   --->   Operation 82 'store' 'store_ln433' <Predicate = (!on_second_row)> <Delay = 0.00>
ST_2 : Operation 83 [1/1] (0.00ns)   --->   "%store_ln433 = store i16 %trunc_ln433_20, i16 %p_0_24_0_0_048" [firmware/nnet_utils/nnet_pooling_stream.h:433]   --->   Operation 83 'store' 'store_ln433' <Predicate = (!on_second_row)> <Delay = 0.00>
ST_2 : Operation 84 [1/1] (0.00ns)   --->   "%store_ln433 = store i16 %trunc_ln433_19, i16 %p_0_23_0_0_046" [firmware/nnet_utils/nnet_pooling_stream.h:433]   --->   Operation 84 'store' 'store_ln433' <Predicate = (!on_second_row)> <Delay = 0.00>
ST_2 : Operation 85 [1/1] (0.00ns)   --->   "%store_ln433 = store i16 %trunc_ln433_18, i16 %p_0_22_0_0_044" [firmware/nnet_utils/nnet_pooling_stream.h:433]   --->   Operation 85 'store' 'store_ln433' <Predicate = (!on_second_row)> <Delay = 0.00>
ST_2 : Operation 86 [1/1] (0.00ns)   --->   "%store_ln433 = store i16 %trunc_ln433_17, i16 %p_0_21_0_0_042" [firmware/nnet_utils/nnet_pooling_stream.h:433]   --->   Operation 86 'store' 'store_ln433' <Predicate = (!on_second_row)> <Delay = 0.00>
ST_2 : Operation 87 [1/1] (0.00ns)   --->   "%store_ln433 = store i16 %trunc_ln433_16, i16 %p_0_20_0_0_040" [firmware/nnet_utils/nnet_pooling_stream.h:433]   --->   Operation 87 'store' 'store_ln433' <Predicate = (!on_second_row)> <Delay = 0.00>
ST_2 : Operation 88 [1/1] (0.00ns)   --->   "%store_ln433 = store i16 %trunc_ln433_15, i16 %p_0_19_0_0_038" [firmware/nnet_utils/nnet_pooling_stream.h:433]   --->   Operation 88 'store' 'store_ln433' <Predicate = (!on_second_row)> <Delay = 0.00>
ST_2 : Operation 89 [1/1] (0.00ns)   --->   "%store_ln433 = store i16 %trunc_ln433_14, i16 %p_0_18_0_0_036" [firmware/nnet_utils/nnet_pooling_stream.h:433]   --->   Operation 89 'store' 'store_ln433' <Predicate = (!on_second_row)> <Delay = 0.00>
ST_2 : Operation 90 [1/1] (0.00ns)   --->   "%store_ln433 = store i16 %trunc_ln433_13, i16 %p_0_17_0_0_034" [firmware/nnet_utils/nnet_pooling_stream.h:433]   --->   Operation 90 'store' 'store_ln433' <Predicate = (!on_second_row)> <Delay = 0.00>
ST_2 : Operation 91 [1/1] (0.00ns)   --->   "%store_ln433 = store i16 %trunc_ln433_12, i16 %p_0_16_0_0_032" [firmware/nnet_utils/nnet_pooling_stream.h:433]   --->   Operation 91 'store' 'store_ln433' <Predicate = (!on_second_row)> <Delay = 0.00>
ST_2 : Operation 92 [1/1] (0.00ns)   --->   "%store_ln433 = store i16 %trunc_ln433_11, i16 %p_0_15_0_0_030" [firmware/nnet_utils/nnet_pooling_stream.h:433]   --->   Operation 92 'store' 'store_ln433' <Predicate = (!on_second_row)> <Delay = 0.00>
ST_2 : Operation 93 [1/1] (0.00ns)   --->   "%store_ln433 = store i16 %trunc_ln433_10, i16 %p_0_14_0_0_028" [firmware/nnet_utils/nnet_pooling_stream.h:433]   --->   Operation 93 'store' 'store_ln433' <Predicate = (!on_second_row)> <Delay = 0.00>
ST_2 : Operation 94 [1/1] (0.00ns)   --->   "%store_ln433 = store i16 %trunc_ln433_3, i16 %p_0_13_0_0_026" [firmware/nnet_utils/nnet_pooling_stream.h:433]   --->   Operation 94 'store' 'store_ln433' <Predicate = (!on_second_row)> <Delay = 0.00>
ST_2 : Operation 95 [1/1] (0.00ns)   --->   "%store_ln433 = store i16 %trunc_ln433_2, i16 %p_0_12_0_0_024" [firmware/nnet_utils/nnet_pooling_stream.h:433]   --->   Operation 95 'store' 'store_ln433' <Predicate = (!on_second_row)> <Delay = 0.00>
ST_2 : Operation 96 [1/1] (0.00ns)   --->   "%store_ln433 = store i16 %trunc_ln433_1, i16 %p_0_11_0_0_022" [firmware/nnet_utils/nnet_pooling_stream.h:433]   --->   Operation 96 'store' 'store_ln433' <Predicate = (!on_second_row)> <Delay = 0.00>
ST_2 : Operation 97 [1/1] (0.00ns)   --->   "%store_ln433 = store i16 %trunc_ln433_s, i16 %p_0_10_0_0_020" [firmware/nnet_utils/nnet_pooling_stream.h:433]   --->   Operation 97 'store' 'store_ln433' <Predicate = (!on_second_row)> <Delay = 0.00>
ST_2 : Operation 98 [1/1] (0.00ns)   --->   "%store_ln433 = store i16 %trunc_ln433_9, i16 %p_0_9_0_0_018" [firmware/nnet_utils/nnet_pooling_stream.h:433]   --->   Operation 98 'store' 'store_ln433' <Predicate = (!on_second_row)> <Delay = 0.00>
ST_2 : Operation 99 [1/1] (0.00ns)   --->   "%store_ln433 = store i16 %trunc_ln433_8, i16 %p_0_8_0_0_016" [firmware/nnet_utils/nnet_pooling_stream.h:433]   --->   Operation 99 'store' 'store_ln433' <Predicate = (!on_second_row)> <Delay = 0.00>
ST_2 : Operation 100 [1/1] (0.00ns)   --->   "%store_ln433 = store i16 %trunc_ln433_7, i16 %p_0_7_0_0_014" [firmware/nnet_utils/nnet_pooling_stream.h:433]   --->   Operation 100 'store' 'store_ln433' <Predicate = (!on_second_row)> <Delay = 0.00>
ST_2 : Operation 101 [1/1] (0.00ns)   --->   "%store_ln433 = store i16 %trunc_ln433_6, i16 %p_0_6_0_0_012" [firmware/nnet_utils/nnet_pooling_stream.h:433]   --->   Operation 101 'store' 'store_ln433' <Predicate = (!on_second_row)> <Delay = 0.00>
ST_2 : Operation 102 [1/1] (0.00ns)   --->   "%store_ln433 = store i16 %trunc_ln433_5, i16 %p_0_5_0_0_010" [firmware/nnet_utils/nnet_pooling_stream.h:433]   --->   Operation 102 'store' 'store_ln433' <Predicate = (!on_second_row)> <Delay = 0.00>
ST_2 : Operation 103 [1/1] (0.00ns)   --->   "%store_ln433 = store i16 %trunc_ln433_4, i16 %p_0_4_0_0_08" [firmware/nnet_utils/nnet_pooling_stream.h:433]   --->   Operation 103 'store' 'store_ln433' <Predicate = (!on_second_row)> <Delay = 0.00>
ST_2 : Operation 104 [1/1] (0.00ns)   --->   "%store_ln433 = store i16 %cur_3, i16 %p_0_3_0_0_06" [firmware/nnet_utils/nnet_pooling_stream.h:433]   --->   Operation 104 'store' 'store_ln433' <Predicate = (!on_second_row)> <Delay = 0.00>
ST_2 : Operation 105 [1/1] (0.00ns)   --->   "%store_ln433 = store i16 %cur_2, i16 %p_0_2_0_0_04" [firmware/nnet_utils/nnet_pooling_stream.h:433]   --->   Operation 105 'store' 'store_ln433' <Predicate = (!on_second_row)> <Delay = 0.00>
ST_2 : Operation 106 [1/1] (0.00ns)   --->   "%store_ln433 = store i16 %cur_1, i16 %p_0_1_0_0_02" [firmware/nnet_utils/nnet_pooling_stream.h:433]   --->   Operation 106 'store' 'store_ln433' <Predicate = (!on_second_row)> <Delay = 0.00>
ST_2 : Operation 107 [1/1] (0.00ns)   --->   "%store_ln433 = store i16 %cur, i16 %empty" [firmware/nnet_utils/nnet_pooling_stream.h:433]   --->   Operation 107 'store' 'store_ln433' <Predicate = (!on_second_row)> <Delay = 0.00>
ST_2 : Operation 108 [1/1] (0.00ns)   --->   "%br_ln435 = br void %for.inc24" [firmware/nnet_utils/nnet_pooling_stream.h:435]   --->   Operation 108 'br' 'br_ln435' <Predicate = (!on_second_row)> <Delay = 0.00>
ST_2 : Operation 196 [1/1] (0.00ns)   --->   "%ret_ln456 = ret" [firmware/nnet_utils/nnet_pooling_stream.h:456]   --->   Operation 196 'ret' 'ret_ln456' <Predicate = (icmp_ln430)> <Delay = 0.00>

State 3 <SV = 2> <Delay = 2.83>
ST_3 : Operation 109 [1/1] (0.00ns)   --->   "%p_load = load i16 %empty" [firmware/nnet_utils/nnet_pooling_stream.h:448]   --->   Operation 109 'load' 'p_load' <Predicate = (on_second_row)> <Delay = 0.00>
ST_3 : Operation 110 [1/1] (0.00ns)   --->   "%p_0_1_0_0_02_load = load i16 %p_0_1_0_0_02" [firmware/nnet_utils/nnet_pooling_stream.h:448]   --->   Operation 110 'load' 'p_0_1_0_0_02_load' <Predicate = (on_second_row)> <Delay = 0.00>
ST_3 : Operation 111 [1/1] (0.00ns)   --->   "%p_0_2_0_0_04_load = load i16 %p_0_2_0_0_04" [firmware/nnet_utils/nnet_pooling_stream.h:448]   --->   Operation 111 'load' 'p_0_2_0_0_04_load' <Predicate = (on_second_row)> <Delay = 0.00>
ST_3 : Operation 112 [1/1] (0.00ns)   --->   "%p_0_3_0_0_06_load = load i16 %p_0_3_0_0_06" [firmware/nnet_utils/nnet_pooling_stream.h:448]   --->   Operation 112 'load' 'p_0_3_0_0_06_load' <Predicate = (on_second_row)> <Delay = 0.00>
ST_3 : Operation 113 [1/1] (0.00ns)   --->   "%p_0_4_0_0_08_load = load i16 %p_0_4_0_0_08" [firmware/nnet_utils/nnet_pooling_stream.h:448]   --->   Operation 113 'load' 'p_0_4_0_0_08_load' <Predicate = (on_second_row)> <Delay = 0.00>
ST_3 : Operation 114 [1/1] (0.00ns)   --->   "%p_0_5_0_0_010_load = load i16 %p_0_5_0_0_010" [firmware/nnet_utils/nnet_pooling_stream.h:448]   --->   Operation 114 'load' 'p_0_5_0_0_010_load' <Predicate = (on_second_row)> <Delay = 0.00>
ST_3 : Operation 115 [1/1] (0.00ns)   --->   "%p_0_6_0_0_012_load = load i16 %p_0_6_0_0_012" [firmware/nnet_utils/nnet_pooling_stream.h:448]   --->   Operation 115 'load' 'p_0_6_0_0_012_load' <Predicate = (on_second_row)> <Delay = 0.00>
ST_3 : Operation 116 [1/1] (0.00ns)   --->   "%p_0_7_0_0_014_load = load i16 %p_0_7_0_0_014" [firmware/nnet_utils/nnet_pooling_stream.h:448]   --->   Operation 116 'load' 'p_0_7_0_0_014_load' <Predicate = (on_second_row)> <Delay = 0.00>
ST_3 : Operation 117 [1/1] (0.00ns)   --->   "%p_0_8_0_0_016_load = load i16 %p_0_8_0_0_016" [firmware/nnet_utils/nnet_pooling_stream.h:448]   --->   Operation 117 'load' 'p_0_8_0_0_016_load' <Predicate = (on_second_row)> <Delay = 0.00>
ST_3 : Operation 118 [1/1] (0.00ns)   --->   "%p_0_9_0_0_018_load = load i16 %p_0_9_0_0_018" [firmware/nnet_utils/nnet_pooling_stream.h:448]   --->   Operation 118 'load' 'p_0_9_0_0_018_load' <Predicate = (on_second_row)> <Delay = 0.00>
ST_3 : Operation 119 [1/1] (0.00ns)   --->   "%p_0_10_0_0_020_load = load i16 %p_0_10_0_0_020" [firmware/nnet_utils/nnet_pooling_stream.h:448]   --->   Operation 119 'load' 'p_0_10_0_0_020_load' <Predicate = (on_second_row)> <Delay = 0.00>
ST_3 : Operation 120 [1/1] (0.00ns)   --->   "%p_0_11_0_0_022_load = load i16 %p_0_11_0_0_022" [firmware/nnet_utils/nnet_pooling_stream.h:448]   --->   Operation 120 'load' 'p_0_11_0_0_022_load' <Predicate = (on_second_row)> <Delay = 0.00>
ST_3 : Operation 121 [1/1] (0.00ns)   --->   "%p_0_12_0_0_024_load = load i16 %p_0_12_0_0_024" [firmware/nnet_utils/nnet_pooling_stream.h:448]   --->   Operation 121 'load' 'p_0_12_0_0_024_load' <Predicate = (on_second_row)> <Delay = 0.00>
ST_3 : Operation 122 [1/1] (0.00ns)   --->   "%p_0_13_0_0_026_load = load i16 %p_0_13_0_0_026" [firmware/nnet_utils/nnet_pooling_stream.h:448]   --->   Operation 122 'load' 'p_0_13_0_0_026_load' <Predicate = (on_second_row)> <Delay = 0.00>
ST_3 : Operation 123 [1/1] (0.00ns)   --->   "%p_0_14_0_0_028_load = load i16 %p_0_14_0_0_028" [firmware/nnet_utils/nnet_pooling_stream.h:448]   --->   Operation 123 'load' 'p_0_14_0_0_028_load' <Predicate = (on_second_row)> <Delay = 0.00>
ST_3 : Operation 124 [1/1] (0.00ns)   --->   "%p_0_15_0_0_030_load = load i16 %p_0_15_0_0_030" [firmware/nnet_utils/nnet_pooling_stream.h:448]   --->   Operation 124 'load' 'p_0_15_0_0_030_load' <Predicate = (on_second_row)> <Delay = 0.00>
ST_3 : Operation 125 [1/1] (0.00ns)   --->   "%p_0_16_0_0_032_load = load i16 %p_0_16_0_0_032" [firmware/nnet_utils/nnet_pooling_stream.h:448]   --->   Operation 125 'load' 'p_0_16_0_0_032_load' <Predicate = (on_second_row)> <Delay = 0.00>
ST_3 : Operation 126 [1/1] (0.00ns)   --->   "%p_0_17_0_0_034_load = load i16 %p_0_17_0_0_034" [firmware/nnet_utils/nnet_pooling_stream.h:448]   --->   Operation 126 'load' 'p_0_17_0_0_034_load' <Predicate = (on_second_row)> <Delay = 0.00>
ST_3 : Operation 127 [1/1] (0.00ns)   --->   "%p_0_18_0_0_036_load = load i16 %p_0_18_0_0_036" [firmware/nnet_utils/nnet_pooling_stream.h:448]   --->   Operation 127 'load' 'p_0_18_0_0_036_load' <Predicate = (on_second_row)> <Delay = 0.00>
ST_3 : Operation 128 [1/1] (0.00ns)   --->   "%p_0_19_0_0_038_load = load i16 %p_0_19_0_0_038" [firmware/nnet_utils/nnet_pooling_stream.h:448]   --->   Operation 128 'load' 'p_0_19_0_0_038_load' <Predicate = (on_second_row)> <Delay = 0.00>
ST_3 : Operation 129 [1/1] (0.00ns)   --->   "%p_0_20_0_0_040_load = load i16 %p_0_20_0_0_040" [firmware/nnet_utils/nnet_pooling_stream.h:448]   --->   Operation 129 'load' 'p_0_20_0_0_040_load' <Predicate = (on_second_row)> <Delay = 0.00>
ST_3 : Operation 130 [1/1] (0.00ns)   --->   "%p_0_21_0_0_042_load = load i16 %p_0_21_0_0_042" [firmware/nnet_utils/nnet_pooling_stream.h:448]   --->   Operation 130 'load' 'p_0_21_0_0_042_load' <Predicate = (on_second_row)> <Delay = 0.00>
ST_3 : Operation 131 [1/1] (0.00ns)   --->   "%p_0_22_0_0_044_load = load i16 %p_0_22_0_0_044" [firmware/nnet_utils/nnet_pooling_stream.h:448]   --->   Operation 131 'load' 'p_0_22_0_0_044_load' <Predicate = (on_second_row)> <Delay = 0.00>
ST_3 : Operation 132 [1/1] (0.00ns)   --->   "%p_0_23_0_0_046_load = load i16 %p_0_23_0_0_046" [firmware/nnet_utils/nnet_pooling_stream.h:448]   --->   Operation 132 'load' 'p_0_23_0_0_046_load' <Predicate = (on_second_row)> <Delay = 0.00>
ST_3 : Operation 133 [1/1] (0.00ns)   --->   "%p_0_24_0_0_048_load = load i16 %p_0_24_0_0_048" [firmware/nnet_utils/nnet_pooling_stream.h:448]   --->   Operation 133 'load' 'p_0_24_0_0_048_load' <Predicate = (on_second_row)> <Delay = 0.00>
ST_3 : Operation 134 [1/1] (0.00ns)   --->   "%p_0_25_0_0_050_load = load i16 %p_0_25_0_0_050" [firmware/nnet_utils/nnet_pooling_stream.h:448]   --->   Operation 134 'load' 'p_0_25_0_0_050_load' <Predicate = (on_second_row)> <Delay = 0.00>
ST_3 : Operation 135 [1/1] (0.00ns)   --->   "%p_0_26_0_0_052_load = load i16 %p_0_26_0_0_052" [firmware/nnet_utils/nnet_pooling_stream.h:448]   --->   Operation 135 'load' 'p_0_26_0_0_052_load' <Predicate = (on_second_row)> <Delay = 0.00>
ST_3 : Operation 136 [1/1] (0.00ns)   --->   "%p_0_27_0_0_054_load = load i16 %p_0_27_0_0_054" [firmware/nnet_utils/nnet_pooling_stream.h:448]   --->   Operation 136 'load' 'p_0_27_0_0_054_load' <Predicate = (on_second_row)> <Delay = 0.00>
ST_3 : Operation 137 [1/1] (0.85ns)   --->   "%icmp_ln448 = icmp_sgt  i16 %p_load, i16 %cur" [firmware/nnet_utils/nnet_pooling_stream.h:448]   --->   Operation 137 'icmp' 'icmp_ln448' <Predicate = (on_second_row)> <Delay = 0.85> <CoreInst = "Cmp">   --->   Core 9 'Cmp' <Latency = 0> <II = 1> <Delay = 0.85> <FuncUnit> <Opcode : 'icmp'> <InPorts = 2> <OutPorts = 1>
ST_3 : Operation 138 [1/1] (0.34ns)   --->   "%select_ln448 = select i1 %icmp_ln448, i16 %p_load, i16 %cur" [firmware/nnet_utils/nnet_pooling_stream.h:448]   --->   Operation 138 'select' 'select_ln448' <Predicate = (on_second_row)> <Delay = 0.34> <CoreInst = "Sel">   --->   Core 73 'Sel' <Latency = 0> <II = 1> <Delay = 0.34> <FuncUnit> <Opcode : 'select'> <InPorts = 3> <OutPorts = 1>
ST_3 : Operation 139 [1/1] (0.85ns)   --->   "%icmp_ln448_1 = icmp_sgt  i16 %p_0_1_0_0_02_load, i16 %cur_1" [firmware/nnet_utils/nnet_pooling_stream.h:448]   --->   Operation 139 'icmp' 'icmp_ln448_1' <Predicate = (on_second_row)> <Delay = 0.85> <CoreInst = "Cmp">   --->   Core 9 'Cmp' <Latency = 0> <II = 1> <Delay = 0.85> <FuncUnit> <Opcode : 'icmp'> <InPorts = 2> <OutPorts = 1>
ST_3 : Operation 140 [1/1] (0.34ns)   --->   "%select_ln448_1 = select i1 %icmp_ln448_1, i16 %p_0_1_0_0_02_load, i16 %cur_1" [firmware/nnet_utils/nnet_pooling_stream.h:448]   --->   Operation 140 'select' 'select_ln448_1' <Predicate = (on_second_row)> <Delay = 0.34> <CoreInst = "Sel">   --->   Core 73 'Sel' <Latency = 0> <II = 1> <Delay = 0.34> <FuncUnit> <Opcode : 'select'> <InPorts = 3> <OutPorts = 1>
ST_3 : Operation 141 [1/1] (0.85ns)   --->   "%icmp_ln448_2 = icmp_sgt  i16 %p_0_2_0_0_04_load, i16 %cur_2" [firmware/nnet_utils/nnet_pooling_stream.h:448]   --->   Operation 141 'icmp' 'icmp_ln448_2' <Predicate = (on_second_row)> <Delay = 0.85> <CoreInst = "Cmp">   --->   Core 9 'Cmp' <Latency = 0> <II = 1> <Delay = 0.85> <FuncUnit> <Opcode : 'icmp'> <InPorts = 2> <OutPorts = 1>
ST_3 : Operation 142 [1/1] (0.34ns)   --->   "%select_ln448_2 = select i1 %icmp_ln448_2, i16 %p_0_2_0_0_04_load, i16 %cur_2" [firmware/nnet_utils/nnet_pooling_stream.h:448]   --->   Operation 142 'select' 'select_ln448_2' <Predicate = (on_second_row)> <Delay = 0.34> <CoreInst = "Sel">   --->   Core 73 'Sel' <Latency = 0> <II = 1> <Delay = 0.34> <FuncUnit> <Opcode : 'select'> <InPorts = 3> <OutPorts = 1>
ST_3 : Operation 143 [1/1] (0.85ns)   --->   "%icmp_ln448_3 = icmp_sgt  i16 %p_0_3_0_0_06_load, i16 %cur_3" [firmware/nnet_utils/nnet_pooling_stream.h:448]   --->   Operation 143 'icmp' 'icmp_ln448_3' <Predicate = (on_second_row)> <Delay = 0.85> <CoreInst = "Cmp">   --->   Core 9 'Cmp' <Latency = 0> <II = 1> <Delay = 0.85> <FuncUnit> <Opcode : 'icmp'> <InPorts = 2> <OutPorts = 1>
ST_3 : Operation 144 [1/1] (0.34ns)   --->   "%select_ln448_3 = select i1 %icmp_ln448_3, i16 %p_0_3_0_0_06_load, i16 %cur_3" [firmware/nnet_utils/nnet_pooling_stream.h:448]   --->   Operation 144 'select' 'select_ln448_3' <Predicate = (on_second_row)> <Delay = 0.34> <CoreInst = "Sel">   --->   Core 73 'Sel' <Latency = 0> <II = 1> <Delay = 0.34> <FuncUnit> <Opcode : 'select'> <InPorts = 3> <OutPorts = 1>
ST_3 : Operation 145 [1/1] (0.85ns)   --->   "%icmp_ln448_4 = icmp_sgt  i16 %p_0_4_0_0_08_load, i16 %trunc_ln433_4" [firmware/nnet_utils/nnet_pooling_stream.h:448]   --->   Operation 145 'icmp' 'icmp_ln448_4' <Predicate = (on_second_row)> <Delay = 0.85> <CoreInst = "Cmp">   --->   Core 9 'Cmp' <Latency = 0> <II = 1> <Delay = 0.85> <FuncUnit> <Opcode : 'icmp'> <InPorts = 2> <OutPorts = 1>
ST_3 : Operation 146 [1/1] (0.34ns)   --->   "%select_ln448_4 = select i1 %icmp_ln448_4, i16 %p_0_4_0_0_08_load, i16 %trunc_ln433_4" [firmware/nnet_utils/nnet_pooling_stream.h:448]   --->   Operation 146 'select' 'select_ln448_4' <Predicate = (on_second_row)> <Delay = 0.34> <CoreInst = "Sel">   --->   Core 73 'Sel' <Latency = 0> <II = 1> <Delay = 0.34> <FuncUnit> <Opcode : 'select'> <InPorts = 3> <OutPorts = 1>
ST_3 : Operation 147 [1/1] (0.85ns)   --->   "%icmp_ln448_5 = icmp_sgt  i16 %p_0_5_0_0_010_load, i16 %trunc_ln433_5" [firmware/nnet_utils/nnet_pooling_stream.h:448]   --->   Operation 147 'icmp' 'icmp_ln448_5' <Predicate = (on_second_row)> <Delay = 0.85> <CoreInst = "Cmp">   --->   Core 9 'Cmp' <Latency = 0> <II = 1> <Delay = 0.85> <FuncUnit> <Opcode : 'icmp'> <InPorts = 2> <OutPorts = 1>
ST_3 : Operation 148 [1/1] (0.34ns)   --->   "%select_ln448_5 = select i1 %icmp_ln448_5, i16 %p_0_5_0_0_010_load, i16 %trunc_ln433_5" [firmware/nnet_utils/nnet_pooling_stream.h:448]   --->   Operation 148 'select' 'select_ln448_5' <Predicate = (on_second_row)> <Delay = 0.34> <CoreInst = "Sel">   --->   Core 73 'Sel' <Latency = 0> <II = 1> <Delay = 0.34> <FuncUnit> <Opcode : 'select'> <InPorts = 3> <OutPorts = 1>
ST_3 : Operation 149 [1/1] (0.85ns)   --->   "%icmp_ln448_6 = icmp_sgt  i16 %p_0_6_0_0_012_load, i16 %trunc_ln433_6" [firmware/nnet_utils/nnet_pooling_stream.h:448]   --->   Operation 149 'icmp' 'icmp_ln448_6' <Predicate = (on_second_row)> <Delay = 0.85> <CoreInst = "Cmp">   --->   Core 9 'Cmp' <Latency = 0> <II = 1> <Delay = 0.85> <FuncUnit> <Opcode : 'icmp'> <InPorts = 2> <OutPorts = 1>
ST_3 : Operation 150 [1/1] (0.34ns)   --->   "%select_ln448_6 = select i1 %icmp_ln448_6, i16 %p_0_6_0_0_012_load, i16 %trunc_ln433_6" [firmware/nnet_utils/nnet_pooling_stream.h:448]   --->   Operation 150 'select' 'select_ln448_6' <Predicate = (on_second_row)> <Delay = 0.34> <CoreInst = "Sel">   --->   Core 73 'Sel' <Latency = 0> <II = 1> <Delay = 0.34> <FuncUnit> <Opcode : 'select'> <InPorts = 3> <OutPorts = 1>
ST_3 : Operation 151 [1/1] (0.85ns)   --->   "%icmp_ln448_7 = icmp_sgt  i16 %p_0_7_0_0_014_load, i16 %trunc_ln433_7" [firmware/nnet_utils/nnet_pooling_stream.h:448]   --->   Operation 151 'icmp' 'icmp_ln448_7' <Predicate = (on_second_row)> <Delay = 0.85> <CoreInst = "Cmp">   --->   Core 9 'Cmp' <Latency = 0> <II = 1> <Delay = 0.85> <FuncUnit> <Opcode : 'icmp'> <InPorts = 2> <OutPorts = 1>
ST_3 : Operation 152 [1/1] (0.34ns)   --->   "%select_ln448_7 = select i1 %icmp_ln448_7, i16 %p_0_7_0_0_014_load, i16 %trunc_ln433_7" [firmware/nnet_utils/nnet_pooling_stream.h:448]   --->   Operation 152 'select' 'select_ln448_7' <Predicate = (on_second_row)> <Delay = 0.34> <CoreInst = "Sel">   --->   Core 73 'Sel' <Latency = 0> <II = 1> <Delay = 0.34> <FuncUnit> <Opcode : 'select'> <InPorts = 3> <OutPorts = 1>
ST_3 : Operation 153 [1/1] (0.85ns)   --->   "%icmp_ln448_8 = icmp_sgt  i16 %p_0_8_0_0_016_load, i16 %trunc_ln433_8" [firmware/nnet_utils/nnet_pooling_stream.h:448]   --->   Operation 153 'icmp' 'icmp_ln448_8' <Predicate = (on_second_row)> <Delay = 0.85> <CoreInst = "Cmp">   --->   Core 9 'Cmp' <Latency = 0> <II = 1> <Delay = 0.85> <FuncUnit> <Opcode : 'icmp'> <InPorts = 2> <OutPorts = 1>
ST_3 : Operation 154 [1/1] (0.34ns)   --->   "%select_ln448_8 = select i1 %icmp_ln448_8, i16 %p_0_8_0_0_016_load, i16 %trunc_ln433_8" [firmware/nnet_utils/nnet_pooling_stream.h:448]   --->   Operation 154 'select' 'select_ln448_8' <Predicate = (on_second_row)> <Delay = 0.34> <CoreInst = "Sel">   --->   Core 73 'Sel' <Latency = 0> <II = 1> <Delay = 0.34> <FuncUnit> <Opcode : 'select'> <InPorts = 3> <OutPorts = 1>
ST_3 : Operation 155 [1/1] (0.85ns)   --->   "%icmp_ln448_9 = icmp_sgt  i16 %p_0_9_0_0_018_load, i16 %trunc_ln433_9" [firmware/nnet_utils/nnet_pooling_stream.h:448]   --->   Operation 155 'icmp' 'icmp_ln448_9' <Predicate = (on_second_row)> <Delay = 0.85> <CoreInst = "Cmp">   --->   Core 9 'Cmp' <Latency = 0> <II = 1> <Delay = 0.85> <FuncUnit> <Opcode : 'icmp'> <InPorts = 2> <OutPorts = 1>
ST_3 : Operation 156 [1/1] (0.34ns)   --->   "%select_ln448_9 = select i1 %icmp_ln448_9, i16 %p_0_9_0_0_018_load, i16 %trunc_ln433_9" [firmware/nnet_utils/nnet_pooling_stream.h:448]   --->   Operation 156 'select' 'select_ln448_9' <Predicate = (on_second_row)> <Delay = 0.34> <CoreInst = "Sel">   --->   Core 73 'Sel' <Latency = 0> <II = 1> <Delay = 0.34> <FuncUnit> <Opcode : 'select'> <InPorts = 3> <OutPorts = 1>
ST_3 : Operation 157 [1/1] (0.85ns)   --->   "%icmp_ln448_10 = icmp_sgt  i16 %p_0_10_0_0_020_load, i16 %trunc_ln433_s" [firmware/nnet_utils/nnet_pooling_stream.h:448]   --->   Operation 157 'icmp' 'icmp_ln448_10' <Predicate = (on_second_row)> <Delay = 0.85> <CoreInst = "Cmp">   --->   Core 9 'Cmp' <Latency = 0> <II = 1> <Delay = 0.85> <FuncUnit> <Opcode : 'icmp'> <InPorts = 2> <OutPorts = 1>
ST_3 : Operation 158 [1/1] (0.34ns)   --->   "%select_ln448_10 = select i1 %icmp_ln448_10, i16 %p_0_10_0_0_020_load, i16 %trunc_ln433_s" [firmware/nnet_utils/nnet_pooling_stream.h:448]   --->   Operation 158 'select' 'select_ln448_10' <Predicate = (on_second_row)> <Delay = 0.34> <CoreInst = "Sel">   --->   Core 73 'Sel' <Latency = 0> <II = 1> <Delay = 0.34> <FuncUnit> <Opcode : 'select'> <InPorts = 3> <OutPorts = 1>
ST_3 : Operation 159 [1/1] (0.85ns)   --->   "%icmp_ln448_11 = icmp_sgt  i16 %p_0_11_0_0_022_load, i16 %trunc_ln433_1" [firmware/nnet_utils/nnet_pooling_stream.h:448]   --->   Operation 159 'icmp' 'icmp_ln448_11' <Predicate = (on_second_row)> <Delay = 0.85> <CoreInst = "Cmp">   --->   Core 9 'Cmp' <Latency = 0> <II = 1> <Delay = 0.85> <FuncUnit> <Opcode : 'icmp'> <InPorts = 2> <OutPorts = 1>
ST_3 : Operation 160 [1/1] (0.34ns)   --->   "%select_ln448_11 = select i1 %icmp_ln448_11, i16 %p_0_11_0_0_022_load, i16 %trunc_ln433_1" [firmware/nnet_utils/nnet_pooling_stream.h:448]   --->   Operation 160 'select' 'select_ln448_11' <Predicate = (on_second_row)> <Delay = 0.34> <CoreInst = "Sel">   --->   Core 73 'Sel' <Latency = 0> <II = 1> <Delay = 0.34> <FuncUnit> <Opcode : 'select'> <InPorts = 3> <OutPorts = 1>
ST_3 : Operation 161 [1/1] (0.85ns)   --->   "%icmp_ln448_12 = icmp_sgt  i16 %p_0_12_0_0_024_load, i16 %trunc_ln433_2" [firmware/nnet_utils/nnet_pooling_stream.h:448]   --->   Operation 161 'icmp' 'icmp_ln448_12' <Predicate = (on_second_row)> <Delay = 0.85> <CoreInst = "Cmp">   --->   Core 9 'Cmp' <Latency = 0> <II = 1> <Delay = 0.85> <FuncUnit> <Opcode : 'icmp'> <InPorts = 2> <OutPorts = 1>
ST_3 : Operation 162 [1/1] (0.34ns)   --->   "%select_ln448_12 = select i1 %icmp_ln448_12, i16 %p_0_12_0_0_024_load, i16 %trunc_ln433_2" [firmware/nnet_utils/nnet_pooling_stream.h:448]   --->   Operation 162 'select' 'select_ln448_12' <Predicate = (on_second_row)> <Delay = 0.34> <CoreInst = "Sel">   --->   Core 73 'Sel' <Latency = 0> <II = 1> <Delay = 0.34> <FuncUnit> <Opcode : 'select'> <InPorts = 3> <OutPorts = 1>
ST_3 : Operation 163 [1/1] (0.85ns)   --->   "%icmp_ln448_13 = icmp_sgt  i16 %p_0_13_0_0_026_load, i16 %trunc_ln433_3" [firmware/nnet_utils/nnet_pooling_stream.h:448]   --->   Operation 163 'icmp' 'icmp_ln448_13' <Predicate = (on_second_row)> <Delay = 0.85> <CoreInst = "Cmp">   --->   Core 9 'Cmp' <Latency = 0> <II = 1> <Delay = 0.85> <FuncUnit> <Opcode : 'icmp'> <InPorts = 2> <OutPorts = 1>
ST_3 : Operation 164 [1/1] (0.34ns)   --->   "%select_ln448_13 = select i1 %icmp_ln448_13, i16 %p_0_13_0_0_026_load, i16 %trunc_ln433_3" [firmware/nnet_utils/nnet_pooling_stream.h:448]   --->   Operation 164 'select' 'select_ln448_13' <Predicate = (on_second_row)> <Delay = 0.34> <CoreInst = "Sel">   --->   Core 73 'Sel' <Latency = 0> <II = 1> <Delay = 0.34> <FuncUnit> <Opcode : 'select'> <InPorts = 3> <OutPorts = 1>
ST_3 : Operation 165 [1/1] (0.85ns)   --->   "%icmp_ln448_14 = icmp_sgt  i16 %p_0_14_0_0_028_load, i16 %trunc_ln433_10" [firmware/nnet_utils/nnet_pooling_stream.h:448]   --->   Operation 165 'icmp' 'icmp_ln448_14' <Predicate = (on_second_row)> <Delay = 0.85> <CoreInst = "Cmp">   --->   Core 9 'Cmp' <Latency = 0> <II = 1> <Delay = 0.85> <FuncUnit> <Opcode : 'icmp'> <InPorts = 2> <OutPorts = 1>
ST_3 : Operation 166 [1/1] (0.34ns)   --->   "%select_ln448_14 = select i1 %icmp_ln448_14, i16 %p_0_14_0_0_028_load, i16 %trunc_ln433_10" [firmware/nnet_utils/nnet_pooling_stream.h:448]   --->   Operation 166 'select' 'select_ln448_14' <Predicate = (on_second_row)> <Delay = 0.34> <CoreInst = "Sel">   --->   Core 73 'Sel' <Latency = 0> <II = 1> <Delay = 0.34> <FuncUnit> <Opcode : 'select'> <InPorts = 3> <OutPorts = 1>
ST_3 : Operation 167 [1/1] (0.85ns)   --->   "%icmp_ln448_15 = icmp_sgt  i16 %p_0_15_0_0_030_load, i16 %trunc_ln433_11" [firmware/nnet_utils/nnet_pooling_stream.h:448]   --->   Operation 167 'icmp' 'icmp_ln448_15' <Predicate = (on_second_row)> <Delay = 0.85> <CoreInst = "Cmp">   --->   Core 9 'Cmp' <Latency = 0> <II = 1> <Delay = 0.85> <FuncUnit> <Opcode : 'icmp'> <InPorts = 2> <OutPorts = 1>
ST_3 : Operation 168 [1/1] (0.34ns)   --->   "%select_ln448_15 = select i1 %icmp_ln448_15, i16 %p_0_15_0_0_030_load, i16 %trunc_ln433_11" [firmware/nnet_utils/nnet_pooling_stream.h:448]   --->   Operation 168 'select' 'select_ln448_15' <Predicate = (on_second_row)> <Delay = 0.34> <CoreInst = "Sel">   --->   Core 73 'Sel' <Latency = 0> <II = 1> <Delay = 0.34> <FuncUnit> <Opcode : 'select'> <InPorts = 3> <OutPorts = 1>
ST_3 : Operation 169 [1/1] (0.85ns)   --->   "%icmp_ln448_16 = icmp_sgt  i16 %p_0_16_0_0_032_load, i16 %trunc_ln433_12" [firmware/nnet_utils/nnet_pooling_stream.h:448]   --->   Operation 169 'icmp' 'icmp_ln448_16' <Predicate = (on_second_row)> <Delay = 0.85> <CoreInst = "Cmp">   --->   Core 9 'Cmp' <Latency = 0> <II = 1> <Delay = 0.85> <FuncUnit> <Opcode : 'icmp'> <InPorts = 2> <OutPorts = 1>
ST_3 : Operation 170 [1/1] (0.34ns)   --->   "%select_ln448_16 = select i1 %icmp_ln448_16, i16 %p_0_16_0_0_032_load, i16 %trunc_ln433_12" [firmware/nnet_utils/nnet_pooling_stream.h:448]   --->   Operation 170 'select' 'select_ln448_16' <Predicate = (on_second_row)> <Delay = 0.34> <CoreInst = "Sel">   --->   Core 73 'Sel' <Latency = 0> <II = 1> <Delay = 0.34> <FuncUnit> <Opcode : 'select'> <InPorts = 3> <OutPorts = 1>
ST_3 : Operation 171 [1/1] (0.85ns)   --->   "%icmp_ln448_17 = icmp_sgt  i16 %p_0_17_0_0_034_load, i16 %trunc_ln433_13" [firmware/nnet_utils/nnet_pooling_stream.h:448]   --->   Operation 171 'icmp' 'icmp_ln448_17' <Predicate = (on_second_row)> <Delay = 0.85> <CoreInst = "Cmp">   --->   Core 9 'Cmp' <Latency = 0> <II = 1> <Delay = 0.85> <FuncUnit> <Opcode : 'icmp'> <InPorts = 2> <OutPorts = 1>
ST_3 : Operation 172 [1/1] (0.34ns)   --->   "%select_ln448_17 = select i1 %icmp_ln448_17, i16 %p_0_17_0_0_034_load, i16 %trunc_ln433_13" [firmware/nnet_utils/nnet_pooling_stream.h:448]   --->   Operation 172 'select' 'select_ln448_17' <Predicate = (on_second_row)> <Delay = 0.34> <CoreInst = "Sel">   --->   Core 73 'Sel' <Latency = 0> <II = 1> <Delay = 0.34> <FuncUnit> <Opcode : 'select'> <InPorts = 3> <OutPorts = 1>
ST_3 : Operation 173 [1/1] (0.85ns)   --->   "%icmp_ln448_18 = icmp_sgt  i16 %p_0_18_0_0_036_load, i16 %trunc_ln433_14" [firmware/nnet_utils/nnet_pooling_stream.h:448]   --->   Operation 173 'icmp' 'icmp_ln448_18' <Predicate = (on_second_row)> <Delay = 0.85> <CoreInst = "Cmp">   --->   Core 9 'Cmp' <Latency = 0> <II = 1> <Delay = 0.85> <FuncUnit> <Opcode : 'icmp'> <InPorts = 2> <OutPorts = 1>
ST_3 : Operation 174 [1/1] (0.34ns)   --->   "%select_ln448_18 = select i1 %icmp_ln448_18, i16 %p_0_18_0_0_036_load, i16 %trunc_ln433_14" [firmware/nnet_utils/nnet_pooling_stream.h:448]   --->   Operation 174 'select' 'select_ln448_18' <Predicate = (on_second_row)> <Delay = 0.34> <CoreInst = "Sel">   --->   Core 73 'Sel' <Latency = 0> <II = 1> <Delay = 0.34> <FuncUnit> <Opcode : 'select'> <InPorts = 3> <OutPorts = 1>
ST_3 : Operation 175 [1/1] (0.85ns)   --->   "%icmp_ln448_19 = icmp_sgt  i16 %p_0_19_0_0_038_load, i16 %trunc_ln433_15" [firmware/nnet_utils/nnet_pooling_stream.h:448]   --->   Operation 175 'icmp' 'icmp_ln448_19' <Predicate = (on_second_row)> <Delay = 0.85> <CoreInst = "Cmp">   --->   Core 9 'Cmp' <Latency = 0> <II = 1> <Delay = 0.85> <FuncUnit> <Opcode : 'icmp'> <InPorts = 2> <OutPorts = 1>
ST_3 : Operation 176 [1/1] (0.34ns)   --->   "%select_ln448_19 = select i1 %icmp_ln448_19, i16 %p_0_19_0_0_038_load, i16 %trunc_ln433_15" [firmware/nnet_utils/nnet_pooling_stream.h:448]   --->   Operation 176 'select' 'select_ln448_19' <Predicate = (on_second_row)> <Delay = 0.34> <CoreInst = "Sel">   --->   Core 73 'Sel' <Latency = 0> <II = 1> <Delay = 0.34> <FuncUnit> <Opcode : 'select'> <InPorts = 3> <OutPorts = 1>
ST_3 : Operation 177 [1/1] (0.85ns)   --->   "%icmp_ln448_20 = icmp_sgt  i16 %p_0_20_0_0_040_load, i16 %trunc_ln433_16" [firmware/nnet_utils/nnet_pooling_stream.h:448]   --->   Operation 177 'icmp' 'icmp_ln448_20' <Predicate = (on_second_row)> <Delay = 0.85> <CoreInst = "Cmp">   --->   Core 9 'Cmp' <Latency = 0> <II = 1> <Delay = 0.85> <FuncUnit> <Opcode : 'icmp'> <InPorts = 2> <OutPorts = 1>
ST_3 : Operation 178 [1/1] (0.34ns)   --->   "%select_ln448_20 = select i1 %icmp_ln448_20, i16 %p_0_20_0_0_040_load, i16 %trunc_ln433_16" [firmware/nnet_utils/nnet_pooling_stream.h:448]   --->   Operation 178 'select' 'select_ln448_20' <Predicate = (on_second_row)> <Delay = 0.34> <CoreInst = "Sel">   --->   Core 73 'Sel' <Latency = 0> <II = 1> <Delay = 0.34> <FuncUnit> <Opcode : 'select'> <InPorts = 3> <OutPorts = 1>
ST_3 : Operation 179 [1/1] (0.85ns)   --->   "%icmp_ln448_21 = icmp_sgt  i16 %p_0_21_0_0_042_load, i16 %trunc_ln433_17" [firmware/nnet_utils/nnet_pooling_stream.h:448]   --->   Operation 179 'icmp' 'icmp_ln448_21' <Predicate = (on_second_row)> <Delay = 0.85> <CoreInst = "Cmp">   --->   Core 9 'Cmp' <Latency = 0> <II = 1> <Delay = 0.85> <FuncUnit> <Opcode : 'icmp'> <InPorts = 2> <OutPorts = 1>
ST_3 : Operation 180 [1/1] (0.34ns)   --->   "%select_ln448_21 = select i1 %icmp_ln448_21, i16 %p_0_21_0_0_042_load, i16 %trunc_ln433_17" [firmware/nnet_utils/nnet_pooling_stream.h:448]   --->   Operation 180 'select' 'select_ln448_21' <Predicate = (on_second_row)> <Delay = 0.34> <CoreInst = "Sel">   --->   Core 73 'Sel' <Latency = 0> <II = 1> <Delay = 0.34> <FuncUnit> <Opcode : 'select'> <InPorts = 3> <OutPorts = 1>
ST_3 : Operation 181 [1/1] (0.85ns)   --->   "%icmp_ln448_22 = icmp_sgt  i16 %p_0_22_0_0_044_load, i16 %trunc_ln433_18" [firmware/nnet_utils/nnet_pooling_stream.h:448]   --->   Operation 181 'icmp' 'icmp_ln448_22' <Predicate = (on_second_row)> <Delay = 0.85> <CoreInst = "Cmp">   --->   Core 9 'Cmp' <Latency = 0> <II = 1> <Delay = 0.85> <FuncUnit> <Opcode : 'icmp'> <InPorts = 2> <OutPorts = 1>
ST_3 : Operation 182 [1/1] (0.34ns)   --->   "%select_ln448_22 = select i1 %icmp_ln448_22, i16 %p_0_22_0_0_044_load, i16 %trunc_ln433_18" [firmware/nnet_utils/nnet_pooling_stream.h:448]   --->   Operation 182 'select' 'select_ln448_22' <Predicate = (on_second_row)> <Delay = 0.34> <CoreInst = "Sel">   --->   Core 73 'Sel' <Latency = 0> <II = 1> <Delay = 0.34> <FuncUnit> <Opcode : 'select'> <InPorts = 3> <OutPorts = 1>
ST_3 : Operation 183 [1/1] (0.85ns)   --->   "%icmp_ln448_23 = icmp_sgt  i16 %p_0_23_0_0_046_load, i16 %trunc_ln433_19" [firmware/nnet_utils/nnet_pooling_stream.h:448]   --->   Operation 183 'icmp' 'icmp_ln448_23' <Predicate = (on_second_row)> <Delay = 0.85> <CoreInst = "Cmp">   --->   Core 9 'Cmp' <Latency = 0> <II = 1> <Delay = 0.85> <FuncUnit> <Opcode : 'icmp'> <InPorts = 2> <OutPorts = 1>
ST_3 : Operation 184 [1/1] (0.34ns)   --->   "%select_ln448_23 = select i1 %icmp_ln448_23, i16 %p_0_23_0_0_046_load, i16 %trunc_ln433_19" [firmware/nnet_utils/nnet_pooling_stream.h:448]   --->   Operation 184 'select' 'select_ln448_23' <Predicate = (on_second_row)> <Delay = 0.34> <CoreInst = "Sel">   --->   Core 73 'Sel' <Latency = 0> <II = 1> <Delay = 0.34> <FuncUnit> <Opcode : 'select'> <InPorts = 3> <OutPorts = 1>
ST_3 : Operation 185 [1/1] (0.85ns)   --->   "%icmp_ln448_24 = icmp_sgt  i16 %p_0_24_0_0_048_load, i16 %trunc_ln433_20" [firmware/nnet_utils/nnet_pooling_stream.h:448]   --->   Operation 185 'icmp' 'icmp_ln448_24' <Predicate = (on_second_row)> <Delay = 0.85> <CoreInst = "Cmp">   --->   Core 9 'Cmp' <Latency = 0> <II = 1> <Delay = 0.85> <FuncUnit> <Opcode : 'icmp'> <InPorts = 2> <OutPorts = 1>
ST_3 : Operation 186 [1/1] (0.34ns)   --->   "%select_ln448_24 = select i1 %icmp_ln448_24, i16 %p_0_24_0_0_048_load, i16 %trunc_ln433_20" [firmware/nnet_utils/nnet_pooling_stream.h:448]   --->   Operation 186 'select' 'select_ln448_24' <Predicate = (on_second_row)> <Delay = 0.34> <CoreInst = "Sel">   --->   Core 73 'Sel' <Latency = 0> <II = 1> <Delay = 0.34> <FuncUnit> <Opcode : 'select'> <InPorts = 3> <OutPorts = 1>
ST_3 : Operation 187 [1/1] (0.85ns)   --->   "%icmp_ln448_25 = icmp_sgt  i16 %p_0_25_0_0_050_load, i16 %trunc_ln433_21" [firmware/nnet_utils/nnet_pooling_stream.h:448]   --->   Operation 187 'icmp' 'icmp_ln448_25' <Predicate = (on_second_row)> <Delay = 0.85> <CoreInst = "Cmp">   --->   Core 9 'Cmp' <Latency = 0> <II = 1> <Delay = 0.85> <FuncUnit> <Opcode : 'icmp'> <InPorts = 2> <OutPorts = 1>
ST_3 : Operation 188 [1/1] (0.34ns)   --->   "%select_ln448_25 = select i1 %icmp_ln448_25, i16 %p_0_25_0_0_050_load, i16 %trunc_ln433_21" [firmware/nnet_utils/nnet_pooling_stream.h:448]   --->   Operation 188 'select' 'select_ln448_25' <Predicate = (on_second_row)> <Delay = 0.34> <CoreInst = "Sel">   --->   Core 73 'Sel' <Latency = 0> <II = 1> <Delay = 0.34> <FuncUnit> <Opcode : 'select'> <InPorts = 3> <OutPorts = 1>
ST_3 : Operation 189 [1/1] (0.85ns)   --->   "%icmp_ln448_26 = icmp_sgt  i16 %p_0_26_0_0_052_load, i16 %trunc_ln433_22" [firmware/nnet_utils/nnet_pooling_stream.h:448]   --->   Operation 189 'icmp' 'icmp_ln448_26' <Predicate = (on_second_row)> <Delay = 0.85> <CoreInst = "Cmp">   --->   Core 9 'Cmp' <Latency = 0> <II = 1> <Delay = 0.85> <FuncUnit> <Opcode : 'icmp'> <InPorts = 2> <OutPorts = 1>
ST_3 : Operation 190 [1/1] (0.34ns)   --->   "%select_ln448_26 = select i1 %icmp_ln448_26, i16 %p_0_26_0_0_052_load, i16 %trunc_ln433_22" [firmware/nnet_utils/nnet_pooling_stream.h:448]   --->   Operation 190 'select' 'select_ln448_26' <Predicate = (on_second_row)> <Delay = 0.34> <CoreInst = "Sel">   --->   Core 73 'Sel' <Latency = 0> <II = 1> <Delay = 0.34> <FuncUnit> <Opcode : 'select'> <InPorts = 3> <OutPorts = 1>
ST_3 : Operation 191 [1/1] (0.85ns)   --->   "%icmp_ln448_27 = icmp_sgt  i16 %p_0_27_0_0_054_load, i16 %trunc_ln433_23" [firmware/nnet_utils/nnet_pooling_stream.h:448]   --->   Operation 191 'icmp' 'icmp_ln448_27' <Predicate = (on_second_row)> <Delay = 0.85> <CoreInst = "Cmp">   --->   Core 9 'Cmp' <Latency = 0> <II = 1> <Delay = 0.85> <FuncUnit> <Opcode : 'icmp'> <InPorts = 2> <OutPorts = 1>
ST_3 : Operation 192 [1/1] (0.34ns)   --->   "%select_ln448_27 = select i1 %icmp_ln448_27, i16 %p_0_27_0_0_054_load, i16 %trunc_ln433_23" [firmware/nnet_utils/nnet_pooling_stream.h:448]   --->   Operation 192 'select' 'select_ln448_27' <Predicate = (on_second_row)> <Delay = 0.34> <CoreInst = "Sel">   --->   Core 73 'Sel' <Latency = 0> <II = 1> <Delay = 0.34> <FuncUnit> <Opcode : 'select'> <InPorts = 3> <OutPorts = 1>
ST_3 : Operation 193 [1/1] (0.00ns)   --->   "%or_ln451_s = bitconcatenate i448 @_ssdm_op_BitConcatenate.i448.i16.i16.i16.i16.i16.i16.i16.i16.i16.i16.i16.i16.i16.i16.i16.i16.i16.i16.i16.i16.i16.i16.i16.i16.i16.i16.i16.i16, i16 %select_ln448_27, i16 %select_ln448_26, i16 %select_ln448_25, i16 %select_ln448_24, i16 %select_ln448_23, i16 %select_ln448_22, i16 %select_ln448_21, i16 %select_ln448_20, i16 %select_ln448_19, i16 %select_ln448_18, i16 %select_ln448_17, i16 %select_ln448_16, i16 %select_ln448_15, i16 %select_ln448_14, i16 %select_ln448_13, i16 %select_ln448_12, i16 %select_ln448_11, i16 %select_ln448_10, i16 %select_ln448_9, i16 %select_ln448_8, i16 %select_ln448_7, i16 %select_ln448_6, i16 %select_ln448_5, i16 %select_ln448_4, i16 %select_ln448_3, i16 %select_ln448_2, i16 %select_ln448_1, i16 %select_ln448" [firmware/nnet_utils/nnet_pooling_stream.h:451]   --->   Operation 193 'bitconcatenate' 'or_ln451_s' <Predicate = (on_second_row)> <Delay = 0.00>
ST_3 : Operation 194 [1/1] (1.63ns)   --->   "%write_ln451 = write void @_ssdm_op_Write.ap_fifo.volatile.i448P0A, i448 %layer5x4_out, i448 %or_ln451_s" [firmware/nnet_utils/nnet_pooling_stream.h:451]   --->   Operation 194 'write' 'write_ln451' <Predicate = (on_second_row)> <Delay = 1.63> <CoreInst = "FIFO">   --->   Core 78 'FIFO' <Latency = 0> <II = 1> <Delay = 1.63> <Storage> <Opcode : 'read' 'write' 'nbread' 'nbwrite'> <Ports = 0> <Width = 448> <Depth = 4> <FIFO>
ST_3 : Operation 195 [1/1] (0.00ns)   --->   "%br_ln0 = br void %for.inc24"   --->   Operation 195 'br' 'br_ln0' <Predicate = (on_second_row)> <Delay = 0.00>


============================================================
+ Verbose Summary: Binding
============================================================
STG Binding: 
---------------- STG Properties BEGIN ----------------
- Is combinational: 0
- Is one-state seq: 0
- Is datapath-only: 0
- Is pipelined: 0
- Is top level: 0
Port [ Return ] is wired: 1; IO mode=ap_ctrl_hs:ce=0
Port [ layer4x4_out]:  wired=1; compound=1; hidden=0; nouse=0; global=0; static=0; extern=0; dir=0; type=3; pingpong=0; private_global=0; IO mode=ap_fifo:ce=0
Port [ layer5x4_out]:  wired=1; compound=1; hidden=0; nouse=0; global=0; static=0; extern=0; dir=1; type=3; pingpong=0; private_global=0; IO mode=ap_fifo:ce=0
---------------- STG Properties END ------------------

---------------- Datapath Model BEGIN ----------------

<LifeTime>
<method=bitvector/>
i_ih                    (alloca           ) [ 0100]
empty                   (alloca           ) [ 0111]
p_0_1_0_0_02            (alloca           ) [ 0111]
p_0_2_0_0_04            (alloca           ) [ 0111]
p_0_3_0_0_06            (alloca           ) [ 0111]
p_0_4_0_0_08            (alloca           ) [ 0111]
p_0_5_0_0_010           (alloca           ) [ 0111]
p_0_6_0_0_012           (alloca           ) [ 0111]
p_0_7_0_0_014           (alloca           ) [ 0111]
p_0_8_0_0_016           (alloca           ) [ 0111]
p_0_9_0_0_018           (alloca           ) [ 0111]
p_0_10_0_0_020          (alloca           ) [ 0111]
p_0_11_0_0_022          (alloca           ) [ 0111]
p_0_12_0_0_024          (alloca           ) [ 0111]
p_0_13_0_0_026          (alloca           ) [ 0111]
p_0_14_0_0_028          (alloca           ) [ 0111]
p_0_15_0_0_030          (alloca           ) [ 0111]
p_0_16_0_0_032          (alloca           ) [ 0111]
p_0_17_0_0_034          (alloca           ) [ 0111]
p_0_18_0_0_036          (alloca           ) [ 0111]
p_0_19_0_0_038          (alloca           ) [ 0111]
p_0_20_0_0_040          (alloca           ) [ 0111]
p_0_21_0_0_042          (alloca           ) [ 0111]
p_0_22_0_0_044          (alloca           ) [ 0111]
p_0_23_0_0_046          (alloca           ) [ 0111]
p_0_24_0_0_048          (alloca           ) [ 0111]
p_0_25_0_0_050          (alloca           ) [ 0111]
p_0_26_0_0_052          (alloca           ) [ 0111]
p_0_27_0_0_054          (alloca           ) [ 0111]
specinterface_ln0       (specinterface    ) [ 0000]
specinterface_ln0       (specinterface    ) [ 0000]
store_ln430             (store            ) [ 0000]
br_ln430                (br               ) [ 0000]
on_second_row           (phi              ) [ 0111]
i_ih_1                  (load             ) [ 0000]
icmp_ln430              (icmp             ) [ 0111]
i_ih_2                  (add              ) [ 0000]
br_ln430                (br               ) [ 0000]
br_ln435                (br               ) [ 0000]
on_second_row_1         (xor              ) [ 0100]
store_ln430             (store            ) [ 0000]
br_ln430                (br               ) [ 0100]
specpipeline_ln431      (specpipeline     ) [ 0000]
speclooptripcount_ln430 (speclooptripcount) [ 0000]
specloopname_ln430      (specloopname     ) [ 0000]
layer4x4_out_read       (read             ) [ 0000]
cur                     (trunc            ) [ 0101]
cur_1                   (partselect       ) [ 0101]
cur_2                   (partselect       ) [ 0101]
cur_3                   (partselect       ) [ 0101]
trunc_ln433_4           (partselect       ) [ 0101]
trunc_ln433_5           (partselect       ) [ 0101]
trunc_ln433_6           (partselect       ) [ 0101]
trunc_ln433_7           (partselect       ) [ 0101]
trunc_ln433_8           (partselect       ) [ 0101]
trunc_ln433_9           (partselect       ) [ 0101]
trunc_ln433_s           (partselect       ) [ 0101]
trunc_ln433_1           (partselect       ) [ 0101]
trunc_ln433_2           (partselect       ) [ 0101]
trunc_ln433_3           (partselect       ) [ 0101]
trunc_ln433_10          (partselect       ) [ 0101]
trunc_ln433_11          (partselect       ) [ 0101]
trunc_ln433_12          (partselect       ) [ 0101]
trunc_ln433_13          (partselect       ) [ 0101]
trunc_ln433_14          (partselect       ) [ 0101]
trunc_ln433_15          (partselect       ) [ 0101]
trunc_ln433_16          (partselect       ) [ 0101]
trunc_ln433_17          (partselect       ) [ 0101]
trunc_ln433_18          (partselect       ) [ 0101]
trunc_ln433_19          (partselect       ) [ 0101]
trunc_ln433_20          (partselect       ) [ 0101]
trunc_ln433_21          (partselect       ) [ 0101]
trunc_ln433_22          (partselect       ) [ 0101]
trunc_ln433_23          (partselect       ) [ 0101]
store_ln433             (store            ) [ 0000]
store_ln433             (store            ) [ 0000]
store_ln433             (store            ) [ 0000]
store_ln433             (store            ) [ 0000]
store_ln433             (store            ) [ 0000]
store_ln433             (store            ) [ 0000]
store_ln433             (store            ) [ 0000]
store_ln433             (store            ) [ 0000]
store_ln433             (store            ) [ 0000]
store_ln433             (store            ) [ 0000]
store_ln433             (store            ) [ 0000]
store_ln433             (store            ) [ 0000]
store_ln433             (store            ) [ 0000]
store_ln433             (store            ) [ 0000]
store_ln433             (store            ) [ 0000]
store_ln433             (store            ) [ 0000]
store_ln433             (store            ) [ 0000]
store_ln433             (store            ) [ 0000]
store_ln433             (store            ) [ 0000]
store_ln433             (store            ) [ 0000]
store_ln433             (store            ) [ 0000]
store_ln433             (store            ) [ 0000]
store_ln433             (store            ) [ 0000]
store_ln433             (store            ) [ 0000]
store_ln433             (store            ) [ 0000]
store_ln433             (store            ) [ 0000]
store_ln433             (store            ) [ 0000]
store_ln433             (store            ) [ 0000]
br_ln435                (br               ) [ 0000]
p_load                  (load             ) [ 0000]
p_0_1_0_0_02_load       (load             ) [ 0000]
p_0_2_0_0_04_load       (load             ) [ 0000]
p_0_3_0_0_06_load       (load             ) [ 0000]
p_0_4_0_0_08_load       (load             ) [ 0000]
p_0_5_0_0_010_load      (load             ) [ 0000]
p_0_6_0_0_012_load      (load             ) [ 0000]
p_0_7_0_0_014_load      (load             ) [ 0000]
p_0_8_0_0_016_load      (load             ) [ 0000]
p_0_9_0_0_018_load      (load             ) [ 0000]
p_0_10_0_0_020_load     (load             ) [ 0000]
p_0_11_0_0_022_load     (load             ) [ 0000]
p_0_12_0_0_024_load     (load             ) [ 0000]
p_0_13_0_0_026_load     (load             ) [ 0000]
p_0_14_0_0_028_load     (load             ) [ 0000]
p_0_15_0_0_030_load     (load             ) [ 0000]
p_0_16_0_0_032_load     (load             ) [ 0000]
p_0_17_0_0_034_load     (load             ) [ 0000]
p_0_18_0_0_036_load     (load             ) [ 0000]
p_0_19_0_0_038_load     (load             ) [ 0000]
p_0_20_0_0_040_load     (load             ) [ 0000]
p_0_21_0_0_042_load     (load             ) [ 0000]
p_0_22_0_0_044_load     (load             ) [ 0000]
p_0_23_0_0_046_load     (load             ) [ 0000]
p_0_24_0_0_048_load     (load             ) [ 0000]
p_0_25_0_0_050_load     (load             ) [ 0000]
p_0_26_0_0_052_load     (load             ) [ 0000]
p_0_27_0_0_054_load     (load             ) [ 0000]
icmp_ln448              (icmp             ) [ 0000]
select_ln448            (select           ) [ 0000]
icmp_ln448_1            (icmp             ) [ 0000]
select_ln448_1          (select           ) [ 0000]
icmp_ln448_2            (icmp             ) [ 0000]
select_ln448_2          (select           ) [ 0000]
icmp_ln448_3            (icmp             ) [ 0000]
select_ln448_3          (select           ) [ 0000]
icmp_ln448_4            (icmp             ) [ 0000]
select_ln448_4          (select           ) [ 0000]
icmp_ln448_5            (icmp             ) [ 0000]
select_ln448_5          (select           ) [ 0000]
icmp_ln448_6            (icmp             ) [ 0000]
select_ln448_6          (select           ) [ 0000]
icmp_ln448_7            (icmp             ) [ 0000]
select_ln448_7          (select           ) [ 0000]
icmp_ln448_8            (icmp             ) [ 0000]
select_ln448_8          (select           ) [ 0000]
icmp_ln448_9            (icmp             ) [ 0000]
select_ln448_9          (select           ) [ 0000]
icmp_ln448_10           (icmp             ) [ 0000]
select_ln448_10         (select           ) [ 0000]
icmp_ln448_11           (icmp             ) [ 0000]
select_ln448_11         (select           ) [ 0000]
icmp_ln448_12           (icmp             ) [ 0000]
select_ln448_12         (select           ) [ 0000]
icmp_ln448_13           (icmp             ) [ 0000]
select_ln448_13         (select           ) [ 0000]
icmp_ln448_14           (icmp             ) [ 0000]
select_ln448_14         (select           ) [ 0000]
icmp_ln448_15           (icmp             ) [ 0000]
select_ln448_15         (select           ) [ 0000]
icmp_ln448_16           (icmp             ) [ 0000]
select_ln448_16         (select           ) [ 0000]
icmp_ln448_17           (icmp             ) [ 0000]
select_ln448_17         (select           ) [ 0000]
icmp_ln448_18           (icmp             ) [ 0000]
select_ln448_18         (select           ) [ 0000]
icmp_ln448_19           (icmp             ) [ 0000]
select_ln448_19         (select           ) [ 0000]
icmp_ln448_20           (icmp             ) [ 0000]
select_ln448_20         (select           ) [ 0000]
icmp_ln448_21           (icmp             ) [ 0000]
select_ln448_21         (select           ) [ 0000]
icmp_ln448_22           (icmp             ) [ 0000]
select_ln448_22         (select           ) [ 0000]
icmp_ln448_23           (icmp             ) [ 0000]
select_ln448_23         (select           ) [ 0000]
icmp_ln448_24           (icmp             ) [ 0000]
select_ln448_24         (select           ) [ 0000]
icmp_ln448_25           (icmp             ) [ 0000]
select_ln448_25         (select           ) [ 0000]
icmp_ln448_26           (icmp             ) [ 0000]
select_ln448_26         (select           ) [ 0000]
icmp_ln448_27           (icmp             ) [ 0000]
select_ln448_27         (select           ) [ 0000]
or_ln451_s              (bitconcatenate   ) [ 0000]
write_ln451             (write            ) [ 0000]
br_ln0                  (br               ) [ 0000]
ret_ln456               (ret              ) [ 0000]
</LifeTime>

<model>

<comp_list>
<comp id="0" class="1000" name="layer4x4_out">
<pin_list>
<pin id="1" dir="1" index="0" bw="1" slack="0"/>
</pin_list>
<bind>
<StgValue><ssdm name="layer4x4_out"/></StgValue>
</bind>
</comp>

<comp id="2" class="1000" name="layer5x4_out">
<pin_list>
<pin id="3" dir="1" index="0" bw="1" slack="0"/>
</pin_list>
<bind>
<StgValue><ssdm name="layer5x4_out"/></StgValue>
</bind>
</comp>

<comp id="4" class="1001" name="const_4">
<pin_list>
<pin id="5" dir="1" index="0" bw="1" slack="0"/>
</pin_list>
<bind>
<StgValue><ssdm name=""/></StgValue>
</bind>
</comp>

<comp id="6" class="1001" name="const_6">
<pin_list>
<pin id="7" dir="1" index="0" bw="1" slack="2147483647"/>
</pin_list>
<bind>
<StgValue><ssdm name="_ssdm_op_SpecInterface"/></StgValue>
</bind>
</comp>

<comp id="8" class="1001" name="const_8">
<pin_list>
<pin id="9" dir="1" index="0" bw="1" slack="2147483647"/>
</pin_list>
<bind>
<StgValue><ssdm name="empty_9"/></StgValue>
</bind>
</comp>

<comp id="10" class="1001" name="const_10">
<pin_list>
<pin id="11" dir="1" index="0" bw="1" slack="2147483647"/>
</pin_list>
<bind>
<StgValue><ssdm name=""/></StgValue>
</bind>
</comp>

<comp id="12" class="1001" name="const_12">
<pin_list>
<pin id="13" dir="1" index="0" bw="1" slack="2147483647"/>
</pin_list>
<bind>
<StgValue><ssdm name="empty_0"/></StgValue>
</bind>
</comp>

<comp id="14" class="1001" name="const_14">
<pin_list>
<pin id="15" dir="1" index="0" bw="1" slack="2147483647"/>
</pin_list>
<bind>
<StgValue><ssdm name=""/></StgValue>
</bind>
</comp>

<comp id="16" class="1001" name="const_16">
<pin_list>
<pin id="17" dir="1" index="0" bw="1" slack="0"/>
</pin_list>
<bind>
<StgValue><ssdm name=""/></StgValue>
</bind>
</comp>

<comp id="18" class="1001" name="const_18">
<pin_list>
<pin id="19" dir="1" index="0" bw="1" slack="0"/>
</pin_list>
<bind>
<StgValue><ssdm name=""/></StgValue>
</bind>
</comp>

<comp id="20" class="1001" name="const_20">
<pin_list>
<pin id="21" dir="1" index="0" bw="1" slack="0"/>
</pin_list>
<bind>
<StgValue><ssdm name=""/></StgValue>
</bind>
</comp>

<comp id="22" class="1001" name="const_22">
<pin_list>
<pin id="23" dir="1" index="0" bw="1" slack="0"/>
</pin_list>
<bind>
<StgValue><ssdm name=""/></StgValue>
</bind>
</comp>

<comp id="24" class="1001" name="const_24">
<pin_list>
<pin id="25" dir="1" index="0" bw="1" slack="0"/>
</pin_list>
<bind>
<StgValue><ssdm name=""/></StgValue>
</bind>
</comp>

<comp id="26" class="1001" name="const_26">
<pin_list>
<pin id="27" dir="1" index="0" bw="1" slack="2147483647"/>
</pin_list>
<bind>
<StgValue><ssdm name="_ssdm_op_SpecPipeline"/></StgValue>
</bind>
</comp>

<comp id="28" class="1001" name="const_28">
<pin_list>
<pin id="29" dir="1" index="0" bw="1" slack="2147483647"/>
</pin_list>
<bind>
<StgValue><ssdm name="_ssdm_op_SpecLoopTripCount"/></StgValue>
</bind>
</comp>

<comp id="30" class="1001" name="const_30">
<pin_list>
<pin id="31" dir="1" index="0" bw="1" slack="2147483647"/>
</pin_list>
<bind>
<StgValue><ssdm name=""/></StgValue>
</bind>
</comp>

<comp id="32" class="1001" name="const_32">
<pin_list>
<pin id="33" dir="1" index="0" bw="1" slack="2147483647"/>
</pin_list>
<bind>
<StgValue><ssdm name="_ssdm_op_SpecLoopName"/></StgValue>
</bind>
</comp>

<comp id="34" class="1001" name="const_34">
<pin_list>
<pin id="35" dir="1" index="0" bw="1" slack="2147483647"/>
</pin_list>
<bind>
<StgValue><ssdm name="empty_4"/></StgValue>
</bind>
</comp>

<comp id="36" class="1001" name="const_36">
<pin_list>
<pin id="37" dir="1" index="0" bw="1" slack="0"/>
</pin_list>
<bind>
<StgValue><ssdm name="_ssdm_op_Read.ap_fifo.volatile.i448P0A"/></StgValue>
</bind>
</comp>

<comp id="38" class="1001" name="const_38">
<pin_list>
<pin id="39" dir="1" index="0" bw="1" slack="0"/>
</pin_list>
<bind>
<StgValue><ssdm name="_ssdm_op_PartSelect.i16.i448.i32.i32"/></StgValue>
</bind>
</comp>

<comp id="40" class="1001" name="const_40">
<pin_list>
<pin id="41" dir="1" index="0" bw="1" slack="0"/>
</pin_list>
<bind>
<StgValue><ssdm name=""/></StgValue>
</bind>
</comp>

<comp id="42" class="1001" name="const_42">
<pin_list>
<pin id="43" dir="1" index="0" bw="1" slack="0"/>
</pin_list>
<bind>
<StgValue><ssdm name=""/></StgValue>
</bind>
</comp>

<comp id="44" class="1001" name="const_44">
<pin_list>
<pin id="45" dir="1" index="0" bw="1" slack="0"/>
</pin_list>
<bind>
<StgValue><ssdm name=""/></StgValue>
</bind>
</comp>

<comp id="46" class="1001" name="const_46">
<pin_list>
<pin id="47" dir="1" index="0" bw="1" slack="0"/>
</pin_list>
<bind>
<StgValue><ssdm name=""/></StgValue>
</bind>
</comp>

<comp id="48" class="1001" name="const_48">
<pin_list>
<pin id="49" dir="1" index="0" bw="1" slack="0"/>
</pin_list>
<bind>
<StgValue><ssdm name=""/></StgValue>
</bind>
</comp>

<comp id="50" class="1001" name="const_50">
<pin_list>
<pin id="51" dir="1" index="0" bw="1" slack="0"/>
</pin_list>
<bind>
<StgValue><ssdm name=""/></StgValue>
</bind>
</comp>

<comp id="52" class="1001" name="const_52">
<pin_list>
<pin id="53" dir="1" index="0" bw="1" slack="0"/>
</pin_list>
<bind>
<StgValue><ssdm name=""/></StgValue>
</bind>
</comp>

<comp id="54" class="1001" name="const_54">
<pin_list>
<pin id="55" dir="1" index="0" bw="1" slack="0"/>
</pin_list>
<bind>
<StgValue><ssdm name=""/></StgValue>
</bind>
</comp>

<comp id="56" class="1001" name="const_56">
<pin_list>
<pin id="57" dir="1" index="0" bw="1" slack="0"/>
</pin_list>
<bind>
<StgValue><ssdm name=""/></StgValue>
</bind>
</comp>

<comp id="58" class="1001" name="const_58">
<pin_list>
<pin id="59" dir="1" index="0" bw="1" slack="0"/>
</pin_list>
<bind>
<StgValue><ssdm name=""/></StgValue>
</bind>
</comp>

<comp id="60" class="1001" name="const_60">
<pin_list>
<pin id="61" dir="1" index="0" bw="1" slack="0"/>
</pin_list>
<bind>
<StgValue><ssdm name=""/></StgValue>
</bind>
</comp>

<comp id="62" class="1001" name="const_62">
<pin_list>
<pin id="63" dir="1" index="0" bw="1" slack="0"/>
</pin_list>
<bind>
<StgValue><ssdm name=""/></StgValue>
</bind>
</comp>

<comp id="64" class="1001" name="const_64">
<pin_list>
<pin id="65" dir="1" index="0" bw="1" slack="0"/>
</pin_list>
<bind>
<StgValue><ssdm name=""/></StgValue>
</bind>
</comp>

<comp id="66" class="1001" name="const_66">
<pin_list>
<pin id="67" dir="1" index="0" bw="1" slack="0"/>
</pin_list>
<bind>
<StgValue><ssdm name=""/></StgValue>
</bind>
</comp>

<comp id="68" class="1001" name="const_68">
<pin_list>
<pin id="69" dir="1" index="0" bw="1" slack="0"/>
</pin_list>
<bind>
<StgValue><ssdm name=""/></StgValue>
</bind>
</comp>

<comp id="70" class="1001" name="const_70">
<pin_list>
<pin id="71" dir="1" index="0" bw="1" slack="0"/>
</pin_list>
<bind>
<StgValue><ssdm name=""/></StgValue>
</bind>
</comp>

<comp id="72" class="1001" name="const_72">
<pin_list>
<pin id="73" dir="1" index="0" bw="1" slack="0"/>
</pin_list>
<bind>
<StgValue><ssdm name=""/></StgValue>
</bind>
</comp>

<comp id="74" class="1001" name="const_74">
<pin_list>
<pin id="75" dir="1" index="0" bw="1" slack="0"/>
</pin_list>
<bind>
<StgValue><ssdm name=""/></StgValue>
</bind>
</comp>

<comp id="76" class="1001" name="const_76">
<pin_list>
<pin id="77" dir="1" index="0" bw="1" slack="0"/>
</pin_list>
<bind>
<StgValue><ssdm name=""/></StgValue>
</bind>
</comp>

<comp id="78" class="1001" name="const_78">
<pin_list>
<pin id="79" dir="1" index="0" bw="1" slack="0"/>
</pin_list>
<bind>
<StgValue><ssdm name=""/></StgValue>
</bind>
</comp>

<comp id="80" class="1001" name="const_80">
<pin_list>
<pin id="81" dir="1" index="0" bw="1" slack="0"/>
</pin_list>
<bind>
<StgValue><ssdm name=""/></StgValue>
</bind>
</comp>

<comp id="82" class="1001" name="const_82">
<pin_list>
<pin id="83" dir="1" index="0" bw="1" slack="0"/>
</pin_list>
<bind>
<StgValue><ssdm name=""/></StgValue>
</bind>
</comp>

<comp id="84" class="1001" name="const_84">
<pin_list>
<pin id="85" dir="1" index="0" bw="1" slack="0"/>
</pin_list>
<bind>
<StgValue><ssdm name=""/></StgValue>
</bind>
</comp>

<comp id="86" class="1001" name="const_86">
<pin_list>
<pin id="87" dir="1" index="0" bw="1" slack="0"/>
</pin_list>
<bind>
<StgValue><ssdm name=""/></StgValue>
</bind>
</comp>

<comp id="88" class="1001" name="const_88">
<pin_list>
<pin id="89" dir="1" index="0" bw="1" slack="0"/>
</pin_list>
<bind>
<StgValue><ssdm name=""/></StgValue>
</bind>
</comp>

<comp id="90" class="1001" name="const_90">
<pin_list>
<pin id="91" dir="1" index="0" bw="1" slack="0"/>
</pin_list>
<bind>
<StgValue><ssdm name=""/></StgValue>
</bind>
</comp>

<comp id="92" class="1001" name="const_92">
<pin_list>
<pin id="93" dir="1" index="0" bw="1" slack="0"/>
</pin_list>
<bind>
<StgValue><ssdm name=""/></StgValue>
</bind>
</comp>

<comp id="94" class="1001" name="const_94">
<pin_list>
<pin id="95" dir="1" index="0" bw="1" slack="0"/>
</pin_list>
<bind>
<StgValue><ssdm name=""/></StgValue>
</bind>
</comp>

<comp id="96" class="1001" name="const_96">
<pin_list>
<pin id="97" dir="1" index="0" bw="1" slack="0"/>
</pin_list>
<bind>
<StgValue><ssdm name=""/></StgValue>
</bind>
</comp>

<comp id="98" class="1001" name="const_98">
<pin_list>
<pin id="99" dir="1" index="0" bw="1" slack="0"/>
</pin_list>
<bind>
<StgValue><ssdm name=""/></StgValue>
</bind>
</comp>

<comp id="100" class="1001" name="const_100">
<pin_list>
<pin id="101" dir="1" index="0" bw="1" slack="0"/>
</pin_list>
<bind>
<StgValue><ssdm name=""/></StgValue>
</bind>
</comp>

<comp id="102" class="1001" name="const_102">
<pin_list>
<pin id="103" dir="1" index="0" bw="1" slack="0"/>
</pin_list>
<bind>
<StgValue><ssdm name=""/></StgValue>
</bind>
</comp>

<comp id="104" class="1001" name="const_104">
<pin_list>
<pin id="105" dir="1" index="0" bw="1" slack="0"/>
</pin_list>
<bind>
<StgValue><ssdm name=""/></StgValue>
</bind>
</comp>

<comp id="106" class="1001" name="const_106">
<pin_list>
<pin id="107" dir="1" index="0" bw="1" slack="0"/>
</pin_list>
<bind>
<StgValue><ssdm name=""/></StgValue>
</bind>
</comp>

<comp id="108" class="1001" name="const_108">
<pin_list>
<pin id="109" dir="1" index="0" bw="1" slack="0"/>
</pin_list>
<bind>
<StgValue><ssdm name=""/></StgValue>
</bind>
</comp>

<comp id="110" class="1001" name="const_110">
<pin_list>
<pin id="111" dir="1" index="0" bw="1" slack="0"/>
</pin_list>
<bind>
<StgValue><ssdm name=""/></StgValue>
</bind>
</comp>

<comp id="112" class="1001" name="const_112">
<pin_list>
<pin id="113" dir="1" index="0" bw="1" slack="0"/>
</pin_list>
<bind>
<StgValue><ssdm name=""/></StgValue>
</bind>
</comp>

<comp id="114" class="1001" name="const_114">
<pin_list>
<pin id="115" dir="1" index="0" bw="1" slack="0"/>
</pin_list>
<bind>
<StgValue><ssdm name=""/></StgValue>
</bind>
</comp>

<comp id="116" class="1001" name="const_116">
<pin_list>
<pin id="117" dir="1" index="0" bw="1" slack="0"/>
</pin_list>
<bind>
<StgValue><ssdm name=""/></StgValue>
</bind>
</comp>

<comp id="118" class="1001" name="const_118">
<pin_list>
<pin id="119" dir="1" index="0" bw="1" slack="0"/>
</pin_list>
<bind>
<StgValue><ssdm name=""/></StgValue>
</bind>
</comp>

<comp id="120" class="1001" name="const_120">
<pin_list>
<pin id="121" dir="1" index="0" bw="1" slack="0"/>
</pin_list>
<bind>
<StgValue><ssdm name=""/></StgValue>
</bind>
</comp>

<comp id="122" class="1001" name="const_122">
<pin_list>
<pin id="123" dir="1" index="0" bw="1" slack="0"/>
</pin_list>
<bind>
<StgValue><ssdm name=""/></StgValue>
</bind>
</comp>

<comp id="124" class="1001" name="const_124">
<pin_list>
<pin id="125" dir="1" index="0" bw="1" slack="0"/>
</pin_list>
<bind>
<StgValue><ssdm name=""/></StgValue>
</bind>
</comp>

<comp id="126" class="1001" name="const_126">
<pin_list>
<pin id="127" dir="1" index="0" bw="1" slack="0"/>
</pin_list>
<bind>
<StgValue><ssdm name=""/></StgValue>
</bind>
</comp>

<comp id="128" class="1001" name="const_128">
<pin_list>
<pin id="129" dir="1" index="0" bw="1" slack="0"/>
</pin_list>
<bind>
<StgValue><ssdm name=""/></StgValue>
</bind>
</comp>

<comp id="130" class="1001" name="const_130">
<pin_list>
<pin id="131" dir="1" index="0" bw="1" slack="0"/>
</pin_list>
<bind>
<StgValue><ssdm name=""/></StgValue>
</bind>
</comp>

<comp id="132" class="1001" name="const_132">
<pin_list>
<pin id="133" dir="1" index="0" bw="1" slack="0"/>
</pin_list>
<bind>
<StgValue><ssdm name=""/></StgValue>
</bind>
</comp>

<comp id="134" class="1001" name="const_134">
<pin_list>
<pin id="135" dir="1" index="0" bw="1" slack="0"/>
</pin_list>
<bind>
<StgValue><ssdm name=""/></StgValue>
</bind>
</comp>

<comp id="136" class="1001" name="const_136">
<pin_list>
<pin id="137" dir="1" index="0" bw="1" slack="0"/>
</pin_list>
<bind>
<StgValue><ssdm name=""/></StgValue>
</bind>
</comp>

<comp id="138" class="1001" name="const_138">
<pin_list>
<pin id="139" dir="1" index="0" bw="1" slack="0"/>
</pin_list>
<bind>
<StgValue><ssdm name=""/></StgValue>
</bind>
</comp>

<comp id="140" class="1001" name="const_140">
<pin_list>
<pin id="141" dir="1" index="0" bw="1" slack="0"/>
</pin_list>
<bind>
<StgValue><ssdm name=""/></StgValue>
</bind>
</comp>

<comp id="142" class="1001" name="const_142">
<pin_list>
<pin id="143" dir="1" index="0" bw="1" slack="0"/>
</pin_list>
<bind>
<StgValue><ssdm name=""/></StgValue>
</bind>
</comp>

<comp id="144" class="1001" name="const_144">
<pin_list>
<pin id="145" dir="1" index="0" bw="1" slack="0"/>
</pin_list>
<bind>
<StgValue><ssdm name=""/></StgValue>
</bind>
</comp>

<comp id="146" class="1001" name="const_146">
<pin_list>
<pin id="147" dir="1" index="0" bw="1" slack="0"/>
</pin_list>
<bind>
<StgValue><ssdm name=""/></StgValue>
</bind>
</comp>

<comp id="148" class="1001" name="const_148">
<pin_list>
<pin id="149" dir="1" index="0" bw="1" slack="0"/>
</pin_list>
<bind>
<StgValue><ssdm name="_ssdm_op_BitConcatenate.i448.i16.i16.i16.i16.i16.i16.i16.i16.i16.i16.i16.i16.i16.i16.i16.i16.i16.i16.i16.i16.i16.i16.i16.i16.i16.i16.i16.i16"/></StgValue>
</bind>
</comp>

<comp id="150" class="1001" name="const_150">
<pin_list>
<pin id="151" dir="1" index="0" bw="1" slack="0"/>
</pin_list>
<bind>
<StgValue><ssdm name="_ssdm_op_Write.ap_fifo.volatile.i448P0A"/></StgValue>
</bind>
</comp>

<comp id="152" class="1004" name="i_ih_fu_152">
<pin_list>
<pin id="153" dir="0" index="0" bw="1" slack="0"/>
<pin id="154" dir="1" index="1" bw="7" slack="0"/>
</pin_list>
<bind>
<opcode="alloca(26) " fcode="alloca"/>
<opset="i_ih/1 "/>
</bind>
</comp>

<comp id="156" class="1004" name="empty_fu_156">
<pin_list>
<pin id="157" dir="0" index="0" bw="1" slack="0"/>
<pin id="158" dir="1" index="1" bw="16" slack="1"/>
</pin_list>
<bind>
<opcode="alloca(26) " fcode="alloca"/>
<opset="empty/1 "/>
</bind>
</comp>

<comp id="160" class="1004" name="p_0_1_0_0_02_fu_160">
<pin_list>
<pin id="161" dir="0" index="0" bw="1" slack="0"/>
<pin id="162" dir="1" index="1" bw="16" slack="1"/>
</pin_list>
<bind>
<opcode="alloca(26) " fcode="alloca"/>
<opset="p_0_1_0_0_02/1 "/>
</bind>
</comp>

<comp id="164" class="1004" name="p_0_2_0_0_04_fu_164">
<pin_list>
<pin id="165" dir="0" index="0" bw="1" slack="0"/>
<pin id="166" dir="1" index="1" bw="16" slack="1"/>
</pin_list>
<bind>
<opcode="alloca(26) " fcode="alloca"/>
<opset="p_0_2_0_0_04/1 "/>
</bind>
</comp>

<comp id="168" class="1004" name="p_0_3_0_0_06_fu_168">
<pin_list>
<pin id="169" dir="0" index="0" bw="1" slack="0"/>
<pin id="170" dir="1" index="1" bw="16" slack="1"/>
</pin_list>
<bind>
<opcode="alloca(26) " fcode="alloca"/>
<opset="p_0_3_0_0_06/1 "/>
</bind>
</comp>

<comp id="172" class="1004" name="p_0_4_0_0_08_fu_172">
<pin_list>
<pin id="173" dir="0" index="0" bw="1" slack="0"/>
<pin id="174" dir="1" index="1" bw="16" slack="1"/>
</pin_list>
<bind>
<opcode="alloca(26) " fcode="alloca"/>
<opset="p_0_4_0_0_08/1 "/>
</bind>
</comp>

<comp id="176" class="1004" name="p_0_5_0_0_010_fu_176">
<pin_list>
<pin id="177" dir="0" index="0" bw="1" slack="0"/>
<pin id="178" dir="1" index="1" bw="16" slack="1"/>
</pin_list>
<bind>
<opcode="alloca(26) " fcode="alloca"/>
<opset="p_0_5_0_0_010/1 "/>
</bind>
</comp>

<comp id="180" class="1004" name="p_0_6_0_0_012_fu_180">
<pin_list>
<pin id="181" dir="0" index="0" bw="1" slack="0"/>
<pin id="182" dir="1" index="1" bw="16" slack="1"/>
</pin_list>
<bind>
<opcode="alloca(26) " fcode="alloca"/>
<opset="p_0_6_0_0_012/1 "/>
</bind>
</comp>

<comp id="184" class="1004" name="p_0_7_0_0_014_fu_184">
<pin_list>
<pin id="185" dir="0" index="0" bw="1" slack="0"/>
<pin id="186" dir="1" index="1" bw="16" slack="1"/>
</pin_list>
<bind>
<opcode="alloca(26) " fcode="alloca"/>
<opset="p_0_7_0_0_014/1 "/>
</bind>
</comp>

<comp id="188" class="1004" name="p_0_8_0_0_016_fu_188">
<pin_list>
<pin id="189" dir="0" index="0" bw="1" slack="0"/>
<pin id="190" dir="1" index="1" bw="16" slack="1"/>
</pin_list>
<bind>
<opcode="alloca(26) " fcode="alloca"/>
<opset="p_0_8_0_0_016/1 "/>
</bind>
</comp>

<comp id="192" class="1004" name="p_0_9_0_0_018_fu_192">
<pin_list>
<pin id="193" dir="0" index="0" bw="1" slack="0"/>
<pin id="194" dir="1" index="1" bw="16" slack="1"/>
</pin_list>
<bind>
<opcode="alloca(26) " fcode="alloca"/>
<opset="p_0_9_0_0_018/1 "/>
</bind>
</comp>

<comp id="196" class="1004" name="p_0_10_0_0_020_fu_196">
<pin_list>
<pin id="197" dir="0" index="0" bw="1" slack="0"/>
<pin id="198" dir="1" index="1" bw="16" slack="1"/>
</pin_list>
<bind>
<opcode="alloca(26) " fcode="alloca"/>
<opset="p_0_10_0_0_020/1 "/>
</bind>
</comp>

<comp id="200" class="1004" name="p_0_11_0_0_022_fu_200">
<pin_list>
<pin id="201" dir="0" index="0" bw="1" slack="0"/>
<pin id="202" dir="1" index="1" bw="16" slack="1"/>
</pin_list>
<bind>
<opcode="alloca(26) " fcode="alloca"/>
<opset="p_0_11_0_0_022/1 "/>
</bind>
</comp>

<comp id="204" class="1004" name="p_0_12_0_0_024_fu_204">
<pin_list>
<pin id="205" dir="0" index="0" bw="1" slack="0"/>
<pin id="206" dir="1" index="1" bw="16" slack="1"/>
</pin_list>
<bind>
<opcode="alloca(26) " fcode="alloca"/>
<opset="p_0_12_0_0_024/1 "/>
</bind>
</comp>

<comp id="208" class="1004" name="p_0_13_0_0_026_fu_208">
<pin_list>
<pin id="209" dir="0" index="0" bw="1" slack="0"/>
<pin id="210" dir="1" index="1" bw="16" slack="1"/>
</pin_list>
<bind>
<opcode="alloca(26) " fcode="alloca"/>
<opset="p_0_13_0_0_026/1 "/>
</bind>
</comp>

<comp id="212" class="1004" name="p_0_14_0_0_028_fu_212">
<pin_list>
<pin id="213" dir="0" index="0" bw="1" slack="0"/>
<pin id="214" dir="1" index="1" bw="16" slack="1"/>
</pin_list>
<bind>
<opcode="alloca(26) " fcode="alloca"/>
<opset="p_0_14_0_0_028/1 "/>
</bind>
</comp>

<comp id="216" class="1004" name="p_0_15_0_0_030_fu_216">
<pin_list>
<pin id="217" dir="0" index="0" bw="1" slack="0"/>
<pin id="218" dir="1" index="1" bw="16" slack="1"/>
</pin_list>
<bind>
<opcode="alloca(26) " fcode="alloca"/>
<opset="p_0_15_0_0_030/1 "/>
</bind>
</comp>

<comp id="220" class="1004" name="p_0_16_0_0_032_fu_220">
<pin_list>
<pin id="221" dir="0" index="0" bw="1" slack="0"/>
<pin id="222" dir="1" index="1" bw="16" slack="1"/>
</pin_list>
<bind>
<opcode="alloca(26) " fcode="alloca"/>
<opset="p_0_16_0_0_032/1 "/>
</bind>
</comp>

<comp id="224" class="1004" name="p_0_17_0_0_034_fu_224">
<pin_list>
<pin id="225" dir="0" index="0" bw="1" slack="0"/>
<pin id="226" dir="1" index="1" bw="16" slack="1"/>
</pin_list>
<bind>
<opcode="alloca(26) " fcode="alloca"/>
<opset="p_0_17_0_0_034/1 "/>
</bind>
</comp>

<comp id="228" class="1004" name="p_0_18_0_0_036_fu_228">
<pin_list>
<pin id="229" dir="0" index="0" bw="1" slack="0"/>
<pin id="230" dir="1" index="1" bw="16" slack="1"/>
</pin_list>
<bind>
<opcode="alloca(26) " fcode="alloca"/>
<opset="p_0_18_0_0_036/1 "/>
</bind>
</comp>

<comp id="232" class="1004" name="p_0_19_0_0_038_fu_232">
<pin_list>
<pin id="233" dir="0" index="0" bw="1" slack="0"/>
<pin id="234" dir="1" index="1" bw="16" slack="1"/>
</pin_list>
<bind>
<opcode="alloca(26) " fcode="alloca"/>
<opset="p_0_19_0_0_038/1 "/>
</bind>
</comp>

<comp id="236" class="1004" name="p_0_20_0_0_040_fu_236">
<pin_list>
<pin id="237" dir="0" index="0" bw="1" slack="0"/>
<pin id="238" dir="1" index="1" bw="16" slack="1"/>
</pin_list>
<bind>
<opcode="alloca(26) " fcode="alloca"/>
<opset="p_0_20_0_0_040/1 "/>
</bind>
</comp>

<comp id="240" class="1004" name="p_0_21_0_0_042_fu_240">
<pin_list>
<pin id="241" dir="0" index="0" bw="1" slack="0"/>
<pin id="242" dir="1" index="1" bw="16" slack="1"/>
</pin_list>
<bind>
<opcode="alloca(26) " fcode="alloca"/>
<opset="p_0_21_0_0_042/1 "/>
</bind>
</comp>

<comp id="244" class="1004" name="p_0_22_0_0_044_fu_244">
<pin_list>
<pin id="245" dir="0" index="0" bw="1" slack="0"/>
<pin id="246" dir="1" index="1" bw="16" slack="1"/>
</pin_list>
<bind>
<opcode="alloca(26) " fcode="alloca"/>
<opset="p_0_22_0_0_044/1 "/>
</bind>
</comp>

<comp id="248" class="1004" name="p_0_23_0_0_046_fu_248">
<pin_list>
<pin id="249" dir="0" index="0" bw="1" slack="0"/>
<pin id="250" dir="1" index="1" bw="16" slack="1"/>
</pin_list>
<bind>
<opcode="alloca(26) " fcode="alloca"/>
<opset="p_0_23_0_0_046/1 "/>
</bind>
</comp>

<comp id="252" class="1004" name="p_0_24_0_0_048_fu_252">
<pin_list>
<pin id="253" dir="0" index="0" bw="1" slack="0"/>
<pin id="254" dir="1" index="1" bw="16" slack="1"/>
</pin_list>
<bind>
<opcode="alloca(26) " fcode="alloca"/>
<opset="p_0_24_0_0_048/1 "/>
</bind>
</comp>

<comp id="256" class="1004" name="p_0_25_0_0_050_fu_256">
<pin_list>
<pin id="257" dir="0" index="0" bw="1" slack="0"/>
<pin id="258" dir="1" index="1" bw="16" slack="1"/>
</pin_list>
<bind>
<opcode="alloca(26) " fcode="alloca"/>
<opset="p_0_25_0_0_050/1 "/>
</bind>
</comp>

<comp id="260" class="1004" name="p_0_26_0_0_052_fu_260">
<pin_list>
<pin id="261" dir="0" index="0" bw="1" slack="0"/>
<pin id="262" dir="1" index="1" bw="16" slack="1"/>
</pin_list>
<bind>
<opcode="alloca(26) " fcode="alloca"/>
<opset="p_0_26_0_0_052/1 "/>
</bind>
</comp>

<comp id="264" class="1004" name="p_0_27_0_0_054_fu_264">
<pin_list>
<pin id="265" dir="0" index="0" bw="1" slack="0"/>
<pin id="266" dir="1" index="1" bw="16" slack="1"/>
</pin_list>
<bind>
<opcode="alloca(26) " fcode="alloca"/>
<opset="p_0_27_0_0_054/1 "/>
</bind>
</comp>

<comp id="268" class="1004" name="layer4x4_out_read_read_fu_268">
<pin_list>
<pin id="269" dir="0" index="0" bw="448" slack="0"/>
<pin id="270" dir="0" index="1" bw="448" slack="0"/>
<pin id="271" dir="1" index="2" bw="448" slack="0"/>
</pin_list>
<bind>
<opcode="read(1150) " fcode="read"/>
<opset="layer4x4_out_read/2 "/>
</bind>
</comp>

<comp id="274" class="1004" name="write_ln451_write_fu_274">
<pin_list>
<pin id="275" dir="0" index="0" bw="0" slack="0"/>
<pin id="276" dir="0" index="1" bw="448" slack="0"/>
<pin id="277" dir="0" index="2" bw="448" slack="0"/>
<pin id="278" dir="1" index="3" bw="0" slack="2147483647"/>
</pin_list>
<bind>
<opcode="write(1151) " fcode="write"/>
<opset="write_ln451/3 "/>
</bind>
</comp>

<comp id="281" class="1005" name="on_second_row_reg_281">
<pin_list>
<pin id="282" dir="0" index="0" bw="1" slack="1"/>
<pin id="283" dir="1" index="1" bw="1" slack="2147483647"/>
</pin_list>
<bind>
<opset="on_second_row (phireg) "/>
</bind>
</comp>

<comp id="284" class="1004" name="on_second_row_phi_fu_284">
<pin_list>
<pin id="285" dir="0" index="0" bw="1" slack="0"/>
<pin id="286" dir="0" index="1" bw="0" slack="2147483647"/>
<pin id="287" dir="0" index="2" bw="1" slack="0"/>
<pin id="288" dir="0" index="3" bw="0" slack="2147483647"/>
<pin id="289" dir="1" index="4" bw="1" slack="0"/>
</pin_list>
<bind>
<opcode="phi(47) " fcode="phi"/>
<opset="on_second_row/1 "/>
</bind>
</comp>

<comp id="292" class="1004" name="store_ln430_store_fu_292">
<pin_list>
<pin id="293" dir="0" index="0" bw="1" slack="0"/>
<pin id="294" dir="0" index="1" bw="7" slack="0"/>
<pin id="295" dir="1" index="2" bw="0" slack="2147483647"/>
</pin_list>
<bind>
<opcode="store(28) " fcode="store"/>
<opset="store_ln430/1 "/>
</bind>
</comp>

<comp id="297" class="1004" name="i_ih_1_load_fu_297">
<pin_list>
<pin id="298" dir="0" index="0" bw="7" slack="0"/>
<pin id="299" dir="1" index="1" bw="7" slack="0"/>
</pin_list>
<bind>
<opcode="load(27) " fcode="load"/>
<opset="i_ih_1/1 "/>
</bind>
</comp>

<comp id="300" class="1004" name="icmp_ln430_fu_300">
<pin_list>
<pin id="301" dir="0" index="0" bw="7" slack="0"/>
<pin id="302" dir="0" index="1" bw="7" slack="0"/>
<pin id="303" dir="1" index="2" bw="1" slack="1"/>
</pin_list>
<bind>
<opcode="icmp(45) " fcode="icmp"/>
<opset="icmp_ln430/1 "/>
</bind>
</comp>

<comp id="306" class="1004" name="i_ih_2_fu_306">
<pin_list>
<pin id="307" dir="0" index="0" bw="7" slack="0"/>
<pin id="308" dir="0" index="1" bw="1" slack="0"/>
<pin id="309" dir="1" index="2" bw="7" slack="0"/>
</pin_list>
<bind>
<opcode="add(8) " fcode="add"/>
<opset="i_ih_2/1 "/>
</bind>
</comp>

<comp id="312" class="1004" name="on_second_row_1_fu_312">
<pin_list>
<pin id="313" dir="0" index="0" bw="1" slack="0"/>
<pin id="314" dir="0" index="1" bw="1" slack="0"/>
<pin id="315" dir="1" index="2" bw="1" slack="0"/>
</pin_list>
<bind>
<opcode="xor(25) " fcode="xor"/>
<opset="on_second_row_1/1 "/>
</bind>
</comp>

<comp id="318" class="1004" name="store_ln430_store_fu_318">
<pin_list>
<pin id="319" dir="0" index="0" bw="7" slack="0"/>
<pin id="320" dir="0" index="1" bw="7" slack="0"/>
<pin id="321" dir="1" index="2" bw="0" slack="2147483647"/>
</pin_list>
<bind>
<opcode="store(28) " fcode="store"/>
<opset="store_ln430/1 "/>
</bind>
</comp>

<comp id="323" class="1004" name="cur_fu_323">
<pin_list>
<pin id="324" dir="0" index="0" bw="448" slack="0"/>
<pin id="325" dir="1" index="1" bw="16" slack="0"/>
</pin_list>
<bind>
<opcode="trunc(33) " fcode="trunc"/>
<opset="cur/2 "/>
</bind>
</comp>

<comp id="327" class="1004" name="cur_1_fu_327">
<pin_list>
<pin id="328" dir="0" index="0" bw="16" slack="0"/>
<pin id="329" dir="0" index="1" bw="448" slack="0"/>
<pin id="330" dir="0" index="2" bw="6" slack="0"/>
<pin id="331" dir="0" index="3" bw="6" slack="0"/>
<pin id="332" dir="1" index="4" bw="16" slack="0"/>
</pin_list>
<bind>
<opcode="partselect(1002) " fcode="partselect"/>
<opset="cur_1/2 "/>
</bind>
</comp>

<comp id="337" class="1004" name="cur_2_fu_337">
<pin_list>
<pin id="338" dir="0" index="0" bw="16" slack="0"/>
<pin id="339" dir="0" index="1" bw="448" slack="0"/>
<pin id="340" dir="0" index="2" bw="7" slack="0"/>
<pin id="341" dir="0" index="3" bw="7" slack="0"/>
<pin id="342" dir="1" index="4" bw="16" slack="0"/>
</pin_list>
<bind>
<opcode="partselect(1002) " fcode="partselect"/>
<opset="cur_2/2 "/>
</bind>
</comp>

<comp id="347" class="1004" name="cur_3_fu_347">
<pin_list>
<pin id="348" dir="0" index="0" bw="16" slack="0"/>
<pin id="349" dir="0" index="1" bw="448" slack="0"/>
<pin id="350" dir="0" index="2" bw="7" slack="0"/>
<pin id="351" dir="0" index="3" bw="7" slack="0"/>
<pin id="352" dir="1" index="4" bw="16" slack="0"/>
</pin_list>
<bind>
<opcode="partselect(1002) " fcode="partselect"/>
<opset="cur_3/2 "/>
</bind>
</comp>

<comp id="357" class="1004" name="trunc_ln433_4_fu_357">
<pin_list>
<pin id="358" dir="0" index="0" bw="16" slack="0"/>
<pin id="359" dir="0" index="1" bw="448" slack="0"/>
<pin id="360" dir="0" index="2" bw="8" slack="0"/>
<pin id="361" dir="0" index="3" bw="8" slack="0"/>
<pin id="362" dir="1" index="4" bw="16" slack="0"/>
</pin_list>
<bind>
<opcode="partselect(1002) " fcode="partselect"/>
<opset="trunc_ln433_4/2 "/>
</bind>
</comp>

<comp id="367" class="1004" name="trunc_ln433_5_fu_367">
<pin_list>
<pin id="368" dir="0" index="0" bw="16" slack="0"/>
<pin id="369" dir="0" index="1" bw="448" slack="0"/>
<pin id="370" dir="0" index="2" bw="8" slack="0"/>
<pin id="371" dir="0" index="3" bw="8" slack="0"/>
<pin id="372" dir="1" index="4" bw="16" slack="0"/>
</pin_list>
<bind>
<opcode="partselect(1002) " fcode="partselect"/>
<opset="trunc_ln433_5/2 "/>
</bind>
</comp>

<comp id="377" class="1004" name="trunc_ln433_6_fu_377">
<pin_list>
<pin id="378" dir="0" index="0" bw="16" slack="0"/>
<pin id="379" dir="0" index="1" bw="448" slack="0"/>
<pin id="380" dir="0" index="2" bw="8" slack="0"/>
<pin id="381" dir="0" index="3" bw="8" slack="0"/>
<pin id="382" dir="1" index="4" bw="16" slack="0"/>
</pin_list>
<bind>
<opcode="partselect(1002) " fcode="partselect"/>
<opset="trunc_ln433_6/2 "/>
</bind>
</comp>

<comp id="387" class="1004" name="trunc_ln433_7_fu_387">
<pin_list>
<pin id="388" dir="0" index="0" bw="16" slack="0"/>
<pin id="389" dir="0" index="1" bw="448" slack="0"/>
<pin id="390" dir="0" index="2" bw="8" slack="0"/>
<pin id="391" dir="0" index="3" bw="8" slack="0"/>
<pin id="392" dir="1" index="4" bw="16" slack="0"/>
</pin_list>
<bind>
<opcode="partselect(1002) " fcode="partselect"/>
<opset="trunc_ln433_7/2 "/>
</bind>
</comp>

<comp id="397" class="1004" name="trunc_ln433_8_fu_397">
<pin_list>
<pin id="398" dir="0" index="0" bw="16" slack="0"/>
<pin id="399" dir="0" index="1" bw="448" slack="0"/>
<pin id="400" dir="0" index="2" bw="9" slack="0"/>
<pin id="401" dir="0" index="3" bw="9" slack="0"/>
<pin id="402" dir="1" index="4" bw="16" slack="0"/>
</pin_list>
<bind>
<opcode="partselect(1002) " fcode="partselect"/>
<opset="trunc_ln433_8/2 "/>
</bind>
</comp>

<comp id="407" class="1004" name="trunc_ln433_9_fu_407">
<pin_list>
<pin id="408" dir="0" index="0" bw="16" slack="0"/>
<pin id="409" dir="0" index="1" bw="448" slack="0"/>
<pin id="410" dir="0" index="2" bw="9" slack="0"/>
<pin id="411" dir="0" index="3" bw="9" slack="0"/>
<pin id="412" dir="1" index="4" bw="16" slack="0"/>
</pin_list>
<bind>
<opcode="partselect(1002) " fcode="partselect"/>
<opset="trunc_ln433_9/2 "/>
</bind>
</comp>

<comp id="417" class="1004" name="trunc_ln433_s_fu_417">
<pin_list>
<pin id="418" dir="0" index="0" bw="16" slack="0"/>
<pin id="419" dir="0" index="1" bw="448" slack="0"/>
<pin id="420" dir="0" index="2" bw="9" slack="0"/>
<pin id="421" dir="0" index="3" bw="9" slack="0"/>
<pin id="422" dir="1" index="4" bw="16" slack="0"/>
</pin_list>
<bind>
<opcode="partselect(1002) " fcode="partselect"/>
<opset="trunc_ln433_s/2 "/>
</bind>
</comp>

<comp id="427" class="1004" name="trunc_ln433_1_fu_427">
<pin_list>
<pin id="428" dir="0" index="0" bw="16" slack="0"/>
<pin id="429" dir="0" index="1" bw="448" slack="0"/>
<pin id="430" dir="0" index="2" bw="9" slack="0"/>
<pin id="431" dir="0" index="3" bw="9" slack="0"/>
<pin id="432" dir="1" index="4" bw="16" slack="0"/>
</pin_list>
<bind>
<opcode="partselect(1002) " fcode="partselect"/>
<opset="trunc_ln433_1/2 "/>
</bind>
</comp>

<comp id="437" class="1004" name="trunc_ln433_2_fu_437">
<pin_list>
<pin id="438" dir="0" index="0" bw="16" slack="0"/>
<pin id="439" dir="0" index="1" bw="448" slack="0"/>
<pin id="440" dir="0" index="2" bw="9" slack="0"/>
<pin id="441" dir="0" index="3" bw="9" slack="0"/>
<pin id="442" dir="1" index="4" bw="16" slack="0"/>
</pin_list>
<bind>
<opcode="partselect(1002) " fcode="partselect"/>
<opset="trunc_ln433_2/2 "/>
</bind>
</comp>

<comp id="447" class="1004" name="trunc_ln433_3_fu_447">
<pin_list>
<pin id="448" dir="0" index="0" bw="16" slack="0"/>
<pin id="449" dir="0" index="1" bw="448" slack="0"/>
<pin id="450" dir="0" index="2" bw="9" slack="0"/>
<pin id="451" dir="0" index="3" bw="9" slack="0"/>
<pin id="452" dir="1" index="4" bw="16" slack="0"/>
</pin_list>
<bind>
<opcode="partselect(1002) " fcode="partselect"/>
<opset="trunc_ln433_3/2 "/>
</bind>
</comp>

<comp id="457" class="1004" name="trunc_ln433_10_fu_457">
<pin_list>
<pin id="458" dir="0" index="0" bw="16" slack="0"/>
<pin id="459" dir="0" index="1" bw="448" slack="0"/>
<pin id="460" dir="0" index="2" bw="9" slack="0"/>
<pin id="461" dir="0" index="3" bw="9" slack="0"/>
<pin id="462" dir="1" index="4" bw="16" slack="0"/>
</pin_list>
<bind>
<opcode="partselect(1002) " fcode="partselect"/>
<opset="trunc_ln433_10/2 "/>
</bind>
</comp>

<comp id="467" class="1004" name="trunc_ln433_11_fu_467">
<pin_list>
<pin id="468" dir="0" index="0" bw="16" slack="0"/>
<pin id="469" dir="0" index="1" bw="448" slack="0"/>
<pin id="470" dir="0" index="2" bw="9" slack="0"/>
<pin id="471" dir="0" index="3" bw="9" slack="0"/>
<pin id="472" dir="1" index="4" bw="16" slack="0"/>
</pin_list>
<bind>
<opcode="partselect(1002) " fcode="partselect"/>
<opset="trunc_ln433_11/2 "/>
</bind>
</comp>

<comp id="477" class="1004" name="trunc_ln433_12_fu_477">
<pin_list>
<pin id="478" dir="0" index="0" bw="16" slack="0"/>
<pin id="479" dir="0" index="1" bw="448" slack="0"/>
<pin id="480" dir="0" index="2" bw="10" slack="0"/>
<pin id="481" dir="0" index="3" bw="10" slack="0"/>
<pin id="482" dir="1" index="4" bw="16" slack="0"/>
</pin_list>
<bind>
<opcode="partselect(1002) " fcode="partselect"/>
<opset="trunc_ln433_12/2 "/>
</bind>
</comp>

<comp id="487" class="1004" name="trunc_ln433_13_fu_487">
<pin_list>
<pin id="488" dir="0" index="0" bw="16" slack="0"/>
<pin id="489" dir="0" index="1" bw="448" slack="0"/>
<pin id="490" dir="0" index="2" bw="10" slack="0"/>
<pin id="491" dir="0" index="3" bw="10" slack="0"/>
<pin id="492" dir="1" index="4" bw="16" slack="0"/>
</pin_list>
<bind>
<opcode="partselect(1002) " fcode="partselect"/>
<opset="trunc_ln433_13/2 "/>
</bind>
</comp>

<comp id="497" class="1004" name="trunc_ln433_14_fu_497">
<pin_list>
<pin id="498" dir="0" index="0" bw="16" slack="0"/>
<pin id="499" dir="0" index="1" bw="448" slack="0"/>
<pin id="500" dir="0" index="2" bw="10" slack="0"/>
<pin id="501" dir="0" index="3" bw="10" slack="0"/>
<pin id="502" dir="1" index="4" bw="16" slack="0"/>
</pin_list>
<bind>
<opcode="partselect(1002) " fcode="partselect"/>
<opset="trunc_ln433_14/2 "/>
</bind>
</comp>

<comp id="507" class="1004" name="trunc_ln433_15_fu_507">
<pin_list>
<pin id="508" dir="0" index="0" bw="16" slack="0"/>
<pin id="509" dir="0" index="1" bw="448" slack="0"/>
<pin id="510" dir="0" index="2" bw="10" slack="0"/>
<pin id="511" dir="0" index="3" bw="10" slack="0"/>
<pin id="512" dir="1" index="4" bw="16" slack="0"/>
</pin_list>
<bind>
<opcode="partselect(1002) " fcode="partselect"/>
<opset="trunc_ln433_15/2 "/>
</bind>
</comp>

<comp id="517" class="1004" name="trunc_ln433_16_fu_517">
<pin_list>
<pin id="518" dir="0" index="0" bw="16" slack="0"/>
<pin id="519" dir="0" index="1" bw="448" slack="0"/>
<pin id="520" dir="0" index="2" bw="10" slack="0"/>
<pin id="521" dir="0" index="3" bw="10" slack="0"/>
<pin id="522" dir="1" index="4" bw="16" slack="0"/>
</pin_list>
<bind>
<opcode="partselect(1002) " fcode="partselect"/>
<opset="trunc_ln433_16/2 "/>
</bind>
</comp>

<comp id="527" class="1004" name="trunc_ln433_17_fu_527">
<pin_list>
<pin id="528" dir="0" index="0" bw="16" slack="0"/>
<pin id="529" dir="0" index="1" bw="448" slack="0"/>
<pin id="530" dir="0" index="2" bw="10" slack="0"/>
<pin id="531" dir="0" index="3" bw="10" slack="0"/>
<pin id="532" dir="1" index="4" bw="16" slack="0"/>
</pin_list>
<bind>
<opcode="partselect(1002) " fcode="partselect"/>
<opset="trunc_ln433_17/2 "/>
</bind>
</comp>

<comp id="537" class="1004" name="trunc_ln433_18_fu_537">
<pin_list>
<pin id="538" dir="0" index="0" bw="16" slack="0"/>
<pin id="539" dir="0" index="1" bw="448" slack="0"/>
<pin id="540" dir="0" index="2" bw="10" slack="0"/>
<pin id="541" dir="0" index="3" bw="10" slack="0"/>
<pin id="542" dir="1" index="4" bw="16" slack="0"/>
</pin_list>
<bind>
<opcode="partselect(1002) " fcode="partselect"/>
<opset="trunc_ln433_18/2 "/>
</bind>
</comp>

<comp id="547" class="1004" name="trunc_ln433_19_fu_547">
<pin_list>
<pin id="548" dir="0" index="0" bw="16" slack="0"/>
<pin id="549" dir="0" index="1" bw="448" slack="0"/>
<pin id="550" dir="0" index="2" bw="10" slack="0"/>
<pin id="551" dir="0" index="3" bw="10" slack="0"/>
<pin id="552" dir="1" index="4" bw="16" slack="0"/>
</pin_list>
<bind>
<opcode="partselect(1002) " fcode="partselect"/>
<opset="trunc_ln433_19/2 "/>
</bind>
</comp>

<comp id="557" class="1004" name="trunc_ln433_20_fu_557">
<pin_list>
<pin id="558" dir="0" index="0" bw="16" slack="0"/>
<pin id="559" dir="0" index="1" bw="448" slack="0"/>
<pin id="560" dir="0" index="2" bw="10" slack="0"/>
<pin id="561" dir="0" index="3" bw="10" slack="0"/>
<pin id="562" dir="1" index="4" bw="16" slack="0"/>
</pin_list>
<bind>
<opcode="partselect(1002) " fcode="partselect"/>
<opset="trunc_ln433_20/2 "/>
</bind>
</comp>

<comp id="567" class="1004" name="trunc_ln433_21_fu_567">
<pin_list>
<pin id="568" dir="0" index="0" bw="16" slack="0"/>
<pin id="569" dir="0" index="1" bw="448" slack="0"/>
<pin id="570" dir="0" index="2" bw="10" slack="0"/>
<pin id="571" dir="0" index="3" bw="10" slack="0"/>
<pin id="572" dir="1" index="4" bw="16" slack="0"/>
</pin_list>
<bind>
<opcode="partselect(1002) " fcode="partselect"/>
<opset="trunc_ln433_21/2 "/>
</bind>
</comp>

<comp id="577" class="1004" name="trunc_ln433_22_fu_577">
<pin_list>
<pin id="578" dir="0" index="0" bw="16" slack="0"/>
<pin id="579" dir="0" index="1" bw="448" slack="0"/>
<pin id="580" dir="0" index="2" bw="10" slack="0"/>
<pin id="581" dir="0" index="3" bw="10" slack="0"/>
<pin id="582" dir="1" index="4" bw="16" slack="0"/>
</pin_list>
<bind>
<opcode="partselect(1002) " fcode="partselect"/>
<opset="trunc_ln433_22/2 "/>
</bind>
</comp>

<comp id="587" class="1004" name="trunc_ln433_23_fu_587">
<pin_list>
<pin id="588" dir="0" index="0" bw="16" slack="0"/>
<pin id="589" dir="0" index="1" bw="448" slack="0"/>
<pin id="590" dir="0" index="2" bw="10" slack="0"/>
<pin id="591" dir="0" index="3" bw="10" slack="0"/>
<pin id="592" dir="1" index="4" bw="16" slack="0"/>
</pin_list>
<bind>
<opcode="partselect(1002) " fcode="partselect"/>
<opset="trunc_ln433_23/2 "/>
</bind>
</comp>

<comp id="597" class="1004" name="store_ln433_store_fu_597">
<pin_list>
<pin id="598" dir="0" index="0" bw="16" slack="0"/>
<pin id="599" dir="0" index="1" bw="16" slack="1"/>
<pin id="600" dir="1" index="2" bw="0" slack="2147483647"/>
</pin_list>
<bind>
<opcode="store(28) " fcode="store"/>
<opset="store_ln433/2 "/>
</bind>
</comp>

<comp id="602" class="1004" name="store_ln433_store_fu_602">
<pin_list>
<pin id="603" dir="0" index="0" bw="16" slack="0"/>
<pin id="604" dir="0" index="1" bw="16" slack="1"/>
<pin id="605" dir="1" index="2" bw="0" slack="2147483647"/>
</pin_list>
<bind>
<opcode="store(28) " fcode="store"/>
<opset="store_ln433/2 "/>
</bind>
</comp>

<comp id="607" class="1004" name="store_ln433_store_fu_607">
<pin_list>
<pin id="608" dir="0" index="0" bw="16" slack="0"/>
<pin id="609" dir="0" index="1" bw="16" slack="1"/>
<pin id="610" dir="1" index="2" bw="0" slack="2147483647"/>
</pin_list>
<bind>
<opcode="store(28) " fcode="store"/>
<opset="store_ln433/2 "/>
</bind>
</comp>

<comp id="612" class="1004" name="store_ln433_store_fu_612">
<pin_list>
<pin id="613" dir="0" index="0" bw="16" slack="0"/>
<pin id="614" dir="0" index="1" bw="16" slack="1"/>
<pin id="615" dir="1" index="2" bw="0" slack="2147483647"/>
</pin_list>
<bind>
<opcode="store(28) " fcode="store"/>
<opset="store_ln433/2 "/>
</bind>
</comp>

<comp id="617" class="1004" name="store_ln433_store_fu_617">
<pin_list>
<pin id="618" dir="0" index="0" bw="16" slack="0"/>
<pin id="619" dir="0" index="1" bw="16" slack="1"/>
<pin id="620" dir="1" index="2" bw="0" slack="2147483647"/>
</pin_list>
<bind>
<opcode="store(28) " fcode="store"/>
<opset="store_ln433/2 "/>
</bind>
</comp>

<comp id="622" class="1004" name="store_ln433_store_fu_622">
<pin_list>
<pin id="623" dir="0" index="0" bw="16" slack="0"/>
<pin id="624" dir="0" index="1" bw="16" slack="1"/>
<pin id="625" dir="1" index="2" bw="0" slack="2147483647"/>
</pin_list>
<bind>
<opcode="store(28) " fcode="store"/>
<opset="store_ln433/2 "/>
</bind>
</comp>

<comp id="627" class="1004" name="store_ln433_store_fu_627">
<pin_list>
<pin id="628" dir="0" index="0" bw="16" slack="0"/>
<pin id="629" dir="0" index="1" bw="16" slack="1"/>
<pin id="630" dir="1" index="2" bw="0" slack="2147483647"/>
</pin_list>
<bind>
<opcode="store(28) " fcode="store"/>
<opset="store_ln433/2 "/>
</bind>
</comp>

<comp id="632" class="1004" name="store_ln433_store_fu_632">
<pin_list>
<pin id="633" dir="0" index="0" bw="16" slack="0"/>
<pin id="634" dir="0" index="1" bw="16" slack="1"/>
<pin id="635" dir="1" index="2" bw="0" slack="2147483647"/>
</pin_list>
<bind>
<opcode="store(28) " fcode="store"/>
<opset="store_ln433/2 "/>
</bind>
</comp>

<comp id="637" class="1004" name="store_ln433_store_fu_637">
<pin_list>
<pin id="638" dir="0" index="0" bw="16" slack="0"/>
<pin id="639" dir="0" index="1" bw="16" slack="1"/>
<pin id="640" dir="1" index="2" bw="0" slack="2147483647"/>
</pin_list>
<bind>
<opcode="store(28) " fcode="store"/>
<opset="store_ln433/2 "/>
</bind>
</comp>

<comp id="642" class="1004" name="store_ln433_store_fu_642">
<pin_list>
<pin id="643" dir="0" index="0" bw="16" slack="0"/>
<pin id="644" dir="0" index="1" bw="16" slack="1"/>
<pin id="645" dir="1" index="2" bw="0" slack="2147483647"/>
</pin_list>
<bind>
<opcode="store(28) " fcode="store"/>
<opset="store_ln433/2 "/>
</bind>
</comp>

<comp id="647" class="1004" name="store_ln433_store_fu_647">
<pin_list>
<pin id="648" dir="0" index="0" bw="16" slack="0"/>
<pin id="649" dir="0" index="1" bw="16" slack="1"/>
<pin id="650" dir="1" index="2" bw="0" slack="2147483647"/>
</pin_list>
<bind>
<opcode="store(28) " fcode="store"/>
<opset="store_ln433/2 "/>
</bind>
</comp>

<comp id="652" class="1004" name="store_ln433_store_fu_652">
<pin_list>
<pin id="653" dir="0" index="0" bw="16" slack="0"/>
<pin id="654" dir="0" index="1" bw="16" slack="1"/>
<pin id="655" dir="1" index="2" bw="0" slack="2147483647"/>
</pin_list>
<bind>
<opcode="store(28) " fcode="store"/>
<opset="store_ln433/2 "/>
</bind>
</comp>

<comp id="657" class="1004" name="store_ln433_store_fu_657">
<pin_list>
<pin id="658" dir="0" index="0" bw="16" slack="0"/>
<pin id="659" dir="0" index="1" bw="16" slack="1"/>
<pin id="660" dir="1" index="2" bw="0" slack="2147483647"/>
</pin_list>
<bind>
<opcode="store(28) " fcode="store"/>
<opset="store_ln433/2 "/>
</bind>
</comp>

<comp id="662" class="1004" name="store_ln433_store_fu_662">
<pin_list>
<pin id="663" dir="0" index="0" bw="16" slack="0"/>
<pin id="664" dir="0" index="1" bw="16" slack="1"/>
<pin id="665" dir="1" index="2" bw="0" slack="2147483647"/>
</pin_list>
<bind>
<opcode="store(28) " fcode="store"/>
<opset="store_ln433/2 "/>
</bind>
</comp>

<comp id="667" class="1004" name="store_ln433_store_fu_667">
<pin_list>
<pin id="668" dir="0" index="0" bw="16" slack="0"/>
<pin id="669" dir="0" index="1" bw="16" slack="1"/>
<pin id="670" dir="1" index="2" bw="0" slack="2147483647"/>
</pin_list>
<bind>
<opcode="store(28) " fcode="store"/>
<opset="store_ln433/2 "/>
</bind>
</comp>

<comp id="672" class="1004" name="store_ln433_store_fu_672">
<pin_list>
<pin id="673" dir="0" index="0" bw="16" slack="0"/>
<pin id="674" dir="0" index="1" bw="16" slack="1"/>
<pin id="675" dir="1" index="2" bw="0" slack="2147483647"/>
</pin_list>
<bind>
<opcode="store(28) " fcode="store"/>
<opset="store_ln433/2 "/>
</bind>
</comp>

<comp id="677" class="1004" name="store_ln433_store_fu_677">
<pin_list>
<pin id="678" dir="0" index="0" bw="16" slack="0"/>
<pin id="679" dir="0" index="1" bw="16" slack="1"/>
<pin id="680" dir="1" index="2" bw="0" slack="2147483647"/>
</pin_list>
<bind>
<opcode="store(28) " fcode="store"/>
<opset="store_ln433/2 "/>
</bind>
</comp>

<comp id="682" class="1004" name="store_ln433_store_fu_682">
<pin_list>
<pin id="683" dir="0" index="0" bw="16" slack="0"/>
<pin id="684" dir="0" index="1" bw="16" slack="1"/>
<pin id="685" dir="1" index="2" bw="0" slack="2147483647"/>
</pin_list>
<bind>
<opcode="store(28) " fcode="store"/>
<opset="store_ln433/2 "/>
</bind>
</comp>

<comp id="687" class="1004" name="store_ln433_store_fu_687">
<pin_list>
<pin id="688" dir="0" index="0" bw="16" slack="0"/>
<pin id="689" dir="0" index="1" bw="16" slack="1"/>
<pin id="690" dir="1" index="2" bw="0" slack="2147483647"/>
</pin_list>
<bind>
<opcode="store(28) " fcode="store"/>
<opset="store_ln433/2 "/>
</bind>
</comp>

<comp id="692" class="1004" name="store_ln433_store_fu_692">
<pin_list>
<pin id="693" dir="0" index="0" bw="16" slack="0"/>
<pin id="694" dir="0" index="1" bw="16" slack="1"/>
<pin id="695" dir="1" index="2" bw="0" slack="2147483647"/>
</pin_list>
<bind>
<opcode="store(28) " fcode="store"/>
<opset="store_ln433/2 "/>
</bind>
</comp>

<comp id="697" class="1004" name="store_ln433_store_fu_697">
<pin_list>
<pin id="698" dir="0" index="0" bw="16" slack="0"/>
<pin id="699" dir="0" index="1" bw="16" slack="1"/>
<pin id="700" dir="1" index="2" bw="0" slack="2147483647"/>
</pin_list>
<bind>
<opcode="store(28) " fcode="store"/>
<opset="store_ln433/2 "/>
</bind>
</comp>

<comp id="702" class="1004" name="store_ln433_store_fu_702">
<pin_list>
<pin id="703" dir="0" index="0" bw="16" slack="0"/>
<pin id="704" dir="0" index="1" bw="16" slack="1"/>
<pin id="705" dir="1" index="2" bw="0" slack="2147483647"/>
</pin_list>
<bind>
<opcode="store(28) " fcode="store"/>
<opset="store_ln433/2 "/>
</bind>
</comp>

<comp id="707" class="1004" name="store_ln433_store_fu_707">
<pin_list>
<pin id="708" dir="0" index="0" bw="16" slack="0"/>
<pin id="709" dir="0" index="1" bw="16" slack="1"/>
<pin id="710" dir="1" index="2" bw="0" slack="2147483647"/>
</pin_list>
<bind>
<opcode="store(28) " fcode="store"/>
<opset="store_ln433/2 "/>
</bind>
</comp>

<comp id="712" class="1004" name="store_ln433_store_fu_712">
<pin_list>
<pin id="713" dir="0" index="0" bw="16" slack="0"/>
<pin id="714" dir="0" index="1" bw="16" slack="1"/>
<pin id="715" dir="1" index="2" bw="0" slack="2147483647"/>
</pin_list>
<bind>
<opcode="store(28) " fcode="store"/>
<opset="store_ln433/2 "/>
</bind>
</comp>

<comp id="717" class="1004" name="store_ln433_store_fu_717">
<pin_list>
<pin id="718" dir="0" index="0" bw="16" slack="0"/>
<pin id="719" dir="0" index="1" bw="16" slack="1"/>
<pin id="720" dir="1" index="2" bw="0" slack="2147483647"/>
</pin_list>
<bind>
<opcode="store(28) " fcode="store"/>
<opset="store_ln433/2 "/>
</bind>
</comp>

<comp id="722" class="1004" name="store_ln433_store_fu_722">
<pin_list>
<pin id="723" dir="0" index="0" bw="16" slack="0"/>
<pin id="724" dir="0" index="1" bw="16" slack="1"/>
<pin id="725" dir="1" index="2" bw="0" slack="2147483647"/>
</pin_list>
<bind>
<opcode="store(28) " fcode="store"/>
<opset="store_ln433/2 "/>
</bind>
</comp>

<comp id="727" class="1004" name="store_ln433_store_fu_727">
<pin_list>
<pin id="728" dir="0" index="0" bw="16" slack="0"/>
<pin id="729" dir="0" index="1" bw="16" slack="1"/>
<pin id="730" dir="1" index="2" bw="0" slack="2147483647"/>
</pin_list>
<bind>
<opcode="store(28) " fcode="store"/>
<opset="store_ln433/2 "/>
</bind>
</comp>

<comp id="732" class="1004" name="store_ln433_store_fu_732">
<pin_list>
<pin id="733" dir="0" index="0" bw="16" slack="0"/>
<pin id="734" dir="0" index="1" bw="16" slack="1"/>
<pin id="735" dir="1" index="2" bw="0" slack="2147483647"/>
</pin_list>
<bind>
<opcode="store(28) " fcode="store"/>
<opset="store_ln433/2 "/>
</bind>
</comp>

<comp id="737" class="1004" name="p_load_load_fu_737">
<pin_list>
<pin id="738" dir="0" index="0" bw="16" slack="2"/>
<pin id="739" dir="1" index="1" bw="16" slack="0"/>
</pin_list>
<bind>
<opcode="load(27) " fcode="load"/>
<opset="p_load/3 "/>
</bind>
</comp>

<comp id="740" class="1004" name="p_0_1_0_0_02_load_load_fu_740">
<pin_list>
<pin id="741" dir="0" index="0" bw="16" slack="2"/>
<pin id="742" dir="1" index="1" bw="16" slack="0"/>
</pin_list>
<bind>
<opcode="load(27) " fcode="load"/>
<opset="p_0_1_0_0_02_load/3 "/>
</bind>
</comp>

<comp id="743" class="1004" name="p_0_2_0_0_04_load_load_fu_743">
<pin_list>
<pin id="744" dir="0" index="0" bw="16" slack="2"/>
<pin id="745" dir="1" index="1" bw="16" slack="0"/>
</pin_list>
<bind>
<opcode="load(27) " fcode="load"/>
<opset="p_0_2_0_0_04_load/3 "/>
</bind>
</comp>

<comp id="746" class="1004" name="p_0_3_0_0_06_load_load_fu_746">
<pin_list>
<pin id="747" dir="0" index="0" bw="16" slack="2"/>
<pin id="748" dir="1" index="1" bw="16" slack="0"/>
</pin_list>
<bind>
<opcode="load(27) " fcode="load"/>
<opset="p_0_3_0_0_06_load/3 "/>
</bind>
</comp>

<comp id="749" class="1004" name="p_0_4_0_0_08_load_load_fu_749">
<pin_list>
<pin id="750" dir="0" index="0" bw="16" slack="2"/>
<pin id="751" dir="1" index="1" bw="16" slack="0"/>
</pin_list>
<bind>
<opcode="load(27) " fcode="load"/>
<opset="p_0_4_0_0_08_load/3 "/>
</bind>
</comp>

<comp id="752" class="1004" name="p_0_5_0_0_010_load_load_fu_752">
<pin_list>
<pin id="753" dir="0" index="0" bw="16" slack="2"/>
<pin id="754" dir="1" index="1" bw="16" slack="0"/>
</pin_list>
<bind>
<opcode="load(27) " fcode="load"/>
<opset="p_0_5_0_0_010_load/3 "/>
</bind>
</comp>

<comp id="755" class="1004" name="p_0_6_0_0_012_load_load_fu_755">
<pin_list>
<pin id="756" dir="0" index="0" bw="16" slack="2"/>
<pin id="757" dir="1" index="1" bw="16" slack="0"/>
</pin_list>
<bind>
<opcode="load(27) " fcode="load"/>
<opset="p_0_6_0_0_012_load/3 "/>
</bind>
</comp>

<comp id="758" class="1004" name="p_0_7_0_0_014_load_load_fu_758">
<pin_list>
<pin id="759" dir="0" index="0" bw="16" slack="2"/>
<pin id="760" dir="1" index="1" bw="16" slack="0"/>
</pin_list>
<bind>
<opcode="load(27) " fcode="load"/>
<opset="p_0_7_0_0_014_load/3 "/>
</bind>
</comp>

<comp id="761" class="1004" name="p_0_8_0_0_016_load_load_fu_761">
<pin_list>
<pin id="762" dir="0" index="0" bw="16" slack="2"/>
<pin id="763" dir="1" index="1" bw="16" slack="0"/>
</pin_list>
<bind>
<opcode="load(27) " fcode="load"/>
<opset="p_0_8_0_0_016_load/3 "/>
</bind>
</comp>

<comp id="764" class="1004" name="p_0_9_0_0_018_load_load_fu_764">
<pin_list>
<pin id="765" dir="0" index="0" bw="16" slack="2"/>
<pin id="766" dir="1" index="1" bw="16" slack="0"/>
</pin_list>
<bind>
<opcode="load(27) " fcode="load"/>
<opset="p_0_9_0_0_018_load/3 "/>
</bind>
</comp>

<comp id="767" class="1004" name="p_0_10_0_0_020_load_load_fu_767">
<pin_list>
<pin id="768" dir="0" index="0" bw="16" slack="2"/>
<pin id="769" dir="1" index="1" bw="16" slack="0"/>
</pin_list>
<bind>
<opcode="load(27) " fcode="load"/>
<opset="p_0_10_0_0_020_load/3 "/>
</bind>
</comp>

<comp id="770" class="1004" name="p_0_11_0_0_022_load_load_fu_770">
<pin_list>
<pin id="771" dir="0" index="0" bw="16" slack="2"/>
<pin id="772" dir="1" index="1" bw="16" slack="0"/>
</pin_list>
<bind>
<opcode="load(27) " fcode="load"/>
<opset="p_0_11_0_0_022_load/3 "/>
</bind>
</comp>

<comp id="773" class="1004" name="p_0_12_0_0_024_load_load_fu_773">
<pin_list>
<pin id="774" dir="0" index="0" bw="16" slack="2"/>
<pin id="775" dir="1" index="1" bw="16" slack="0"/>
</pin_list>
<bind>
<opcode="load(27) " fcode="load"/>
<opset="p_0_12_0_0_024_load/3 "/>
</bind>
</comp>

<comp id="776" class="1004" name="p_0_13_0_0_026_load_load_fu_776">
<pin_list>
<pin id="777" dir="0" index="0" bw="16" slack="2"/>
<pin id="778" dir="1" index="1" bw="16" slack="0"/>
</pin_list>
<bind>
<opcode="load(27) " fcode="load"/>
<opset="p_0_13_0_0_026_load/3 "/>
</bind>
</comp>

<comp id="779" class="1004" name="p_0_14_0_0_028_load_load_fu_779">
<pin_list>
<pin id="780" dir="0" index="0" bw="16" slack="2"/>
<pin id="781" dir="1" index="1" bw="16" slack="0"/>
</pin_list>
<bind>
<opcode="load(27) " fcode="load"/>
<opset="p_0_14_0_0_028_load/3 "/>
</bind>
</comp>

<comp id="782" class="1004" name="p_0_15_0_0_030_load_load_fu_782">
<pin_list>
<pin id="783" dir="0" index="0" bw="16" slack="2"/>
<pin id="784" dir="1" index="1" bw="16" slack="0"/>
</pin_list>
<bind>
<opcode="load(27) " fcode="load"/>
<opset="p_0_15_0_0_030_load/3 "/>
</bind>
</comp>

<comp id="785" class="1004" name="p_0_16_0_0_032_load_load_fu_785">
<pin_list>
<pin id="786" dir="0" index="0" bw="16" slack="2"/>
<pin id="787" dir="1" index="1" bw="16" slack="0"/>
</pin_list>
<bind>
<opcode="load(27) " fcode="load"/>
<opset="p_0_16_0_0_032_load/3 "/>
</bind>
</comp>

<comp id="788" class="1004" name="p_0_17_0_0_034_load_load_fu_788">
<pin_list>
<pin id="789" dir="0" index="0" bw="16" slack="2"/>
<pin id="790" dir="1" index="1" bw="16" slack="0"/>
</pin_list>
<bind>
<opcode="load(27) " fcode="load"/>
<opset="p_0_17_0_0_034_load/3 "/>
</bind>
</comp>

<comp id="791" class="1004" name="p_0_18_0_0_036_load_load_fu_791">
<pin_list>
<pin id="792" dir="0" index="0" bw="16" slack="2"/>
<pin id="793" dir="1" index="1" bw="16" slack="0"/>
</pin_list>
<bind>
<opcode="load(27) " fcode="load"/>
<opset="p_0_18_0_0_036_load/3 "/>
</bind>
</comp>

<comp id="794" class="1004" name="p_0_19_0_0_038_load_load_fu_794">
<pin_list>
<pin id="795" dir="0" index="0" bw="16" slack="2"/>
<pin id="796" dir="1" index="1" bw="16" slack="0"/>
</pin_list>
<bind>
<opcode="load(27) " fcode="load"/>
<opset="p_0_19_0_0_038_load/3 "/>
</bind>
</comp>

<comp id="797" class="1004" name="p_0_20_0_0_040_load_load_fu_797">
<pin_list>
<pin id="798" dir="0" index="0" bw="16" slack="2"/>
<pin id="799" dir="1" index="1" bw="16" slack="0"/>
</pin_list>
<bind>
<opcode="load(27) " fcode="load"/>
<opset="p_0_20_0_0_040_load/3 "/>
</bind>
</comp>

<comp id="800" class="1004" name="p_0_21_0_0_042_load_load_fu_800">
<pin_list>
<pin id="801" dir="0" index="0" bw="16" slack="2"/>
<pin id="802" dir="1" index="1" bw="16" slack="0"/>
</pin_list>
<bind>
<opcode="load(27) " fcode="load"/>
<opset="p_0_21_0_0_042_load/3 "/>
</bind>
</comp>

<comp id="803" class="1004" name="p_0_22_0_0_044_load_load_fu_803">
<pin_list>
<pin id="804" dir="0" index="0" bw="16" slack="2"/>
<pin id="805" dir="1" index="1" bw="16" slack="0"/>
</pin_list>
<bind>
<opcode="load(27) " fcode="load"/>
<opset="p_0_22_0_0_044_load/3 "/>
</bind>
</comp>

<comp id="806" class="1004" name="p_0_23_0_0_046_load_load_fu_806">
<pin_list>
<pin id="807" dir="0" index="0" bw="16" slack="2"/>
<pin id="808" dir="1" index="1" bw="16" slack="0"/>
</pin_list>
<bind>
<opcode="load(27) " fcode="load"/>
<opset="p_0_23_0_0_046_load/3 "/>
</bind>
</comp>

<comp id="809" class="1004" name="p_0_24_0_0_048_load_load_fu_809">
<pin_list>
<pin id="810" dir="0" index="0" bw="16" slack="2"/>
<pin id="811" dir="1" index="1" bw="16" slack="0"/>
</pin_list>
<bind>
<opcode="load(27) " fcode="load"/>
<opset="p_0_24_0_0_048_load/3 "/>
</bind>
</comp>

<comp id="812" class="1004" name="p_0_25_0_0_050_load_load_fu_812">
<pin_list>
<pin id="813" dir="0" index="0" bw="16" slack="2"/>
<pin id="814" dir="1" index="1" bw="16" slack="0"/>
</pin_list>
<bind>
<opcode="load(27) " fcode="load"/>
<opset="p_0_25_0_0_050_load/3 "/>
</bind>
</comp>

<comp id="815" class="1004" name="p_0_26_0_0_052_load_load_fu_815">
<pin_list>
<pin id="816" dir="0" index="0" bw="16" slack="2"/>
<pin id="817" dir="1" index="1" bw="16" slack="0"/>
</pin_list>
<bind>
<opcode="load(27) " fcode="load"/>
<opset="p_0_26_0_0_052_load/3 "/>
</bind>
</comp>

<comp id="818" class="1004" name="p_0_27_0_0_054_load_load_fu_818">
<pin_list>
<pin id="819" dir="0" index="0" bw="16" slack="2"/>
<pin id="820" dir="1" index="1" bw="16" slack="0"/>
</pin_list>
<bind>
<opcode="load(27) " fcode="load"/>
<opset="p_0_27_0_0_054_load/3 "/>
</bind>
</comp>

<comp id="821" class="1004" name="icmp_ln448_fu_821">
<pin_list>
<pin id="822" dir="0" index="0" bw="16" slack="0"/>
<pin id="823" dir="0" index="1" bw="16" slack="1"/>
<pin id="824" dir="1" index="2" bw="1" slack="0"/>
</pin_list>
<bind>
<opcode="icmp(45) " fcode="icmp"/>
<opset="icmp_ln448/3 "/>
</bind>
</comp>

<comp id="826" class="1004" name="select_ln448_fu_826">
<pin_list>
<pin id="827" dir="0" index="0" bw="1" slack="0"/>
<pin id="828" dir="0" index="1" bw="16" slack="0"/>
<pin id="829" dir="0" index="2" bw="16" slack="1"/>
<pin id="830" dir="1" index="3" bw="16" slack="0"/>
</pin_list>
<bind>
<opcode="select(49) " fcode="select"/>
<opset="select_ln448/3 "/>
</bind>
</comp>

<comp id="833" class="1004" name="icmp_ln448_1_fu_833">
<pin_list>
<pin id="834" dir="0" index="0" bw="16" slack="0"/>
<pin id="835" dir="0" index="1" bw="16" slack="1"/>
<pin id="836" dir="1" index="2" bw="1" slack="0"/>
</pin_list>
<bind>
<opcode="icmp(45) " fcode="icmp"/>
<opset="icmp_ln448_1/3 "/>
</bind>
</comp>

<comp id="838" class="1004" name="select_ln448_1_fu_838">
<pin_list>
<pin id="839" dir="0" index="0" bw="1" slack="0"/>
<pin id="840" dir="0" index="1" bw="16" slack="0"/>
<pin id="841" dir="0" index="2" bw="16" slack="1"/>
<pin id="842" dir="1" index="3" bw="16" slack="0"/>
</pin_list>
<bind>
<opcode="select(49) " fcode="select"/>
<opset="select_ln448_1/3 "/>
</bind>
</comp>

<comp id="845" class="1004" name="icmp_ln448_2_fu_845">
<pin_list>
<pin id="846" dir="0" index="0" bw="16" slack="0"/>
<pin id="847" dir="0" index="1" bw="16" slack="1"/>
<pin id="848" dir="1" index="2" bw="1" slack="0"/>
</pin_list>
<bind>
<opcode="icmp(45) " fcode="icmp"/>
<opset="icmp_ln448_2/3 "/>
</bind>
</comp>

<comp id="850" class="1004" name="select_ln448_2_fu_850">
<pin_list>
<pin id="851" dir="0" index="0" bw="1" slack="0"/>
<pin id="852" dir="0" index="1" bw="16" slack="0"/>
<pin id="853" dir="0" index="2" bw="16" slack="1"/>
<pin id="854" dir="1" index="3" bw="16" slack="0"/>
</pin_list>
<bind>
<opcode="select(49) " fcode="select"/>
<opset="select_ln448_2/3 "/>
</bind>
</comp>

<comp id="857" class="1004" name="icmp_ln448_3_fu_857">
<pin_list>
<pin id="858" dir="0" index="0" bw="16" slack="0"/>
<pin id="859" dir="0" index="1" bw="16" slack="1"/>
<pin id="860" dir="1" index="2" bw="1" slack="0"/>
</pin_list>
<bind>
<opcode="icmp(45) " fcode="icmp"/>
<opset="icmp_ln448_3/3 "/>
</bind>
</comp>

<comp id="862" class="1004" name="select_ln448_3_fu_862">
<pin_list>
<pin id="863" dir="0" index="0" bw="1" slack="0"/>
<pin id="864" dir="0" index="1" bw="16" slack="0"/>
<pin id="865" dir="0" index="2" bw="16" slack="1"/>
<pin id="866" dir="1" index="3" bw="16" slack="0"/>
</pin_list>
<bind>
<opcode="select(49) " fcode="select"/>
<opset="select_ln448_3/3 "/>
</bind>
</comp>

<comp id="869" class="1004" name="icmp_ln448_4_fu_869">
<pin_list>
<pin id="870" dir="0" index="0" bw="16" slack="0"/>
<pin id="871" dir="0" index="1" bw="16" slack="1"/>
<pin id="872" dir="1" index="2" bw="1" slack="0"/>
</pin_list>
<bind>
<opcode="icmp(45) " fcode="icmp"/>
<opset="icmp_ln448_4/3 "/>
</bind>
</comp>

<comp id="874" class="1004" name="select_ln448_4_fu_874">
<pin_list>
<pin id="875" dir="0" index="0" bw="1" slack="0"/>
<pin id="876" dir="0" index="1" bw="16" slack="0"/>
<pin id="877" dir="0" index="2" bw="16" slack="1"/>
<pin id="878" dir="1" index="3" bw="16" slack="0"/>
</pin_list>
<bind>
<opcode="select(49) " fcode="select"/>
<opset="select_ln448_4/3 "/>
</bind>
</comp>

<comp id="881" class="1004" name="icmp_ln448_5_fu_881">
<pin_list>
<pin id="882" dir="0" index="0" bw="16" slack="0"/>
<pin id="883" dir="0" index="1" bw="16" slack="1"/>
<pin id="884" dir="1" index="2" bw="1" slack="0"/>
</pin_list>
<bind>
<opcode="icmp(45) " fcode="icmp"/>
<opset="icmp_ln448_5/3 "/>
</bind>
</comp>

<comp id="886" class="1004" name="select_ln448_5_fu_886">
<pin_list>
<pin id="887" dir="0" index="0" bw="1" slack="0"/>
<pin id="888" dir="0" index="1" bw="16" slack="0"/>
<pin id="889" dir="0" index="2" bw="16" slack="1"/>
<pin id="890" dir="1" index="3" bw="16" slack="0"/>
</pin_list>
<bind>
<opcode="select(49) " fcode="select"/>
<opset="select_ln448_5/3 "/>
</bind>
</comp>

<comp id="893" class="1004" name="icmp_ln448_6_fu_893">
<pin_list>
<pin id="894" dir="0" index="0" bw="16" slack="0"/>
<pin id="895" dir="0" index="1" bw="16" slack="1"/>
<pin id="896" dir="1" index="2" bw="1" slack="0"/>
</pin_list>
<bind>
<opcode="icmp(45) " fcode="icmp"/>
<opset="icmp_ln448_6/3 "/>
</bind>
</comp>

<comp id="898" class="1004" name="select_ln448_6_fu_898">
<pin_list>
<pin id="899" dir="0" index="0" bw="1" slack="0"/>
<pin id="900" dir="0" index="1" bw="16" slack="0"/>
<pin id="901" dir="0" index="2" bw="16" slack="1"/>
<pin id="902" dir="1" index="3" bw="16" slack="0"/>
</pin_list>
<bind>
<opcode="select(49) " fcode="select"/>
<opset="select_ln448_6/3 "/>
</bind>
</comp>

<comp id="905" class="1004" name="icmp_ln448_7_fu_905">
<pin_list>
<pin id="906" dir="0" index="0" bw="16" slack="0"/>
<pin id="907" dir="0" index="1" bw="16" slack="1"/>
<pin id="908" dir="1" index="2" bw="1" slack="0"/>
</pin_list>
<bind>
<opcode="icmp(45) " fcode="icmp"/>
<opset="icmp_ln448_7/3 "/>
</bind>
</comp>

<comp id="910" class="1004" name="select_ln448_7_fu_910">
<pin_list>
<pin id="911" dir="0" index="0" bw="1" slack="0"/>
<pin id="912" dir="0" index="1" bw="16" slack="0"/>
<pin id="913" dir="0" index="2" bw="16" slack="1"/>
<pin id="914" dir="1" index="3" bw="16" slack="0"/>
</pin_list>
<bind>
<opcode="select(49) " fcode="select"/>
<opset="select_ln448_7/3 "/>
</bind>
</comp>

<comp id="917" class="1004" name="icmp_ln448_8_fu_917">
<pin_list>
<pin id="918" dir="0" index="0" bw="16" slack="0"/>
<pin id="919" dir="0" index="1" bw="16" slack="1"/>
<pin id="920" dir="1" index="2" bw="1" slack="0"/>
</pin_list>
<bind>
<opcode="icmp(45) " fcode="icmp"/>
<opset="icmp_ln448_8/3 "/>
</bind>
</comp>

<comp id="922" class="1004" name="select_ln448_8_fu_922">
<pin_list>
<pin id="923" dir="0" index="0" bw="1" slack="0"/>
<pin id="924" dir="0" index="1" bw="16" slack="0"/>
<pin id="925" dir="0" index="2" bw="16" slack="1"/>
<pin id="926" dir="1" index="3" bw="16" slack="0"/>
</pin_list>
<bind>
<opcode="select(49) " fcode="select"/>
<opset="select_ln448_8/3 "/>
</bind>
</comp>

<comp id="929" class="1004" name="icmp_ln448_9_fu_929">
<pin_list>
<pin id="930" dir="0" index="0" bw="16" slack="0"/>
<pin id="931" dir="0" index="1" bw="16" slack="1"/>
<pin id="932" dir="1" index="2" bw="1" slack="0"/>
</pin_list>
<bind>
<opcode="icmp(45) " fcode="icmp"/>
<opset="icmp_ln448_9/3 "/>
</bind>
</comp>

<comp id="934" class="1004" name="select_ln448_9_fu_934">
<pin_list>
<pin id="935" dir="0" index="0" bw="1" slack="0"/>
<pin id="936" dir="0" index="1" bw="16" slack="0"/>
<pin id="937" dir="0" index="2" bw="16" slack="1"/>
<pin id="938" dir="1" index="3" bw="16" slack="0"/>
</pin_list>
<bind>
<opcode="select(49) " fcode="select"/>
<opset="select_ln448_9/3 "/>
</bind>
</comp>

<comp id="941" class="1004" name="icmp_ln448_10_fu_941">
<pin_list>
<pin id="942" dir="0" index="0" bw="16" slack="0"/>
<pin id="943" dir="0" index="1" bw="16" slack="1"/>
<pin id="944" dir="1" index="2" bw="1" slack="0"/>
</pin_list>
<bind>
<opcode="icmp(45) " fcode="icmp"/>
<opset="icmp_ln448_10/3 "/>
</bind>
</comp>

<comp id="946" class="1004" name="select_ln448_10_fu_946">
<pin_list>
<pin id="947" dir="0" index="0" bw="1" slack="0"/>
<pin id="948" dir="0" index="1" bw="16" slack="0"/>
<pin id="949" dir="0" index="2" bw="16" slack="1"/>
<pin id="950" dir="1" index="3" bw="16" slack="0"/>
</pin_list>
<bind>
<opcode="select(49) " fcode="select"/>
<opset="select_ln448_10/3 "/>
</bind>
</comp>

<comp id="953" class="1004" name="icmp_ln448_11_fu_953">
<pin_list>
<pin id="954" dir="0" index="0" bw="16" slack="0"/>
<pin id="955" dir="0" index="1" bw="16" slack="1"/>
<pin id="956" dir="1" index="2" bw="1" slack="0"/>
</pin_list>
<bind>
<opcode="icmp(45) " fcode="icmp"/>
<opset="icmp_ln448_11/3 "/>
</bind>
</comp>

<comp id="958" class="1004" name="select_ln448_11_fu_958">
<pin_list>
<pin id="959" dir="0" index="0" bw="1" slack="0"/>
<pin id="960" dir="0" index="1" bw="16" slack="0"/>
<pin id="961" dir="0" index="2" bw="16" slack="1"/>
<pin id="962" dir="1" index="3" bw="16" slack="0"/>
</pin_list>
<bind>
<opcode="select(49) " fcode="select"/>
<opset="select_ln448_11/3 "/>
</bind>
</comp>

<comp id="965" class="1004" name="icmp_ln448_12_fu_965">
<pin_list>
<pin id="966" dir="0" index="0" bw="16" slack="0"/>
<pin id="967" dir="0" index="1" bw="16" slack="1"/>
<pin id="968" dir="1" index="2" bw="1" slack="0"/>
</pin_list>
<bind>
<opcode="icmp(45) " fcode="icmp"/>
<opset="icmp_ln448_12/3 "/>
</bind>
</comp>

<comp id="970" class="1004" name="select_ln448_12_fu_970">
<pin_list>
<pin id="971" dir="0" index="0" bw="1" slack="0"/>
<pin id="972" dir="0" index="1" bw="16" slack="0"/>
<pin id="973" dir="0" index="2" bw="16" slack="1"/>
<pin id="974" dir="1" index="3" bw="16" slack="0"/>
</pin_list>
<bind>
<opcode="select(49) " fcode="select"/>
<opset="select_ln448_12/3 "/>
</bind>
</comp>

<comp id="977" class="1004" name="icmp_ln448_13_fu_977">
<pin_list>
<pin id="978" dir="0" index="0" bw="16" slack="0"/>
<pin id="979" dir="0" index="1" bw="16" slack="1"/>
<pin id="980" dir="1" index="2" bw="1" slack="0"/>
</pin_list>
<bind>
<opcode="icmp(45) " fcode="icmp"/>
<opset="icmp_ln448_13/3 "/>
</bind>
</comp>

<comp id="982" class="1004" name="select_ln448_13_fu_982">
<pin_list>
<pin id="983" dir="0" index="0" bw="1" slack="0"/>
<pin id="984" dir="0" index="1" bw="16" slack="0"/>
<pin id="985" dir="0" index="2" bw="16" slack="1"/>
<pin id="986" dir="1" index="3" bw="16" slack="0"/>
</pin_list>
<bind>
<opcode="select(49) " fcode="select"/>
<opset="select_ln448_13/3 "/>
</bind>
</comp>

<comp id="989" class="1004" name="icmp_ln448_14_fu_989">
<pin_list>
<pin id="990" dir="0" index="0" bw="16" slack="0"/>
<pin id="991" dir="0" index="1" bw="16" slack="1"/>
<pin id="992" dir="1" index="2" bw="1" slack="0"/>
</pin_list>
<bind>
<opcode="icmp(45) " fcode="icmp"/>
<opset="icmp_ln448_14/3 "/>
</bind>
</comp>

<comp id="994" class="1004" name="select_ln448_14_fu_994">
<pin_list>
<pin id="995" dir="0" index="0" bw="1" slack="0"/>
<pin id="996" dir="0" index="1" bw="16" slack="0"/>
<pin id="997" dir="0" index="2" bw="16" slack="1"/>
<pin id="998" dir="1" index="3" bw="16" slack="0"/>
</pin_list>
<bind>
<opcode="select(49) " fcode="select"/>
<opset="select_ln448_14/3 "/>
</bind>
</comp>

<comp id="1001" class="1004" name="icmp_ln448_15_fu_1001">
<pin_list>
<pin id="1002" dir="0" index="0" bw="16" slack="0"/>
<pin id="1003" dir="0" index="1" bw="16" slack="1"/>
<pin id="1004" dir="1" index="2" bw="1" slack="0"/>
</pin_list>
<bind>
<opcode="icmp(45) " fcode="icmp"/>
<opset="icmp_ln448_15/3 "/>
</bind>
</comp>

<comp id="1006" class="1004" name="select_ln448_15_fu_1006">
<pin_list>
<pin id="1007" dir="0" index="0" bw="1" slack="0"/>
<pin id="1008" dir="0" index="1" bw="16" slack="0"/>
<pin id="1009" dir="0" index="2" bw="16" slack="1"/>
<pin id="1010" dir="1" index="3" bw="16" slack="0"/>
</pin_list>
<bind>
<opcode="select(49) " fcode="select"/>
<opset="select_ln448_15/3 "/>
</bind>
</comp>

<comp id="1013" class="1004" name="icmp_ln448_16_fu_1013">
<pin_list>
<pin id="1014" dir="0" index="0" bw="16" slack="0"/>
<pin id="1015" dir="0" index="1" bw="16" slack="1"/>
<pin id="1016" dir="1" index="2" bw="1" slack="0"/>
</pin_list>
<bind>
<opcode="icmp(45) " fcode="icmp"/>
<opset="icmp_ln448_16/3 "/>
</bind>
</comp>

<comp id="1018" class="1004" name="select_ln448_16_fu_1018">
<pin_list>
<pin id="1019" dir="0" index="0" bw="1" slack="0"/>
<pin id="1020" dir="0" index="1" bw="16" slack="0"/>
<pin id="1021" dir="0" index="2" bw="16" slack="1"/>
<pin id="1022" dir="1" index="3" bw="16" slack="0"/>
</pin_list>
<bind>
<opcode="select(49) " fcode="select"/>
<opset="select_ln448_16/3 "/>
</bind>
</comp>

<comp id="1025" class="1004" name="icmp_ln448_17_fu_1025">
<pin_list>
<pin id="1026" dir="0" index="0" bw="16" slack="0"/>
<pin id="1027" dir="0" index="1" bw="16" slack="1"/>
<pin id="1028" dir="1" index="2" bw="1" slack="0"/>
</pin_list>
<bind>
<opcode="icmp(45) " fcode="icmp"/>
<opset="icmp_ln448_17/3 "/>
</bind>
</comp>

<comp id="1030" class="1004" name="select_ln448_17_fu_1030">
<pin_list>
<pin id="1031" dir="0" index="0" bw="1" slack="0"/>
<pin id="1032" dir="0" index="1" bw="16" slack="0"/>
<pin id="1033" dir="0" index="2" bw="16" slack="1"/>
<pin id="1034" dir="1" index="3" bw="16" slack="0"/>
</pin_list>
<bind>
<opcode="select(49) " fcode="select"/>
<opset="select_ln448_17/3 "/>
</bind>
</comp>

<comp id="1037" class="1004" name="icmp_ln448_18_fu_1037">
<pin_list>
<pin id="1038" dir="0" index="0" bw="16" slack="0"/>
<pin id="1039" dir="0" index="1" bw="16" slack="1"/>
<pin id="1040" dir="1" index="2" bw="1" slack="0"/>
</pin_list>
<bind>
<opcode="icmp(45) " fcode="icmp"/>
<opset="icmp_ln448_18/3 "/>
</bind>
</comp>

<comp id="1042" class="1004" name="select_ln448_18_fu_1042">
<pin_list>
<pin id="1043" dir="0" index="0" bw="1" slack="0"/>
<pin id="1044" dir="0" index="1" bw="16" slack="0"/>
<pin id="1045" dir="0" index="2" bw="16" slack="1"/>
<pin id="1046" dir="1" index="3" bw="16" slack="0"/>
</pin_list>
<bind>
<opcode="select(49) " fcode="select"/>
<opset="select_ln448_18/3 "/>
</bind>
</comp>

<comp id="1049" class="1004" name="icmp_ln448_19_fu_1049">
<pin_list>
<pin id="1050" dir="0" index="0" bw="16" slack="0"/>
<pin id="1051" dir="0" index="1" bw="16" slack="1"/>
<pin id="1052" dir="1" index="2" bw="1" slack="0"/>
</pin_list>
<bind>
<opcode="icmp(45) " fcode="icmp"/>
<opset="icmp_ln448_19/3 "/>
</bind>
</comp>

<comp id="1054" class="1004" name="select_ln448_19_fu_1054">
<pin_list>
<pin id="1055" dir="0" index="0" bw="1" slack="0"/>
<pin id="1056" dir="0" index="1" bw="16" slack="0"/>
<pin id="1057" dir="0" index="2" bw="16" slack="1"/>
<pin id="1058" dir="1" index="3" bw="16" slack="0"/>
</pin_list>
<bind>
<opcode="select(49) " fcode="select"/>
<opset="select_ln448_19/3 "/>
</bind>
</comp>

<comp id="1061" class="1004" name="icmp_ln448_20_fu_1061">
<pin_list>
<pin id="1062" dir="0" index="0" bw="16" slack="0"/>
<pin id="1063" dir="0" index="1" bw="16" slack="1"/>
<pin id="1064" dir="1" index="2" bw="1" slack="0"/>
</pin_list>
<bind>
<opcode="icmp(45) " fcode="icmp"/>
<opset="icmp_ln448_20/3 "/>
</bind>
</comp>

<comp id="1066" class="1004" name="select_ln448_20_fu_1066">
<pin_list>
<pin id="1067" dir="0" index="0" bw="1" slack="0"/>
<pin id="1068" dir="0" index="1" bw="16" slack="0"/>
<pin id="1069" dir="0" index="2" bw="16" slack="1"/>
<pin id="1070" dir="1" index="3" bw="16" slack="0"/>
</pin_list>
<bind>
<opcode="select(49) " fcode="select"/>
<opset="select_ln448_20/3 "/>
</bind>
</comp>

<comp id="1073" class="1004" name="icmp_ln448_21_fu_1073">
<pin_list>
<pin id="1074" dir="0" index="0" bw="16" slack="0"/>
<pin id="1075" dir="0" index="1" bw="16" slack="1"/>
<pin id="1076" dir="1" index="2" bw="1" slack="0"/>
</pin_list>
<bind>
<opcode="icmp(45) " fcode="icmp"/>
<opset="icmp_ln448_21/3 "/>
</bind>
</comp>

<comp id="1078" class="1004" name="select_ln448_21_fu_1078">
<pin_list>
<pin id="1079" dir="0" index="0" bw="1" slack="0"/>
<pin id="1080" dir="0" index="1" bw="16" slack="0"/>
<pin id="1081" dir="0" index="2" bw="16" slack="1"/>
<pin id="1082" dir="1" index="3" bw="16" slack="0"/>
</pin_list>
<bind>
<opcode="select(49) " fcode="select"/>
<opset="select_ln448_21/3 "/>
</bind>
</comp>

<comp id="1085" class="1004" name="icmp_ln448_22_fu_1085">
<pin_list>
<pin id="1086" dir="0" index="0" bw="16" slack="0"/>
<pin id="1087" dir="0" index="1" bw="16" slack="1"/>
<pin id="1088" dir="1" index="2" bw="1" slack="0"/>
</pin_list>
<bind>
<opcode="icmp(45) " fcode="icmp"/>
<opset="icmp_ln448_22/3 "/>
</bind>
</comp>

<comp id="1090" class="1004" name="select_ln448_22_fu_1090">
<pin_list>
<pin id="1091" dir="0" index="0" bw="1" slack="0"/>
<pin id="1092" dir="0" index="1" bw="16" slack="0"/>
<pin id="1093" dir="0" index="2" bw="16" slack="1"/>
<pin id="1094" dir="1" index="3" bw="16" slack="0"/>
</pin_list>
<bind>
<opcode="select(49) " fcode="select"/>
<opset="select_ln448_22/3 "/>
</bind>
</comp>

<comp id="1097" class="1004" name="icmp_ln448_23_fu_1097">
<pin_list>
<pin id="1098" dir="0" index="0" bw="16" slack="0"/>
<pin id="1099" dir="0" index="1" bw="16" slack="1"/>
<pin id="1100" dir="1" index="2" bw="1" slack="0"/>
</pin_list>
<bind>
<opcode="icmp(45) " fcode="icmp"/>
<opset="icmp_ln448_23/3 "/>
</bind>
</comp>

<comp id="1102" class="1004" name="select_ln448_23_fu_1102">
<pin_list>
<pin id="1103" dir="0" index="0" bw="1" slack="0"/>
<pin id="1104" dir="0" index="1" bw="16" slack="0"/>
<pin id="1105" dir="0" index="2" bw="16" slack="1"/>
<pin id="1106" dir="1" index="3" bw="16" slack="0"/>
</pin_list>
<bind>
<opcode="select(49) " fcode="select"/>
<opset="select_ln448_23/3 "/>
</bind>
</comp>

<comp id="1109" class="1004" name="icmp_ln448_24_fu_1109">
<pin_list>
<pin id="1110" dir="0" index="0" bw="16" slack="0"/>
<pin id="1111" dir="0" index="1" bw="16" slack="1"/>
<pin id="1112" dir="1" index="2" bw="1" slack="0"/>
</pin_list>
<bind>
<opcode="icmp(45) " fcode="icmp"/>
<opset="icmp_ln448_24/3 "/>
</bind>
</comp>

<comp id="1114" class="1004" name="select_ln448_24_fu_1114">
<pin_list>
<pin id="1115" dir="0" index="0" bw="1" slack="0"/>
<pin id="1116" dir="0" index="1" bw="16" slack="0"/>
<pin id="1117" dir="0" index="2" bw="16" slack="1"/>
<pin id="1118" dir="1" index="3" bw="16" slack="0"/>
</pin_list>
<bind>
<opcode="select(49) " fcode="select"/>
<opset="select_ln448_24/3 "/>
</bind>
</comp>

<comp id="1121" class="1004" name="icmp_ln448_25_fu_1121">
<pin_list>
<pin id="1122" dir="0" index="0" bw="16" slack="0"/>
<pin id="1123" dir="0" index="1" bw="16" slack="1"/>
<pin id="1124" dir="1" index="2" bw="1" slack="0"/>
</pin_list>
<bind>
<opcode="icmp(45) " fcode="icmp"/>
<opset="icmp_ln448_25/3 "/>
</bind>
</comp>

<comp id="1126" class="1004" name="select_ln448_25_fu_1126">
<pin_list>
<pin id="1127" dir="0" index="0" bw="1" slack="0"/>
<pin id="1128" dir="0" index="1" bw="16" slack="0"/>
<pin id="1129" dir="0" index="2" bw="16" slack="1"/>
<pin id="1130" dir="1" index="3" bw="16" slack="0"/>
</pin_list>
<bind>
<opcode="select(49) " fcode="select"/>
<opset="select_ln448_25/3 "/>
</bind>
</comp>

<comp id="1133" class="1004" name="icmp_ln448_26_fu_1133">
<pin_list>
<pin id="1134" dir="0" index="0" bw="16" slack="0"/>
<pin id="1135" dir="0" index="1" bw="16" slack="1"/>
<pin id="1136" dir="1" index="2" bw="1" slack="0"/>
</pin_list>
<bind>
<opcode="icmp(45) " fcode="icmp"/>
<opset="icmp_ln448_26/3 "/>
</bind>
</comp>

<comp id="1138" class="1004" name="select_ln448_26_fu_1138">
<pin_list>
<pin id="1139" dir="0" index="0" bw="1" slack="0"/>
<pin id="1140" dir="0" index="1" bw="16" slack="0"/>
<pin id="1141" dir="0" index="2" bw="16" slack="1"/>
<pin id="1142" dir="1" index="3" bw="16" slack="0"/>
</pin_list>
<bind>
<opcode="select(49) " fcode="select"/>
<opset="select_ln448_26/3 "/>
</bind>
</comp>

<comp id="1145" class="1004" name="icmp_ln448_27_fu_1145">
<pin_list>
<pin id="1146" dir="0" index="0" bw="16" slack="0"/>
<pin id="1147" dir="0" index="1" bw="16" slack="1"/>
<pin id="1148" dir="1" index="2" bw="1" slack="0"/>
</pin_list>
<bind>
<opcode="icmp(45) " fcode="icmp"/>
<opset="icmp_ln448_27/3 "/>
</bind>
</comp>

<comp id="1150" class="1004" name="select_ln448_27_fu_1150">
<pin_list>
<pin id="1151" dir="0" index="0" bw="1" slack="0"/>
<pin id="1152" dir="0" index="1" bw="16" slack="0"/>
<pin id="1153" dir="0" index="2" bw="16" slack="1"/>
<pin id="1154" dir="1" index="3" bw="16" slack="0"/>
</pin_list>
<bind>
<opcode="select(49) " fcode="select"/>
<opset="select_ln448_27/3 "/>
</bind>
</comp>

<comp id="1157" class="1004" name="or_ln451_s_fu_1157">
<pin_list>
<pin id="1158" dir="0" index="0" bw="448" slack="0"/>
<pin id="1159" dir="0" index="1" bw="16" slack="0"/>
<pin id="1160" dir="0" index="2" bw="16" slack="0"/>
<pin id="1161" dir="0" index="3" bw="16" slack="0"/>
<pin id="1162" dir="0" index="4" bw="16" slack="0"/>
<pin id="1163" dir="0" index="5" bw="16" slack="0"/>
<pin id="1164" dir="0" index="6" bw="16" slack="0"/>
<pin id="1165" dir="0" index="7" bw="16" slack="0"/>
<pin id="1166" dir="0" index="8" bw="16" slack="0"/>
<pin id="1167" dir="0" index="9" bw="16" slack="0"/>
<pin id="1168" dir="0" index="10" bw="16" slack="0"/>
<pin id="1169" dir="0" index="11" bw="16" slack="0"/>
<pin id="1170" dir="0" index="12" bw="16" slack="0"/>
<pin id="1171" dir="0" index="13" bw="16" slack="0"/>
<pin id="1172" dir="0" index="14" bw="16" slack="0"/>
<pin id="1173" dir="0" index="15" bw="16" slack="0"/>
<pin id="1174" dir="0" index="16" bw="16" slack="0"/>
<pin id="1175" dir="0" index="17" bw="16" slack="0"/>
<pin id="1176" dir="0" index="18" bw="16" slack="0"/>
<pin id="1177" dir="0" index="19" bw="16" slack="0"/>
<pin id="1178" dir="0" index="20" bw="16" slack="0"/>
<pin id="1179" dir="0" index="21" bw="16" slack="0"/>
<pin id="1180" dir="0" index="22" bw="16" slack="0"/>
<pin id="1181" dir="0" index="23" bw="16" slack="0"/>
<pin id="1182" dir="0" index="24" bw="16" slack="0"/>
<pin id="1183" dir="0" index="25" bw="16" slack="0"/>
<pin id="1184" dir="0" index="26" bw="16" slack="0"/>
<pin id="1185" dir="0" index="27" bw="16" slack="0"/>
<pin id="1186" dir="0" index="28" bw="16" slack="0"/>
<pin id="1187" dir="1" index="29" bw="448" slack="0"/>
</pin_list>
<bind>
<opcode="bitconcatenate(1004) " fcode="bitconcatenate"/>
<opset="or_ln451_s/3 "/>
</bind>
</comp>

<comp id="1218" class="1005" name="i_ih_reg_1218">
<pin_list>
<pin id="1219" dir="0" index="0" bw="7" slack="0"/>
<pin id="1220" dir="1" index="1" bw="7" slack="0"/>
</pin_list>
<bind>
<opset="i_ih "/>
</bind>
</comp>

<comp id="1225" class="1005" name="empty_reg_1225">
<pin_list>
<pin id="1226" dir="0" index="0" bw="16" slack="1"/>
<pin id="1227" dir="1" index="1" bw="16" slack="1"/>
</pin_list>
<bind>
<opset="empty "/>
</bind>
</comp>

<comp id="1231" class="1005" name="p_0_1_0_0_02_reg_1231">
<pin_list>
<pin id="1232" dir="0" index="0" bw="16" slack="1"/>
<pin id="1233" dir="1" index="1" bw="16" slack="1"/>
</pin_list>
<bind>
<opset="p_0_1_0_0_02 "/>
</bind>
</comp>

<comp id="1237" class="1005" name="p_0_2_0_0_04_reg_1237">
<pin_list>
<pin id="1238" dir="0" index="0" bw="16" slack="1"/>
<pin id="1239" dir="1" index="1" bw="16" slack="1"/>
</pin_list>
<bind>
<opset="p_0_2_0_0_04 "/>
</bind>
</comp>

<comp id="1243" class="1005" name="p_0_3_0_0_06_reg_1243">
<pin_list>
<pin id="1244" dir="0" index="0" bw="16" slack="1"/>
<pin id="1245" dir="1" index="1" bw="16" slack="1"/>
</pin_list>
<bind>
<opset="p_0_3_0_0_06 "/>
</bind>
</comp>

<comp id="1249" class="1005" name="p_0_4_0_0_08_reg_1249">
<pin_list>
<pin id="1250" dir="0" index="0" bw="16" slack="1"/>
<pin id="1251" dir="1" index="1" bw="16" slack="1"/>
</pin_list>
<bind>
<opset="p_0_4_0_0_08 "/>
</bind>
</comp>

<comp id="1255" class="1005" name="p_0_5_0_0_010_reg_1255">
<pin_list>
<pin id="1256" dir="0" index="0" bw="16" slack="1"/>
<pin id="1257" dir="1" index="1" bw="16" slack="1"/>
</pin_list>
<bind>
<opset="p_0_5_0_0_010 "/>
</bind>
</comp>

<comp id="1261" class="1005" name="p_0_6_0_0_012_reg_1261">
<pin_list>
<pin id="1262" dir="0" index="0" bw="16" slack="1"/>
<pin id="1263" dir="1" index="1" bw="16" slack="1"/>
</pin_list>
<bind>
<opset="p_0_6_0_0_012 "/>
</bind>
</comp>

<comp id="1267" class="1005" name="p_0_7_0_0_014_reg_1267">
<pin_list>
<pin id="1268" dir="0" index="0" bw="16" slack="1"/>
<pin id="1269" dir="1" index="1" bw="16" slack="1"/>
</pin_list>
<bind>
<opset="p_0_7_0_0_014 "/>
</bind>
</comp>

<comp id="1273" class="1005" name="p_0_8_0_0_016_reg_1273">
<pin_list>
<pin id="1274" dir="0" index="0" bw="16" slack="1"/>
<pin id="1275" dir="1" index="1" bw="16" slack="1"/>
</pin_list>
<bind>
<opset="p_0_8_0_0_016 "/>
</bind>
</comp>

<comp id="1279" class="1005" name="p_0_9_0_0_018_reg_1279">
<pin_list>
<pin id="1280" dir="0" index="0" bw="16" slack="1"/>
<pin id="1281" dir="1" index="1" bw="16" slack="1"/>
</pin_list>
<bind>
<opset="p_0_9_0_0_018 "/>
</bind>
</comp>

<comp id="1285" class="1005" name="p_0_10_0_0_020_reg_1285">
<pin_list>
<pin id="1286" dir="0" index="0" bw="16" slack="1"/>
<pin id="1287" dir="1" index="1" bw="16" slack="1"/>
</pin_list>
<bind>
<opset="p_0_10_0_0_020 "/>
</bind>
</comp>

<comp id="1291" class="1005" name="p_0_11_0_0_022_reg_1291">
<pin_list>
<pin id="1292" dir="0" index="0" bw="16" slack="1"/>
<pin id="1293" dir="1" index="1" bw="16" slack="1"/>
</pin_list>
<bind>
<opset="p_0_11_0_0_022 "/>
</bind>
</comp>

<comp id="1297" class="1005" name="p_0_12_0_0_024_reg_1297">
<pin_list>
<pin id="1298" dir="0" index="0" bw="16" slack="1"/>
<pin id="1299" dir="1" index="1" bw="16" slack="1"/>
</pin_list>
<bind>
<opset="p_0_12_0_0_024 "/>
</bind>
</comp>

<comp id="1303" class="1005" name="p_0_13_0_0_026_reg_1303">
<pin_list>
<pin id="1304" dir="0" index="0" bw="16" slack="1"/>
<pin id="1305" dir="1" index="1" bw="16" slack="1"/>
</pin_list>
<bind>
<opset="p_0_13_0_0_026 "/>
</bind>
</comp>

<comp id="1309" class="1005" name="p_0_14_0_0_028_reg_1309">
<pin_list>
<pin id="1310" dir="0" index="0" bw="16" slack="1"/>
<pin id="1311" dir="1" index="1" bw="16" slack="1"/>
</pin_list>
<bind>
<opset="p_0_14_0_0_028 "/>
</bind>
</comp>

<comp id="1315" class="1005" name="p_0_15_0_0_030_reg_1315">
<pin_list>
<pin id="1316" dir="0" index="0" bw="16" slack="1"/>
<pin id="1317" dir="1" index="1" bw="16" slack="1"/>
</pin_list>
<bind>
<opset="p_0_15_0_0_030 "/>
</bind>
</comp>

<comp id="1321" class="1005" name="p_0_16_0_0_032_reg_1321">
<pin_list>
<pin id="1322" dir="0" index="0" bw="16" slack="1"/>
<pin id="1323" dir="1" index="1" bw="16" slack="1"/>
</pin_list>
<bind>
<opset="p_0_16_0_0_032 "/>
</bind>
</comp>

<comp id="1327" class="1005" name="p_0_17_0_0_034_reg_1327">
<pin_list>
<pin id="1328" dir="0" index="0" bw="16" slack="1"/>
<pin id="1329" dir="1" index="1" bw="16" slack="1"/>
</pin_list>
<bind>
<opset="p_0_17_0_0_034 "/>
</bind>
</comp>

<comp id="1333" class="1005" name="p_0_18_0_0_036_reg_1333">
<pin_list>
<pin id="1334" dir="0" index="0" bw="16" slack="1"/>
<pin id="1335" dir="1" index="1" bw="16" slack="1"/>
</pin_list>
<bind>
<opset="p_0_18_0_0_036 "/>
</bind>
</comp>

<comp id="1339" class="1005" name="p_0_19_0_0_038_reg_1339">
<pin_list>
<pin id="1340" dir="0" index="0" bw="16" slack="1"/>
<pin id="1341" dir="1" index="1" bw="16" slack="1"/>
</pin_list>
<bind>
<opset="p_0_19_0_0_038 "/>
</bind>
</comp>

<comp id="1345" class="1005" name="p_0_20_0_0_040_reg_1345">
<pin_list>
<pin id="1346" dir="0" index="0" bw="16" slack="1"/>
<pin id="1347" dir="1" index="1" bw="16" slack="1"/>
</pin_list>
<bind>
<opset="p_0_20_0_0_040 "/>
</bind>
</comp>

<comp id="1351" class="1005" name="p_0_21_0_0_042_reg_1351">
<pin_list>
<pin id="1352" dir="0" index="0" bw="16" slack="1"/>
<pin id="1353" dir="1" index="1" bw="16" slack="1"/>
</pin_list>
<bind>
<opset="p_0_21_0_0_042 "/>
</bind>
</comp>

<comp id="1357" class="1005" name="p_0_22_0_0_044_reg_1357">
<pin_list>
<pin id="1358" dir="0" index="0" bw="16" slack="1"/>
<pin id="1359" dir="1" index="1" bw="16" slack="1"/>
</pin_list>
<bind>
<opset="p_0_22_0_0_044 "/>
</bind>
</comp>

<comp id="1363" class="1005" name="p_0_23_0_0_046_reg_1363">
<pin_list>
<pin id="1364" dir="0" index="0" bw="16" slack="1"/>
<pin id="1365" dir="1" index="1" bw="16" slack="1"/>
</pin_list>
<bind>
<opset="p_0_23_0_0_046 "/>
</bind>
</comp>

<comp id="1369" class="1005" name="p_0_24_0_0_048_reg_1369">
<pin_list>
<pin id="1370" dir="0" index="0" bw="16" slack="1"/>
<pin id="1371" dir="1" index="1" bw="16" slack="1"/>
</pin_list>
<bind>
<opset="p_0_24_0_0_048 "/>
</bind>
</comp>

<comp id="1375" class="1005" name="p_0_25_0_0_050_reg_1375">
<pin_list>
<pin id="1376" dir="0" index="0" bw="16" slack="1"/>
<pin id="1377" dir="1" index="1" bw="16" slack="1"/>
</pin_list>
<bind>
<opset="p_0_25_0_0_050 "/>
</bind>
</comp>

<comp id="1381" class="1005" name="p_0_26_0_0_052_reg_1381">
<pin_list>
<pin id="1382" dir="0" index="0" bw="16" slack="1"/>
<pin id="1383" dir="1" index="1" bw="16" slack="1"/>
</pin_list>
<bind>
<opset="p_0_26_0_0_052 "/>
</bind>
</comp>

<comp id="1387" class="1005" name="p_0_27_0_0_054_reg_1387">
<pin_list>
<pin id="1388" dir="0" index="0" bw="16" slack="1"/>
<pin id="1389" dir="1" index="1" bw="16" slack="1"/>
</pin_list>
<bind>
<opset="p_0_27_0_0_054 "/>
</bind>
</comp>

<comp id="1393" class="1005" name="icmp_ln430_reg_1393">
<pin_list>
<pin id="1394" dir="0" index="0" bw="1" slack="1"/>
<pin id="1395" dir="1" index="1" bw="1" slack="2147483647"/>
</pin_list>
<bind>
<opset="icmp_ln430 "/>
</bind>
</comp>

<comp id="1397" class="1005" name="on_second_row_1_reg_1397">
<pin_list>
<pin id="1398" dir="0" index="0" bw="1" slack="0"/>
<pin id="1399" dir="1" index="1" bw="1" slack="0"/>
</pin_list>
<bind>
<opset="on_second_row_1 "/>
</bind>
</comp>

<comp id="1402" class="1005" name="cur_reg_1402">
<pin_list>
<pin id="1403" dir="0" index="0" bw="16" slack="1"/>
<pin id="1404" dir="1" index="1" bw="16" slack="1"/>
</pin_list>
<bind>
<opset="cur "/>
</bind>
</comp>

<comp id="1408" class="1005" name="cur_1_reg_1408">
<pin_list>
<pin id="1409" dir="0" index="0" bw="16" slack="1"/>
<pin id="1410" dir="1" index="1" bw="16" slack="1"/>
</pin_list>
<bind>
<opset="cur_1 "/>
</bind>
</comp>

<comp id="1414" class="1005" name="cur_2_reg_1414">
<pin_list>
<pin id="1415" dir="0" index="0" bw="16" slack="1"/>
<pin id="1416" dir="1" index="1" bw="16" slack="1"/>
</pin_list>
<bind>
<opset="cur_2 "/>
</bind>
</comp>

<comp id="1420" class="1005" name="cur_3_reg_1420">
<pin_list>
<pin id="1421" dir="0" index="0" bw="16" slack="1"/>
<pin id="1422" dir="1" index="1" bw="16" slack="1"/>
</pin_list>
<bind>
<opset="cur_3 "/>
</bind>
</comp>

<comp id="1426" class="1005" name="trunc_ln433_4_reg_1426">
<pin_list>
<pin id="1427" dir="0" index="0" bw="16" slack="1"/>
<pin id="1428" dir="1" index="1" bw="16" slack="1"/>
</pin_list>
<bind>
<opset="trunc_ln433_4 "/>
</bind>
</comp>

<comp id="1432" class="1005" name="trunc_ln433_5_reg_1432">
<pin_list>
<pin id="1433" dir="0" index="0" bw="16" slack="1"/>
<pin id="1434" dir="1" index="1" bw="16" slack="1"/>
</pin_list>
<bind>
<opset="trunc_ln433_5 "/>
</bind>
</comp>

<comp id="1438" class="1005" name="trunc_ln433_6_reg_1438">
<pin_list>
<pin id="1439" dir="0" index="0" bw="16" slack="1"/>
<pin id="1440" dir="1" index="1" bw="16" slack="1"/>
</pin_list>
<bind>
<opset="trunc_ln433_6 "/>
</bind>
</comp>

<comp id="1444" class="1005" name="trunc_ln433_7_reg_1444">
<pin_list>
<pin id="1445" dir="0" index="0" bw="16" slack="1"/>
<pin id="1446" dir="1" index="1" bw="16" slack="1"/>
</pin_list>
<bind>
<opset="trunc_ln433_7 "/>
</bind>
</comp>

<comp id="1450" class="1005" name="trunc_ln433_8_reg_1450">
<pin_list>
<pin id="1451" dir="0" index="0" bw="16" slack="1"/>
<pin id="1452" dir="1" index="1" bw="16" slack="1"/>
</pin_list>
<bind>
<opset="trunc_ln433_8 "/>
</bind>
</comp>

<comp id="1456" class="1005" name="trunc_ln433_9_reg_1456">
<pin_list>
<pin id="1457" dir="0" index="0" bw="16" slack="1"/>
<pin id="1458" dir="1" index="1" bw="16" slack="1"/>
</pin_list>
<bind>
<opset="trunc_ln433_9 "/>
</bind>
</comp>

<comp id="1462" class="1005" name="trunc_ln433_s_reg_1462">
<pin_list>
<pin id="1463" dir="0" index="0" bw="16" slack="1"/>
<pin id="1464" dir="1" index="1" bw="16" slack="1"/>
</pin_list>
<bind>
<opset="trunc_ln433_s "/>
</bind>
</comp>

<comp id="1468" class="1005" name="trunc_ln433_1_reg_1468">
<pin_list>
<pin id="1469" dir="0" index="0" bw="16" slack="1"/>
<pin id="1470" dir="1" index="1" bw="16" slack="1"/>
</pin_list>
<bind>
<opset="trunc_ln433_1 "/>
</bind>
</comp>

<comp id="1474" class="1005" name="trunc_ln433_2_reg_1474">
<pin_list>
<pin id="1475" dir="0" index="0" bw="16" slack="1"/>
<pin id="1476" dir="1" index="1" bw="16" slack="1"/>
</pin_list>
<bind>
<opset="trunc_ln433_2 "/>
</bind>
</comp>

<comp id="1480" class="1005" name="trunc_ln433_3_reg_1480">
<pin_list>
<pin id="1481" dir="0" index="0" bw="16" slack="1"/>
<pin id="1482" dir="1" index="1" bw="16" slack="1"/>
</pin_list>
<bind>
<opset="trunc_ln433_3 "/>
</bind>
</comp>

<comp id="1486" class="1005" name="trunc_ln433_10_reg_1486">
<pin_list>
<pin id="1487" dir="0" index="0" bw="16" slack="1"/>
<pin id="1488" dir="1" index="1" bw="16" slack="1"/>
</pin_list>
<bind>
<opset="trunc_ln433_10 "/>
</bind>
</comp>

<comp id="1492" class="1005" name="trunc_ln433_11_reg_1492">
<pin_list>
<pin id="1493" dir="0" index="0" bw="16" slack="1"/>
<pin id="1494" dir="1" index="1" bw="16" slack="1"/>
</pin_list>
<bind>
<opset="trunc_ln433_11 "/>
</bind>
</comp>

<comp id="1498" class="1005" name="trunc_ln433_12_reg_1498">
<pin_list>
<pin id="1499" dir="0" index="0" bw="16" slack="1"/>
<pin id="1500" dir="1" index="1" bw="16" slack="1"/>
</pin_list>
<bind>
<opset="trunc_ln433_12 "/>
</bind>
</comp>

<comp id="1504" class="1005" name="trunc_ln433_13_reg_1504">
<pin_list>
<pin id="1505" dir="0" index="0" bw="16" slack="1"/>
<pin id="1506" dir="1" index="1" bw="16" slack="1"/>
</pin_list>
<bind>
<opset="trunc_ln433_13 "/>
</bind>
</comp>

<comp id="1510" class="1005" name="trunc_ln433_14_reg_1510">
<pin_list>
<pin id="1511" dir="0" index="0" bw="16" slack="1"/>
<pin id="1512" dir="1" index="1" bw="16" slack="1"/>
</pin_list>
<bind>
<opset="trunc_ln433_14 "/>
</bind>
</comp>

<comp id="1516" class="1005" name="trunc_ln433_15_reg_1516">
<pin_list>
<pin id="1517" dir="0" index="0" bw="16" slack="1"/>
<pin id="1518" dir="1" index="1" bw="16" slack="1"/>
</pin_list>
<bind>
<opset="trunc_ln433_15 "/>
</bind>
</comp>

<comp id="1522" class="1005" name="trunc_ln433_16_reg_1522">
<pin_list>
<pin id="1523" dir="0" index="0" bw="16" slack="1"/>
<pin id="1524" dir="1" index="1" bw="16" slack="1"/>
</pin_list>
<bind>
<opset="trunc_ln433_16 "/>
</bind>
</comp>

<comp id="1528" class="1005" name="trunc_ln433_17_reg_1528">
<pin_list>
<pin id="1529" dir="0" index="0" bw="16" slack="1"/>
<pin id="1530" dir="1" index="1" bw="16" slack="1"/>
</pin_list>
<bind>
<opset="trunc_ln433_17 "/>
</bind>
</comp>

<comp id="1534" class="1005" name="trunc_ln433_18_reg_1534">
<pin_list>
<pin id="1535" dir="0" index="0" bw="16" slack="1"/>
<pin id="1536" dir="1" index="1" bw="16" slack="1"/>
</pin_list>
<bind>
<opset="trunc_ln433_18 "/>
</bind>
</comp>

<comp id="1540" class="1005" name="trunc_ln433_19_reg_1540">
<pin_list>
<pin id="1541" dir="0" index="0" bw="16" slack="1"/>
<pin id="1542" dir="1" index="1" bw="16" slack="1"/>
</pin_list>
<bind>
<opset="trunc_ln433_19 "/>
</bind>
</comp>

<comp id="1546" class="1005" name="trunc_ln433_20_reg_1546">
<pin_list>
<pin id="1547" dir="0" index="0" bw="16" slack="1"/>
<pin id="1548" dir="1" index="1" bw="16" slack="1"/>
</pin_list>
<bind>
<opset="trunc_ln433_20 "/>
</bind>
</comp>

<comp id="1552" class="1005" name="trunc_ln433_21_reg_1552">
<pin_list>
<pin id="1553" dir="0" index="0" bw="16" slack="1"/>
<pin id="1554" dir="1" index="1" bw="16" slack="1"/>
</pin_list>
<bind>
<opset="trunc_ln433_21 "/>
</bind>
</comp>

<comp id="1558" class="1005" name="trunc_ln433_22_reg_1558">
<pin_list>
<pin id="1559" dir="0" index="0" bw="16" slack="1"/>
<pin id="1560" dir="1" index="1" bw="16" slack="1"/>
</pin_list>
<bind>
<opset="trunc_ln433_22 "/>
</bind>
</comp>

<comp id="1564" class="1005" name="trunc_ln433_23_reg_1564">
<pin_list>
<pin id="1565" dir="0" index="0" bw="16" slack="1"/>
<pin id="1566" dir="1" index="1" bw="16" slack="1"/>
</pin_list>
<bind>
<opset="trunc_ln433_23 "/>
</bind>
</comp>

</comp_list>

<net_list>
<net id="155"><net_src comp="4" pin="0"/><net_sink comp="152" pin=0"/></net>

<net id="159"><net_src comp="4" pin="0"/><net_sink comp="156" pin=0"/></net>

<net id="163"><net_src comp="4" pin="0"/><net_sink comp="160" pin=0"/></net>

<net id="167"><net_src comp="4" pin="0"/><net_sink comp="164" pin=0"/></net>

<net id="171"><net_src comp="4" pin="0"/><net_sink comp="168" pin=0"/></net>

<net id="175"><net_src comp="4" pin="0"/><net_sink comp="172" pin=0"/></net>

<net id="179"><net_src comp="4" pin="0"/><net_sink comp="176" pin=0"/></net>

<net id="183"><net_src comp="4" pin="0"/><net_sink comp="180" pin=0"/></net>

<net id="187"><net_src comp="4" pin="0"/><net_sink comp="184" pin=0"/></net>

<net id="191"><net_src comp="4" pin="0"/><net_sink comp="188" pin=0"/></net>

<net id="195"><net_src comp="4" pin="0"/><net_sink comp="192" pin=0"/></net>

<net id="199"><net_src comp="4" pin="0"/><net_sink comp="196" pin=0"/></net>

<net id="203"><net_src comp="4" pin="0"/><net_sink comp="200" pin=0"/></net>

<net id="207"><net_src comp="4" pin="0"/><net_sink comp="204" pin=0"/></net>

<net id="211"><net_src comp="4" pin="0"/><net_sink comp="208" pin=0"/></net>

<net id="215"><net_src comp="4" pin="0"/><net_sink comp="212" pin=0"/></net>

<net id="219"><net_src comp="4" pin="0"/><net_sink comp="216" pin=0"/></net>

<net id="223"><net_src comp="4" pin="0"/><net_sink comp="220" pin=0"/></net>

<net id="227"><net_src comp="4" pin="0"/><net_sink comp="224" pin=0"/></net>

<net id="231"><net_src comp="4" pin="0"/><net_sink comp="228" pin=0"/></net>

<net id="235"><net_src comp="4" pin="0"/><net_sink comp="232" pin=0"/></net>

<net id="239"><net_src comp="4" pin="0"/><net_sink comp="236" pin=0"/></net>

<net id="243"><net_src comp="4" pin="0"/><net_sink comp="240" pin=0"/></net>

<net id="247"><net_src comp="4" pin="0"/><net_sink comp="244" pin=0"/></net>

<net id="251"><net_src comp="4" pin="0"/><net_sink comp="248" pin=0"/></net>

<net id="255"><net_src comp="4" pin="0"/><net_sink comp="252" pin=0"/></net>

<net id="259"><net_src comp="4" pin="0"/><net_sink comp="256" pin=0"/></net>

<net id="263"><net_src comp="4" pin="0"/><net_sink comp="260" pin=0"/></net>

<net id="267"><net_src comp="4" pin="0"/><net_sink comp="264" pin=0"/></net>

<net id="272"><net_src comp="36" pin="0"/><net_sink comp="268" pin=0"/></net>

<net id="273"><net_src comp="0" pin="0"/><net_sink comp="268" pin=1"/></net>

<net id="279"><net_src comp="150" pin="0"/><net_sink comp="274" pin=0"/></net>

<net id="280"><net_src comp="2" pin="0"/><net_sink comp="274" pin=1"/></net>

<net id="290"><net_src comp="18" pin="0"/><net_sink comp="284" pin=0"/></net>

<net id="291"><net_src comp="284" pin="4"/><net_sink comp="281" pin=0"/></net>

<net id="296"><net_src comp="16" pin="0"/><net_sink comp="292" pin=0"/></net>

<net id="304"><net_src comp="297" pin="1"/><net_sink comp="300" pin=0"/></net>

<net id="305"><net_src comp="20" pin="0"/><net_sink comp="300" pin=1"/></net>

<net id="310"><net_src comp="297" pin="1"/><net_sink comp="306" pin=0"/></net>

<net id="311"><net_src comp="22" pin="0"/><net_sink comp="306" pin=1"/></net>

<net id="316"><net_src comp="284" pin="4"/><net_sink comp="312" pin=0"/></net>

<net id="317"><net_src comp="24" pin="0"/><net_sink comp="312" pin=1"/></net>

<net id="322"><net_src comp="306" pin="2"/><net_sink comp="318" pin=0"/></net>

<net id="326"><net_src comp="268" pin="2"/><net_sink comp="323" pin=0"/></net>

<net id="333"><net_src comp="38" pin="0"/><net_sink comp="327" pin=0"/></net>

<net id="334"><net_src comp="268" pin="2"/><net_sink comp="327" pin=1"/></net>

<net id="335"><net_src comp="40" pin="0"/><net_sink comp="327" pin=2"/></net>

<net id="336"><net_src comp="42" pin="0"/><net_sink comp="327" pin=3"/></net>

<net id="343"><net_src comp="38" pin="0"/><net_sink comp="337" pin=0"/></net>

<net id="344"><net_src comp="268" pin="2"/><net_sink comp="337" pin=1"/></net>

<net id="345"><net_src comp="44" pin="0"/><net_sink comp="337" pin=2"/></net>

<net id="346"><net_src comp="46" pin="0"/><net_sink comp="337" pin=3"/></net>

<net id="353"><net_src comp="38" pin="0"/><net_sink comp="347" pin=0"/></net>

<net id="354"><net_src comp="268" pin="2"/><net_sink comp="347" pin=1"/></net>

<net id="355"><net_src comp="48" pin="0"/><net_sink comp="347" pin=2"/></net>

<net id="356"><net_src comp="50" pin="0"/><net_sink comp="347" pin=3"/></net>

<net id="363"><net_src comp="38" pin="0"/><net_sink comp="357" pin=0"/></net>

<net id="364"><net_src comp="268" pin="2"/><net_sink comp="357" pin=1"/></net>

<net id="365"><net_src comp="52" pin="0"/><net_sink comp="357" pin=2"/></net>

<net id="366"><net_src comp="54" pin="0"/><net_sink comp="357" pin=3"/></net>

<net id="373"><net_src comp="38" pin="0"/><net_sink comp="367" pin=0"/></net>

<net id="374"><net_src comp="268" pin="2"/><net_sink comp="367" pin=1"/></net>

<net id="375"><net_src comp="56" pin="0"/><net_sink comp="367" pin=2"/></net>

<net id="376"><net_src comp="58" pin="0"/><net_sink comp="367" pin=3"/></net>

<net id="383"><net_src comp="38" pin="0"/><net_sink comp="377" pin=0"/></net>

<net id="384"><net_src comp="268" pin="2"/><net_sink comp="377" pin=1"/></net>

<net id="385"><net_src comp="60" pin="0"/><net_sink comp="377" pin=2"/></net>

<net id="386"><net_src comp="62" pin="0"/><net_sink comp="377" pin=3"/></net>

<net id="393"><net_src comp="38" pin="0"/><net_sink comp="387" pin=0"/></net>

<net id="394"><net_src comp="268" pin="2"/><net_sink comp="387" pin=1"/></net>

<net id="395"><net_src comp="64" pin="0"/><net_sink comp="387" pin=2"/></net>

<net id="396"><net_src comp="66" pin="0"/><net_sink comp="387" pin=3"/></net>

<net id="403"><net_src comp="38" pin="0"/><net_sink comp="397" pin=0"/></net>

<net id="404"><net_src comp="268" pin="2"/><net_sink comp="397" pin=1"/></net>

<net id="405"><net_src comp="68" pin="0"/><net_sink comp="397" pin=2"/></net>

<net id="406"><net_src comp="70" pin="0"/><net_sink comp="397" pin=3"/></net>

<net id="413"><net_src comp="38" pin="0"/><net_sink comp="407" pin=0"/></net>

<net id="414"><net_src comp="268" pin="2"/><net_sink comp="407" pin=1"/></net>

<net id="415"><net_src comp="72" pin="0"/><net_sink comp="407" pin=2"/></net>

<net id="416"><net_src comp="74" pin="0"/><net_sink comp="407" pin=3"/></net>

<net id="423"><net_src comp="38" pin="0"/><net_sink comp="417" pin=0"/></net>

<net id="424"><net_src comp="268" pin="2"/><net_sink comp="417" pin=1"/></net>

<net id="425"><net_src comp="76" pin="0"/><net_sink comp="417" pin=2"/></net>

<net id="426"><net_src comp="78" pin="0"/><net_sink comp="417" pin=3"/></net>

<net id="433"><net_src comp="38" pin="0"/><net_sink comp="427" pin=0"/></net>

<net id="434"><net_src comp="268" pin="2"/><net_sink comp="427" pin=1"/></net>

<net id="435"><net_src comp="80" pin="0"/><net_sink comp="427" pin=2"/></net>

<net id="436"><net_src comp="82" pin="0"/><net_sink comp="427" pin=3"/></net>

<net id="443"><net_src comp="38" pin="0"/><net_sink comp="437" pin=0"/></net>

<net id="444"><net_src comp="268" pin="2"/><net_sink comp="437" pin=1"/></net>

<net id="445"><net_src comp="84" pin="0"/><net_sink comp="437" pin=2"/></net>

<net id="446"><net_src comp="86" pin="0"/><net_sink comp="437" pin=3"/></net>

<net id="453"><net_src comp="38" pin="0"/><net_sink comp="447" pin=0"/></net>

<net id="454"><net_src comp="268" pin="2"/><net_sink comp="447" pin=1"/></net>

<net id="455"><net_src comp="88" pin="0"/><net_sink comp="447" pin=2"/></net>

<net id="456"><net_src comp="90" pin="0"/><net_sink comp="447" pin=3"/></net>

<net id="463"><net_src comp="38" pin="0"/><net_sink comp="457" pin=0"/></net>

<net id="464"><net_src comp="268" pin="2"/><net_sink comp="457" pin=1"/></net>

<net id="465"><net_src comp="92" pin="0"/><net_sink comp="457" pin=2"/></net>

<net id="466"><net_src comp="94" pin="0"/><net_sink comp="457" pin=3"/></net>

<net id="473"><net_src comp="38" pin="0"/><net_sink comp="467" pin=0"/></net>

<net id="474"><net_src comp="268" pin="2"/><net_sink comp="467" pin=1"/></net>

<net id="475"><net_src comp="96" pin="0"/><net_sink comp="467" pin=2"/></net>

<net id="476"><net_src comp="98" pin="0"/><net_sink comp="467" pin=3"/></net>

<net id="483"><net_src comp="38" pin="0"/><net_sink comp="477" pin=0"/></net>

<net id="484"><net_src comp="268" pin="2"/><net_sink comp="477" pin=1"/></net>

<net id="485"><net_src comp="100" pin="0"/><net_sink comp="477" pin=2"/></net>

<net id="486"><net_src comp="102" pin="0"/><net_sink comp="477" pin=3"/></net>

<net id="493"><net_src comp="38" pin="0"/><net_sink comp="487" pin=0"/></net>

<net id="494"><net_src comp="268" pin="2"/><net_sink comp="487" pin=1"/></net>

<net id="495"><net_src comp="104" pin="0"/><net_sink comp="487" pin=2"/></net>

<net id="496"><net_src comp="106" pin="0"/><net_sink comp="487" pin=3"/></net>

<net id="503"><net_src comp="38" pin="0"/><net_sink comp="497" pin=0"/></net>

<net id="504"><net_src comp="268" pin="2"/><net_sink comp="497" pin=1"/></net>

<net id="505"><net_src comp="108" pin="0"/><net_sink comp="497" pin=2"/></net>

<net id="506"><net_src comp="110" pin="0"/><net_sink comp="497" pin=3"/></net>

<net id="513"><net_src comp="38" pin="0"/><net_sink comp="507" pin=0"/></net>

<net id="514"><net_src comp="268" pin="2"/><net_sink comp="507" pin=1"/></net>

<net id="515"><net_src comp="112" pin="0"/><net_sink comp="507" pin=2"/></net>

<net id="516"><net_src comp="114" pin="0"/><net_sink comp="507" pin=3"/></net>

<net id="523"><net_src comp="38" pin="0"/><net_sink comp="517" pin=0"/></net>

<net id="524"><net_src comp="268" pin="2"/><net_sink comp="517" pin=1"/></net>

<net id="525"><net_src comp="116" pin="0"/><net_sink comp="517" pin=2"/></net>

<net id="526"><net_src comp="118" pin="0"/><net_sink comp="517" pin=3"/></net>

<net id="533"><net_src comp="38" pin="0"/><net_sink comp="527" pin=0"/></net>

<net id="534"><net_src comp="268" pin="2"/><net_sink comp="527" pin=1"/></net>

<net id="535"><net_src comp="120" pin="0"/><net_sink comp="527" pin=2"/></net>

<net id="536"><net_src comp="122" pin="0"/><net_sink comp="527" pin=3"/></net>

<net id="543"><net_src comp="38" pin="0"/><net_sink comp="537" pin=0"/></net>

<net id="544"><net_src comp="268" pin="2"/><net_sink comp="537" pin=1"/></net>

<net id="545"><net_src comp="124" pin="0"/><net_sink comp="537" pin=2"/></net>

<net id="546"><net_src comp="126" pin="0"/><net_sink comp="537" pin=3"/></net>

<net id="553"><net_src comp="38" pin="0"/><net_sink comp="547" pin=0"/></net>

<net id="554"><net_src comp="268" pin="2"/><net_sink comp="547" pin=1"/></net>

<net id="555"><net_src comp="128" pin="0"/><net_sink comp="547" pin=2"/></net>

<net id="556"><net_src comp="130" pin="0"/><net_sink comp="547" pin=3"/></net>

<net id="563"><net_src comp="38" pin="0"/><net_sink comp="557" pin=0"/></net>

<net id="564"><net_src comp="268" pin="2"/><net_sink comp="557" pin=1"/></net>

<net id="565"><net_src comp="132" pin="0"/><net_sink comp="557" pin=2"/></net>

<net id="566"><net_src comp="134" pin="0"/><net_sink comp="557" pin=3"/></net>

<net id="573"><net_src comp="38" pin="0"/><net_sink comp="567" pin=0"/></net>

<net id="574"><net_src comp="268" pin="2"/><net_sink comp="567" pin=1"/></net>

<net id="575"><net_src comp="136" pin="0"/><net_sink comp="567" pin=2"/></net>

<net id="576"><net_src comp="138" pin="0"/><net_sink comp="567" pin=3"/></net>

<net id="583"><net_src comp="38" pin="0"/><net_sink comp="577" pin=0"/></net>

<net id="584"><net_src comp="268" pin="2"/><net_sink comp="577" pin=1"/></net>

<net id="585"><net_src comp="140" pin="0"/><net_sink comp="577" pin=2"/></net>

<net id="586"><net_src comp="142" pin="0"/><net_sink comp="577" pin=3"/></net>

<net id="593"><net_src comp="38" pin="0"/><net_sink comp="587" pin=0"/></net>

<net id="594"><net_src comp="268" pin="2"/><net_sink comp="587" pin=1"/></net>

<net id="595"><net_src comp="144" pin="0"/><net_sink comp="587" pin=2"/></net>

<net id="596"><net_src comp="146" pin="0"/><net_sink comp="587" pin=3"/></net>

<net id="601"><net_src comp="587" pin="4"/><net_sink comp="597" pin=0"/></net>

<net id="606"><net_src comp="577" pin="4"/><net_sink comp="602" pin=0"/></net>

<net id="611"><net_src comp="567" pin="4"/><net_sink comp="607" pin=0"/></net>

<net id="616"><net_src comp="557" pin="4"/><net_sink comp="612" pin=0"/></net>

<net id="621"><net_src comp="547" pin="4"/><net_sink comp="617" pin=0"/></net>

<net id="626"><net_src comp="537" pin="4"/><net_sink comp="622" pin=0"/></net>

<net id="631"><net_src comp="527" pin="4"/><net_sink comp="627" pin=0"/></net>

<net id="636"><net_src comp="517" pin="4"/><net_sink comp="632" pin=0"/></net>

<net id="641"><net_src comp="507" pin="4"/><net_sink comp="637" pin=0"/></net>

<net id="646"><net_src comp="497" pin="4"/><net_sink comp="642" pin=0"/></net>

<net id="651"><net_src comp="487" pin="4"/><net_sink comp="647" pin=0"/></net>

<net id="656"><net_src comp="477" pin="4"/><net_sink comp="652" pin=0"/></net>

<net id="661"><net_src comp="467" pin="4"/><net_sink comp="657" pin=0"/></net>

<net id="666"><net_src comp="457" pin="4"/><net_sink comp="662" pin=0"/></net>

<net id="671"><net_src comp="447" pin="4"/><net_sink comp="667" pin=0"/></net>

<net id="676"><net_src comp="437" pin="4"/><net_sink comp="672" pin=0"/></net>

<net id="681"><net_src comp="427" pin="4"/><net_sink comp="677" pin=0"/></net>

<net id="686"><net_src comp="417" pin="4"/><net_sink comp="682" pin=0"/></net>

<net id="691"><net_src comp="407" pin="4"/><net_sink comp="687" pin=0"/></net>

<net id="696"><net_src comp="397" pin="4"/><net_sink comp="692" pin=0"/></net>

<net id="701"><net_src comp="387" pin="4"/><net_sink comp="697" pin=0"/></net>

<net id="706"><net_src comp="377" pin="4"/><net_sink comp="702" pin=0"/></net>

<net id="711"><net_src comp="367" pin="4"/><net_sink comp="707" pin=0"/></net>

<net id="716"><net_src comp="357" pin="4"/><net_sink comp="712" pin=0"/></net>

<net id="721"><net_src comp="347" pin="4"/><net_sink comp="717" pin=0"/></net>

<net id="726"><net_src comp="337" pin="4"/><net_sink comp="722" pin=0"/></net>

<net id="731"><net_src comp="327" pin="4"/><net_sink comp="727" pin=0"/></net>

<net id="736"><net_src comp="323" pin="1"/><net_sink comp="732" pin=0"/></net>

<net id="825"><net_src comp="737" pin="1"/><net_sink comp="821" pin=0"/></net>

<net id="831"><net_src comp="821" pin="2"/><net_sink comp="826" pin=0"/></net>

<net id="832"><net_src comp="737" pin="1"/><net_sink comp="826" pin=1"/></net>

<net id="837"><net_src comp="740" pin="1"/><net_sink comp="833" pin=0"/></net>

<net id="843"><net_src comp="833" pin="2"/><net_sink comp="838" pin=0"/></net>

<net id="844"><net_src comp="740" pin="1"/><net_sink comp="838" pin=1"/></net>

<net id="849"><net_src comp="743" pin="1"/><net_sink comp="845" pin=0"/></net>

<net id="855"><net_src comp="845" pin="2"/><net_sink comp="850" pin=0"/></net>

<net id="856"><net_src comp="743" pin="1"/><net_sink comp="850" pin=1"/></net>

<net id="861"><net_src comp="746" pin="1"/><net_sink comp="857" pin=0"/></net>

<net id="867"><net_src comp="857" pin="2"/><net_sink comp="862" pin=0"/></net>

<net id="868"><net_src comp="746" pin="1"/><net_sink comp="862" pin=1"/></net>

<net id="873"><net_src comp="749" pin="1"/><net_sink comp="869" pin=0"/></net>

<net id="879"><net_src comp="869" pin="2"/><net_sink comp="874" pin=0"/></net>

<net id="880"><net_src comp="749" pin="1"/><net_sink comp="874" pin=1"/></net>

<net id="885"><net_src comp="752" pin="1"/><net_sink comp="881" pin=0"/></net>

<net id="891"><net_src comp="881" pin="2"/><net_sink comp="886" pin=0"/></net>

<net id="892"><net_src comp="752" pin="1"/><net_sink comp="886" pin=1"/></net>

<net id="897"><net_src comp="755" pin="1"/><net_sink comp="893" pin=0"/></net>

<net id="903"><net_src comp="893" pin="2"/><net_sink comp="898" pin=0"/></net>

<net id="904"><net_src comp="755" pin="1"/><net_sink comp="898" pin=1"/></net>

<net id="909"><net_src comp="758" pin="1"/><net_sink comp="905" pin=0"/></net>

<net id="915"><net_src comp="905" pin="2"/><net_sink comp="910" pin=0"/></net>

<net id="916"><net_src comp="758" pin="1"/><net_sink comp="910" pin=1"/></net>

<net id="921"><net_src comp="761" pin="1"/><net_sink comp="917" pin=0"/></net>

<net id="927"><net_src comp="917" pin="2"/><net_sink comp="922" pin=0"/></net>

<net id="928"><net_src comp="761" pin="1"/><net_sink comp="922" pin=1"/></net>

<net id="933"><net_src comp="764" pin="1"/><net_sink comp="929" pin=0"/></net>

<net id="939"><net_src comp="929" pin="2"/><net_sink comp="934" pin=0"/></net>

<net id="940"><net_src comp="764" pin="1"/><net_sink comp="934" pin=1"/></net>

<net id="945"><net_src comp="767" pin="1"/><net_sink comp="941" pin=0"/></net>

<net id="951"><net_src comp="941" pin="2"/><net_sink comp="946" pin=0"/></net>

<net id="952"><net_src comp="767" pin="1"/><net_sink comp="946" pin=1"/></net>

<net id="957"><net_src comp="770" pin="1"/><net_sink comp="953" pin=0"/></net>

<net id="963"><net_src comp="953" pin="2"/><net_sink comp="958" pin=0"/></net>

<net id="964"><net_src comp="770" pin="1"/><net_sink comp="958" pin=1"/></net>

<net id="969"><net_src comp="773" pin="1"/><net_sink comp="965" pin=0"/></net>

<net id="975"><net_src comp="965" pin="2"/><net_sink comp="970" pin=0"/></net>

<net id="976"><net_src comp="773" pin="1"/><net_sink comp="970" pin=1"/></net>

<net id="981"><net_src comp="776" pin="1"/><net_sink comp="977" pin=0"/></net>

<net id="987"><net_src comp="977" pin="2"/><net_sink comp="982" pin=0"/></net>

<net id="988"><net_src comp="776" pin="1"/><net_sink comp="982" pin=1"/></net>

<net id="993"><net_src comp="779" pin="1"/><net_sink comp="989" pin=0"/></net>

<net id="999"><net_src comp="989" pin="2"/><net_sink comp="994" pin=0"/></net>

<net id="1000"><net_src comp="779" pin="1"/><net_sink comp="994" pin=1"/></net>

<net id="1005"><net_src comp="782" pin="1"/><net_sink comp="1001" pin=0"/></net>

<net id="1011"><net_src comp="1001" pin="2"/><net_sink comp="1006" pin=0"/></net>

<net id="1012"><net_src comp="782" pin="1"/><net_sink comp="1006" pin=1"/></net>

<net id="1017"><net_src comp="785" pin="1"/><net_sink comp="1013" pin=0"/></net>

<net id="1023"><net_src comp="1013" pin="2"/><net_sink comp="1018" pin=0"/></net>

<net id="1024"><net_src comp="785" pin="1"/><net_sink comp="1018" pin=1"/></net>

<net id="1029"><net_src comp="788" pin="1"/><net_sink comp="1025" pin=0"/></net>

<net id="1035"><net_src comp="1025" pin="2"/><net_sink comp="1030" pin=0"/></net>

<net id="1036"><net_src comp="788" pin="1"/><net_sink comp="1030" pin=1"/></net>

<net id="1041"><net_src comp="791" pin="1"/><net_sink comp="1037" pin=0"/></net>

<net id="1047"><net_src comp="1037" pin="2"/><net_sink comp="1042" pin=0"/></net>

<net id="1048"><net_src comp="791" pin="1"/><net_sink comp="1042" pin=1"/></net>

<net id="1053"><net_src comp="794" pin="1"/><net_sink comp="1049" pin=0"/></net>

<net id="1059"><net_src comp="1049" pin="2"/><net_sink comp="1054" pin=0"/></net>

<net id="1060"><net_src comp="794" pin="1"/><net_sink comp="1054" pin=1"/></net>

<net id="1065"><net_src comp="797" pin="1"/><net_sink comp="1061" pin=0"/></net>

<net id="1071"><net_src comp="1061" pin="2"/><net_sink comp="1066" pin=0"/></net>

<net id="1072"><net_src comp="797" pin="1"/><net_sink comp="1066" pin=1"/></net>

<net id="1077"><net_src comp="800" pin="1"/><net_sink comp="1073" pin=0"/></net>

<net id="1083"><net_src comp="1073" pin="2"/><net_sink comp="1078" pin=0"/></net>

<net id="1084"><net_src comp="800" pin="1"/><net_sink comp="1078" pin=1"/></net>

<net id="1089"><net_src comp="803" pin="1"/><net_sink comp="1085" pin=0"/></net>

<net id="1095"><net_src comp="1085" pin="2"/><net_sink comp="1090" pin=0"/></net>

<net id="1096"><net_src comp="803" pin="1"/><net_sink comp="1090" pin=1"/></net>

<net id="1101"><net_src comp="806" pin="1"/><net_sink comp="1097" pin=0"/></net>

<net id="1107"><net_src comp="1097" pin="2"/><net_sink comp="1102" pin=0"/></net>

<net id="1108"><net_src comp="806" pin="1"/><net_sink comp="1102" pin=1"/></net>

<net id="1113"><net_src comp="809" pin="1"/><net_sink comp="1109" pin=0"/></net>

<net id="1119"><net_src comp="1109" pin="2"/><net_sink comp="1114" pin=0"/></net>

<net id="1120"><net_src comp="809" pin="1"/><net_sink comp="1114" pin=1"/></net>

<net id="1125"><net_src comp="812" pin="1"/><net_sink comp="1121" pin=0"/></net>

<net id="1131"><net_src comp="1121" pin="2"/><net_sink comp="1126" pin=0"/></net>

<net id="1132"><net_src comp="812" pin="1"/><net_sink comp="1126" pin=1"/></net>

<net id="1137"><net_src comp="815" pin="1"/><net_sink comp="1133" pin=0"/></net>

<net id="1143"><net_src comp="1133" pin="2"/><net_sink comp="1138" pin=0"/></net>

<net id="1144"><net_src comp="815" pin="1"/><net_sink comp="1138" pin=1"/></net>

<net id="1149"><net_src comp="818" pin="1"/><net_sink comp="1145" pin=0"/></net>

<net id="1155"><net_src comp="1145" pin="2"/><net_sink comp="1150" pin=0"/></net>

<net id="1156"><net_src comp="818" pin="1"/><net_sink comp="1150" pin=1"/></net>

<net id="1188"><net_src comp="148" pin="0"/><net_sink comp="1157" pin=0"/></net>

<net id="1189"><net_src comp="1150" pin="3"/><net_sink comp="1157" pin=1"/></net>

<net id="1190"><net_src comp="1138" pin="3"/><net_sink comp="1157" pin=2"/></net>

<net id="1191"><net_src comp="1126" pin="3"/><net_sink comp="1157" pin=3"/></net>

<net id="1192"><net_src comp="1114" pin="3"/><net_sink comp="1157" pin=4"/></net>

<net id="1193"><net_src comp="1102" pin="3"/><net_sink comp="1157" pin=5"/></net>

<net id="1194"><net_src comp="1090" pin="3"/><net_sink comp="1157" pin=6"/></net>

<net id="1195"><net_src comp="1078" pin="3"/><net_sink comp="1157" pin=7"/></net>

<net id="1196"><net_src comp="1066" pin="3"/><net_sink comp="1157" pin=8"/></net>

<net id="1197"><net_src comp="1054" pin="3"/><net_sink comp="1157" pin=9"/></net>

<net id="1198"><net_src comp="1042" pin="3"/><net_sink comp="1157" pin=10"/></net>

<net id="1199"><net_src comp="1030" pin="3"/><net_sink comp="1157" pin=11"/></net>

<net id="1200"><net_src comp="1018" pin="3"/><net_sink comp="1157" pin=12"/></net>

<net id="1201"><net_src comp="1006" pin="3"/><net_sink comp="1157" pin=13"/></net>

<net id="1202"><net_src comp="994" pin="3"/><net_sink comp="1157" pin=14"/></net>

<net id="1203"><net_src comp="982" pin="3"/><net_sink comp="1157" pin=15"/></net>

<net id="1204"><net_src comp="970" pin="3"/><net_sink comp="1157" pin=16"/></net>

<net id="1205"><net_src comp="958" pin="3"/><net_sink comp="1157" pin=17"/></net>

<net id="1206"><net_src comp="946" pin="3"/><net_sink comp="1157" pin=18"/></net>

<net id="1207"><net_src comp="934" pin="3"/><net_sink comp="1157" pin=19"/></net>

<net id="1208"><net_src comp="922" pin="3"/><net_sink comp="1157" pin=20"/></net>

<net id="1209"><net_src comp="910" pin="3"/><net_sink comp="1157" pin=21"/></net>

<net id="1210"><net_src comp="898" pin="3"/><net_sink comp="1157" pin=22"/></net>

<net id="1211"><net_src comp="886" pin="3"/><net_sink comp="1157" pin=23"/></net>

<net id="1212"><net_src comp="874" pin="3"/><net_sink comp="1157" pin=24"/></net>

<net id="1213"><net_src comp="862" pin="3"/><net_sink comp="1157" pin=25"/></net>

<net id="1214"><net_src comp="850" pin="3"/><net_sink comp="1157" pin=26"/></net>

<net id="1215"><net_src comp="838" pin="3"/><net_sink comp="1157" pin=27"/></net>

<net id="1216"><net_src comp="826" pin="3"/><net_sink comp="1157" pin=28"/></net>

<net id="1217"><net_src comp="1157" pin="29"/><net_sink comp="274" pin=2"/></net>

<net id="1221"><net_src comp="152" pin="1"/><net_sink comp="1218" pin=0"/></net>

<net id="1222"><net_src comp="1218" pin="1"/><net_sink comp="292" pin=1"/></net>

<net id="1223"><net_src comp="1218" pin="1"/><net_sink comp="297" pin=0"/></net>

<net id="1224"><net_src comp="1218" pin="1"/><net_sink comp="318" pin=1"/></net>

<net id="1228"><net_src comp="156" pin="1"/><net_sink comp="1225" pin=0"/></net>

<net id="1229"><net_src comp="1225" pin="1"/><net_sink comp="732" pin=1"/></net>

<net id="1230"><net_src comp="1225" pin="1"/><net_sink comp="737" pin=0"/></net>

<net id="1234"><net_src comp="160" pin="1"/><net_sink comp="1231" pin=0"/></net>

<net id="1235"><net_src comp="1231" pin="1"/><net_sink comp="727" pin=1"/></net>

<net id="1236"><net_src comp="1231" pin="1"/><net_sink comp="740" pin=0"/></net>

<net id="1240"><net_src comp="164" pin="1"/><net_sink comp="1237" pin=0"/></net>

<net id="1241"><net_src comp="1237" pin="1"/><net_sink comp="722" pin=1"/></net>

<net id="1242"><net_src comp="1237" pin="1"/><net_sink comp="743" pin=0"/></net>

<net id="1246"><net_src comp="168" pin="1"/><net_sink comp="1243" pin=0"/></net>

<net id="1247"><net_src comp="1243" pin="1"/><net_sink comp="717" pin=1"/></net>

<net id="1248"><net_src comp="1243" pin="1"/><net_sink comp="746" pin=0"/></net>

<net id="1252"><net_src comp="172" pin="1"/><net_sink comp="1249" pin=0"/></net>

<net id="1253"><net_src comp="1249" pin="1"/><net_sink comp="712" pin=1"/></net>

<net id="1254"><net_src comp="1249" pin="1"/><net_sink comp="749" pin=0"/></net>

<net id="1258"><net_src comp="176" pin="1"/><net_sink comp="1255" pin=0"/></net>

<net id="1259"><net_src comp="1255" pin="1"/><net_sink comp="707" pin=1"/></net>

<net id="1260"><net_src comp="1255" pin="1"/><net_sink comp="752" pin=0"/></net>

<net id="1264"><net_src comp="180" pin="1"/><net_sink comp="1261" pin=0"/></net>

<net id="1265"><net_src comp="1261" pin="1"/><net_sink comp="702" pin=1"/></net>

<net id="1266"><net_src comp="1261" pin="1"/><net_sink comp="755" pin=0"/></net>

<net id="1270"><net_src comp="184" pin="1"/><net_sink comp="1267" pin=0"/></net>

<net id="1271"><net_src comp="1267" pin="1"/><net_sink comp="697" pin=1"/></net>

<net id="1272"><net_src comp="1267" pin="1"/><net_sink comp="758" pin=0"/></net>

<net id="1276"><net_src comp="188" pin="1"/><net_sink comp="1273" pin=0"/></net>

<net id="1277"><net_src comp="1273" pin="1"/><net_sink comp="692" pin=1"/></net>

<net id="1278"><net_src comp="1273" pin="1"/><net_sink comp="761" pin=0"/></net>

<net id="1282"><net_src comp="192" pin="1"/><net_sink comp="1279" pin=0"/></net>

<net id="1283"><net_src comp="1279" pin="1"/><net_sink comp="687" pin=1"/></net>

<net id="1284"><net_src comp="1279" pin="1"/><net_sink comp="764" pin=0"/></net>

<net id="1288"><net_src comp="196" pin="1"/><net_sink comp="1285" pin=0"/></net>

<net id="1289"><net_src comp="1285" pin="1"/><net_sink comp="682" pin=1"/></net>

<net id="1290"><net_src comp="1285" pin="1"/><net_sink comp="767" pin=0"/></net>

<net id="1294"><net_src comp="200" pin="1"/><net_sink comp="1291" pin=0"/></net>

<net id="1295"><net_src comp="1291" pin="1"/><net_sink comp="677" pin=1"/></net>

<net id="1296"><net_src comp="1291" pin="1"/><net_sink comp="770" pin=0"/></net>

<net id="1300"><net_src comp="204" pin="1"/><net_sink comp="1297" pin=0"/></net>

<net id="1301"><net_src comp="1297" pin="1"/><net_sink comp="672" pin=1"/></net>

<net id="1302"><net_src comp="1297" pin="1"/><net_sink comp="773" pin=0"/></net>

<net id="1306"><net_src comp="208" pin="1"/><net_sink comp="1303" pin=0"/></net>

<net id="1307"><net_src comp="1303" pin="1"/><net_sink comp="667" pin=1"/></net>

<net id="1308"><net_src comp="1303" pin="1"/><net_sink comp="776" pin=0"/></net>

<net id="1312"><net_src comp="212" pin="1"/><net_sink comp="1309" pin=0"/></net>

<net id="1313"><net_src comp="1309" pin="1"/><net_sink comp="662" pin=1"/></net>

<net id="1314"><net_src comp="1309" pin="1"/><net_sink comp="779" pin=0"/></net>

<net id="1318"><net_src comp="216" pin="1"/><net_sink comp="1315" pin=0"/></net>

<net id="1319"><net_src comp="1315" pin="1"/><net_sink comp="657" pin=1"/></net>

<net id="1320"><net_src comp="1315" pin="1"/><net_sink comp="782" pin=0"/></net>

<net id="1324"><net_src comp="220" pin="1"/><net_sink comp="1321" pin=0"/></net>

<net id="1325"><net_src comp="1321" pin="1"/><net_sink comp="652" pin=1"/></net>

<net id="1326"><net_src comp="1321" pin="1"/><net_sink comp="785" pin=0"/></net>

<net id="1330"><net_src comp="224" pin="1"/><net_sink comp="1327" pin=0"/></net>

<net id="1331"><net_src comp="1327" pin="1"/><net_sink comp="647" pin=1"/></net>

<net id="1332"><net_src comp="1327" pin="1"/><net_sink comp="788" pin=0"/></net>

<net id="1336"><net_src comp="228" pin="1"/><net_sink comp="1333" pin=0"/></net>

<net id="1337"><net_src comp="1333" pin="1"/><net_sink comp="642" pin=1"/></net>

<net id="1338"><net_src comp="1333" pin="1"/><net_sink comp="791" pin=0"/></net>

<net id="1342"><net_src comp="232" pin="1"/><net_sink comp="1339" pin=0"/></net>

<net id="1343"><net_src comp="1339" pin="1"/><net_sink comp="637" pin=1"/></net>

<net id="1344"><net_src comp="1339" pin="1"/><net_sink comp="794" pin=0"/></net>

<net id="1348"><net_src comp="236" pin="1"/><net_sink comp="1345" pin=0"/></net>

<net id="1349"><net_src comp="1345" pin="1"/><net_sink comp="632" pin=1"/></net>

<net id="1350"><net_src comp="1345" pin="1"/><net_sink comp="797" pin=0"/></net>

<net id="1354"><net_src comp="240" pin="1"/><net_sink comp="1351" pin=0"/></net>

<net id="1355"><net_src comp="1351" pin="1"/><net_sink comp="627" pin=1"/></net>

<net id="1356"><net_src comp="1351" pin="1"/><net_sink comp="800" pin=0"/></net>

<net id="1360"><net_src comp="244" pin="1"/><net_sink comp="1357" pin=0"/></net>

<net id="1361"><net_src comp="1357" pin="1"/><net_sink comp="622" pin=1"/></net>

<net id="1362"><net_src comp="1357" pin="1"/><net_sink comp="803" pin=0"/></net>

<net id="1366"><net_src comp="248" pin="1"/><net_sink comp="1363" pin=0"/></net>

<net id="1367"><net_src comp="1363" pin="1"/><net_sink comp="617" pin=1"/></net>

<net id="1368"><net_src comp="1363" pin="1"/><net_sink comp="806" pin=0"/></net>

<net id="1372"><net_src comp="252" pin="1"/><net_sink comp="1369" pin=0"/></net>

<net id="1373"><net_src comp="1369" pin="1"/><net_sink comp="612" pin=1"/></net>

<net id="1374"><net_src comp="1369" pin="1"/><net_sink comp="809" pin=0"/></net>

<net id="1378"><net_src comp="256" pin="1"/><net_sink comp="1375" pin=0"/></net>

<net id="1379"><net_src comp="1375" pin="1"/><net_sink comp="607" pin=1"/></net>

<net id="1380"><net_src comp="1375" pin="1"/><net_sink comp="812" pin=0"/></net>

<net id="1384"><net_src comp="260" pin="1"/><net_sink comp="1381" pin=0"/></net>

<net id="1385"><net_src comp="1381" pin="1"/><net_sink comp="602" pin=1"/></net>

<net id="1386"><net_src comp="1381" pin="1"/><net_sink comp="815" pin=0"/></net>

<net id="1390"><net_src comp="264" pin="1"/><net_sink comp="1387" pin=0"/></net>

<net id="1391"><net_src comp="1387" pin="1"/><net_sink comp="597" pin=1"/></net>

<net id="1392"><net_src comp="1387" pin="1"/><net_sink comp="818" pin=0"/></net>

<net id="1396"><net_src comp="300" pin="2"/><net_sink comp="1393" pin=0"/></net>

<net id="1400"><net_src comp="312" pin="2"/><net_sink comp="1397" pin=0"/></net>

<net id="1401"><net_src comp="1397" pin="1"/><net_sink comp="284" pin=2"/></net>

<net id="1405"><net_src comp="323" pin="1"/><net_sink comp="1402" pin=0"/></net>

<net id="1406"><net_src comp="1402" pin="1"/><net_sink comp="821" pin=1"/></net>

<net id="1407"><net_src comp="1402" pin="1"/><net_sink comp="826" pin=2"/></net>

<net id="1411"><net_src comp="327" pin="4"/><net_sink comp="1408" pin=0"/></net>

<net id="1412"><net_src comp="1408" pin="1"/><net_sink comp="833" pin=1"/></net>

<net id="1413"><net_src comp="1408" pin="1"/><net_sink comp="838" pin=2"/></net>

<net id="1417"><net_src comp="337" pin="4"/><net_sink comp="1414" pin=0"/></net>

<net id="1418"><net_src comp="1414" pin="1"/><net_sink comp="845" pin=1"/></net>

<net id="1419"><net_src comp="1414" pin="1"/><net_sink comp="850" pin=2"/></net>

<net id="1423"><net_src comp="347" pin="4"/><net_sink comp="1420" pin=0"/></net>

<net id="1424"><net_src comp="1420" pin="1"/><net_sink comp="857" pin=1"/></net>

<net id="1425"><net_src comp="1420" pin="1"/><net_sink comp="862" pin=2"/></net>

<net id="1429"><net_src comp="357" pin="4"/><net_sink comp="1426" pin=0"/></net>

<net id="1430"><net_src comp="1426" pin="1"/><net_sink comp="869" pin=1"/></net>

<net id="1431"><net_src comp="1426" pin="1"/><net_sink comp="874" pin=2"/></net>

<net id="1435"><net_src comp="367" pin="4"/><net_sink comp="1432" pin=0"/></net>

<net id="1436"><net_src comp="1432" pin="1"/><net_sink comp="881" pin=1"/></net>

<net id="1437"><net_src comp="1432" pin="1"/><net_sink comp="886" pin=2"/></net>

<net id="1441"><net_src comp="377" pin="4"/><net_sink comp="1438" pin=0"/></net>

<net id="1442"><net_src comp="1438" pin="1"/><net_sink comp="893" pin=1"/></net>

<net id="1443"><net_src comp="1438" pin="1"/><net_sink comp="898" pin=2"/></net>

<net id="1447"><net_src comp="387" pin="4"/><net_sink comp="1444" pin=0"/></net>

<net id="1448"><net_src comp="1444" pin="1"/><net_sink comp="905" pin=1"/></net>

<net id="1449"><net_src comp="1444" pin="1"/><net_sink comp="910" pin=2"/></net>

<net id="1453"><net_src comp="397" pin="4"/><net_sink comp="1450" pin=0"/></net>

<net id="1454"><net_src comp="1450" pin="1"/><net_sink comp="917" pin=1"/></net>

<net id="1455"><net_src comp="1450" pin="1"/><net_sink comp="922" pin=2"/></net>

<net id="1459"><net_src comp="407" pin="4"/><net_sink comp="1456" pin=0"/></net>

<net id="1460"><net_src comp="1456" pin="1"/><net_sink comp="929" pin=1"/></net>

<net id="1461"><net_src comp="1456" pin="1"/><net_sink comp="934" pin=2"/></net>

<net id="1465"><net_src comp="417" pin="4"/><net_sink comp="1462" pin=0"/></net>

<net id="1466"><net_src comp="1462" pin="1"/><net_sink comp="941" pin=1"/></net>

<net id="1467"><net_src comp="1462" pin="1"/><net_sink comp="946" pin=2"/></net>

<net id="1471"><net_src comp="427" pin="4"/><net_sink comp="1468" pin=0"/></net>

<net id="1472"><net_src comp="1468" pin="1"/><net_sink comp="953" pin=1"/></net>

<net id="1473"><net_src comp="1468" pin="1"/><net_sink comp="958" pin=2"/></net>

<net id="1477"><net_src comp="437" pin="4"/><net_sink comp="1474" pin=0"/></net>

<net id="1478"><net_src comp="1474" pin="1"/><net_sink comp="965" pin=1"/></net>

<net id="1479"><net_src comp="1474" pin="1"/><net_sink comp="970" pin=2"/></net>

<net id="1483"><net_src comp="447" pin="4"/><net_sink comp="1480" pin=0"/></net>

<net id="1484"><net_src comp="1480" pin="1"/><net_sink comp="977" pin=1"/></net>

<net id="1485"><net_src comp="1480" pin="1"/><net_sink comp="982" pin=2"/></net>

<net id="1489"><net_src comp="457" pin="4"/><net_sink comp="1486" pin=0"/></net>

<net id="1490"><net_src comp="1486" pin="1"/><net_sink comp="989" pin=1"/></net>

<net id="1491"><net_src comp="1486" pin="1"/><net_sink comp="994" pin=2"/></net>

<net id="1495"><net_src comp="467" pin="4"/><net_sink comp="1492" pin=0"/></net>

<net id="1496"><net_src comp="1492" pin="1"/><net_sink comp="1001" pin=1"/></net>

<net id="1497"><net_src comp="1492" pin="1"/><net_sink comp="1006" pin=2"/></net>

<net id="1501"><net_src comp="477" pin="4"/><net_sink comp="1498" pin=0"/></net>

<net id="1502"><net_src comp="1498" pin="1"/><net_sink comp="1013" pin=1"/></net>

<net id="1503"><net_src comp="1498" pin="1"/><net_sink comp="1018" pin=2"/></net>

<net id="1507"><net_src comp="487" pin="4"/><net_sink comp="1504" pin=0"/></net>

<net id="1508"><net_src comp="1504" pin="1"/><net_sink comp="1025" pin=1"/></net>

<net id="1509"><net_src comp="1504" pin="1"/><net_sink comp="1030" pin=2"/></net>

<net id="1513"><net_src comp="497" pin="4"/><net_sink comp="1510" pin=0"/></net>

<net id="1514"><net_src comp="1510" pin="1"/><net_sink comp="1037" pin=1"/></net>

<net id="1515"><net_src comp="1510" pin="1"/><net_sink comp="1042" pin=2"/></net>

<net id="1519"><net_src comp="507" pin="4"/><net_sink comp="1516" pin=0"/></net>

<net id="1520"><net_src comp="1516" pin="1"/><net_sink comp="1049" pin=1"/></net>

<net id="1521"><net_src comp="1516" pin="1"/><net_sink comp="1054" pin=2"/></net>

<net id="1525"><net_src comp="517" pin="4"/><net_sink comp="1522" pin=0"/></net>

<net id="1526"><net_src comp="1522" pin="1"/><net_sink comp="1061" pin=1"/></net>

<net id="1527"><net_src comp="1522" pin="1"/><net_sink comp="1066" pin=2"/></net>

<net id="1531"><net_src comp="527" pin="4"/><net_sink comp="1528" pin=0"/></net>

<net id="1532"><net_src comp="1528" pin="1"/><net_sink comp="1073" pin=1"/></net>

<net id="1533"><net_src comp="1528" pin="1"/><net_sink comp="1078" pin=2"/></net>

<net id="1537"><net_src comp="537" pin="4"/><net_sink comp="1534" pin=0"/></net>

<net id="1538"><net_src comp="1534" pin="1"/><net_sink comp="1085" pin=1"/></net>

<net id="1539"><net_src comp="1534" pin="1"/><net_sink comp="1090" pin=2"/></net>

<net id="1543"><net_src comp="547" pin="4"/><net_sink comp="1540" pin=0"/></net>

<net id="1544"><net_src comp="1540" pin="1"/><net_sink comp="1097" pin=1"/></net>

<net id="1545"><net_src comp="1540" pin="1"/><net_sink comp="1102" pin=2"/></net>

<net id="1549"><net_src comp="557" pin="4"/><net_sink comp="1546" pin=0"/></net>

<net id="1550"><net_src comp="1546" pin="1"/><net_sink comp="1109" pin=1"/></net>

<net id="1551"><net_src comp="1546" pin="1"/><net_sink comp="1114" pin=2"/></net>

<net id="1555"><net_src comp="567" pin="4"/><net_sink comp="1552" pin=0"/></net>

<net id="1556"><net_src comp="1552" pin="1"/><net_sink comp="1121" pin=1"/></net>

<net id="1557"><net_src comp="1552" pin="1"/><net_sink comp="1126" pin=2"/></net>

<net id="1561"><net_src comp="577" pin="4"/><net_sink comp="1558" pin=0"/></net>

<net id="1562"><net_src comp="1558" pin="1"/><net_sink comp="1133" pin=1"/></net>

<net id="1563"><net_src comp="1558" pin="1"/><net_sink comp="1138" pin=2"/></net>

<net id="1567"><net_src comp="587" pin="4"/><net_sink comp="1564" pin=0"/></net>

<net id="1568"><net_src comp="1564" pin="1"/><net_sink comp="1145" pin=1"/></net>

<net id="1569"><net_src comp="1564" pin="1"/><net_sink comp="1150" pin=2"/></net>

</net_list>

</model> 
---------------- Datapath Model END ------------------

* FSMD analyzer results:
  - Output states:
	Port: layer5x4_out | {3 }
 - Input state : 
	Port: maxpool2d_wide_nonoverlap_cl<array,array<ap_fixed,28u>,config5> : layer4x4_out | {2 }
  - Chain level:
	State 1
		store_ln430 : 1
		on_second_row : 1
		i_ih_1 : 1
		icmp_ln430 : 2
		i_ih_2 : 2
		br_ln430 : 3
		br_ln435 : 2
		on_second_row_1 : 2
		store_ln430 : 3
	State 2
		store_ln433 : 1
		store_ln433 : 1
		store_ln433 : 1
		store_ln433 : 1
		store_ln433 : 1
		store_ln433 : 1
		store_ln433 : 1
		store_ln433 : 1
		store_ln433 : 1
		store_ln433 : 1
		store_ln433 : 1
		store_ln433 : 1
		store_ln433 : 1
		store_ln433 : 1
		store_ln433 : 1
		store_ln433 : 1
		store_ln433 : 1
		store_ln433 : 1
		store_ln433 : 1
		store_ln433 : 1
		store_ln433 : 1
		store_ln433 : 1
		store_ln433 : 1
		store_ln433 : 1
		store_ln433 : 1
		store_ln433 : 1
		store_ln433 : 1
		store_ln433 : 1
	State 3
		icmp_ln448 : 1
		select_ln448 : 2
		icmp_ln448_1 : 1
		select_ln448_1 : 2
		icmp_ln448_2 : 1
		select_ln448_2 : 2
		icmp_ln448_3 : 1
		select_ln448_3 : 2
		icmp_ln448_4 : 1
		select_ln448_4 : 2
		icmp_ln448_5 : 1
		select_ln448_5 : 2
		icmp_ln448_6 : 1
		select_ln448_6 : 2
		icmp_ln448_7 : 1
		select_ln448_7 : 2
		icmp_ln448_8 : 1
		select_ln448_8 : 2
		icmp_ln448_9 : 1
		select_ln448_9 : 2
		icmp_ln448_10 : 1
		select_ln448_10 : 2
		icmp_ln448_11 : 1
		select_ln448_11 : 2
		icmp_ln448_12 : 1
		select_ln448_12 : 2
		icmp_ln448_13 : 1
		select_ln448_13 : 2
		icmp_ln448_14 : 1
		select_ln448_14 : 2
		icmp_ln448_15 : 1
		select_ln448_15 : 2
		icmp_ln448_16 : 1
		select_ln448_16 : 2
		icmp_ln448_17 : 1
		select_ln448_17 : 2
		icmp_ln448_18 : 1
		select_ln448_18 : 2
		icmp_ln448_19 : 1
		select_ln448_19 : 2
		icmp_ln448_20 : 1
		select_ln448_20 : 2
		icmp_ln448_21 : 1
		select_ln448_21 : 2
		icmp_ln448_22 : 1
		select_ln448_22 : 2
		icmp_ln448_23 : 1
		select_ln448_23 : 2
		icmp_ln448_24 : 1
		select_ln448_24 : 2
		icmp_ln448_25 : 1
		select_ln448_25 : 2
		icmp_ln448_26 : 1
		select_ln448_26 : 2
		icmp_ln448_27 : 1
		select_ln448_27 : 2
		or_ln451_s : 3
		write_ln451 : 4


============================================================
+ Verbose Summary: Datapath Resource usage 
============================================================

* Functional unit list:
|----------|-------------------------------|---------|---------|
| Operation|        Functional Unit        |    FF   |   LUT   |
|----------|-------------------------------|---------|---------|
|          |       icmp_ln430_fu_300       |    0    |    14   |
|          |       icmp_ln448_fu_821       |    0    |    23   |
|          |      icmp_ln448_1_fu_833      |    0    |    23   |
|          |      icmp_ln448_2_fu_845      |    0    |    23   |
|          |      icmp_ln448_3_fu_857      |    0    |    23   |
|          |      icmp_ln448_4_fu_869      |    0    |    23   |
|          |      icmp_ln448_5_fu_881      |    0    |    23   |
|          |      icmp_ln448_6_fu_893      |    0    |    23   |
|          |      icmp_ln448_7_fu_905      |    0    |    23   |
|          |      icmp_ln448_8_fu_917      |    0    |    23   |
|          |      icmp_ln448_9_fu_929      |    0    |    23   |
|          |      icmp_ln448_10_fu_941     |    0    |    23   |
|          |      icmp_ln448_11_fu_953     |    0    |    23   |
|          |      icmp_ln448_12_fu_965     |    0    |    23   |
|   icmp   |      icmp_ln448_13_fu_977     |    0    |    23   |
|          |      icmp_ln448_14_fu_989     |    0    |    23   |
|          |     icmp_ln448_15_fu_1001     |    0    |    23   |
|          |     icmp_ln448_16_fu_1013     |    0    |    23   |
|          |     icmp_ln448_17_fu_1025     |    0    |    23   |
|          |     icmp_ln448_18_fu_1037     |    0    |    23   |
|          |     icmp_ln448_19_fu_1049     |    0    |    23   |
|          |     icmp_ln448_20_fu_1061     |    0    |    23   |
|          |     icmp_ln448_21_fu_1073     |    0    |    23   |
|          |     icmp_ln448_22_fu_1085     |    0    |    23   |
|          |     icmp_ln448_23_fu_1097     |    0    |    23   |
|          |     icmp_ln448_24_fu_1109     |    0    |    23   |
|          |     icmp_ln448_25_fu_1121     |    0    |    23   |
|          |     icmp_ln448_26_fu_1133     |    0    |    23   |
|          |     icmp_ln448_27_fu_1145     |    0    |    23   |
|----------|-------------------------------|---------|---------|
|          |      select_ln448_fu_826      |    0    |    16   |
|          |     select_ln448_1_fu_838     |    0    |    16   |
|          |     select_ln448_2_fu_850     |    0    |    16   |
|          |     select_ln448_3_fu_862     |    0    |    16   |
|          |     select_ln448_4_fu_874     |    0    |    16   |
|          |     select_ln448_5_fu_886     |    0    |    16   |
|          |     select_ln448_6_fu_898     |    0    |    16   |
|          |     select_ln448_7_fu_910     |    0    |    16   |
|          |     select_ln448_8_fu_922     |    0    |    16   |
|          |     select_ln448_9_fu_934     |    0    |    16   |
|          |     select_ln448_10_fu_946    |    0    |    16   |
|          |     select_ln448_11_fu_958    |    0    |    16   |
|          |     select_ln448_12_fu_970    |    0    |    16   |
|  select  |     select_ln448_13_fu_982    |    0    |    16   |
|          |     select_ln448_14_fu_994    |    0    |    16   |
|          |    select_ln448_15_fu_1006    |    0    |    16   |
|          |    select_ln448_16_fu_1018    |    0    |    16   |
|          |    select_ln448_17_fu_1030    |    0    |    16   |
|          |    select_ln448_18_fu_1042    |    0    |    16   |
|          |    select_ln448_19_fu_1054    |    0    |    16   |
|          |    select_ln448_20_fu_1066    |    0    |    16   |
|          |    select_ln448_21_fu_1078    |    0    |    16   |
|          |    select_ln448_22_fu_1090    |    0    |    16   |
|          |    select_ln448_23_fu_1102    |    0    |    16   |
|          |    select_ln448_24_fu_1114    |    0    |    16   |
|          |    select_ln448_25_fu_1126    |    0    |    16   |
|          |    select_ln448_26_fu_1138    |    0    |    16   |
|          |    select_ln448_27_fu_1150    |    0    |    16   |
|----------|-------------------------------|---------|---------|
|    add   |         i_ih_2_fu_306         |    0    |    14   |
|----------|-------------------------------|---------|---------|
|    xor   |     on_second_row_1_fu_312    |    0    |    2    |
|----------|-------------------------------|---------|---------|
|   read   | layer4x4_out_read_read_fu_268 |    0    |    0    |
|----------|-------------------------------|---------|---------|
|   write  |    write_ln451_write_fu_274   |    0    |    0    |
|----------|-------------------------------|---------|---------|
|   trunc  |           cur_fu_323          |    0    |    0    |
|----------|-------------------------------|---------|---------|
|          |          cur_1_fu_327         |    0    |    0    |
|          |          cur_2_fu_337         |    0    |    0    |
|          |          cur_3_fu_347         |    0    |    0    |
|          |      trunc_ln433_4_fu_357     |    0    |    0    |
|          |      trunc_ln433_5_fu_367     |    0    |    0    |
|          |      trunc_ln433_6_fu_377     |    0    |    0    |
|          |      trunc_ln433_7_fu_387     |    0    |    0    |
|          |      trunc_ln433_8_fu_397     |    0    |    0    |
|          |      trunc_ln433_9_fu_407     |    0    |    0    |
|          |      trunc_ln433_s_fu_417     |    0    |    0    |
|          |      trunc_ln433_1_fu_427     |    0    |    0    |
|          |      trunc_ln433_2_fu_437     |    0    |    0    |
|          |      trunc_ln433_3_fu_447     |    0    |    0    |
|partselect|     trunc_ln433_10_fu_457     |    0    |    0    |
|          |     trunc_ln433_11_fu_467     |    0    |    0    |
|          |     trunc_ln433_12_fu_477     |    0    |    0    |
|          |     trunc_ln433_13_fu_487     |    0    |    0    |
|          |     trunc_ln433_14_fu_497     |    0    |    0    |
|          |     trunc_ln433_15_fu_507     |    0    |    0    |
|          |     trunc_ln433_16_fu_517     |    0    |    0    |
|          |     trunc_ln433_17_fu_527     |    0    |    0    |
|          |     trunc_ln433_18_fu_537     |    0    |    0    |
|          |     trunc_ln433_19_fu_547     |    0    |    0    |
|          |     trunc_ln433_20_fu_557     |    0    |    0    |
|          |     trunc_ln433_21_fu_567     |    0    |    0    |
|          |     trunc_ln433_22_fu_577     |    0    |    0    |
|          |     trunc_ln433_23_fu_587     |    0    |    0    |
|----------|-------------------------------|---------|---------|
|bitconcatenate|       or_ln451_s_fu_1157      |    0    |    0    |
|----------|-------------------------------|---------|---------|
|   Total  |                               |    0    |   1122  |
|----------|-------------------------------|---------|---------|

Memories:
N/A

* Register list:
+------------------------+--------+
|                        |   FF   |
+------------------------+--------+
|     cur_1_reg_1408     |   16   |
|     cur_2_reg_1414     |   16   |
|     cur_3_reg_1420     |   16   |
|      cur_reg_1402      |   16   |
|     empty_reg_1225     |   16   |
|      i_ih_reg_1218     |    7   |
|   icmp_ln430_reg_1393  |    1   |
|on_second_row_1_reg_1397|    1   |
|  on_second_row_reg_281 |    1   |
| p_0_10_0_0_020_reg_1285|   16   |
| p_0_11_0_0_022_reg_1291|   16   |
| p_0_12_0_0_024_reg_1297|   16   |
| p_0_13_0_0_026_reg_1303|   16   |
| p_0_14_0_0_028_reg_1309|   16   |
| p_0_15_0_0_030_reg_1315|   16   |
| p_0_16_0_0_032_reg_1321|   16   |
| p_0_17_0_0_034_reg_1327|   16   |
| p_0_18_0_0_036_reg_1333|   16   |
| p_0_19_0_0_038_reg_1339|   16   |
|  p_0_1_0_0_02_reg_1231 |   16   |
| p_0_20_0_0_040_reg_1345|   16   |
| p_0_21_0_0_042_reg_1351|   16   |
| p_0_22_0_0_044_reg_1357|   16   |
| p_0_23_0_0_046_reg_1363|   16   |
| p_0_24_0_0_048_reg_1369|   16   |
| p_0_25_0_0_050_reg_1375|   16   |
| p_0_26_0_0_052_reg_1381|   16   |
| p_0_27_0_0_054_reg_1387|   16   |
|  p_0_2_0_0_04_reg_1237 |   16   |
|  p_0_3_0_0_06_reg_1243 |   16   |
|  p_0_4_0_0_08_reg_1249 |   16   |
| p_0_5_0_0_010_reg_1255 |   16   |
| p_0_6_0_0_012_reg_1261 |   16   |
| p_0_7_0_0_014_reg_1267 |   16   |
| p_0_8_0_0_016_reg_1273 |   16   |
| p_0_9_0_0_018_reg_1279 |   16   |
| trunc_ln433_10_reg_1486|   16   |
| trunc_ln433_11_reg_1492|   16   |
| trunc_ln433_12_reg_1498|   16   |
| trunc_ln433_13_reg_1504|   16   |
| trunc_ln433_14_reg_1510|   16   |
| trunc_ln433_15_reg_1516|   16   |
| trunc_ln433_16_reg_1522|   16   |
| trunc_ln433_17_reg_1528|   16   |
| trunc_ln433_18_reg_1534|   16   |
| trunc_ln433_19_reg_1540|   16   |
| trunc_ln433_1_reg_1468 |   16   |
| trunc_ln433_20_reg_1546|   16   |
| trunc_ln433_21_reg_1552|   16   |
| trunc_ln433_22_reg_1558|   16   |
| trunc_ln433_23_reg_1564|   16   |
| trunc_ln433_2_reg_1474 |   16   |
| trunc_ln433_3_reg_1480 |   16   |
| trunc_ln433_4_reg_1426 |   16   |
| trunc_ln433_5_reg_1432 |   16   |
| trunc_ln433_6_reg_1438 |   16   |
| trunc_ln433_7_reg_1444 |   16   |
| trunc_ln433_8_reg_1450 |   16   |
| trunc_ln433_9_reg_1456 |   16   |
| trunc_ln433_s_reg_1462 |   16   |
+------------------------+--------+
|          Total         |   906  |
+------------------------+--------+

* Multiplexer (MUX) list: 
|--------|------|------|------|--------|
|  Comp  |  Pin | Size |  BW  | S x BW |
|--------|------|------|------|--------|
|  Total |      |      |      |    0   |
|--------|------|------|------|--------|



* Summary:
+-----------+--------+--------+
|           |   FF   |   LUT  |
+-----------+--------+--------+
|  Function |    0   |  1122  |
|   Memory  |    -   |    -   |
|Multiplexer|    -   |    -   |
|  Register |   906  |    -   |
+-----------+--------+--------+
|   Total   |   906  |  1122  |
+-----------+--------+--------+
