

================================================================
== Vitis HLS Report for 'relu_array_ap_fixed_28u_array_ap_fixed_16_6_5_3_0_28u_relu_config4_s'
================================================================
* Date:           Sun May 17 03:02:29 2026

* Version:        2023.2 (Build 4023990 on Oct 11 2023)
* Project:        cnn_core_streaming_prj
* Solution:       solution1 (Vivado IP Flow Target)
* Product family: kintexuplus
* Target device:  xcku5p-ffvb676-2-e


================================================================
== Performance Estimates
================================================================
+ Timing: 
    * Summary: 
    +--------+---------+----------+------------+
    |  Clock |  Target | Estimated| Uncertainty|
    +--------+---------+----------+------------+
    |ap_clk  |  5.00 ns|  2.601 ns|     1.35 ns|
    +--------+---------+----------+------------+

+ Latency: 
    * Summary: 
    +---------+---------+----------+----------+-----+-----+---------+
    |  Latency (cycles) |  Latency (absolute) |  Interval | Pipeline|
    |   min   |   max   |    min   |    max   | min | max |   Type  |
    +---------+---------+----------+----------+-----+-----+---------+
    |       87|       87|  0.435 us|  0.435 us|   87|   87|       no|
    +---------+---------+----------+----------+-----+-----+---------+

    + Detail: 
        * Instance: 
        N/A

        * Loop: 
        +---------------+---------+---------+----------+-----------+-----------+------+----------+
        |               |  Latency (cycles) | Iteration|  Initiation Interval  | Trip |          |
        |   Loop Name   |   min   |   max   |  Latency |  achieved |   target  | Count| Pipelined|
        +---------------+---------+---------+----------+-----------+-----------+------+----------+
        |- ReLUActLoop  |       85|       85|         3|          1|          1|    84|       yes|
        +---------------+---------+---------+----------+-----------+-----------+------+----------+

============================================================
+ Verbose Summary: Synthesis Manager
============================================================
InlineROM: 1
ExposeGlobal: 0
============================================================
+ Verbose Summary: CDFG Model
============================================================
IsTopModel: 0
ResetActiveHigh: 1
IsCombinational: 2
IsDatapathOnly: 0
HasWiredReturn: 1
HasMFsm: 2
HasVarLatency: 1
IsPipeline: 0
IsRtlPipelined: 0
IsInstanceOverlapped: 0
IsDontTouch: 0
HasImplIP: 0
IsGatedGlobalClock: 0

+ Individual pipeline summary: 
  * Pipeline-0: initiation interval (II) = 1, depth = 3


============================================================
+ Verbose Summary: Schedule
============================================================
* Number of FSM states : 3
* Pipeline : 1
  Pipeline-0 : II = 1, D = 3, States = { 1 2 3 }
* Dataflow Pipeline: 0

* FSM state transitions: 
1 --> 2 
2 --> 3 
3 --> 

* FSM state operations: 

State 1 <SV = 0> <Delay = 1.62>
ST_1 : Operation 6 [1/1] (0.00ns)   --->   "%i = alloca i32 1" [firmware/nnet_utils/nnet_activation_stream.h:41]   --->   Operation 6 'alloca' 'i' <Predicate = true> <Delay = 0.00>
ST_1 : Operation 7 [1/1] (0.00ns)   --->   "%specinterface_ln0 = specinterface void @_ssdm_op_SpecInterface, i448 %layer4x4_out, void @empty_9, i32 0, i32 0, void @empty_0, i32 0, i32 0, void @empty_0, void @empty_0, void @empty_0, i32 0, i32 0, i32 0, i32 0, void @empty_0, void @empty_0, i32 4294967295, i32 0"   --->   Operation 7 'specinterface' 'specinterface_ln0' <Predicate = true> <Delay = 0.00>
ST_1 : Operation 8 [1/1] (0.00ns)   --->   "%specinterface_ln0 = specinterface void @_ssdm_op_SpecInterface, i252 %layer3x4_out, void @empty_9, i32 0, i32 0, void @empty_0, i32 0, i32 0, void @empty_0, void @empty_0, void @empty_0, i32 0, i32 0, i32 0, i32 0, void @empty_0, void @empty_0, i32 4294967295, i32 0"   --->   Operation 8 'specinterface' 'specinterface_ln0' <Predicate = true> <Delay = 0.00>
ST_1 : Operation 9 [1/1] (0.42ns)   --->   "%store_ln41 = store i7 0, i7 %i" [firmware/nnet_utils/nnet_activation_stream.h:41]   --->   Operation 9 'store' 'store_ln41' <Predicate = true> <Delay = 0.42>
ST_1 : Operation 10 [1/1] (0.00ns)   --->   "%br_ln41 = br void %ReLUPackLoop" [firmware/nnet_utils/nnet_activation_stream.h:41]   --->   Operation 10 'br' 'br_ln41' <Predicate = true> <Delay = 0.00>
ST_1 : Operation 11 [1/1] (0.00ns)   --->   "%i_3 = load i7 %i" [firmware/nnet_utils/nnet_activation_stream.h:41]   --->   Operation 11 'load' 'i_3' <Predicate = true> <Delay = 0.00>
ST_1 : Operation 12 [1/1] (0.77ns)   --->   "%icmp_ln41 = icmp_eq  i7 %i_3, i7 84" [firmware/nnet_utils/nnet_activation_stream.h:41]   --->   Operation 12 'icmp' 'icmp_ln41' <Predicate = true> <Delay = 0.77> <CoreInst = "Cmp">   --->   Core 9 'Cmp' <Latency = 0> <II = 1> <Delay = 0.77> <FuncUnit> <Opcode : 'icmp'> <InPorts = 2> <OutPorts = 1>
ST_1 : Operation 13 [1/1] (0.77ns)   --->   "%i_4 = add i7 %i_3, i7 1" [firmware/nnet_utils/nnet_activation_stream.h:41]   --->   Operation 13 'add' 'i_4' <Predicate = true> <Delay = 0.77> <CoreInst = "Adder">   --->   Core 1 'Adder' <Latency = 0> <II = 1> <Delay = 0.77> <FuncUnit> <Opcode : 'add' 'sub'> <InPorts = 2> <OutPorts = 1>
ST_1 : Operation 14 [1/1] (0.00ns)   --->   "%br_ln41 = br i1 %icmp_ln41, void %ReLUPackLoop.split, void %for.end15" [firmware/nnet_utils/nnet_activation_stream.h:41]   --->   Operation 14 'br' 'br_ln41' <Predicate = true> <Delay = 0.00>
ST_1 : Operation 15 [1/1] (0.42ns)   --->   "%store_ln41 = store i7 %i_4, i7 %i" [firmware/nnet_utils/nnet_activation_stream.h:41]   --->   Operation 15 'store' 'store_ln41' <Predicate = (!icmp_ln41)> <Delay = 0.42>

State 2 <SV = 1> <Delay = 2.60>
ST_2 : Operation 16 [1/1] (1.82ns)   --->   "%layer3x4_out_read = read i252 @_ssdm_op_Read.ap_fifo.volatile.i252P0A, i252 %layer3x4_out" [firmware/nnet_utils/nnet_activation_stream.h:44]   --->   Operation 16 'read' 'layer3x4_out_read' <Predicate = true> <Delay = 1.82> <CoreInst = "FIFO_SRL">   --->   Core 81 'FIFO_SRL' <Latency = 0> <II = 1> <Delay = 1.83> <Storage> <Opcode : 'read' 'write' 'nbread' 'nbwrite'> <Ports = 0> <Width = 252> <Depth = 4> <FIFO>
ST_2 : Operation 17 [1/1] (0.00ns)   --->   "%trunc_ln44 = trunc i252 %layer3x4_out_read" [firmware/nnet_utils/nnet_activation_stream.h:44]   --->   Operation 17 'trunc' 'trunc_ln44' <Predicate = true> <Delay = 0.00>
ST_2 : Operation 18 [1/1] (0.00ns)   --->   "%trunc_ln44_1 = partselect i9 @_ssdm_op_PartSelect.i9.i252.i32.i32, i252 %layer3x4_out_read, i32 9, i32 17" [firmware/nnet_utils/nnet_activation_stream.h:44]   --->   Operation 18 'partselect' 'trunc_ln44_1' <Predicate = true> <Delay = 0.00>
ST_2 : Operation 19 [1/1] (0.00ns)   --->   "%trunc_ln44_2 = partselect i9 @_ssdm_op_PartSelect.i9.i252.i32.i32, i252 %layer3x4_out_read, i32 18, i32 26" [firmware/nnet_utils/nnet_activation_stream.h:44]   --->   Operation 19 'partselect' 'trunc_ln44_2' <Predicate = true> <Delay = 0.00>
ST_2 : Operation 20 [1/1] (0.00ns)   --->   "%trunc_ln44_3 = partselect i9 @_ssdm_op_PartSelect.i9.i252.i32.i32, i252 %layer3x4_out_read, i32 27, i32 35" [firmware/nnet_utils/nnet_activation_stream.h:44]   --->   Operation 20 'partselect' 'trunc_ln44_3' <Predicate = true> <Delay = 0.00>
ST_2 : Operation 21 [1/1] (0.00ns)   --->   "%trunc_ln44_4 = partselect i9 @_ssdm_op_PartSelect.i9.i252.i32.i32, i252 %layer3x4_out_read, i32 36, i32 44" [firmware/nnet_utils/nnet_activation_stream.h:44]   --->   Operation 21 'partselect' 'trunc_ln44_4' <Predicate = true> <Delay = 0.00>
ST_2 : Operation 22 [1/1] (0.00ns)   --->   "%trunc_ln44_5 = partselect i9 @_ssdm_op_PartSelect.i9.i252.i32.i32, i252 %layer3x4_out_read, i32 45, i32 53" [firmware/nnet_utils/nnet_activation_stream.h:44]   --->   Operation 22 'partselect' 'trunc_ln44_5' <Predicate = true> <Delay = 0.00>
ST_2 : Operation 23 [1/1] (0.00ns)   --->   "%trunc_ln44_6 = partselect i9 @_ssdm_op_PartSelect.i9.i252.i32.i32, i252 %layer3x4_out_read, i32 54, i32 62" [firmware/nnet_utils/nnet_activation_stream.h:44]   --->   Operation 23 'partselect' 'trunc_ln44_6' <Predicate = true> <Delay = 0.00>
ST_2 : Operation 24 [1/1] (0.00ns)   --->   "%trunc_ln44_7 = partselect i9 @_ssdm_op_PartSelect.i9.i252.i32.i32, i252 %layer3x4_out_read, i32 63, i32 71" [firmware/nnet_utils/nnet_activation_stream.h:44]   --->   Operation 24 'partselect' 'trunc_ln44_7' <Predicate = true> <Delay = 0.00>
ST_2 : Operation 25 [1/1] (0.00ns)   --->   "%trunc_ln44_8 = partselect i9 @_ssdm_op_PartSelect.i9.i252.i32.i32, i252 %layer3x4_out_read, i32 72, i32 80" [firmware/nnet_utils/nnet_activation_stream.h:44]   --->   Operation 25 'partselect' 'trunc_ln44_8' <Predicate = true> <Delay = 0.00>
ST_2 : Operation 26 [1/1] (0.00ns)   --->   "%trunc_ln44_9 = partselect i9 @_ssdm_op_PartSelect.i9.i252.i32.i32, i252 %layer3x4_out_read, i32 81, i32 89" [firmware/nnet_utils/nnet_activation_stream.h:44]   --->   Operation 26 'partselect' 'trunc_ln44_9' <Predicate = true> <Delay = 0.00>
ST_2 : Operation 27 [1/1] (0.00ns)   --->   "%trunc_ln44_s = partselect i9 @_ssdm_op_PartSelect.i9.i252.i32.i32, i252 %layer3x4_out_read, i32 90, i32 98" [firmware/nnet_utils/nnet_activation_stream.h:44]   --->   Operation 27 'partselect' 'trunc_ln44_s' <Predicate = true> <Delay = 0.00>
ST_2 : Operation 28 [1/1] (0.00ns)   --->   "%trunc_ln44_10 = partselect i9 @_ssdm_op_PartSelect.i9.i252.i32.i32, i252 %layer3x4_out_read, i32 99, i32 107" [firmware/nnet_utils/nnet_activation_stream.h:44]   --->   Operation 28 'partselect' 'trunc_ln44_10' <Predicate = true> <Delay = 0.00>
ST_2 : Operation 29 [1/1] (0.00ns)   --->   "%trunc_ln44_11 = partselect i9 @_ssdm_op_PartSelect.i9.i252.i32.i32, i252 %layer3x4_out_read, i32 108, i32 116" [firmware/nnet_utils/nnet_activation_stream.h:44]   --->   Operation 29 'partselect' 'trunc_ln44_11' <Predicate = true> <Delay = 0.00>
ST_2 : Operation 30 [1/1] (0.00ns)   --->   "%trunc_ln44_12 = partselect i9 @_ssdm_op_PartSelect.i9.i252.i32.i32, i252 %layer3x4_out_read, i32 117, i32 125" [firmware/nnet_utils/nnet_activation_stream.h:44]   --->   Operation 30 'partselect' 'trunc_ln44_12' <Predicate = true> <Delay = 0.00>
ST_2 : Operation 31 [1/1] (0.00ns)   --->   "%trunc_ln44_13 = partselect i9 @_ssdm_op_PartSelect.i9.i252.i32.i32, i252 %layer3x4_out_read, i32 126, i32 134" [firmware/nnet_utils/nnet_activation_stream.h:44]   --->   Operation 31 'partselect' 'trunc_ln44_13' <Predicate = true> <Delay = 0.00>
ST_2 : Operation 32 [1/1] (0.00ns)   --->   "%trunc_ln44_14 = partselect i9 @_ssdm_op_PartSelect.i9.i252.i32.i32, i252 %layer3x4_out_read, i32 135, i32 143" [firmware/nnet_utils/nnet_activation_stream.h:44]   --->   Operation 32 'partselect' 'trunc_ln44_14' <Predicate = true> <Delay = 0.00>
ST_2 : Operation 33 [1/1] (0.00ns)   --->   "%trunc_ln44_15 = partselect i9 @_ssdm_op_PartSelect.i9.i252.i32.i32, i252 %layer3x4_out_read, i32 144, i32 152" [firmware/nnet_utils/nnet_activation_stream.h:44]   --->   Operation 33 'partselect' 'trunc_ln44_15' <Predicate = true> <Delay = 0.00>
ST_2 : Operation 34 [1/1] (0.00ns)   --->   "%trunc_ln44_16 = partselect i9 @_ssdm_op_PartSelect.i9.i252.i32.i32, i252 %layer3x4_out_read, i32 153, i32 161" [firmware/nnet_utils/nnet_activation_stream.h:44]   --->   Operation 34 'partselect' 'trunc_ln44_16' <Predicate = true> <Delay = 0.00>
ST_2 : Operation 35 [1/1] (0.00ns)   --->   "%trunc_ln44_17 = partselect i9 @_ssdm_op_PartSelect.i9.i252.i32.i32, i252 %layer3x4_out_read, i32 162, i32 170" [firmware/nnet_utils/nnet_activation_stream.h:44]   --->   Operation 35 'partselect' 'trunc_ln44_17' <Predicate = true> <Delay = 0.00>
ST_2 : Operation 36 [1/1] (0.00ns)   --->   "%trunc_ln44_18 = partselect i9 @_ssdm_op_PartSelect.i9.i252.i32.i32, i252 %layer3x4_out_read, i32 171, i32 179" [firmware/nnet_utils/nnet_activation_stream.h:44]   --->   Operation 36 'partselect' 'trunc_ln44_18' <Predicate = true> <Delay = 0.00>
ST_2 : Operation 37 [1/1] (0.00ns)   --->   "%trunc_ln44_19 = partselect i9 @_ssdm_op_PartSelect.i9.i252.i32.i32, i252 %layer3x4_out_read, i32 180, i32 188" [firmware/nnet_utils/nnet_activation_stream.h:44]   --->   Operation 37 'partselect' 'trunc_ln44_19' <Predicate = true> <Delay = 0.00>
ST_2 : Operation 38 [1/1] (0.00ns)   --->   "%trunc_ln44_20 = partselect i9 @_ssdm_op_PartSelect.i9.i252.i32.i32, i252 %layer3x4_out_read, i32 189, i32 197" [firmware/nnet_utils/nnet_activation_stream.h:44]   --->   Operation 38 'partselect' 'trunc_ln44_20' <Predicate = true> <Delay = 0.00>
ST_2 : Operation 39 [1/1] (0.00ns)   --->   "%trunc_ln44_21 = partselect i9 @_ssdm_op_PartSelect.i9.i252.i32.i32, i252 %layer3x4_out_read, i32 198, i32 206" [firmware/nnet_utils/nnet_activation_stream.h:44]   --->   Operation 39 'partselect' 'trunc_ln44_21' <Predicate = true> <Delay = 0.00>
ST_2 : Operation 40 [1/1] (0.00ns)   --->   "%trunc_ln44_22 = partselect i9 @_ssdm_op_PartSelect.i9.i252.i32.i32, i252 %layer3x4_out_read, i32 207, i32 215" [firmware/nnet_utils/nnet_activation_stream.h:44]   --->   Operation 40 'partselect' 'trunc_ln44_22' <Predicate = true> <Delay = 0.00>
ST_2 : Operation 41 [1/1] (0.00ns)   --->   "%trunc_ln44_23 = partselect i9 @_ssdm_op_PartSelect.i9.i252.i32.i32, i252 %layer3x4_out_read, i32 216, i32 224" [firmware/nnet_utils/nnet_activation_stream.h:44]   --->   Operation 41 'partselect' 'trunc_ln44_23' <Predicate = true> <Delay = 0.00>
ST_2 : Operation 42 [1/1] (0.00ns)   --->   "%trunc_ln44_24 = partselect i9 @_ssdm_op_PartSelect.i9.i252.i32.i32, i252 %layer3x4_out_read, i32 225, i32 233" [firmware/nnet_utils/nnet_activation_stream.h:44]   --->   Operation 42 'partselect' 'trunc_ln44_24' <Predicate = true> <Delay = 0.00>
ST_2 : Operation 43 [1/1] (0.00ns)   --->   "%trunc_ln44_25 = partselect i9 @_ssdm_op_PartSelect.i9.i252.i32.i32, i252 %layer3x4_out_read, i32 234, i32 242" [firmware/nnet_utils/nnet_activation_stream.h:44]   --->   Operation 43 'partselect' 'trunc_ln44_25' <Predicate = true> <Delay = 0.00>
ST_2 : Operation 44 [1/1] (0.00ns)   --->   "%trunc_ln44_26 = partselect i9 @_ssdm_op_PartSelect.i9.i252.i32.i32, i252 %layer3x4_out_read, i32 243, i32 251" [firmware/nnet_utils/nnet_activation_stream.h:44]   --->   Operation 44 'partselect' 'trunc_ln44_26' <Predicate = true> <Delay = 0.00>
ST_2 : Operation 45 [1/1] (0.77ns)   --->   "%icmp_ln51 = icmp_sgt  i9 %trunc_ln44, i9 0" [firmware/nnet_utils/nnet_activation_stream.h:51]   --->   Operation 45 'icmp' 'icmp_ln51' <Predicate = true> <Delay = 0.77> <CoreInst = "Cmp">   --->   Core 9 'Cmp' <Latency = 0> <II = 1> <Delay = 0.77> <FuncUnit> <Opcode : 'icmp'> <InPorts = 2> <OutPorts = 1>
ST_2 : Operation 46 [1/1] (0.00ns)   --->   "%trunc_ln52 = trunc i252 %layer3x4_out_read" [firmware/nnet_utils/nnet_activation_stream.h:52]   --->   Operation 46 'trunc' 'trunc_ln52' <Predicate = true> <Delay = 0.00>
ST_2 : Operation 47 [1/1] (0.77ns)   --->   "%icmp_ln51_1 = icmp_sgt  i9 %trunc_ln44_1, i9 0" [firmware/nnet_utils/nnet_activation_stream.h:51]   --->   Operation 47 'icmp' 'icmp_ln51_1' <Predicate = true> <Delay = 0.77> <CoreInst = "Cmp">   --->   Core 9 'Cmp' <Latency = 0> <II = 1> <Delay = 0.77> <FuncUnit> <Opcode : 'icmp'> <InPorts = 2> <OutPorts = 1>
ST_2 : Operation 48 [1/1] (0.00ns)   --->   "%tmp_1 = partselect i8 @_ssdm_op_PartSelect.i8.i252.i32.i32, i252 %layer3x4_out_read, i32 9, i32 16" [firmware/nnet_utils/nnet_activation_stream.h:52]   --->   Operation 48 'partselect' 'tmp_1' <Predicate = true> <Delay = 0.00>
ST_2 : Operation 49 [1/1] (0.77ns)   --->   "%icmp_ln51_2 = icmp_sgt  i9 %trunc_ln44_2, i9 0" [firmware/nnet_utils/nnet_activation_stream.h:51]   --->   Operation 49 'icmp' 'icmp_ln51_2' <Predicate = true> <Delay = 0.77> <CoreInst = "Cmp">   --->   Core 9 'Cmp' <Latency = 0> <II = 1> <Delay = 0.77> <FuncUnit> <Opcode : 'icmp'> <InPorts = 2> <OutPorts = 1>
ST_2 : Operation 50 [1/1] (0.00ns)   --->   "%tmp_2 = partselect i8 @_ssdm_op_PartSelect.i8.i252.i32.i32, i252 %layer3x4_out_read, i32 18, i32 25" [firmware/nnet_utils/nnet_activation_stream.h:52]   --->   Operation 50 'partselect' 'tmp_2' <Predicate = true> <Delay = 0.00>
ST_2 : Operation 51 [1/1] (0.77ns)   --->   "%icmp_ln51_3 = icmp_sgt  i9 %trunc_ln44_3, i9 0" [firmware/nnet_utils/nnet_activation_stream.h:51]   --->   Operation 51 'icmp' 'icmp_ln51_3' <Predicate = true> <Delay = 0.77> <CoreInst = "Cmp">   --->   Core 9 'Cmp' <Latency = 0> <II = 1> <Delay = 0.77> <FuncUnit> <Opcode : 'icmp'> <InPorts = 2> <OutPorts = 1>
ST_2 : Operation 52 [1/1] (0.00ns)   --->   "%tmp_3 = partselect i8 @_ssdm_op_PartSelect.i8.i252.i32.i32, i252 %layer3x4_out_read, i32 27, i32 34" [firmware/nnet_utils/nnet_activation_stream.h:52]   --->   Operation 52 'partselect' 'tmp_3' <Predicate = true> <Delay = 0.00>
ST_2 : Operation 53 [1/1] (0.77ns)   --->   "%icmp_ln51_4 = icmp_sgt  i9 %trunc_ln44_4, i9 0" [firmware/nnet_utils/nnet_activation_stream.h:51]   --->   Operation 53 'icmp' 'icmp_ln51_4' <Predicate = true> <Delay = 0.77> <CoreInst = "Cmp">   --->   Core 9 'Cmp' <Latency = 0> <II = 1> <Delay = 0.77> <FuncUnit> <Opcode : 'icmp'> <InPorts = 2> <OutPorts = 1>
ST_2 : Operation 54 [1/1] (0.00ns)   --->   "%tmp_4 = partselect i8 @_ssdm_op_PartSelect.i8.i252.i32.i32, i252 %layer3x4_out_read, i32 36, i32 43" [firmware/nnet_utils/nnet_activation_stream.h:52]   --->   Operation 54 'partselect' 'tmp_4' <Predicate = true> <Delay = 0.00>
ST_2 : Operation 55 [1/1] (0.77ns)   --->   "%icmp_ln51_5 = icmp_sgt  i9 %trunc_ln44_5, i9 0" [firmware/nnet_utils/nnet_activation_stream.h:51]   --->   Operation 55 'icmp' 'icmp_ln51_5' <Predicate = true> <Delay = 0.77> <CoreInst = "Cmp">   --->   Core 9 'Cmp' <Latency = 0> <II = 1> <Delay = 0.77> <FuncUnit> <Opcode : 'icmp'> <InPorts = 2> <OutPorts = 1>
ST_2 : Operation 56 [1/1] (0.00ns)   --->   "%tmp_5 = partselect i8 @_ssdm_op_PartSelect.i8.i252.i32.i32, i252 %layer3x4_out_read, i32 45, i32 52" [firmware/nnet_utils/nnet_activation_stream.h:52]   --->   Operation 56 'partselect' 'tmp_5' <Predicate = true> <Delay = 0.00>
ST_2 : Operation 57 [1/1] (0.77ns)   --->   "%icmp_ln51_6 = icmp_sgt  i9 %trunc_ln44_6, i9 0" [firmware/nnet_utils/nnet_activation_stream.h:51]   --->   Operation 57 'icmp' 'icmp_ln51_6' <Predicate = true> <Delay = 0.77> <CoreInst = "Cmp">   --->   Core 9 'Cmp' <Latency = 0> <II = 1> <Delay = 0.77> <FuncUnit> <Opcode : 'icmp'> <InPorts = 2> <OutPorts = 1>
ST_2 : Operation 58 [1/1] (0.00ns)   --->   "%tmp_6 = partselect i8 @_ssdm_op_PartSelect.i8.i252.i32.i32, i252 %layer3x4_out_read, i32 54, i32 61" [firmware/nnet_utils/nnet_activation_stream.h:52]   --->   Operation 58 'partselect' 'tmp_6' <Predicate = true> <Delay = 0.00>
ST_2 : Operation 59 [1/1] (0.77ns)   --->   "%icmp_ln51_7 = icmp_sgt  i9 %trunc_ln44_7, i9 0" [firmware/nnet_utils/nnet_activation_stream.h:51]   --->   Operation 59 'icmp' 'icmp_ln51_7' <Predicate = true> <Delay = 0.77> <CoreInst = "Cmp">   --->   Core 9 'Cmp' <Latency = 0> <II = 1> <Delay = 0.77> <FuncUnit> <Opcode : 'icmp'> <InPorts = 2> <OutPorts = 1>
ST_2 : Operation 60 [1/1] (0.00ns)   --->   "%tmp_7 = partselect i8 @_ssdm_op_PartSelect.i8.i252.i32.i32, i252 %layer3x4_out_read, i32 63, i32 70" [firmware/nnet_utils/nnet_activation_stream.h:52]   --->   Operation 60 'partselect' 'tmp_7' <Predicate = true> <Delay = 0.00>
ST_2 : Operation 61 [1/1] (0.77ns)   --->   "%icmp_ln51_8 = icmp_sgt  i9 %trunc_ln44_8, i9 0" [firmware/nnet_utils/nnet_activation_stream.h:51]   --->   Operation 61 'icmp' 'icmp_ln51_8' <Predicate = true> <Delay = 0.77> <CoreInst = "Cmp">   --->   Core 9 'Cmp' <Latency = 0> <II = 1> <Delay = 0.77> <FuncUnit> <Opcode : 'icmp'> <InPorts = 2> <OutPorts = 1>
ST_2 : Operation 62 [1/1] (0.00ns)   --->   "%tmp_8 = partselect i8 @_ssdm_op_PartSelect.i8.i252.i32.i32, i252 %layer3x4_out_read, i32 72, i32 79" [firmware/nnet_utils/nnet_activation_stream.h:52]   --->   Operation 62 'partselect' 'tmp_8' <Predicate = true> <Delay = 0.00>
ST_2 : Operation 63 [1/1] (0.77ns)   --->   "%icmp_ln51_9 = icmp_sgt  i9 %trunc_ln44_9, i9 0" [firmware/nnet_utils/nnet_activation_stream.h:51]   --->   Operation 63 'icmp' 'icmp_ln51_9' <Predicate = true> <Delay = 0.77> <CoreInst = "Cmp">   --->   Core 9 'Cmp' <Latency = 0> <II = 1> <Delay = 0.77> <FuncUnit> <Opcode : 'icmp'> <InPorts = 2> <OutPorts = 1>
ST_2 : Operation 64 [1/1] (0.00ns)   --->   "%tmp_9 = partselect i8 @_ssdm_op_PartSelect.i8.i252.i32.i32, i252 %layer3x4_out_read, i32 81, i32 88" [firmware/nnet_utils/nnet_activation_stream.h:52]   --->   Operation 64 'partselect' 'tmp_9' <Predicate = true> <Delay = 0.00>
ST_2 : Operation 65 [1/1] (0.77ns)   --->   "%icmp_ln51_10 = icmp_sgt  i9 %trunc_ln44_s, i9 0" [firmware/nnet_utils/nnet_activation_stream.h:51]   --->   Operation 65 'icmp' 'icmp_ln51_10' <Predicate = true> <Delay = 0.77> <CoreInst = "Cmp">   --->   Core 9 'Cmp' <Latency = 0> <II = 1> <Delay = 0.77> <FuncUnit> <Opcode : 'icmp'> <InPorts = 2> <OutPorts = 1>
ST_2 : Operation 66 [1/1] (0.00ns)   --->   "%tmp_s = partselect i8 @_ssdm_op_PartSelect.i8.i252.i32.i32, i252 %layer3x4_out_read, i32 90, i32 97" [firmware/nnet_utils/nnet_activation_stream.h:52]   --->   Operation 66 'partselect' 'tmp_s' <Predicate = true> <Delay = 0.00>
ST_2 : Operation 67 [1/1] (0.77ns)   --->   "%icmp_ln51_11 = icmp_sgt  i9 %trunc_ln44_10, i9 0" [firmware/nnet_utils/nnet_activation_stream.h:51]   --->   Operation 67 'icmp' 'icmp_ln51_11' <Predicate = true> <Delay = 0.77> <CoreInst = "Cmp">   --->   Core 9 'Cmp' <Latency = 0> <II = 1> <Delay = 0.77> <FuncUnit> <Opcode : 'icmp'> <InPorts = 2> <OutPorts = 1>
ST_2 : Operation 68 [1/1] (0.00ns)   --->   "%tmp_10 = partselect i8 @_ssdm_op_PartSelect.i8.i252.i32.i32, i252 %layer3x4_out_read, i32 99, i32 106" [firmware/nnet_utils/nnet_activation_stream.h:52]   --->   Operation 68 'partselect' 'tmp_10' <Predicate = true> <Delay = 0.00>
ST_2 : Operation 69 [1/1] (0.77ns)   --->   "%icmp_ln51_12 = icmp_sgt  i9 %trunc_ln44_11, i9 0" [firmware/nnet_utils/nnet_activation_stream.h:51]   --->   Operation 69 'icmp' 'icmp_ln51_12' <Predicate = true> <Delay = 0.77> <CoreInst = "Cmp">   --->   Core 9 'Cmp' <Latency = 0> <II = 1> <Delay = 0.77> <FuncUnit> <Opcode : 'icmp'> <InPorts = 2> <OutPorts = 1>
ST_2 : Operation 70 [1/1] (0.00ns)   --->   "%tmp_11 = partselect i8 @_ssdm_op_PartSelect.i8.i252.i32.i32, i252 %layer3x4_out_read, i32 108, i32 115" [firmware/nnet_utils/nnet_activation_stream.h:52]   --->   Operation 70 'partselect' 'tmp_11' <Predicate = true> <Delay = 0.00>
ST_2 : Operation 71 [1/1] (0.77ns)   --->   "%icmp_ln51_13 = icmp_sgt  i9 %trunc_ln44_12, i9 0" [firmware/nnet_utils/nnet_activation_stream.h:51]   --->   Operation 71 'icmp' 'icmp_ln51_13' <Predicate = true> <Delay = 0.77> <CoreInst = "Cmp">   --->   Core 9 'Cmp' <Latency = 0> <II = 1> <Delay = 0.77> <FuncUnit> <Opcode : 'icmp'> <InPorts = 2> <OutPorts = 1>
ST_2 : Operation 72 [1/1] (0.00ns)   --->   "%tmp_12 = partselect i8 @_ssdm_op_PartSelect.i8.i252.i32.i32, i252 %layer3x4_out_read, i32 117, i32 124" [firmware/nnet_utils/nnet_activation_stream.h:52]   --->   Operation 72 'partselect' 'tmp_12' <Predicate = true> <Delay = 0.00>
ST_2 : Operation 73 [1/1] (0.77ns)   --->   "%icmp_ln51_14 = icmp_sgt  i9 %trunc_ln44_13, i9 0" [firmware/nnet_utils/nnet_activation_stream.h:51]   --->   Operation 73 'icmp' 'icmp_ln51_14' <Predicate = true> <Delay = 0.77> <CoreInst = "Cmp">   --->   Core 9 'Cmp' <Latency = 0> <II = 1> <Delay = 0.77> <FuncUnit> <Opcode : 'icmp'> <InPorts = 2> <OutPorts = 1>
ST_2 : Operation 74 [1/1] (0.00ns)   --->   "%tmp_13 = partselect i8 @_ssdm_op_PartSelect.i8.i252.i32.i32, i252 %layer3x4_out_read, i32 126, i32 133" [firmware/nnet_utils/nnet_activation_stream.h:52]   --->   Operation 74 'partselect' 'tmp_13' <Predicate = true> <Delay = 0.00>
ST_2 : Operation 75 [1/1] (0.77ns)   --->   "%icmp_ln51_15 = icmp_sgt  i9 %trunc_ln44_14, i9 0" [firmware/nnet_utils/nnet_activation_stream.h:51]   --->   Operation 75 'icmp' 'icmp_ln51_15' <Predicate = true> <Delay = 0.77> <CoreInst = "Cmp">   --->   Core 9 'Cmp' <Latency = 0> <II = 1> <Delay = 0.77> <FuncUnit> <Opcode : 'icmp'> <InPorts = 2> <OutPorts = 1>
ST_2 : Operation 76 [1/1] (0.00ns)   --->   "%tmp_14 = partselect i8 @_ssdm_op_PartSelect.i8.i252.i32.i32, i252 %layer3x4_out_read, i32 135, i32 142" [firmware/nnet_utils/nnet_activation_stream.h:52]   --->   Operation 76 'partselect' 'tmp_14' <Predicate = true> <Delay = 0.00>
ST_2 : Operation 77 [1/1] (0.77ns)   --->   "%icmp_ln51_16 = icmp_sgt  i9 %trunc_ln44_15, i9 0" [firmware/nnet_utils/nnet_activation_stream.h:51]   --->   Operation 77 'icmp' 'icmp_ln51_16' <Predicate = true> <Delay = 0.77> <CoreInst = "Cmp">   --->   Core 9 'Cmp' <Latency = 0> <II = 1> <Delay = 0.77> <FuncUnit> <Opcode : 'icmp'> <InPorts = 2> <OutPorts = 1>
ST_2 : Operation 78 [1/1] (0.00ns)   --->   "%tmp_15 = partselect i8 @_ssdm_op_PartSelect.i8.i252.i32.i32, i252 %layer3x4_out_read, i32 144, i32 151" [firmware/nnet_utils/nnet_activation_stream.h:52]   --->   Operation 78 'partselect' 'tmp_15' <Predicate = true> <Delay = 0.00>
ST_2 : Operation 79 [1/1] (0.77ns)   --->   "%icmp_ln51_17 = icmp_sgt  i9 %trunc_ln44_16, i9 0" [firmware/nnet_utils/nnet_activation_stream.h:51]   --->   Operation 79 'icmp' 'icmp_ln51_17' <Predicate = true> <Delay = 0.77> <CoreInst = "Cmp">   --->   Core 9 'Cmp' <Latency = 0> <II = 1> <Delay = 0.77> <FuncUnit> <Opcode : 'icmp'> <InPorts = 2> <OutPorts = 1>
ST_2 : Operation 80 [1/1] (0.00ns)   --->   "%tmp_16 = partselect i8 @_ssdm_op_PartSelect.i8.i252.i32.i32, i252 %layer3x4_out_read, i32 153, i32 160" [firmware/nnet_utils/nnet_activation_stream.h:52]   --->   Operation 80 'partselect' 'tmp_16' <Predicate = true> <Delay = 0.00>
ST_2 : Operation 81 [1/1] (0.77ns)   --->   "%icmp_ln51_18 = icmp_sgt  i9 %trunc_ln44_17, i9 0" [firmware/nnet_utils/nnet_activation_stream.h:51]   --->   Operation 81 'icmp' 'icmp_ln51_18' <Predicate = true> <Delay = 0.77> <CoreInst = "Cmp">   --->   Core 9 'Cmp' <Latency = 0> <II = 1> <Delay = 0.77> <FuncUnit> <Opcode : 'icmp'> <InPorts = 2> <OutPorts = 1>
ST_2 : Operation 82 [1/1] (0.00ns)   --->   "%tmp_17 = partselect i8 @_ssdm_op_PartSelect.i8.i252.i32.i32, i252 %layer3x4_out_read, i32 162, i32 169" [firmware/nnet_utils/nnet_activation_stream.h:52]   --->   Operation 82 'partselect' 'tmp_17' <Predicate = true> <Delay = 0.00>
ST_2 : Operation 83 [1/1] (0.77ns)   --->   "%icmp_ln51_19 = icmp_sgt  i9 %trunc_ln44_18, i9 0" [firmware/nnet_utils/nnet_activation_stream.h:51]   --->   Operation 83 'icmp' 'icmp_ln51_19' <Predicate = true> <Delay = 0.77> <CoreInst = "Cmp">   --->   Core 9 'Cmp' <Latency = 0> <II = 1> <Delay = 0.77> <FuncUnit> <Opcode : 'icmp'> <InPorts = 2> <OutPorts = 1>
ST_2 : Operation 84 [1/1] (0.00ns)   --->   "%tmp_18 = partselect i8 @_ssdm_op_PartSelect.i8.i252.i32.i32, i252 %layer3x4_out_read, i32 171, i32 178" [firmware/nnet_utils/nnet_activation_stream.h:52]   --->   Operation 84 'partselect' 'tmp_18' <Predicate = true> <Delay = 0.00>
ST_2 : Operation 85 [1/1] (0.77ns)   --->   "%icmp_ln51_20 = icmp_sgt  i9 %trunc_ln44_19, i9 0" [firmware/nnet_utils/nnet_activation_stream.h:51]   --->   Operation 85 'icmp' 'icmp_ln51_20' <Predicate = true> <Delay = 0.77> <CoreInst = "Cmp">   --->   Core 9 'Cmp' <Latency = 0> <II = 1> <Delay = 0.77> <FuncUnit> <Opcode : 'icmp'> <InPorts = 2> <OutPorts = 1>
ST_2 : Operation 86 [1/1] (0.00ns)   --->   "%tmp_19 = partselect i8 @_ssdm_op_PartSelect.i8.i252.i32.i32, i252 %layer3x4_out_read, i32 180, i32 187" [firmware/nnet_utils/nnet_activation_stream.h:52]   --->   Operation 86 'partselect' 'tmp_19' <Predicate = true> <Delay = 0.00>
ST_2 : Operation 87 [1/1] (0.77ns)   --->   "%icmp_ln51_21 = icmp_sgt  i9 %trunc_ln44_20, i9 0" [firmware/nnet_utils/nnet_activation_stream.h:51]   --->   Operation 87 'icmp' 'icmp_ln51_21' <Predicate = true> <Delay = 0.77> <CoreInst = "Cmp">   --->   Core 9 'Cmp' <Latency = 0> <II = 1> <Delay = 0.77> <FuncUnit> <Opcode : 'icmp'> <InPorts = 2> <OutPorts = 1>
ST_2 : Operation 88 [1/1] (0.00ns)   --->   "%tmp_20 = partselect i8 @_ssdm_op_PartSelect.i8.i252.i32.i32, i252 %layer3x4_out_read, i32 189, i32 196" [firmware/nnet_utils/nnet_activation_stream.h:52]   --->   Operation 88 'partselect' 'tmp_20' <Predicate = true> <Delay = 0.00>
ST_2 : Operation 89 [1/1] (0.77ns)   --->   "%icmp_ln51_22 = icmp_sgt  i9 %trunc_ln44_21, i9 0" [firmware/nnet_utils/nnet_activation_stream.h:51]   --->   Operation 89 'icmp' 'icmp_ln51_22' <Predicate = true> <Delay = 0.77> <CoreInst = "Cmp">   --->   Core 9 'Cmp' <Latency = 0> <II = 1> <Delay = 0.77> <FuncUnit> <Opcode : 'icmp'> <InPorts = 2> <OutPorts = 1>
ST_2 : Operation 90 [1/1] (0.00ns)   --->   "%tmp_21 = partselect i8 @_ssdm_op_PartSelect.i8.i252.i32.i32, i252 %layer3x4_out_read, i32 198, i32 205" [firmware/nnet_utils/nnet_activation_stream.h:52]   --->   Operation 90 'partselect' 'tmp_21' <Predicate = true> <Delay = 0.00>
ST_2 : Operation 91 [1/1] (0.77ns)   --->   "%icmp_ln51_23 = icmp_sgt  i9 %trunc_ln44_22, i9 0" [firmware/nnet_utils/nnet_activation_stream.h:51]   --->   Operation 91 'icmp' 'icmp_ln51_23' <Predicate = true> <Delay = 0.77> <CoreInst = "Cmp">   --->   Core 9 'Cmp' <Latency = 0> <II = 1> <Delay = 0.77> <FuncUnit> <Opcode : 'icmp'> <InPorts = 2> <OutPorts = 1>
ST_2 : Operation 92 [1/1] (0.00ns)   --->   "%tmp_22 = partselect i8 @_ssdm_op_PartSelect.i8.i252.i32.i32, i252 %layer3x4_out_read, i32 207, i32 214" [firmware/nnet_utils/nnet_activation_stream.h:52]   --->   Operation 92 'partselect' 'tmp_22' <Predicate = true> <Delay = 0.00>
ST_2 : Operation 93 [1/1] (0.77ns)   --->   "%icmp_ln51_24 = icmp_sgt  i9 %trunc_ln44_23, i9 0" [firmware/nnet_utils/nnet_activation_stream.h:51]   --->   Operation 93 'icmp' 'icmp_ln51_24' <Predicate = true> <Delay = 0.77> <CoreInst = "Cmp">   --->   Core 9 'Cmp' <Latency = 0> <II = 1> <Delay = 0.77> <FuncUnit> <Opcode : 'icmp'> <InPorts = 2> <OutPorts = 1>
ST_2 : Operation 94 [1/1] (0.00ns)   --->   "%tmp_23 = partselect i8 @_ssdm_op_PartSelect.i8.i252.i32.i32, i252 %layer3x4_out_read, i32 216, i32 223" [firmware/nnet_utils/nnet_activation_stream.h:52]   --->   Operation 94 'partselect' 'tmp_23' <Predicate = true> <Delay = 0.00>
ST_2 : Operation 95 [1/1] (0.77ns)   --->   "%icmp_ln51_25 = icmp_sgt  i9 %trunc_ln44_24, i9 0" [firmware/nnet_utils/nnet_activation_stream.h:51]   --->   Operation 95 'icmp' 'icmp_ln51_25' <Predicate = true> <Delay = 0.77> <CoreInst = "Cmp">   --->   Core 9 'Cmp' <Latency = 0> <II = 1> <Delay = 0.77> <FuncUnit> <Opcode : 'icmp'> <InPorts = 2> <OutPorts = 1>
ST_2 : Operation 96 [1/1] (0.00ns)   --->   "%tmp_24 = partselect i8 @_ssdm_op_PartSelect.i8.i252.i32.i32, i252 %layer3x4_out_read, i32 225, i32 232" [firmware/nnet_utils/nnet_activation_stream.h:52]   --->   Operation 96 'partselect' 'tmp_24' <Predicate = true> <Delay = 0.00>
ST_2 : Operation 97 [1/1] (0.77ns)   --->   "%icmp_ln51_26 = icmp_sgt  i9 %trunc_ln44_25, i9 0" [firmware/nnet_utils/nnet_activation_stream.h:51]   --->   Operation 97 'icmp' 'icmp_ln51_26' <Predicate = true> <Delay = 0.77> <CoreInst = "Cmp">   --->   Core 9 'Cmp' <Latency = 0> <II = 1> <Delay = 0.77> <FuncUnit> <Opcode : 'icmp'> <InPorts = 2> <OutPorts = 1>
ST_2 : Operation 98 [1/1] (0.00ns)   --->   "%tmp_25 = partselect i8 @_ssdm_op_PartSelect.i8.i252.i32.i32, i252 %layer3x4_out_read, i32 234, i32 241" [firmware/nnet_utils/nnet_activation_stream.h:52]   --->   Operation 98 'partselect' 'tmp_25' <Predicate = true> <Delay = 0.00>
ST_2 : Operation 99 [1/1] (0.77ns)   --->   "%icmp_ln51_27 = icmp_sgt  i9 %trunc_ln44_26, i9 0" [firmware/nnet_utils/nnet_activation_stream.h:51]   --->   Operation 99 'icmp' 'icmp_ln51_27' <Predicate = true> <Delay = 0.77> <CoreInst = "Cmp">   --->   Core 9 'Cmp' <Latency = 0> <II = 1> <Delay = 0.77> <FuncUnit> <Opcode : 'icmp'> <InPorts = 2> <OutPorts = 1>
ST_2 : Operation 100 [1/1] (0.00ns)   --->   "%tmp_26 = partselect i8 @_ssdm_op_PartSelect.i8.i252.i32.i32, i252 %layer3x4_out_read, i32 243, i32 250" [firmware/nnet_utils/nnet_activation_stream.h:52]   --->   Operation 100 'partselect' 'tmp_26' <Predicate = true> <Delay = 0.00>
ST_2 : Operation 191 [1/1] (0.00ns)   --->   "%ret_ln59 = ret" [firmware/nnet_utils/nnet_activation_stream.h:59]   --->   Operation 191 'ret' 'ret_ln59' <Predicate = (icmp_ln41)> <Delay = 0.00>

State 3 <SV = 2> <Delay = 2.08>
ST_3 : Operation 101 [1/1] (0.00ns)   --->   "%specpipeline_ln42 = specpipeline void @_ssdm_op_SpecPipeline, i32 4294967295, i32 0, i32 0, i32 0, void @empty_0" [firmware/nnet_utils/nnet_activation_stream.h:42]   --->   Operation 101 'specpipeline' 'specpipeline_ln42' <Predicate = true> <Delay = 0.00>
ST_3 : Operation 102 [1/1] (0.00ns)   --->   "%speclooptripcount_ln41 = speclooptripcount void @_ssdm_op_SpecLoopTripCount, i64 84, i64 84, i64 84" [firmware/nnet_utils/nnet_activation_stream.h:41]   --->   Operation 102 'speclooptripcount' 'speclooptripcount_ln41' <Predicate = true> <Delay = 0.00>
ST_3 : Operation 103 [1/1] (0.00ns)   --->   "%specloopname_ln41 = specloopname void @_ssdm_op_SpecLoopName, void @empty_3" [firmware/nnet_utils/nnet_activation_stream.h:41]   --->   Operation 103 'specloopname' 'specloopname_ln41' <Predicate = true> <Delay = 0.00>
ST_3 : Operation 104 [1/1] (0.00ns)   --->   "%out_data = bitconcatenate i14 @_ssdm_op_BitConcatenate.i14.i8.i6, i8 %trunc_ln52, i6 0" [firmware/nnet_utils/nnet_activation_stream.h:52]   --->   Operation 104 'bitconcatenate' 'out_data' <Predicate = (icmp_ln51)> <Delay = 0.00>
ST_3 : Operation 105 [1/1] (0.44ns)   --->   "%out_data_1 = select i1 %icmp_ln51, i14 %out_data, i14 0" [firmware/nnet_utils/nnet_activation_stream.h:51]   --->   Operation 105 'select' 'out_data_1' <Predicate = true> <Delay = 0.44> <CoreInst = "Sel">   --->   Core 73 'Sel' <Latency = 0> <II = 1> <Delay = 0.44> <FuncUnit> <Opcode : 'select'> <InPorts = 3> <OutPorts = 1>
ST_3 : Operation 106 [1/1] (0.00ns)   --->   "%zext_ln45 = zext i14 %out_data_1" [firmware/nnet_utils/nnet_activation_stream.h:45]   --->   Operation 106 'zext' 'zext_ln45' <Predicate = true> <Delay = 0.00>
ST_3 : Operation 107 [1/1] (0.00ns)   --->   "%out_data_2 = bitconcatenate i14 @_ssdm_op_BitConcatenate.i14.i8.i6, i8 %tmp_1, i6 0" [firmware/nnet_utils/nnet_activation_stream.h:52]   --->   Operation 107 'bitconcatenate' 'out_data_2' <Predicate = (icmp_ln51_1)> <Delay = 0.00>
ST_3 : Operation 108 [1/1] (0.44ns)   --->   "%out_data_3 = select i1 %icmp_ln51_1, i14 %out_data_2, i14 0" [firmware/nnet_utils/nnet_activation_stream.h:51]   --->   Operation 108 'select' 'out_data_3' <Predicate = true> <Delay = 0.44> <CoreInst = "Sel">   --->   Core 73 'Sel' <Latency = 0> <II = 1> <Delay = 0.44> <FuncUnit> <Opcode : 'select'> <InPorts = 3> <OutPorts = 1>
ST_3 : Operation 109 [1/1] (0.00ns)   --->   "%zext_ln45_1 = zext i14 %out_data_3" [firmware/nnet_utils/nnet_activation_stream.h:45]   --->   Operation 109 'zext' 'zext_ln45_1' <Predicate = true> <Delay = 0.00>
ST_3 : Operation 110 [1/1] (0.00ns)   --->   "%out_data_4 = bitconcatenate i14 @_ssdm_op_BitConcatenate.i14.i8.i6, i8 %tmp_2, i6 0" [firmware/nnet_utils/nnet_activation_stream.h:52]   --->   Operation 110 'bitconcatenate' 'out_data_4' <Predicate = (icmp_ln51_2)> <Delay = 0.00>
ST_3 : Operation 111 [1/1] (0.44ns)   --->   "%out_data_5 = select i1 %icmp_ln51_2, i14 %out_data_4, i14 0" [firmware/nnet_utils/nnet_activation_stream.h:51]   --->   Operation 111 'select' 'out_data_5' <Predicate = true> <Delay = 0.44> <CoreInst = "Sel">   --->   Core 73 'Sel' <Latency = 0> <II = 1> <Delay = 0.44> <FuncUnit> <Opcode : 'select'> <InPorts = 3> <OutPorts = 1>
ST_3 : Operation 112 [1/1] (0.00ns)   --->   "%zext_ln45_2 = zext i14 %out_data_5" [firmware/nnet_utils/nnet_activation_stream.h:45]   --->   Operation 112 'zext' 'zext_ln45_2' <Predicate = true> <Delay = 0.00>
ST_3 : Operation 113 [1/1] (0.00ns)   --->   "%out_data_6 = bitconcatenate i14 @_ssdm_op_BitConcatenate.i14.i8.i6, i8 %tmp_3, i6 0" [firmware/nnet_utils/nnet_activation_stream.h:52]   --->   Operation 113 'bitconcatenate' 'out_data_6' <Predicate = (icmp_ln51_3)> <Delay = 0.00>
ST_3 : Operation 114 [1/1] (0.44ns)   --->   "%out_data_7 = select i1 %icmp_ln51_3, i14 %out_data_6, i14 0" [firmware/nnet_utils/nnet_activation_stream.h:51]   --->   Operation 114 'select' 'out_data_7' <Predicate = true> <Delay = 0.44> <CoreInst = "Sel">   --->   Core 73 'Sel' <Latency = 0> <II = 1> <Delay = 0.44> <FuncUnit> <Opcode : 'select'> <InPorts = 3> <OutPorts = 1>
ST_3 : Operation 115 [1/1] (0.00ns)   --->   "%zext_ln45_3 = zext i14 %out_data_7" [firmware/nnet_utils/nnet_activation_stream.h:45]   --->   Operation 115 'zext' 'zext_ln45_3' <Predicate = true> <Delay = 0.00>
ST_3 : Operation 116 [1/1] (0.00ns)   --->   "%shl_ln = bitconcatenate i14 @_ssdm_op_BitConcatenate.i14.i8.i6, i8 %tmp_4, i6 0" [firmware/nnet_utils/nnet_activation_stream.h:52]   --->   Operation 116 'bitconcatenate' 'shl_ln' <Predicate = (icmp_ln51_4)> <Delay = 0.00>
ST_3 : Operation 117 [1/1] (0.44ns)   --->   "%select_ln51 = select i1 %icmp_ln51_4, i14 %shl_ln, i14 0" [firmware/nnet_utils/nnet_activation_stream.h:51]   --->   Operation 117 'select' 'select_ln51' <Predicate = true> <Delay = 0.44> <CoreInst = "Sel">   --->   Core 73 'Sel' <Latency = 0> <II = 1> <Delay = 0.44> <FuncUnit> <Opcode : 'select'> <InPorts = 3> <OutPorts = 1>
ST_3 : Operation 118 [1/1] (0.00ns)   --->   "%zext_ln51 = zext i14 %select_ln51" [firmware/nnet_utils/nnet_activation_stream.h:51]   --->   Operation 118 'zext' 'zext_ln51' <Predicate = true> <Delay = 0.00>
ST_3 : Operation 119 [1/1] (0.00ns)   --->   "%shl_ln52_1 = bitconcatenate i14 @_ssdm_op_BitConcatenate.i14.i8.i6, i8 %tmp_5, i6 0" [firmware/nnet_utils/nnet_activation_stream.h:52]   --->   Operation 119 'bitconcatenate' 'shl_ln52_1' <Predicate = (icmp_ln51_5)> <Delay = 0.00>
ST_3 : Operation 120 [1/1] (0.44ns)   --->   "%select_ln51_1 = select i1 %icmp_ln51_5, i14 %shl_ln52_1, i14 0" [firmware/nnet_utils/nnet_activation_stream.h:51]   --->   Operation 120 'select' 'select_ln51_1' <Predicate = true> <Delay = 0.44> <CoreInst = "Sel">   --->   Core 73 'Sel' <Latency = 0> <II = 1> <Delay = 0.44> <FuncUnit> <Opcode : 'select'> <InPorts = 3> <OutPorts = 1>
ST_3 : Operation 121 [1/1] (0.00ns)   --->   "%zext_ln51_1 = zext i14 %select_ln51_1" [firmware/nnet_utils/nnet_activation_stream.h:51]   --->   Operation 121 'zext' 'zext_ln51_1' <Predicate = true> <Delay = 0.00>
ST_3 : Operation 122 [1/1] (0.00ns)   --->   "%shl_ln52_2 = bitconcatenate i14 @_ssdm_op_BitConcatenate.i14.i8.i6, i8 %tmp_6, i6 0" [firmware/nnet_utils/nnet_activation_stream.h:52]   --->   Operation 122 'bitconcatenate' 'shl_ln52_2' <Predicate = (icmp_ln51_6)> <Delay = 0.00>
ST_3 : Operation 123 [1/1] (0.44ns)   --->   "%select_ln51_2 = select i1 %icmp_ln51_6, i14 %shl_ln52_2, i14 0" [firmware/nnet_utils/nnet_activation_stream.h:51]   --->   Operation 123 'select' 'select_ln51_2' <Predicate = true> <Delay = 0.44> <CoreInst = "Sel">   --->   Core 73 'Sel' <Latency = 0> <II = 1> <Delay = 0.44> <FuncUnit> <Opcode : 'select'> <InPorts = 3> <OutPorts = 1>
ST_3 : Operation 124 [1/1] (0.00ns)   --->   "%zext_ln51_2 = zext i14 %select_ln51_2" [firmware/nnet_utils/nnet_activation_stream.h:51]   --->   Operation 124 'zext' 'zext_ln51_2' <Predicate = true> <Delay = 0.00>
ST_3 : Operation 125 [1/1] (0.00ns)   --->   "%shl_ln52_3 = bitconcatenate i14 @_ssdm_op_BitConcatenate.i14.i8.i6, i8 %tmp_7, i6 0" [firmware/nnet_utils/nnet_activation_stream.h:52]   --->   Operation 125 'bitconcatenate' 'shl_ln52_3' <Predicate = (icmp_ln51_7)> <Delay = 0.00>
ST_3 : Operation 126 [1/1] (0.44ns)   --->   "%select_ln51_3 = select i1 %icmp_ln51_7, i14 %shl_ln52_3, i14 0" [firmware/nnet_utils/nnet_activation_stream.h:51]   --->   Operation 126 'select' 'select_ln51_3' <Predicate = true> <Delay = 0.44> <CoreInst = "Sel">   --->   Core 73 'Sel' <Latency = 0> <II = 1> <Delay = 0.44> <FuncUnit> <Opcode : 'select'> <InPorts = 3> <OutPorts = 1>
ST_3 : Operation 127 [1/1] (0.00ns)   --->   "%zext_ln51_3 = zext i14 %select_ln51_3" [firmware/nnet_utils/nnet_activation_stream.h:51]   --->   Operation 127 'zext' 'zext_ln51_3' <Predicate = true> <Delay = 0.00>
ST_3 : Operation 128 [1/1] (0.00ns)   --->   "%shl_ln52_4 = bitconcatenate i14 @_ssdm_op_BitConcatenate.i14.i8.i6, i8 %tmp_8, i6 0" [firmware/nnet_utils/nnet_activation_stream.h:52]   --->   Operation 128 'bitconcatenate' 'shl_ln52_4' <Predicate = (icmp_ln51_8)> <Delay = 0.00>
ST_3 : Operation 129 [1/1] (0.44ns)   --->   "%select_ln51_4 = select i1 %icmp_ln51_8, i14 %shl_ln52_4, i14 0" [firmware/nnet_utils/nnet_activation_stream.h:51]   --->   Operation 129 'select' 'select_ln51_4' <Predicate = true> <Delay = 0.44> <CoreInst = "Sel">   --->   Core 73 'Sel' <Latency = 0> <II = 1> <Delay = 0.44> <FuncUnit> <Opcode : 'select'> <InPorts = 3> <OutPorts = 1>
ST_3 : Operation 130 [1/1] (0.00ns)   --->   "%zext_ln51_4 = zext i14 %select_ln51_4" [firmware/nnet_utils/nnet_activation_stream.h:51]   --->   Operation 130 'zext' 'zext_ln51_4' <Predicate = true> <Delay = 0.00>
ST_3 : Operation 131 [1/1] (0.00ns)   --->   "%shl_ln52_5 = bitconcatenate i14 @_ssdm_op_BitConcatenate.i14.i8.i6, i8 %tmp_9, i6 0" [firmware/nnet_utils/nnet_activation_stream.h:52]   --->   Operation 131 'bitconcatenate' 'shl_ln52_5' <Predicate = (icmp_ln51_9)> <Delay = 0.00>
ST_3 : Operation 132 [1/1] (0.44ns)   --->   "%select_ln51_5 = select i1 %icmp_ln51_9, i14 %shl_ln52_5, i14 0" [firmware/nnet_utils/nnet_activation_stream.h:51]   --->   Operation 132 'select' 'select_ln51_5' <Predicate = true> <Delay = 0.44> <CoreInst = "Sel">   --->   Core 73 'Sel' <Latency = 0> <II = 1> <Delay = 0.44> <FuncUnit> <Opcode : 'select'> <InPorts = 3> <OutPorts = 1>
ST_3 : Operation 133 [1/1] (0.00ns)   --->   "%zext_ln51_5 = zext i14 %select_ln51_5" [firmware/nnet_utils/nnet_activation_stream.h:51]   --->   Operation 133 'zext' 'zext_ln51_5' <Predicate = true> <Delay = 0.00>
ST_3 : Operation 134 [1/1] (0.00ns)   --->   "%shl_ln52_6 = bitconcatenate i14 @_ssdm_op_BitConcatenate.i14.i8.i6, i8 %tmp_s, i6 0" [firmware/nnet_utils/nnet_activation_stream.h:52]   --->   Operation 134 'bitconcatenate' 'shl_ln52_6' <Predicate = (icmp_ln51_10)> <Delay = 0.00>
ST_3 : Operation 135 [1/1] (0.44ns)   --->   "%select_ln51_6 = select i1 %icmp_ln51_10, i14 %shl_ln52_6, i14 0" [firmware/nnet_utils/nnet_activation_stream.h:51]   --->   Operation 135 'select' 'select_ln51_6' <Predicate = true> <Delay = 0.44> <CoreInst = "Sel">   --->   Core 73 'Sel' <Latency = 0> <II = 1> <Delay = 0.44> <FuncUnit> <Opcode : 'select'> <InPorts = 3> <OutPorts = 1>
ST_3 : Operation 136 [1/1] (0.00ns)   --->   "%zext_ln51_6 = zext i14 %select_ln51_6" [firmware/nnet_utils/nnet_activation_stream.h:51]   --->   Operation 136 'zext' 'zext_ln51_6' <Predicate = true> <Delay = 0.00>
ST_3 : Operation 137 [1/1] (0.00ns)   --->   "%shl_ln52_7 = bitconcatenate i14 @_ssdm_op_BitConcatenate.i14.i8.i6, i8 %tmp_10, i6 0" [firmware/nnet_utils/nnet_activation_stream.h:52]   --->   Operation 137 'bitconcatenate' 'shl_ln52_7' <Predicate = (icmp_ln51_11)> <Delay = 0.00>
ST_3 : Operation 138 [1/1] (0.44ns)   --->   "%select_ln51_7 = select i1 %icmp_ln51_11, i14 %shl_ln52_7, i14 0" [firmware/nnet_utils/nnet_activation_stream.h:51]   --->   Operation 138 'select' 'select_ln51_7' <Predicate = true> <Delay = 0.44> <CoreInst = "Sel">   --->   Core 73 'Sel' <Latency = 0> <II = 1> <Delay = 0.44> <FuncUnit> <Opcode : 'select'> <InPorts = 3> <OutPorts = 1>
ST_3 : Operation 139 [1/1] (0.00ns)   --->   "%zext_ln51_7 = zext i14 %select_ln51_7" [firmware/nnet_utils/nnet_activation_stream.h:51]   --->   Operation 139 'zext' 'zext_ln51_7' <Predicate = true> <Delay = 0.00>
ST_3 : Operation 140 [1/1] (0.00ns)   --->   "%shl_ln52_8 = bitconcatenate i14 @_ssdm_op_BitConcatenate.i14.i8.i6, i8 %tmp_11, i6 0" [firmware/nnet_utils/nnet_activation_stream.h:52]   --->   Operation 140 'bitconcatenate' 'shl_ln52_8' <Predicate = (icmp_ln51_12)> <Delay = 0.00>
ST_3 : Operation 141 [1/1] (0.44ns)   --->   "%select_ln51_8 = select i1 %icmp_ln51_12, i14 %shl_ln52_8, i14 0" [firmware/nnet_utils/nnet_activation_stream.h:51]   --->   Operation 141 'select' 'select_ln51_8' <Predicate = true> <Delay = 0.44> <CoreInst = "Sel">   --->   Core 73 'Sel' <Latency = 0> <II = 1> <Delay = 0.44> <FuncUnit> <Opcode : 'select'> <InPorts = 3> <OutPorts = 1>
ST_3 : Operation 142 [1/1] (0.00ns)   --->   "%zext_ln51_8 = zext i14 %select_ln51_8" [firmware/nnet_utils/nnet_activation_stream.h:51]   --->   Operation 142 'zext' 'zext_ln51_8' <Predicate = true> <Delay = 0.00>
ST_3 : Operation 143 [1/1] (0.00ns)   --->   "%shl_ln52_9 = bitconcatenate i14 @_ssdm_op_BitConcatenate.i14.i8.i6, i8 %tmp_12, i6 0" [firmware/nnet_utils/nnet_activation_stream.h:52]   --->   Operation 143 'bitconcatenate' 'shl_ln52_9' <Predicate = (icmp_ln51_13)> <Delay = 0.00>
ST_3 : Operation 144 [1/1] (0.44ns)   --->   "%select_ln51_9 = select i1 %icmp_ln51_13, i14 %shl_ln52_9, i14 0" [firmware/nnet_utils/nnet_activation_stream.h:51]   --->   Operation 144 'select' 'select_ln51_9' <Predicate = true> <Delay = 0.44> <CoreInst = "Sel">   --->   Core 73 'Sel' <Latency = 0> <II = 1> <Delay = 0.44> <FuncUnit> <Opcode : 'select'> <InPorts = 3> <OutPorts = 1>
ST_3 : Operation 145 [1/1] (0.00ns)   --->   "%zext_ln51_9 = zext i14 %select_ln51_9" [firmware/nnet_utils/nnet_activation_stream.h:51]   --->   Operation 145 'zext' 'zext_ln51_9' <Predicate = true> <Delay = 0.00>
ST_3 : Operation 146 [1/1] (0.00ns)   --->   "%shl_ln52_s = bitconcatenate i14 @_ssdm_op_BitConcatenate.i14.i8.i6, i8 %tmp_13, i6 0" [firmware/nnet_utils/nnet_activation_stream.h:52]   --->   Operation 146 'bitconcatenate' 'shl_ln52_s' <Predicate = (icmp_ln51_14)> <Delay = 0.00>
ST_3 : Operation 147 [1/1] (0.44ns)   --->   "%select_ln51_10 = select i1 %icmp_ln51_14, i14 %shl_ln52_s, i14 0" [firmware/nnet_utils/nnet_activation_stream.h:51]   --->   Operation 147 'select' 'select_ln51_10' <Predicate = true> <Delay = 0.44> <CoreInst = "Sel">   --->   Core 73 'Sel' <Latency = 0> <II = 1> <Delay = 0.44> <FuncUnit> <Opcode : 'select'> <InPorts = 3> <OutPorts = 1>
ST_3 : Operation 148 [1/1] (0.00ns)   --->   "%zext_ln51_10 = zext i14 %select_ln51_10" [firmware/nnet_utils/nnet_activation_stream.h:51]   --->   Operation 148 'zext' 'zext_ln51_10' <Predicate = true> <Delay = 0.00>
ST_3 : Operation 149 [1/1] (0.00ns)   --->   "%shl_ln52_10 = bitconcatenate i14 @_ssdm_op_BitConcatenate.i14.i8.i6, i8 %tmp_14, i6 0" [firmware/nnet_utils/nnet_activation_stream.h:52]   --->   Operation 149 'bitconcatenate' 'shl_ln52_10' <Predicate = (icmp_ln51_15)> <Delay = 0.00>
ST_3 : Operation 150 [1/1] (0.44ns)   --->   "%select_ln51_11 = select i1 %icmp_ln51_15, i14 %shl_ln52_10, i14 0" [firmware/nnet_utils/nnet_activation_stream.h:51]   --->   Operation 150 'select' 'select_ln51_11' <Predicate = true> <Delay = 0.44> <CoreInst = "Sel">   --->   Core 73 'Sel' <Latency = 0> <II = 1> <Delay = 0.44> <FuncUnit> <Opcode : 'select'> <InPorts = 3> <OutPorts = 1>
ST_3 : Operation 151 [1/1] (0.00ns)   --->   "%zext_ln51_11 = zext i14 %select_ln51_11" [firmware/nnet_utils/nnet_activation_stream.h:51]   --->   Operation 151 'zext' 'zext_ln51_11' <Predicate = true> <Delay = 0.00>
ST_3 : Operation 152 [1/1] (0.00ns)   --->   "%shl_ln52_11 = bitconcatenate i14 @_ssdm_op_BitConcatenate.i14.i8.i6, i8 %tmp_15, i6 0" [firmware/nnet_utils/nnet_activation_stream.h:52]   --->   Operation 152 'bitconcatenate' 'shl_ln52_11' <Predicate = (icmp_ln51_16)> <Delay = 0.00>
ST_3 : Operation 153 [1/1] (0.44ns)   --->   "%select_ln51_12 = select i1 %icmp_ln51_16, i14 %shl_ln52_11, i14 0" [firmware/nnet_utils/nnet_activation_stream.h:51]   --->   Operation 153 'select' 'select_ln51_12' <Predicate = true> <Delay = 0.44> <CoreInst = "Sel">   --->   Core 73 'Sel' <Latency = 0> <II = 1> <Delay = 0.44> <FuncUnit> <Opcode : 'select'> <InPorts = 3> <OutPorts = 1>
ST_3 : Operation 154 [1/1] (0.00ns)   --->   "%zext_ln51_12 = zext i14 %select_ln51_12" [firmware/nnet_utils/nnet_activation_stream.h:51]   --->   Operation 154 'zext' 'zext_ln51_12' <Predicate = true> <Delay = 0.00>
ST_3 : Operation 155 [1/1] (0.00ns)   --->   "%shl_ln52_12 = bitconcatenate i14 @_ssdm_op_BitConcatenate.i14.i8.i6, i8 %tmp_16, i6 0" [firmware/nnet_utils/nnet_activation_stream.h:52]   --->   Operation 155 'bitconcatenate' 'shl_ln52_12' <Predicate = (icmp_ln51_17)> <Delay = 0.00>
ST_3 : Operation 156 [1/1] (0.44ns)   --->   "%select_ln51_13 = select i1 %icmp_ln51_17, i14 %shl_ln52_12, i14 0" [firmware/nnet_utils/nnet_activation_stream.h:51]   --->   Operation 156 'select' 'select_ln51_13' <Predicate = true> <Delay = 0.44> <CoreInst = "Sel">   --->   Core 73 'Sel' <Latency = 0> <II = 1> <Delay = 0.44> <FuncUnit> <Opcode : 'select'> <InPorts = 3> <OutPorts = 1>
ST_3 : Operation 157 [1/1] (0.00ns)   --->   "%zext_ln51_13 = zext i14 %select_ln51_13" [firmware/nnet_utils/nnet_activation_stream.h:51]   --->   Operation 157 'zext' 'zext_ln51_13' <Predicate = true> <Delay = 0.00>
ST_3 : Operation 158 [1/1] (0.00ns)   --->   "%shl_ln52_13 = bitconcatenate i14 @_ssdm_op_BitConcatenate.i14.i8.i6, i8 %tmp_17, i6 0" [firmware/nnet_utils/nnet_activation_stream.h:52]   --->   Operation 158 'bitconcatenate' 'shl_ln52_13' <Predicate = (icmp_ln51_18)> <Delay = 0.00>
ST_3 : Operation 159 [1/1] (0.44ns)   --->   "%select_ln51_14 = select i1 %icmp_ln51_18, i14 %shl_ln52_13, i14 0" [firmware/nnet_utils/nnet_activation_stream.h:51]   --->   Operation 159 'select' 'select_ln51_14' <Predicate = true> <Delay = 0.44> <CoreInst = "Sel">   --->   Core 73 'Sel' <Latency = 0> <II = 1> <Delay = 0.44> <FuncUnit> <Opcode : 'select'> <InPorts = 3> <OutPorts = 1>
ST_3 : Operation 160 [1/1] (0.00ns)   --->   "%zext_ln51_14 = zext i14 %select_ln51_14" [firmware/nnet_utils/nnet_activation_stream.h:51]   --->   Operation 160 'zext' 'zext_ln51_14' <Predicate = true> <Delay = 0.00>
ST_3 : Operation 161 [1/1] (0.00ns)   --->   "%shl_ln52_14 = bitconcatenate i14 @_ssdm_op_BitConcatenate.i14.i8.i6, i8 %tmp_18, i6 0" [firmware/nnet_utils/nnet_activation_stream.h:52]   --->   Operation 161 'bitconcatenate' 'shl_ln52_14' <Predicate = (icmp_ln51_19)> <Delay = 0.00>
ST_3 : Operation 162 [1/1] (0.44ns)   --->   "%select_ln51_15 = select i1 %icmp_ln51_19, i14 %shl_ln52_14, i14 0" [firmware/nnet_utils/nnet_activation_stream.h:51]   --->   Operation 162 'select' 'select_ln51_15' <Predicate = true> <Delay = 0.44> <CoreInst = "Sel">   --->   Core 73 'Sel' <Latency = 0> <II = 1> <Delay = 0.44> <FuncUnit> <Opcode : 'select'> <InPorts = 3> <OutPorts = 1>
ST_3 : Operation 163 [1/1] (0.00ns)   --->   "%zext_ln51_15 = zext i14 %select_ln51_15" [firmware/nnet_utils/nnet_activation_stream.h:51]   --->   Operation 163 'zext' 'zext_ln51_15' <Predicate = true> <Delay = 0.00>
ST_3 : Operation 164 [1/1] (0.00ns)   --->   "%shl_ln52_15 = bitconcatenate i14 @_ssdm_op_BitConcatenate.i14.i8.i6, i8 %tmp_19, i6 0" [firmware/nnet_utils/nnet_activation_stream.h:52]   --->   Operation 164 'bitconcatenate' 'shl_ln52_15' <Predicate = (icmp_ln51_20)> <Delay = 0.00>
ST_3 : Operation 165 [1/1] (0.44ns)   --->   "%select_ln51_16 = select i1 %icmp_ln51_20, i14 %shl_ln52_15, i14 0" [firmware/nnet_utils/nnet_activation_stream.h:51]   --->   Operation 165 'select' 'select_ln51_16' <Predicate = true> <Delay = 0.44> <CoreInst = "Sel">   --->   Core 73 'Sel' <Latency = 0> <II = 1> <Delay = 0.44> <FuncUnit> <Opcode : 'select'> <InPorts = 3> <OutPorts = 1>
ST_3 : Operation 166 [1/1] (0.00ns)   --->   "%zext_ln51_16 = zext i14 %select_ln51_16" [firmware/nnet_utils/nnet_activation_stream.h:51]   --->   Operation 166 'zext' 'zext_ln51_16' <Predicate = true> <Delay = 0.00>
ST_3 : Operation 167 [1/1] (0.00ns)   --->   "%shl_ln52_16 = bitconcatenate i14 @_ssdm_op_BitConcatenate.i14.i8.i6, i8 %tmp_20, i6 0" [firmware/nnet_utils/nnet_activation_stream.h:52]   --->   Operation 167 'bitconcatenate' 'shl_ln52_16' <Predicate = (icmp_ln51_21)> <Delay = 0.00>
ST_3 : Operation 168 [1/1] (0.44ns)   --->   "%select_ln51_17 = select i1 %icmp_ln51_21, i14 %shl_ln52_16, i14 0" [firmware/nnet_utils/nnet_activation_stream.h:51]   --->   Operation 168 'select' 'select_ln51_17' <Predicate = true> <Delay = 0.44> <CoreInst = "Sel">   --->   Core 73 'Sel' <Latency = 0> <II = 1> <Delay = 0.44> <FuncUnit> <Opcode : 'select'> <InPorts = 3> <OutPorts = 1>
ST_3 : Operation 169 [1/1] (0.00ns)   --->   "%zext_ln51_17 = zext i14 %select_ln51_17" [firmware/nnet_utils/nnet_activation_stream.h:51]   --->   Operation 169 'zext' 'zext_ln51_17' <Predicate = true> <Delay = 0.00>
ST_3 : Operation 170 [1/1] (0.00ns)   --->   "%shl_ln52_17 = bitconcatenate i14 @_ssdm_op_BitConcatenate.i14.i8.i6, i8 %tmp_21, i6 0" [firmware/nnet_utils/nnet_activation_stream.h:52]   --->   Operation 170 'bitconcatenate' 'shl_ln52_17' <Predicate = (icmp_ln51_22)> <Delay = 0.00>
ST_3 : Operation 171 [1/1] (0.44ns)   --->   "%select_ln51_18 = select i1 %icmp_ln51_22, i14 %shl_ln52_17, i14 0" [firmware/nnet_utils/nnet_activation_stream.h:51]   --->   Operation 171 'select' 'select_ln51_18' <Predicate = true> <Delay = 0.44> <CoreInst = "Sel">   --->   Core 73 'Sel' <Latency = 0> <II = 1> <Delay = 0.44> <FuncUnit> <Opcode : 'select'> <InPorts = 3> <OutPorts = 1>
ST_3 : Operation 172 [1/1] (0.00ns)   --->   "%zext_ln51_18 = zext i14 %select_ln51_18" [firmware/nnet_utils/nnet_activation_stream.h:51]   --->   Operation 172 'zext' 'zext_ln51_18' <Predicate = true> <Delay = 0.00>
ST_3 : Operation 173 [1/1] (0.00ns)   --->   "%shl_ln52_18 = bitconcatenate i14 @_ssdm_op_BitConcatenate.i14.i8.i6, i8 %tmp_22, i6 0" [firmware/nnet_utils/nnet_activation_stream.h:52]   --->   Operation 173 'bitconcatenate' 'shl_ln52_18' <Predicate = (icmp_ln51_23)> <Delay = 0.00>
ST_3 : Operation 174 [1/1] (0.44ns)   --->   "%select_ln51_19 = select i1 %icmp_ln51_23, i14 %shl_ln52_18, i14 0" [firmware/nnet_utils/nnet_activation_stream.h:51]   --->   Operation 174 'select' 'select_ln51_19' <Predicate = true> <Delay = 0.44> <CoreInst = "Sel">   --->   Core 73 'Sel' <Latency = 0> <II = 1> <Delay = 0.44> <FuncUnit> <Opcode : 'select'> <InPorts = 3> <OutPorts = 1>
ST_3 : Operation 175 [1/1] (0.00ns)   --->   "%zext_ln51_19 = zext i14 %select_ln51_19" [firmware/nnet_utils/nnet_activation_stream.h:51]   --->   Operation 175 'zext' 'zext_ln51_19' <Predicate = true> <Delay = 0.00>
ST_3 : Operation 176 [1/1] (0.00ns)   --->   "%shl_ln52_19 = bitconcatenate i14 @_ssdm_op_BitConcatenate.i14.i8.i6, i8 %tmp_23, i6 0" [firmware/nnet_utils/nnet_activation_stream.h:52]   --->   Operation 176 'bitconcatenate' 'shl_ln52_19' <Predicate = (icmp_ln51_24)> <Delay = 0.00>
ST_3 : Operation 177 [1/1] (0.44ns)   --->   "%select_ln51_20 = select i1 %icmp_ln51_24, i14 %shl_ln52_19, i14 0" [firmware/nnet_utils/nnet_activation_stream.h:51]   --->   Operation 177 'select' 'select_ln51_20' <Predicate = true> <Delay = 0.44> <CoreInst = "Sel">   --->   Core 73 'Sel' <Latency = 0> <II = 1> <Delay = 0.44> <FuncUnit> <Opcode : 'select'> <InPorts = 3> <OutPorts = 1>
ST_3 : Operation 178 [1/1] (0.00ns)   --->   "%zext_ln51_20 = zext i14 %select_ln51_20" [firmware/nnet_utils/nnet_activation_stream.h:51]   --->   Operation 178 'zext' 'zext_ln51_20' <Predicate = true> <Delay = 0.00>
ST_3 : Operation 179 [1/1] (0.00ns)   --->   "%shl_ln52_20 = bitconcatenate i14 @_ssdm_op_BitConcatenate.i14.i8.i6, i8 %tmp_24, i6 0" [firmware/nnet_utils/nnet_activation_stream.h:52]   --->   Operation 179 'bitconcatenate' 'shl_ln52_20' <Predicate = (icmp_ln51_25)> <Delay = 0.00>
ST_3 : Operation 180 [1/1] (0.44ns)   --->   "%select_ln51_21 = select i1 %icmp_ln51_25, i14 %shl_ln52_20, i14 0" [firmware/nnet_utils/nnet_activation_stream.h:51]   --->   Operation 180 'select' 'select_ln51_21' <Predicate = true> <Delay = 0.44> <CoreInst = "Sel">   --->   Core 73 'Sel' <Latency = 0> <II = 1> <Delay = 0.44> <FuncUnit> <Opcode : 'select'> <InPorts = 3> <OutPorts = 1>
ST_3 : Operation 181 [1/1] (0.00ns)   --->   "%zext_ln51_21 = zext i14 %select_ln51_21" [firmware/nnet_utils/nnet_activation_stream.h:51]   --->   Operation 181 'zext' 'zext_ln51_21' <Predicate = true> <Delay = 0.00>
ST_3 : Operation 182 [1/1] (0.00ns)   --->   "%shl_ln52_21 = bitconcatenate i14 @_ssdm_op_BitConcatenate.i14.i8.i6, i8 %tmp_25, i6 0" [firmware/nnet_utils/nnet_activation_stream.h:52]   --->   Operation 182 'bitconcatenate' 'shl_ln52_21' <Predicate = (icmp_ln51_26)> <Delay = 0.00>
ST_3 : Operation 183 [1/1] (0.44ns)   --->   "%select_ln51_22 = select i1 %icmp_ln51_26, i14 %shl_ln52_21, i14 0" [firmware/nnet_utils/nnet_activation_stream.h:51]   --->   Operation 183 'select' 'select_ln51_22' <Predicate = true> <Delay = 0.44> <CoreInst = "Sel">   --->   Core 73 'Sel' <Latency = 0> <II = 1> <Delay = 0.44> <FuncUnit> <Opcode : 'select'> <InPorts = 3> <OutPorts = 1>
ST_3 : Operation 184 [1/1] (0.00ns)   --->   "%zext_ln51_22 = zext i14 %select_ln51_22" [firmware/nnet_utils/nnet_activation_stream.h:51]   --->   Operation 184 'zext' 'zext_ln51_22' <Predicate = true> <Delay = 0.00>
ST_3 : Operation 185 [1/1] (0.00ns)   --->   "%shl_ln52_22 = bitconcatenate i14 @_ssdm_op_BitConcatenate.i14.i8.i6, i8 %tmp_26, i6 0" [firmware/nnet_utils/nnet_activation_stream.h:52]   --->   Operation 185 'bitconcatenate' 'shl_ln52_22' <Predicate = (icmp_ln51_27)> <Delay = 0.00>
ST_3 : Operation 186 [1/1] (0.44ns)   --->   "%select_ln51_23 = select i1 %icmp_ln51_27, i14 %shl_ln52_22, i14 0" [firmware/nnet_utils/nnet_activation_stream.h:51]   --->   Operation 186 'select' 'select_ln51_23' <Predicate = true> <Delay = 0.44> <CoreInst = "Sel">   --->   Core 73 'Sel' <Latency = 0> <II = 1> <Delay = 0.44> <FuncUnit> <Opcode : 'select'> <InPorts = 3> <OutPorts = 1>
ST_3 : Operation 187 [1/1] (0.00ns)   --->   "%or_ln57_s = bitconcatenate i446 @_ssdm_op_BitConcatenate.i446.i14.i16.i16.i16.i16.i16.i16.i16.i16.i16.i16.i16.i16.i16.i16.i16.i16.i16.i16.i16.i16.i16.i16.i16.i16.i16.i16.i16, i14 %select_ln51_23, i16 %zext_ln51_22, i16 %zext_ln51_21, i16 %zext_ln51_20, i16 %zext_ln51_19, i16 %zext_ln51_18, i16 %zext_ln51_17, i16 %zext_ln51_16, i16 %zext_ln51_15, i16 %zext_ln51_14, i16 %zext_ln51_13, i16 %zext_ln51_12, i16 %zext_ln51_11, i16 %zext_ln51_10, i16 %zext_ln51_9, i16 %zext_ln51_8, i16 %zext_ln51_7, i16 %zext_ln51_6, i16 %zext_ln51_5, i16 %zext_ln51_4, i16 %zext_ln51_3, i16 %zext_ln51_2, i16 %zext_ln51_1, i16 %zext_ln51, i16 %zext_ln45_3, i16 %zext_ln45_2, i16 %zext_ln45_1, i16 %zext_ln45" [firmware/nnet_utils/nnet_activation_stream.h:57]   --->   Operation 187 'bitconcatenate' 'or_ln57_s' <Predicate = true> <Delay = 0.00>
ST_3 : Operation 188 [1/1] (0.00ns)   --->   "%zext_ln57 = zext i446 %or_ln57_s" [firmware/nnet_utils/nnet_activation_stream.h:57]   --->   Operation 188 'zext' 'zext_ln57' <Predicate = true> <Delay = 0.00>
ST_3 : Operation 189 [1/1] (1.63ns)   --->   "%write_ln57 = write void @_ssdm_op_Write.ap_fifo.volatile.i448P0A, i448 %layer4x4_out, i448 %zext_ln57" [firmware/nnet_utils/nnet_activation_stream.h:57]   --->   Operation 189 'write' 'write_ln57' <Predicate = true> <Delay = 1.63> <CoreInst = "FIFO">   --->   Core 78 'FIFO' <Latency = 0> <II = 1> <Delay = 1.63> <Storage> <Opcode : 'read' 'write' 'nbread' 'nbwrite'> <Ports = 0> <Width = 448> <Depth = 4> <FIFO>
ST_3 : Operation 190 [1/1] (0.00ns)   --->   "%br_ln41 = br void %ReLUPackLoop" [firmware/nnet_utils/nnet_activation_stream.h:41]   --->   Operation 190 'br' 'br_ln41' <Predicate = true> <Delay = 0.00>


============================================================
+ Verbose Summary: Binding
============================================================
STG Binding: 
---------------- STG Properties BEGIN ----------------
- Is combinational: 0
- Is one-state seq: 0
- Is datapath-only: 0
- Is pipelined: 0
- Is top level: 0
Port [ Return ] is wired: 1; IO mode=ap_ctrl_hs:ce=0
Port [ layer3x4_out]:  wired=1; compound=1; hidden=0; nouse=0; global=0; static=0; extern=0; dir=0; type=3; pingpong=0; private_global=0; IO mode=ap_fifo:ce=0
Port [ layer4x4_out]:  wired=1; compound=1; hidden=0; nouse=0; global=0; static=0; extern=0; dir=1; type=3; pingpong=0; private_global=0; IO mode=ap_fifo:ce=0
---------------- STG Properties END ------------------

---------------- Datapath Model BEGIN ----------------

<LifeTime>
<method=bitvector/>
i                      (alloca           ) [ 0100]
specinterface_ln0      (specinterface    ) [ 0000]
specinterface_ln0      (specinterface    ) [ 0000]
store_ln41             (store            ) [ 0000]
br_ln41                (br               ) [ 0000]
i_3                    (load             ) [ 0000]
icmp_ln41              (icmp             ) [ 0110]
i_4                    (add              ) [ 0000]
br_ln41                (br               ) [ 0000]
store_ln41             (store            ) [ 0000]
layer3x4_out_read      (read             ) [ 0000]
trunc_ln44             (trunc            ) [ 0000]
trunc_ln44_1           (partselect       ) [ 0000]
trunc_ln44_2           (partselect       ) [ 0000]
trunc_ln44_3           (partselect       ) [ 0000]
trunc_ln44_4           (partselect       ) [ 0000]
trunc_ln44_5           (partselect       ) [ 0000]
trunc_ln44_6           (partselect       ) [ 0000]
trunc_ln44_7           (partselect       ) [ 0000]
trunc_ln44_8           (partselect       ) [ 0000]
trunc_ln44_9           (partselect       ) [ 0000]
trunc_ln44_s           (partselect       ) [ 0000]
trunc_ln44_10          (partselect       ) [ 0000]
trunc_ln44_11          (partselect       ) [ 0000]
trunc_ln44_12          (partselect       ) [ 0000]
trunc_ln44_13          (partselect       ) [ 0000]
trunc_ln44_14          (partselect       ) [ 0000]
trunc_ln44_15          (partselect       ) [ 0000]
trunc_ln44_16          (partselect       ) [ 0000]
trunc_ln44_17          (partselect       ) [ 0000]
trunc_ln44_18          (partselect       ) [ 0000]
trunc_ln44_19          (partselect       ) [ 0000]
trunc_ln44_20          (partselect       ) [ 0000]
trunc_ln44_21          (partselect       ) [ 0000]
trunc_ln44_22          (partselect       ) [ 0000]
trunc_ln44_23          (partselect       ) [ 0000]
trunc_ln44_24          (partselect       ) [ 0000]
trunc_ln44_25          (partselect       ) [ 0000]
trunc_ln44_26          (partselect       ) [ 0000]
icmp_ln51              (icmp             ) [ 0101]
trunc_ln52             (trunc            ) [ 0101]
icmp_ln51_1            (icmp             ) [ 0101]
tmp_1                  (partselect       ) [ 0101]
icmp_ln51_2            (icmp             ) [ 0101]
tmp_2                  (partselect       ) [ 0101]
icmp_ln51_3            (icmp             ) [ 0101]
tmp_3                  (partselect       ) [ 0101]
icmp_ln51_4            (icmp             ) [ 0101]
tmp_4                  (partselect       ) [ 0101]
icmp_ln51_5            (icmp             ) [ 0101]
tmp_5                  (partselect       ) [ 0101]
icmp_ln51_6            (icmp             ) [ 0101]
tmp_6                  (partselect       ) [ 0101]
icmp_ln51_7            (icmp             ) [ 0101]
tmp_7                  (partselect       ) [ 0101]
icmp_ln51_8            (icmp             ) [ 0101]
tmp_8                  (partselect       ) [ 0101]
icmp_ln51_9            (icmp             ) [ 0101]
tmp_9                  (partselect       ) [ 0101]
icmp_ln51_10           (icmp             ) [ 0101]
tmp_s                  (partselect       ) [ 0101]
icmp_ln51_11           (icmp             ) [ 0101]
tmp_10                 (partselect       ) [ 0101]
icmp_ln51_12           (icmp             ) [ 0101]
tmp_11                 (partselect       ) [ 0101]
icmp_ln51_13           (icmp             ) [ 0101]
tmp_12                 (partselect       ) [ 0101]
icmp_ln51_14           (icmp             ) [ 0101]
tmp_13                 (partselect       ) [ 0101]
icmp_ln51_15           (icmp             ) [ 0101]
tmp_14                 (partselect       ) [ 0101]
icmp_ln51_16           (icmp             ) [ 0101]
tmp_15                 (partselect       ) [ 0101]
icmp_ln51_17           (icmp             ) [ 0101]
tmp_16                 (partselect       ) [ 0101]
icmp_ln51_18           (icmp             ) [ 0101]
tmp_17                 (partselect       ) [ 0101]
icmp_ln51_19           (icmp             ) [ 0101]
tmp_18                 (partselect       ) [ 0101]
icmp_ln51_20           (icmp             ) [ 0101]
tmp_19                 (partselect       ) [ 0101]
icmp_ln51_21           (icmp             ) [ 0101]
tmp_20                 (partselect       ) [ 0101]
icmp_ln51_22           (icmp             ) [ 0101]
tmp_21                 (partselect       ) [ 0101]
icmp_ln51_23           (icmp             ) [ 0101]
tmp_22                 (partselect       ) [ 0101]
icmp_ln51_24           (icmp             ) [ 0101]
tmp_23                 (partselect       ) [ 0101]
icmp_ln51_25           (icmp             ) [ 0101]
tmp_24                 (partselect       ) [ 0101]
icmp_ln51_26           (icmp             ) [ 0101]
tmp_25                 (partselect       ) [ 0101]
icmp_ln51_27           (icmp             ) [ 0101]
tmp_26                 (partselect       ) [ 0101]
specpipeline_ln42      (specpipeline     ) [ 0000]
speclooptripcount_ln41 (speclooptripcount) [ 0000]
specloopname_ln41      (specloopname     ) [ 0000]
out_data               (bitconcatenate   ) [ 0000]
out_data_1             (select           ) [ 0000]
zext_ln45              (zext             ) [ 0000]
out_data_2             (bitconcatenate   ) [ 0000]
out_data_3             (select           ) [ 0000]
zext_ln45_1            (zext             ) [ 0000]
out_data_4             (bitconcatenate   ) [ 0000]
out_data_5             (select           ) [ 0000]
zext_ln45_2            (zext             ) [ 0000]
out_data_6             (bitconcatenate   ) [ 0000]
out_data_7             (select           ) [ 0000]
zext_ln45_3            (zext             ) [ 0000]
shl_ln                 (bitconcatenate   ) [ 0000]
select_ln51            (select           ) [ 0000]
zext_ln51              (zext             ) [ 0000]
shl_ln52_1             (bitconcatenate   ) [ 0000]
select_ln51_1          (select           ) [ 0000]
zext_ln51_1            (zext             ) [ 0000]
shl_ln52_2             (bitconcatenate   ) [ 0000]
select_ln51_2          (select           ) [ 0000]
zext_ln51_2            (zext             ) [ 0000]
shl_ln52_3             (bitconcatenate   ) [ 0000]
select_ln51_3          (select           ) [ 0000]
zext_ln51_3            (zext             ) [ 0000]
shl_ln52_4             (bitconcatenate   ) [ 0000]
select_ln51_4          (select           ) [ 0000]
zext_ln51_4            (zext             ) [ 0000]
shl_ln52_5             (bitconcatenate   ) [ 0000]
select_ln51_5          (select           ) [ 0000]
zext_ln51_5            (zext             ) [ 0000]
shl_ln52_6             (bitconcatenate   ) [ 0000]
select_ln51_6          (select           ) [ 0000]
zext_ln51_6            (zext             ) [ 0000]
shl_ln52_7             (bitconcatenate   ) [ 0000]
select_ln51_7          (select           ) [ 0000]
zext_ln51_7            (zext             ) [ 0000]
shl_ln52_8             (bitconcatenate   ) [ 0000]
select_ln51_8          (select           ) [ 0000]
zext_ln51_8            (zext             ) [ 0000]
shl_ln52_9             (bitconcatenate   ) [ 0000]
select_ln51_9          (select           ) [ 0000]
zext_ln51_9            (zext             ) [ 0000]
shl_ln52_s             (bitconcatenate   ) [ 0000]
select_ln51_10         (select           ) [ 0000]
zext_ln51_10           (zext             ) [ 0000]
shl_ln52_10            (bitconcatenate   ) [ 0000]
select_ln51_11         (select           ) [ 0000]
zext_ln51_11           (zext             ) [ 0000]
shl_ln52_11            (bitconcatenate   ) [ 0000]
select_ln51_12         (select           ) [ 0000]
zext_ln51_12           (zext             ) [ 0000]
shl_ln52_12            (bitconcatenate   ) [ 0000]
select_ln51_13         (select           ) [ 0000]
zext_ln51_13           (zext             ) [ 0000]
shl_ln52_13            (bitconcatenate   ) [ 0000]
select_ln51_14         (select           ) [ 0000]
zext_ln51_14           (zext             ) [ 0000]
shl_ln52_14            (bitconcatenate   ) [ 0000]
select_ln51_15         (select           ) [ 0000]
zext_ln51_15           (zext             ) [ 0000]
shl_ln52_15            (bitconcatenate   ) [ 0000]
select_ln51_16         (select           ) [ 0000]
zext_ln51_16           (zext             ) [ 0000]
shl_ln52_16            (bitconcatenate   ) [ 0000]
select_ln51_17         (select           ) [ 0000]
zext_ln51_17           (zext             ) [ 0000]
shl_ln52_17            (bitconcatenate   ) [ 0000]
select_ln51_18         (select           ) [ 0000]
zext_ln51_18           (zext             ) [ 0000]
shl_ln52_18            (bitconcatenate   ) [ 0000]
select_ln51_19         (select           ) [ 0000]
zext_ln51_19           (zext             ) [ 0000]
shl_ln52_19            (bitconcatenate   ) [ 0000]
select_ln51_20         (select           ) [ 0000]
zext_ln51_20           (zext             ) [ 0000]
shl_ln52_20            (bitconcatenate   ) [ 0000]
select_ln51_21         (select           ) [ 0000]
zext_ln51_21           (zext             ) [ 0000]
shl_ln52_21            (bitconcatenate   ) [ 0000]
select_ln51_22         (select           ) [ 0000]
zext_ln51_22           (zext             ) [ 0000]
shl_ln52_22            (bitconcatenate   ) [ 0000]
select_ln51_23         (select           ) [ 0000]
or_ln57_s              (bitconcatenate   ) [ 0000]
zext_ln57              (zext             ) [ 0000]
write_ln57             (write            ) [ 0000]
br_ln41                (br               ) [ 0000]
ret_ln59               (ret              ) [ 0000]
</LifeTime>

<model>

<comp_list>
<comp id="0" class="1000" name="layer3x4_out">
<pin_list>
<pin id="1" dir="1" index="0" bw="1" slack="0"/>
</pin_list>
<bind>
<StgValue><ssdm name="layer3x4_out"/></StgValue>
</bind>
</comp>

<comp id="2" class="1000" name="layer4x4_out">
<pin_list>
<pin id="3" dir="1" index="0" bw="1" slack="0"/>
</pin_list>
<bind>
<StgValue><ssdm name="layer4x4_out"/></StgValue>
</bind>
</comp>

<comp id="4" class="1001" name="const_4">
<pin_list>
<pin id="5" dir="1" index="0" bw="1" slack="0"/>
</pin_list>
<bind>
<StgValue><ssdm name=""/></StgValue>
</bind>
</comp>

<comp id="6" class="1001" name="const_6">
<pin_list>
<pin id="7" dir="1" index="0" bw="1" slack="2147483647"/>
</pin_list>
<bind>
<StgValue><ssdm name="_ssdm_op_SpecInterface"/></StgValue>
</bind>
</comp>

<comp id="8" class="1001" name="const_8">
<pin_list>
<pin id="9" dir="1" index="0" bw="1" slack="2147483647"/>
</pin_list>
<bind>
<StgValue><ssdm name="empty_9"/></StgValue>
</bind>
</comp>

<comp id="10" class="1001" name="const_10">
<pin_list>
<pin id="11" dir="1" index="0" bw="1" slack="2147483647"/>
</pin_list>
<bind>
<StgValue><ssdm name=""/></StgValue>
</bind>
</comp>

<comp id="12" class="1001" name="const_12">
<pin_list>
<pin id="13" dir="1" index="0" bw="1" slack="2147483647"/>
</pin_list>
<bind>
<StgValue><ssdm name="empty_0"/></StgValue>
</bind>
</comp>

<comp id="14" class="1001" name="const_14">
<pin_list>
<pin id="15" dir="1" index="0" bw="1" slack="2147483647"/>
</pin_list>
<bind>
<StgValue><ssdm name=""/></StgValue>
</bind>
</comp>

<comp id="16" class="1001" name="const_16">
<pin_list>
<pin id="17" dir="1" index="0" bw="1" slack="0"/>
</pin_list>
<bind>
<StgValue><ssdm name=""/></StgValue>
</bind>
</comp>

<comp id="18" class="1001" name="const_18">
<pin_list>
<pin id="19" dir="1" index="0" bw="1" slack="0"/>
</pin_list>
<bind>
<StgValue><ssdm name=""/></StgValue>
</bind>
</comp>

<comp id="20" class="1001" name="const_20">
<pin_list>
<pin id="21" dir="1" index="0" bw="1" slack="0"/>
</pin_list>
<bind>
<StgValue><ssdm name=""/></StgValue>
</bind>
</comp>

<comp id="22" class="1001" name="const_22">
<pin_list>
<pin id="23" dir="1" index="0" bw="1" slack="0"/>
</pin_list>
<bind>
<StgValue><ssdm name="_ssdm_op_Read.ap_fifo.volatile.i252P0A"/></StgValue>
</bind>
</comp>

<comp id="24" class="1001" name="const_24">
<pin_list>
<pin id="25" dir="1" index="0" bw="1" slack="0"/>
</pin_list>
<bind>
<StgValue><ssdm name="_ssdm_op_PartSelect.i9.i252.i32.i32"/></StgValue>
</bind>
</comp>

<comp id="26" class="1001" name="const_26">
<pin_list>
<pin id="27" dir="1" index="0" bw="1" slack="0"/>
</pin_list>
<bind>
<StgValue><ssdm name=""/></StgValue>
</bind>
</comp>

<comp id="28" class="1001" name="const_28">
<pin_list>
<pin id="29" dir="1" index="0" bw="1" slack="0"/>
</pin_list>
<bind>
<StgValue><ssdm name=""/></StgValue>
</bind>
</comp>

<comp id="30" class="1001" name="const_30">
<pin_list>
<pin id="31" dir="1" index="0" bw="1" slack="0"/>
</pin_list>
<bind>
<StgValue><ssdm name=""/></StgValue>
</bind>
</comp>

<comp id="32" class="1001" name="const_32">
<pin_list>
<pin id="33" dir="1" index="0" bw="1" slack="0"/>
</pin_list>
<bind>
<StgValue><ssdm name=""/></StgValue>
</bind>
</comp>

<comp id="34" class="1001" name="const_34">
<pin_list>
<pin id="35" dir="1" index="0" bw="1" slack="0"/>
</pin_list>
<bind>
<StgValue><ssdm name=""/></StgValue>
</bind>
</comp>

<comp id="36" class="1001" name="const_36">
<pin_list>
<pin id="37" dir="1" index="0" bw="1" slack="0"/>
</pin_list>
<bind>
<StgValue><ssdm name=""/></StgValue>
</bind>
</comp>

<comp id="38" class="1001" name="const_38">
<pin_list>
<pin id="39" dir="1" index="0" bw="1" slack="0"/>
</pin_list>
<bind>
<StgValue><ssdm name=""/></StgValue>
</bind>
</comp>

<comp id="40" class="1001" name="const_40">
<pin_list>
<pin id="41" dir="1" index="0" bw="1" slack="0"/>
</pin_list>
<bind>
<StgValue><ssdm name=""/></StgValue>
</bind>
</comp>

<comp id="42" class="1001" name="const_42">
<pin_list>
<pin id="43" dir="1" index="0" bw="1" slack="0"/>
</pin_list>
<bind>
<StgValue><ssdm name=""/></StgValue>
</bind>
</comp>

<comp id="44" class="1001" name="const_44">
<pin_list>
<pin id="45" dir="1" index="0" bw="1" slack="0"/>
</pin_list>
<bind>
<StgValue><ssdm name=""/></StgValue>
</bind>
</comp>

<comp id="46" class="1001" name="const_46">
<pin_list>
<pin id="47" dir="1" index="0" bw="1" slack="0"/>
</pin_list>
<bind>
<StgValue><ssdm name=""/></StgValue>
</bind>
</comp>

<comp id="48" class="1001" name="const_48">
<pin_list>
<pin id="49" dir="1" index="0" bw="1" slack="0"/>
</pin_list>
<bind>
<StgValue><ssdm name=""/></StgValue>
</bind>
</comp>

<comp id="50" class="1001" name="const_50">
<pin_list>
<pin id="51" dir="1" index="0" bw="1" slack="0"/>
</pin_list>
<bind>
<StgValue><ssdm name=""/></StgValue>
</bind>
</comp>

<comp id="52" class="1001" name="const_52">
<pin_list>
<pin id="53" dir="1" index="0" bw="1" slack="0"/>
</pin_list>
<bind>
<StgValue><ssdm name=""/></StgValue>
</bind>
</comp>

<comp id="54" class="1001" name="const_54">
<pin_list>
<pin id="55" dir="1" index="0" bw="1" slack="0"/>
</pin_list>
<bind>
<StgValue><ssdm name=""/></StgValue>
</bind>
</comp>

<comp id="56" class="1001" name="const_56">
<pin_list>
<pin id="57" dir="1" index="0" bw="1" slack="0"/>
</pin_list>
<bind>
<StgValue><ssdm name=""/></StgValue>
</bind>
</comp>

<comp id="58" class="1001" name="const_58">
<pin_list>
<pin id="59" dir="1" index="0" bw="1" slack="0"/>
</pin_list>
<bind>
<StgValue><ssdm name=""/></StgValue>
</bind>
</comp>

<comp id="60" class="1001" name="const_60">
<pin_list>
<pin id="61" dir="1" index="0" bw="1" slack="0"/>
</pin_list>
<bind>
<StgValue><ssdm name=""/></StgValue>
</bind>
</comp>

<comp id="62" class="1001" name="const_62">
<pin_list>
<pin id="63" dir="1" index="0" bw="1" slack="0"/>
</pin_list>
<bind>
<StgValue><ssdm name=""/></StgValue>
</bind>
</comp>

<comp id="64" class="1001" name="const_64">
<pin_list>
<pin id="65" dir="1" index="0" bw="1" slack="0"/>
</pin_list>
<bind>
<StgValue><ssdm name=""/></StgValue>
</bind>
</comp>

<comp id="66" class="1001" name="const_66">
<pin_list>
<pin id="67" dir="1" index="0" bw="1" slack="0"/>
</pin_list>
<bind>
<StgValue><ssdm name=""/></StgValue>
</bind>
</comp>

<comp id="68" class="1001" name="const_68">
<pin_list>
<pin id="69" dir="1" index="0" bw="1" slack="0"/>
</pin_list>
<bind>
<StgValue><ssdm name=""/></StgValue>
</bind>
</comp>

<comp id="70" class="1001" name="const_70">
<pin_list>
<pin id="71" dir="1" index="0" bw="1" slack="0"/>
</pin_list>
<bind>
<StgValue><ssdm name=""/></StgValue>
</bind>
</comp>

<comp id="72" class="1001" name="const_72">
<pin_list>
<pin id="73" dir="1" index="0" bw="1" slack="0"/>
</pin_list>
<bind>
<StgValue><ssdm name=""/></StgValue>
</bind>
</comp>

<comp id="74" class="1001" name="const_74">
<pin_list>
<pin id="75" dir="1" index="0" bw="1" slack="0"/>
</pin_list>
<bind>
<StgValue><ssdm name=""/></StgValue>
</bind>
</comp>

<comp id="76" class="1001" name="const_76">
<pin_list>
<pin id="77" dir="1" index="0" bw="1" slack="0"/>
</pin_list>
<bind>
<StgValue><ssdm name=""/></StgValue>
</bind>
</comp>

<comp id="78" class="1001" name="const_78">
<pin_list>
<pin id="79" dir="1" index="0" bw="1" slack="0"/>
</pin_list>
<bind>
<StgValue><ssdm name=""/></StgValue>
</bind>
</comp>

<comp id="80" class="1001" name="const_80">
<pin_list>
<pin id="81" dir="1" index="0" bw="1" slack="0"/>
</pin_list>
<bind>
<StgValue><ssdm name=""/></StgValue>
</bind>
</comp>

<comp id="82" class="1001" name="const_82">
<pin_list>
<pin id="83" dir="1" index="0" bw="1" slack="0"/>
</pin_list>
<bind>
<StgValue><ssdm name=""/></StgValue>
</bind>
</comp>

<comp id="84" class="1001" name="const_84">
<pin_list>
<pin id="85" dir="1" index="0" bw="1" slack="0"/>
</pin_list>
<bind>
<StgValue><ssdm name=""/></StgValue>
</bind>
</comp>

<comp id="86" class="1001" name="const_86">
<pin_list>
<pin id="87" dir="1" index="0" bw="1" slack="0"/>
</pin_list>
<bind>
<StgValue><ssdm name=""/></StgValue>
</bind>
</comp>

<comp id="88" class="1001" name="const_88">
<pin_list>
<pin id="89" dir="1" index="0" bw="1" slack="0"/>
</pin_list>
<bind>
<StgValue><ssdm name=""/></StgValue>
</bind>
</comp>

<comp id="90" class="1001" name="const_90">
<pin_list>
<pin id="91" dir="1" index="0" bw="1" slack="0"/>
</pin_list>
<bind>
<StgValue><ssdm name=""/></StgValue>
</bind>
</comp>

<comp id="92" class="1001" name="const_92">
<pin_list>
<pin id="93" dir="1" index="0" bw="1" slack="0"/>
</pin_list>
<bind>
<StgValue><ssdm name=""/></StgValue>
</bind>
</comp>

<comp id="94" class="1001" name="const_94">
<pin_list>
<pin id="95" dir="1" index="0" bw="1" slack="0"/>
</pin_list>
<bind>
<StgValue><ssdm name=""/></StgValue>
</bind>
</comp>

<comp id="96" class="1001" name="const_96">
<pin_list>
<pin id="97" dir="1" index="0" bw="1" slack="0"/>
</pin_list>
<bind>
<StgValue><ssdm name=""/></StgValue>
</bind>
</comp>

<comp id="98" class="1001" name="const_98">
<pin_list>
<pin id="99" dir="1" index="0" bw="1" slack="0"/>
</pin_list>
<bind>
<StgValue><ssdm name=""/></StgValue>
</bind>
</comp>

<comp id="100" class="1001" name="const_100">
<pin_list>
<pin id="101" dir="1" index="0" bw="1" slack="0"/>
</pin_list>
<bind>
<StgValue><ssdm name=""/></StgValue>
</bind>
</comp>

<comp id="102" class="1001" name="const_102">
<pin_list>
<pin id="103" dir="1" index="0" bw="1" slack="0"/>
</pin_list>
<bind>
<StgValue><ssdm name=""/></StgValue>
</bind>
</comp>

<comp id="104" class="1001" name="const_104">
<pin_list>
<pin id="105" dir="1" index="0" bw="1" slack="0"/>
</pin_list>
<bind>
<StgValue><ssdm name=""/></StgValue>
</bind>
</comp>

<comp id="106" class="1001" name="const_106">
<pin_list>
<pin id="107" dir="1" index="0" bw="1" slack="0"/>
</pin_list>
<bind>
<StgValue><ssdm name=""/></StgValue>
</bind>
</comp>

<comp id="108" class="1001" name="const_108">
<pin_list>
<pin id="109" dir="1" index="0" bw="1" slack="0"/>
</pin_list>
<bind>
<StgValue><ssdm name=""/></StgValue>
</bind>
</comp>

<comp id="110" class="1001" name="const_110">
<pin_list>
<pin id="111" dir="1" index="0" bw="1" slack="0"/>
</pin_list>
<bind>
<StgValue><ssdm name=""/></StgValue>
</bind>
</comp>

<comp id="112" class="1001" name="const_112">
<pin_list>
<pin id="113" dir="1" index="0" bw="1" slack="0"/>
</pin_list>
<bind>
<StgValue><ssdm name=""/></StgValue>
</bind>
</comp>

<comp id="114" class="1001" name="const_114">
<pin_list>
<pin id="115" dir="1" index="0" bw="1" slack="0"/>
</pin_list>
<bind>
<StgValue><ssdm name=""/></StgValue>
</bind>
</comp>

<comp id="116" class="1001" name="const_116">
<pin_list>
<pin id="117" dir="1" index="0" bw="1" slack="0"/>
</pin_list>
<bind>
<StgValue><ssdm name=""/></StgValue>
</bind>
</comp>

<comp id="118" class="1001" name="const_118">
<pin_list>
<pin id="119" dir="1" index="0" bw="1" slack="0"/>
</pin_list>
<bind>
<StgValue><ssdm name=""/></StgValue>
</bind>
</comp>

<comp id="120" class="1001" name="const_120">
<pin_list>
<pin id="121" dir="1" index="0" bw="1" slack="0"/>
</pin_list>
<bind>
<StgValue><ssdm name=""/></StgValue>
</bind>
</comp>

<comp id="122" class="1001" name="const_122">
<pin_list>
<pin id="123" dir="1" index="0" bw="1" slack="0"/>
</pin_list>
<bind>
<StgValue><ssdm name=""/></StgValue>
</bind>
</comp>

<comp id="124" class="1001" name="const_124">
<pin_list>
<pin id="125" dir="1" index="0" bw="1" slack="0"/>
</pin_list>
<bind>
<StgValue><ssdm name=""/></StgValue>
</bind>
</comp>

<comp id="126" class="1001" name="const_126">
<pin_list>
<pin id="127" dir="1" index="0" bw="1" slack="0"/>
</pin_list>
<bind>
<StgValue><ssdm name=""/></StgValue>
</bind>
</comp>

<comp id="128" class="1001" name="const_128">
<pin_list>
<pin id="129" dir="1" index="0" bw="1" slack="0"/>
</pin_list>
<bind>
<StgValue><ssdm name=""/></StgValue>
</bind>
</comp>

<comp id="130" class="1001" name="const_130">
<pin_list>
<pin id="131" dir="1" index="0" bw="1" slack="0"/>
</pin_list>
<bind>
<StgValue><ssdm name=""/></StgValue>
</bind>
</comp>

<comp id="132" class="1001" name="const_132">
<pin_list>
<pin id="133" dir="1" index="0" bw="1" slack="0"/>
</pin_list>
<bind>
<StgValue><ssdm name=""/></StgValue>
</bind>
</comp>

<comp id="134" class="1001" name="const_134">
<pin_list>
<pin id="135" dir="1" index="0" bw="1" slack="0"/>
</pin_list>
<bind>
<StgValue><ssdm name=""/></StgValue>
</bind>
</comp>

<comp id="136" class="1001" name="const_136">
<pin_list>
<pin id="137" dir="1" index="0" bw="1" slack="0"/>
</pin_list>
<bind>
<StgValue><ssdm name="_ssdm_op_PartSelect.i8.i252.i32.i32"/></StgValue>
</bind>
</comp>

<comp id="138" class="1001" name="const_138">
<pin_list>
<pin id="139" dir="1" index="0" bw="1" slack="0"/>
</pin_list>
<bind>
<StgValue><ssdm name=""/></StgValue>
</bind>
</comp>

<comp id="140" class="1001" name="const_140">
<pin_list>
<pin id="141" dir="1" index="0" bw="1" slack="0"/>
</pin_list>
<bind>
<StgValue><ssdm name=""/></StgValue>
</bind>
</comp>

<comp id="142" class="1001" name="const_142">
<pin_list>
<pin id="143" dir="1" index="0" bw="1" slack="0"/>
</pin_list>
<bind>
<StgValue><ssdm name=""/></StgValue>
</bind>
</comp>

<comp id="144" class="1001" name="const_144">
<pin_list>
<pin id="145" dir="1" index="0" bw="1" slack="0"/>
</pin_list>
<bind>
<StgValue><ssdm name=""/></StgValue>
</bind>
</comp>

<comp id="146" class="1001" name="const_146">
<pin_list>
<pin id="147" dir="1" index="0" bw="1" slack="0"/>
</pin_list>
<bind>
<StgValue><ssdm name=""/></StgValue>
</bind>
</comp>

<comp id="148" class="1001" name="const_148">
<pin_list>
<pin id="149" dir="1" index="0" bw="1" slack="0"/>
</pin_list>
<bind>
<StgValue><ssdm name=""/></StgValue>
</bind>
</comp>

<comp id="150" class="1001" name="const_150">
<pin_list>
<pin id="151" dir="1" index="0" bw="1" slack="0"/>
</pin_list>
<bind>
<StgValue><ssdm name=""/></StgValue>
</bind>
</comp>

<comp id="152" class="1001" name="const_152">
<pin_list>
<pin id="153" dir="1" index="0" bw="1" slack="0"/>
</pin_list>
<bind>
<StgValue><ssdm name=""/></StgValue>
</bind>
</comp>

<comp id="154" class="1001" name="const_154">
<pin_list>
<pin id="155" dir="1" index="0" bw="1" slack="0"/>
</pin_list>
<bind>
<StgValue><ssdm name=""/></StgValue>
</bind>
</comp>

<comp id="156" class="1001" name="const_156">
<pin_list>
<pin id="157" dir="1" index="0" bw="1" slack="0"/>
</pin_list>
<bind>
<StgValue><ssdm name=""/></StgValue>
</bind>
</comp>

<comp id="158" class="1001" name="const_158">
<pin_list>
<pin id="159" dir="1" index="0" bw="1" slack="0"/>
</pin_list>
<bind>
<StgValue><ssdm name=""/></StgValue>
</bind>
</comp>

<comp id="160" class="1001" name="const_160">
<pin_list>
<pin id="161" dir="1" index="0" bw="1" slack="0"/>
</pin_list>
<bind>
<StgValue><ssdm name=""/></StgValue>
</bind>
</comp>

<comp id="162" class="1001" name="const_162">
<pin_list>
<pin id="163" dir="1" index="0" bw="1" slack="0"/>
</pin_list>
<bind>
<StgValue><ssdm name=""/></StgValue>
</bind>
</comp>

<comp id="164" class="1001" name="const_164">
<pin_list>
<pin id="165" dir="1" index="0" bw="1" slack="0"/>
</pin_list>
<bind>
<StgValue><ssdm name=""/></StgValue>
</bind>
</comp>

<comp id="166" class="1001" name="const_166">
<pin_list>
<pin id="167" dir="1" index="0" bw="1" slack="0"/>
</pin_list>
<bind>
<StgValue><ssdm name=""/></StgValue>
</bind>
</comp>

<comp id="168" class="1001" name="const_168">
<pin_list>
<pin id="169" dir="1" index="0" bw="1" slack="0"/>
</pin_list>
<bind>
<StgValue><ssdm name=""/></StgValue>
</bind>
</comp>

<comp id="170" class="1001" name="const_170">
<pin_list>
<pin id="171" dir="1" index="0" bw="1" slack="0"/>
</pin_list>
<bind>
<StgValue><ssdm name=""/></StgValue>
</bind>
</comp>

<comp id="172" class="1001" name="const_172">
<pin_list>
<pin id="173" dir="1" index="0" bw="1" slack="0"/>
</pin_list>
<bind>
<StgValue><ssdm name=""/></StgValue>
</bind>
</comp>

<comp id="174" class="1001" name="const_174">
<pin_list>
<pin id="175" dir="1" index="0" bw="1" slack="0"/>
</pin_list>
<bind>
<StgValue><ssdm name=""/></StgValue>
</bind>
</comp>

<comp id="176" class="1001" name="const_176">
<pin_list>
<pin id="177" dir="1" index="0" bw="1" slack="0"/>
</pin_list>
<bind>
<StgValue><ssdm name=""/></StgValue>
</bind>
</comp>

<comp id="178" class="1001" name="const_178">
<pin_list>
<pin id="179" dir="1" index="0" bw="1" slack="0"/>
</pin_list>
<bind>
<StgValue><ssdm name=""/></StgValue>
</bind>
</comp>

<comp id="180" class="1001" name="const_180">
<pin_list>
<pin id="181" dir="1" index="0" bw="1" slack="0"/>
</pin_list>
<bind>
<StgValue><ssdm name=""/></StgValue>
</bind>
</comp>

<comp id="182" class="1001" name="const_182">
<pin_list>
<pin id="183" dir="1" index="0" bw="1" slack="0"/>
</pin_list>
<bind>
<StgValue><ssdm name=""/></StgValue>
</bind>
</comp>

<comp id="184" class="1001" name="const_184">
<pin_list>
<pin id="185" dir="1" index="0" bw="1" slack="0"/>
</pin_list>
<bind>
<StgValue><ssdm name=""/></StgValue>
</bind>
</comp>

<comp id="186" class="1001" name="const_186">
<pin_list>
<pin id="187" dir="1" index="0" bw="1" slack="0"/>
</pin_list>
<bind>
<StgValue><ssdm name=""/></StgValue>
</bind>
</comp>

<comp id="188" class="1001" name="const_188">
<pin_list>
<pin id="189" dir="1" index="0" bw="1" slack="0"/>
</pin_list>
<bind>
<StgValue><ssdm name=""/></StgValue>
</bind>
</comp>

<comp id="190" class="1001" name="const_190">
<pin_list>
<pin id="191" dir="1" index="0" bw="1" slack="0"/>
</pin_list>
<bind>
<StgValue><ssdm name=""/></StgValue>
</bind>
</comp>

<comp id="192" class="1001" name="const_192">
<pin_list>
<pin id="193" dir="1" index="0" bw="1" slack="2147483647"/>
</pin_list>
<bind>
<StgValue><ssdm name="_ssdm_op_SpecPipeline"/></StgValue>
</bind>
</comp>

<comp id="194" class="1001" name="const_194">
<pin_list>
<pin id="195" dir="1" index="0" bw="1" slack="2147483647"/>
</pin_list>
<bind>
<StgValue><ssdm name="_ssdm_op_SpecLoopTripCount"/></StgValue>
</bind>
</comp>

<comp id="196" class="1001" name="const_196">
<pin_list>
<pin id="197" dir="1" index="0" bw="1" slack="2147483647"/>
</pin_list>
<bind>
<StgValue><ssdm name=""/></StgValue>
</bind>
</comp>

<comp id="198" class="1001" name="const_198">
<pin_list>
<pin id="199" dir="1" index="0" bw="1" slack="2147483647"/>
</pin_list>
<bind>
<StgValue><ssdm name="_ssdm_op_SpecLoopName"/></StgValue>
</bind>
</comp>

<comp id="200" class="1001" name="const_200">
<pin_list>
<pin id="201" dir="1" index="0" bw="1" slack="2147483647"/>
</pin_list>
<bind>
<StgValue><ssdm name="empty_3"/></StgValue>
</bind>
</comp>

<comp id="202" class="1001" name="const_202">
<pin_list>
<pin id="203" dir="1" index="0" bw="1" slack="0"/>
</pin_list>
<bind>
<StgValue><ssdm name="_ssdm_op_BitConcatenate.i14.i8.i6"/></StgValue>
</bind>
</comp>

<comp id="204" class="1001" name="const_204">
<pin_list>
<pin id="205" dir="1" index="0" bw="1" slack="0"/>
</pin_list>
<bind>
<StgValue><ssdm name=""/></StgValue>
</bind>
</comp>

<comp id="206" class="1001" name="const_206">
<pin_list>
<pin id="207" dir="1" index="0" bw="1" slack="0"/>
</pin_list>
<bind>
<StgValue><ssdm name=""/></StgValue>
</bind>
</comp>

<comp id="208" class="1001" name="const_208">
<pin_list>
<pin id="209" dir="1" index="0" bw="1" slack="0"/>
</pin_list>
<bind>
<StgValue><ssdm name="_ssdm_op_BitConcatenate.i446.i14.i16.i16.i16.i16.i16.i16.i16.i16.i16.i16.i16.i16.i16.i16.i16.i16.i16.i16.i16.i16.i16.i16.i16.i16.i16.i16.i16"/></StgValue>
</bind>
</comp>

<comp id="210" class="1001" name="const_210">
<pin_list>
<pin id="211" dir="1" index="0" bw="1" slack="0"/>
</pin_list>
<bind>
<StgValue><ssdm name="_ssdm_op_Write.ap_fifo.volatile.i448P0A"/></StgValue>
</bind>
</comp>

<comp id="212" class="1004" name="i_fu_212">
<pin_list>
<pin id="213" dir="0" index="0" bw="1" slack="0"/>
<pin id="214" dir="1" index="1" bw="7" slack="0"/>
</pin_list>
<bind>
<opcode="alloca(26) " fcode="alloca"/>
<opset="i/1 "/>
</bind>
</comp>

<comp id="216" class="1004" name="layer3x4_out_read_read_fu_216">
<pin_list>
<pin id="217" dir="0" index="0" bw="252" slack="0"/>
<pin id="218" dir="0" index="1" bw="252" slack="0"/>
<pin id="219" dir="1" index="2" bw="252" slack="0"/>
</pin_list>
<bind>
<opcode="read(1150) " fcode="read"/>
<opset="layer3x4_out_read/2 "/>
</bind>
</comp>

<comp id="222" class="1004" name="write_ln57_write_fu_222">
<pin_list>
<pin id="223" dir="0" index="0" bw="0" slack="0"/>
<pin id="224" dir="0" index="1" bw="448" slack="0"/>
<pin id="225" dir="0" index="2" bw="446" slack="0"/>
<pin id="226" dir="1" index="3" bw="0" slack="2147483647"/>
</pin_list>
<bind>
<opcode="write(1151) " fcode="write"/>
<opset="write_ln57/3 "/>
</bind>
</comp>

<comp id="229" class="1004" name="store_ln41_store_fu_229">
<pin_list>
<pin id="230" dir="0" index="0" bw="1" slack="0"/>
<pin id="231" dir="0" index="1" bw="7" slack="0"/>
<pin id="232" dir="1" index="2" bw="0" slack="2147483647"/>
</pin_list>
<bind>
<opcode="store(28) " fcode="store"/>
<opset="store_ln41/1 "/>
</bind>
</comp>

<comp id="234" class="1004" name="i_3_load_fu_234">
<pin_list>
<pin id="235" dir="0" index="0" bw="7" slack="0"/>
<pin id="236" dir="1" index="1" bw="7" slack="0"/>
</pin_list>
<bind>
<opcode="load(27) " fcode="load"/>
<opset="i_3/1 "/>
</bind>
</comp>

<comp id="237" class="1004" name="icmp_ln41_fu_237">
<pin_list>
<pin id="238" dir="0" index="0" bw="7" slack="0"/>
<pin id="239" dir="0" index="1" bw="7" slack="0"/>
<pin id="240" dir="1" index="2" bw="1" slack="1"/>
</pin_list>
<bind>
<opcode="icmp(45) " fcode="icmp"/>
<opset="icmp_ln41/1 "/>
</bind>
</comp>

<comp id="243" class="1004" name="i_4_fu_243">
<pin_list>
<pin id="244" dir="0" index="0" bw="7" slack="0"/>
<pin id="245" dir="0" index="1" bw="1" slack="0"/>
<pin id="246" dir="1" index="2" bw="7" slack="0"/>
</pin_list>
<bind>
<opcode="add(8) " fcode="add"/>
<opset="i_4/1 "/>
</bind>
</comp>

<comp id="249" class="1004" name="store_ln41_store_fu_249">
<pin_list>
<pin id="250" dir="0" index="0" bw="7" slack="0"/>
<pin id="251" dir="0" index="1" bw="7" slack="0"/>
<pin id="252" dir="1" index="2" bw="0" slack="2147483647"/>
</pin_list>
<bind>
<opcode="store(28) " fcode="store"/>
<opset="store_ln41/1 "/>
</bind>
</comp>

<comp id="254" class="1004" name="trunc_ln44_fu_254">
<pin_list>
<pin id="255" dir="0" index="0" bw="252" slack="0"/>
<pin id="256" dir="1" index="1" bw="9" slack="0"/>
</pin_list>
<bind>
<opcode="trunc(33) " fcode="trunc"/>
<opset="trunc_ln44/2 "/>
</bind>
</comp>

<comp id="258" class="1004" name="trunc_ln44_1_fu_258">
<pin_list>
<pin id="259" dir="0" index="0" bw="9" slack="0"/>
<pin id="260" dir="0" index="1" bw="252" slack="0"/>
<pin id="261" dir="0" index="2" bw="5" slack="0"/>
<pin id="262" dir="0" index="3" bw="6" slack="0"/>
<pin id="263" dir="1" index="4" bw="9" slack="0"/>
</pin_list>
<bind>
<opcode="partselect(1002) " fcode="partselect"/>
<opset="trunc_ln44_1/2 "/>
</bind>
</comp>

<comp id="268" class="1004" name="trunc_ln44_2_fu_268">
<pin_list>
<pin id="269" dir="0" index="0" bw="9" slack="0"/>
<pin id="270" dir="0" index="1" bw="252" slack="0"/>
<pin id="271" dir="0" index="2" bw="6" slack="0"/>
<pin id="272" dir="0" index="3" bw="6" slack="0"/>
<pin id="273" dir="1" index="4" bw="9" slack="0"/>
</pin_list>
<bind>
<opcode="partselect(1002) " fcode="partselect"/>
<opset="trunc_ln44_2/2 "/>
</bind>
</comp>

<comp id="278" class="1004" name="trunc_ln44_3_fu_278">
<pin_list>
<pin id="279" dir="0" index="0" bw="9" slack="0"/>
<pin id="280" dir="0" index="1" bw="252" slack="0"/>
<pin id="281" dir="0" index="2" bw="6" slack="0"/>
<pin id="282" dir="0" index="3" bw="7" slack="0"/>
<pin id="283" dir="1" index="4" bw="9" slack="0"/>
</pin_list>
<bind>
<opcode="partselect(1002) " fcode="partselect"/>
<opset="trunc_ln44_3/2 "/>
</bind>
</comp>

<comp id="288" class="1004" name="trunc_ln44_4_fu_288">
<pin_list>
<pin id="289" dir="0" index="0" bw="9" slack="0"/>
<pin id="290" dir="0" index="1" bw="252" slack="0"/>
<pin id="291" dir="0" index="2" bw="7" slack="0"/>
<pin id="292" dir="0" index="3" bw="7" slack="0"/>
<pin id="293" dir="1" index="4" bw="9" slack="0"/>
</pin_list>
<bind>
<opcode="partselect(1002) " fcode="partselect"/>
<opset="trunc_ln44_4/2 "/>
</bind>
</comp>

<comp id="298" class="1004" name="trunc_ln44_5_fu_298">
<pin_list>
<pin id="299" dir="0" index="0" bw="9" slack="0"/>
<pin id="300" dir="0" index="1" bw="252" slack="0"/>
<pin id="301" dir="0" index="2" bw="7" slack="0"/>
<pin id="302" dir="0" index="3" bw="7" slack="0"/>
<pin id="303" dir="1" index="4" bw="9" slack="0"/>
</pin_list>
<bind>
<opcode="partselect(1002) " fcode="partselect"/>
<opset="trunc_ln44_5/2 "/>
</bind>
</comp>

<comp id="308" class="1004" name="trunc_ln44_6_fu_308">
<pin_list>
<pin id="309" dir="0" index="0" bw="9" slack="0"/>
<pin id="310" dir="0" index="1" bw="252" slack="0"/>
<pin id="311" dir="0" index="2" bw="7" slack="0"/>
<pin id="312" dir="0" index="3" bw="7" slack="0"/>
<pin id="313" dir="1" index="4" bw="9" slack="0"/>
</pin_list>
<bind>
<opcode="partselect(1002) " fcode="partselect"/>
<opset="trunc_ln44_6/2 "/>
</bind>
</comp>

<comp id="318" class="1004" name="trunc_ln44_7_fu_318">
<pin_list>
<pin id="319" dir="0" index="0" bw="9" slack="0"/>
<pin id="320" dir="0" index="1" bw="252" slack="0"/>
<pin id="321" dir="0" index="2" bw="7" slack="0"/>
<pin id="322" dir="0" index="3" bw="8" slack="0"/>
<pin id="323" dir="1" index="4" bw="9" slack="0"/>
</pin_list>
<bind>
<opcode="partselect(1002) " fcode="partselect"/>
<opset="trunc_ln44_7/2 "/>
</bind>
</comp>

<comp id="328" class="1004" name="trunc_ln44_8_fu_328">
<pin_list>
<pin id="329" dir="0" index="0" bw="9" slack="0"/>
<pin id="330" dir="0" index="1" bw="252" slack="0"/>
<pin id="331" dir="0" index="2" bw="8" slack="0"/>
<pin id="332" dir="0" index="3" bw="8" slack="0"/>
<pin id="333" dir="1" index="4" bw="9" slack="0"/>
</pin_list>
<bind>
<opcode="partselect(1002) " fcode="partselect"/>
<opset="trunc_ln44_8/2 "/>
</bind>
</comp>

<comp id="338" class="1004" name="trunc_ln44_9_fu_338">
<pin_list>
<pin id="339" dir="0" index="0" bw="9" slack="0"/>
<pin id="340" dir="0" index="1" bw="252" slack="0"/>
<pin id="341" dir="0" index="2" bw="8" slack="0"/>
<pin id="342" dir="0" index="3" bw="8" slack="0"/>
<pin id="343" dir="1" index="4" bw="9" slack="0"/>
</pin_list>
<bind>
<opcode="partselect(1002) " fcode="partselect"/>
<opset="trunc_ln44_9/2 "/>
</bind>
</comp>

<comp id="348" class="1004" name="trunc_ln44_s_fu_348">
<pin_list>
<pin id="349" dir="0" index="0" bw="9" slack="0"/>
<pin id="350" dir="0" index="1" bw="252" slack="0"/>
<pin id="351" dir="0" index="2" bw="8" slack="0"/>
<pin id="352" dir="0" index="3" bw="8" slack="0"/>
<pin id="353" dir="1" index="4" bw="9" slack="0"/>
</pin_list>
<bind>
<opcode="partselect(1002) " fcode="partselect"/>
<opset="trunc_ln44_s/2 "/>
</bind>
</comp>

<comp id="358" class="1004" name="trunc_ln44_10_fu_358">
<pin_list>
<pin id="359" dir="0" index="0" bw="9" slack="0"/>
<pin id="360" dir="0" index="1" bw="252" slack="0"/>
<pin id="361" dir="0" index="2" bw="8" slack="0"/>
<pin id="362" dir="0" index="3" bw="8" slack="0"/>
<pin id="363" dir="1" index="4" bw="9" slack="0"/>
</pin_list>
<bind>
<opcode="partselect(1002) " fcode="partselect"/>
<opset="trunc_ln44_10/2 "/>
</bind>
</comp>

<comp id="368" class="1004" name="trunc_ln44_11_fu_368">
<pin_list>
<pin id="369" dir="0" index="0" bw="9" slack="0"/>
<pin id="370" dir="0" index="1" bw="252" slack="0"/>
<pin id="371" dir="0" index="2" bw="8" slack="0"/>
<pin id="372" dir="0" index="3" bw="8" slack="0"/>
<pin id="373" dir="1" index="4" bw="9" slack="0"/>
</pin_list>
<bind>
<opcode="partselect(1002) " fcode="partselect"/>
<opset="trunc_ln44_11/2 "/>
</bind>
</comp>

<comp id="378" class="1004" name="trunc_ln44_12_fu_378">
<pin_list>
<pin id="379" dir="0" index="0" bw="9" slack="0"/>
<pin id="380" dir="0" index="1" bw="252" slack="0"/>
<pin id="381" dir="0" index="2" bw="8" slack="0"/>
<pin id="382" dir="0" index="3" bw="8" slack="0"/>
<pin id="383" dir="1" index="4" bw="9" slack="0"/>
</pin_list>
<bind>
<opcode="partselect(1002) " fcode="partselect"/>
<opset="trunc_ln44_12/2 "/>
</bind>
</comp>

<comp id="388" class="1004" name="trunc_ln44_13_fu_388">
<pin_list>
<pin id="389" dir="0" index="0" bw="9" slack="0"/>
<pin id="390" dir="0" index="1" bw="252" slack="0"/>
<pin id="391" dir="0" index="2" bw="8" slack="0"/>
<pin id="392" dir="0" index="3" bw="9" slack="0"/>
<pin id="393" dir="1" index="4" bw="9" slack="0"/>
</pin_list>
<bind>
<opcode="partselect(1002) " fcode="partselect"/>
<opset="trunc_ln44_13/2 "/>
</bind>
</comp>

<comp id="398" class="1004" name="trunc_ln44_14_fu_398">
<pin_list>
<pin id="399" dir="0" index="0" bw="9" slack="0"/>
<pin id="400" dir="0" index="1" bw="252" slack="0"/>
<pin id="401" dir="0" index="2" bw="9" slack="0"/>
<pin id="402" dir="0" index="3" bw="9" slack="0"/>
<pin id="403" dir="1" index="4" bw="9" slack="0"/>
</pin_list>
<bind>
<opcode="partselect(1002) " fcode="partselect"/>
<opset="trunc_ln44_14/2 "/>
</bind>
</comp>

<comp id="408" class="1004" name="trunc_ln44_15_fu_408">
<pin_list>
<pin id="409" dir="0" index="0" bw="9" slack="0"/>
<pin id="410" dir="0" index="1" bw="252" slack="0"/>
<pin id="411" dir="0" index="2" bw="9" slack="0"/>
<pin id="412" dir="0" index="3" bw="9" slack="0"/>
<pin id="413" dir="1" index="4" bw="9" slack="0"/>
</pin_list>
<bind>
<opcode="partselect(1002) " fcode="partselect"/>
<opset="trunc_ln44_15/2 "/>
</bind>
</comp>

<comp id="418" class="1004" name="trunc_ln44_16_fu_418">
<pin_list>
<pin id="419" dir="0" index="0" bw="9" slack="0"/>
<pin id="420" dir="0" index="1" bw="252" slack="0"/>
<pin id="421" dir="0" index="2" bw="9" slack="0"/>
<pin id="422" dir="0" index="3" bw="9" slack="0"/>
<pin id="423" dir="1" index="4" bw="9" slack="0"/>
</pin_list>
<bind>
<opcode="partselect(1002) " fcode="partselect"/>
<opset="trunc_ln44_16/2 "/>
</bind>
</comp>

<comp id="428" class="1004" name="trunc_ln44_17_fu_428">
<pin_list>
<pin id="429" dir="0" index="0" bw="9" slack="0"/>
<pin id="430" dir="0" index="1" bw="252" slack="0"/>
<pin id="431" dir="0" index="2" bw="9" slack="0"/>
<pin id="432" dir="0" index="3" bw="9" slack="0"/>
<pin id="433" dir="1" index="4" bw="9" slack="0"/>
</pin_list>
<bind>
<opcode="partselect(1002) " fcode="partselect"/>
<opset="trunc_ln44_17/2 "/>
</bind>
</comp>

<comp id="438" class="1004" name="trunc_ln44_18_fu_438">
<pin_list>
<pin id="439" dir="0" index="0" bw="9" slack="0"/>
<pin id="440" dir="0" index="1" bw="252" slack="0"/>
<pin id="441" dir="0" index="2" bw="9" slack="0"/>
<pin id="442" dir="0" index="3" bw="9" slack="0"/>
<pin id="443" dir="1" index="4" bw="9" slack="0"/>
</pin_list>
<bind>
<opcode="partselect(1002) " fcode="partselect"/>
<opset="trunc_ln44_18/2 "/>
</bind>
</comp>

<comp id="448" class="1004" name="trunc_ln44_19_fu_448">
<pin_list>
<pin id="449" dir="0" index="0" bw="9" slack="0"/>
<pin id="450" dir="0" index="1" bw="252" slack="0"/>
<pin id="451" dir="0" index="2" bw="9" slack="0"/>
<pin id="452" dir="0" index="3" bw="9" slack="0"/>
<pin id="453" dir="1" index="4" bw="9" slack="0"/>
</pin_list>
<bind>
<opcode="partselect(1002) " fcode="partselect"/>
<opset="trunc_ln44_19/2 "/>
</bind>
</comp>

<comp id="458" class="1004" name="trunc_ln44_20_fu_458">
<pin_list>
<pin id="459" dir="0" index="0" bw="9" slack="0"/>
<pin id="460" dir="0" index="1" bw="252" slack="0"/>
<pin id="461" dir="0" index="2" bw="9" slack="0"/>
<pin id="462" dir="0" index="3" bw="9" slack="0"/>
<pin id="463" dir="1" index="4" bw="9" slack="0"/>
</pin_list>
<bind>
<opcode="partselect(1002) " fcode="partselect"/>
<opset="trunc_ln44_20/2 "/>
</bind>
</comp>

<comp id="468" class="1004" name="trunc_ln44_21_fu_468">
<pin_list>
<pin id="469" dir="0" index="0" bw="9" slack="0"/>
<pin id="470" dir="0" index="1" bw="252" slack="0"/>
<pin id="471" dir="0" index="2" bw="9" slack="0"/>
<pin id="472" dir="0" index="3" bw="9" slack="0"/>
<pin id="473" dir="1" index="4" bw="9" slack="0"/>
</pin_list>
<bind>
<opcode="partselect(1002) " fcode="partselect"/>
<opset="trunc_ln44_21/2 "/>
</bind>
</comp>

<comp id="478" class="1004" name="trunc_ln44_22_fu_478">
<pin_list>
<pin id="479" dir="0" index="0" bw="9" slack="0"/>
<pin id="480" dir="0" index="1" bw="252" slack="0"/>
<pin id="481" dir="0" index="2" bw="9" slack="0"/>
<pin id="482" dir="0" index="3" bw="9" slack="0"/>
<pin id="483" dir="1" index="4" bw="9" slack="0"/>
</pin_list>
<bind>
<opcode="partselect(1002) " fcode="partselect"/>
<opset="trunc_ln44_22/2 "/>
</bind>
</comp>

<comp id="488" class="1004" name="trunc_ln44_23_fu_488">
<pin_list>
<pin id="489" dir="0" index="0" bw="9" slack="0"/>
<pin id="490" dir="0" index="1" bw="252" slack="0"/>
<pin id="491" dir="0" index="2" bw="9" slack="0"/>
<pin id="492" dir="0" index="3" bw="9" slack="0"/>
<pin id="493" dir="1" index="4" bw="9" slack="0"/>
</pin_list>
<bind>
<opcode="partselect(1002) " fcode="partselect"/>
<opset="trunc_ln44_23/2 "/>
</bind>
</comp>

<comp id="498" class="1004" name="trunc_ln44_24_fu_498">
<pin_list>
<pin id="499" dir="0" index="0" bw="9" slack="0"/>
<pin id="500" dir="0" index="1" bw="252" slack="0"/>
<pin id="501" dir="0" index="2" bw="9" slack="0"/>
<pin id="502" dir="0" index="3" bw="9" slack="0"/>
<pin id="503" dir="1" index="4" bw="9" slack="0"/>
</pin_list>
<bind>
<opcode="partselect(1002) " fcode="partselect"/>
<opset="trunc_ln44_24/2 "/>
</bind>
</comp>

<comp id="508" class="1004" name="trunc_ln44_25_fu_508">
<pin_list>
<pin id="509" dir="0" index="0" bw="9" slack="0"/>
<pin id="510" dir="0" index="1" bw="252" slack="0"/>
<pin id="511" dir="0" index="2" bw="9" slack="0"/>
<pin id="512" dir="0" index="3" bw="9" slack="0"/>
<pin id="513" dir="1" index="4" bw="9" slack="0"/>
</pin_list>
<bind>
<opcode="partselect(1002) " fcode="partselect"/>
<opset="trunc_ln44_25/2 "/>
</bind>
</comp>

<comp id="518" class="1004" name="trunc_ln44_26_fu_518">
<pin_list>
<pin id="519" dir="0" index="0" bw="9" slack="0"/>
<pin id="520" dir="0" index="1" bw="252" slack="0"/>
<pin id="521" dir="0" index="2" bw="9" slack="0"/>
<pin id="522" dir="0" index="3" bw="9" slack="0"/>
<pin id="523" dir="1" index="4" bw="9" slack="0"/>
</pin_list>
<bind>
<opcode="partselect(1002) " fcode="partselect"/>
<opset="trunc_ln44_26/2 "/>
</bind>
</comp>

<comp id="528" class="1004" name="icmp_ln51_fu_528">
<pin_list>
<pin id="529" dir="0" index="0" bw="9" slack="0"/>
<pin id="530" dir="0" index="1" bw="1" slack="0"/>
<pin id="531" dir="1" index="2" bw="1" slack="1"/>
</pin_list>
<bind>
<opcode="icmp(45) " fcode="icmp"/>
<opset="icmp_ln51/2 "/>
</bind>
</comp>

<comp id="534" class="1004" name="trunc_ln52_fu_534">
<pin_list>
<pin id="535" dir="0" index="0" bw="252" slack="0"/>
<pin id="536" dir="1" index="1" bw="8" slack="1"/>
</pin_list>
<bind>
<opcode="trunc(33) " fcode="trunc"/>
<opset="trunc_ln52/2 "/>
</bind>
</comp>

<comp id="538" class="1004" name="icmp_ln51_1_fu_538">
<pin_list>
<pin id="539" dir="0" index="0" bw="9" slack="0"/>
<pin id="540" dir="0" index="1" bw="1" slack="0"/>
<pin id="541" dir="1" index="2" bw="1" slack="1"/>
</pin_list>
<bind>
<opcode="icmp(45) " fcode="icmp"/>
<opset="icmp_ln51_1/2 "/>
</bind>
</comp>

<comp id="544" class="1004" name="tmp_1_fu_544">
<pin_list>
<pin id="545" dir="0" index="0" bw="8" slack="0"/>
<pin id="546" dir="0" index="1" bw="252" slack="0"/>
<pin id="547" dir="0" index="2" bw="5" slack="0"/>
<pin id="548" dir="0" index="3" bw="6" slack="0"/>
<pin id="549" dir="1" index="4" bw="8" slack="1"/>
</pin_list>
<bind>
<opcode="partselect(1002) " fcode="partselect"/>
<opset="tmp_1/2 "/>
</bind>
</comp>

<comp id="554" class="1004" name="icmp_ln51_2_fu_554">
<pin_list>
<pin id="555" dir="0" index="0" bw="9" slack="0"/>
<pin id="556" dir="0" index="1" bw="1" slack="0"/>
<pin id="557" dir="1" index="2" bw="1" slack="1"/>
</pin_list>
<bind>
<opcode="icmp(45) " fcode="icmp"/>
<opset="icmp_ln51_2/2 "/>
</bind>
</comp>

<comp id="560" class="1004" name="tmp_2_fu_560">
<pin_list>
<pin id="561" dir="0" index="0" bw="8" slack="0"/>
<pin id="562" dir="0" index="1" bw="252" slack="0"/>
<pin id="563" dir="0" index="2" bw="6" slack="0"/>
<pin id="564" dir="0" index="3" bw="6" slack="0"/>
<pin id="565" dir="1" index="4" bw="8" slack="1"/>
</pin_list>
<bind>
<opcode="partselect(1002) " fcode="partselect"/>
<opset="tmp_2/2 "/>
</bind>
</comp>

<comp id="570" class="1004" name="icmp_ln51_3_fu_570">
<pin_list>
<pin id="571" dir="0" index="0" bw="9" slack="0"/>
<pin id="572" dir="0" index="1" bw="1" slack="0"/>
<pin id="573" dir="1" index="2" bw="1" slack="1"/>
</pin_list>
<bind>
<opcode="icmp(45) " fcode="icmp"/>
<opset="icmp_ln51_3/2 "/>
</bind>
</comp>

<comp id="576" class="1004" name="tmp_3_fu_576">
<pin_list>
<pin id="577" dir="0" index="0" bw="8" slack="0"/>
<pin id="578" dir="0" index="1" bw="252" slack="0"/>
<pin id="579" dir="0" index="2" bw="6" slack="0"/>
<pin id="580" dir="0" index="3" bw="7" slack="0"/>
<pin id="581" dir="1" index="4" bw="8" slack="1"/>
</pin_list>
<bind>
<opcode="partselect(1002) " fcode="partselect"/>
<opset="tmp_3/2 "/>
</bind>
</comp>

<comp id="586" class="1004" name="icmp_ln51_4_fu_586">
<pin_list>
<pin id="587" dir="0" index="0" bw="9" slack="0"/>
<pin id="588" dir="0" index="1" bw="1" slack="0"/>
<pin id="589" dir="1" index="2" bw="1" slack="1"/>
</pin_list>
<bind>
<opcode="icmp(45) " fcode="icmp"/>
<opset="icmp_ln51_4/2 "/>
</bind>
</comp>

<comp id="592" class="1004" name="tmp_4_fu_592">
<pin_list>
<pin id="593" dir="0" index="0" bw="8" slack="0"/>
<pin id="594" dir="0" index="1" bw="252" slack="0"/>
<pin id="595" dir="0" index="2" bw="7" slack="0"/>
<pin id="596" dir="0" index="3" bw="7" slack="0"/>
<pin id="597" dir="1" index="4" bw="8" slack="1"/>
</pin_list>
<bind>
<opcode="partselect(1002) " fcode="partselect"/>
<opset="tmp_4/2 "/>
</bind>
</comp>

<comp id="602" class="1004" name="icmp_ln51_5_fu_602">
<pin_list>
<pin id="603" dir="0" index="0" bw="9" slack="0"/>
<pin id="604" dir="0" index="1" bw="1" slack="0"/>
<pin id="605" dir="1" index="2" bw="1" slack="1"/>
</pin_list>
<bind>
<opcode="icmp(45) " fcode="icmp"/>
<opset="icmp_ln51_5/2 "/>
</bind>
</comp>

<comp id="608" class="1004" name="tmp_5_fu_608">
<pin_list>
<pin id="609" dir="0" index="0" bw="8" slack="0"/>
<pin id="610" dir="0" index="1" bw="252" slack="0"/>
<pin id="611" dir="0" index="2" bw="7" slack="0"/>
<pin id="612" dir="0" index="3" bw="7" slack="0"/>
<pin id="613" dir="1" index="4" bw="8" slack="1"/>
</pin_list>
<bind>
<opcode="partselect(1002) " fcode="partselect"/>
<opset="tmp_5/2 "/>
</bind>
</comp>

<comp id="618" class="1004" name="icmp_ln51_6_fu_618">
<pin_list>
<pin id="619" dir="0" index="0" bw="9" slack="0"/>
<pin id="620" dir="0" index="1" bw="1" slack="0"/>
<pin id="621" dir="1" index="2" bw="1" slack="1"/>
</pin_list>
<bind>
<opcode="icmp(45) " fcode="icmp"/>
<opset="icmp_ln51_6/2 "/>
</bind>
</comp>

<comp id="624" class="1004" name="tmp_6_fu_624">
<pin_list>
<pin id="625" dir="0" index="0" bw="8" slack="0"/>
<pin id="626" dir="0" index="1" bw="252" slack="0"/>
<pin id="627" dir="0" index="2" bw="7" slack="0"/>
<pin id="628" dir="0" index="3" bw="7" slack="0"/>
<pin id="629" dir="1" index="4" bw="8" slack="1"/>
</pin_list>
<bind>
<opcode="partselect(1002) " fcode="partselect"/>
<opset="tmp_6/2 "/>
</bind>
</comp>

<comp id="634" class="1004" name="icmp_ln51_7_fu_634">
<pin_list>
<pin id="635" dir="0" index="0" bw="9" slack="0"/>
<pin id="636" dir="0" index="1" bw="1" slack="0"/>
<pin id="637" dir="1" index="2" bw="1" slack="1"/>
</pin_list>
<bind>
<opcode="icmp(45) " fcode="icmp"/>
<opset="icmp_ln51_7/2 "/>
</bind>
</comp>

<comp id="640" class="1004" name="tmp_7_fu_640">
<pin_list>
<pin id="641" dir="0" index="0" bw="8" slack="0"/>
<pin id="642" dir="0" index="1" bw="252" slack="0"/>
<pin id="643" dir="0" index="2" bw="7" slack="0"/>
<pin id="644" dir="0" index="3" bw="8" slack="0"/>
<pin id="645" dir="1" index="4" bw="8" slack="1"/>
</pin_list>
<bind>
<opcode="partselect(1002) " fcode="partselect"/>
<opset="tmp_7/2 "/>
</bind>
</comp>

<comp id="650" class="1004" name="icmp_ln51_8_fu_650">
<pin_list>
<pin id="651" dir="0" index="0" bw="9" slack="0"/>
<pin id="652" dir="0" index="1" bw="1" slack="0"/>
<pin id="653" dir="1" index="2" bw="1" slack="1"/>
</pin_list>
<bind>
<opcode="icmp(45) " fcode="icmp"/>
<opset="icmp_ln51_8/2 "/>
</bind>
</comp>

<comp id="656" class="1004" name="tmp_8_fu_656">
<pin_list>
<pin id="657" dir="0" index="0" bw="8" slack="0"/>
<pin id="658" dir="0" index="1" bw="252" slack="0"/>
<pin id="659" dir="0" index="2" bw="8" slack="0"/>
<pin id="660" dir="0" index="3" bw="8" slack="0"/>
<pin id="661" dir="1" index="4" bw="8" slack="1"/>
</pin_list>
<bind>
<opcode="partselect(1002) " fcode="partselect"/>
<opset="tmp_8/2 "/>
</bind>
</comp>

<comp id="666" class="1004" name="icmp_ln51_9_fu_666">
<pin_list>
<pin id="667" dir="0" index="0" bw="9" slack="0"/>
<pin id="668" dir="0" index="1" bw="1" slack="0"/>
<pin id="669" dir="1" index="2" bw="1" slack="1"/>
</pin_list>
<bind>
<opcode="icmp(45) " fcode="icmp"/>
<opset="icmp_ln51_9/2 "/>
</bind>
</comp>

<comp id="672" class="1004" name="tmp_9_fu_672">
<pin_list>
<pin id="673" dir="0" index="0" bw="8" slack="0"/>
<pin id="674" dir="0" index="1" bw="252" slack="0"/>
<pin id="675" dir="0" index="2" bw="8" slack="0"/>
<pin id="676" dir="0" index="3" bw="8" slack="0"/>
<pin id="677" dir="1" index="4" bw="8" slack="1"/>
</pin_list>
<bind>
<opcode="partselect(1002) " fcode="partselect"/>
<opset="tmp_9/2 "/>
</bind>
</comp>

<comp id="682" class="1004" name="icmp_ln51_10_fu_682">
<pin_list>
<pin id="683" dir="0" index="0" bw="9" slack="0"/>
<pin id="684" dir="0" index="1" bw="1" slack="0"/>
<pin id="685" dir="1" index="2" bw="1" slack="1"/>
</pin_list>
<bind>
<opcode="icmp(45) " fcode="icmp"/>
<opset="icmp_ln51_10/2 "/>
</bind>
</comp>

<comp id="688" class="1004" name="tmp_s_fu_688">
<pin_list>
<pin id="689" dir="0" index="0" bw="8" slack="0"/>
<pin id="690" dir="0" index="1" bw="252" slack="0"/>
<pin id="691" dir="0" index="2" bw="8" slack="0"/>
<pin id="692" dir="0" index="3" bw="8" slack="0"/>
<pin id="693" dir="1" index="4" bw="8" slack="1"/>
</pin_list>
<bind>
<opcode="partselect(1002) " fcode="partselect"/>
<opset="tmp_s/2 "/>
</bind>
</comp>

<comp id="698" class="1004" name="icmp_ln51_11_fu_698">
<pin_list>
<pin id="699" dir="0" index="0" bw="9" slack="0"/>
<pin id="700" dir="0" index="1" bw="1" slack="0"/>
<pin id="701" dir="1" index="2" bw="1" slack="1"/>
</pin_list>
<bind>
<opcode="icmp(45) " fcode="icmp"/>
<opset="icmp_ln51_11/2 "/>
</bind>
</comp>

<comp id="704" class="1004" name="tmp_10_fu_704">
<pin_list>
<pin id="705" dir="0" index="0" bw="8" slack="0"/>
<pin id="706" dir="0" index="1" bw="252" slack="0"/>
<pin id="707" dir="0" index="2" bw="8" slack="0"/>
<pin id="708" dir="0" index="3" bw="8" slack="0"/>
<pin id="709" dir="1" index="4" bw="8" slack="1"/>
</pin_list>
<bind>
<opcode="partselect(1002) " fcode="partselect"/>
<opset="tmp_10/2 "/>
</bind>
</comp>

<comp id="714" class="1004" name="icmp_ln51_12_fu_714">
<pin_list>
<pin id="715" dir="0" index="0" bw="9" slack="0"/>
<pin id="716" dir="0" index="1" bw="1" slack="0"/>
<pin id="717" dir="1" index="2" bw="1" slack="1"/>
</pin_list>
<bind>
<opcode="icmp(45) " fcode="icmp"/>
<opset="icmp_ln51_12/2 "/>
</bind>
</comp>

<comp id="720" class="1004" name="tmp_11_fu_720">
<pin_list>
<pin id="721" dir="0" index="0" bw="8" slack="0"/>
<pin id="722" dir="0" index="1" bw="252" slack="0"/>
<pin id="723" dir="0" index="2" bw="8" slack="0"/>
<pin id="724" dir="0" index="3" bw="8" slack="0"/>
<pin id="725" dir="1" index="4" bw="8" slack="1"/>
</pin_list>
<bind>
<opcode="partselect(1002) " fcode="partselect"/>
<opset="tmp_11/2 "/>
</bind>
</comp>

<comp id="730" class="1004" name="icmp_ln51_13_fu_730">
<pin_list>
<pin id="731" dir="0" index="0" bw="9" slack="0"/>
<pin id="732" dir="0" index="1" bw="1" slack="0"/>
<pin id="733" dir="1" index="2" bw="1" slack="1"/>
</pin_list>
<bind>
<opcode="icmp(45) " fcode="icmp"/>
<opset="icmp_ln51_13/2 "/>
</bind>
</comp>

<comp id="736" class="1004" name="tmp_12_fu_736">
<pin_list>
<pin id="737" dir="0" index="0" bw="8" slack="0"/>
<pin id="738" dir="0" index="1" bw="252" slack="0"/>
<pin id="739" dir="0" index="2" bw="8" slack="0"/>
<pin id="740" dir="0" index="3" bw="8" slack="0"/>
<pin id="741" dir="1" index="4" bw="8" slack="1"/>
</pin_list>
<bind>
<opcode="partselect(1002) " fcode="partselect"/>
<opset="tmp_12/2 "/>
</bind>
</comp>

<comp id="746" class="1004" name="icmp_ln51_14_fu_746">
<pin_list>
<pin id="747" dir="0" index="0" bw="9" slack="0"/>
<pin id="748" dir="0" index="1" bw="1" slack="0"/>
<pin id="749" dir="1" index="2" bw="1" slack="1"/>
</pin_list>
<bind>
<opcode="icmp(45) " fcode="icmp"/>
<opset="icmp_ln51_14/2 "/>
</bind>
</comp>

<comp id="752" class="1004" name="tmp_13_fu_752">
<pin_list>
<pin id="753" dir="0" index="0" bw="8" slack="0"/>
<pin id="754" dir="0" index="1" bw="252" slack="0"/>
<pin id="755" dir="0" index="2" bw="8" slack="0"/>
<pin id="756" dir="0" index="3" bw="9" slack="0"/>
<pin id="757" dir="1" index="4" bw="8" slack="1"/>
</pin_list>
<bind>
<opcode="partselect(1002) " fcode="partselect"/>
<opset="tmp_13/2 "/>
</bind>
</comp>

<comp id="762" class="1004" name="icmp_ln51_15_fu_762">
<pin_list>
<pin id="763" dir="0" index="0" bw="9" slack="0"/>
<pin id="764" dir="0" index="1" bw="1" slack="0"/>
<pin id="765" dir="1" index="2" bw="1" slack="1"/>
</pin_list>
<bind>
<opcode="icmp(45) " fcode="icmp"/>
<opset="icmp_ln51_15/2 "/>
</bind>
</comp>

<comp id="768" class="1004" name="tmp_14_fu_768">
<pin_list>
<pin id="769" dir="0" index="0" bw="8" slack="0"/>
<pin id="770" dir="0" index="1" bw="252" slack="0"/>
<pin id="771" dir="0" index="2" bw="9" slack="0"/>
<pin id="772" dir="0" index="3" bw="9" slack="0"/>
<pin id="773" dir="1" index="4" bw="8" slack="1"/>
</pin_list>
<bind>
<opcode="partselect(1002) " fcode="partselect"/>
<opset="tmp_14/2 "/>
</bind>
</comp>

<comp id="778" class="1004" name="icmp_ln51_16_fu_778">
<pin_list>
<pin id="779" dir="0" index="0" bw="9" slack="0"/>
<pin id="780" dir="0" index="1" bw="1" slack="0"/>
<pin id="781" dir="1" index="2" bw="1" slack="1"/>
</pin_list>
<bind>
<opcode="icmp(45) " fcode="icmp"/>
<opset="icmp_ln51_16/2 "/>
</bind>
</comp>

<comp id="784" class="1004" name="tmp_15_fu_784">
<pin_list>
<pin id="785" dir="0" index="0" bw="8" slack="0"/>
<pin id="786" dir="0" index="1" bw="252" slack="0"/>
<pin id="787" dir="0" index="2" bw="9" slack="0"/>
<pin id="788" dir="0" index="3" bw="9" slack="0"/>
<pin id="789" dir="1" index="4" bw="8" slack="1"/>
</pin_list>
<bind>
<opcode="partselect(1002) " fcode="partselect"/>
<opset="tmp_15/2 "/>
</bind>
</comp>

<comp id="794" class="1004" name="icmp_ln51_17_fu_794">
<pin_list>
<pin id="795" dir="0" index="0" bw="9" slack="0"/>
<pin id="796" dir="0" index="1" bw="1" slack="0"/>
<pin id="797" dir="1" index="2" bw="1" slack="1"/>
</pin_list>
<bind>
<opcode="icmp(45) " fcode="icmp"/>
<opset="icmp_ln51_17/2 "/>
</bind>
</comp>

<comp id="800" class="1004" name="tmp_16_fu_800">
<pin_list>
<pin id="801" dir="0" index="0" bw="8" slack="0"/>
<pin id="802" dir="0" index="1" bw="252" slack="0"/>
<pin id="803" dir="0" index="2" bw="9" slack="0"/>
<pin id="804" dir="0" index="3" bw="9" slack="0"/>
<pin id="805" dir="1" index="4" bw="8" slack="1"/>
</pin_list>
<bind>
<opcode="partselect(1002) " fcode="partselect"/>
<opset="tmp_16/2 "/>
</bind>
</comp>

<comp id="810" class="1004" name="icmp_ln51_18_fu_810">
<pin_list>
<pin id="811" dir="0" index="0" bw="9" slack="0"/>
<pin id="812" dir="0" index="1" bw="1" slack="0"/>
<pin id="813" dir="1" index="2" bw="1" slack="1"/>
</pin_list>
<bind>
<opcode="icmp(45) " fcode="icmp"/>
<opset="icmp_ln51_18/2 "/>
</bind>
</comp>

<comp id="816" class="1004" name="tmp_17_fu_816">
<pin_list>
<pin id="817" dir="0" index="0" bw="8" slack="0"/>
<pin id="818" dir="0" index="1" bw="252" slack="0"/>
<pin id="819" dir="0" index="2" bw="9" slack="0"/>
<pin id="820" dir="0" index="3" bw="9" slack="0"/>
<pin id="821" dir="1" index="4" bw="8" slack="1"/>
</pin_list>
<bind>
<opcode="partselect(1002) " fcode="partselect"/>
<opset="tmp_17/2 "/>
</bind>
</comp>

<comp id="826" class="1004" name="icmp_ln51_19_fu_826">
<pin_list>
<pin id="827" dir="0" index="0" bw="9" slack="0"/>
<pin id="828" dir="0" index="1" bw="1" slack="0"/>
<pin id="829" dir="1" index="2" bw="1" slack="1"/>
</pin_list>
<bind>
<opcode="icmp(45) " fcode="icmp"/>
<opset="icmp_ln51_19/2 "/>
</bind>
</comp>

<comp id="832" class="1004" name="tmp_18_fu_832">
<pin_list>
<pin id="833" dir="0" index="0" bw="8" slack="0"/>
<pin id="834" dir="0" index="1" bw="252" slack="0"/>
<pin id="835" dir="0" index="2" bw="9" slack="0"/>
<pin id="836" dir="0" index="3" bw="9" slack="0"/>
<pin id="837" dir="1" index="4" bw="8" slack="1"/>
</pin_list>
<bind>
<opcode="partselect(1002) " fcode="partselect"/>
<opset="tmp_18/2 "/>
</bind>
</comp>

<comp id="842" class="1004" name="icmp_ln51_20_fu_842">
<pin_list>
<pin id="843" dir="0" index="0" bw="9" slack="0"/>
<pin id="844" dir="0" index="1" bw="1" slack="0"/>
<pin id="845" dir="1" index="2" bw="1" slack="1"/>
</pin_list>
<bind>
<opcode="icmp(45) " fcode="icmp"/>
<opset="icmp_ln51_20/2 "/>
</bind>
</comp>

<comp id="848" class="1004" name="tmp_19_fu_848">
<pin_list>
<pin id="849" dir="0" index="0" bw="8" slack="0"/>
<pin id="850" dir="0" index="1" bw="252" slack="0"/>
<pin id="851" dir="0" index="2" bw="9" slack="0"/>
<pin id="852" dir="0" index="3" bw="9" slack="0"/>
<pin id="853" dir="1" index="4" bw="8" slack="1"/>
</pin_list>
<bind>
<opcode="partselect(1002) " fcode="partselect"/>
<opset="tmp_19/2 "/>
</bind>
</comp>

<comp id="858" class="1004" name="icmp_ln51_21_fu_858">
<pin_list>
<pin id="859" dir="0" index="0" bw="9" slack="0"/>
<pin id="860" dir="0" index="1" bw="1" slack="0"/>
<pin id="861" dir="1" index="2" bw="1" slack="1"/>
</pin_list>
<bind>
<opcode="icmp(45) " fcode="icmp"/>
<opset="icmp_ln51_21/2 "/>
</bind>
</comp>

<comp id="864" class="1004" name="tmp_20_fu_864">
<pin_list>
<pin id="865" dir="0" index="0" bw="8" slack="0"/>
<pin id="866" dir="0" index="1" bw="252" slack="0"/>
<pin id="867" dir="0" index="2" bw="9" slack="0"/>
<pin id="868" dir="0" index="3" bw="9" slack="0"/>
<pin id="869" dir="1" index="4" bw="8" slack="1"/>
</pin_list>
<bind>
<opcode="partselect(1002) " fcode="partselect"/>
<opset="tmp_20/2 "/>
</bind>
</comp>

<comp id="874" class="1004" name="icmp_ln51_22_fu_874">
<pin_list>
<pin id="875" dir="0" index="0" bw="9" slack="0"/>
<pin id="876" dir="0" index="1" bw="1" slack="0"/>
<pin id="877" dir="1" index="2" bw="1" slack="1"/>
</pin_list>
<bind>
<opcode="icmp(45) " fcode="icmp"/>
<opset="icmp_ln51_22/2 "/>
</bind>
</comp>

<comp id="880" class="1004" name="tmp_21_fu_880">
<pin_list>
<pin id="881" dir="0" index="0" bw="8" slack="0"/>
<pin id="882" dir="0" index="1" bw="252" slack="0"/>
<pin id="883" dir="0" index="2" bw="9" slack="0"/>
<pin id="884" dir="0" index="3" bw="9" slack="0"/>
<pin id="885" dir="1" index="4" bw="8" slack="1"/>
</pin_list>
<bind>
<opcode="partselect(1002) " fcode="partselect"/>
<opset="tmp_21/2 "/>
</bind>
</comp>

<comp id="890" class="1004" name="icmp_ln51_23_fu_890">
<pin_list>
<pin id="891" dir="0" index="0" bw="9" slack="0"/>
<pin id="892" dir="0" index="1" bw="1" slack="0"/>
<pin id="893" dir="1" index="2" bw="1" slack="1"/>
</pin_list>
<bind>
<opcode="icmp(45) " fcode="icmp"/>
<opset="icmp_ln51_23/2 "/>
</bind>
</comp>

<comp id="896" class="1004" name="tmp_22_fu_896">
<pin_list>
<pin id="897" dir="0" index="0" bw="8" slack="0"/>
<pin id="898" dir="0" index="1" bw="252" slack="0"/>
<pin id="899" dir="0" index="2" bw="9" slack="0"/>
<pin id="900" dir="0" index="3" bw="9" slack="0"/>
<pin id="901" dir="1" index="4" bw="8" slack="1"/>
</pin_list>
<bind>
<opcode="partselect(1002) " fcode="partselect"/>
<opset="tmp_22/2 "/>
</bind>
</comp>

<comp id="906" class="1004" name="icmp_ln51_24_fu_906">
<pin_list>
<pin id="907" dir="0" index="0" bw="9" slack="0"/>
<pin id="908" dir="0" index="1" bw="1" slack="0"/>
<pin id="909" dir="1" index="2" bw="1" slack="1"/>
</pin_list>
<bind>
<opcode="icmp(45) " fcode="icmp"/>
<opset="icmp_ln51_24/2 "/>
</bind>
</comp>

<comp id="912" class="1004" name="tmp_23_fu_912">
<pin_list>
<pin id="913" dir="0" index="0" bw="8" slack="0"/>
<pin id="914" dir="0" index="1" bw="252" slack="0"/>
<pin id="915" dir="0" index="2" bw="9" slack="0"/>
<pin id="916" dir="0" index="3" bw="9" slack="0"/>
<pin id="917" dir="1" index="4" bw="8" slack="1"/>
</pin_list>
<bind>
<opcode="partselect(1002) " fcode="partselect"/>
<opset="tmp_23/2 "/>
</bind>
</comp>

<comp id="922" class="1004" name="icmp_ln51_25_fu_922">
<pin_list>
<pin id="923" dir="0" index="0" bw="9" slack="0"/>
<pin id="924" dir="0" index="1" bw="1" slack="0"/>
<pin id="925" dir="1" index="2" bw="1" slack="1"/>
</pin_list>
<bind>
<opcode="icmp(45) " fcode="icmp"/>
<opset="icmp_ln51_25/2 "/>
</bind>
</comp>

<comp id="928" class="1004" name="tmp_24_fu_928">
<pin_list>
<pin id="929" dir="0" index="0" bw="8" slack="0"/>
<pin id="930" dir="0" index="1" bw="252" slack="0"/>
<pin id="931" dir="0" index="2" bw="9" slack="0"/>
<pin id="932" dir="0" index="3" bw="9" slack="0"/>
<pin id="933" dir="1" index="4" bw="8" slack="1"/>
</pin_list>
<bind>
<opcode="partselect(1002) " fcode="partselect"/>
<opset="tmp_24/2 "/>
</bind>
</comp>

<comp id="938" class="1004" name="icmp_ln51_26_fu_938">
<pin_list>
<pin id="939" dir="0" index="0" bw="9" slack="0"/>
<pin id="940" dir="0" index="1" bw="1" slack="0"/>
<pin id="941" dir="1" index="2" bw="1" slack="1"/>
</pin_list>
<bind>
<opcode="icmp(45) " fcode="icmp"/>
<opset="icmp_ln51_26/2 "/>
</bind>
</comp>

<comp id="944" class="1004" name="tmp_25_fu_944">
<pin_list>
<pin id="945" dir="0" index="0" bw="8" slack="0"/>
<pin id="946" dir="0" index="1" bw="252" slack="0"/>
<pin id="947" dir="0" index="2" bw="9" slack="0"/>
<pin id="948" dir="0" index="3" bw="9" slack="0"/>
<pin id="949" dir="1" index="4" bw="8" slack="1"/>
</pin_list>
<bind>
<opcode="partselect(1002) " fcode="partselect"/>
<opset="tmp_25/2 "/>
</bind>
</comp>

<comp id="954" class="1004" name="icmp_ln51_27_fu_954">
<pin_list>
<pin id="955" dir="0" index="0" bw="9" slack="0"/>
<pin id="956" dir="0" index="1" bw="1" slack="0"/>
<pin id="957" dir="1" index="2" bw="1" slack="1"/>
</pin_list>
<bind>
<opcode="icmp(45) " fcode="icmp"/>
<opset="icmp_ln51_27/2 "/>
</bind>
</comp>

<comp id="960" class="1004" name="tmp_26_fu_960">
<pin_list>
<pin id="961" dir="0" index="0" bw="8" slack="0"/>
<pin id="962" dir="0" index="1" bw="252" slack="0"/>
<pin id="963" dir="0" index="2" bw="9" slack="0"/>
<pin id="964" dir="0" index="3" bw="9" slack="0"/>
<pin id="965" dir="1" index="4" bw="8" slack="1"/>
</pin_list>
<bind>
<opcode="partselect(1002) " fcode="partselect"/>
<opset="tmp_26/2 "/>
</bind>
</comp>

<comp id="970" class="1004" name="out_data_fu_970">
<pin_list>
<pin id="971" dir="0" index="0" bw="14" slack="0"/>
<pin id="972" dir="0" index="1" bw="8" slack="1"/>
<pin id="973" dir="0" index="2" bw="1" slack="0"/>
<pin id="974" dir="1" index="3" bw="14" slack="0"/>
</pin_list>
<bind>
<opcode="bitconcatenate(1004) " fcode="bitconcatenate"/>
<opset="out_data/3 "/>
</bind>
</comp>

<comp id="977" class="1004" name="out_data_1_fu_977">
<pin_list>
<pin id="978" dir="0" index="0" bw="1" slack="1"/>
<pin id="979" dir="0" index="1" bw="14" slack="0"/>
<pin id="980" dir="0" index="2" bw="1" slack="0"/>
<pin id="981" dir="1" index="3" bw="14" slack="0"/>
</pin_list>
<bind>
<opcode="select(49) " fcode="select"/>
<opset="out_data_1/3 "/>
</bind>
</comp>

<comp id="984" class="1004" name="zext_ln45_fu_984">
<pin_list>
<pin id="985" dir="0" index="0" bw="14" slack="0"/>
<pin id="986" dir="1" index="1" bw="16" slack="0"/>
</pin_list>
<bind>
<opcode="zext(34) " fcode="zext"/>
<opset="zext_ln45/3 "/>
</bind>
</comp>

<comp id="988" class="1004" name="out_data_2_fu_988">
<pin_list>
<pin id="989" dir="0" index="0" bw="14" slack="0"/>
<pin id="990" dir="0" index="1" bw="8" slack="1"/>
<pin id="991" dir="0" index="2" bw="1" slack="0"/>
<pin id="992" dir="1" index="3" bw="14" slack="0"/>
</pin_list>
<bind>
<opcode="bitconcatenate(1004) " fcode="bitconcatenate"/>
<opset="out_data_2/3 "/>
</bind>
</comp>

<comp id="995" class="1004" name="out_data_3_fu_995">
<pin_list>
<pin id="996" dir="0" index="0" bw="1" slack="1"/>
<pin id="997" dir="0" index="1" bw="14" slack="0"/>
<pin id="998" dir="0" index="2" bw="1" slack="0"/>
<pin id="999" dir="1" index="3" bw="14" slack="0"/>
</pin_list>
<bind>
<opcode="select(49) " fcode="select"/>
<opset="out_data_3/3 "/>
</bind>
</comp>

<comp id="1002" class="1004" name="zext_ln45_1_fu_1002">
<pin_list>
<pin id="1003" dir="0" index="0" bw="14" slack="0"/>
<pin id="1004" dir="1" index="1" bw="16" slack="0"/>
</pin_list>
<bind>
<opcode="zext(34) " fcode="zext"/>
<opset="zext_ln45_1/3 "/>
</bind>
</comp>

<comp id="1006" class="1004" name="out_data_4_fu_1006">
<pin_list>
<pin id="1007" dir="0" index="0" bw="14" slack="0"/>
<pin id="1008" dir="0" index="1" bw="8" slack="1"/>
<pin id="1009" dir="0" index="2" bw="1" slack="0"/>
<pin id="1010" dir="1" index="3" bw="14" slack="0"/>
</pin_list>
<bind>
<opcode="bitconcatenate(1004) " fcode="bitconcatenate"/>
<opset="out_data_4/3 "/>
</bind>
</comp>

<comp id="1013" class="1004" name="out_data_5_fu_1013">
<pin_list>
<pin id="1014" dir="0" index="0" bw="1" slack="1"/>
<pin id="1015" dir="0" index="1" bw="14" slack="0"/>
<pin id="1016" dir="0" index="2" bw="1" slack="0"/>
<pin id="1017" dir="1" index="3" bw="14" slack="0"/>
</pin_list>
<bind>
<opcode="select(49) " fcode="select"/>
<opset="out_data_5/3 "/>
</bind>
</comp>

<comp id="1020" class="1004" name="zext_ln45_2_fu_1020">
<pin_list>
<pin id="1021" dir="0" index="0" bw="14" slack="0"/>
<pin id="1022" dir="1" index="1" bw="16" slack="0"/>
</pin_list>
<bind>
<opcode="zext(34) " fcode="zext"/>
<opset="zext_ln45_2/3 "/>
</bind>
</comp>

<comp id="1024" class="1004" name="out_data_6_fu_1024">
<pin_list>
<pin id="1025" dir="0" index="0" bw="14" slack="0"/>
<pin id="1026" dir="0" index="1" bw="8" slack="1"/>
<pin id="1027" dir="0" index="2" bw="1" slack="0"/>
<pin id="1028" dir="1" index="3" bw="14" slack="0"/>
</pin_list>
<bind>
<opcode="bitconcatenate(1004) " fcode="bitconcatenate"/>
<opset="out_data_6/3 "/>
</bind>
</comp>

<comp id="1031" class="1004" name="out_data_7_fu_1031">
<pin_list>
<pin id="1032" dir="0" index="0" bw="1" slack="1"/>
<pin id="1033" dir="0" index="1" bw="14" slack="0"/>
<pin id="1034" dir="0" index="2" bw="1" slack="0"/>
<pin id="1035" dir="1" index="3" bw="14" slack="0"/>
</pin_list>
<bind>
<opcode="select(49) " fcode="select"/>
<opset="out_data_7/3 "/>
</bind>
</comp>

<comp id="1038" class="1004" name="zext_ln45_3_fu_1038">
<pin_list>
<pin id="1039" dir="0" index="0" bw="14" slack="0"/>
<pin id="1040" dir="1" index="1" bw="16" slack="0"/>
</pin_list>
<bind>
<opcode="zext(34) " fcode="zext"/>
<opset="zext_ln45_3/3 "/>
</bind>
</comp>

<comp id="1042" class="1004" name="shl_ln_fu_1042">
<pin_list>
<pin id="1043" dir="0" index="0" bw="14" slack="0"/>
<pin id="1044" dir="0" index="1" bw="8" slack="1"/>
<pin id="1045" dir="0" index="2" bw="1" slack="0"/>
<pin id="1046" dir="1" index="3" bw="14" slack="0"/>
</pin_list>
<bind>
<opcode="bitconcatenate(1004) " fcode="bitconcatenate"/>
<opset="shl_ln/3 "/>
</bind>
</comp>

<comp id="1049" class="1004" name="select_ln51_fu_1049">
<pin_list>
<pin id="1050" dir="0" index="0" bw="1" slack="1"/>
<pin id="1051" dir="0" index="1" bw="14" slack="0"/>
<pin id="1052" dir="0" index="2" bw="1" slack="0"/>
<pin id="1053" dir="1" index="3" bw="14" slack="0"/>
</pin_list>
<bind>
<opcode="select(49) " fcode="select"/>
<opset="select_ln51/3 "/>
</bind>
</comp>

<comp id="1056" class="1004" name="zext_ln51_fu_1056">
<pin_list>
<pin id="1057" dir="0" index="0" bw="14" slack="0"/>
<pin id="1058" dir="1" index="1" bw="16" slack="0"/>
</pin_list>
<bind>
<opcode="zext(34) " fcode="zext"/>
<opset="zext_ln51/3 "/>
</bind>
</comp>

<comp id="1060" class="1004" name="shl_ln52_1_fu_1060">
<pin_list>
<pin id="1061" dir="0" index="0" bw="14" slack="0"/>
<pin id="1062" dir="0" index="1" bw="8" slack="1"/>
<pin id="1063" dir="0" index="2" bw="1" slack="0"/>
<pin id="1064" dir="1" index="3" bw="14" slack="0"/>
</pin_list>
<bind>
<opcode="bitconcatenate(1004) " fcode="bitconcatenate"/>
<opset="shl_ln52_1/3 "/>
</bind>
</comp>

<comp id="1067" class="1004" name="select_ln51_1_fu_1067">
<pin_list>
<pin id="1068" dir="0" index="0" bw="1" slack="1"/>
<pin id="1069" dir="0" index="1" bw="14" slack="0"/>
<pin id="1070" dir="0" index="2" bw="1" slack="0"/>
<pin id="1071" dir="1" index="3" bw="14" slack="0"/>
</pin_list>
<bind>
<opcode="select(49) " fcode="select"/>
<opset="select_ln51_1/3 "/>
</bind>
</comp>

<comp id="1074" class="1004" name="zext_ln51_1_fu_1074">
<pin_list>
<pin id="1075" dir="0" index="0" bw="14" slack="0"/>
<pin id="1076" dir="1" index="1" bw="16" slack="0"/>
</pin_list>
<bind>
<opcode="zext(34) " fcode="zext"/>
<opset="zext_ln51_1/3 "/>
</bind>
</comp>

<comp id="1078" class="1004" name="shl_ln52_2_fu_1078">
<pin_list>
<pin id="1079" dir="0" index="0" bw="14" slack="0"/>
<pin id="1080" dir="0" index="1" bw="8" slack="1"/>
<pin id="1081" dir="0" index="2" bw="1" slack="0"/>
<pin id="1082" dir="1" index="3" bw="14" slack="0"/>
</pin_list>
<bind>
<opcode="bitconcatenate(1004) " fcode="bitconcatenate"/>
<opset="shl_ln52_2/3 "/>
</bind>
</comp>

<comp id="1085" class="1004" name="select_ln51_2_fu_1085">
<pin_list>
<pin id="1086" dir="0" index="0" bw="1" slack="1"/>
<pin id="1087" dir="0" index="1" bw="14" slack="0"/>
<pin id="1088" dir="0" index="2" bw="1" slack="0"/>
<pin id="1089" dir="1" index="3" bw="14" slack="0"/>
</pin_list>
<bind>
<opcode="select(49) " fcode="select"/>
<opset="select_ln51_2/3 "/>
</bind>
</comp>

<comp id="1092" class="1004" name="zext_ln51_2_fu_1092">
<pin_list>
<pin id="1093" dir="0" index="0" bw="14" slack="0"/>
<pin id="1094" dir="1" index="1" bw="16" slack="0"/>
</pin_list>
<bind>
<opcode="zext(34) " fcode="zext"/>
<opset="zext_ln51_2/3 "/>
</bind>
</comp>

<comp id="1096" class="1004" name="shl_ln52_3_fu_1096">
<pin_list>
<pin id="1097" dir="0" index="0" bw="14" slack="0"/>
<pin id="1098" dir="0" index="1" bw="8" slack="1"/>
<pin id="1099" dir="0" index="2" bw="1" slack="0"/>
<pin id="1100" dir="1" index="3" bw="14" slack="0"/>
</pin_list>
<bind>
<opcode="bitconcatenate(1004) " fcode="bitconcatenate"/>
<opset="shl_ln52_3/3 "/>
</bind>
</comp>

<comp id="1103" class="1004" name="select_ln51_3_fu_1103">
<pin_list>
<pin id="1104" dir="0" index="0" bw="1" slack="1"/>
<pin id="1105" dir="0" index="1" bw="14" slack="0"/>
<pin id="1106" dir="0" index="2" bw="1" slack="0"/>
<pin id="1107" dir="1" index="3" bw="14" slack="0"/>
</pin_list>
<bind>
<opcode="select(49) " fcode="select"/>
<opset="select_ln51_3/3 "/>
</bind>
</comp>

<comp id="1110" class="1004" name="zext_ln51_3_fu_1110">
<pin_list>
<pin id="1111" dir="0" index="0" bw="14" slack="0"/>
<pin id="1112" dir="1" index="1" bw="16" slack="0"/>
</pin_list>
<bind>
<opcode="zext(34) " fcode="zext"/>
<opset="zext_ln51_3/3 "/>
</bind>
</comp>

<comp id="1114" class="1004" name="shl_ln52_4_fu_1114">
<pin_list>
<pin id="1115" dir="0" index="0" bw="14" slack="0"/>
<pin id="1116" dir="0" index="1" bw="8" slack="1"/>
<pin id="1117" dir="0" index="2" bw="1" slack="0"/>
<pin id="1118" dir="1" index="3" bw="14" slack="0"/>
</pin_list>
<bind>
<opcode="bitconcatenate(1004) " fcode="bitconcatenate"/>
<opset="shl_ln52_4/3 "/>
</bind>
</comp>

<comp id="1121" class="1004" name="select_ln51_4_fu_1121">
<pin_list>
<pin id="1122" dir="0" index="0" bw="1" slack="1"/>
<pin id="1123" dir="0" index="1" bw="14" slack="0"/>
<pin id="1124" dir="0" index="2" bw="1" slack="0"/>
<pin id="1125" dir="1" index="3" bw="14" slack="0"/>
</pin_list>
<bind>
<opcode="select(49) " fcode="select"/>
<opset="select_ln51_4/3 "/>
</bind>
</comp>

<comp id="1128" class="1004" name="zext_ln51_4_fu_1128">
<pin_list>
<pin id="1129" dir="0" index="0" bw="14" slack="0"/>
<pin id="1130" dir="1" index="1" bw="16" slack="0"/>
</pin_list>
<bind>
<opcode="zext(34) " fcode="zext"/>
<opset="zext_ln51_4/3 "/>
</bind>
</comp>

<comp id="1132" class="1004" name="shl_ln52_5_fu_1132">
<pin_list>
<pin id="1133" dir="0" index="0" bw="14" slack="0"/>
<pin id="1134" dir="0" index="1" bw="8" slack="1"/>
<pin id="1135" dir="0" index="2" bw="1" slack="0"/>
<pin id="1136" dir="1" index="3" bw="14" slack="0"/>
</pin_list>
<bind>
<opcode="bitconcatenate(1004) " fcode="bitconcatenate"/>
<opset="shl_ln52_5/3 "/>
</bind>
</comp>

<comp id="1139" class="1004" name="select_ln51_5_fu_1139">
<pin_list>
<pin id="1140" dir="0" index="0" bw="1" slack="1"/>
<pin id="1141" dir="0" index="1" bw="14" slack="0"/>
<pin id="1142" dir="0" index="2" bw="1" slack="0"/>
<pin id="1143" dir="1" index="3" bw="14" slack="0"/>
</pin_list>
<bind>
<opcode="select(49) " fcode="select"/>
<opset="select_ln51_5/3 "/>
</bind>
</comp>

<comp id="1146" class="1004" name="zext_ln51_5_fu_1146">
<pin_list>
<pin id="1147" dir="0" index="0" bw="14" slack="0"/>
<pin id="1148" dir="1" index="1" bw="16" slack="0"/>
</pin_list>
<bind>
<opcode="zext(34) " fcode="zext"/>
<opset="zext_ln51_5/3 "/>
</bind>
</comp>

<comp id="1150" class="1004" name="shl_ln52_6_fu_1150">
<pin_list>
<pin id="1151" dir="0" index="0" bw="14" slack="0"/>
<pin id="1152" dir="0" index="1" bw="8" slack="1"/>
<pin id="1153" dir="0" index="2" bw="1" slack="0"/>
<pin id="1154" dir="1" index="3" bw="14" slack="0"/>
</pin_list>
<bind>
<opcode="bitconcatenate(1004) " fcode="bitconcatenate"/>
<opset="shl_ln52_6/3 "/>
</bind>
</comp>

<comp id="1157" class="1004" name="select_ln51_6_fu_1157">
<pin_list>
<pin id="1158" dir="0" index="0" bw="1" slack="1"/>
<pin id="1159" dir="0" index="1" bw="14" slack="0"/>
<pin id="1160" dir="0" index="2" bw="1" slack="0"/>
<pin id="1161" dir="1" index="3" bw="14" slack="0"/>
</pin_list>
<bind>
<opcode="select(49) " fcode="select"/>
<opset="select_ln51_6/3 "/>
</bind>
</comp>

<comp id="1164" class="1004" name="zext_ln51_6_fu_1164">
<pin_list>
<pin id="1165" dir="0" index="0" bw="14" slack="0"/>
<pin id="1166" dir="1" index="1" bw="16" slack="0"/>
</pin_list>
<bind>
<opcode="zext(34) " fcode="zext"/>
<opset="zext_ln51_6/3 "/>
</bind>
</comp>

<comp id="1168" class="1004" name="shl_ln52_7_fu_1168">
<pin_list>
<pin id="1169" dir="0" index="0" bw="14" slack="0"/>
<pin id="1170" dir="0" index="1" bw="8" slack="1"/>
<pin id="1171" dir="0" index="2" bw="1" slack="0"/>
<pin id="1172" dir="1" index="3" bw="14" slack="0"/>
</pin_list>
<bind>
<opcode="bitconcatenate(1004) " fcode="bitconcatenate"/>
<opset="shl_ln52_7/3 "/>
</bind>
</comp>

<comp id="1175" class="1004" name="select_ln51_7_fu_1175">
<pin_list>
<pin id="1176" dir="0" index="0" bw="1" slack="1"/>
<pin id="1177" dir="0" index="1" bw="14" slack="0"/>
<pin id="1178" dir="0" index="2" bw="1" slack="0"/>
<pin id="1179" dir="1" index="3" bw="14" slack="0"/>
</pin_list>
<bind>
<opcode="select(49) " fcode="select"/>
<opset="select_ln51_7/3 "/>
</bind>
</comp>

<comp id="1182" class="1004" name="zext_ln51_7_fu_1182">
<pin_list>
<pin id="1183" dir="0" index="0" bw="14" slack="0"/>
<pin id="1184" dir="1" index="1" bw="16" slack="0"/>
</pin_list>
<bind>
<opcode="zext(34) " fcode="zext"/>
<opset="zext_ln51_7/3 "/>
</bind>
</comp>

<comp id="1186" class="1004" name="shl_ln52_8_fu_1186">
<pin_list>
<pin id="1187" dir="0" index="0" bw="14" slack="0"/>
<pin id="1188" dir="0" index="1" bw="8" slack="1"/>
<pin id="1189" dir="0" index="2" bw="1" slack="0"/>
<pin id="1190" dir="1" index="3" bw="14" slack="0"/>
</pin_list>
<bind>
<opcode="bitconcatenate(1004) " fcode="bitconcatenate"/>
<opset="shl_ln52_8/3 "/>
</bind>
</comp>

<comp id="1193" class="1004" name="select_ln51_8_fu_1193">
<pin_list>
<pin id="1194" dir="0" index="0" bw="1" slack="1"/>
<pin id="1195" dir="0" index="1" bw="14" slack="0"/>
<pin id="1196" dir="0" index="2" bw="1" slack="0"/>
<pin id="1197" dir="1" index="3" bw="14" slack="0"/>
</pin_list>
<bind>
<opcode="select(49) " fcode="select"/>
<opset="select_ln51_8/3 "/>
</bind>
</comp>

<comp id="1200" class="1004" name="zext_ln51_8_fu_1200">
<pin_list>
<pin id="1201" dir="0" index="0" bw="14" slack="0"/>
<pin id="1202" dir="1" index="1" bw="16" slack="0"/>
</pin_list>
<bind>
<opcode="zext(34) " fcode="zext"/>
<opset="zext_ln51_8/3 "/>
</bind>
</comp>

<comp id="1204" class="1004" name="shl_ln52_9_fu_1204">
<pin_list>
<pin id="1205" dir="0" index="0" bw="14" slack="0"/>
<pin id="1206" dir="0" index="1" bw="8" slack="1"/>
<pin id="1207" dir="0" index="2" bw="1" slack="0"/>
<pin id="1208" dir="1" index="3" bw="14" slack="0"/>
</pin_list>
<bind>
<opcode="bitconcatenate(1004) " fcode="bitconcatenate"/>
<opset="shl_ln52_9/3 "/>
</bind>
</comp>

<comp id="1211" class="1004" name="select_ln51_9_fu_1211">
<pin_list>
<pin id="1212" dir="0" index="0" bw="1" slack="1"/>
<pin id="1213" dir="0" index="1" bw="14" slack="0"/>
<pin id="1214" dir="0" index="2" bw="1" slack="0"/>
<pin id="1215" dir="1" index="3" bw="14" slack="0"/>
</pin_list>
<bind>
<opcode="select(49) " fcode="select"/>
<opset="select_ln51_9/3 "/>
</bind>
</comp>

<comp id="1218" class="1004" name="zext_ln51_9_fu_1218">
<pin_list>
<pin id="1219" dir="0" index="0" bw="14" slack="0"/>
<pin id="1220" dir="1" index="1" bw="16" slack="0"/>
</pin_list>
<bind>
<opcode="zext(34) " fcode="zext"/>
<opset="zext_ln51_9/3 "/>
</bind>
</comp>

<comp id="1222" class="1004" name="shl_ln52_s_fu_1222">
<pin_list>
<pin id="1223" dir="0" index="0" bw="14" slack="0"/>
<pin id="1224" dir="0" index="1" bw="8" slack="1"/>
<pin id="1225" dir="0" index="2" bw="1" slack="0"/>
<pin id="1226" dir="1" index="3" bw="14" slack="0"/>
</pin_list>
<bind>
<opcode="bitconcatenate(1004) " fcode="bitconcatenate"/>
<opset="shl_ln52_s/3 "/>
</bind>
</comp>

<comp id="1229" class="1004" name="select_ln51_10_fu_1229">
<pin_list>
<pin id="1230" dir="0" index="0" bw="1" slack="1"/>
<pin id="1231" dir="0" index="1" bw="14" slack="0"/>
<pin id="1232" dir="0" index="2" bw="1" slack="0"/>
<pin id="1233" dir="1" index="3" bw="14" slack="0"/>
</pin_list>
<bind>
<opcode="select(49) " fcode="select"/>
<opset="select_ln51_10/3 "/>
</bind>
</comp>

<comp id="1236" class="1004" name="zext_ln51_10_fu_1236">
<pin_list>
<pin id="1237" dir="0" index="0" bw="14" slack="0"/>
<pin id="1238" dir="1" index="1" bw="16" slack="0"/>
</pin_list>
<bind>
<opcode="zext(34) " fcode="zext"/>
<opset="zext_ln51_10/3 "/>
</bind>
</comp>

<comp id="1240" class="1004" name="shl_ln52_10_fu_1240">
<pin_list>
<pin id="1241" dir="0" index="0" bw="14" slack="0"/>
<pin id="1242" dir="0" index="1" bw="8" slack="1"/>
<pin id="1243" dir="0" index="2" bw="1" slack="0"/>
<pin id="1244" dir="1" index="3" bw="14" slack="0"/>
</pin_list>
<bind>
<opcode="bitconcatenate(1004) " fcode="bitconcatenate"/>
<opset="shl_ln52_10/3 "/>
</bind>
</comp>

<comp id="1247" class="1004" name="select_ln51_11_fu_1247">
<pin_list>
<pin id="1248" dir="0" index="0" bw="1" slack="1"/>
<pin id="1249" dir="0" index="1" bw="14" slack="0"/>
<pin id="1250" dir="0" index="2" bw="1" slack="0"/>
<pin id="1251" dir="1" index="3" bw="14" slack="0"/>
</pin_list>
<bind>
<opcode="select(49) " fcode="select"/>
<opset="select_ln51_11/3 "/>
</bind>
</comp>

<comp id="1254" class="1004" name="zext_ln51_11_fu_1254">
<pin_list>
<pin id="1255" dir="0" index="0" bw="14" slack="0"/>
<pin id="1256" dir="1" index="1" bw="16" slack="0"/>
</pin_list>
<bind>
<opcode="zext(34) " fcode="zext"/>
<opset="zext_ln51_11/3 "/>
</bind>
</comp>

<comp id="1258" class="1004" name="shl_ln52_11_fu_1258">
<pin_list>
<pin id="1259" dir="0" index="0" bw="14" slack="0"/>
<pin id="1260" dir="0" index="1" bw="8" slack="1"/>
<pin id="1261" dir="0" index="2" bw="1" slack="0"/>
<pin id="1262" dir="1" index="3" bw="14" slack="0"/>
</pin_list>
<bind>
<opcode="bitconcatenate(1004) " fcode="bitconcatenate"/>
<opset="shl_ln52_11/3 "/>
</bind>
</comp>

<comp id="1265" class="1004" name="select_ln51_12_fu_1265">
<pin_list>
<pin id="1266" dir="0" index="0" bw="1" slack="1"/>
<pin id="1267" dir="0" index="1" bw="14" slack="0"/>
<pin id="1268" dir="0" index="2" bw="1" slack="0"/>
<pin id="1269" dir="1" index="3" bw="14" slack="0"/>
</pin_list>
<bind>
<opcode="select(49) " fcode="select"/>
<opset="select_ln51_12/3 "/>
</bind>
</comp>

<comp id="1272" class="1004" name="zext_ln51_12_fu_1272">
<pin_list>
<pin id="1273" dir="0" index="0" bw="14" slack="0"/>
<pin id="1274" dir="1" index="1" bw="16" slack="0"/>
</pin_list>
<bind>
<opcode="zext(34) " fcode="zext"/>
<opset="zext_ln51_12/3 "/>
</bind>
</comp>

<comp id="1276" class="1004" name="shl_ln52_12_fu_1276">
<pin_list>
<pin id="1277" dir="0" index="0" bw="14" slack="0"/>
<pin id="1278" dir="0" index="1" bw="8" slack="1"/>
<pin id="1279" dir="0" index="2" bw="1" slack="0"/>
<pin id="1280" dir="1" index="3" bw="14" slack="0"/>
</pin_list>
<bind>
<opcode="bitconcatenate(1004) " fcode="bitconcatenate"/>
<opset="shl_ln52_12/3 "/>
</bind>
</comp>

<comp id="1283" class="1004" name="select_ln51_13_fu_1283">
<pin_list>
<pin id="1284" dir="0" index="0" bw="1" slack="1"/>
<pin id="1285" dir="0" index="1" bw="14" slack="0"/>
<pin id="1286" dir="0" index="2" bw="1" slack="0"/>
<pin id="1287" dir="1" index="3" bw="14" slack="0"/>
</pin_list>
<bind>
<opcode="select(49) " fcode="select"/>
<opset="select_ln51_13/3 "/>
</bind>
</comp>

<comp id="1290" class="1004" name="zext_ln51_13_fu_1290">
<pin_list>
<pin id="1291" dir="0" index="0" bw="14" slack="0"/>
<pin id="1292" dir="1" index="1" bw="16" slack="0"/>
</pin_list>
<bind>
<opcode="zext(34) " fcode="zext"/>
<opset="zext_ln51_13/3 "/>
</bind>
</comp>

<comp id="1294" class="1004" name="shl_ln52_13_fu_1294">
<pin_list>
<pin id="1295" dir="0" index="0" bw="14" slack="0"/>
<pin id="1296" dir="0" index="1" bw="8" slack="1"/>
<pin id="1297" dir="0" index="2" bw="1" slack="0"/>
<pin id="1298" dir="1" index="3" bw="14" slack="0"/>
</pin_list>
<bind>
<opcode="bitconcatenate(1004) " fcode="bitconcatenate"/>
<opset="shl_ln52_13/3 "/>
</bind>
</comp>

<comp id="1301" class="1004" name="select_ln51_14_fu_1301">
<pin_list>
<pin id="1302" dir="0" index="0" bw="1" slack="1"/>
<pin id="1303" dir="0" index="1" bw="14" slack="0"/>
<pin id="1304" dir="0" index="2" bw="1" slack="0"/>
<pin id="1305" dir="1" index="3" bw="14" slack="0"/>
</pin_list>
<bind>
<opcode="select(49) " fcode="select"/>
<opset="select_ln51_14/3 "/>
</bind>
</comp>

<comp id="1308" class="1004" name="zext_ln51_14_fu_1308">
<pin_list>
<pin id="1309" dir="0" index="0" bw="14" slack="0"/>
<pin id="1310" dir="1" index="1" bw="16" slack="0"/>
</pin_list>
<bind>
<opcode="zext(34) " fcode="zext"/>
<opset="zext_ln51_14/3 "/>
</bind>
</comp>

<comp id="1312" class="1004" name="shl_ln52_14_fu_1312">
<pin_list>
<pin id="1313" dir="0" index="0" bw="14" slack="0"/>
<pin id="1314" dir="0" index="1" bw="8" slack="1"/>
<pin id="1315" dir="0" index="2" bw="1" slack="0"/>
<pin id="1316" dir="1" index="3" bw="14" slack="0"/>
</pin_list>
<bind>
<opcode="bitconcatenate(1004) " fcode="bitconcatenate"/>
<opset="shl_ln52_14/3 "/>
</bind>
</comp>

<comp id="1319" class="1004" name="select_ln51_15_fu_1319">
<pin_list>
<pin id="1320" dir="0" index="0" bw="1" slack="1"/>
<pin id="1321" dir="0" index="1" bw="14" slack="0"/>
<pin id="1322" dir="0" index="2" bw="1" slack="0"/>
<pin id="1323" dir="1" index="3" bw="14" slack="0"/>
</pin_list>
<bind>
<opcode="select(49) " fcode="select"/>
<opset="select_ln51_15/3 "/>
</bind>
</comp>

<comp id="1326" class="1004" name="zext_ln51_15_fu_1326">
<pin_list>
<pin id="1327" dir="0" index="0" bw="14" slack="0"/>
<pin id="1328" dir="1" index="1" bw="16" slack="0"/>
</pin_list>
<bind>
<opcode="zext(34) " fcode="zext"/>
<opset="zext_ln51_15/3 "/>
</bind>
</comp>

<comp id="1330" class="1004" name="shl_ln52_15_fu_1330">
<pin_list>
<pin id="1331" dir="0" index="0" bw="14" slack="0"/>
<pin id="1332" dir="0" index="1" bw="8" slack="1"/>
<pin id="1333" dir="0" index="2" bw="1" slack="0"/>
<pin id="1334" dir="1" index="3" bw="14" slack="0"/>
</pin_list>
<bind>
<opcode="bitconcatenate(1004) " fcode="bitconcatenate"/>
<opset="shl_ln52_15/3 "/>
</bind>
</comp>

<comp id="1337" class="1004" name="select_ln51_16_fu_1337">
<pin_list>
<pin id="1338" dir="0" index="0" bw="1" slack="1"/>
<pin id="1339" dir="0" index="1" bw="14" slack="0"/>
<pin id="1340" dir="0" index="2" bw="1" slack="0"/>
<pin id="1341" dir="1" index="3" bw="14" slack="0"/>
</pin_list>
<bind>
<opcode="select(49) " fcode="select"/>
<opset="select_ln51_16/3 "/>
</bind>
</comp>

<comp id="1344" class="1004" name="zext_ln51_16_fu_1344">
<pin_list>
<pin id="1345" dir="0" index="0" bw="14" slack="0"/>
<pin id="1346" dir="1" index="1" bw="16" slack="0"/>
</pin_list>
<bind>
<opcode="zext(34) " fcode="zext"/>
<opset="zext_ln51_16/3 "/>
</bind>
</comp>

<comp id="1348" class="1004" name="shl_ln52_16_fu_1348">
<pin_list>
<pin id="1349" dir="0" index="0" bw="14" slack="0"/>
<pin id="1350" dir="0" index="1" bw="8" slack="1"/>
<pin id="1351" dir="0" index="2" bw="1" slack="0"/>
<pin id="1352" dir="1" index="3" bw="14" slack="0"/>
</pin_list>
<bind>
<opcode="bitconcatenate(1004) " fcode="bitconcatenate"/>
<opset="shl_ln52_16/3 "/>
</bind>
</comp>

<comp id="1355" class="1004" name="select_ln51_17_fu_1355">
<pin_list>
<pin id="1356" dir="0" index="0" bw="1" slack="1"/>
<pin id="1357" dir="0" index="1" bw="14" slack="0"/>
<pin id="1358" dir="0" index="2" bw="1" slack="0"/>
<pin id="1359" dir="1" index="3" bw="14" slack="0"/>
</pin_list>
<bind>
<opcode="select(49) " fcode="select"/>
<opset="select_ln51_17/3 "/>
</bind>
</comp>

<comp id="1362" class="1004" name="zext_ln51_17_fu_1362">
<pin_list>
<pin id="1363" dir="0" index="0" bw="14" slack="0"/>
<pin id="1364" dir="1" index="1" bw="16" slack="0"/>
</pin_list>
<bind>
<opcode="zext(34) " fcode="zext"/>
<opset="zext_ln51_17/3 "/>
</bind>
</comp>

<comp id="1366" class="1004" name="shl_ln52_17_fu_1366">
<pin_list>
<pin id="1367" dir="0" index="0" bw="14" slack="0"/>
<pin id="1368" dir="0" index="1" bw="8" slack="1"/>
<pin id="1369" dir="0" index="2" bw="1" slack="0"/>
<pin id="1370" dir="1" index="3" bw="14" slack="0"/>
</pin_list>
<bind>
<opcode="bitconcatenate(1004) " fcode="bitconcatenate"/>
<opset="shl_ln52_17/3 "/>
</bind>
</comp>

<comp id="1373" class="1004" name="select_ln51_18_fu_1373">
<pin_list>
<pin id="1374" dir="0" index="0" bw="1" slack="1"/>
<pin id="1375" dir="0" index="1" bw="14" slack="0"/>
<pin id="1376" dir="0" index="2" bw="1" slack="0"/>
<pin id="1377" dir="1" index="3" bw="14" slack="0"/>
</pin_list>
<bind>
<opcode="select(49) " fcode="select"/>
<opset="select_ln51_18/3 "/>
</bind>
</comp>

<comp id="1380" class="1004" name="zext_ln51_18_fu_1380">
<pin_list>
<pin id="1381" dir="0" index="0" bw="14" slack="0"/>
<pin id="1382" dir="1" index="1" bw="16" slack="0"/>
</pin_list>
<bind>
<opcode="zext(34) " fcode="zext"/>
<opset="zext_ln51_18/3 "/>
</bind>
</comp>

<comp id="1384" class="1004" name="shl_ln52_18_fu_1384">
<pin_list>
<pin id="1385" dir="0" index="0" bw="14" slack="0"/>
<pin id="1386" dir="0" index="1" bw="8" slack="1"/>
<pin id="1387" dir="0" index="2" bw="1" slack="0"/>
<pin id="1388" dir="1" index="3" bw="14" slack="0"/>
</pin_list>
<bind>
<opcode="bitconcatenate(1004) " fcode="bitconcatenate"/>
<opset="shl_ln52_18/3 "/>
</bind>
</comp>

<comp id="1391" class="1004" name="select_ln51_19_fu_1391">
<pin_list>
<pin id="1392" dir="0" index="0" bw="1" slack="1"/>
<pin id="1393" dir="0" index="1" bw="14" slack="0"/>
<pin id="1394" dir="0" index="2" bw="1" slack="0"/>
<pin id="1395" dir="1" index="3" bw="14" slack="0"/>
</pin_list>
<bind>
<opcode="select(49) " fcode="select"/>
<opset="select_ln51_19/3 "/>
</bind>
</comp>

<comp id="1398" class="1004" name="zext_ln51_19_fu_1398">
<pin_list>
<pin id="1399" dir="0" index="0" bw="14" slack="0"/>
<pin id="1400" dir="1" index="1" bw="16" slack="0"/>
</pin_list>
<bind>
<opcode="zext(34) " fcode="zext"/>
<opset="zext_ln51_19/3 "/>
</bind>
</comp>

<comp id="1402" class="1004" name="shl_ln52_19_fu_1402">
<pin_list>
<pin id="1403" dir="0" index="0" bw="14" slack="0"/>
<pin id="1404" dir="0" index="1" bw="8" slack="1"/>
<pin id="1405" dir="0" index="2" bw="1" slack="0"/>
<pin id="1406" dir="1" index="3" bw="14" slack="0"/>
</pin_list>
<bind>
<opcode="bitconcatenate(1004) " fcode="bitconcatenate"/>
<opset="shl_ln52_19/3 "/>
</bind>
</comp>

<comp id="1409" class="1004" name="select_ln51_20_fu_1409">
<pin_list>
<pin id="1410" dir="0" index="0" bw="1" slack="1"/>
<pin id="1411" dir="0" index="1" bw="14" slack="0"/>
<pin id="1412" dir="0" index="2" bw="1" slack="0"/>
<pin id="1413" dir="1" index="3" bw="14" slack="0"/>
</pin_list>
<bind>
<opcode="select(49) " fcode="select"/>
<opset="select_ln51_20/3 "/>
</bind>
</comp>

<comp id="1416" class="1004" name="zext_ln51_20_fu_1416">
<pin_list>
<pin id="1417" dir="0" index="0" bw="14" slack="0"/>
<pin id="1418" dir="1" index="1" bw="16" slack="0"/>
</pin_list>
<bind>
<opcode="zext(34) " fcode="zext"/>
<opset="zext_ln51_20/3 "/>
</bind>
</comp>

<comp id="1420" class="1004" name="shl_ln52_20_fu_1420">
<pin_list>
<pin id="1421" dir="0" index="0" bw="14" slack="0"/>
<pin id="1422" dir="0" index="1" bw="8" slack="1"/>
<pin id="1423" dir="0" index="2" bw="1" slack="0"/>
<pin id="1424" dir="1" index="3" bw="14" slack="0"/>
</pin_list>
<bind>
<opcode="bitconcatenate(1004) " fcode="bitconcatenate"/>
<opset="shl_ln52_20/3 "/>
</bind>
</comp>

<comp id="1427" class="1004" name="select_ln51_21_fu_1427">
<pin_list>
<pin id="1428" dir="0" index="0" bw="1" slack="1"/>
<pin id="1429" dir="0" index="1" bw="14" slack="0"/>
<pin id="1430" dir="0" index="2" bw="1" slack="0"/>
<pin id="1431" dir="1" index="3" bw="14" slack="0"/>
</pin_list>
<bind>
<opcode="select(49) " fcode="select"/>
<opset="select_ln51_21/3 "/>
</bind>
</comp>

<comp id="1434" class="1004" name="zext_ln51_21_fu_1434">
<pin_list>
<pin id="1435" dir="0" index="0" bw="14" slack="0"/>
<pin id="1436" dir="1" index="1" bw="16" slack="0"/>
</pin_list>
<bind>
<opcode="zext(34) " fcode="zext"/>
<opset="zext_ln51_21/3 "/>
</bind>
</comp>

<comp id="1438" class="1004" name="shl_ln52_21_fu_1438">
<pin_list>
<pin id="1439" dir="0" index="0" bw="14" slack="0"/>
<pin id="1440" dir="0" index="1" bw="8" slack="1"/>
<pin id="1441" dir="0" index="2" bw="1" slack="0"/>
<pin id="1442" dir="1" index="3" bw="14" slack="0"/>
</pin_list>
<bind>
<opcode="bitconcatenate(1004) " fcode="bitconcatenate"/>
<opset="shl_ln52_21/3 "/>
</bind>
</comp>

<comp id="1445" class="1004" name="select_ln51_22_fu_1445">
<pin_list>
<pin id="1446" dir="0" index="0" bw="1" slack="1"/>
<pin id="1447" dir="0" index="1" bw="14" slack="0"/>
<pin id="1448" dir="0" index="2" bw="1" slack="0"/>
<pin id="1449" dir="1" index="3" bw="14" slack="0"/>
</pin_list>
<bind>
<opcode="select(49) " fcode="select"/>
<opset="select_ln51_22/3 "/>
</bind>
</comp>

<comp id="1452" class="1004" name="zext_ln51_22_fu_1452">
<pin_list>
<pin id="1453" dir="0" index="0" bw="14" slack="0"/>
<pin id="1454" dir="1" index="1" bw="16" slack="0"/>
</pin_list>
<bind>
<opcode="zext(34) " fcode="zext"/>
<opset="zext_ln51_22/3 "/>
</bind>
</comp>

<comp id="1456" class="1004" name="shl_ln52_22_fu_1456">
<pin_list>
<pin id="1457" dir="0" index="0" bw="14" slack="0"/>
<pin id="1458" dir="0" index="1" bw="8" slack="1"/>
<pin id="1459" dir="0" index="2" bw="1" slack="0"/>
<pin id="1460" dir="1" index="3" bw="14" slack="0"/>
</pin_list>
<bind>
<opcode="bitconcatenate(1004) " fcode="bitconcatenate"/>
<opset="shl_ln52_22/3 "/>
</bind>
</comp>

<comp id="1463" class="1004" name="select_ln51_23_fu_1463">
<pin_list>
<pin id="1464" dir="0" index="0" bw="1" slack="1"/>
<pin id="1465" dir="0" index="1" bw="14" slack="0"/>
<pin id="1466" dir="0" index="2" bw="1" slack="0"/>
<pin id="1467" dir="1" index="3" bw="14" slack="0"/>
</pin_list>
<bind>
<opcode="select(49) " fcode="select"/>
<opset="select_ln51_23/3 "/>
</bind>
</comp>

<comp id="1470" class="1004" name="or_ln57_s_fu_1470">
<pin_list>
<pin id="1471" dir="0" index="0" bw="446" slack="0"/>
<pin id="1472" dir="0" index="1" bw="14" slack="0"/>
<pin id="1473" dir="0" index="2" bw="14" slack="0"/>
<pin id="1474" dir="0" index="3" bw="14" slack="0"/>
<pin id="1475" dir="0" index="4" bw="14" slack="0"/>
<pin id="1476" dir="0" index="5" bw="14" slack="0"/>
<pin id="1477" dir="0" index="6" bw="14" slack="0"/>
<pin id="1478" dir="0" index="7" bw="14" slack="0"/>
<pin id="1479" dir="0" index="8" bw="14" slack="0"/>
<pin id="1480" dir="0" index="9" bw="14" slack="0"/>
<pin id="1481" dir="0" index="10" bw="14" slack="0"/>
<pin id="1482" dir="0" index="11" bw="14" slack="0"/>
<pin id="1483" dir="0" index="12" bw="14" slack="0"/>
<pin id="1484" dir="0" index="13" bw="14" slack="0"/>
<pin id="1485" dir="0" index="14" bw="14" slack="0"/>
<pin id="1486" dir="0" index="15" bw="14" slack="0"/>
<pin id="1487" dir="0" index="16" bw="14" slack="0"/>
<pin id="1488" dir="0" index="17" bw="14" slack="0"/>
<pin id="1489" dir="0" index="18" bw="14" slack="0"/>
<pin id="1490" dir="0" index="19" bw="14" slack="0"/>
<pin id="1491" dir="0" index="20" bw="14" slack="0"/>
<pin id="1492" dir="0" index="21" bw="14" slack="0"/>
<pin id="1493" dir="0" index="22" bw="14" slack="0"/>
<pin id="1494" dir="0" index="23" bw="14" slack="0"/>
<pin id="1495" dir="0" index="24" bw="14" slack="0"/>
<pin id="1496" dir="0" index="25" bw="14" slack="0"/>
<pin id="1497" dir="0" index="26" bw="14" slack="0"/>
<pin id="1498" dir="0" index="27" bw="14" slack="0"/>
<pin id="1499" dir="0" index="28" bw="14" slack="0"/>
<pin id="1500" dir="1" index="29" bw="446" slack="0"/>
</pin_list>
<bind>
<opcode="bitconcatenate(1004) " fcode="bitconcatenate"/>
<opset="or_ln57_s/3 "/>
</bind>
</comp>

<comp id="1530" class="1004" name="zext_ln57_fu_1530">
<pin_list>
<pin id="1531" dir="0" index="0" bw="446" slack="0"/>
<pin id="1532" dir="1" index="1" bw="448" slack="0"/>
</pin_list>
<bind>
<opcode="zext(34) " fcode="zext"/>
<opset="zext_ln57/3 "/>
</bind>
</comp>

<comp id="1535" class="1005" name="i_reg_1535">
<pin_list>
<pin id="1536" dir="0" index="0" bw="7" slack="0"/>
<pin id="1537" dir="1" index="1" bw="7" slack="0"/>
</pin_list>
<bind>
<opset="i "/>
</bind>
</comp>

<comp id="1542" class="1005" name="icmp_ln41_reg_1542">
<pin_list>
<pin id="1543" dir="0" index="0" bw="1" slack="1"/>
<pin id="1544" dir="1" index="1" bw="1" slack="2147483647"/>
</pin_list>
<bind>
<opset="icmp_ln41 "/>
</bind>
</comp>

<comp id="1546" class="1005" name="icmp_ln51_reg_1546">
<pin_list>
<pin id="1547" dir="0" index="0" bw="1" slack="1"/>
<pin id="1548" dir="1" index="1" bw="1" slack="1"/>
</pin_list>
<bind>
<opset="icmp_ln51 "/>
</bind>
</comp>

<comp id="1551" class="1005" name="trunc_ln52_reg_1551">
<pin_list>
<pin id="1552" dir="0" index="0" bw="8" slack="1"/>
<pin id="1553" dir="1" index="1" bw="8" slack="1"/>
</pin_list>
<bind>
<opset="trunc_ln52 "/>
</bind>
</comp>

<comp id="1556" class="1005" name="icmp_ln51_1_reg_1556">
<pin_list>
<pin id="1557" dir="0" index="0" bw="1" slack="1"/>
<pin id="1558" dir="1" index="1" bw="1" slack="1"/>
</pin_list>
<bind>
<opset="icmp_ln51_1 "/>
</bind>
</comp>

<comp id="1561" class="1005" name="tmp_1_reg_1561">
<pin_list>
<pin id="1562" dir="0" index="0" bw="8" slack="1"/>
<pin id="1563" dir="1" index="1" bw="8" slack="1"/>
</pin_list>
<bind>
<opset="tmp_1 "/>
</bind>
</comp>

<comp id="1566" class="1005" name="icmp_ln51_2_reg_1566">
<pin_list>
<pin id="1567" dir="0" index="0" bw="1" slack="1"/>
<pin id="1568" dir="1" index="1" bw="1" slack="1"/>
</pin_list>
<bind>
<opset="icmp_ln51_2 "/>
</bind>
</comp>

<comp id="1571" class="1005" name="tmp_2_reg_1571">
<pin_list>
<pin id="1572" dir="0" index="0" bw="8" slack="1"/>
<pin id="1573" dir="1" index="1" bw="8" slack="1"/>
</pin_list>
<bind>
<opset="tmp_2 "/>
</bind>
</comp>

<comp id="1576" class="1005" name="icmp_ln51_3_reg_1576">
<pin_list>
<pin id="1577" dir="0" index="0" bw="1" slack="1"/>
<pin id="1578" dir="1" index="1" bw="1" slack="1"/>
</pin_list>
<bind>
<opset="icmp_ln51_3 "/>
</bind>
</comp>

<comp id="1581" class="1005" name="tmp_3_reg_1581">
<pin_list>
<pin id="1582" dir="0" index="0" bw="8" slack="1"/>
<pin id="1583" dir="1" index="1" bw="8" slack="1"/>
</pin_list>
<bind>
<opset="tmp_3 "/>
</bind>
</comp>

<comp id="1586" class="1005" name="icmp_ln51_4_reg_1586">
<pin_list>
<pin id="1587" dir="0" index="0" bw="1" slack="1"/>
<pin id="1588" dir="1" index="1" bw="1" slack="1"/>
</pin_list>
<bind>
<opset="icmp_ln51_4 "/>
</bind>
</comp>

<comp id="1591" class="1005" name="tmp_4_reg_1591">
<pin_list>
<pin id="1592" dir="0" index="0" bw="8" slack="1"/>
<pin id="1593" dir="1" index="1" bw="8" slack="1"/>
</pin_list>
<bind>
<opset="tmp_4 "/>
</bind>
</comp>

<comp id="1596" class="1005" name="icmp_ln51_5_reg_1596">
<pin_list>
<pin id="1597" dir="0" index="0" bw="1" slack="1"/>
<pin id="1598" dir="1" index="1" bw="1" slack="1"/>
</pin_list>
<bind>
<opset="icmp_ln51_5 "/>
</bind>
</comp>

<comp id="1601" class="1005" name="tmp_5_reg_1601">
<pin_list>
<pin id="1602" dir="0" index="0" bw="8" slack="1"/>
<pin id="1603" dir="1" index="1" bw="8" slack="1"/>
</pin_list>
<bind>
<opset="tmp_5 "/>
</bind>
</comp>

<comp id="1606" class="1005" name="icmp_ln51_6_reg_1606">
<pin_list>
<pin id="1607" dir="0" index="0" bw="1" slack="1"/>
<pin id="1608" dir="1" index="1" bw="1" slack="1"/>
</pin_list>
<bind>
<opset="icmp_ln51_6 "/>
</bind>
</comp>

<comp id="1611" class="1005" name="tmp_6_reg_1611">
<pin_list>
<pin id="1612" dir="0" index="0" bw="8" slack="1"/>
<pin id="1613" dir="1" index="1" bw="8" slack="1"/>
</pin_list>
<bind>
<opset="tmp_6 "/>
</bind>
</comp>

<comp id="1616" class="1005" name="icmp_ln51_7_reg_1616">
<pin_list>
<pin id="1617" dir="0" index="0" bw="1" slack="1"/>
<pin id="1618" dir="1" index="1" bw="1" slack="1"/>
</pin_list>
<bind>
<opset="icmp_ln51_7 "/>
</bind>
</comp>

<comp id="1621" class="1005" name="tmp_7_reg_1621">
<pin_list>
<pin id="1622" dir="0" index="0" bw="8" slack="1"/>
<pin id="1623" dir="1" index="1" bw="8" slack="1"/>
</pin_list>
<bind>
<opset="tmp_7 "/>
</bind>
</comp>

<comp id="1626" class="1005" name="icmp_ln51_8_reg_1626">
<pin_list>
<pin id="1627" dir="0" index="0" bw="1" slack="1"/>
<pin id="1628" dir="1" index="1" bw="1" slack="1"/>
</pin_list>
<bind>
<opset="icmp_ln51_8 "/>
</bind>
</comp>

<comp id="1631" class="1005" name="tmp_8_reg_1631">
<pin_list>
<pin id="1632" dir="0" index="0" bw="8" slack="1"/>
<pin id="1633" dir="1" index="1" bw="8" slack="1"/>
</pin_list>
<bind>
<opset="tmp_8 "/>
</bind>
</comp>

<comp id="1636" class="1005" name="icmp_ln51_9_reg_1636">
<pin_list>
<pin id="1637" dir="0" index="0" bw="1" slack="1"/>
<pin id="1638" dir="1" index="1" bw="1" slack="1"/>
</pin_list>
<bind>
<opset="icmp_ln51_9 "/>
</bind>
</comp>

<comp id="1641" class="1005" name="tmp_9_reg_1641">
<pin_list>
<pin id="1642" dir="0" index="0" bw="8" slack="1"/>
<pin id="1643" dir="1" index="1" bw="8" slack="1"/>
</pin_list>
<bind>
<opset="tmp_9 "/>
</bind>
</comp>

<comp id="1646" class="1005" name="icmp_ln51_10_reg_1646">
<pin_list>
<pin id="1647" dir="0" index="0" bw="1" slack="1"/>
<pin id="1648" dir="1" index="1" bw="1" slack="1"/>
</pin_list>
<bind>
<opset="icmp_ln51_10 "/>
</bind>
</comp>

<comp id="1651" class="1005" name="tmp_s_reg_1651">
<pin_list>
<pin id="1652" dir="0" index="0" bw="8" slack="1"/>
<pin id="1653" dir="1" index="1" bw="8" slack="1"/>
</pin_list>
<bind>
<opset="tmp_s "/>
</bind>
</comp>

<comp id="1656" class="1005" name="icmp_ln51_11_reg_1656">
<pin_list>
<pin id="1657" dir="0" index="0" bw="1" slack="1"/>
<pin id="1658" dir="1" index="1" bw="1" slack="1"/>
</pin_list>
<bind>
<opset="icmp_ln51_11 "/>
</bind>
</comp>

<comp id="1661" class="1005" name="tmp_10_reg_1661">
<pin_list>
<pin id="1662" dir="0" index="0" bw="8" slack="1"/>
<pin id="1663" dir="1" index="1" bw="8" slack="1"/>
</pin_list>
<bind>
<opset="tmp_10 "/>
</bind>
</comp>

<comp id="1666" class="1005" name="icmp_ln51_12_reg_1666">
<pin_list>
<pin id="1667" dir="0" index="0" bw="1" slack="1"/>
<pin id="1668" dir="1" index="1" bw="1" slack="1"/>
</pin_list>
<bind>
<opset="icmp_ln51_12 "/>
</bind>
</comp>

<comp id="1671" class="1005" name="tmp_11_reg_1671">
<pin_list>
<pin id="1672" dir="0" index="0" bw="8" slack="1"/>
<pin id="1673" dir="1" index="1" bw="8" slack="1"/>
</pin_list>
<bind>
<opset="tmp_11 "/>
</bind>
</comp>

<comp id="1676" class="1005" name="icmp_ln51_13_reg_1676">
<pin_list>
<pin id="1677" dir="0" index="0" bw="1" slack="1"/>
<pin id="1678" dir="1" index="1" bw="1" slack="1"/>
</pin_list>
<bind>
<opset="icmp_ln51_13 "/>
</bind>
</comp>

<comp id="1681" class="1005" name="tmp_12_reg_1681">
<pin_list>
<pin id="1682" dir="0" index="0" bw="8" slack="1"/>
<pin id="1683" dir="1" index="1" bw="8" slack="1"/>
</pin_list>
<bind>
<opset="tmp_12 "/>
</bind>
</comp>

<comp id="1686" class="1005" name="icmp_ln51_14_reg_1686">
<pin_list>
<pin id="1687" dir="0" index="0" bw="1" slack="1"/>
<pin id="1688" dir="1" index="1" bw="1" slack="1"/>
</pin_list>
<bind>
<opset="icmp_ln51_14 "/>
</bind>
</comp>

<comp id="1691" class="1005" name="tmp_13_reg_1691">
<pin_list>
<pin id="1692" dir="0" index="0" bw="8" slack="1"/>
<pin id="1693" dir="1" index="1" bw="8" slack="1"/>
</pin_list>
<bind>
<opset="tmp_13 "/>
</bind>
</comp>

<comp id="1696" class="1005" name="icmp_ln51_15_reg_1696">
<pin_list>
<pin id="1697" dir="0" index="0" bw="1" slack="1"/>
<pin id="1698" dir="1" index="1" bw="1" slack="1"/>
</pin_list>
<bind>
<opset="icmp_ln51_15 "/>
</bind>
</comp>

<comp id="1701" class="1005" name="tmp_14_reg_1701">
<pin_list>
<pin id="1702" dir="0" index="0" bw="8" slack="1"/>
<pin id="1703" dir="1" index="1" bw="8" slack="1"/>
</pin_list>
<bind>
<opset="tmp_14 "/>
</bind>
</comp>

<comp id="1706" class="1005" name="icmp_ln51_16_reg_1706">
<pin_list>
<pin id="1707" dir="0" index="0" bw="1" slack="1"/>
<pin id="1708" dir="1" index="1" bw="1" slack="1"/>
</pin_list>
<bind>
<opset="icmp_ln51_16 "/>
</bind>
</comp>

<comp id="1711" class="1005" name="tmp_15_reg_1711">
<pin_list>
<pin id="1712" dir="0" index="0" bw="8" slack="1"/>
<pin id="1713" dir="1" index="1" bw="8" slack="1"/>
</pin_list>
<bind>
<opset="tmp_15 "/>
</bind>
</comp>

<comp id="1716" class="1005" name="icmp_ln51_17_reg_1716">
<pin_list>
<pin id="1717" dir="0" index="0" bw="1" slack="1"/>
<pin id="1718" dir="1" index="1" bw="1" slack="1"/>
</pin_list>
<bind>
<opset="icmp_ln51_17 "/>
</bind>
</comp>

<comp id="1721" class="1005" name="tmp_16_reg_1721">
<pin_list>
<pin id="1722" dir="0" index="0" bw="8" slack="1"/>
<pin id="1723" dir="1" index="1" bw="8" slack="1"/>
</pin_list>
<bind>
<opset="tmp_16 "/>
</bind>
</comp>

<comp id="1726" class="1005" name="icmp_ln51_18_reg_1726">
<pin_list>
<pin id="1727" dir="0" index="0" bw="1" slack="1"/>
<pin id="1728" dir="1" index="1" bw="1" slack="1"/>
</pin_list>
<bind>
<opset="icmp_ln51_18 "/>
</bind>
</comp>

<comp id="1731" class="1005" name="tmp_17_reg_1731">
<pin_list>
<pin id="1732" dir="0" index="0" bw="8" slack="1"/>
<pin id="1733" dir="1" index="1" bw="8" slack="1"/>
</pin_list>
<bind>
<opset="tmp_17 "/>
</bind>
</comp>

<comp id="1736" class="1005" name="icmp_ln51_19_reg_1736">
<pin_list>
<pin id="1737" dir="0" index="0" bw="1" slack="1"/>
<pin id="1738" dir="1" index="1" bw="1" slack="1"/>
</pin_list>
<bind>
<opset="icmp_ln51_19 "/>
</bind>
</comp>

<comp id="1741" class="1005" name="tmp_18_reg_1741">
<pin_list>
<pin id="1742" dir="0" index="0" bw="8" slack="1"/>
<pin id="1743" dir="1" index="1" bw="8" slack="1"/>
</pin_list>
<bind>
<opset="tmp_18 "/>
</bind>
</comp>

<comp id="1746" class="1005" name="icmp_ln51_20_reg_1746">
<pin_list>
<pin id="1747" dir="0" index="0" bw="1" slack="1"/>
<pin id="1748" dir="1" index="1" bw="1" slack="1"/>
</pin_list>
<bind>
<opset="icmp_ln51_20 "/>
</bind>
</comp>

<comp id="1751" class="1005" name="tmp_19_reg_1751">
<pin_list>
<pin id="1752" dir="0" index="0" bw="8" slack="1"/>
<pin id="1753" dir="1" index="1" bw="8" slack="1"/>
</pin_list>
<bind>
<opset="tmp_19 "/>
</bind>
</comp>

<comp id="1756" class="1005" name="icmp_ln51_21_reg_1756">
<pin_list>
<pin id="1757" dir="0" index="0" bw="1" slack="1"/>
<pin id="1758" dir="1" index="1" bw="1" slack="1"/>
</pin_list>
<bind>
<opset="icmp_ln51_21 "/>
</bind>
</comp>

<comp id="1761" class="1005" name="tmp_20_reg_1761">
<pin_list>
<pin id="1762" dir="0" index="0" bw="8" slack="1"/>
<pin id="1763" dir="1" index="1" bw="8" slack="1"/>
</pin_list>
<bind>
<opset="tmp_20 "/>
</bind>
</comp>

<comp id="1766" class="1005" name="icmp_ln51_22_reg_1766">
<pin_list>
<pin id="1767" dir="0" index="0" bw="1" slack="1"/>
<pin id="1768" dir="1" index="1" bw="1" slack="1"/>
</pin_list>
<bind>
<opset="icmp_ln51_22 "/>
</bind>
</comp>

<comp id="1771" class="1005" name="tmp_21_reg_1771">
<pin_list>
<pin id="1772" dir="0" index="0" bw="8" slack="1"/>
<pin id="1773" dir="1" index="1" bw="8" slack="1"/>
</pin_list>
<bind>
<opset="tmp_21 "/>
</bind>
</comp>

<comp id="1776" class="1005" name="icmp_ln51_23_reg_1776">
<pin_list>
<pin id="1777" dir="0" index="0" bw="1" slack="1"/>
<pin id="1778" dir="1" index="1" bw="1" slack="1"/>
</pin_list>
<bind>
<opset="icmp_ln51_23 "/>
</bind>
</comp>

<comp id="1781" class="1005" name="tmp_22_reg_1781">
<pin_list>
<pin id="1782" dir="0" index="0" bw="8" slack="1"/>
<pin id="1783" dir="1" index="1" bw="8" slack="1"/>
</pin_list>
<bind>
<opset="tmp_22 "/>
</bind>
</comp>

<comp id="1786" class="1005" name="icmp_ln51_24_reg_1786">
<pin_list>
<pin id="1787" dir="0" index="0" bw="1" slack="1"/>
<pin id="1788" dir="1" index="1" bw="1" slack="1"/>
</pin_list>
<bind>
<opset="icmp_ln51_24 "/>
</bind>
</comp>

<comp id="1791" class="1005" name="tmp_23_reg_1791">
<pin_list>
<pin id="1792" dir="0" index="0" bw="8" slack="1"/>
<pin id="1793" dir="1" index="1" bw="8" slack="1"/>
</pin_list>
<bind>
<opset="tmp_23 "/>
</bind>
</comp>

<comp id="1796" class="1005" name="icmp_ln51_25_reg_1796">
<pin_list>
<pin id="1797" dir="0" index="0" bw="1" slack="1"/>
<pin id="1798" dir="1" index="1" bw="1" slack="1"/>
</pin_list>
<bind>
<opset="icmp_ln51_25 "/>
</bind>
</comp>

<comp id="1801" class="1005" name="tmp_24_reg_1801">
<pin_list>
<pin id="1802" dir="0" index="0" bw="8" slack="1"/>
<pin id="1803" dir="1" index="1" bw="8" slack="1"/>
</pin_list>
<bind>
<opset="tmp_24 "/>
</bind>
</comp>

<comp id="1806" class="1005" name="icmp_ln51_26_reg_1806">
<pin_list>
<pin id="1807" dir="0" index="0" bw="1" slack="1"/>
<pin id="1808" dir="1" index="1" bw="1" slack="1"/>
</pin_list>
<bind>
<opset="icmp_ln51_26 "/>
</bind>
</comp>

<comp id="1811" class="1005" name="tmp_25_reg_1811">
<pin_list>
<pin id="1812" dir="0" index="0" bw="8" slack="1"/>
<pin id="1813" dir="1" index="1" bw="8" slack="1"/>
</pin_list>
<bind>
<opset="tmp_25 "/>
</bind>
</comp>

<comp id="1816" class="1005" name="icmp_ln51_27_reg_1816">
<pin_list>
<pin id="1817" dir="0" index="0" bw="1" slack="1"/>
<pin id="1818" dir="1" index="1" bw="1" slack="1"/>
</pin_list>
<bind>
<opset="icmp_ln51_27 "/>
</bind>
</comp>

<comp id="1821" class="1005" name="tmp_26_reg_1821">
<pin_list>
<pin id="1822" dir="0" index="0" bw="8" slack="1"/>
<pin id="1823" dir="1" index="1" bw="8" slack="1"/>
</pin_list>
<bind>
<opset="tmp_26 "/>
</bind>
</comp>

</comp_list>

<net_list>
<net id="215"><net_src comp="4" pin="0"/><net_sink comp="212" pin=0"/></net>

<net id="220"><net_src comp="22" pin="0"/><net_sink comp="216" pin=0"/></net>

<net id="221"><net_src comp="0" pin="0"/><net_sink comp="216" pin=1"/></net>

<net id="227"><net_src comp="210" pin="0"/><net_sink comp="222" pin=0"/></net>

<net id="228"><net_src comp="2" pin="0"/><net_sink comp="222" pin=1"/></net>

<net id="233"><net_src comp="16" pin="0"/><net_sink comp="229" pin=0"/></net>

<net id="241"><net_src comp="234" pin="1"/><net_sink comp="237" pin=0"/></net>

<net id="242"><net_src comp="18" pin="0"/><net_sink comp="237" pin=1"/></net>

<net id="247"><net_src comp="234" pin="1"/><net_sink comp="243" pin=0"/></net>

<net id="248"><net_src comp="20" pin="0"/><net_sink comp="243" pin=1"/></net>

<net id="253"><net_src comp="243" pin="2"/><net_sink comp="249" pin=0"/></net>

<net id="257"><net_src comp="216" pin="2"/><net_sink comp="254" pin=0"/></net>

<net id="264"><net_src comp="24" pin="0"/><net_sink comp="258" pin=0"/></net>

<net id="265"><net_src comp="216" pin="2"/><net_sink comp="258" pin=1"/></net>

<net id="266"><net_src comp="26" pin="0"/><net_sink comp="258" pin=2"/></net>

<net id="267"><net_src comp="28" pin="0"/><net_sink comp="258" pin=3"/></net>

<net id="274"><net_src comp="24" pin="0"/><net_sink comp="268" pin=0"/></net>

<net id="275"><net_src comp="216" pin="2"/><net_sink comp="268" pin=1"/></net>

<net id="276"><net_src comp="30" pin="0"/><net_sink comp="268" pin=2"/></net>

<net id="277"><net_src comp="32" pin="0"/><net_sink comp="268" pin=3"/></net>

<net id="284"><net_src comp="24" pin="0"/><net_sink comp="278" pin=0"/></net>

<net id="285"><net_src comp="216" pin="2"/><net_sink comp="278" pin=1"/></net>

<net id="286"><net_src comp="34" pin="0"/><net_sink comp="278" pin=2"/></net>

<net id="287"><net_src comp="36" pin="0"/><net_sink comp="278" pin=3"/></net>

<net id="294"><net_src comp="24" pin="0"/><net_sink comp="288" pin=0"/></net>

<net id="295"><net_src comp="216" pin="2"/><net_sink comp="288" pin=1"/></net>

<net id="296"><net_src comp="38" pin="0"/><net_sink comp="288" pin=2"/></net>

<net id="297"><net_src comp="40" pin="0"/><net_sink comp="288" pin=3"/></net>

<net id="304"><net_src comp="24" pin="0"/><net_sink comp="298" pin=0"/></net>

<net id="305"><net_src comp="216" pin="2"/><net_sink comp="298" pin=1"/></net>

<net id="306"><net_src comp="42" pin="0"/><net_sink comp="298" pin=2"/></net>

<net id="307"><net_src comp="44" pin="0"/><net_sink comp="298" pin=3"/></net>

<net id="314"><net_src comp="24" pin="0"/><net_sink comp="308" pin=0"/></net>

<net id="315"><net_src comp="216" pin="2"/><net_sink comp="308" pin=1"/></net>

<net id="316"><net_src comp="46" pin="0"/><net_sink comp="308" pin=2"/></net>

<net id="317"><net_src comp="48" pin="0"/><net_sink comp="308" pin=3"/></net>

<net id="324"><net_src comp="24" pin="0"/><net_sink comp="318" pin=0"/></net>

<net id="325"><net_src comp="216" pin="2"/><net_sink comp="318" pin=1"/></net>

<net id="326"><net_src comp="50" pin="0"/><net_sink comp="318" pin=2"/></net>

<net id="327"><net_src comp="52" pin="0"/><net_sink comp="318" pin=3"/></net>

<net id="334"><net_src comp="24" pin="0"/><net_sink comp="328" pin=0"/></net>

<net id="335"><net_src comp="216" pin="2"/><net_sink comp="328" pin=1"/></net>

<net id="336"><net_src comp="54" pin="0"/><net_sink comp="328" pin=2"/></net>

<net id="337"><net_src comp="56" pin="0"/><net_sink comp="328" pin=3"/></net>

<net id="344"><net_src comp="24" pin="0"/><net_sink comp="338" pin=0"/></net>

<net id="345"><net_src comp="216" pin="2"/><net_sink comp="338" pin=1"/></net>

<net id="346"><net_src comp="58" pin="0"/><net_sink comp="338" pin=2"/></net>

<net id="347"><net_src comp="60" pin="0"/><net_sink comp="338" pin=3"/></net>

<net id="354"><net_src comp="24" pin="0"/><net_sink comp="348" pin=0"/></net>

<net id="355"><net_src comp="216" pin="2"/><net_sink comp="348" pin=1"/></net>

<net id="356"><net_src comp="62" pin="0"/><net_sink comp="348" pin=2"/></net>

<net id="357"><net_src comp="64" pin="0"/><net_sink comp="348" pin=3"/></net>

<net id="364"><net_src comp="24" pin="0"/><net_sink comp="358" pin=0"/></net>

<net id="365"><net_src comp="216" pin="2"/><net_sink comp="358" pin=1"/></net>

<net id="366"><net_src comp="66" pin="0"/><net_sink comp="358" pin=2"/></net>

<net id="367"><net_src comp="68" pin="0"/><net_sink comp="358" pin=3"/></net>

<net id="374"><net_src comp="24" pin="0"/><net_sink comp="368" pin=0"/></net>

<net id="375"><net_src comp="216" pin="2"/><net_sink comp="368" pin=1"/></net>

<net id="376"><net_src comp="70" pin="0"/><net_sink comp="368" pin=2"/></net>

<net id="377"><net_src comp="72" pin="0"/><net_sink comp="368" pin=3"/></net>

<net id="384"><net_src comp="24" pin="0"/><net_sink comp="378" pin=0"/></net>

<net id="385"><net_src comp="216" pin="2"/><net_sink comp="378" pin=1"/></net>

<net id="386"><net_src comp="74" pin="0"/><net_sink comp="378" pin=2"/></net>

<net id="387"><net_src comp="76" pin="0"/><net_sink comp="378" pin=3"/></net>

<net id="394"><net_src comp="24" pin="0"/><net_sink comp="388" pin=0"/></net>

<net id="395"><net_src comp="216" pin="2"/><net_sink comp="388" pin=1"/></net>

<net id="396"><net_src comp="78" pin="0"/><net_sink comp="388" pin=2"/></net>

<net id="397"><net_src comp="80" pin="0"/><net_sink comp="388" pin=3"/></net>

<net id="404"><net_src comp="24" pin="0"/><net_sink comp="398" pin=0"/></net>

<net id="405"><net_src comp="216" pin="2"/><net_sink comp="398" pin=1"/></net>

<net id="406"><net_src comp="82" pin="0"/><net_sink comp="398" pin=2"/></net>

<net id="407"><net_src comp="84" pin="0"/><net_sink comp="398" pin=3"/></net>

<net id="414"><net_src comp="24" pin="0"/><net_sink comp="408" pin=0"/></net>

<net id="415"><net_src comp="216" pin="2"/><net_sink comp="408" pin=1"/></net>

<net id="416"><net_src comp="86" pin="0"/><net_sink comp="408" pin=2"/></net>

<net id="417"><net_src comp="88" pin="0"/><net_sink comp="408" pin=3"/></net>

<net id="424"><net_src comp="24" pin="0"/><net_sink comp="418" pin=0"/></net>

<net id="425"><net_src comp="216" pin="2"/><net_sink comp="418" pin=1"/></net>

<net id="426"><net_src comp="90" pin="0"/><net_sink comp="418" pin=2"/></net>

<net id="427"><net_src comp="92" pin="0"/><net_sink comp="418" pin=3"/></net>

<net id="434"><net_src comp="24" pin="0"/><net_sink comp="428" pin=0"/></net>

<net id="435"><net_src comp="216" pin="2"/><net_sink comp="428" pin=1"/></net>

<net id="436"><net_src comp="94" pin="0"/><net_sink comp="428" pin=2"/></net>

<net id="437"><net_src comp="96" pin="0"/><net_sink comp="428" pin=3"/></net>

<net id="444"><net_src comp="24" pin="0"/><net_sink comp="438" pin=0"/></net>

<net id="445"><net_src comp="216" pin="2"/><net_sink comp="438" pin=1"/></net>

<net id="446"><net_src comp="98" pin="0"/><net_sink comp="438" pin=2"/></net>

<net id="447"><net_src comp="100" pin="0"/><net_sink comp="438" pin=3"/></net>

<net id="454"><net_src comp="24" pin="0"/><net_sink comp="448" pin=0"/></net>

<net id="455"><net_src comp="216" pin="2"/><net_sink comp="448" pin=1"/></net>

<net id="456"><net_src comp="102" pin="0"/><net_sink comp="448" pin=2"/></net>

<net id="457"><net_src comp="104" pin="0"/><net_sink comp="448" pin=3"/></net>

<net id="464"><net_src comp="24" pin="0"/><net_sink comp="458" pin=0"/></net>

<net id="465"><net_src comp="216" pin="2"/><net_sink comp="458" pin=1"/></net>

<net id="466"><net_src comp="106" pin="0"/><net_sink comp="458" pin=2"/></net>

<net id="467"><net_src comp="108" pin="0"/><net_sink comp="458" pin=3"/></net>

<net id="474"><net_src comp="24" pin="0"/><net_sink comp="468" pin=0"/></net>

<net id="475"><net_src comp="216" pin="2"/><net_sink comp="468" pin=1"/></net>

<net id="476"><net_src comp="110" pin="0"/><net_sink comp="468" pin=2"/></net>

<net id="477"><net_src comp="112" pin="0"/><net_sink comp="468" pin=3"/></net>

<net id="484"><net_src comp="24" pin="0"/><net_sink comp="478" pin=0"/></net>

<net id="485"><net_src comp="216" pin="2"/><net_sink comp="478" pin=1"/></net>

<net id="486"><net_src comp="114" pin="0"/><net_sink comp="478" pin=2"/></net>

<net id="487"><net_src comp="116" pin="0"/><net_sink comp="478" pin=3"/></net>

<net id="494"><net_src comp="24" pin="0"/><net_sink comp="488" pin=0"/></net>

<net id="495"><net_src comp="216" pin="2"/><net_sink comp="488" pin=1"/></net>

<net id="496"><net_src comp="118" pin="0"/><net_sink comp="488" pin=2"/></net>

<net id="497"><net_src comp="120" pin="0"/><net_sink comp="488" pin=3"/></net>

<net id="504"><net_src comp="24" pin="0"/><net_sink comp="498" pin=0"/></net>

<net id="505"><net_src comp="216" pin="2"/><net_sink comp="498" pin=1"/></net>

<net id="506"><net_src comp="122" pin="0"/><net_sink comp="498" pin=2"/></net>

<net id="507"><net_src comp="124" pin="0"/><net_sink comp="498" pin=3"/></net>

<net id="514"><net_src comp="24" pin="0"/><net_sink comp="508" pin=0"/></net>

<net id="515"><net_src comp="216" pin="2"/><net_sink comp="508" pin=1"/></net>

<net id="516"><net_src comp="126" pin="0"/><net_sink comp="508" pin=2"/></net>

<net id="517"><net_src comp="128" pin="0"/><net_sink comp="508" pin=3"/></net>

<net id="524"><net_src comp="24" pin="0"/><net_sink comp="518" pin=0"/></net>

<net id="525"><net_src comp="216" pin="2"/><net_sink comp="518" pin=1"/></net>

<net id="526"><net_src comp="130" pin="0"/><net_sink comp="518" pin=2"/></net>

<net id="527"><net_src comp="132" pin="0"/><net_sink comp="518" pin=3"/></net>

<net id="532"><net_src comp="254" pin="1"/><net_sink comp="528" pin=0"/></net>

<net id="533"><net_src comp="134" pin="0"/><net_sink comp="528" pin=1"/></net>

<net id="537"><net_src comp="216" pin="2"/><net_sink comp="534" pin=0"/></net>

<net id="542"><net_src comp="258" pin="4"/><net_sink comp="538" pin=0"/></net>

<net id="543"><net_src comp="134" pin="0"/><net_sink comp="538" pin=1"/></net>

<net id="550"><net_src comp="136" pin="0"/><net_sink comp="544" pin=0"/></net>

<net id="551"><net_src comp="216" pin="2"/><net_sink comp="544" pin=1"/></net>

<net id="552"><net_src comp="26" pin="0"/><net_sink comp="544" pin=2"/></net>

<net id="553"><net_src comp="138" pin="0"/><net_sink comp="544" pin=3"/></net>

<net id="558"><net_src comp="268" pin="4"/><net_sink comp="554" pin=0"/></net>

<net id="559"><net_src comp="134" pin="0"/><net_sink comp="554" pin=1"/></net>

<net id="566"><net_src comp="136" pin="0"/><net_sink comp="560" pin=0"/></net>

<net id="567"><net_src comp="216" pin="2"/><net_sink comp="560" pin=1"/></net>

<net id="568"><net_src comp="30" pin="0"/><net_sink comp="560" pin=2"/></net>

<net id="569"><net_src comp="140" pin="0"/><net_sink comp="560" pin=3"/></net>

<net id="574"><net_src comp="278" pin="4"/><net_sink comp="570" pin=0"/></net>

<net id="575"><net_src comp="134" pin="0"/><net_sink comp="570" pin=1"/></net>

<net id="582"><net_src comp="136" pin="0"/><net_sink comp="576" pin=0"/></net>

<net id="583"><net_src comp="216" pin="2"/><net_sink comp="576" pin=1"/></net>

<net id="584"><net_src comp="34" pin="0"/><net_sink comp="576" pin=2"/></net>

<net id="585"><net_src comp="142" pin="0"/><net_sink comp="576" pin=3"/></net>

<net id="590"><net_src comp="288" pin="4"/><net_sink comp="586" pin=0"/></net>

<net id="591"><net_src comp="134" pin="0"/><net_sink comp="586" pin=1"/></net>

<net id="598"><net_src comp="136" pin="0"/><net_sink comp="592" pin=0"/></net>

<net id="599"><net_src comp="216" pin="2"/><net_sink comp="592" pin=1"/></net>

<net id="600"><net_src comp="38" pin="0"/><net_sink comp="592" pin=2"/></net>

<net id="601"><net_src comp="144" pin="0"/><net_sink comp="592" pin=3"/></net>

<net id="606"><net_src comp="298" pin="4"/><net_sink comp="602" pin=0"/></net>

<net id="607"><net_src comp="134" pin="0"/><net_sink comp="602" pin=1"/></net>

<net id="614"><net_src comp="136" pin="0"/><net_sink comp="608" pin=0"/></net>

<net id="615"><net_src comp="216" pin="2"/><net_sink comp="608" pin=1"/></net>

<net id="616"><net_src comp="42" pin="0"/><net_sink comp="608" pin=2"/></net>

<net id="617"><net_src comp="146" pin="0"/><net_sink comp="608" pin=3"/></net>

<net id="622"><net_src comp="308" pin="4"/><net_sink comp="618" pin=0"/></net>

<net id="623"><net_src comp="134" pin="0"/><net_sink comp="618" pin=1"/></net>

<net id="630"><net_src comp="136" pin="0"/><net_sink comp="624" pin=0"/></net>

<net id="631"><net_src comp="216" pin="2"/><net_sink comp="624" pin=1"/></net>

<net id="632"><net_src comp="46" pin="0"/><net_sink comp="624" pin=2"/></net>

<net id="633"><net_src comp="148" pin="0"/><net_sink comp="624" pin=3"/></net>

<net id="638"><net_src comp="318" pin="4"/><net_sink comp="634" pin=0"/></net>

<net id="639"><net_src comp="134" pin="0"/><net_sink comp="634" pin=1"/></net>

<net id="646"><net_src comp="136" pin="0"/><net_sink comp="640" pin=0"/></net>

<net id="647"><net_src comp="216" pin="2"/><net_sink comp="640" pin=1"/></net>

<net id="648"><net_src comp="50" pin="0"/><net_sink comp="640" pin=2"/></net>

<net id="649"><net_src comp="150" pin="0"/><net_sink comp="640" pin=3"/></net>

<net id="654"><net_src comp="328" pin="4"/><net_sink comp="650" pin=0"/></net>

<net id="655"><net_src comp="134" pin="0"/><net_sink comp="650" pin=1"/></net>

<net id="662"><net_src comp="136" pin="0"/><net_sink comp="656" pin=0"/></net>

<net id="663"><net_src comp="216" pin="2"/><net_sink comp="656" pin=1"/></net>

<net id="664"><net_src comp="54" pin="0"/><net_sink comp="656" pin=2"/></net>

<net id="665"><net_src comp="152" pin="0"/><net_sink comp="656" pin=3"/></net>

<net id="670"><net_src comp="338" pin="4"/><net_sink comp="666" pin=0"/></net>

<net id="671"><net_src comp="134" pin="0"/><net_sink comp="666" pin=1"/></net>

<net id="678"><net_src comp="136" pin="0"/><net_sink comp="672" pin=0"/></net>

<net id="679"><net_src comp="216" pin="2"/><net_sink comp="672" pin=1"/></net>

<net id="680"><net_src comp="58" pin="0"/><net_sink comp="672" pin=2"/></net>

<net id="681"><net_src comp="154" pin="0"/><net_sink comp="672" pin=3"/></net>

<net id="686"><net_src comp="348" pin="4"/><net_sink comp="682" pin=0"/></net>

<net id="687"><net_src comp="134" pin="0"/><net_sink comp="682" pin=1"/></net>

<net id="694"><net_src comp="136" pin="0"/><net_sink comp="688" pin=0"/></net>

<net id="695"><net_src comp="216" pin="2"/><net_sink comp="688" pin=1"/></net>

<net id="696"><net_src comp="62" pin="0"/><net_sink comp="688" pin=2"/></net>

<net id="697"><net_src comp="156" pin="0"/><net_sink comp="688" pin=3"/></net>

<net id="702"><net_src comp="358" pin="4"/><net_sink comp="698" pin=0"/></net>

<net id="703"><net_src comp="134" pin="0"/><net_sink comp="698" pin=1"/></net>

<net id="710"><net_src comp="136" pin="0"/><net_sink comp="704" pin=0"/></net>

<net id="711"><net_src comp="216" pin="2"/><net_sink comp="704" pin=1"/></net>

<net id="712"><net_src comp="66" pin="0"/><net_sink comp="704" pin=2"/></net>

<net id="713"><net_src comp="158" pin="0"/><net_sink comp="704" pin=3"/></net>

<net id="718"><net_src comp="368" pin="4"/><net_sink comp="714" pin=0"/></net>

<net id="719"><net_src comp="134" pin="0"/><net_sink comp="714" pin=1"/></net>

<net id="726"><net_src comp="136" pin="0"/><net_sink comp="720" pin=0"/></net>

<net id="727"><net_src comp="216" pin="2"/><net_sink comp="720" pin=1"/></net>

<net id="728"><net_src comp="70" pin="0"/><net_sink comp="720" pin=2"/></net>

<net id="729"><net_src comp="160" pin="0"/><net_sink comp="720" pin=3"/></net>

<net id="734"><net_src comp="378" pin="4"/><net_sink comp="730" pin=0"/></net>

<net id="735"><net_src comp="134" pin="0"/><net_sink comp="730" pin=1"/></net>

<net id="742"><net_src comp="136" pin="0"/><net_sink comp="736" pin=0"/></net>

<net id="743"><net_src comp="216" pin="2"/><net_sink comp="736" pin=1"/></net>

<net id="744"><net_src comp="74" pin="0"/><net_sink comp="736" pin=2"/></net>

<net id="745"><net_src comp="162" pin="0"/><net_sink comp="736" pin=3"/></net>

<net id="750"><net_src comp="388" pin="4"/><net_sink comp="746" pin=0"/></net>

<net id="751"><net_src comp="134" pin="0"/><net_sink comp="746" pin=1"/></net>

<net id="758"><net_src comp="136" pin="0"/><net_sink comp="752" pin=0"/></net>

<net id="759"><net_src comp="216" pin="2"/><net_sink comp="752" pin=1"/></net>

<net id="760"><net_src comp="78" pin="0"/><net_sink comp="752" pin=2"/></net>

<net id="761"><net_src comp="164" pin="0"/><net_sink comp="752" pin=3"/></net>

<net id="766"><net_src comp="398" pin="4"/><net_sink comp="762" pin=0"/></net>

<net id="767"><net_src comp="134" pin="0"/><net_sink comp="762" pin=1"/></net>

<net id="774"><net_src comp="136" pin="0"/><net_sink comp="768" pin=0"/></net>

<net id="775"><net_src comp="216" pin="2"/><net_sink comp="768" pin=1"/></net>

<net id="776"><net_src comp="82" pin="0"/><net_sink comp="768" pin=2"/></net>

<net id="777"><net_src comp="166" pin="0"/><net_sink comp="768" pin=3"/></net>

<net id="782"><net_src comp="408" pin="4"/><net_sink comp="778" pin=0"/></net>

<net id="783"><net_src comp="134" pin="0"/><net_sink comp="778" pin=1"/></net>

<net id="790"><net_src comp="136" pin="0"/><net_sink comp="784" pin=0"/></net>

<net id="791"><net_src comp="216" pin="2"/><net_sink comp="784" pin=1"/></net>

<net id="792"><net_src comp="86" pin="0"/><net_sink comp="784" pin=2"/></net>

<net id="793"><net_src comp="168" pin="0"/><net_sink comp="784" pin=3"/></net>

<net id="798"><net_src comp="418" pin="4"/><net_sink comp="794" pin=0"/></net>

<net id="799"><net_src comp="134" pin="0"/><net_sink comp="794" pin=1"/></net>

<net id="806"><net_src comp="136" pin="0"/><net_sink comp="800" pin=0"/></net>

<net id="807"><net_src comp="216" pin="2"/><net_sink comp="800" pin=1"/></net>

<net id="808"><net_src comp="90" pin="0"/><net_sink comp="800" pin=2"/></net>

<net id="809"><net_src comp="170" pin="0"/><net_sink comp="800" pin=3"/></net>

<net id="814"><net_src comp="428" pin="4"/><net_sink comp="810" pin=0"/></net>

<net id="815"><net_src comp="134" pin="0"/><net_sink comp="810" pin=1"/></net>

<net id="822"><net_src comp="136" pin="0"/><net_sink comp="816" pin=0"/></net>

<net id="823"><net_src comp="216" pin="2"/><net_sink comp="816" pin=1"/></net>

<net id="824"><net_src comp="94" pin="0"/><net_sink comp="816" pin=2"/></net>

<net id="825"><net_src comp="172" pin="0"/><net_sink comp="816" pin=3"/></net>

<net id="830"><net_src comp="438" pin="4"/><net_sink comp="826" pin=0"/></net>

<net id="831"><net_src comp="134" pin="0"/><net_sink comp="826" pin=1"/></net>

<net id="838"><net_src comp="136" pin="0"/><net_sink comp="832" pin=0"/></net>

<net id="839"><net_src comp="216" pin="2"/><net_sink comp="832" pin=1"/></net>

<net id="840"><net_src comp="98" pin="0"/><net_sink comp="832" pin=2"/></net>

<net id="841"><net_src comp="174" pin="0"/><net_sink comp="832" pin=3"/></net>

<net id="846"><net_src comp="448" pin="4"/><net_sink comp="842" pin=0"/></net>

<net id="847"><net_src comp="134" pin="0"/><net_sink comp="842" pin=1"/></net>

<net id="854"><net_src comp="136" pin="0"/><net_sink comp="848" pin=0"/></net>

<net id="855"><net_src comp="216" pin="2"/><net_sink comp="848" pin=1"/></net>

<net id="856"><net_src comp="102" pin="0"/><net_sink comp="848" pin=2"/></net>

<net id="857"><net_src comp="176" pin="0"/><net_sink comp="848" pin=3"/></net>

<net id="862"><net_src comp="458" pin="4"/><net_sink comp="858" pin=0"/></net>

<net id="863"><net_src comp="134" pin="0"/><net_sink comp="858" pin=1"/></net>

<net id="870"><net_src comp="136" pin="0"/><net_sink comp="864" pin=0"/></net>

<net id="871"><net_src comp="216" pin="2"/><net_sink comp="864" pin=1"/></net>

<net id="872"><net_src comp="106" pin="0"/><net_sink comp="864" pin=2"/></net>

<net id="873"><net_src comp="178" pin="0"/><net_sink comp="864" pin=3"/></net>

<net id="878"><net_src comp="468" pin="4"/><net_sink comp="874" pin=0"/></net>

<net id="879"><net_src comp="134" pin="0"/><net_sink comp="874" pin=1"/></net>

<net id="886"><net_src comp="136" pin="0"/><net_sink comp="880" pin=0"/></net>

<net id="887"><net_src comp="216" pin="2"/><net_sink comp="880" pin=1"/></net>

<net id="888"><net_src comp="110" pin="0"/><net_sink comp="880" pin=2"/></net>

<net id="889"><net_src comp="180" pin="0"/><net_sink comp="880" pin=3"/></net>

<net id="894"><net_src comp="478" pin="4"/><net_sink comp="890" pin=0"/></net>

<net id="895"><net_src comp="134" pin="0"/><net_sink comp="890" pin=1"/></net>

<net id="902"><net_src comp="136" pin="0"/><net_sink comp="896" pin=0"/></net>

<net id="903"><net_src comp="216" pin="2"/><net_sink comp="896" pin=1"/></net>

<net id="904"><net_src comp="114" pin="0"/><net_sink comp="896" pin=2"/></net>

<net id="905"><net_src comp="182" pin="0"/><net_sink comp="896" pin=3"/></net>

<net id="910"><net_src comp="488" pin="4"/><net_sink comp="906" pin=0"/></net>

<net id="911"><net_src comp="134" pin="0"/><net_sink comp="906" pin=1"/></net>

<net id="918"><net_src comp="136" pin="0"/><net_sink comp="912" pin=0"/></net>

<net id="919"><net_src comp="216" pin="2"/><net_sink comp="912" pin=1"/></net>

<net id="920"><net_src comp="118" pin="0"/><net_sink comp="912" pin=2"/></net>

<net id="921"><net_src comp="184" pin="0"/><net_sink comp="912" pin=3"/></net>

<net id="926"><net_src comp="498" pin="4"/><net_sink comp="922" pin=0"/></net>

<net id="927"><net_src comp="134" pin="0"/><net_sink comp="922" pin=1"/></net>

<net id="934"><net_src comp="136" pin="0"/><net_sink comp="928" pin=0"/></net>

<net id="935"><net_src comp="216" pin="2"/><net_sink comp="928" pin=1"/></net>

<net id="936"><net_src comp="122" pin="0"/><net_sink comp="928" pin=2"/></net>

<net id="937"><net_src comp="186" pin="0"/><net_sink comp="928" pin=3"/></net>

<net id="942"><net_src comp="508" pin="4"/><net_sink comp="938" pin=0"/></net>

<net id="943"><net_src comp="134" pin="0"/><net_sink comp="938" pin=1"/></net>

<net id="950"><net_src comp="136" pin="0"/><net_sink comp="944" pin=0"/></net>

<net id="951"><net_src comp="216" pin="2"/><net_sink comp="944" pin=1"/></net>

<net id="952"><net_src comp="126" pin="0"/><net_sink comp="944" pin=2"/></net>

<net id="953"><net_src comp="188" pin="0"/><net_sink comp="944" pin=3"/></net>

<net id="958"><net_src comp="518" pin="4"/><net_sink comp="954" pin=0"/></net>

<net id="959"><net_src comp="134" pin="0"/><net_sink comp="954" pin=1"/></net>

<net id="966"><net_src comp="136" pin="0"/><net_sink comp="960" pin=0"/></net>

<net id="967"><net_src comp="216" pin="2"/><net_sink comp="960" pin=1"/></net>

<net id="968"><net_src comp="130" pin="0"/><net_sink comp="960" pin=2"/></net>

<net id="969"><net_src comp="190" pin="0"/><net_sink comp="960" pin=3"/></net>

<net id="975"><net_src comp="202" pin="0"/><net_sink comp="970" pin=0"/></net>

<net id="976"><net_src comp="204" pin="0"/><net_sink comp="970" pin=2"/></net>

<net id="982"><net_src comp="970" pin="3"/><net_sink comp="977" pin=1"/></net>

<net id="983"><net_src comp="206" pin="0"/><net_sink comp="977" pin=2"/></net>

<net id="987"><net_src comp="977" pin="3"/><net_sink comp="984" pin=0"/></net>

<net id="993"><net_src comp="202" pin="0"/><net_sink comp="988" pin=0"/></net>

<net id="994"><net_src comp="204" pin="0"/><net_sink comp="988" pin=2"/></net>

<net id="1000"><net_src comp="988" pin="3"/><net_sink comp="995" pin=1"/></net>

<net id="1001"><net_src comp="206" pin="0"/><net_sink comp="995" pin=2"/></net>

<net id="1005"><net_src comp="995" pin="3"/><net_sink comp="1002" pin=0"/></net>

<net id="1011"><net_src comp="202" pin="0"/><net_sink comp="1006" pin=0"/></net>

<net id="1012"><net_src comp="204" pin="0"/><net_sink comp="1006" pin=2"/></net>

<net id="1018"><net_src comp="1006" pin="3"/><net_sink comp="1013" pin=1"/></net>

<net id="1019"><net_src comp="206" pin="0"/><net_sink comp="1013" pin=2"/></net>

<net id="1023"><net_src comp="1013" pin="3"/><net_sink comp="1020" pin=0"/></net>

<net id="1029"><net_src comp="202" pin="0"/><net_sink comp="1024" pin=0"/></net>

<net id="1030"><net_src comp="204" pin="0"/><net_sink comp="1024" pin=2"/></net>

<net id="1036"><net_src comp="1024" pin="3"/><net_sink comp="1031" pin=1"/></net>

<net id="1037"><net_src comp="206" pin="0"/><net_sink comp="1031" pin=2"/></net>

<net id="1041"><net_src comp="1031" pin="3"/><net_sink comp="1038" pin=0"/></net>

<net id="1047"><net_src comp="202" pin="0"/><net_sink comp="1042" pin=0"/></net>

<net id="1048"><net_src comp="204" pin="0"/><net_sink comp="1042" pin=2"/></net>

<net id="1054"><net_src comp="1042" pin="3"/><net_sink comp="1049" pin=1"/></net>

<net id="1055"><net_src comp="206" pin="0"/><net_sink comp="1049" pin=2"/></net>

<net id="1059"><net_src comp="1049" pin="3"/><net_sink comp="1056" pin=0"/></net>

<net id="1065"><net_src comp="202" pin="0"/><net_sink comp="1060" pin=0"/></net>

<net id="1066"><net_src comp="204" pin="0"/><net_sink comp="1060" pin=2"/></net>

<net id="1072"><net_src comp="1060" pin="3"/><net_sink comp="1067" pin=1"/></net>

<net id="1073"><net_src comp="206" pin="0"/><net_sink comp="1067" pin=2"/></net>

<net id="1077"><net_src comp="1067" pin="3"/><net_sink comp="1074" pin=0"/></net>

<net id="1083"><net_src comp="202" pin="0"/><net_sink comp="1078" pin=0"/></net>

<net id="1084"><net_src comp="204" pin="0"/><net_sink comp="1078" pin=2"/></net>

<net id="1090"><net_src comp="1078" pin="3"/><net_sink comp="1085" pin=1"/></net>

<net id="1091"><net_src comp="206" pin="0"/><net_sink comp="1085" pin=2"/></net>

<net id="1095"><net_src comp="1085" pin="3"/><net_sink comp="1092" pin=0"/></net>

<net id="1101"><net_src comp="202" pin="0"/><net_sink comp="1096" pin=0"/></net>

<net id="1102"><net_src comp="204" pin="0"/><net_sink comp="1096" pin=2"/></net>

<net id="1108"><net_src comp="1096" pin="3"/><net_sink comp="1103" pin=1"/></net>

<net id="1109"><net_src comp="206" pin="0"/><net_sink comp="1103" pin=2"/></net>

<net id="1113"><net_src comp="1103" pin="3"/><net_sink comp="1110" pin=0"/></net>

<net id="1119"><net_src comp="202" pin="0"/><net_sink comp="1114" pin=0"/></net>

<net id="1120"><net_src comp="204" pin="0"/><net_sink comp="1114" pin=2"/></net>

<net id="1126"><net_src comp="1114" pin="3"/><net_sink comp="1121" pin=1"/></net>

<net id="1127"><net_src comp="206" pin="0"/><net_sink comp="1121" pin=2"/></net>

<net id="1131"><net_src comp="1121" pin="3"/><net_sink comp="1128" pin=0"/></net>

<net id="1137"><net_src comp="202" pin="0"/><net_sink comp="1132" pin=0"/></net>

<net id="1138"><net_src comp="204" pin="0"/><net_sink comp="1132" pin=2"/></net>

<net id="1144"><net_src comp="1132" pin="3"/><net_sink comp="1139" pin=1"/></net>

<net id="1145"><net_src comp="206" pin="0"/><net_sink comp="1139" pin=2"/></net>

<net id="1149"><net_src comp="1139" pin="3"/><net_sink comp="1146" pin=0"/></net>

<net id="1155"><net_src comp="202" pin="0"/><net_sink comp="1150" pin=0"/></net>

<net id="1156"><net_src comp="204" pin="0"/><net_sink comp="1150" pin=2"/></net>

<net id="1162"><net_src comp="1150" pin="3"/><net_sink comp="1157" pin=1"/></net>

<net id="1163"><net_src comp="206" pin="0"/><net_sink comp="1157" pin=2"/></net>

<net id="1167"><net_src comp="1157" pin="3"/><net_sink comp="1164" pin=0"/></net>

<net id="1173"><net_src comp="202" pin="0"/><net_sink comp="1168" pin=0"/></net>

<net id="1174"><net_src comp="204" pin="0"/><net_sink comp="1168" pin=2"/></net>

<net id="1180"><net_src comp="1168" pin="3"/><net_sink comp="1175" pin=1"/></net>

<net id="1181"><net_src comp="206" pin="0"/><net_sink comp="1175" pin=2"/></net>

<net id="1185"><net_src comp="1175" pin="3"/><net_sink comp="1182" pin=0"/></net>

<net id="1191"><net_src comp="202" pin="0"/><net_sink comp="1186" pin=0"/></net>

<net id="1192"><net_src comp="204" pin="0"/><net_sink comp="1186" pin=2"/></net>

<net id="1198"><net_src comp="1186" pin="3"/><net_sink comp="1193" pin=1"/></net>

<net id="1199"><net_src comp="206" pin="0"/><net_sink comp="1193" pin=2"/></net>

<net id="1203"><net_src comp="1193" pin="3"/><net_sink comp="1200" pin=0"/></net>

<net id="1209"><net_src comp="202" pin="0"/><net_sink comp="1204" pin=0"/></net>

<net id="1210"><net_src comp="204" pin="0"/><net_sink comp="1204" pin=2"/></net>

<net id="1216"><net_src comp="1204" pin="3"/><net_sink comp="1211" pin=1"/></net>

<net id="1217"><net_src comp="206" pin="0"/><net_sink comp="1211" pin=2"/></net>

<net id="1221"><net_src comp="1211" pin="3"/><net_sink comp="1218" pin=0"/></net>

<net id="1227"><net_src comp="202" pin="0"/><net_sink comp="1222" pin=0"/></net>

<net id="1228"><net_src comp="204" pin="0"/><net_sink comp="1222" pin=2"/></net>

<net id="1234"><net_src comp="1222" pin="3"/><net_sink comp="1229" pin=1"/></net>

<net id="1235"><net_src comp="206" pin="0"/><net_sink comp="1229" pin=2"/></net>

<net id="1239"><net_src comp="1229" pin="3"/><net_sink comp="1236" pin=0"/></net>

<net id="1245"><net_src comp="202" pin="0"/><net_sink comp="1240" pin=0"/></net>

<net id="1246"><net_src comp="204" pin="0"/><net_sink comp="1240" pin=2"/></net>

<net id="1252"><net_src comp="1240" pin="3"/><net_sink comp="1247" pin=1"/></net>

<net id="1253"><net_src comp="206" pin="0"/><net_sink comp="1247" pin=2"/></net>

<net id="1257"><net_src comp="1247" pin="3"/><net_sink comp="1254" pin=0"/></net>

<net id="1263"><net_src comp="202" pin="0"/><net_sink comp="1258" pin=0"/></net>

<net id="1264"><net_src comp="204" pin="0"/><net_sink comp="1258" pin=2"/></net>

<net id="1270"><net_src comp="1258" pin="3"/><net_sink comp="1265" pin=1"/></net>

<net id="1271"><net_src comp="206" pin="0"/><net_sink comp="1265" pin=2"/></net>

<net id="1275"><net_src comp="1265" pin="3"/><net_sink comp="1272" pin=0"/></net>

<net id="1281"><net_src comp="202" pin="0"/><net_sink comp="1276" pin=0"/></net>

<net id="1282"><net_src comp="204" pin="0"/><net_sink comp="1276" pin=2"/></net>

<net id="1288"><net_src comp="1276" pin="3"/><net_sink comp="1283" pin=1"/></net>

<net id="1289"><net_src comp="206" pin="0"/><net_sink comp="1283" pin=2"/></net>

<net id="1293"><net_src comp="1283" pin="3"/><net_sink comp="1290" pin=0"/></net>

<net id="1299"><net_src comp="202" pin="0"/><net_sink comp="1294" pin=0"/></net>

<net id="1300"><net_src comp="204" pin="0"/><net_sink comp="1294" pin=2"/></net>

<net id="1306"><net_src comp="1294" pin="3"/><net_sink comp="1301" pin=1"/></net>

<net id="1307"><net_src comp="206" pin="0"/><net_sink comp="1301" pin=2"/></net>

<net id="1311"><net_src comp="1301" pin="3"/><net_sink comp="1308" pin=0"/></net>

<net id="1317"><net_src comp="202" pin="0"/><net_sink comp="1312" pin=0"/></net>

<net id="1318"><net_src comp="204" pin="0"/><net_sink comp="1312" pin=2"/></net>

<net id="1324"><net_src comp="1312" pin="3"/><net_sink comp="1319" pin=1"/></net>

<net id="1325"><net_src comp="206" pin="0"/><net_sink comp="1319" pin=2"/></net>

<net id="1329"><net_src comp="1319" pin="3"/><net_sink comp="1326" pin=0"/></net>

<net id="1335"><net_src comp="202" pin="0"/><net_sink comp="1330" pin=0"/></net>

<net id="1336"><net_src comp="204" pin="0"/><net_sink comp="1330" pin=2"/></net>

<net id="1342"><net_src comp="1330" pin="3"/><net_sink comp="1337" pin=1"/></net>

<net id="1343"><net_src comp="206" pin="0"/><net_sink comp="1337" pin=2"/></net>

<net id="1347"><net_src comp="1337" pin="3"/><net_sink comp="1344" pin=0"/></net>

<net id="1353"><net_src comp="202" pin="0"/><net_sink comp="1348" pin=0"/></net>

<net id="1354"><net_src comp="204" pin="0"/><net_sink comp="1348" pin=2"/></net>

<net id="1360"><net_src comp="1348" pin="3"/><net_sink comp="1355" pin=1"/></net>

<net id="1361"><net_src comp="206" pin="0"/><net_sink comp="1355" pin=2"/></net>

<net id="1365"><net_src comp="1355" pin="3"/><net_sink comp="1362" pin=0"/></net>

<net id="1371"><net_src comp="202" pin="0"/><net_sink comp="1366" pin=0"/></net>

<net id="1372"><net_src comp="204" pin="0"/><net_sink comp="1366" pin=2"/></net>

<net id="1378"><net_src comp="1366" pin="3"/><net_sink comp="1373" pin=1"/></net>

<net id="1379"><net_src comp="206" pin="0"/><net_sink comp="1373" pin=2"/></net>

<net id="1383"><net_src comp="1373" pin="3"/><net_sink comp="1380" pin=0"/></net>

<net id="1389"><net_src comp="202" pin="0"/><net_sink comp="1384" pin=0"/></net>

<net id="1390"><net_src comp="204" pin="0"/><net_sink comp="1384" pin=2"/></net>

<net id="1396"><net_src comp="1384" pin="3"/><net_sink comp="1391" pin=1"/></net>

<net id="1397"><net_src comp="206" pin="0"/><net_sink comp="1391" pin=2"/></net>

<net id="1401"><net_src comp="1391" pin="3"/><net_sink comp="1398" pin=0"/></net>

<net id="1407"><net_src comp="202" pin="0"/><net_sink comp="1402" pin=0"/></net>

<net id="1408"><net_src comp="204" pin="0"/><net_sink comp="1402" pin=2"/></net>

<net id="1414"><net_src comp="1402" pin="3"/><net_sink comp="1409" pin=1"/></net>

<net id="1415"><net_src comp="206" pin="0"/><net_sink comp="1409" pin=2"/></net>

<net id="1419"><net_src comp="1409" pin="3"/><net_sink comp="1416" pin=0"/></net>

<net id="1425"><net_src comp="202" pin="0"/><net_sink comp="1420" pin=0"/></net>

<net id="1426"><net_src comp="204" pin="0"/><net_sink comp="1420" pin=2"/></net>

<net id="1432"><net_src comp="1420" pin="3"/><net_sink comp="1427" pin=1"/></net>

<net id="1433"><net_src comp="206" pin="0"/><net_sink comp="1427" pin=2"/></net>

<net id="1437"><net_src comp="1427" pin="3"/><net_sink comp="1434" pin=0"/></net>

<net id="1443"><net_src comp="202" pin="0"/><net_sink comp="1438" pin=0"/></net>

<net id="1444"><net_src comp="204" pin="0"/><net_sink comp="1438" pin=2"/></net>

<net id="1450"><net_src comp="1438" pin="3"/><net_sink comp="1445" pin=1"/></net>

<net id="1451"><net_src comp="206" pin="0"/><net_sink comp="1445" pin=2"/></net>

<net id="1455"><net_src comp="1445" pin="3"/><net_sink comp="1452" pin=0"/></net>

<net id="1461"><net_src comp="202" pin="0"/><net_sink comp="1456" pin=0"/></net>

<net id="1462"><net_src comp="204" pin="0"/><net_sink comp="1456" pin=2"/></net>

<net id="1468"><net_src comp="1456" pin="3"/><net_sink comp="1463" pin=1"/></net>

<net id="1469"><net_src comp="206" pin="0"/><net_sink comp="1463" pin=2"/></net>

<net id="1501"><net_src comp="208" pin="0"/><net_sink comp="1470" pin=0"/></net>

<net id="1502"><net_src comp="1463" pin="3"/><net_sink comp="1470" pin=1"/></net>

<net id="1503"><net_src comp="1452" pin="1"/><net_sink comp="1470" pin=2"/></net>

<net id="1504"><net_src comp="1434" pin="1"/><net_sink comp="1470" pin=3"/></net>

<net id="1505"><net_src comp="1416" pin="1"/><net_sink comp="1470" pin=4"/></net>

<net id="1506"><net_src comp="1398" pin="1"/><net_sink comp="1470" pin=5"/></net>

<net id="1507"><net_src comp="1380" pin="1"/><net_sink comp="1470" pin=6"/></net>

<net id="1508"><net_src comp="1362" pin="1"/><net_sink comp="1470" pin=7"/></net>

<net id="1509"><net_src comp="1344" pin="1"/><net_sink comp="1470" pin=8"/></net>

<net id="1510"><net_src comp="1326" pin="1"/><net_sink comp="1470" pin=9"/></net>

<net id="1511"><net_src comp="1308" pin="1"/><net_sink comp="1470" pin=10"/></net>

<net id="1512"><net_src comp="1290" pin="1"/><net_sink comp="1470" pin=11"/></net>

<net id="1513"><net_src comp="1272" pin="1"/><net_sink comp="1470" pin=12"/></net>

<net id="1514"><net_src comp="1254" pin="1"/><net_sink comp="1470" pin=13"/></net>

<net id="1515"><net_src comp="1236" pin="1"/><net_sink comp="1470" pin=14"/></net>

<net id="1516"><net_src comp="1218" pin="1"/><net_sink comp="1470" pin=15"/></net>

<net id="1517"><net_src comp="1200" pin="1"/><net_sink comp="1470" pin=16"/></net>

<net id="1518"><net_src comp="1182" pin="1"/><net_sink comp="1470" pin=17"/></net>

<net id="1519"><net_src comp="1164" pin="1"/><net_sink comp="1470" pin=18"/></net>

<net id="1520"><net_src comp="1146" pin="1"/><net_sink comp="1470" pin=19"/></net>

<net id="1521"><net_src comp="1128" pin="1"/><net_sink comp="1470" pin=20"/></net>

<net id="1522"><net_src comp="1110" pin="1"/><net_sink comp="1470" pin=21"/></net>

<net id="1523"><net_src comp="1092" pin="1"/><net_sink comp="1470" pin=22"/></net>

<net id="1524"><net_src comp="1074" pin="1"/><net_sink comp="1470" pin=23"/></net>

<net id="1525"><net_src comp="1056" pin="1"/><net_sink comp="1470" pin=24"/></net>

<net id="1526"><net_src comp="1038" pin="1"/><net_sink comp="1470" pin=25"/></net>

<net id="1527"><net_src comp="1020" pin="1"/><net_sink comp="1470" pin=26"/></net>

<net id="1528"><net_src comp="1002" pin="1"/><net_sink comp="1470" pin=27"/></net>

<net id="1529"><net_src comp="984" pin="1"/><net_sink comp="1470" pin=28"/></net>

<net id="1533"><net_src comp="1470" pin="29"/><net_sink comp="1530" pin=0"/></net>

<net id="1534"><net_src comp="1530" pin="1"/><net_sink comp="222" pin=2"/></net>

<net id="1538"><net_src comp="212" pin="1"/><net_sink comp="1535" pin=0"/></net>

<net id="1539"><net_src comp="1535" pin="1"/><net_sink comp="229" pin=1"/></net>

<net id="1540"><net_src comp="1535" pin="1"/><net_sink comp="234" pin=0"/></net>

<net id="1541"><net_src comp="1535" pin="1"/><net_sink comp="249" pin=1"/></net>

<net id="1545"><net_src comp="237" pin="2"/><net_sink comp="1542" pin=0"/></net>

<net id="1549"><net_src comp="528" pin="2"/><net_sink comp="1546" pin=0"/></net>

<net id="1550"><net_src comp="1546" pin="1"/><net_sink comp="977" pin=0"/></net>

<net id="1554"><net_src comp="534" pin="1"/><net_sink comp="1551" pin=0"/></net>

<net id="1555"><net_src comp="1551" pin="1"/><net_sink comp="970" pin=1"/></net>

<net id="1559"><net_src comp="538" pin="2"/><net_sink comp="1556" pin=0"/></net>

<net id="1560"><net_src comp="1556" pin="1"/><net_sink comp="995" pin=0"/></net>

<net id="1564"><net_src comp="544" pin="4"/><net_sink comp="1561" pin=0"/></net>

<net id="1565"><net_src comp="1561" pin="1"/><net_sink comp="988" pin=1"/></net>

<net id="1569"><net_src comp="554" pin="2"/><net_sink comp="1566" pin=0"/></net>

<net id="1570"><net_src comp="1566" pin="1"/><net_sink comp="1013" pin=0"/></net>

<net id="1574"><net_src comp="560" pin="4"/><net_sink comp="1571" pin=0"/></net>

<net id="1575"><net_src comp="1571" pin="1"/><net_sink comp="1006" pin=1"/></net>

<net id="1579"><net_src comp="570" pin="2"/><net_sink comp="1576" pin=0"/></net>

<net id="1580"><net_src comp="1576" pin="1"/><net_sink comp="1031" pin=0"/></net>

<net id="1584"><net_src comp="576" pin="4"/><net_sink comp="1581" pin=0"/></net>

<net id="1585"><net_src comp="1581" pin="1"/><net_sink comp="1024" pin=1"/></net>

<net id="1589"><net_src comp="586" pin="2"/><net_sink comp="1586" pin=0"/></net>

<net id="1590"><net_src comp="1586" pin="1"/><net_sink comp="1049" pin=0"/></net>

<net id="1594"><net_src comp="592" pin="4"/><net_sink comp="1591" pin=0"/></net>

<net id="1595"><net_src comp="1591" pin="1"/><net_sink comp="1042" pin=1"/></net>

<net id="1599"><net_src comp="602" pin="2"/><net_sink comp="1596" pin=0"/></net>

<net id="1600"><net_src comp="1596" pin="1"/><net_sink comp="1067" pin=0"/></net>

<net id="1604"><net_src comp="608" pin="4"/><net_sink comp="1601" pin=0"/></net>

<net id="1605"><net_src comp="1601" pin="1"/><net_sink comp="1060" pin=1"/></net>

<net id="1609"><net_src comp="618" pin="2"/><net_sink comp="1606" pin=0"/></net>

<net id="1610"><net_src comp="1606" pin="1"/><net_sink comp="1085" pin=0"/></net>

<net id="1614"><net_src comp="624" pin="4"/><net_sink comp="1611" pin=0"/></net>

<net id="1615"><net_src comp="1611" pin="1"/><net_sink comp="1078" pin=1"/></net>

<net id="1619"><net_src comp="634" pin="2"/><net_sink comp="1616" pin=0"/></net>

<net id="1620"><net_src comp="1616" pin="1"/><net_sink comp="1103" pin=0"/></net>

<net id="1624"><net_src comp="640" pin="4"/><net_sink comp="1621" pin=0"/></net>

<net id="1625"><net_src comp="1621" pin="1"/><net_sink comp="1096" pin=1"/></net>

<net id="1629"><net_src comp="650" pin="2"/><net_sink comp="1626" pin=0"/></net>

<net id="1630"><net_src comp="1626" pin="1"/><net_sink comp="1121" pin=0"/></net>

<net id="1634"><net_src comp="656" pin="4"/><net_sink comp="1631" pin=0"/></net>

<net id="1635"><net_src comp="1631" pin="1"/><net_sink comp="1114" pin=1"/></net>

<net id="1639"><net_src comp="666" pin="2"/><net_sink comp="1636" pin=0"/></net>

<net id="1640"><net_src comp="1636" pin="1"/><net_sink comp="1139" pin=0"/></net>

<net id="1644"><net_src comp="672" pin="4"/><net_sink comp="1641" pin=0"/></net>

<net id="1645"><net_src comp="1641" pin="1"/><net_sink comp="1132" pin=1"/></net>

<net id="1649"><net_src comp="682" pin="2"/><net_sink comp="1646" pin=0"/></net>

<net id="1650"><net_src comp="1646" pin="1"/><net_sink comp="1157" pin=0"/></net>

<net id="1654"><net_src comp="688" pin="4"/><net_sink comp="1651" pin=0"/></net>

<net id="1655"><net_src comp="1651" pin="1"/><net_sink comp="1150" pin=1"/></net>

<net id="1659"><net_src comp="698" pin="2"/><net_sink comp="1656" pin=0"/></net>

<net id="1660"><net_src comp="1656" pin="1"/><net_sink comp="1175" pin=0"/></net>

<net id="1664"><net_src comp="704" pin="4"/><net_sink comp="1661" pin=0"/></net>

<net id="1665"><net_src comp="1661" pin="1"/><net_sink comp="1168" pin=1"/></net>

<net id="1669"><net_src comp="714" pin="2"/><net_sink comp="1666" pin=0"/></net>

<net id="1670"><net_src comp="1666" pin="1"/><net_sink comp="1193" pin=0"/></net>

<net id="1674"><net_src comp="720" pin="4"/><net_sink comp="1671" pin=0"/></net>

<net id="1675"><net_src comp="1671" pin="1"/><net_sink comp="1186" pin=1"/></net>

<net id="1679"><net_src comp="730" pin="2"/><net_sink comp="1676" pin=0"/></net>

<net id="1680"><net_src comp="1676" pin="1"/><net_sink comp="1211" pin=0"/></net>

<net id="1684"><net_src comp="736" pin="4"/><net_sink comp="1681" pin=0"/></net>

<net id="1685"><net_src comp="1681" pin="1"/><net_sink comp="1204" pin=1"/></net>

<net id="1689"><net_src comp="746" pin="2"/><net_sink comp="1686" pin=0"/></net>

<net id="1690"><net_src comp="1686" pin="1"/><net_sink comp="1229" pin=0"/></net>

<net id="1694"><net_src comp="752" pin="4"/><net_sink comp="1691" pin=0"/></net>

<net id="1695"><net_src comp="1691" pin="1"/><net_sink comp="1222" pin=1"/></net>

<net id="1699"><net_src comp="762" pin="2"/><net_sink comp="1696" pin=0"/></net>

<net id="1700"><net_src comp="1696" pin="1"/><net_sink comp="1247" pin=0"/></net>

<net id="1704"><net_src comp="768" pin="4"/><net_sink comp="1701" pin=0"/></net>

<net id="1705"><net_src comp="1701" pin="1"/><net_sink comp="1240" pin=1"/></net>

<net id="1709"><net_src comp="778" pin="2"/><net_sink comp="1706" pin=0"/></net>

<net id="1710"><net_src comp="1706" pin="1"/><net_sink comp="1265" pin=0"/></net>

<net id="1714"><net_src comp="784" pin="4"/><net_sink comp="1711" pin=0"/></net>

<net id="1715"><net_src comp="1711" pin="1"/><net_sink comp="1258" pin=1"/></net>

<net id="1719"><net_src comp="794" pin="2"/><net_sink comp="1716" pin=0"/></net>

<net id="1720"><net_src comp="1716" pin="1"/><net_sink comp="1283" pin=0"/></net>

<net id="1724"><net_src comp="800" pin="4"/><net_sink comp="1721" pin=0"/></net>

<net id="1725"><net_src comp="1721" pin="1"/><net_sink comp="1276" pin=1"/></net>

<net id="1729"><net_src comp="810" pin="2"/><net_sink comp="1726" pin=0"/></net>

<net id="1730"><net_src comp="1726" pin="1"/><net_sink comp="1301" pin=0"/></net>

<net id="1734"><net_src comp="816" pin="4"/><net_sink comp="1731" pin=0"/></net>

<net id="1735"><net_src comp="1731" pin="1"/><net_sink comp="1294" pin=1"/></net>

<net id="1739"><net_src comp="826" pin="2"/><net_sink comp="1736" pin=0"/></net>

<net id="1740"><net_src comp="1736" pin="1"/><net_sink comp="1319" pin=0"/></net>

<net id="1744"><net_src comp="832" pin="4"/><net_sink comp="1741" pin=0"/></net>

<net id="1745"><net_src comp="1741" pin="1"/><net_sink comp="1312" pin=1"/></net>

<net id="1749"><net_src comp="842" pin="2"/><net_sink comp="1746" pin=0"/></net>

<net id="1750"><net_src comp="1746" pin="1"/><net_sink comp="1337" pin=0"/></net>

<net id="1754"><net_src comp="848" pin="4"/><net_sink comp="1751" pin=0"/></net>

<net id="1755"><net_src comp="1751" pin="1"/><net_sink comp="1330" pin=1"/></net>

<net id="1759"><net_src comp="858" pin="2"/><net_sink comp="1756" pin=0"/></net>

<net id="1760"><net_src comp="1756" pin="1"/><net_sink comp="1355" pin=0"/></net>

<net id="1764"><net_src comp="864" pin="4"/><net_sink comp="1761" pin=0"/></net>

<net id="1765"><net_src comp="1761" pin="1"/><net_sink comp="1348" pin=1"/></net>

<net id="1769"><net_src comp="874" pin="2"/><net_sink comp="1766" pin=0"/></net>

<net id="1770"><net_src comp="1766" pin="1"/><net_sink comp="1373" pin=0"/></net>

<net id="1774"><net_src comp="880" pin="4"/><net_sink comp="1771" pin=0"/></net>

<net id="1775"><net_src comp="1771" pin="1"/><net_sink comp="1366" pin=1"/></net>

<net id="1779"><net_src comp="890" pin="2"/><net_sink comp="1776" pin=0"/></net>

<net id="1780"><net_src comp="1776" pin="1"/><net_sink comp="1391" pin=0"/></net>

<net id="1784"><net_src comp="896" pin="4"/><net_sink comp="1781" pin=0"/></net>

<net id="1785"><net_src comp="1781" pin="1"/><net_sink comp="1384" pin=1"/></net>

<net id="1789"><net_src comp="906" pin="2"/><net_sink comp="1786" pin=0"/></net>

<net id="1790"><net_src comp="1786" pin="1"/><net_sink comp="1409" pin=0"/></net>

<net id="1794"><net_src comp="912" pin="4"/><net_sink comp="1791" pin=0"/></net>

<net id="1795"><net_src comp="1791" pin="1"/><net_sink comp="1402" pin=1"/></net>

<net id="1799"><net_src comp="922" pin="2"/><net_sink comp="1796" pin=0"/></net>

<net id="1800"><net_src comp="1796" pin="1"/><net_sink comp="1427" pin=0"/></net>

<net id="1804"><net_src comp="928" pin="4"/><net_sink comp="1801" pin=0"/></net>

<net id="1805"><net_src comp="1801" pin="1"/><net_sink comp="1420" pin=1"/></net>

<net id="1809"><net_src comp="938" pin="2"/><net_sink comp="1806" pin=0"/></net>

<net id="1810"><net_src comp="1806" pin="1"/><net_sink comp="1445" pin=0"/></net>

<net id="1814"><net_src comp="944" pin="4"/><net_sink comp="1811" pin=0"/></net>

<net id="1815"><net_src comp="1811" pin="1"/><net_sink comp="1438" pin=1"/></net>

<net id="1819"><net_src comp="954" pin="2"/><net_sink comp="1816" pin=0"/></net>

<net id="1820"><net_src comp="1816" pin="1"/><net_sink comp="1463" pin=0"/></net>

<net id="1824"><net_src comp="960" pin="4"/><net_sink comp="1821" pin=0"/></net>

<net id="1825"><net_src comp="1821" pin="1"/><net_sink comp="1456" pin=1"/></net>

</net_list>

</model> 
---------------- Datapath Model END ------------------

* FSMD analyzer results:
  - Output states:
	Port: layer4x4_out | {3 }
 - Input state : 
	Port: relu<array<ap_fixed,28u>,array<ap_fixed<16,6,5,3,0>,28u>,relu_config4> : layer3x4_out | {2 }
  - Chain level:
	State 1
		store_ln41 : 1
		i_3 : 1
		icmp_ln41 : 2
		i_4 : 2
		br_ln41 : 3
		store_ln41 : 3
	State 2
		icmp_ln51 : 1
		icmp_ln51_1 : 1
		icmp_ln51_2 : 1
		icmp_ln51_3 : 1
		icmp_ln51_4 : 1
		icmp_ln51_5 : 1
		icmp_ln51_6 : 1
		icmp_ln51_7 : 1
		icmp_ln51_8 : 1
		icmp_ln51_9 : 1
		icmp_ln51_10 : 1
		icmp_ln51_11 : 1
		icmp_ln51_12 : 1
		icmp_ln51_13 : 1
		icmp_ln51_14 : 1
		icmp_ln51_15 : 1
		icmp_ln51_16 : 1
		icmp_ln51_17 : 1
		icmp_ln51_18 : 1
		icmp_ln51_19 : 1
		icmp_ln51_20 : 1
		icmp_ln51_21 : 1
		icmp_ln51_22 : 1
		icmp_ln51_23 : 1
		icmp_ln51_24 : 1
		icmp_ln51_25 : 1
		icmp_ln51_26 : 1
		icmp_ln51_27 : 1
	State 3
		out_data_1 : 1
		zext_ln45 : 2
		out_data_3 : 1
		zext_ln45_1 : 2
		out_data_5 : 1
		zext_ln45_2 : 2
		out_data_7 : 1
		zext_ln45_3 : 2
		select_ln51 : 1
		zext_ln51 : 2
		select_ln51_1 : 1
		zext_ln51_1 : 2
		select_ln51_2 : 1
		zext_ln51_2 : 2
		select_ln51_3 : 1
		zext_ln51_3 : 2
		select_ln51_4 : 1
		zext_ln51_4 : 2
		select_ln51_5 : 1
		zext_ln51_5 : 2
		select_ln51_6 : 1
		zext_ln51_6 : 2
		select_ln51_7 : 1
		zext_ln51_7 : 2
		select_ln51_8 : 1
		zext_ln51_8 : 2
		select_ln51_9 : 1
		zext_ln51_9 : 2
		select_ln51_10 : 1
		zext_ln51_10 : 2
		select_ln51_11 : 1
		zext_ln51_11 : 2
		select_ln51_12 : 1
		zext_ln51_12 : 2
		select_ln51_13 : 1
		zext_ln51_13 : 2
		select_ln51_14 : 1
		zext_ln51_14 : 2
		select_ln51_15 : 1
		zext_ln51_15 : 2
		select_ln51_16 : 1
		zext_ln51_16 : 2
		select_ln51_17 : 1
		zext_ln51_17 : 2
		select_ln51_18 : 1
		zext_ln51_18 : 2
		select_ln51_19 : 1
		zext_ln51_19 : 2
		select_ln51_20 : 1
		zext_ln51_20 : 2
		select_ln51_21 : 1
		zext_ln51_21 : 2
		select_ln51_22 : 1
		zext_ln51_22 : 2
		select_ln51_23 : 1
		or_ln57_s : 3
		zext_ln57 : 4
		write_ln57 : 5


============================================================
+ Verbose Summary: Datapath Resource usage 
============================================================

* Functional unit list:
|----------|-------------------------------|---------|---------|
| Operation|        Functional Unit        |    FF   |   LUT   |
|----------|-------------------------------|---------|---------|
|          |        icmp_ln41_fu_237       |    0    |    14   |
|          |        icmp_ln51_fu_528       |    0    |    16   |
|          |       icmp_ln51_1_fu_538      |    0    |    16   |
|          |       icmp_ln51_2_fu_554      |    0    |    16   |
|          |       icmp_ln51_3_fu_570      |    0    |    16   |
|          |       icmp_ln51_4_fu_586      |    0    |    16   |
|          |       icmp_ln51_5_fu_602      |    0    |    16   |
|          |       icmp_ln51_6_fu_618      |    0    |    16   |
|          |       icmp_ln51_7_fu_634      |    0    |    16   |
|          |       icmp_ln51_8_fu_650      |    0    |    16   |
|          |       icmp_ln51_9_fu_666      |    0    |    16   |
|          |      icmp_ln51_10_fu_682      |    0    |    16   |
|          |      icmp_ln51_11_fu_698      |    0    |    16   |
|          |      icmp_ln51_12_fu_714      |    0    |    16   |
|   icmp   |      icmp_ln51_13_fu_730      |    0    |    16   |
|          |      icmp_ln51_14_fu_746      |    0    |    16   |
|          |      icmp_ln51_15_fu_762      |    0    |    16   |
|          |      icmp_ln51_16_fu_778      |    0    |    16   |
|          |      icmp_ln51_17_fu_794      |    0    |    16   |
|          |      icmp_ln51_18_fu_810      |    0    |    16   |
|          |      icmp_ln51_19_fu_826      |    0    |    16   |
|          |      icmp_ln51_20_fu_842      |    0    |    16   |
|          |      icmp_ln51_21_fu_858      |    0    |    16   |
|          |      icmp_ln51_22_fu_874      |    0    |    16   |
|          |      icmp_ln51_23_fu_890      |    0    |    16   |
|          |      icmp_ln51_24_fu_906      |    0    |    16   |
|          |      icmp_ln51_25_fu_922      |    0    |    16   |
|          |      icmp_ln51_26_fu_938      |    0    |    16   |
|          |      icmp_ln51_27_fu_954      |    0    |    16   |
|----------|-------------------------------|---------|---------|
|          |       out_data_1_fu_977       |    0    |    14   |
|          |       out_data_3_fu_995       |    0    |    14   |
|          |       out_data_5_fu_1013      |    0    |    14   |
|          |       out_data_7_fu_1031      |    0    |    14   |
|          |      select_ln51_fu_1049      |    0    |    14   |
|          |     select_ln51_1_fu_1067     |    0    |    14   |
|          |     select_ln51_2_fu_1085     |    0    |    14   |
|          |     select_ln51_3_fu_1103     |    0    |    14   |
|          |     select_ln51_4_fu_1121     |    0    |    14   |
|          |     select_ln51_5_fu_1139     |    0    |    14   |
|          |     select_ln51_6_fu_1157     |    0    |    14   |
|          |     select_ln51_7_fu_1175     |    0    |    14   |
|          |     select_ln51_8_fu_1193     |    0    |    14   |
|  select  |     select_ln51_9_fu_1211     |    0    |    14   |
|          |     select_ln51_10_fu_1229    |    0    |    14   |
|          |     select_ln51_11_fu_1247    |    0    |    14   |
|          |     select_ln51_12_fu_1265    |    0    |    14   |
|          |     select_ln51_13_fu_1283    |    0    |    14   |
|          |     select_ln51_14_fu_1301    |    0    |    14   |
|          |     select_ln51_15_fu_1319    |    0    |    14   |
|          |     select_ln51_16_fu_1337    |    0    |    14   |
|          |     select_ln51_17_fu_1355    |    0    |    14   |
|          |     select_ln51_18_fu_1373    |    0    |    14   |
|          |     select_ln51_19_fu_1391    |    0    |    14   |
|          |     select_ln51_20_fu_1409    |    0    |    14   |
|          |     select_ln51_21_fu_1427    |    0    |    14   |
|          |     select_ln51_22_fu_1445    |    0    |    14   |
|          |     select_ln51_23_fu_1463    |    0    |    14   |
|----------|-------------------------------|---------|---------|
|    add   |           i_4_fu_243          |    0    |    14   |
|----------|-------------------------------|---------|---------|
|   read   | layer3x4_out_read_read_fu_216 |    0    |    0    |
|----------|-------------------------------|---------|---------|
|   write  |    write_ln57_write_fu_222    |    0    |    0    |
|----------|-------------------------------|---------|---------|
|   trunc  |       trunc_ln44_fu_254       |    0    |    0    |
|          |       trunc_ln52_fu_534       |    0    |    0    |
|----------|-------------------------------|---------|---------|
|          |      trunc_ln44_1_fu_258      |    0    |    0    |
|          |      trunc_ln44_2_fu_268      |    0    |    0    |
|          |      trunc_ln44_3_fu_278      |    0    |    0    |
|          |      trunc_ln44_4_fu_288      |    0    |    0    |
|          |      trunc_ln44_5_fu_298      |    0    |    0    |
|          |      trunc_ln44_6_fu_308      |    0    |    0    |
|          |      trunc_ln44_7_fu_318      |    0    |    0    |
|          |      trunc_ln44_8_fu_328      |    0    |    0    |
|          |      trunc_ln44_9_fu_338      |    0    |    0    |
|          |      trunc_ln44_s_fu_348      |    0    |    0    |
|          |      trunc_ln44_10_fu_358     |    0    |    0    |
|          |      trunc_ln44_11_fu_368     |    0    |    0    |
|          |      trunc_ln44_12_fu_378     |    0    |    0    |
|          |      trunc_ln44_13_fu_388     |    0    |    0    |
|          |      trunc_ln44_14_fu_398     |    0    |    0    |
|          |      trunc_ln44_15_fu_408     |    0    |    0    |
|          |      trunc_ln44_16_fu_418     |    0    |    0    |
|          |      trunc_ln44_17_fu_428     |    0    |    0    |
|          |      trunc_ln44_18_fu_438     |    0    |    0    |
|          |      trunc_ln44_19_fu_448     |    0    |    0    |
|          |      trunc_ln44_20_fu_458     |    0    |    0    |
|          |      trunc_ln44_21_fu_468     |    0    |    0    |
|          |      trunc_ln44_22_fu_478     |    0    |    0    |
|          |      trunc_ln44_23_fu_488     |    0    |    0    |
|          |      trunc_ln44_24_fu_498     |    0    |    0    |
|          |      trunc_ln44_25_fu_508     |    0    |    0    |
|partselect|      trunc_ln44_26_fu_518     |    0    |    0    |
|          |          tmp_1_fu_544         |    0    |    0    |
|          |          tmp_2_fu_560         |    0    |    0    |
|          |          tmp_3_fu_576         |    0    |    0    |
|          |          tmp_4_fu_592         |    0    |    0    |
|          |          tmp_5_fu_608         |    0    |    0    |
|          |          tmp_6_fu_624         |    0    |    0    |
|          |          tmp_7_fu_640         |    0    |    0    |
|          |          tmp_8_fu_656         |    0    |    0    |
|          |          tmp_9_fu_672         |    0    |    0    |
|          |          tmp_s_fu_688         |    0    |    0    |
|          |         tmp_10_fu_704         |    0    |    0    |
|          |         tmp_11_fu_720         |    0    |    0    |
|          |         tmp_12_fu_736         |    0    |    0    |
|          |         tmp_13_fu_752         |    0    |    0    |
|          |         tmp_14_fu_768         |    0    |    0    |
|          |         tmp_15_fu_784         |    0    |    0    |
|          |         tmp_16_fu_800         |    0    |    0    |
|          |         tmp_17_fu_816         |    0    |    0    |
|          |         tmp_18_fu_832         |    0    |    0    |
|          |         tmp_19_fu_848         |    0    |    0    |
|          |         tmp_20_fu_864         |    0    |    0    |
|          |         tmp_21_fu_880         |    0    |    0    |
|          |         tmp_22_fu_896         |    0    |    0    |
|          |         tmp_23_fu_912         |    0    |    0    |
|          |         tmp_24_fu_928         |    0    |    0    |
|          |         tmp_25_fu_944         |    0    |    0    |
|          |         tmp_26_fu_960         |    0    |    0    |
|----------|-------------------------------|---------|---------|
|          |        out_data_fu_970        |    0    |    0    |
|          |       out_data_2_fu_988       |    0    |    0    |
|          |       out_data_4_fu_1006      |    0    |    0    |
|          |       out_data_6_fu_1024      |    0    |    0    |
|          |         shl_ln_fu_1042        |    0    |    0    |
|          |       shl_ln52_1_fu_1060      |    0    |    0    |
|          |       shl_ln52_2_fu_1078      |    0    |    0    |
|          |       shl_ln52_3_fu_1096      |    0    |    0    |
|          |       shl_ln52_4_fu_1114      |    0    |    0    |
|          |       shl_ln52_5_fu_1132      |    0    |    0    |
|          |       shl_ln52_6_fu_1150      |    0    |    0    |
|          |       shl_ln52_7_fu_1168      |    0    |    0    |
|          |       shl_ln52_8_fu_1186      |    0    |    0    |
|          |       shl_ln52_9_fu_1204      |    0    |    0    |
|bitconcatenate|       shl_ln52_s_fu_1222      |    0    |    0    |
|          |      shl_ln52_10_fu_1240      |    0    |    0    |
|          |      shl_ln52_11_fu_1258      |    0    |    0    |
|          |      shl_ln52_12_fu_1276      |    0    |    0    |
|          |      shl_ln52_13_fu_1294      |    0    |    0    |
|          |      shl_ln52_14_fu_1312      |    0    |    0    |
|          |      shl_ln52_15_fu_1330      |    0    |    0    |
|          |      shl_ln52_16_fu_1348      |    0    |    0    |
|          |      shl_ln52_17_fu_1366      |    0    |    0    |
|          |      shl_ln52_18_fu_1384      |    0    |    0    |
|          |      shl_ln52_19_fu_1402      |    0    |    0    |
|          |      shl_ln52_20_fu_1420      |    0    |    0    |
|          |      shl_ln52_21_fu_1438      |    0    |    0    |
|          |      shl_ln52_22_fu_1456      |    0    |    0    |
|          |       or_ln57_s_fu_1470       |    0    |    0    |
|----------|-------------------------------|---------|---------|
|          |        zext_ln45_fu_984       |    0    |    0    |
|          |      zext_ln45_1_fu_1002      |    0    |    0    |
|          |      zext_ln45_2_fu_1020      |    0    |    0    |
|          |      zext_ln45_3_fu_1038      |    0    |    0    |
|          |       zext_ln51_fu_1056       |    0    |    0    |
|          |      zext_ln51_1_fu_1074      |    0    |    0    |
|          |      zext_ln51_2_fu_1092      |    0    |    0    |
|          |      zext_ln51_3_fu_1110      |    0    |    0    |
|          |      zext_ln51_4_fu_1128      |    0    |    0    |
|          |      zext_ln51_5_fu_1146      |    0    |    0    |
|          |      zext_ln51_6_fu_1164      |    0    |    0    |
|          |      zext_ln51_7_fu_1182      |    0    |    0    |
|          |      zext_ln51_8_fu_1200      |    0    |    0    |
|   zext   |      zext_ln51_9_fu_1218      |    0    |    0    |
|          |      zext_ln51_10_fu_1236     |    0    |    0    |
|          |      zext_ln51_11_fu_1254     |    0    |    0    |
|          |      zext_ln51_12_fu_1272     |    0    |    0    |
|          |      zext_ln51_13_fu_1290     |    0    |    0    |
|          |      zext_ln51_14_fu_1308     |    0    |    0    |
|          |      zext_ln51_15_fu_1326     |    0    |    0    |
|          |      zext_ln51_16_fu_1344     |    0    |    0    |
|          |      zext_ln51_17_fu_1362     |    0    |    0    |
|          |      zext_ln51_18_fu_1380     |    0    |    0    |
|          |      zext_ln51_19_fu_1398     |    0    |    0    |
|          |      zext_ln51_20_fu_1416     |    0    |    0    |
|          |      zext_ln51_21_fu_1434     |    0    |    0    |
|          |      zext_ln51_22_fu_1452     |    0    |    0    |
|          |       zext_ln57_fu_1530       |    0    |    0    |
|----------|-------------------------------|---------|---------|
|   Total  |                               |    0    |   868   |
|----------|-------------------------------|---------|---------|

Memories:
N/A

* Register list:
+---------------------+--------+
|                     |   FF   |
+---------------------+--------+
|      i_reg_1535     |    7   |
|  icmp_ln41_reg_1542 |    1   |
|icmp_ln51_10_reg_1646|    1   |
|icmp_ln51_11_reg_1656|    1   |
|icmp_ln51_12_reg_1666|    1   |
|icmp_ln51_13_reg_1676|    1   |
|icmp_ln51_14_reg_1686|    1   |
|icmp_ln51_15_reg_1696|    1   |
|icmp_ln51_16_reg_1706|    1   |
|icmp_ln51_17_reg_1716|    1   |
|icmp_ln51_18_reg_1726|    1   |
|icmp_ln51_19_reg_1736|    1   |
| icmp_ln51_1_reg_1556|    1   |
|icmp_ln51_20_reg_1746|    1   |
|icmp_ln51_21_reg_1756|    1   |
|icmp_ln51_22_reg_1766|    1   |
|icmp_ln51_23_reg_1776|    1   |
|icmp_ln51_24_reg_1786|    1   |
|icmp_ln51_25_reg_1796|    1   |
|icmp_ln51_26_reg_1806|    1   |
|icmp_ln51_27_reg_1816|    1   |
| icmp_ln51_2_reg_1566|    1   |
| icmp_ln51_3_reg_1576|    1   |
| icmp_ln51_4_reg_1586|    1   |
| icmp_ln51_5_reg_1596|    1   |
| icmp_ln51_6_reg_1606|    1   |
| icmp_ln51_7_reg_1616|    1   |
| icmp_ln51_8_reg_1626|    1   |
| icmp_ln51_9_reg_1636|    1   |
|  icmp_ln51_reg_1546 |    1   |
|   tmp_10_reg_1661   |    8   |
|   tmp_11_reg_1671   |    8   |
|   tmp_12_reg_1681   |    8   |
|   tmp_13_reg_1691   |    8   |
|   tmp_14_reg_1701   |    8   |
|   tmp_15_reg_1711   |    8   |
|   tmp_16_reg_1721   |    8   |
|   tmp_17_reg_1731   |    8   |
|   tmp_18_reg_1741   |    8   |
|   tmp_19_reg_1751   |    8   |
|    tmp_1_reg_1561   |    8   |
|   tmp_20_reg_1761   |    8   |
|   tmp_21_reg_1771   |    8   |
|   tmp_22_reg_1781   |    8   |
|   tmp_23_reg_1791   |    8   |
|   tmp_24_reg_1801   |    8   |
|   tmp_25_reg_1811   |    8   |
|   tmp_26_reg_1821   |    8   |
|    tmp_2_reg_1571   |    8   |
|    tmp_3_reg_1581   |    8   |
|    tmp_4_reg_1591   |    8   |
|    tmp_5_reg_1601   |    8   |
|    tmp_6_reg_1611   |    8   |
|    tmp_7_reg_1621   |    8   |
|    tmp_8_reg_1631   |    8   |
|    tmp_9_reg_1641   |    8   |
|    tmp_s_reg_1651   |    8   |
| trunc_ln52_reg_1551 |    8   |
+---------------------+--------+
|        Total        |   260  |
+---------------------+--------+

* Multiplexer (MUX) list: 
|--------|------|------|------|--------|
|  Comp  |  Pin | Size |  BW  | S x BW |
|--------|------|------|------|--------|
|  Total |      |      |      |    0   |
|--------|------|------|------|--------|



* Summary:
+-----------+--------+--------+
|           |   FF   |   LUT  |
+-----------+--------+--------+
|  Function |    0   |   868  |
|   Memory  |    -   |    -   |
|Multiplexer|    -   |    -   |
|  Register |   260  |    -   |
+-----------+--------+--------+
|   Total   |   260  |   868  |
+-----------+--------+--------+
