

================================================================
== Vitis HLS Report for 'relu_array_ap_fixed_28u_array_ap_fixed_16_6_5_3_0_28u_relu_config4_s'
================================================================
* Date:           Sun May 17 03:31:37 2026

* Version:        2023.2 (Build 4023990 on Oct 11 2023)
* Project:        cnn_core_streaming_prj
* Solution:       solution1 (Vivado IP Flow Target)
* Product family: kintexuplus
* Target device:  xcku5p-ffvb676-2-e


================================================================
== Performance Estimates
================================================================
+ Timing: 
    * Summary: 
    +--------+---------+----------+------------+
    |  Clock |  Target | Estimated| Uncertainty|
    +--------+---------+----------+------------+
    |ap_clk  |  5.00 ns|  2.601 ns|     1.35 ns|
    +--------+---------+----------+------------+

+ Latency: 
    * Summary: 
    +---------+---------+----------+----------+-----+-----+---------+
    |  Latency (cycles) |  Latency (absolute) |  Interval | Pipeline|
    |   min   |   max   |    min   |    max   | min | max |   Type  |
    +---------+---------+----------+----------+-----+-----+---------+
    |       87|       87|  0.435 us|  0.435 us|   87|   87|       no|
    +---------+---------+----------+----------+-----+-----+---------+

    + Detail: 
        * Instance: 
        N/A

        * Loop: 
        +---------------+---------+---------+----------+-----------+-----------+------+----------+
        |               |  Latency (cycles) | Iteration|  Initiation Interval  | Trip |          |
        |   Loop Name   |   min   |   max   |  Latency |  achieved |   target  | Count| Pipelined|
        +---------------+---------+---------+----------+-----------+-----------+------+----------+
        |- ReLUActLoop  |       85|       85|         3|          1|          1|    84|       yes|
        +---------------+---------+---------+----------+-----------+-----------+------+----------+



================================================================
== Utilization Estimates
================================================================
* Summary: 
+-----------------+---------+------+--------+--------+-----+
|       Name      | BRAM_18K|  DSP |   FF   |   LUT  | URAM|
+-----------------+---------+------+--------+--------+-----+
|DSP              |        -|     -|       -|       -|    -|
|Expression       |        -|     -|       0|     874|    -|
|FIFO             |        -|     -|       -|       -|    -|
|Instance         |        -|     -|       -|       -|    -|
|Memory           |        -|     -|       -|       -|    -|
|Multiplexer      |        -|     -|       -|      63|    -|
|Register         |        -|     -|     265|       -|    -|
+-----------------+---------+------+--------+--------+-----+
|Total            |        0|     0|     265|     937|    0|
+-----------------+---------+------+--------+--------+-----+
|Available        |      960|  1824|  433920|  216960|   64|
+-----------------+---------+------+--------+--------+-----+
|Utilization (%)  |        0|     0|      ~0|      ~0|    0|
+-----------------+---------+------+--------+--------+-----+

+ Detail: 
    * Instance: 
    N/A

    * DSP: 
    N/A

    * Memory: 
    N/A

    * FIFO: 
    N/A

    * Expression: 
    +---------------------------+----------+----+---+----+------------+------------+
    |       Variable Name       | Operation| DSP| FF| LUT| Bitwidth P0| Bitwidth P1|
    +---------------------------+----------+----+---+----+------------+------------+
    |i_2_fu_251_p2              |         +|   0|  0|  14|           7|           1|
    |ap_condition_225           |       and|   0|  0|   2|           1|           1|
    |icmp_ln41_fu_245_p2        |      icmp|   0|  0|  14|           7|           7|
    |icmp_ln51_10_fu_690_p2     |      icmp|   0|  0|  16|           9|           1|
    |icmp_ln51_11_fu_706_p2     |      icmp|   0|  0|  16|           9|           1|
    |icmp_ln51_12_fu_722_p2     |      icmp|   0|  0|  16|           9|           1|
    |icmp_ln51_13_fu_738_p2     |      icmp|   0|  0|  16|           9|           1|
    |icmp_ln51_14_fu_754_p2     |      icmp|   0|  0|  16|           9|           1|
    |icmp_ln51_15_fu_770_p2     |      icmp|   0|  0|  16|           9|           1|
    |icmp_ln51_16_fu_786_p2     |      icmp|   0|  0|  16|           9|           1|
    |icmp_ln51_17_fu_802_p2     |      icmp|   0|  0|  16|           9|           1|
    |icmp_ln51_18_fu_818_p2     |      icmp|   0|  0|  16|           9|           1|
    |icmp_ln51_19_fu_834_p2     |      icmp|   0|  0|  16|           9|           1|
    |icmp_ln51_1_fu_546_p2      |      icmp|   0|  0|  16|           9|           1|
    |icmp_ln51_20_fu_850_p2     |      icmp|   0|  0|  16|           9|           1|
    |icmp_ln51_21_fu_866_p2     |      icmp|   0|  0|  16|           9|           1|
    |icmp_ln51_22_fu_882_p2     |      icmp|   0|  0|  16|           9|           1|
    |icmp_ln51_23_fu_898_p2     |      icmp|   0|  0|  16|           9|           1|
    |icmp_ln51_24_fu_914_p2     |      icmp|   0|  0|  16|           9|           1|
    |icmp_ln51_25_fu_930_p2     |      icmp|   0|  0|  16|           9|           1|
    |icmp_ln51_26_fu_946_p2     |      icmp|   0|  0|  16|           9|           1|
    |icmp_ln51_27_fu_962_p2     |      icmp|   0|  0|  16|           9|           1|
    |icmp_ln51_2_fu_562_p2      |      icmp|   0|  0|  16|           9|           1|
    |icmp_ln51_3_fu_578_p2      |      icmp|   0|  0|  16|           9|           1|
    |icmp_ln51_4_fu_594_p2      |      icmp|   0|  0|  16|           9|           1|
    |icmp_ln51_5_fu_610_p2      |      icmp|   0|  0|  16|           9|           1|
    |icmp_ln51_6_fu_626_p2      |      icmp|   0|  0|  16|           9|           1|
    |icmp_ln51_7_fu_642_p2      |      icmp|   0|  0|  16|           9|           1|
    |icmp_ln51_8_fu_658_p2      |      icmp|   0|  0|  16|           9|           1|
    |icmp_ln51_9_fu_674_p2      |      icmp|   0|  0|  16|           9|           1|
    |icmp_ln51_fu_536_p2        |      icmp|   0|  0|  16|           9|           1|
    |ap_block_pp0_stage0_01001  |        or|   0|  0|   2|           1|           1|
    |out_data_1_fu_985_p3       |    select|   0|  0|  14|           1|          14|
    |out_data_3_fu_1003_p3      |    select|   0|  0|  14|           1|          14|
    |out_data_5_fu_1021_p3      |    select|   0|  0|  14|           1|          14|
    |out_data_7_fu_1039_p3      |    select|   0|  0|  14|           1|          14|
    |select_ln51_10_fu_1237_p3  |    select|   0|  0|  14|           1|          14|
    |select_ln51_11_fu_1255_p3  |    select|   0|  0|  14|           1|          14|
    |select_ln51_12_fu_1273_p3  |    select|   0|  0|  14|           1|          14|
    |select_ln51_13_fu_1291_p3  |    select|   0|  0|  14|           1|          14|
    |select_ln51_14_fu_1309_p3  |    select|   0|  0|  14|           1|          14|
    |select_ln51_15_fu_1327_p3  |    select|   0|  0|  14|           1|          14|
    |select_ln51_16_fu_1345_p3  |    select|   0|  0|  14|           1|          14|
    |select_ln51_17_fu_1363_p3  |    select|   0|  0|  14|           1|          14|
    |select_ln51_18_fu_1381_p3  |    select|   0|  0|  14|           1|          14|
    |select_ln51_19_fu_1399_p3  |    select|   0|  0|  14|           1|          14|
    |select_ln51_1_fu_1075_p3   |    select|   0|  0|  14|           1|          14|
    |select_ln51_20_fu_1417_p3  |    select|   0|  0|  14|           1|          14|
    |select_ln51_21_fu_1435_p3  |    select|   0|  0|  14|           1|          14|
    |select_ln51_22_fu_1453_p3  |    select|   0|  0|  14|           1|          14|
    |select_ln51_23_fu_1471_p3  |    select|   0|  0|  14|           1|          14|
    |select_ln51_2_fu_1093_p3   |    select|   0|  0|  14|           1|          14|
    |select_ln51_3_fu_1111_p3   |    select|   0|  0|  14|           1|          14|
    |select_ln51_4_fu_1129_p3   |    select|   0|  0|  14|           1|          14|
    |select_ln51_5_fu_1147_p3   |    select|   0|  0|  14|           1|          14|
    |select_ln51_6_fu_1165_p3   |    select|   0|  0|  14|           1|          14|
    |select_ln51_7_fu_1183_p3   |    select|   0|  0|  14|           1|          14|
    |select_ln51_8_fu_1201_p3   |    select|   0|  0|  14|           1|          14|
    |select_ln51_9_fu_1219_p3   |    select|   0|  0|  14|           1|          14|
    |select_ln51_fu_1057_p3     |    select|   0|  0|  14|           1|          14|
    |ap_enable_pp0              |       xor|   0|  0|   2|           1|           2|
    +---------------------------+----------+----+---+----+------------+------------+
    |Total                      |          |   0|  0| 874|         297|         432|
    +---------------------------+----------+----+---+----+------------+------------+

    * Multiplexer: 
    +-------------------------+----+-----------+-----+-----------+
    |           Name          | LUT| Input Size| Bits| Total Bits|
    +-------------------------+----+-----------+-----+-----------+
    |ap_done_int              |   9|          2|    1|          2|
    |ap_enable_reg_pp0_iter1  |   9|          2|    1|          2|
    |ap_sig_allocacmp_i_1     |   9|          2|    7|         14|
    |i_fu_220                 |   9|          2|    7|         14|
    |layer3x4_out_blk_n       |   9|          2|    1|          2|
    |layer4x4_out_blk_n       |   9|          2|    1|          2|
    |real_start               |   9|          2|    1|          2|
    +-------------------------+----+-----------+-----+-----------+
    |Total                    |  63|         14|   19|         38|
    +-------------------------+----+-----------+-----+-----------+

    * Register: 
    +----------------------------------+---+----+-----+-----------+
    |               Name               | FF| LUT| Bits| Const Bits|
    +----------------------------------+---+----+-----+-----------+
    |ap_CS_fsm                         |  1|   0|    1|          0|
    |ap_done_reg                       |  1|   0|    1|          0|
    |ap_enable_reg_pp0_iter1           |  1|   0|    1|          0|
    |ap_enable_reg_pp0_iter2           |  1|   0|    1|          0|
    |ap_loop_exit_ready_pp0_iter1_reg  |  1|   0|    1|          0|
    |i_fu_220                          |  7|   0|    7|          0|
    |icmp_ln51_10_reg_1654             |  1|   0|    1|          0|
    |icmp_ln51_11_reg_1664             |  1|   0|    1|          0|
    |icmp_ln51_12_reg_1674             |  1|   0|    1|          0|
    |icmp_ln51_13_reg_1684             |  1|   0|    1|          0|
    |icmp_ln51_14_reg_1694             |  1|   0|    1|          0|
    |icmp_ln51_15_reg_1704             |  1|   0|    1|          0|
    |icmp_ln51_16_reg_1714             |  1|   0|    1|          0|
    |icmp_ln51_17_reg_1724             |  1|   0|    1|          0|
    |icmp_ln51_18_reg_1734             |  1|   0|    1|          0|
    |icmp_ln51_19_reg_1744             |  1|   0|    1|          0|
    |icmp_ln51_1_reg_1564              |  1|   0|    1|          0|
    |icmp_ln51_20_reg_1754             |  1|   0|    1|          0|
    |icmp_ln51_21_reg_1764             |  1|   0|    1|          0|
    |icmp_ln51_22_reg_1774             |  1|   0|    1|          0|
    |icmp_ln51_23_reg_1784             |  1|   0|    1|          0|
    |icmp_ln51_24_reg_1794             |  1|   0|    1|          0|
    |icmp_ln51_25_reg_1804             |  1|   0|    1|          0|
    |icmp_ln51_26_reg_1814             |  1|   0|    1|          0|
    |icmp_ln51_27_reg_1824             |  1|   0|    1|          0|
    |icmp_ln51_2_reg_1574              |  1|   0|    1|          0|
    |icmp_ln51_3_reg_1584              |  1|   0|    1|          0|
    |icmp_ln51_4_reg_1594              |  1|   0|    1|          0|
    |icmp_ln51_5_reg_1604              |  1|   0|    1|          0|
    |icmp_ln51_6_reg_1614              |  1|   0|    1|          0|
    |icmp_ln51_7_reg_1624              |  1|   0|    1|          0|
    |icmp_ln51_8_reg_1634              |  1|   0|    1|          0|
    |icmp_ln51_9_reg_1644              |  1|   0|    1|          0|
    |icmp_ln51_reg_1554                |  1|   0|    1|          0|
    |start_once_reg                    |  1|   0|    1|          0|
    |tmp_10_reg_1669                   |  8|   0|    8|          0|
    |tmp_11_reg_1679                   |  8|   0|    8|          0|
    |tmp_12_reg_1689                   |  8|   0|    8|          0|
    |tmp_13_reg_1699                   |  8|   0|    8|          0|
    |tmp_14_reg_1709                   |  8|   0|    8|          0|
    |tmp_15_reg_1719                   |  8|   0|    8|          0|
    |tmp_16_reg_1729                   |  8|   0|    8|          0|
    |tmp_17_reg_1739                   |  8|   0|    8|          0|
    |tmp_18_reg_1749                   |  8|   0|    8|          0|
    |tmp_19_reg_1759                   |  8|   0|    8|          0|
    |tmp_1_reg_1569                    |  8|   0|    8|          0|
    |tmp_20_reg_1769                   |  8|   0|    8|          0|
    |tmp_21_reg_1779                   |  8|   0|    8|          0|
    |tmp_22_reg_1789                   |  8|   0|    8|          0|
    |tmp_23_reg_1799                   |  8|   0|    8|          0|
    |tmp_24_reg_1809                   |  8|   0|    8|          0|
    |tmp_25_reg_1819                   |  8|   0|    8|          0|
    |tmp_26_reg_1829                   |  8|   0|    8|          0|
    |tmp_2_reg_1579                    |  8|   0|    8|          0|
    |tmp_3_reg_1589                    |  8|   0|    8|          0|
    |tmp_4_reg_1599                    |  8|   0|    8|          0|
    |tmp_5_reg_1609                    |  8|   0|    8|          0|
    |tmp_6_reg_1619                    |  8|   0|    8|          0|
    |tmp_7_reg_1629                    |  8|   0|    8|          0|
    |tmp_8_reg_1639                    |  8|   0|    8|          0|
    |tmp_9_reg_1649                    |  8|   0|    8|          0|
    |tmp_s_reg_1659                    |  8|   0|    8|          0|
    |trunc_ln52_reg_1559               |  8|   0|    8|          0|
    +----------------------------------+---+----+-----+-----------+
    |Total                             |265|   0|  265|          0|
    +----------------------------------+---+----+-----+-----------+



================================================================
== Interface
================================================================
* Summary: 
+-----------------------------+-----+-----+------------+------------------------------------------------------------------------+--------------+
|          RTL Ports          | Dir | Bits|  Protocol  |                              Source Object                             |    C Type    |
+-----------------------------+-----+-----+------------+------------------------------------------------------------------------+--------------+
|ap_clk                       |   in|    1|  ap_ctrl_hs|  relu<array<ap_fixed,28u>,array<ap_fixed<16,6,5,3,0>,28u>,relu_config4>|  return value|
|ap_rst                       |   in|    1|  ap_ctrl_hs|  relu<array<ap_fixed,28u>,array<ap_fixed<16,6,5,3,0>,28u>,relu_config4>|  return value|
|ap_start                     |   in|    1|  ap_ctrl_hs|  relu<array<ap_fixed,28u>,array<ap_fixed<16,6,5,3,0>,28u>,relu_config4>|  return value|
|start_full_n                 |   in|    1|  ap_ctrl_hs|  relu<array<ap_fixed,28u>,array<ap_fixed<16,6,5,3,0>,28u>,relu_config4>|  return value|
|ap_done                      |  out|    1|  ap_ctrl_hs|  relu<array<ap_fixed,28u>,array<ap_fixed<16,6,5,3,0>,28u>,relu_config4>|  return value|
|ap_continue                  |   in|    1|  ap_ctrl_hs|  relu<array<ap_fixed,28u>,array<ap_fixed<16,6,5,3,0>,28u>,relu_config4>|  return value|
|ap_idle                      |  out|    1|  ap_ctrl_hs|  relu<array<ap_fixed,28u>,array<ap_fixed<16,6,5,3,0>,28u>,relu_config4>|  return value|
|ap_ready                     |  out|    1|  ap_ctrl_hs|  relu<array<ap_fixed,28u>,array<ap_fixed<16,6,5,3,0>,28u>,relu_config4>|  return value|
|start_out                    |  out|    1|  ap_ctrl_hs|  relu<array<ap_fixed,28u>,array<ap_fixed<16,6,5,3,0>,28u>,relu_config4>|  return value|
|start_write                  |  out|    1|  ap_ctrl_hs|  relu<array<ap_fixed,28u>,array<ap_fixed<16,6,5,3,0>,28u>,relu_config4>|  return value|
|layer3x4_out_dout            |   in|  252|     ap_fifo|                                                            layer3x4_out|       pointer|
|layer3x4_out_num_data_valid  |   in|    3|     ap_fifo|                                                            layer3x4_out|       pointer|
|layer3x4_out_fifo_cap        |   in|    3|     ap_fifo|                                                            layer3x4_out|       pointer|
|layer3x4_out_empty_n         |   in|    1|     ap_fifo|                                                            layer3x4_out|       pointer|
|layer3x4_out_read            |  out|    1|     ap_fifo|                                                            layer3x4_out|       pointer|
|layer4x4_out_din             |  out|  448|     ap_fifo|                                                            layer4x4_out|       pointer|
|layer4x4_out_num_data_valid  |   in|    3|     ap_fifo|                                                            layer4x4_out|       pointer|
|layer4x4_out_fifo_cap        |   in|    3|     ap_fifo|                                                            layer4x4_out|       pointer|
|layer4x4_out_full_n          |   in|    1|     ap_fifo|                                                            layer4x4_out|       pointer|
|layer4x4_out_write           |  out|    1|     ap_fifo|                                                            layer4x4_out|       pointer|
+-----------------------------+-----+-----+------------+------------------------------------------------------------------------+--------------+

============================================================
+ Verbose Summary: Synthesis Manager
============================================================
InlineROM: 1
ExposeGlobal: 0
============================================================
+ Verbose Summary: CDFG Model
============================================================
IsTopModel: 0
ResetActiveHigh: 1
IsCombinational: 2
IsDatapathOnly: 0
HasWiredReturn: 1
HasMFsm: 2
HasVarLatency: 1
IsPipeline: 0
IsRtlPipelined: 0
IsInstanceOverlapped: 0
IsDontTouch: 0
HasImplIP: 0
IsGatedGlobalClock: 0

+ Individual pipeline summary: 
  * Pipeline-0: initiation interval (II) = 1, depth = 3


============================================================
+ Verbose Summary: Schedule
============================================================
* Number of FSM states : 3
* Pipeline : 1
  Pipeline-0 : II = 1, D = 3, States = { 1 2 3 }
* Dataflow Pipeline: 0

* FSM state transitions: 
1 --> 2 
2 --> 3 
3 --> 

* FSM state operations: 

State 1 <SV = 0> <Delay = 1.62>
ST_1 : Operation 6 [1/1] (0.00ns)   --->   "%i = alloca i32 1" [firmware/nnet_utils/nnet_activation_stream.h:41]   --->   Operation 6 'alloca' 'i' <Predicate = true> <Delay = 0.00>
ST_1 : Operation 7 [1/1] (0.00ns)   --->   "%specmemcore_ln0 = specmemcore void @_ssdm_op_SpecMemCore, i448 %layer4x4_out, i64 666, i64 10, i64 18446744073709551615"   --->   Operation 7 'specmemcore' 'specmemcore_ln0' <Predicate = true> <Delay = 0.00>
ST_1 : Operation 8 [1/1] (0.00ns)   --->   "%specinterface_ln0 = specinterface void @_ssdm_op_SpecInterface, i448 %layer4x4_out, void @empty_2, i32 0, i32 0, void @empty_1, i32 0, i32 0, void @empty_1, void @empty_1, void @empty_1, i32 0, i32 0, i32 0, i32 0, void @empty_1, void @empty_1, i32 4294967295, i32 0"   --->   Operation 8 'specinterface' 'specinterface_ln0' <Predicate = true> <Delay = 0.00>
ST_1 : Operation 9 [1/1] (0.00ns)   --->   "%specinterface_ln0 = specinterface void @_ssdm_op_SpecInterface, i252 %layer3x4_out, void @empty_2, i32 0, i32 0, void @empty_1, i32 0, i32 0, void @empty_1, void @empty_1, void @empty_1, i32 0, i32 0, i32 0, i32 0, void @empty_1, void @empty_1, i32 4294967295, i32 0"   --->   Operation 9 'specinterface' 'specinterface_ln0' <Predicate = true> <Delay = 0.00>
ST_1 : Operation 10 [1/1] (0.42ns)   --->   "%store_ln41 = store i7 0, i7 %i" [firmware/nnet_utils/nnet_activation_stream.h:41]   --->   Operation 10 'store' 'store_ln41' <Predicate = true> <Delay = 0.42>
ST_1 : Operation 11 [1/1] (0.00ns)   --->   "%br_ln41 = br void %ReLUPackLoop" [firmware/nnet_utils/nnet_activation_stream.h:41]   --->   Operation 11 'br' 'br_ln41' <Predicate = true> <Delay = 0.00>
ST_1 : Operation 12 [1/1] (0.00ns)   --->   "%i_1 = load i7 %i" [firmware/nnet_utils/nnet_activation_stream.h:41]   --->   Operation 12 'load' 'i_1' <Predicate = true> <Delay = 0.00>
ST_1 : Operation 13 [1/1] (0.77ns)   --->   "%icmp_ln41 = icmp_eq  i7 %i_1, i7 84" [firmware/nnet_utils/nnet_activation_stream.h:41]   --->   Operation 13 'icmp' 'icmp_ln41' <Predicate = true> <Delay = 0.77> <CoreInst = "Cmp">   --->   Core 9 'Cmp' <Latency = 0> <II = 1> <Delay = 0.77> <FuncUnit> <Opcode : 'icmp'> <InPorts = 2> <OutPorts = 1>
ST_1 : Operation 14 [1/1] (0.77ns)   --->   "%i_2 = add i7 %i_1, i7 1" [firmware/nnet_utils/nnet_activation_stream.h:41]   --->   Operation 14 'add' 'i_2' <Predicate = true> <Delay = 0.77> <CoreInst = "Adder">   --->   Core 1 'Adder' <Latency = 0> <II = 1> <Delay = 0.77> <FuncUnit> <Opcode : 'add' 'sub'> <InPorts = 2> <OutPorts = 1>
ST_1 : Operation 15 [1/1] (0.00ns)   --->   "%br_ln41 = br i1 %icmp_ln41, void %ReLUPackLoop.split, void %for.end15" [firmware/nnet_utils/nnet_activation_stream.h:41]   --->   Operation 15 'br' 'br_ln41' <Predicate = true> <Delay = 0.00>
ST_1 : Operation 16 [1/1] (0.42ns)   --->   "%store_ln41 = store i7 %i_2, i7 %i" [firmware/nnet_utils/nnet_activation_stream.h:41]   --->   Operation 16 'store' 'store_ln41' <Predicate = (!icmp_ln41)> <Delay = 0.42>

State 2 <SV = 1> <Delay = 2.60>
ST_2 : Operation 17 [1/1] (1.82ns)   --->   "%layer3x4_out_read = read i252 @_ssdm_op_Read.ap_fifo.volatile.i252P0A, i252 %layer3x4_out" [firmware/nnet_utils/nnet_activation_stream.h:44]   --->   Operation 17 'read' 'layer3x4_out_read' <Predicate = true> <Delay = 1.82> <CoreInst = "FIFO_SRL">   --->   Core 81 'FIFO_SRL' <Latency = 0> <II = 1> <Delay = 1.83> <Storage> <Opcode : 'read' 'write' 'nbread' 'nbwrite'> <Ports = 0> <Width = 252> <Depth = 4> <FIFO>
ST_2 : Operation 18 [1/1] (0.00ns)   --->   "%trunc_ln44 = trunc i252 %layer3x4_out_read" [firmware/nnet_utils/nnet_activation_stream.h:44]   --->   Operation 18 'trunc' 'trunc_ln44' <Predicate = true> <Delay = 0.00>
ST_2 : Operation 19 [1/1] (0.00ns)   --->   "%trunc_ln44_1 = partselect i9 @_ssdm_op_PartSelect.i9.i252.i32.i32, i252 %layer3x4_out_read, i32 9, i32 17" [firmware/nnet_utils/nnet_activation_stream.h:44]   --->   Operation 19 'partselect' 'trunc_ln44_1' <Predicate = true> <Delay = 0.00>
ST_2 : Operation 20 [1/1] (0.00ns)   --->   "%trunc_ln44_2 = partselect i9 @_ssdm_op_PartSelect.i9.i252.i32.i32, i252 %layer3x4_out_read, i32 18, i32 26" [firmware/nnet_utils/nnet_activation_stream.h:44]   --->   Operation 20 'partselect' 'trunc_ln44_2' <Predicate = true> <Delay = 0.00>
ST_2 : Operation 21 [1/1] (0.00ns)   --->   "%trunc_ln44_3 = partselect i9 @_ssdm_op_PartSelect.i9.i252.i32.i32, i252 %layer3x4_out_read, i32 27, i32 35" [firmware/nnet_utils/nnet_activation_stream.h:44]   --->   Operation 21 'partselect' 'trunc_ln44_3' <Predicate = true> <Delay = 0.00>
ST_2 : Operation 22 [1/1] (0.00ns)   --->   "%trunc_ln44_4 = partselect i9 @_ssdm_op_PartSelect.i9.i252.i32.i32, i252 %layer3x4_out_read, i32 36, i32 44" [firmware/nnet_utils/nnet_activation_stream.h:44]   --->   Operation 22 'partselect' 'trunc_ln44_4' <Predicate = true> <Delay = 0.00>
ST_2 : Operation 23 [1/1] (0.00ns)   --->   "%trunc_ln44_5 = partselect i9 @_ssdm_op_PartSelect.i9.i252.i32.i32, i252 %layer3x4_out_read, i32 45, i32 53" [firmware/nnet_utils/nnet_activation_stream.h:44]   --->   Operation 23 'partselect' 'trunc_ln44_5' <Predicate = true> <Delay = 0.00>
ST_2 : Operation 24 [1/1] (0.00ns)   --->   "%trunc_ln44_6 = partselect i9 @_ssdm_op_PartSelect.i9.i252.i32.i32, i252 %layer3x4_out_read, i32 54, i32 62" [firmware/nnet_utils/nnet_activation_stream.h:44]   --->   Operation 24 'partselect' 'trunc_ln44_6' <Predicate = true> <Delay = 0.00>
ST_2 : Operation 25 [1/1] (0.00ns)   --->   "%trunc_ln44_7 = partselect i9 @_ssdm_op_PartSelect.i9.i252.i32.i32, i252 %layer3x4_out_read, i32 63, i32 71" [firmware/nnet_utils/nnet_activation_stream.h:44]   --->   Operation 25 'partselect' 'trunc_ln44_7' <Predicate = true> <Delay = 0.00>
ST_2 : Operation 26 [1/1] (0.00ns)   --->   "%trunc_ln44_8 = partselect i9 @_ssdm_op_PartSelect.i9.i252.i32.i32, i252 %layer3x4_out_read, i32 72, i32 80" [firmware/nnet_utils/nnet_activation_stream.h:44]   --->   Operation 26 'partselect' 'trunc_ln44_8' <Predicate = true> <Delay = 0.00>
ST_2 : Operation 27 [1/1] (0.00ns)   --->   "%trunc_ln44_9 = partselect i9 @_ssdm_op_PartSelect.i9.i252.i32.i32, i252 %layer3x4_out_read, i32 81, i32 89" [firmware/nnet_utils/nnet_activation_stream.h:44]   --->   Operation 27 'partselect' 'trunc_ln44_9' <Predicate = true> <Delay = 0.00>
ST_2 : Operation 28 [1/1] (0.00ns)   --->   "%trunc_ln44_s = partselect i9 @_ssdm_op_PartSelect.i9.i252.i32.i32, i252 %layer3x4_out_read, i32 90, i32 98" [firmware/nnet_utils/nnet_activation_stream.h:44]   --->   Operation 28 'partselect' 'trunc_ln44_s' <Predicate = true> <Delay = 0.00>
ST_2 : Operation 29 [1/1] (0.00ns)   --->   "%trunc_ln44_10 = partselect i9 @_ssdm_op_PartSelect.i9.i252.i32.i32, i252 %layer3x4_out_read, i32 99, i32 107" [firmware/nnet_utils/nnet_activation_stream.h:44]   --->   Operation 29 'partselect' 'trunc_ln44_10' <Predicate = true> <Delay = 0.00>
ST_2 : Operation 30 [1/1] (0.00ns)   --->   "%trunc_ln44_11 = partselect i9 @_ssdm_op_PartSelect.i9.i252.i32.i32, i252 %layer3x4_out_read, i32 108, i32 116" [firmware/nnet_utils/nnet_activation_stream.h:44]   --->   Operation 30 'partselect' 'trunc_ln44_11' <Predicate = true> <Delay = 0.00>
ST_2 : Operation 31 [1/1] (0.00ns)   --->   "%trunc_ln44_12 = partselect i9 @_ssdm_op_PartSelect.i9.i252.i32.i32, i252 %layer3x4_out_read, i32 117, i32 125" [firmware/nnet_utils/nnet_activation_stream.h:44]   --->   Operation 31 'partselect' 'trunc_ln44_12' <Predicate = true> <Delay = 0.00>
ST_2 : Operation 32 [1/1] (0.00ns)   --->   "%trunc_ln44_13 = partselect i9 @_ssdm_op_PartSelect.i9.i252.i32.i32, i252 %layer3x4_out_read, i32 126, i32 134" [firmware/nnet_utils/nnet_activation_stream.h:44]   --->   Operation 32 'partselect' 'trunc_ln44_13' <Predicate = true> <Delay = 0.00>
ST_2 : Operation 33 [1/1] (0.00ns)   --->   "%trunc_ln44_14 = partselect i9 @_ssdm_op_PartSelect.i9.i252.i32.i32, i252 %layer3x4_out_read, i32 135, i32 143" [firmware/nnet_utils/nnet_activation_stream.h:44]   --->   Operation 33 'partselect' 'trunc_ln44_14' <Predicate = true> <Delay = 0.00>
ST_2 : Operation 34 [1/1] (0.00ns)   --->   "%trunc_ln44_15 = partselect i9 @_ssdm_op_PartSelect.i9.i252.i32.i32, i252 %layer3x4_out_read, i32 144, i32 152" [firmware/nnet_utils/nnet_activation_stream.h:44]   --->   Operation 34 'partselect' 'trunc_ln44_15' <Predicate = true> <Delay = 0.00>
ST_2 : Operation 35 [1/1] (0.00ns)   --->   "%trunc_ln44_16 = partselect i9 @_ssdm_op_PartSelect.i9.i252.i32.i32, i252 %layer3x4_out_read, i32 153, i32 161" [firmware/nnet_utils/nnet_activation_stream.h:44]   --->   Operation 35 'partselect' 'trunc_ln44_16' <Predicate = true> <Delay = 0.00>
ST_2 : Operation 36 [1/1] (0.00ns)   --->   "%trunc_ln44_17 = partselect i9 @_ssdm_op_PartSelect.i9.i252.i32.i32, i252 %layer3x4_out_read, i32 162, i32 170" [firmware/nnet_utils/nnet_activation_stream.h:44]   --->   Operation 36 'partselect' 'trunc_ln44_17' <Predicate = true> <Delay = 0.00>
ST_2 : Operation 37 [1/1] (0.00ns)   --->   "%trunc_ln44_18 = partselect i9 @_ssdm_op_PartSelect.i9.i252.i32.i32, i252 %layer3x4_out_read, i32 171, i32 179" [firmware/nnet_utils/nnet_activation_stream.h:44]   --->   Operation 37 'partselect' 'trunc_ln44_18' <Predicate = true> <Delay = 0.00>
ST_2 : Operation 38 [1/1] (0.00ns)   --->   "%trunc_ln44_19 = partselect i9 @_ssdm_op_PartSelect.i9.i252.i32.i32, i252 %layer3x4_out_read, i32 180, i32 188" [firmware/nnet_utils/nnet_activation_stream.h:44]   --->   Operation 38 'partselect' 'trunc_ln44_19' <Predicate = true> <Delay = 0.00>
ST_2 : Operation 39 [1/1] (0.00ns)   --->   "%trunc_ln44_20 = partselect i9 @_ssdm_op_PartSelect.i9.i252.i32.i32, i252 %layer3x4_out_read, i32 189, i32 197" [firmware/nnet_utils/nnet_activation_stream.h:44]   --->   Operation 39 'partselect' 'trunc_ln44_20' <Predicate = true> <Delay = 0.00>
ST_2 : Operation 40 [1/1] (0.00ns)   --->   "%trunc_ln44_21 = partselect i9 @_ssdm_op_PartSelect.i9.i252.i32.i32, i252 %layer3x4_out_read, i32 198, i32 206" [firmware/nnet_utils/nnet_activation_stream.h:44]   --->   Operation 40 'partselect' 'trunc_ln44_21' <Predicate = true> <Delay = 0.00>
ST_2 : Operation 41 [1/1] (0.00ns)   --->   "%trunc_ln44_22 = partselect i9 @_ssdm_op_PartSelect.i9.i252.i32.i32, i252 %layer3x4_out_read, i32 207, i32 215" [firmware/nnet_utils/nnet_activation_stream.h:44]   --->   Operation 41 'partselect' 'trunc_ln44_22' <Predicate = true> <Delay = 0.00>
ST_2 : Operation 42 [1/1] (0.00ns)   --->   "%trunc_ln44_23 = partselect i9 @_ssdm_op_PartSelect.i9.i252.i32.i32, i252 %layer3x4_out_read, i32 216, i32 224" [firmware/nnet_utils/nnet_activation_stream.h:44]   --->   Operation 42 'partselect' 'trunc_ln44_23' <Predicate = true> <Delay = 0.00>
ST_2 : Operation 43 [1/1] (0.00ns)   --->   "%trunc_ln44_24 = partselect i9 @_ssdm_op_PartSelect.i9.i252.i32.i32, i252 %layer3x4_out_read, i32 225, i32 233" [firmware/nnet_utils/nnet_activation_stream.h:44]   --->   Operation 43 'partselect' 'trunc_ln44_24' <Predicate = true> <Delay = 0.00>
ST_2 : Operation 44 [1/1] (0.00ns)   --->   "%trunc_ln44_25 = partselect i9 @_ssdm_op_PartSelect.i9.i252.i32.i32, i252 %layer3x4_out_read, i32 234, i32 242" [firmware/nnet_utils/nnet_activation_stream.h:44]   --->   Operation 44 'partselect' 'trunc_ln44_25' <Predicate = true> <Delay = 0.00>
ST_2 : Operation 45 [1/1] (0.00ns)   --->   "%trunc_ln44_26 = partselect i9 @_ssdm_op_PartSelect.i9.i252.i32.i32, i252 %layer3x4_out_read, i32 243, i32 251" [firmware/nnet_utils/nnet_activation_stream.h:44]   --->   Operation 45 'partselect' 'trunc_ln44_26' <Predicate = true> <Delay = 0.00>
ST_2 : Operation 46 [1/1] (0.77ns)   --->   "%icmp_ln51 = icmp_sgt  i9 %trunc_ln44, i9 0" [firmware/nnet_utils/nnet_activation_stream.h:51]   --->   Operation 46 'icmp' 'icmp_ln51' <Predicate = true> <Delay = 0.77> <CoreInst = "Cmp">   --->   Core 9 'Cmp' <Latency = 0> <II = 1> <Delay = 0.77> <FuncUnit> <Opcode : 'icmp'> <InPorts = 2> <OutPorts = 1>
ST_2 : Operation 47 [1/1] (0.00ns)   --->   "%trunc_ln52 = trunc i252 %layer3x4_out_read" [firmware/nnet_utils/nnet_activation_stream.h:52]   --->   Operation 47 'trunc' 'trunc_ln52' <Predicate = true> <Delay = 0.00>
ST_2 : Operation 48 [1/1] (0.77ns)   --->   "%icmp_ln51_1 = icmp_sgt  i9 %trunc_ln44_1, i9 0" [firmware/nnet_utils/nnet_activation_stream.h:51]   --->   Operation 48 'icmp' 'icmp_ln51_1' <Predicate = true> <Delay = 0.77> <CoreInst = "Cmp">   --->   Core 9 'Cmp' <Latency = 0> <II = 1> <Delay = 0.77> <FuncUnit> <Opcode : 'icmp'> <InPorts = 2> <OutPorts = 1>
ST_2 : Operation 49 [1/1] (0.00ns)   --->   "%tmp_1 = partselect i8 @_ssdm_op_PartSelect.i8.i252.i32.i32, i252 %layer3x4_out_read, i32 9, i32 16" [firmware/nnet_utils/nnet_activation_stream.h:52]   --->   Operation 49 'partselect' 'tmp_1' <Predicate = true> <Delay = 0.00>
ST_2 : Operation 50 [1/1] (0.77ns)   --->   "%icmp_ln51_2 = icmp_sgt  i9 %trunc_ln44_2, i9 0" [firmware/nnet_utils/nnet_activation_stream.h:51]   --->   Operation 50 'icmp' 'icmp_ln51_2' <Predicate = true> <Delay = 0.77> <CoreInst = "Cmp">   --->   Core 9 'Cmp' <Latency = 0> <II = 1> <Delay = 0.77> <FuncUnit> <Opcode : 'icmp'> <InPorts = 2> <OutPorts = 1>
ST_2 : Operation 51 [1/1] (0.00ns)   --->   "%tmp_2 = partselect i8 @_ssdm_op_PartSelect.i8.i252.i32.i32, i252 %layer3x4_out_read, i32 18, i32 25" [firmware/nnet_utils/nnet_activation_stream.h:52]   --->   Operation 51 'partselect' 'tmp_2' <Predicate = true> <Delay = 0.00>
ST_2 : Operation 52 [1/1] (0.77ns)   --->   "%icmp_ln51_3 = icmp_sgt  i9 %trunc_ln44_3, i9 0" [firmware/nnet_utils/nnet_activation_stream.h:51]   --->   Operation 52 'icmp' 'icmp_ln51_3' <Predicate = true> <Delay = 0.77> <CoreInst = "Cmp">   --->   Core 9 'Cmp' <Latency = 0> <II = 1> <Delay = 0.77> <FuncUnit> <Opcode : 'icmp'> <InPorts = 2> <OutPorts = 1>
ST_2 : Operation 53 [1/1] (0.00ns)   --->   "%tmp_3 = partselect i8 @_ssdm_op_PartSelect.i8.i252.i32.i32, i252 %layer3x4_out_read, i32 27, i32 34" [firmware/nnet_utils/nnet_activation_stream.h:52]   --->   Operation 53 'partselect' 'tmp_3' <Predicate = true> <Delay = 0.00>
ST_2 : Operation 54 [1/1] (0.77ns)   --->   "%icmp_ln51_4 = icmp_sgt  i9 %trunc_ln44_4, i9 0" [firmware/nnet_utils/nnet_activation_stream.h:51]   --->   Operation 54 'icmp' 'icmp_ln51_4' <Predicate = true> <Delay = 0.77> <CoreInst = "Cmp">   --->   Core 9 'Cmp' <Latency = 0> <II = 1> <Delay = 0.77> <FuncUnit> <Opcode : 'icmp'> <InPorts = 2> <OutPorts = 1>
ST_2 : Operation 55 [1/1] (0.00ns)   --->   "%tmp_4 = partselect i8 @_ssdm_op_PartSelect.i8.i252.i32.i32, i252 %layer3x4_out_read, i32 36, i32 43" [firmware/nnet_utils/nnet_activation_stream.h:52]   --->   Operation 55 'partselect' 'tmp_4' <Predicate = true> <Delay = 0.00>
ST_2 : Operation 56 [1/1] (0.77ns)   --->   "%icmp_ln51_5 = icmp_sgt  i9 %trunc_ln44_5, i9 0" [firmware/nnet_utils/nnet_activation_stream.h:51]   --->   Operation 56 'icmp' 'icmp_ln51_5' <Predicate = true> <Delay = 0.77> <CoreInst = "Cmp">   --->   Core 9 'Cmp' <Latency = 0> <II = 1> <Delay = 0.77> <FuncUnit> <Opcode : 'icmp'> <InPorts = 2> <OutPorts = 1>
ST_2 : Operation 57 [1/1] (0.00ns)   --->   "%tmp_5 = partselect i8 @_ssdm_op_PartSelect.i8.i252.i32.i32, i252 %layer3x4_out_read, i32 45, i32 52" [firmware/nnet_utils/nnet_activation_stream.h:52]   --->   Operation 57 'partselect' 'tmp_5' <Predicate = true> <Delay = 0.00>
ST_2 : Operation 58 [1/1] (0.77ns)   --->   "%icmp_ln51_6 = icmp_sgt  i9 %trunc_ln44_6, i9 0" [firmware/nnet_utils/nnet_activation_stream.h:51]   --->   Operation 58 'icmp' 'icmp_ln51_6' <Predicate = true> <Delay = 0.77> <CoreInst = "Cmp">   --->   Core 9 'Cmp' <Latency = 0> <II = 1> <Delay = 0.77> <FuncUnit> <Opcode : 'icmp'> <InPorts = 2> <OutPorts = 1>
ST_2 : Operation 59 [1/1] (0.00ns)   --->   "%tmp_6 = partselect i8 @_ssdm_op_PartSelect.i8.i252.i32.i32, i252 %layer3x4_out_read, i32 54, i32 61" [firmware/nnet_utils/nnet_activation_stream.h:52]   --->   Operation 59 'partselect' 'tmp_6' <Predicate = true> <Delay = 0.00>
ST_2 : Operation 60 [1/1] (0.77ns)   --->   "%icmp_ln51_7 = icmp_sgt  i9 %trunc_ln44_7, i9 0" [firmware/nnet_utils/nnet_activation_stream.h:51]   --->   Operation 60 'icmp' 'icmp_ln51_7' <Predicate = true> <Delay = 0.77> <CoreInst = "Cmp">   --->   Core 9 'Cmp' <Latency = 0> <II = 1> <Delay = 0.77> <FuncUnit> <Opcode : 'icmp'> <InPorts = 2> <OutPorts = 1>
ST_2 : Operation 61 [1/1] (0.00ns)   --->   "%tmp_7 = partselect i8 @_ssdm_op_PartSelect.i8.i252.i32.i32, i252 %layer3x4_out_read, i32 63, i32 70" [firmware/nnet_utils/nnet_activation_stream.h:52]   --->   Operation 61 'partselect' 'tmp_7' <Predicate = true> <Delay = 0.00>
ST_2 : Operation 62 [1/1] (0.77ns)   --->   "%icmp_ln51_8 = icmp_sgt  i9 %trunc_ln44_8, i9 0" [firmware/nnet_utils/nnet_activation_stream.h:51]   --->   Operation 62 'icmp' 'icmp_ln51_8' <Predicate = true> <Delay = 0.77> <CoreInst = "Cmp">   --->   Core 9 'Cmp' <Latency = 0> <II = 1> <Delay = 0.77> <FuncUnit> <Opcode : 'icmp'> <InPorts = 2> <OutPorts = 1>
ST_2 : Operation 63 [1/1] (0.00ns)   --->   "%tmp_8 = partselect i8 @_ssdm_op_PartSelect.i8.i252.i32.i32, i252 %layer3x4_out_read, i32 72, i32 79" [firmware/nnet_utils/nnet_activation_stream.h:52]   --->   Operation 63 'partselect' 'tmp_8' <Predicate = true> <Delay = 0.00>
ST_2 : Operation 64 [1/1] (0.77ns)   --->   "%icmp_ln51_9 = icmp_sgt  i9 %trunc_ln44_9, i9 0" [firmware/nnet_utils/nnet_activation_stream.h:51]   --->   Operation 64 'icmp' 'icmp_ln51_9' <Predicate = true> <Delay = 0.77> <CoreInst = "Cmp">   --->   Core 9 'Cmp' <Latency = 0> <II = 1> <Delay = 0.77> <FuncUnit> <Opcode : 'icmp'> <InPorts = 2> <OutPorts = 1>
ST_2 : Operation 65 [1/1] (0.00ns)   --->   "%tmp_9 = partselect i8 @_ssdm_op_PartSelect.i8.i252.i32.i32, i252 %layer3x4_out_read, i32 81, i32 88" [firmware/nnet_utils/nnet_activation_stream.h:52]   --->   Operation 65 'partselect' 'tmp_9' <Predicate = true> <Delay = 0.00>
ST_2 : Operation 66 [1/1] (0.77ns)   --->   "%icmp_ln51_10 = icmp_sgt  i9 %trunc_ln44_s, i9 0" [firmware/nnet_utils/nnet_activation_stream.h:51]   --->   Operation 66 'icmp' 'icmp_ln51_10' <Predicate = true> <Delay = 0.77> <CoreInst = "Cmp">   --->   Core 9 'Cmp' <Latency = 0> <II = 1> <Delay = 0.77> <FuncUnit> <Opcode : 'icmp'> <InPorts = 2> <OutPorts = 1>
ST_2 : Operation 67 [1/1] (0.00ns)   --->   "%tmp_s = partselect i8 @_ssdm_op_PartSelect.i8.i252.i32.i32, i252 %layer3x4_out_read, i32 90, i32 97" [firmware/nnet_utils/nnet_activation_stream.h:52]   --->   Operation 67 'partselect' 'tmp_s' <Predicate = true> <Delay = 0.00>
ST_2 : Operation 68 [1/1] (0.77ns)   --->   "%icmp_ln51_11 = icmp_sgt  i9 %trunc_ln44_10, i9 0" [firmware/nnet_utils/nnet_activation_stream.h:51]   --->   Operation 68 'icmp' 'icmp_ln51_11' <Predicate = true> <Delay = 0.77> <CoreInst = "Cmp">   --->   Core 9 'Cmp' <Latency = 0> <II = 1> <Delay = 0.77> <FuncUnit> <Opcode : 'icmp'> <InPorts = 2> <OutPorts = 1>
ST_2 : Operation 69 [1/1] (0.00ns)   --->   "%tmp_10 = partselect i8 @_ssdm_op_PartSelect.i8.i252.i32.i32, i252 %layer3x4_out_read, i32 99, i32 106" [firmware/nnet_utils/nnet_activation_stream.h:52]   --->   Operation 69 'partselect' 'tmp_10' <Predicate = true> <Delay = 0.00>
ST_2 : Operation 70 [1/1] (0.77ns)   --->   "%icmp_ln51_12 = icmp_sgt  i9 %trunc_ln44_11, i9 0" [firmware/nnet_utils/nnet_activation_stream.h:51]   --->   Operation 70 'icmp' 'icmp_ln51_12' <Predicate = true> <Delay = 0.77> <CoreInst = "Cmp">   --->   Core 9 'Cmp' <Latency = 0> <II = 1> <Delay = 0.77> <FuncUnit> <Opcode : 'icmp'> <InPorts = 2> <OutPorts = 1>
ST_2 : Operation 71 [1/1] (0.00ns)   --->   "%tmp_11 = partselect i8 @_ssdm_op_PartSelect.i8.i252.i32.i32, i252 %layer3x4_out_read, i32 108, i32 115" [firmware/nnet_utils/nnet_activation_stream.h:52]   --->   Operation 71 'partselect' 'tmp_11' <Predicate = true> <Delay = 0.00>
ST_2 : Operation 72 [1/1] (0.77ns)   --->   "%icmp_ln51_13 = icmp_sgt  i9 %trunc_ln44_12, i9 0" [firmware/nnet_utils/nnet_activation_stream.h:51]   --->   Operation 72 'icmp' 'icmp_ln51_13' <Predicate = true> <Delay = 0.77> <CoreInst = "Cmp">   --->   Core 9 'Cmp' <Latency = 0> <II = 1> <Delay = 0.77> <FuncUnit> <Opcode : 'icmp'> <InPorts = 2> <OutPorts = 1>
ST_2 : Operation 73 [1/1] (0.00ns)   --->   "%tmp_12 = partselect i8 @_ssdm_op_PartSelect.i8.i252.i32.i32, i252 %layer3x4_out_read, i32 117, i32 124" [firmware/nnet_utils/nnet_activation_stream.h:52]   --->   Operation 73 'partselect' 'tmp_12' <Predicate = true> <Delay = 0.00>
ST_2 : Operation 74 [1/1] (0.77ns)   --->   "%icmp_ln51_14 = icmp_sgt  i9 %trunc_ln44_13, i9 0" [firmware/nnet_utils/nnet_activation_stream.h:51]   --->   Operation 74 'icmp' 'icmp_ln51_14' <Predicate = true> <Delay = 0.77> <CoreInst = "Cmp">   --->   Core 9 'Cmp' <Latency = 0> <II = 1> <Delay = 0.77> <FuncUnit> <Opcode : 'icmp'> <InPorts = 2> <OutPorts = 1>
ST_2 : Operation 75 [1/1] (0.00ns)   --->   "%tmp_13 = partselect i8 @_ssdm_op_PartSelect.i8.i252.i32.i32, i252 %layer3x4_out_read, i32 126, i32 133" [firmware/nnet_utils/nnet_activation_stream.h:52]   --->   Operation 75 'partselect' 'tmp_13' <Predicate = true> <Delay = 0.00>
ST_2 : Operation 76 [1/1] (0.77ns)   --->   "%icmp_ln51_15 = icmp_sgt  i9 %trunc_ln44_14, i9 0" [firmware/nnet_utils/nnet_activation_stream.h:51]   --->   Operation 76 'icmp' 'icmp_ln51_15' <Predicate = true> <Delay = 0.77> <CoreInst = "Cmp">   --->   Core 9 'Cmp' <Latency = 0> <II = 1> <Delay = 0.77> <FuncUnit> <Opcode : 'icmp'> <InPorts = 2> <OutPorts = 1>
ST_2 : Operation 77 [1/1] (0.00ns)   --->   "%tmp_14 = partselect i8 @_ssdm_op_PartSelect.i8.i252.i32.i32, i252 %layer3x4_out_read, i32 135, i32 142" [firmware/nnet_utils/nnet_activation_stream.h:52]   --->   Operation 77 'partselect' 'tmp_14' <Predicate = true> <Delay = 0.00>
ST_2 : Operation 78 [1/1] (0.77ns)   --->   "%icmp_ln51_16 = icmp_sgt  i9 %trunc_ln44_15, i9 0" [firmware/nnet_utils/nnet_activation_stream.h:51]   --->   Operation 78 'icmp' 'icmp_ln51_16' <Predicate = true> <Delay = 0.77> <CoreInst = "Cmp">   --->   Core 9 'Cmp' <Latency = 0> <II = 1> <Delay = 0.77> <FuncUnit> <Opcode : 'icmp'> <InPorts = 2> <OutPorts = 1>
ST_2 : Operation 79 [1/1] (0.00ns)   --->   "%tmp_15 = partselect i8 @_ssdm_op_PartSelect.i8.i252.i32.i32, i252 %layer3x4_out_read, i32 144, i32 151" [firmware/nnet_utils/nnet_activation_stream.h:52]   --->   Operation 79 'partselect' 'tmp_15' <Predicate = true> <Delay = 0.00>
ST_2 : Operation 80 [1/1] (0.77ns)   --->   "%icmp_ln51_17 = icmp_sgt  i9 %trunc_ln44_16, i9 0" [firmware/nnet_utils/nnet_activation_stream.h:51]   --->   Operation 80 'icmp' 'icmp_ln51_17' <Predicate = true> <Delay = 0.77> <CoreInst = "Cmp">   --->   Core 9 'Cmp' <Latency = 0> <II = 1> <Delay = 0.77> <FuncUnit> <Opcode : 'icmp'> <InPorts = 2> <OutPorts = 1>
ST_2 : Operation 81 [1/1] (0.00ns)   --->   "%tmp_16 = partselect i8 @_ssdm_op_PartSelect.i8.i252.i32.i32, i252 %layer3x4_out_read, i32 153, i32 160" [firmware/nnet_utils/nnet_activation_stream.h:52]   --->   Operation 81 'partselect' 'tmp_16' <Predicate = true> <Delay = 0.00>
ST_2 : Operation 82 [1/1] (0.77ns)   --->   "%icmp_ln51_18 = icmp_sgt  i9 %trunc_ln44_17, i9 0" [firmware/nnet_utils/nnet_activation_stream.h:51]   --->   Operation 82 'icmp' 'icmp_ln51_18' <Predicate = true> <Delay = 0.77> <CoreInst = "Cmp">   --->   Core 9 'Cmp' <Latency = 0> <II = 1> <Delay = 0.77> <FuncUnit> <Opcode : 'icmp'> <InPorts = 2> <OutPorts = 1>
ST_2 : Operation 83 [1/1] (0.00ns)   --->   "%tmp_17 = partselect i8 @_ssdm_op_PartSelect.i8.i252.i32.i32, i252 %layer3x4_out_read, i32 162, i32 169" [firmware/nnet_utils/nnet_activation_stream.h:52]   --->   Operation 83 'partselect' 'tmp_17' <Predicate = true> <Delay = 0.00>
ST_2 : Operation 84 [1/1] (0.77ns)   --->   "%icmp_ln51_19 = icmp_sgt  i9 %trunc_ln44_18, i9 0" [firmware/nnet_utils/nnet_activation_stream.h:51]   --->   Operation 84 'icmp' 'icmp_ln51_19' <Predicate = true> <Delay = 0.77> <CoreInst = "Cmp">   --->   Core 9 'Cmp' <Latency = 0> <II = 1> <Delay = 0.77> <FuncUnit> <Opcode : 'icmp'> <InPorts = 2> <OutPorts = 1>
ST_2 : Operation 85 [1/1] (0.00ns)   --->   "%tmp_18 = partselect i8 @_ssdm_op_PartSelect.i8.i252.i32.i32, i252 %layer3x4_out_read, i32 171, i32 178" [firmware/nnet_utils/nnet_activation_stream.h:52]   --->   Operation 85 'partselect' 'tmp_18' <Predicate = true> <Delay = 0.00>
ST_2 : Operation 86 [1/1] (0.77ns)   --->   "%icmp_ln51_20 = icmp_sgt  i9 %trunc_ln44_19, i9 0" [firmware/nnet_utils/nnet_activation_stream.h:51]   --->   Operation 86 'icmp' 'icmp_ln51_20' <Predicate = true> <Delay = 0.77> <CoreInst = "Cmp">   --->   Core 9 'Cmp' <Latency = 0> <II = 1> <Delay = 0.77> <FuncUnit> <Opcode : 'icmp'> <InPorts = 2> <OutPorts = 1>
ST_2 : Operation 87 [1/1] (0.00ns)   --->   "%tmp_19 = partselect i8 @_ssdm_op_PartSelect.i8.i252.i32.i32, i252 %layer3x4_out_read, i32 180, i32 187" [firmware/nnet_utils/nnet_activation_stream.h:52]   --->   Operation 87 'partselect' 'tmp_19' <Predicate = true> <Delay = 0.00>
ST_2 : Operation 88 [1/1] (0.77ns)   --->   "%icmp_ln51_21 = icmp_sgt  i9 %trunc_ln44_20, i9 0" [firmware/nnet_utils/nnet_activation_stream.h:51]   --->   Operation 88 'icmp' 'icmp_ln51_21' <Predicate = true> <Delay = 0.77> <CoreInst = "Cmp">   --->   Core 9 'Cmp' <Latency = 0> <II = 1> <Delay = 0.77> <FuncUnit> <Opcode : 'icmp'> <InPorts = 2> <OutPorts = 1>
ST_2 : Operation 89 [1/1] (0.00ns)   --->   "%tmp_20 = partselect i8 @_ssdm_op_PartSelect.i8.i252.i32.i32, i252 %layer3x4_out_read, i32 189, i32 196" [firmware/nnet_utils/nnet_activation_stream.h:52]   --->   Operation 89 'partselect' 'tmp_20' <Predicate = true> <Delay = 0.00>
ST_2 : Operation 90 [1/1] (0.77ns)   --->   "%icmp_ln51_22 = icmp_sgt  i9 %trunc_ln44_21, i9 0" [firmware/nnet_utils/nnet_activation_stream.h:51]   --->   Operation 90 'icmp' 'icmp_ln51_22' <Predicate = true> <Delay = 0.77> <CoreInst = "Cmp">   --->   Core 9 'Cmp' <Latency = 0> <II = 1> <Delay = 0.77> <FuncUnit> <Opcode : 'icmp'> <InPorts = 2> <OutPorts = 1>
ST_2 : Operation 91 [1/1] (0.00ns)   --->   "%tmp_21 = partselect i8 @_ssdm_op_PartSelect.i8.i252.i32.i32, i252 %layer3x4_out_read, i32 198, i32 205" [firmware/nnet_utils/nnet_activation_stream.h:52]   --->   Operation 91 'partselect' 'tmp_21' <Predicate = true> <Delay = 0.00>
ST_2 : Operation 92 [1/1] (0.77ns)   --->   "%icmp_ln51_23 = icmp_sgt  i9 %trunc_ln44_22, i9 0" [firmware/nnet_utils/nnet_activation_stream.h:51]   --->   Operation 92 'icmp' 'icmp_ln51_23' <Predicate = true> <Delay = 0.77> <CoreInst = "Cmp">   --->   Core 9 'Cmp' <Latency = 0> <II = 1> <Delay = 0.77> <FuncUnit> <Opcode : 'icmp'> <InPorts = 2> <OutPorts = 1>
ST_2 : Operation 93 [1/1] (0.00ns)   --->   "%tmp_22 = partselect i8 @_ssdm_op_PartSelect.i8.i252.i32.i32, i252 %layer3x4_out_read, i32 207, i32 214" [firmware/nnet_utils/nnet_activation_stream.h:52]   --->   Operation 93 'partselect' 'tmp_22' <Predicate = true> <Delay = 0.00>
ST_2 : Operation 94 [1/1] (0.77ns)   --->   "%icmp_ln51_24 = icmp_sgt  i9 %trunc_ln44_23, i9 0" [firmware/nnet_utils/nnet_activation_stream.h:51]   --->   Operation 94 'icmp' 'icmp_ln51_24' <Predicate = true> <Delay = 0.77> <CoreInst = "Cmp">   --->   Core 9 'Cmp' <Latency = 0> <II = 1> <Delay = 0.77> <FuncUnit> <Opcode : 'icmp'> <InPorts = 2> <OutPorts = 1>
ST_2 : Operation 95 [1/1] (0.00ns)   --->   "%tmp_23 = partselect i8 @_ssdm_op_PartSelect.i8.i252.i32.i32, i252 %layer3x4_out_read, i32 216, i32 223" [firmware/nnet_utils/nnet_activation_stream.h:52]   --->   Operation 95 'partselect' 'tmp_23' <Predicate = true> <Delay = 0.00>
ST_2 : Operation 96 [1/1] (0.77ns)   --->   "%icmp_ln51_25 = icmp_sgt  i9 %trunc_ln44_24, i9 0" [firmware/nnet_utils/nnet_activation_stream.h:51]   --->   Operation 96 'icmp' 'icmp_ln51_25' <Predicate = true> <Delay = 0.77> <CoreInst = "Cmp">   --->   Core 9 'Cmp' <Latency = 0> <II = 1> <Delay = 0.77> <FuncUnit> <Opcode : 'icmp'> <InPorts = 2> <OutPorts = 1>
ST_2 : Operation 97 [1/1] (0.00ns)   --->   "%tmp_24 = partselect i8 @_ssdm_op_PartSelect.i8.i252.i32.i32, i252 %layer3x4_out_read, i32 225, i32 232" [firmware/nnet_utils/nnet_activation_stream.h:52]   --->   Operation 97 'partselect' 'tmp_24' <Predicate = true> <Delay = 0.00>
ST_2 : Operation 98 [1/1] (0.77ns)   --->   "%icmp_ln51_26 = icmp_sgt  i9 %trunc_ln44_25, i9 0" [firmware/nnet_utils/nnet_activation_stream.h:51]   --->   Operation 98 'icmp' 'icmp_ln51_26' <Predicate = true> <Delay = 0.77> <CoreInst = "Cmp">   --->   Core 9 'Cmp' <Latency = 0> <II = 1> <Delay = 0.77> <FuncUnit> <Opcode : 'icmp'> <InPorts = 2> <OutPorts = 1>
ST_2 : Operation 99 [1/1] (0.00ns)   --->   "%tmp_25 = partselect i8 @_ssdm_op_PartSelect.i8.i252.i32.i32, i252 %layer3x4_out_read, i32 234, i32 241" [firmware/nnet_utils/nnet_activation_stream.h:52]   --->   Operation 99 'partselect' 'tmp_25' <Predicate = true> <Delay = 0.00>
ST_2 : Operation 100 [1/1] (0.77ns)   --->   "%icmp_ln51_27 = icmp_sgt  i9 %trunc_ln44_26, i9 0" [firmware/nnet_utils/nnet_activation_stream.h:51]   --->   Operation 100 'icmp' 'icmp_ln51_27' <Predicate = true> <Delay = 0.77> <CoreInst = "Cmp">   --->   Core 9 'Cmp' <Latency = 0> <II = 1> <Delay = 0.77> <FuncUnit> <Opcode : 'icmp'> <InPorts = 2> <OutPorts = 1>
ST_2 : Operation 101 [1/1] (0.00ns)   --->   "%tmp_26 = partselect i8 @_ssdm_op_PartSelect.i8.i252.i32.i32, i252 %layer3x4_out_read, i32 243, i32 250" [firmware/nnet_utils/nnet_activation_stream.h:52]   --->   Operation 101 'partselect' 'tmp_26' <Predicate = true> <Delay = 0.00>
ST_2 : Operation 192 [1/1] (0.00ns)   --->   "%ret_ln59 = ret" [firmware/nnet_utils/nnet_activation_stream.h:59]   --->   Operation 192 'ret' 'ret_ln59' <Predicate = (icmp_ln41)> <Delay = 0.00>

State 3 <SV = 2> <Delay = 2.27>
ST_3 : Operation 102 [1/1] (0.00ns)   --->   "%specpipeline_ln42 = specpipeline void @_ssdm_op_SpecPipeline, i32 4294967295, i32 0, i32 0, i32 0, void @empty_1" [firmware/nnet_utils/nnet_activation_stream.h:42]   --->   Operation 102 'specpipeline' 'specpipeline_ln42' <Predicate = true> <Delay = 0.00>
ST_3 : Operation 103 [1/1] (0.00ns)   --->   "%speclooptripcount_ln41 = speclooptripcount void @_ssdm_op_SpecLoopTripCount, i64 84, i64 84, i64 84" [firmware/nnet_utils/nnet_activation_stream.h:41]   --->   Operation 103 'speclooptripcount' 'speclooptripcount_ln41' <Predicate = true> <Delay = 0.00>
ST_3 : Operation 104 [1/1] (0.00ns)   --->   "%specloopname_ln41 = specloopname void @_ssdm_op_SpecLoopName, void @empty_5" [firmware/nnet_utils/nnet_activation_stream.h:41]   --->   Operation 104 'specloopname' 'specloopname_ln41' <Predicate = true> <Delay = 0.00>
ST_3 : Operation 105 [1/1] (0.00ns)   --->   "%out_data = bitconcatenate i14 @_ssdm_op_BitConcatenate.i14.i8.i6, i8 %trunc_ln52, i6 0" [firmware/nnet_utils/nnet_activation_stream.h:52]   --->   Operation 105 'bitconcatenate' 'out_data' <Predicate = (icmp_ln51)> <Delay = 0.00>
ST_3 : Operation 106 [1/1] (0.44ns)   --->   "%out_data_1 = select i1 %icmp_ln51, i14 %out_data, i14 0" [firmware/nnet_utils/nnet_activation_stream.h:51]   --->   Operation 106 'select' 'out_data_1' <Predicate = true> <Delay = 0.44> <CoreInst = "Sel">   --->   Core 73 'Sel' <Latency = 0> <II = 1> <Delay = 0.44> <FuncUnit> <Opcode : 'select'> <InPorts = 3> <OutPorts = 1>
ST_3 : Operation 107 [1/1] (0.00ns)   --->   "%zext_ln45 = zext i14 %out_data_1" [firmware/nnet_utils/nnet_activation_stream.h:45]   --->   Operation 107 'zext' 'zext_ln45' <Predicate = true> <Delay = 0.00>
ST_3 : Operation 108 [1/1] (0.00ns)   --->   "%out_data_2 = bitconcatenate i14 @_ssdm_op_BitConcatenate.i14.i8.i6, i8 %tmp_1, i6 0" [firmware/nnet_utils/nnet_activation_stream.h:52]   --->   Operation 108 'bitconcatenate' 'out_data_2' <Predicate = (icmp_ln51_1)> <Delay = 0.00>
ST_3 : Operation 109 [1/1] (0.44ns)   --->   "%out_data_3 = select i1 %icmp_ln51_1, i14 %out_data_2, i14 0" [firmware/nnet_utils/nnet_activation_stream.h:51]   --->   Operation 109 'select' 'out_data_3' <Predicate = true> <Delay = 0.44> <CoreInst = "Sel">   --->   Core 73 'Sel' <Latency = 0> <II = 1> <Delay = 0.44> <FuncUnit> <Opcode : 'select'> <InPorts = 3> <OutPorts = 1>
ST_3 : Operation 110 [1/1] (0.00ns)   --->   "%zext_ln45_1 = zext i14 %out_data_3" [firmware/nnet_utils/nnet_activation_stream.h:45]   --->   Operation 110 'zext' 'zext_ln45_1' <Predicate = true> <Delay = 0.00>
ST_3 : Operation 111 [1/1] (0.00ns)   --->   "%out_data_4 = bitconcatenate i14 @_ssdm_op_BitConcatenate.i14.i8.i6, i8 %tmp_2, i6 0" [firmware/nnet_utils/nnet_activation_stream.h:52]   --->   Operation 111 'bitconcatenate' 'out_data_4' <Predicate = (icmp_ln51_2)> <Delay = 0.00>
ST_3 : Operation 112 [1/1] (0.44ns)   --->   "%out_data_5 = select i1 %icmp_ln51_2, i14 %out_data_4, i14 0" [firmware/nnet_utils/nnet_activation_stream.h:51]   --->   Operation 112 'select' 'out_data_5' <Predicate = true> <Delay = 0.44> <CoreInst = "Sel">   --->   Core 73 'Sel' <Latency = 0> <II = 1> <Delay = 0.44> <FuncUnit> <Opcode : 'select'> <InPorts = 3> <OutPorts = 1>
ST_3 : Operation 113 [1/1] (0.00ns)   --->   "%zext_ln45_2 = zext i14 %out_data_5" [firmware/nnet_utils/nnet_activation_stream.h:45]   --->   Operation 113 'zext' 'zext_ln45_2' <Predicate = true> <Delay = 0.00>
ST_3 : Operation 114 [1/1] (0.00ns)   --->   "%out_data_6 = bitconcatenate i14 @_ssdm_op_BitConcatenate.i14.i8.i6, i8 %tmp_3, i6 0" [firmware/nnet_utils/nnet_activation_stream.h:52]   --->   Operation 114 'bitconcatenate' 'out_data_6' <Predicate = (icmp_ln51_3)> <Delay = 0.00>
ST_3 : Operation 115 [1/1] (0.44ns)   --->   "%out_data_7 = select i1 %icmp_ln51_3, i14 %out_data_6, i14 0" [firmware/nnet_utils/nnet_activation_stream.h:51]   --->   Operation 115 'select' 'out_data_7' <Predicate = true> <Delay = 0.44> <CoreInst = "Sel">   --->   Core 73 'Sel' <Latency = 0> <II = 1> <Delay = 0.44> <FuncUnit> <Opcode : 'select'> <InPorts = 3> <OutPorts = 1>
ST_3 : Operation 116 [1/1] (0.00ns)   --->   "%zext_ln45_3 = zext i14 %out_data_7" [firmware/nnet_utils/nnet_activation_stream.h:45]   --->   Operation 116 'zext' 'zext_ln45_3' <Predicate = true> <Delay = 0.00>
ST_3 : Operation 117 [1/1] (0.00ns)   --->   "%shl_ln = bitconcatenate i14 @_ssdm_op_BitConcatenate.i14.i8.i6, i8 %tmp_4, i6 0" [firmware/nnet_utils/nnet_activation_stream.h:52]   --->   Operation 117 'bitconcatenate' 'shl_ln' <Predicate = (icmp_ln51_4)> <Delay = 0.00>
ST_3 : Operation 118 [1/1] (0.44ns)   --->   "%select_ln51 = select i1 %icmp_ln51_4, i14 %shl_ln, i14 0" [firmware/nnet_utils/nnet_activation_stream.h:51]   --->   Operation 118 'select' 'select_ln51' <Predicate = true> <Delay = 0.44> <CoreInst = "Sel">   --->   Core 73 'Sel' <Latency = 0> <II = 1> <Delay = 0.44> <FuncUnit> <Opcode : 'select'> <InPorts = 3> <OutPorts = 1>
ST_3 : Operation 119 [1/1] (0.00ns)   --->   "%zext_ln51 = zext i14 %select_ln51" [firmware/nnet_utils/nnet_activation_stream.h:51]   --->   Operation 119 'zext' 'zext_ln51' <Predicate = true> <Delay = 0.00>
ST_3 : Operation 120 [1/1] (0.00ns)   --->   "%shl_ln52_1 = bitconcatenate i14 @_ssdm_op_BitConcatenate.i14.i8.i6, i8 %tmp_5, i6 0" [firmware/nnet_utils/nnet_activation_stream.h:52]   --->   Operation 120 'bitconcatenate' 'shl_ln52_1' <Predicate = (icmp_ln51_5)> <Delay = 0.00>
ST_3 : Operation 121 [1/1] (0.44ns)   --->   "%select_ln51_1 = select i1 %icmp_ln51_5, i14 %shl_ln52_1, i14 0" [firmware/nnet_utils/nnet_activation_stream.h:51]   --->   Operation 121 'select' 'select_ln51_1' <Predicate = true> <Delay = 0.44> <CoreInst = "Sel">   --->   Core 73 'Sel' <Latency = 0> <II = 1> <Delay = 0.44> <FuncUnit> <Opcode : 'select'> <InPorts = 3> <OutPorts = 1>
ST_3 : Operation 122 [1/1] (0.00ns)   --->   "%zext_ln51_1 = zext i14 %select_ln51_1" [firmware/nnet_utils/nnet_activation_stream.h:51]   --->   Operation 122 'zext' 'zext_ln51_1' <Predicate = true> <Delay = 0.00>
ST_3 : Operation 123 [1/1] (0.00ns)   --->   "%shl_ln52_2 = bitconcatenate i14 @_ssdm_op_BitConcatenate.i14.i8.i6, i8 %tmp_6, i6 0" [firmware/nnet_utils/nnet_activation_stream.h:52]   --->   Operation 123 'bitconcatenate' 'shl_ln52_2' <Predicate = (icmp_ln51_6)> <Delay = 0.00>
ST_3 : Operation 124 [1/1] (0.44ns)   --->   "%select_ln51_2 = select i1 %icmp_ln51_6, i14 %shl_ln52_2, i14 0" [firmware/nnet_utils/nnet_activation_stream.h:51]   --->   Operation 124 'select' 'select_ln51_2' <Predicate = true> <Delay = 0.44> <CoreInst = "Sel">   --->   Core 73 'Sel' <Latency = 0> <II = 1> <Delay = 0.44> <FuncUnit> <Opcode : 'select'> <InPorts = 3> <OutPorts = 1>
ST_3 : Operation 125 [1/1] (0.00ns)   --->   "%zext_ln51_2 = zext i14 %select_ln51_2" [firmware/nnet_utils/nnet_activation_stream.h:51]   --->   Operation 125 'zext' 'zext_ln51_2' <Predicate = true> <Delay = 0.00>
ST_3 : Operation 126 [1/1] (0.00ns)   --->   "%shl_ln52_3 = bitconcatenate i14 @_ssdm_op_BitConcatenate.i14.i8.i6, i8 %tmp_7, i6 0" [firmware/nnet_utils/nnet_activation_stream.h:52]   --->   Operation 126 'bitconcatenate' 'shl_ln52_3' <Predicate = (icmp_ln51_7)> <Delay = 0.00>
ST_3 : Operation 127 [1/1] (0.44ns)   --->   "%select_ln51_3 = select i1 %icmp_ln51_7, i14 %shl_ln52_3, i14 0" [firmware/nnet_utils/nnet_activation_stream.h:51]   --->   Operation 127 'select' 'select_ln51_3' <Predicate = true> <Delay = 0.44> <CoreInst = "Sel">   --->   Core 73 'Sel' <Latency = 0> <II = 1> <Delay = 0.44> <FuncUnit> <Opcode : 'select'> <InPorts = 3> <OutPorts = 1>
ST_3 : Operation 128 [1/1] (0.00ns)   --->   "%zext_ln51_3 = zext i14 %select_ln51_3" [firmware/nnet_utils/nnet_activation_stream.h:51]   --->   Operation 128 'zext' 'zext_ln51_3' <Predicate = true> <Delay = 0.00>
ST_3 : Operation 129 [1/1] (0.00ns)   --->   "%shl_ln52_4 = bitconcatenate i14 @_ssdm_op_BitConcatenate.i14.i8.i6, i8 %tmp_8, i6 0" [firmware/nnet_utils/nnet_activation_stream.h:52]   --->   Operation 129 'bitconcatenate' 'shl_ln52_4' <Predicate = (icmp_ln51_8)> <Delay = 0.00>
ST_3 : Operation 130 [1/1] (0.44ns)   --->   "%select_ln51_4 = select i1 %icmp_ln51_8, i14 %shl_ln52_4, i14 0" [firmware/nnet_utils/nnet_activation_stream.h:51]   --->   Operation 130 'select' 'select_ln51_4' <Predicate = true> <Delay = 0.44> <CoreInst = "Sel">   --->   Core 73 'Sel' <Latency = 0> <II = 1> <Delay = 0.44> <FuncUnit> <Opcode : 'select'> <InPorts = 3> <OutPorts = 1>
ST_3 : Operation 131 [1/1] (0.00ns)   --->   "%zext_ln51_4 = zext i14 %select_ln51_4" [firmware/nnet_utils/nnet_activation_stream.h:51]   --->   Operation 131 'zext' 'zext_ln51_4' <Predicate = true> <Delay = 0.00>
ST_3 : Operation 132 [1/1] (0.00ns)   --->   "%shl_ln52_5 = bitconcatenate i14 @_ssdm_op_BitConcatenate.i14.i8.i6, i8 %tmp_9, i6 0" [firmware/nnet_utils/nnet_activation_stream.h:52]   --->   Operation 132 'bitconcatenate' 'shl_ln52_5' <Predicate = (icmp_ln51_9)> <Delay = 0.00>
ST_3 : Operation 133 [1/1] (0.44ns)   --->   "%select_ln51_5 = select i1 %icmp_ln51_9, i14 %shl_ln52_5, i14 0" [firmware/nnet_utils/nnet_activation_stream.h:51]   --->   Operation 133 'select' 'select_ln51_5' <Predicate = true> <Delay = 0.44> <CoreInst = "Sel">   --->   Core 73 'Sel' <Latency = 0> <II = 1> <Delay = 0.44> <FuncUnit> <Opcode : 'select'> <InPorts = 3> <OutPorts = 1>
ST_3 : Operation 134 [1/1] (0.00ns)   --->   "%zext_ln51_5 = zext i14 %select_ln51_5" [firmware/nnet_utils/nnet_activation_stream.h:51]   --->   Operation 134 'zext' 'zext_ln51_5' <Predicate = true> <Delay = 0.00>
ST_3 : Operation 135 [1/1] (0.00ns)   --->   "%shl_ln52_6 = bitconcatenate i14 @_ssdm_op_BitConcatenate.i14.i8.i6, i8 %tmp_s, i6 0" [firmware/nnet_utils/nnet_activation_stream.h:52]   --->   Operation 135 'bitconcatenate' 'shl_ln52_6' <Predicate = (icmp_ln51_10)> <Delay = 0.00>
ST_3 : Operation 136 [1/1] (0.44ns)   --->   "%select_ln51_6 = select i1 %icmp_ln51_10, i14 %shl_ln52_6, i14 0" [firmware/nnet_utils/nnet_activation_stream.h:51]   --->   Operation 136 'select' 'select_ln51_6' <Predicate = true> <Delay = 0.44> <CoreInst = "Sel">   --->   Core 73 'Sel' <Latency = 0> <II = 1> <Delay = 0.44> <FuncUnit> <Opcode : 'select'> <InPorts = 3> <OutPorts = 1>
ST_3 : Operation 137 [1/1] (0.00ns)   --->   "%zext_ln51_6 = zext i14 %select_ln51_6" [firmware/nnet_utils/nnet_activation_stream.h:51]   --->   Operation 137 'zext' 'zext_ln51_6' <Predicate = true> <Delay = 0.00>
ST_3 : Operation 138 [1/1] (0.00ns)   --->   "%shl_ln52_7 = bitconcatenate i14 @_ssdm_op_BitConcatenate.i14.i8.i6, i8 %tmp_10, i6 0" [firmware/nnet_utils/nnet_activation_stream.h:52]   --->   Operation 138 'bitconcatenate' 'shl_ln52_7' <Predicate = (icmp_ln51_11)> <Delay = 0.00>
ST_3 : Operation 139 [1/1] (0.44ns)   --->   "%select_ln51_7 = select i1 %icmp_ln51_11, i14 %shl_ln52_7, i14 0" [firmware/nnet_utils/nnet_activation_stream.h:51]   --->   Operation 139 'select' 'select_ln51_7' <Predicate = true> <Delay = 0.44> <CoreInst = "Sel">   --->   Core 73 'Sel' <Latency = 0> <II = 1> <Delay = 0.44> <FuncUnit> <Opcode : 'select'> <InPorts = 3> <OutPorts = 1>
ST_3 : Operation 140 [1/1] (0.00ns)   --->   "%zext_ln51_7 = zext i14 %select_ln51_7" [firmware/nnet_utils/nnet_activation_stream.h:51]   --->   Operation 140 'zext' 'zext_ln51_7' <Predicate = true> <Delay = 0.00>
ST_3 : Operation 141 [1/1] (0.00ns)   --->   "%shl_ln52_8 = bitconcatenate i14 @_ssdm_op_BitConcatenate.i14.i8.i6, i8 %tmp_11, i6 0" [firmware/nnet_utils/nnet_activation_stream.h:52]   --->   Operation 141 'bitconcatenate' 'shl_ln52_8' <Predicate = (icmp_ln51_12)> <Delay = 0.00>
ST_3 : Operation 142 [1/1] (0.44ns)   --->   "%select_ln51_8 = select i1 %icmp_ln51_12, i14 %shl_ln52_8, i14 0" [firmware/nnet_utils/nnet_activation_stream.h:51]   --->   Operation 142 'select' 'select_ln51_8' <Predicate = true> <Delay = 0.44> <CoreInst = "Sel">   --->   Core 73 'Sel' <Latency = 0> <II = 1> <Delay = 0.44> <FuncUnit> <Opcode : 'select'> <InPorts = 3> <OutPorts = 1>
ST_3 : Operation 143 [1/1] (0.00ns)   --->   "%zext_ln51_8 = zext i14 %select_ln51_8" [firmware/nnet_utils/nnet_activation_stream.h:51]   --->   Operation 143 'zext' 'zext_ln51_8' <Predicate = true> <Delay = 0.00>
ST_3 : Operation 144 [1/1] (0.00ns)   --->   "%shl_ln52_9 = bitconcatenate i14 @_ssdm_op_BitConcatenate.i14.i8.i6, i8 %tmp_12, i6 0" [firmware/nnet_utils/nnet_activation_stream.h:52]   --->   Operation 144 'bitconcatenate' 'shl_ln52_9' <Predicate = (icmp_ln51_13)> <Delay = 0.00>
ST_3 : Operation 145 [1/1] (0.44ns)   --->   "%select_ln51_9 = select i1 %icmp_ln51_13, i14 %shl_ln52_9, i14 0" [firmware/nnet_utils/nnet_activation_stream.h:51]   --->   Operation 145 'select' 'select_ln51_9' <Predicate = true> <Delay = 0.44> <CoreInst = "Sel">   --->   Core 73 'Sel' <Latency = 0> <II = 1> <Delay = 0.44> <FuncUnit> <Opcode : 'select'> <InPorts = 3> <OutPorts = 1>
ST_3 : Operation 146 [1/1] (0.00ns)   --->   "%zext_ln51_9 = zext i14 %select_ln51_9" [firmware/nnet_utils/nnet_activation_stream.h:51]   --->   Operation 146 'zext' 'zext_ln51_9' <Predicate = true> <Delay = 0.00>
ST_3 : Operation 147 [1/1] (0.00ns)   --->   "%shl_ln52_s = bitconcatenate i14 @_ssdm_op_BitConcatenate.i14.i8.i6, i8 %tmp_13, i6 0" [firmware/nnet_utils/nnet_activation_stream.h:52]   --->   Operation 147 'bitconcatenate' 'shl_ln52_s' <Predicate = (icmp_ln51_14)> <Delay = 0.00>
ST_3 : Operation 148 [1/1] (0.44ns)   --->   "%select_ln51_10 = select i1 %icmp_ln51_14, i14 %shl_ln52_s, i14 0" [firmware/nnet_utils/nnet_activation_stream.h:51]   --->   Operation 148 'select' 'select_ln51_10' <Predicate = true> <Delay = 0.44> <CoreInst = "Sel">   --->   Core 73 'Sel' <Latency = 0> <II = 1> <Delay = 0.44> <FuncUnit> <Opcode : 'select'> <InPorts = 3> <OutPorts = 1>
ST_3 : Operation 149 [1/1] (0.00ns)   --->   "%zext_ln51_10 = zext i14 %select_ln51_10" [firmware/nnet_utils/nnet_activation_stream.h:51]   --->   Operation 149 'zext' 'zext_ln51_10' <Predicate = true> <Delay = 0.00>
ST_3 : Operation 150 [1/1] (0.00ns)   --->   "%shl_ln52_10 = bitconcatenate i14 @_ssdm_op_BitConcatenate.i14.i8.i6, i8 %tmp_14, i6 0" [firmware/nnet_utils/nnet_activation_stream.h:52]   --->   Operation 150 'bitconcatenate' 'shl_ln52_10' <Predicate = (icmp_ln51_15)> <Delay = 0.00>
ST_3 : Operation 151 [1/1] (0.44ns)   --->   "%select_ln51_11 = select i1 %icmp_ln51_15, i14 %shl_ln52_10, i14 0" [firmware/nnet_utils/nnet_activation_stream.h:51]   --->   Operation 151 'select' 'select_ln51_11' <Predicate = true> <Delay = 0.44> <CoreInst = "Sel">   --->   Core 73 'Sel' <Latency = 0> <II = 1> <Delay = 0.44> <FuncUnit> <Opcode : 'select'> <InPorts = 3> <OutPorts = 1>
ST_3 : Operation 152 [1/1] (0.00ns)   --->   "%zext_ln51_11 = zext i14 %select_ln51_11" [firmware/nnet_utils/nnet_activation_stream.h:51]   --->   Operation 152 'zext' 'zext_ln51_11' <Predicate = true> <Delay = 0.00>
ST_3 : Operation 153 [1/1] (0.00ns)   --->   "%shl_ln52_11 = bitconcatenate i14 @_ssdm_op_BitConcatenate.i14.i8.i6, i8 %tmp_15, i6 0" [firmware/nnet_utils/nnet_activation_stream.h:52]   --->   Operation 153 'bitconcatenate' 'shl_ln52_11' <Predicate = (icmp_ln51_16)> <Delay = 0.00>
ST_3 : Operation 154 [1/1] (0.44ns)   --->   "%select_ln51_12 = select i1 %icmp_ln51_16, i14 %shl_ln52_11, i14 0" [firmware/nnet_utils/nnet_activation_stream.h:51]   --->   Operation 154 'select' 'select_ln51_12' <Predicate = true> <Delay = 0.44> <CoreInst = "Sel">   --->   Core 73 'Sel' <Latency = 0> <II = 1> <Delay = 0.44> <FuncUnit> <Opcode : 'select'> <InPorts = 3> <OutPorts = 1>
ST_3 : Operation 155 [1/1] (0.00ns)   --->   "%zext_ln51_12 = zext i14 %select_ln51_12" [firmware/nnet_utils/nnet_activation_stream.h:51]   --->   Operation 155 'zext' 'zext_ln51_12' <Predicate = true> <Delay = 0.00>
ST_3 : Operation 156 [1/1] (0.00ns)   --->   "%shl_ln52_12 = bitconcatenate i14 @_ssdm_op_BitConcatenate.i14.i8.i6, i8 %tmp_16, i6 0" [firmware/nnet_utils/nnet_activation_stream.h:52]   --->   Operation 156 'bitconcatenate' 'shl_ln52_12' <Predicate = (icmp_ln51_17)> <Delay = 0.00>
ST_3 : Operation 157 [1/1] (0.44ns)   --->   "%select_ln51_13 = select i1 %icmp_ln51_17, i14 %shl_ln52_12, i14 0" [firmware/nnet_utils/nnet_activation_stream.h:51]   --->   Operation 157 'select' 'select_ln51_13' <Predicate = true> <Delay = 0.44> <CoreInst = "Sel">   --->   Core 73 'Sel' <Latency = 0> <II = 1> <Delay = 0.44> <FuncUnit> <Opcode : 'select'> <InPorts = 3> <OutPorts = 1>
ST_3 : Operation 158 [1/1] (0.00ns)   --->   "%zext_ln51_13 = zext i14 %select_ln51_13" [firmware/nnet_utils/nnet_activation_stream.h:51]   --->   Operation 158 'zext' 'zext_ln51_13' <Predicate = true> <Delay = 0.00>
ST_3 : Operation 159 [1/1] (0.00ns)   --->   "%shl_ln52_13 = bitconcatenate i14 @_ssdm_op_BitConcatenate.i14.i8.i6, i8 %tmp_17, i6 0" [firmware/nnet_utils/nnet_activation_stream.h:52]   --->   Operation 159 'bitconcatenate' 'shl_ln52_13' <Predicate = (icmp_ln51_18)> <Delay = 0.00>
ST_3 : Operation 160 [1/1] (0.44ns)   --->   "%select_ln51_14 = select i1 %icmp_ln51_18, i14 %shl_ln52_13, i14 0" [firmware/nnet_utils/nnet_activation_stream.h:51]   --->   Operation 160 'select' 'select_ln51_14' <Predicate = true> <Delay = 0.44> <CoreInst = "Sel">   --->   Core 73 'Sel' <Latency = 0> <II = 1> <Delay = 0.44> <FuncUnit> <Opcode : 'select'> <InPorts = 3> <OutPorts = 1>
ST_3 : Operation 161 [1/1] (0.00ns)   --->   "%zext_ln51_14 = zext i14 %select_ln51_14" [firmware/nnet_utils/nnet_activation_stream.h:51]   --->   Operation 161 'zext' 'zext_ln51_14' <Predicate = true> <Delay = 0.00>
ST_3 : Operation 162 [1/1] (0.00ns)   --->   "%shl_ln52_14 = bitconcatenate i14 @_ssdm_op_BitConcatenate.i14.i8.i6, i8 %tmp_18, i6 0" [firmware/nnet_utils/nnet_activation_stream.h:52]   --->   Operation 162 'bitconcatenate' 'shl_ln52_14' <Predicate = (icmp_ln51_19)> <Delay = 0.00>
ST_3 : Operation 163 [1/1] (0.44ns)   --->   "%select_ln51_15 = select i1 %icmp_ln51_19, i14 %shl_ln52_14, i14 0" [firmware/nnet_utils/nnet_activation_stream.h:51]   --->   Operation 163 'select' 'select_ln51_15' <Predicate = true> <Delay = 0.44> <CoreInst = "Sel">   --->   Core 73 'Sel' <Latency = 0> <II = 1> <Delay = 0.44> <FuncUnit> <Opcode : 'select'> <InPorts = 3> <OutPorts = 1>
ST_3 : Operation 164 [1/1] (0.00ns)   --->   "%zext_ln51_15 = zext i14 %select_ln51_15" [firmware/nnet_utils/nnet_activation_stream.h:51]   --->   Operation 164 'zext' 'zext_ln51_15' <Predicate = true> <Delay = 0.00>
ST_3 : Operation 165 [1/1] (0.00ns)   --->   "%shl_ln52_15 = bitconcatenate i14 @_ssdm_op_BitConcatenate.i14.i8.i6, i8 %tmp_19, i6 0" [firmware/nnet_utils/nnet_activation_stream.h:52]   --->   Operation 165 'bitconcatenate' 'shl_ln52_15' <Predicate = (icmp_ln51_20)> <Delay = 0.00>
ST_3 : Operation 166 [1/1] (0.44ns)   --->   "%select_ln51_16 = select i1 %icmp_ln51_20, i14 %shl_ln52_15, i14 0" [firmware/nnet_utils/nnet_activation_stream.h:51]   --->   Operation 166 'select' 'select_ln51_16' <Predicate = true> <Delay = 0.44> <CoreInst = "Sel">   --->   Core 73 'Sel' <Latency = 0> <II = 1> <Delay = 0.44> <FuncUnit> <Opcode : 'select'> <InPorts = 3> <OutPorts = 1>
ST_3 : Operation 167 [1/1] (0.00ns)   --->   "%zext_ln51_16 = zext i14 %select_ln51_16" [firmware/nnet_utils/nnet_activation_stream.h:51]   --->   Operation 167 'zext' 'zext_ln51_16' <Predicate = true> <Delay = 0.00>
ST_3 : Operation 168 [1/1] (0.00ns)   --->   "%shl_ln52_16 = bitconcatenate i14 @_ssdm_op_BitConcatenate.i14.i8.i6, i8 %tmp_20, i6 0" [firmware/nnet_utils/nnet_activation_stream.h:52]   --->   Operation 168 'bitconcatenate' 'shl_ln52_16' <Predicate = (icmp_ln51_21)> <Delay = 0.00>
ST_3 : Operation 169 [1/1] (0.44ns)   --->   "%select_ln51_17 = select i1 %icmp_ln51_21, i14 %shl_ln52_16, i14 0" [firmware/nnet_utils/nnet_activation_stream.h:51]   --->   Operation 169 'select' 'select_ln51_17' <Predicate = true> <Delay = 0.44> <CoreInst = "Sel">   --->   Core 73 'Sel' <Latency = 0> <II = 1> <Delay = 0.44> <FuncUnit> <Opcode : 'select'> <InPorts = 3> <OutPorts = 1>
ST_3 : Operation 170 [1/1] (0.00ns)   --->   "%zext_ln51_17 = zext i14 %select_ln51_17" [firmware/nnet_utils/nnet_activation_stream.h:51]   --->   Operation 170 'zext' 'zext_ln51_17' <Predicate = true> <Delay = 0.00>
ST_3 : Operation 171 [1/1] (0.00ns)   --->   "%shl_ln52_17 = bitconcatenate i14 @_ssdm_op_BitConcatenate.i14.i8.i6, i8 %tmp_21, i6 0" [firmware/nnet_utils/nnet_activation_stream.h:52]   --->   Operation 171 'bitconcatenate' 'shl_ln52_17' <Predicate = (icmp_ln51_22)> <Delay = 0.00>
ST_3 : Operation 172 [1/1] (0.44ns)   --->   "%select_ln51_18 = select i1 %icmp_ln51_22, i14 %shl_ln52_17, i14 0" [firmware/nnet_utils/nnet_activation_stream.h:51]   --->   Operation 172 'select' 'select_ln51_18' <Predicate = true> <Delay = 0.44> <CoreInst = "Sel">   --->   Core 73 'Sel' <Latency = 0> <II = 1> <Delay = 0.44> <FuncUnit> <Opcode : 'select'> <InPorts = 3> <OutPorts = 1>
ST_3 : Operation 173 [1/1] (0.00ns)   --->   "%zext_ln51_18 = zext i14 %select_ln51_18" [firmware/nnet_utils/nnet_activation_stream.h:51]   --->   Operation 173 'zext' 'zext_ln51_18' <Predicate = true> <Delay = 0.00>
ST_3 : Operation 174 [1/1] (0.00ns)   --->   "%shl_ln52_18 = bitconcatenate i14 @_ssdm_op_BitConcatenate.i14.i8.i6, i8 %tmp_22, i6 0" [firmware/nnet_utils/nnet_activation_stream.h:52]   --->   Operation 174 'bitconcatenate' 'shl_ln52_18' <Predicate = (icmp_ln51_23)> <Delay = 0.00>
ST_3 : Operation 175 [1/1] (0.44ns)   --->   "%select_ln51_19 = select i1 %icmp_ln51_23, i14 %shl_ln52_18, i14 0" [firmware/nnet_utils/nnet_activation_stream.h:51]   --->   Operation 175 'select' 'select_ln51_19' <Predicate = true> <Delay = 0.44> <CoreInst = "Sel">   --->   Core 73 'Sel' <Latency = 0> <II = 1> <Delay = 0.44> <FuncUnit> <Opcode : 'select'> <InPorts = 3> <OutPorts = 1>
ST_3 : Operation 176 [1/1] (0.00ns)   --->   "%zext_ln51_19 = zext i14 %select_ln51_19" [firmware/nnet_utils/nnet_activation_stream.h:51]   --->   Operation 176 'zext' 'zext_ln51_19' <Predicate = true> <Delay = 0.00>
ST_3 : Operation 177 [1/1] (0.00ns)   --->   "%shl_ln52_19 = bitconcatenate i14 @_ssdm_op_BitConcatenate.i14.i8.i6, i8 %tmp_23, i6 0" [firmware/nnet_utils/nnet_activation_stream.h:52]   --->   Operation 177 'bitconcatenate' 'shl_ln52_19' <Predicate = (icmp_ln51_24)> <Delay = 0.00>
ST_3 : Operation 178 [1/1] (0.44ns)   --->   "%select_ln51_20 = select i1 %icmp_ln51_24, i14 %shl_ln52_19, i14 0" [firmware/nnet_utils/nnet_activation_stream.h:51]   --->   Operation 178 'select' 'select_ln51_20' <Predicate = true> <Delay = 0.44> <CoreInst = "Sel">   --->   Core 73 'Sel' <Latency = 0> <II = 1> <Delay = 0.44> <FuncUnit> <Opcode : 'select'> <InPorts = 3> <OutPorts = 1>
ST_3 : Operation 179 [1/1] (0.00ns)   --->   "%zext_ln51_20 = zext i14 %select_ln51_20" [firmware/nnet_utils/nnet_activation_stream.h:51]   --->   Operation 179 'zext' 'zext_ln51_20' <Predicate = true> <Delay = 0.00>
ST_3 : Operation 180 [1/1] (0.00ns)   --->   "%shl_ln52_20 = bitconcatenate i14 @_ssdm_op_BitConcatenate.i14.i8.i6, i8 %tmp_24, i6 0" [firmware/nnet_utils/nnet_activation_stream.h:52]   --->   Operation 180 'bitconcatenate' 'shl_ln52_20' <Predicate = (icmp_ln51_25)> <Delay = 0.00>
ST_3 : Operation 181 [1/1] (0.44ns)   --->   "%select_ln51_21 = select i1 %icmp_ln51_25, i14 %shl_ln52_20, i14 0" [firmware/nnet_utils/nnet_activation_stream.h:51]   --->   Operation 181 'select' 'select_ln51_21' <Predicate = true> <Delay = 0.44> <CoreInst = "Sel">   --->   Core 73 'Sel' <Latency = 0> <II = 1> <Delay = 0.44> <FuncUnit> <Opcode : 'select'> <InPorts = 3> <OutPorts = 1>
ST_3 : Operation 182 [1/1] (0.00ns)   --->   "%zext_ln51_21 = zext i14 %select_ln51_21" [firmware/nnet_utils/nnet_activation_stream.h:51]   --->   Operation 182 'zext' 'zext_ln51_21' <Predicate = true> <Delay = 0.00>
ST_3 : Operation 183 [1/1] (0.00ns)   --->   "%shl_ln52_21 = bitconcatenate i14 @_ssdm_op_BitConcatenate.i14.i8.i6, i8 %tmp_25, i6 0" [firmware/nnet_utils/nnet_activation_stream.h:52]   --->   Operation 183 'bitconcatenate' 'shl_ln52_21' <Predicate = (icmp_ln51_26)> <Delay = 0.00>
ST_3 : Operation 184 [1/1] (0.44ns)   --->   "%select_ln51_22 = select i1 %icmp_ln51_26, i14 %shl_ln52_21, i14 0" [firmware/nnet_utils/nnet_activation_stream.h:51]   --->   Operation 184 'select' 'select_ln51_22' <Predicate = true> <Delay = 0.44> <CoreInst = "Sel">   --->   Core 73 'Sel' <Latency = 0> <II = 1> <Delay = 0.44> <FuncUnit> <Opcode : 'select'> <InPorts = 3> <OutPorts = 1>
ST_3 : Operation 185 [1/1] (0.00ns)   --->   "%zext_ln51_22 = zext i14 %select_ln51_22" [firmware/nnet_utils/nnet_activation_stream.h:51]   --->   Operation 185 'zext' 'zext_ln51_22' <Predicate = true> <Delay = 0.00>
ST_3 : Operation 186 [1/1] (0.00ns)   --->   "%shl_ln52_22 = bitconcatenate i14 @_ssdm_op_BitConcatenate.i14.i8.i6, i8 %tmp_26, i6 0" [firmware/nnet_utils/nnet_activation_stream.h:52]   --->   Operation 186 'bitconcatenate' 'shl_ln52_22' <Predicate = (icmp_ln51_27)> <Delay = 0.00>
ST_3 : Operation 187 [1/1] (0.44ns)   --->   "%select_ln51_23 = select i1 %icmp_ln51_27, i14 %shl_ln52_22, i14 0" [firmware/nnet_utils/nnet_activation_stream.h:51]   --->   Operation 187 'select' 'select_ln51_23' <Predicate = true> <Delay = 0.44> <CoreInst = "Sel">   --->   Core 73 'Sel' <Latency = 0> <II = 1> <Delay = 0.44> <FuncUnit> <Opcode : 'select'> <InPorts = 3> <OutPorts = 1>
ST_3 : Operation 188 [1/1] (0.00ns)   --->   "%or_ln57_s = bitconcatenate i446 @_ssdm_op_BitConcatenate.i446.i14.i16.i16.i16.i16.i16.i16.i16.i16.i16.i16.i16.i16.i16.i16.i16.i16.i16.i16.i16.i16.i16.i16.i16.i16.i16.i16.i16, i14 %select_ln51_23, i16 %zext_ln51_22, i16 %zext_ln51_21, i16 %zext_ln51_20, i16 %zext_ln51_19, i16 %zext_ln51_18, i16 %zext_ln51_17, i16 %zext_ln51_16, i16 %zext_ln51_15, i16 %zext_ln51_14, i16 %zext_ln51_13, i16 %zext_ln51_12, i16 %zext_ln51_11, i16 %zext_ln51_10, i16 %zext_ln51_9, i16 %zext_ln51_8, i16 %zext_ln51_7, i16 %zext_ln51_6, i16 %zext_ln51_5, i16 %zext_ln51_4, i16 %zext_ln51_3, i16 %zext_ln51_2, i16 %zext_ln51_1, i16 %zext_ln51, i16 %zext_ln45_3, i16 %zext_ln45_2, i16 %zext_ln45_1, i16 %zext_ln45" [firmware/nnet_utils/nnet_activation_stream.h:57]   --->   Operation 188 'bitconcatenate' 'or_ln57_s' <Predicate = true> <Delay = 0.00>
ST_3 : Operation 189 [1/1] (0.00ns)   --->   "%zext_ln57 = zext i446 %or_ln57_s" [firmware/nnet_utils/nnet_activation_stream.h:57]   --->   Operation 189 'zext' 'zext_ln57' <Predicate = true> <Delay = 0.00>
ST_3 : Operation 190 [1/1] (1.82ns)   --->   "%write_ln57 = write void @_ssdm_op_Write.ap_fifo.volatile.i448P0A, i448 %layer4x4_out, i448 %zext_ln57" [firmware/nnet_utils/nnet_activation_stream.h:57]   --->   Operation 190 'write' 'write_ln57' <Predicate = true> <Delay = 1.82> <CoreInst = "FIFO_SRL">   --->   Core 81 'FIFO_SRL' <Latency = 0> <II = 1> <Delay = 1.83> <Storage> <Opcode : 'read' 'write' 'nbread' 'nbwrite'> <Ports = 0> <Width = 448> <Depth = 4> <FIFO>
ST_3 : Operation 191 [1/1] (0.00ns)   --->   "%br_ln41 = br void %ReLUPackLoop" [firmware/nnet_utils/nnet_activation_stream.h:41]   --->   Operation 191 'br' 'br_ln41' <Predicate = true> <Delay = 0.00>


============================================================
+ Verbose Summary: Binding
============================================================
STG Binding: 
---------------- STG Properties BEGIN ----------------
- Is combinational: 0
- Is one-state seq: 0
- Is datapath-only: 0
- Is pipelined: 0
- Is top level: 0
Port [ Return ] is wired: 1; IO mode=ap_ctrl_hs:ce=0
Port [ layer3x4_out]:  wired=1; compound=1; hidden=0; nouse=0; global=0; static=0; extern=0; dir=0; type=3; pingpong=0; private_global=0; IO mode=ap_fifo:ce=0
Port [ layer4x4_out]:  wired=1; compound=1; hidden=0; nouse=0; global=0; static=0; extern=0; dir=1; type=3; pingpong=0; private_global=0; IO mode=ap_fifo:ce=0
---------------- STG Properties END ------------------

---------------- Datapath Model BEGIN ----------------

<LifeTime>
<method=bitvector/>
i                      (alloca           ) [ 0100]
specmemcore_ln0        (specmemcore      ) [ 0000]
specinterface_ln0      (specinterface    ) [ 0000]
specinterface_ln0      (specinterface    ) [ 0000]
store_ln41             (store            ) [ 0000]
br_ln41                (br               ) [ 0000]
i_1                    (load             ) [ 0000]
icmp_ln41              (icmp             ) [ 0110]
i_2                    (add              ) [ 0000]
br_ln41                (br               ) [ 0000]
store_ln41             (store            ) [ 0000]
layer3x4_out_read      (read             ) [ 0000]
trunc_ln44             (trunc            ) [ 0000]
trunc_ln44_1           (partselect       ) [ 0000]
trunc_ln44_2           (partselect       ) [ 0000]
trunc_ln44_3           (partselect       ) [ 0000]
trunc_ln44_4           (partselect       ) [ 0000]
trunc_ln44_5           (partselect       ) [ 0000]
trunc_ln44_6           (partselect       ) [ 0000]
trunc_ln44_7           (partselect       ) [ 0000]
trunc_ln44_8           (partselect       ) [ 0000]
trunc_ln44_9           (partselect       ) [ 0000]
trunc_ln44_s           (partselect       ) [ 0000]
trunc_ln44_10          (partselect       ) [ 0000]
trunc_ln44_11          (partselect       ) [ 0000]
trunc_ln44_12          (partselect       ) [ 0000]
trunc_ln44_13          (partselect       ) [ 0000]
trunc_ln44_14          (partselect       ) [ 0000]
trunc_ln44_15          (partselect       ) [ 0000]
trunc_ln44_16          (partselect       ) [ 0000]
trunc_ln44_17          (partselect       ) [ 0000]
trunc_ln44_18          (partselect       ) [ 0000]
trunc_ln44_19          (partselect       ) [ 0000]
trunc_ln44_20          (partselect       ) [ 0000]
trunc_ln44_21          (partselect       ) [ 0000]
trunc_ln44_22          (partselect       ) [ 0000]
trunc_ln44_23          (partselect       ) [ 0000]
trunc_ln44_24          (partselect       ) [ 0000]
trunc_ln44_25          (partselect       ) [ 0000]
trunc_ln44_26          (partselect       ) [ 0000]
icmp_ln51              (icmp             ) [ 0101]
trunc_ln52             (trunc            ) [ 0101]
icmp_ln51_1            (icmp             ) [ 0101]
tmp_1                  (partselect       ) [ 0101]
icmp_ln51_2            (icmp             ) [ 0101]
tmp_2                  (partselect       ) [ 0101]
icmp_ln51_3            (icmp             ) [ 0101]
tmp_3                  (partselect       ) [ 0101]
icmp_ln51_4            (icmp             ) [ 0101]
tmp_4                  (partselect       ) [ 0101]
icmp_ln51_5            (icmp             ) [ 0101]
tmp_5                  (partselect       ) [ 0101]
icmp_ln51_6            (icmp             ) [ 0101]
tmp_6                  (partselect       ) [ 0101]
icmp_ln51_7            (icmp             ) [ 0101]
tmp_7                  (partselect       ) [ 0101]
icmp_ln51_8            (icmp             ) [ 0101]
tmp_8                  (partselect       ) [ 0101]
icmp_ln51_9            (icmp             ) [ 0101]
tmp_9                  (partselect       ) [ 0101]
icmp_ln51_10           (icmp             ) [ 0101]
tmp_s                  (partselect       ) [ 0101]
icmp_ln51_11           (icmp             ) [ 0101]
tmp_10                 (partselect       ) [ 0101]
icmp_ln51_12           (icmp             ) [ 0101]
tmp_11                 (partselect       ) [ 0101]
icmp_ln51_13           (icmp             ) [ 0101]
tmp_12                 (partselect       ) [ 0101]
icmp_ln51_14           (icmp             ) [ 0101]
tmp_13                 (partselect       ) [ 0101]
icmp_ln51_15           (icmp             ) [ 0101]
tmp_14                 (partselect       ) [ 0101]
icmp_ln51_16           (icmp             ) [ 0101]
tmp_15                 (partselect       ) [ 0101]
icmp_ln51_17           (icmp             ) [ 0101]
tmp_16                 (partselect       ) [ 0101]
icmp_ln51_18           (icmp             ) [ 0101]
tmp_17                 (partselect       ) [ 0101]
icmp_ln51_19           (icmp             ) [ 0101]
tmp_18                 (partselect       ) [ 0101]
icmp_ln51_20           (icmp             ) [ 0101]
tmp_19                 (partselect       ) [ 0101]
icmp_ln51_21           (icmp             ) [ 0101]
tmp_20                 (partselect       ) [ 0101]
icmp_ln51_22           (icmp             ) [ 0101]
tmp_21                 (partselect       ) [ 0101]
icmp_ln51_23           (icmp             ) [ 0101]
tmp_22                 (partselect       ) [ 0101]
icmp_ln51_24           (icmp             ) [ 0101]
tmp_23                 (partselect       ) [ 0101]
icmp_ln51_25           (icmp             ) [ 0101]
tmp_24                 (partselect       ) [ 0101]
icmp_ln51_26           (icmp             ) [ 0101]
tmp_25                 (partselect       ) [ 0101]
icmp_ln51_27           (icmp             ) [ 0101]
tmp_26                 (partselect       ) [ 0101]
specpipeline_ln42      (specpipeline     ) [ 0000]
speclooptripcount_ln41 (speclooptripcount) [ 0000]
specloopname_ln41      (specloopname     ) [ 0000]
out_data               (bitconcatenate   ) [ 0000]
out_data_1             (select           ) [ 0000]
zext_ln45              (zext             ) [ 0000]
out_data_2             (bitconcatenate   ) [ 0000]
out_data_3             (select           ) [ 0000]
zext_ln45_1            (zext             ) [ 0000]
out_data_4             (bitconcatenate   ) [ 0000]
out_data_5             (select           ) [ 0000]
zext_ln45_2            (zext             ) [ 0000]
out_data_6             (bitconcatenate   ) [ 0000]
out_data_7             (select           ) [ 0000]
zext_ln45_3            (zext             ) [ 0000]
shl_ln                 (bitconcatenate   ) [ 0000]
select_ln51            (select           ) [ 0000]
zext_ln51              (zext             ) [ 0000]
shl_ln52_1             (bitconcatenate   ) [ 0000]
select_ln51_1          (select           ) [ 0000]
zext_ln51_1            (zext             ) [ 0000]
shl_ln52_2             (bitconcatenate   ) [ 0000]
select_ln51_2          (select           ) [ 0000]
zext_ln51_2            (zext             ) [ 0000]
shl_ln52_3             (bitconcatenate   ) [ 0000]
select_ln51_3          (select           ) [ 0000]
zext_ln51_3            (zext             ) [ 0000]
shl_ln52_4             (bitconcatenate   ) [ 0000]
select_ln51_4          (select           ) [ 0000]
zext_ln51_4            (zext             ) [ 0000]
shl_ln52_5             (bitconcatenate   ) [ 0000]
select_ln51_5          (select           ) [ 0000]
zext_ln51_5            (zext             ) [ 0000]
shl_ln52_6             (bitconcatenate   ) [ 0000]
select_ln51_6          (select           ) [ 0000]
zext_ln51_6            (zext             ) [ 0000]
shl_ln52_7             (bitconcatenate   ) [ 0000]
select_ln51_7          (select           ) [ 0000]
zext_ln51_7            (zext             ) [ 0000]
shl_ln52_8             (bitconcatenate   ) [ 0000]
select_ln51_8          (select           ) [ 0000]
zext_ln51_8            (zext             ) [ 0000]
shl_ln52_9             (bitconcatenate   ) [ 0000]
select_ln51_9          (select           ) [ 0000]
zext_ln51_9            (zext             ) [ 0000]
shl_ln52_s             (bitconcatenate   ) [ 0000]
select_ln51_10         (select           ) [ 0000]
zext_ln51_10           (zext             ) [ 0000]
shl_ln52_10            (bitconcatenate   ) [ 0000]
select_ln51_11         (select           ) [ 0000]
zext_ln51_11           (zext             ) [ 0000]
shl_ln52_11            (bitconcatenate   ) [ 0000]
select_ln51_12         (select           ) [ 0000]
zext_ln51_12           (zext             ) [ 0000]
shl_ln52_12            (bitconcatenate   ) [ 0000]
select_ln51_13         (select           ) [ 0000]
zext_ln51_13           (zext             ) [ 0000]
shl_ln52_13            (bitconcatenate   ) [ 0000]
select_ln51_14         (select           ) [ 0000]
zext_ln51_14           (zext             ) [ 0000]
shl_ln52_14            (bitconcatenate   ) [ 0000]
select_ln51_15         (select           ) [ 0000]
zext_ln51_15           (zext             ) [ 0000]
shl_ln52_15            (bitconcatenate   ) [ 0000]
select_ln51_16         (select           ) [ 0000]
zext_ln51_16           (zext             ) [ 0000]
shl_ln52_16            (bitconcatenate   ) [ 0000]
select_ln51_17         (select           ) [ 0000]
zext_ln51_17           (zext             ) [ 0000]
shl_ln52_17            (bitconcatenate   ) [ 0000]
select_ln51_18         (select           ) [ 0000]
zext_ln51_18           (zext             ) [ 0000]
shl_ln52_18            (bitconcatenate   ) [ 0000]
select_ln51_19         (select           ) [ 0000]
zext_ln51_19           (zext             ) [ 0000]
shl_ln52_19            (bitconcatenate   ) [ 0000]
select_ln51_20         (select           ) [ 0000]
zext_ln51_20           (zext             ) [ 0000]
shl_ln52_20            (bitconcatenate   ) [ 0000]
select_ln51_21         (select           ) [ 0000]
zext_ln51_21           (zext             ) [ 0000]
shl_ln52_21            (bitconcatenate   ) [ 0000]
select_ln51_22         (select           ) [ 0000]
zext_ln51_22           (zext             ) [ 0000]
shl_ln52_22            (bitconcatenate   ) [ 0000]
select_ln51_23         (select           ) [ 0000]
or_ln57_s              (bitconcatenate   ) [ 0000]
zext_ln57              (zext             ) [ 0000]
write_ln57             (write            ) [ 0000]
br_ln41                (br               ) [ 0000]
ret_ln59               (ret              ) [ 0000]
</LifeTime>

<model>

<comp_list>
<comp id="0" class="1000" name="layer3x4_out">
<pin_list>
<pin id="1" dir="1" index="0" bw="1" slack="0"/>
</pin_list>
<bind>
<StgValue><ssdm name="layer3x4_out"/></StgValue>
</bind>
</comp>

<comp id="2" class="1000" name="layer4x4_out">
<pin_list>
<pin id="3" dir="1" index="0" bw="1" slack="0"/>
</pin_list>
<bind>
<StgValue><ssdm name="layer4x4_out"/></StgValue>
</bind>
</comp>

<comp id="4" class="1001" name="const_4">
<pin_list>
<pin id="5" dir="1" index="0" bw="1" slack="0"/>
</pin_list>
<bind>
<StgValue><ssdm name=""/></StgValue>
</bind>
</comp>

<comp id="6" class="1001" name="const_6">
<pin_list>
<pin id="7" dir="1" index="0" bw="1" slack="2147483647"/>
</pin_list>
<bind>
<StgValue><ssdm name="_ssdm_op_SpecMemCore"/></StgValue>
</bind>
</comp>

<comp id="8" class="1001" name="const_8">
<pin_list>
<pin id="9" dir="1" index="0" bw="1" slack="2147483647"/>
</pin_list>
<bind>
<StgValue><ssdm name=""/></StgValue>
</bind>
</comp>

<comp id="10" class="1001" name="const_10">
<pin_list>
<pin id="11" dir="1" index="0" bw="1" slack="2147483647"/>
</pin_list>
<bind>
<StgValue><ssdm name=""/></StgValue>
</bind>
</comp>

<comp id="12" class="1001" name="const_12">
<pin_list>
<pin id="13" dir="1" index="0" bw="1" slack="2147483647"/>
</pin_list>
<bind>
<StgValue><ssdm name=""/></StgValue>
</bind>
</comp>

<comp id="14" class="1001" name="const_14">
<pin_list>
<pin id="15" dir="1" index="0" bw="1" slack="2147483647"/>
</pin_list>
<bind>
<StgValue><ssdm name="_ssdm_op_SpecInterface"/></StgValue>
</bind>
</comp>

<comp id="16" class="1001" name="const_16">
<pin_list>
<pin id="17" dir="1" index="0" bw="1" slack="2147483647"/>
</pin_list>
<bind>
<StgValue><ssdm name="empty_2"/></StgValue>
</bind>
</comp>

<comp id="18" class="1001" name="const_18">
<pin_list>
<pin id="19" dir="1" index="0" bw="1" slack="2147483647"/>
</pin_list>
<bind>
<StgValue><ssdm name=""/></StgValue>
</bind>
</comp>

<comp id="20" class="1001" name="const_20">
<pin_list>
<pin id="21" dir="1" index="0" bw="1" slack="2147483647"/>
</pin_list>
<bind>
<StgValue><ssdm name="empty_1"/></StgValue>
</bind>
</comp>

<comp id="22" class="1001" name="const_22">
<pin_list>
<pin id="23" dir="1" index="0" bw="1" slack="2147483647"/>
</pin_list>
<bind>
<StgValue><ssdm name=""/></StgValue>
</bind>
</comp>

<comp id="24" class="1001" name="const_24">
<pin_list>
<pin id="25" dir="1" index="0" bw="1" slack="0"/>
</pin_list>
<bind>
<StgValue><ssdm name=""/></StgValue>
</bind>
</comp>

<comp id="26" class="1001" name="const_26">
<pin_list>
<pin id="27" dir="1" index="0" bw="1" slack="0"/>
</pin_list>
<bind>
<StgValue><ssdm name=""/></StgValue>
</bind>
</comp>

<comp id="28" class="1001" name="const_28">
<pin_list>
<pin id="29" dir="1" index="0" bw="1" slack="0"/>
</pin_list>
<bind>
<StgValue><ssdm name=""/></StgValue>
</bind>
</comp>

<comp id="30" class="1001" name="const_30">
<pin_list>
<pin id="31" dir="1" index="0" bw="1" slack="0"/>
</pin_list>
<bind>
<StgValue><ssdm name="_ssdm_op_Read.ap_fifo.volatile.i252P0A"/></StgValue>
</bind>
</comp>

<comp id="32" class="1001" name="const_32">
<pin_list>
<pin id="33" dir="1" index="0" bw="1" slack="0"/>
</pin_list>
<bind>
<StgValue><ssdm name="_ssdm_op_PartSelect.i9.i252.i32.i32"/></StgValue>
</bind>
</comp>

<comp id="34" class="1001" name="const_34">
<pin_list>
<pin id="35" dir="1" index="0" bw="1" slack="0"/>
</pin_list>
<bind>
<StgValue><ssdm name=""/></StgValue>
</bind>
</comp>

<comp id="36" class="1001" name="const_36">
<pin_list>
<pin id="37" dir="1" index="0" bw="1" slack="0"/>
</pin_list>
<bind>
<StgValue><ssdm name=""/></StgValue>
</bind>
</comp>

<comp id="38" class="1001" name="const_38">
<pin_list>
<pin id="39" dir="1" index="0" bw="1" slack="0"/>
</pin_list>
<bind>
<StgValue><ssdm name=""/></StgValue>
</bind>
</comp>

<comp id="40" class="1001" name="const_40">
<pin_list>
<pin id="41" dir="1" index="0" bw="1" slack="0"/>
</pin_list>
<bind>
<StgValue><ssdm name=""/></StgValue>
</bind>
</comp>

<comp id="42" class="1001" name="const_42">
<pin_list>
<pin id="43" dir="1" index="0" bw="1" slack="0"/>
</pin_list>
<bind>
<StgValue><ssdm name=""/></StgValue>
</bind>
</comp>

<comp id="44" class="1001" name="const_44">
<pin_list>
<pin id="45" dir="1" index="0" bw="1" slack="0"/>
</pin_list>
<bind>
<StgValue><ssdm name=""/></StgValue>
</bind>
</comp>

<comp id="46" class="1001" name="const_46">
<pin_list>
<pin id="47" dir="1" index="0" bw="1" slack="0"/>
</pin_list>
<bind>
<StgValue><ssdm name=""/></StgValue>
</bind>
</comp>

<comp id="48" class="1001" name="const_48">
<pin_list>
<pin id="49" dir="1" index="0" bw="1" slack="0"/>
</pin_list>
<bind>
<StgValue><ssdm name=""/></StgValue>
</bind>
</comp>

<comp id="50" class="1001" name="const_50">
<pin_list>
<pin id="51" dir="1" index="0" bw="1" slack="0"/>
</pin_list>
<bind>
<StgValue><ssdm name=""/></StgValue>
</bind>
</comp>

<comp id="52" class="1001" name="const_52">
<pin_list>
<pin id="53" dir="1" index="0" bw="1" slack="0"/>
</pin_list>
<bind>
<StgValue><ssdm name=""/></StgValue>
</bind>
</comp>

<comp id="54" class="1001" name="const_54">
<pin_list>
<pin id="55" dir="1" index="0" bw="1" slack="0"/>
</pin_list>
<bind>
<StgValue><ssdm name=""/></StgValue>
</bind>
</comp>

<comp id="56" class="1001" name="const_56">
<pin_list>
<pin id="57" dir="1" index="0" bw="1" slack="0"/>
</pin_list>
<bind>
<StgValue><ssdm name=""/></StgValue>
</bind>
</comp>

<comp id="58" class="1001" name="const_58">
<pin_list>
<pin id="59" dir="1" index="0" bw="1" slack="0"/>
</pin_list>
<bind>
<StgValue><ssdm name=""/></StgValue>
</bind>
</comp>

<comp id="60" class="1001" name="const_60">
<pin_list>
<pin id="61" dir="1" index="0" bw="1" slack="0"/>
</pin_list>
<bind>
<StgValue><ssdm name=""/></StgValue>
</bind>
</comp>

<comp id="62" class="1001" name="const_62">
<pin_list>
<pin id="63" dir="1" index="0" bw="1" slack="0"/>
</pin_list>
<bind>
<StgValue><ssdm name=""/></StgValue>
</bind>
</comp>

<comp id="64" class="1001" name="const_64">
<pin_list>
<pin id="65" dir="1" index="0" bw="1" slack="0"/>
</pin_list>
<bind>
<StgValue><ssdm name=""/></StgValue>
</bind>
</comp>

<comp id="66" class="1001" name="const_66">
<pin_list>
<pin id="67" dir="1" index="0" bw="1" slack="0"/>
</pin_list>
<bind>
<StgValue><ssdm name=""/></StgValue>
</bind>
</comp>

<comp id="68" class="1001" name="const_68">
<pin_list>
<pin id="69" dir="1" index="0" bw="1" slack="0"/>
</pin_list>
<bind>
<StgValue><ssdm name=""/></StgValue>
</bind>
</comp>

<comp id="70" class="1001" name="const_70">
<pin_list>
<pin id="71" dir="1" index="0" bw="1" slack="0"/>
</pin_list>
<bind>
<StgValue><ssdm name=""/></StgValue>
</bind>
</comp>

<comp id="72" class="1001" name="const_72">
<pin_list>
<pin id="73" dir="1" index="0" bw="1" slack="0"/>
</pin_list>
<bind>
<StgValue><ssdm name=""/></StgValue>
</bind>
</comp>

<comp id="74" class="1001" name="const_74">
<pin_list>
<pin id="75" dir="1" index="0" bw="1" slack="0"/>
</pin_list>
<bind>
<StgValue><ssdm name=""/></StgValue>
</bind>
</comp>

<comp id="76" class="1001" name="const_76">
<pin_list>
<pin id="77" dir="1" index="0" bw="1" slack="0"/>
</pin_list>
<bind>
<StgValue><ssdm name=""/></StgValue>
</bind>
</comp>

<comp id="78" class="1001" name="const_78">
<pin_list>
<pin id="79" dir="1" index="0" bw="1" slack="0"/>
</pin_list>
<bind>
<StgValue><ssdm name=""/></StgValue>
</bind>
</comp>

<comp id="80" class="1001" name="const_80">
<pin_list>
<pin id="81" dir="1" index="0" bw="1" slack="0"/>
</pin_list>
<bind>
<StgValue><ssdm name=""/></StgValue>
</bind>
</comp>

<comp id="82" class="1001" name="const_82">
<pin_list>
<pin id="83" dir="1" index="0" bw="1" slack="0"/>
</pin_list>
<bind>
<StgValue><ssdm name=""/></StgValue>
</bind>
</comp>

<comp id="84" class="1001" name="const_84">
<pin_list>
<pin id="85" dir="1" index="0" bw="1" slack="0"/>
</pin_list>
<bind>
<StgValue><ssdm name=""/></StgValue>
</bind>
</comp>

<comp id="86" class="1001" name="const_86">
<pin_list>
<pin id="87" dir="1" index="0" bw="1" slack="0"/>
</pin_list>
<bind>
<StgValue><ssdm name=""/></StgValue>
</bind>
</comp>

<comp id="88" class="1001" name="const_88">
<pin_list>
<pin id="89" dir="1" index="0" bw="1" slack="0"/>
</pin_list>
<bind>
<StgValue><ssdm name=""/></StgValue>
</bind>
</comp>

<comp id="90" class="1001" name="const_90">
<pin_list>
<pin id="91" dir="1" index="0" bw="1" slack="0"/>
</pin_list>
<bind>
<StgValue><ssdm name=""/></StgValue>
</bind>
</comp>

<comp id="92" class="1001" name="const_92">
<pin_list>
<pin id="93" dir="1" index="0" bw="1" slack="0"/>
</pin_list>
<bind>
<StgValue><ssdm name=""/></StgValue>
</bind>
</comp>

<comp id="94" class="1001" name="const_94">
<pin_list>
<pin id="95" dir="1" index="0" bw="1" slack="0"/>
</pin_list>
<bind>
<StgValue><ssdm name=""/></StgValue>
</bind>
</comp>

<comp id="96" class="1001" name="const_96">
<pin_list>
<pin id="97" dir="1" index="0" bw="1" slack="0"/>
</pin_list>
<bind>
<StgValue><ssdm name=""/></StgValue>
</bind>
</comp>

<comp id="98" class="1001" name="const_98">
<pin_list>
<pin id="99" dir="1" index="0" bw="1" slack="0"/>
</pin_list>
<bind>
<StgValue><ssdm name=""/></StgValue>
</bind>
</comp>

<comp id="100" class="1001" name="const_100">
<pin_list>
<pin id="101" dir="1" index="0" bw="1" slack="0"/>
</pin_list>
<bind>
<StgValue><ssdm name=""/></StgValue>
</bind>
</comp>

<comp id="102" class="1001" name="const_102">
<pin_list>
<pin id="103" dir="1" index="0" bw="1" slack="0"/>
</pin_list>
<bind>
<StgValue><ssdm name=""/></StgValue>
</bind>
</comp>

<comp id="104" class="1001" name="const_104">
<pin_list>
<pin id="105" dir="1" index="0" bw="1" slack="0"/>
</pin_list>
<bind>
<StgValue><ssdm name=""/></StgValue>
</bind>
</comp>

<comp id="106" class="1001" name="const_106">
<pin_list>
<pin id="107" dir="1" index="0" bw="1" slack="0"/>
</pin_list>
<bind>
<StgValue><ssdm name=""/></StgValue>
</bind>
</comp>

<comp id="108" class="1001" name="const_108">
<pin_list>
<pin id="109" dir="1" index="0" bw="1" slack="0"/>
</pin_list>
<bind>
<StgValue><ssdm name=""/></StgValue>
</bind>
</comp>

<comp id="110" class="1001" name="const_110">
<pin_list>
<pin id="111" dir="1" index="0" bw="1" slack="0"/>
</pin_list>
<bind>
<StgValue><ssdm name=""/></StgValue>
</bind>
</comp>

<comp id="112" class="1001" name="const_112">
<pin_list>
<pin id="113" dir="1" index="0" bw="1" slack="0"/>
</pin_list>
<bind>
<StgValue><ssdm name=""/></StgValue>
</bind>
</comp>

<comp id="114" class="1001" name="const_114">
<pin_list>
<pin id="115" dir="1" index="0" bw="1" slack="0"/>
</pin_list>
<bind>
<StgValue><ssdm name=""/></StgValue>
</bind>
</comp>

<comp id="116" class="1001" name="const_116">
<pin_list>
<pin id="117" dir="1" index="0" bw="1" slack="0"/>
</pin_list>
<bind>
<StgValue><ssdm name=""/></StgValue>
</bind>
</comp>

<comp id="118" class="1001" name="const_118">
<pin_list>
<pin id="119" dir="1" index="0" bw="1" slack="0"/>
</pin_list>
<bind>
<StgValue><ssdm name=""/></StgValue>
</bind>
</comp>

<comp id="120" class="1001" name="const_120">
<pin_list>
<pin id="121" dir="1" index="0" bw="1" slack="0"/>
</pin_list>
<bind>
<StgValue><ssdm name=""/></StgValue>
</bind>
</comp>

<comp id="122" class="1001" name="const_122">
<pin_list>
<pin id="123" dir="1" index="0" bw="1" slack="0"/>
</pin_list>
<bind>
<StgValue><ssdm name=""/></StgValue>
</bind>
</comp>

<comp id="124" class="1001" name="const_124">
<pin_list>
<pin id="125" dir="1" index="0" bw="1" slack="0"/>
</pin_list>
<bind>
<StgValue><ssdm name=""/></StgValue>
</bind>
</comp>

<comp id="126" class="1001" name="const_126">
<pin_list>
<pin id="127" dir="1" index="0" bw="1" slack="0"/>
</pin_list>
<bind>
<StgValue><ssdm name=""/></StgValue>
</bind>
</comp>

<comp id="128" class="1001" name="const_128">
<pin_list>
<pin id="129" dir="1" index="0" bw="1" slack="0"/>
</pin_list>
<bind>
<StgValue><ssdm name=""/></StgValue>
</bind>
</comp>

<comp id="130" class="1001" name="const_130">
<pin_list>
<pin id="131" dir="1" index="0" bw="1" slack="0"/>
</pin_list>
<bind>
<StgValue><ssdm name=""/></StgValue>
</bind>
</comp>

<comp id="132" class="1001" name="const_132">
<pin_list>
<pin id="133" dir="1" index="0" bw="1" slack="0"/>
</pin_list>
<bind>
<StgValue><ssdm name=""/></StgValue>
</bind>
</comp>

<comp id="134" class="1001" name="const_134">
<pin_list>
<pin id="135" dir="1" index="0" bw="1" slack="0"/>
</pin_list>
<bind>
<StgValue><ssdm name=""/></StgValue>
</bind>
</comp>

<comp id="136" class="1001" name="const_136">
<pin_list>
<pin id="137" dir="1" index="0" bw="1" slack="0"/>
</pin_list>
<bind>
<StgValue><ssdm name=""/></StgValue>
</bind>
</comp>

<comp id="138" class="1001" name="const_138">
<pin_list>
<pin id="139" dir="1" index="0" bw="1" slack="0"/>
</pin_list>
<bind>
<StgValue><ssdm name=""/></StgValue>
</bind>
</comp>

<comp id="140" class="1001" name="const_140">
<pin_list>
<pin id="141" dir="1" index="0" bw="1" slack="0"/>
</pin_list>
<bind>
<StgValue><ssdm name=""/></StgValue>
</bind>
</comp>

<comp id="142" class="1001" name="const_142">
<pin_list>
<pin id="143" dir="1" index="0" bw="1" slack="0"/>
</pin_list>
<bind>
<StgValue><ssdm name=""/></StgValue>
</bind>
</comp>

<comp id="144" class="1001" name="const_144">
<pin_list>
<pin id="145" dir="1" index="0" bw="1" slack="0"/>
</pin_list>
<bind>
<StgValue><ssdm name="_ssdm_op_PartSelect.i8.i252.i32.i32"/></StgValue>
</bind>
</comp>

<comp id="146" class="1001" name="const_146">
<pin_list>
<pin id="147" dir="1" index="0" bw="1" slack="0"/>
</pin_list>
<bind>
<StgValue><ssdm name=""/></StgValue>
</bind>
</comp>

<comp id="148" class="1001" name="const_148">
<pin_list>
<pin id="149" dir="1" index="0" bw="1" slack="0"/>
</pin_list>
<bind>
<StgValue><ssdm name=""/></StgValue>
</bind>
</comp>

<comp id="150" class="1001" name="const_150">
<pin_list>
<pin id="151" dir="1" index="0" bw="1" slack="0"/>
</pin_list>
<bind>
<StgValue><ssdm name=""/></StgValue>
</bind>
</comp>

<comp id="152" class="1001" name="const_152">
<pin_list>
<pin id="153" dir="1" index="0" bw="1" slack="0"/>
</pin_list>
<bind>
<StgValue><ssdm name=""/></StgValue>
</bind>
</comp>

<comp id="154" class="1001" name="const_154">
<pin_list>
<pin id="155" dir="1" index="0" bw="1" slack="0"/>
</pin_list>
<bind>
<StgValue><ssdm name=""/></StgValue>
</bind>
</comp>

<comp id="156" class="1001" name="const_156">
<pin_list>
<pin id="157" dir="1" index="0" bw="1" slack="0"/>
</pin_list>
<bind>
<StgValue><ssdm name=""/></StgValue>
</bind>
</comp>

<comp id="158" class="1001" name="const_158">
<pin_list>
<pin id="159" dir="1" index="0" bw="1" slack="0"/>
</pin_list>
<bind>
<StgValue><ssdm name=""/></StgValue>
</bind>
</comp>

<comp id="160" class="1001" name="const_160">
<pin_list>
<pin id="161" dir="1" index="0" bw="1" slack="0"/>
</pin_list>
<bind>
<StgValue><ssdm name=""/></StgValue>
</bind>
</comp>

<comp id="162" class="1001" name="const_162">
<pin_list>
<pin id="163" dir="1" index="0" bw="1" slack="0"/>
</pin_list>
<bind>
<StgValue><ssdm name=""/></StgValue>
</bind>
</comp>

<comp id="164" class="1001" name="const_164">
<pin_list>
<pin id="165" dir="1" index="0" bw="1" slack="0"/>
</pin_list>
<bind>
<StgValue><ssdm name=""/></StgValue>
</bind>
</comp>

<comp id="166" class="1001" name="const_166">
<pin_list>
<pin id="167" dir="1" index="0" bw="1" slack="0"/>
</pin_list>
<bind>
<StgValue><ssdm name=""/></StgValue>
</bind>
</comp>

<comp id="168" class="1001" name="const_168">
<pin_list>
<pin id="169" dir="1" index="0" bw="1" slack="0"/>
</pin_list>
<bind>
<StgValue><ssdm name=""/></StgValue>
</bind>
</comp>

<comp id="170" class="1001" name="const_170">
<pin_list>
<pin id="171" dir="1" index="0" bw="1" slack="0"/>
</pin_list>
<bind>
<StgValue><ssdm name=""/></StgValue>
</bind>
</comp>

<comp id="172" class="1001" name="const_172">
<pin_list>
<pin id="173" dir="1" index="0" bw="1" slack="0"/>
</pin_list>
<bind>
<StgValue><ssdm name=""/></StgValue>
</bind>
</comp>

<comp id="174" class="1001" name="const_174">
<pin_list>
<pin id="175" dir="1" index="0" bw="1" slack="0"/>
</pin_list>
<bind>
<StgValue><ssdm name=""/></StgValue>
</bind>
</comp>

<comp id="176" class="1001" name="const_176">
<pin_list>
<pin id="177" dir="1" index="0" bw="1" slack="0"/>
</pin_list>
<bind>
<StgValue><ssdm name=""/></StgValue>
</bind>
</comp>

<comp id="178" class="1001" name="const_178">
<pin_list>
<pin id="179" dir="1" index="0" bw="1" slack="0"/>
</pin_list>
<bind>
<StgValue><ssdm name=""/></StgValue>
</bind>
</comp>

<comp id="180" class="1001" name="const_180">
<pin_list>
<pin id="181" dir="1" index="0" bw="1" slack="0"/>
</pin_list>
<bind>
<StgValue><ssdm name=""/></StgValue>
</bind>
</comp>

<comp id="182" class="1001" name="const_182">
<pin_list>
<pin id="183" dir="1" index="0" bw="1" slack="0"/>
</pin_list>
<bind>
<StgValue><ssdm name=""/></StgValue>
</bind>
</comp>

<comp id="184" class="1001" name="const_184">
<pin_list>
<pin id="185" dir="1" index="0" bw="1" slack="0"/>
</pin_list>
<bind>
<StgValue><ssdm name=""/></StgValue>
</bind>
</comp>

<comp id="186" class="1001" name="const_186">
<pin_list>
<pin id="187" dir="1" index="0" bw="1" slack="0"/>
</pin_list>
<bind>
<StgValue><ssdm name=""/></StgValue>
</bind>
</comp>

<comp id="188" class="1001" name="const_188">
<pin_list>
<pin id="189" dir="1" index="0" bw="1" slack="0"/>
</pin_list>
<bind>
<StgValue><ssdm name=""/></StgValue>
</bind>
</comp>

<comp id="190" class="1001" name="const_190">
<pin_list>
<pin id="191" dir="1" index="0" bw="1" slack="0"/>
</pin_list>
<bind>
<StgValue><ssdm name=""/></StgValue>
</bind>
</comp>

<comp id="192" class="1001" name="const_192">
<pin_list>
<pin id="193" dir="1" index="0" bw="1" slack="0"/>
</pin_list>
<bind>
<StgValue><ssdm name=""/></StgValue>
</bind>
</comp>

<comp id="194" class="1001" name="const_194">
<pin_list>
<pin id="195" dir="1" index="0" bw="1" slack="0"/>
</pin_list>
<bind>
<StgValue><ssdm name=""/></StgValue>
</bind>
</comp>

<comp id="196" class="1001" name="const_196">
<pin_list>
<pin id="197" dir="1" index="0" bw="1" slack="0"/>
</pin_list>
<bind>
<StgValue><ssdm name=""/></StgValue>
</bind>
</comp>

<comp id="198" class="1001" name="const_198">
<pin_list>
<pin id="199" dir="1" index="0" bw="1" slack="0"/>
</pin_list>
<bind>
<StgValue><ssdm name=""/></StgValue>
</bind>
</comp>

<comp id="200" class="1001" name="const_200">
<pin_list>
<pin id="201" dir="1" index="0" bw="1" slack="2147483647"/>
</pin_list>
<bind>
<StgValue><ssdm name="_ssdm_op_SpecPipeline"/></StgValue>
</bind>
</comp>

<comp id="202" class="1001" name="const_202">
<pin_list>
<pin id="203" dir="1" index="0" bw="1" slack="2147483647"/>
</pin_list>
<bind>
<StgValue><ssdm name="_ssdm_op_SpecLoopTripCount"/></StgValue>
</bind>
</comp>

<comp id="204" class="1001" name="const_204">
<pin_list>
<pin id="205" dir="1" index="0" bw="1" slack="2147483647"/>
</pin_list>
<bind>
<StgValue><ssdm name=""/></StgValue>
</bind>
</comp>

<comp id="206" class="1001" name="const_206">
<pin_list>
<pin id="207" dir="1" index="0" bw="1" slack="2147483647"/>
</pin_list>
<bind>
<StgValue><ssdm name="_ssdm_op_SpecLoopName"/></StgValue>
</bind>
</comp>

<comp id="208" class="1001" name="const_208">
<pin_list>
<pin id="209" dir="1" index="0" bw="1" slack="2147483647"/>
</pin_list>
<bind>
<StgValue><ssdm name="empty_5"/></StgValue>
</bind>
</comp>

<comp id="210" class="1001" name="const_210">
<pin_list>
<pin id="211" dir="1" index="0" bw="1" slack="0"/>
</pin_list>
<bind>
<StgValue><ssdm name="_ssdm_op_BitConcatenate.i14.i8.i6"/></StgValue>
</bind>
</comp>

<comp id="212" class="1001" name="const_212">
<pin_list>
<pin id="213" dir="1" index="0" bw="1" slack="0"/>
</pin_list>
<bind>
<StgValue><ssdm name=""/></StgValue>
</bind>
</comp>

<comp id="214" class="1001" name="const_214">
<pin_list>
<pin id="215" dir="1" index="0" bw="1" slack="0"/>
</pin_list>
<bind>
<StgValue><ssdm name=""/></StgValue>
</bind>
</comp>

<comp id="216" class="1001" name="const_216">
<pin_list>
<pin id="217" dir="1" index="0" bw="1" slack="0"/>
</pin_list>
<bind>
<StgValue><ssdm name="_ssdm_op_BitConcatenate.i446.i14.i16.i16.i16.i16.i16.i16.i16.i16.i16.i16.i16.i16.i16.i16.i16.i16.i16.i16.i16.i16.i16.i16.i16.i16.i16.i16.i16"/></StgValue>
</bind>
</comp>

<comp id="218" class="1001" name="const_218">
<pin_list>
<pin id="219" dir="1" index="0" bw="1" slack="0"/>
</pin_list>
<bind>
<StgValue><ssdm name="_ssdm_op_Write.ap_fifo.volatile.i448P0A"/></StgValue>
</bind>
</comp>

<comp id="220" class="1004" name="i_fu_220">
<pin_list>
<pin id="221" dir="0" index="0" bw="1" slack="0"/>
<pin id="222" dir="1" index="1" bw="7" slack="0"/>
</pin_list>
<bind>
<opcode="alloca(26) " fcode="alloca"/>
<opset="i/1 "/>
</bind>
</comp>

<comp id="224" class="1004" name="layer3x4_out_read_read_fu_224">
<pin_list>
<pin id="225" dir="0" index="0" bw="252" slack="0"/>
<pin id="226" dir="0" index="1" bw="252" slack="0"/>
<pin id="227" dir="1" index="2" bw="252" slack="0"/>
</pin_list>
<bind>
<opcode="read(1150) " fcode="read"/>
<opset="layer3x4_out_read/2 "/>
</bind>
</comp>

<comp id="230" class="1004" name="write_ln57_write_fu_230">
<pin_list>
<pin id="231" dir="0" index="0" bw="0" slack="0"/>
<pin id="232" dir="0" index="1" bw="448" slack="0"/>
<pin id="233" dir="0" index="2" bw="446" slack="0"/>
<pin id="234" dir="1" index="3" bw="0" slack="2147483647"/>
</pin_list>
<bind>
<opcode="write(1151) " fcode="write"/>
<opset="write_ln57/3 "/>
</bind>
</comp>

<comp id="237" class="1004" name="store_ln41_store_fu_237">
<pin_list>
<pin id="238" dir="0" index="0" bw="1" slack="0"/>
<pin id="239" dir="0" index="1" bw="7" slack="0"/>
<pin id="240" dir="1" index="2" bw="0" slack="2147483647"/>
</pin_list>
<bind>
<opcode="store(28) " fcode="store"/>
<opset="store_ln41/1 "/>
</bind>
</comp>

<comp id="242" class="1004" name="i_1_load_fu_242">
<pin_list>
<pin id="243" dir="0" index="0" bw="7" slack="0"/>
<pin id="244" dir="1" index="1" bw="7" slack="0"/>
</pin_list>
<bind>
<opcode="load(27) " fcode="load"/>
<opset="i_1/1 "/>
</bind>
</comp>

<comp id="245" class="1004" name="icmp_ln41_fu_245">
<pin_list>
<pin id="246" dir="0" index="0" bw="7" slack="0"/>
<pin id="247" dir="0" index="1" bw="7" slack="0"/>
<pin id="248" dir="1" index="2" bw="1" slack="1"/>
</pin_list>
<bind>
<opcode="icmp(45) " fcode="icmp"/>
<opset="icmp_ln41/1 "/>
</bind>
</comp>

<comp id="251" class="1004" name="i_2_fu_251">
<pin_list>
<pin id="252" dir="0" index="0" bw="7" slack="0"/>
<pin id="253" dir="0" index="1" bw="1" slack="0"/>
<pin id="254" dir="1" index="2" bw="7" slack="0"/>
</pin_list>
<bind>
<opcode="add(8) " fcode="add"/>
<opset="i_2/1 "/>
</bind>
</comp>

<comp id="257" class="1004" name="store_ln41_store_fu_257">
<pin_list>
<pin id="258" dir="0" index="0" bw="7" slack="0"/>
<pin id="259" dir="0" index="1" bw="7" slack="0"/>
<pin id="260" dir="1" index="2" bw="0" slack="2147483647"/>
</pin_list>
<bind>
<opcode="store(28) " fcode="store"/>
<opset="store_ln41/1 "/>
</bind>
</comp>

<comp id="262" class="1004" name="trunc_ln44_fu_262">
<pin_list>
<pin id="263" dir="0" index="0" bw="252" slack="0"/>
<pin id="264" dir="1" index="1" bw="9" slack="0"/>
</pin_list>
<bind>
<opcode="trunc(33) " fcode="trunc"/>
<opset="trunc_ln44/2 "/>
</bind>
</comp>

<comp id="266" class="1004" name="trunc_ln44_1_fu_266">
<pin_list>
<pin id="267" dir="0" index="0" bw="9" slack="0"/>
<pin id="268" dir="0" index="1" bw="252" slack="0"/>
<pin id="269" dir="0" index="2" bw="5" slack="0"/>
<pin id="270" dir="0" index="3" bw="6" slack="0"/>
<pin id="271" dir="1" index="4" bw="9" slack="0"/>
</pin_list>
<bind>
<opcode="partselect(1002) " fcode="partselect"/>
<opset="trunc_ln44_1/2 "/>
</bind>
</comp>

<comp id="276" class="1004" name="trunc_ln44_2_fu_276">
<pin_list>
<pin id="277" dir="0" index="0" bw="9" slack="0"/>
<pin id="278" dir="0" index="1" bw="252" slack="0"/>
<pin id="279" dir="0" index="2" bw="6" slack="0"/>
<pin id="280" dir="0" index="3" bw="6" slack="0"/>
<pin id="281" dir="1" index="4" bw="9" slack="0"/>
</pin_list>
<bind>
<opcode="partselect(1002) " fcode="partselect"/>
<opset="trunc_ln44_2/2 "/>
</bind>
</comp>

<comp id="286" class="1004" name="trunc_ln44_3_fu_286">
<pin_list>
<pin id="287" dir="0" index="0" bw="9" slack="0"/>
<pin id="288" dir="0" index="1" bw="252" slack="0"/>
<pin id="289" dir="0" index="2" bw="6" slack="0"/>
<pin id="290" dir="0" index="3" bw="7" slack="0"/>
<pin id="291" dir="1" index="4" bw="9" slack="0"/>
</pin_list>
<bind>
<opcode="partselect(1002) " fcode="partselect"/>
<opset="trunc_ln44_3/2 "/>
</bind>
</comp>

<comp id="296" class="1004" name="trunc_ln44_4_fu_296">
<pin_list>
<pin id="297" dir="0" index="0" bw="9" slack="0"/>
<pin id="298" dir="0" index="1" bw="252" slack="0"/>
<pin id="299" dir="0" index="2" bw="7" slack="0"/>
<pin id="300" dir="0" index="3" bw="7" slack="0"/>
<pin id="301" dir="1" index="4" bw="9" slack="0"/>
</pin_list>
<bind>
<opcode="partselect(1002) " fcode="partselect"/>
<opset="trunc_ln44_4/2 "/>
</bind>
</comp>

<comp id="306" class="1004" name="trunc_ln44_5_fu_306">
<pin_list>
<pin id="307" dir="0" index="0" bw="9" slack="0"/>
<pin id="308" dir="0" index="1" bw="252" slack="0"/>
<pin id="309" dir="0" index="2" bw="7" slack="0"/>
<pin id="310" dir="0" index="3" bw="7" slack="0"/>
<pin id="311" dir="1" index="4" bw="9" slack="0"/>
</pin_list>
<bind>
<opcode="partselect(1002) " fcode="partselect"/>
<opset="trunc_ln44_5/2 "/>
</bind>
</comp>

<comp id="316" class="1004" name="trunc_ln44_6_fu_316">
<pin_list>
<pin id="317" dir="0" index="0" bw="9" slack="0"/>
<pin id="318" dir="0" index="1" bw="252" slack="0"/>
<pin id="319" dir="0" index="2" bw="7" slack="0"/>
<pin id="320" dir="0" index="3" bw="7" slack="0"/>
<pin id="321" dir="1" index="4" bw="9" slack="0"/>
</pin_list>
<bind>
<opcode="partselect(1002) " fcode="partselect"/>
<opset="trunc_ln44_6/2 "/>
</bind>
</comp>

<comp id="326" class="1004" name="trunc_ln44_7_fu_326">
<pin_list>
<pin id="327" dir="0" index="0" bw="9" slack="0"/>
<pin id="328" dir="0" index="1" bw="252" slack="0"/>
<pin id="329" dir="0" index="2" bw="7" slack="0"/>
<pin id="330" dir="0" index="3" bw="8" slack="0"/>
<pin id="331" dir="1" index="4" bw="9" slack="0"/>
</pin_list>
<bind>
<opcode="partselect(1002) " fcode="partselect"/>
<opset="trunc_ln44_7/2 "/>
</bind>
</comp>

<comp id="336" class="1004" name="trunc_ln44_8_fu_336">
<pin_list>
<pin id="337" dir="0" index="0" bw="9" slack="0"/>
<pin id="338" dir="0" index="1" bw="252" slack="0"/>
<pin id="339" dir="0" index="2" bw="8" slack="0"/>
<pin id="340" dir="0" index="3" bw="8" slack="0"/>
<pin id="341" dir="1" index="4" bw="9" slack="0"/>
</pin_list>
<bind>
<opcode="partselect(1002) " fcode="partselect"/>
<opset="trunc_ln44_8/2 "/>
</bind>
</comp>

<comp id="346" class="1004" name="trunc_ln44_9_fu_346">
<pin_list>
<pin id="347" dir="0" index="0" bw="9" slack="0"/>
<pin id="348" dir="0" index="1" bw="252" slack="0"/>
<pin id="349" dir="0" index="2" bw="8" slack="0"/>
<pin id="350" dir="0" index="3" bw="8" slack="0"/>
<pin id="351" dir="1" index="4" bw="9" slack="0"/>
</pin_list>
<bind>
<opcode="partselect(1002) " fcode="partselect"/>
<opset="trunc_ln44_9/2 "/>
</bind>
</comp>

<comp id="356" class="1004" name="trunc_ln44_s_fu_356">
<pin_list>
<pin id="357" dir="0" index="0" bw="9" slack="0"/>
<pin id="358" dir="0" index="1" bw="252" slack="0"/>
<pin id="359" dir="0" index="2" bw="8" slack="0"/>
<pin id="360" dir="0" index="3" bw="8" slack="0"/>
<pin id="361" dir="1" index="4" bw="9" slack="0"/>
</pin_list>
<bind>
<opcode="partselect(1002) " fcode="partselect"/>
<opset="trunc_ln44_s/2 "/>
</bind>
</comp>

<comp id="366" class="1004" name="trunc_ln44_10_fu_366">
<pin_list>
<pin id="367" dir="0" index="0" bw="9" slack="0"/>
<pin id="368" dir="0" index="1" bw="252" slack="0"/>
<pin id="369" dir="0" index="2" bw="8" slack="0"/>
<pin id="370" dir="0" index="3" bw="8" slack="0"/>
<pin id="371" dir="1" index="4" bw="9" slack="0"/>
</pin_list>
<bind>
<opcode="partselect(1002) " fcode="partselect"/>
<opset="trunc_ln44_10/2 "/>
</bind>
</comp>

<comp id="376" class="1004" name="trunc_ln44_11_fu_376">
<pin_list>
<pin id="377" dir="0" index="0" bw="9" slack="0"/>
<pin id="378" dir="0" index="1" bw="252" slack="0"/>
<pin id="379" dir="0" index="2" bw="8" slack="0"/>
<pin id="380" dir="0" index="3" bw="8" slack="0"/>
<pin id="381" dir="1" index="4" bw="9" slack="0"/>
</pin_list>
<bind>
<opcode="partselect(1002) " fcode="partselect"/>
<opset="trunc_ln44_11/2 "/>
</bind>
</comp>

<comp id="386" class="1004" name="trunc_ln44_12_fu_386">
<pin_list>
<pin id="387" dir="0" index="0" bw="9" slack="0"/>
<pin id="388" dir="0" index="1" bw="252" slack="0"/>
<pin id="389" dir="0" index="2" bw="8" slack="0"/>
<pin id="390" dir="0" index="3" bw="8" slack="0"/>
<pin id="391" dir="1" index="4" bw="9" slack="0"/>
</pin_list>
<bind>
<opcode="partselect(1002) " fcode="partselect"/>
<opset="trunc_ln44_12/2 "/>
</bind>
</comp>

<comp id="396" class="1004" name="trunc_ln44_13_fu_396">
<pin_list>
<pin id="397" dir="0" index="0" bw="9" slack="0"/>
<pin id="398" dir="0" index="1" bw="252" slack="0"/>
<pin id="399" dir="0" index="2" bw="8" slack="0"/>
<pin id="400" dir="0" index="3" bw="9" slack="0"/>
<pin id="401" dir="1" index="4" bw="9" slack="0"/>
</pin_list>
<bind>
<opcode="partselect(1002) " fcode="partselect"/>
<opset="trunc_ln44_13/2 "/>
</bind>
</comp>

<comp id="406" class="1004" name="trunc_ln44_14_fu_406">
<pin_list>
<pin id="407" dir="0" index="0" bw="9" slack="0"/>
<pin id="408" dir="0" index="1" bw="252" slack="0"/>
<pin id="409" dir="0" index="2" bw="9" slack="0"/>
<pin id="410" dir="0" index="3" bw="9" slack="0"/>
<pin id="411" dir="1" index="4" bw="9" slack="0"/>
</pin_list>
<bind>
<opcode="partselect(1002) " fcode="partselect"/>
<opset="trunc_ln44_14/2 "/>
</bind>
</comp>

<comp id="416" class="1004" name="trunc_ln44_15_fu_416">
<pin_list>
<pin id="417" dir="0" index="0" bw="9" slack="0"/>
<pin id="418" dir="0" index="1" bw="252" slack="0"/>
<pin id="419" dir="0" index="2" bw="9" slack="0"/>
<pin id="420" dir="0" index="3" bw="9" slack="0"/>
<pin id="421" dir="1" index="4" bw="9" slack="0"/>
</pin_list>
<bind>
<opcode="partselect(1002) " fcode="partselect"/>
<opset="trunc_ln44_15/2 "/>
</bind>
</comp>

<comp id="426" class="1004" name="trunc_ln44_16_fu_426">
<pin_list>
<pin id="427" dir="0" index="0" bw="9" slack="0"/>
<pin id="428" dir="0" index="1" bw="252" slack="0"/>
<pin id="429" dir="0" index="2" bw="9" slack="0"/>
<pin id="430" dir="0" index="3" bw="9" slack="0"/>
<pin id="431" dir="1" index="4" bw="9" slack="0"/>
</pin_list>
<bind>
<opcode="partselect(1002) " fcode="partselect"/>
<opset="trunc_ln44_16/2 "/>
</bind>
</comp>

<comp id="436" class="1004" name="trunc_ln44_17_fu_436">
<pin_list>
<pin id="437" dir="0" index="0" bw="9" slack="0"/>
<pin id="438" dir="0" index="1" bw="252" slack="0"/>
<pin id="439" dir="0" index="2" bw="9" slack="0"/>
<pin id="440" dir="0" index="3" bw="9" slack="0"/>
<pin id="441" dir="1" index="4" bw="9" slack="0"/>
</pin_list>
<bind>
<opcode="partselect(1002) " fcode="partselect"/>
<opset="trunc_ln44_17/2 "/>
</bind>
</comp>

<comp id="446" class="1004" name="trunc_ln44_18_fu_446">
<pin_list>
<pin id="447" dir="0" index="0" bw="9" slack="0"/>
<pin id="448" dir="0" index="1" bw="252" slack="0"/>
<pin id="449" dir="0" index="2" bw="9" slack="0"/>
<pin id="450" dir="0" index="3" bw="9" slack="0"/>
<pin id="451" dir="1" index="4" bw="9" slack="0"/>
</pin_list>
<bind>
<opcode="partselect(1002) " fcode="partselect"/>
<opset="trunc_ln44_18/2 "/>
</bind>
</comp>

<comp id="456" class="1004" name="trunc_ln44_19_fu_456">
<pin_list>
<pin id="457" dir="0" index="0" bw="9" slack="0"/>
<pin id="458" dir="0" index="1" bw="252" slack="0"/>
<pin id="459" dir="0" index="2" bw="9" slack="0"/>
<pin id="460" dir="0" index="3" bw="9" slack="0"/>
<pin id="461" dir="1" index="4" bw="9" slack="0"/>
</pin_list>
<bind>
<opcode="partselect(1002) " fcode="partselect"/>
<opset="trunc_ln44_19/2 "/>
</bind>
</comp>

<comp id="466" class="1004" name="trunc_ln44_20_fu_466">
<pin_list>
<pin id="467" dir="0" index="0" bw="9" slack="0"/>
<pin id="468" dir="0" index="1" bw="252" slack="0"/>
<pin id="469" dir="0" index="2" bw="9" slack="0"/>
<pin id="470" dir="0" index="3" bw="9" slack="0"/>
<pin id="471" dir="1" index="4" bw="9" slack="0"/>
</pin_list>
<bind>
<opcode="partselect(1002) " fcode="partselect"/>
<opset="trunc_ln44_20/2 "/>
</bind>
</comp>

<comp id="476" class="1004" name="trunc_ln44_21_fu_476">
<pin_list>
<pin id="477" dir="0" index="0" bw="9" slack="0"/>
<pin id="478" dir="0" index="1" bw="252" slack="0"/>
<pin id="479" dir="0" index="2" bw="9" slack="0"/>
<pin id="480" dir="0" index="3" bw="9" slack="0"/>
<pin id="481" dir="1" index="4" bw="9" slack="0"/>
</pin_list>
<bind>
<opcode="partselect(1002) " fcode="partselect"/>
<opset="trunc_ln44_21/2 "/>
</bind>
</comp>

<comp id="486" class="1004" name="trunc_ln44_22_fu_486">
<pin_list>
<pin id="487" dir="0" index="0" bw="9" slack="0"/>
<pin id="488" dir="0" index="1" bw="252" slack="0"/>
<pin id="489" dir="0" index="2" bw="9" slack="0"/>
<pin id="490" dir="0" index="3" bw="9" slack="0"/>
<pin id="491" dir="1" index="4" bw="9" slack="0"/>
</pin_list>
<bind>
<opcode="partselect(1002) " fcode="partselect"/>
<opset="trunc_ln44_22/2 "/>
</bind>
</comp>

<comp id="496" class="1004" name="trunc_ln44_23_fu_496">
<pin_list>
<pin id="497" dir="0" index="0" bw="9" slack="0"/>
<pin id="498" dir="0" index="1" bw="252" slack="0"/>
<pin id="499" dir="0" index="2" bw="9" slack="0"/>
<pin id="500" dir="0" index="3" bw="9" slack="0"/>
<pin id="501" dir="1" index="4" bw="9" slack="0"/>
</pin_list>
<bind>
<opcode="partselect(1002) " fcode="partselect"/>
<opset="trunc_ln44_23/2 "/>
</bind>
</comp>

<comp id="506" class="1004" name="trunc_ln44_24_fu_506">
<pin_list>
<pin id="507" dir="0" index="0" bw="9" slack="0"/>
<pin id="508" dir="0" index="1" bw="252" slack="0"/>
<pin id="509" dir="0" index="2" bw="9" slack="0"/>
<pin id="510" dir="0" index="3" bw="9" slack="0"/>
<pin id="511" dir="1" index="4" bw="9" slack="0"/>
</pin_list>
<bind>
<opcode="partselect(1002) " fcode="partselect"/>
<opset="trunc_ln44_24/2 "/>
</bind>
</comp>

<comp id="516" class="1004" name="trunc_ln44_25_fu_516">
<pin_list>
<pin id="517" dir="0" index="0" bw="9" slack="0"/>
<pin id="518" dir="0" index="1" bw="252" slack="0"/>
<pin id="519" dir="0" index="2" bw="9" slack="0"/>
<pin id="520" dir="0" index="3" bw="9" slack="0"/>
<pin id="521" dir="1" index="4" bw="9" slack="0"/>
</pin_list>
<bind>
<opcode="partselect(1002) " fcode="partselect"/>
<opset="trunc_ln44_25/2 "/>
</bind>
</comp>

<comp id="526" class="1004" name="trunc_ln44_26_fu_526">
<pin_list>
<pin id="527" dir="0" index="0" bw="9" slack="0"/>
<pin id="528" dir="0" index="1" bw="252" slack="0"/>
<pin id="529" dir="0" index="2" bw="9" slack="0"/>
<pin id="530" dir="0" index="3" bw="9" slack="0"/>
<pin id="531" dir="1" index="4" bw="9" slack="0"/>
</pin_list>
<bind>
<opcode="partselect(1002) " fcode="partselect"/>
<opset="trunc_ln44_26/2 "/>
</bind>
</comp>

<comp id="536" class="1004" name="icmp_ln51_fu_536">
<pin_list>
<pin id="537" dir="0" index="0" bw="9" slack="0"/>
<pin id="538" dir="0" index="1" bw="9" slack="0"/>
<pin id="539" dir="1" index="2" bw="1" slack="1"/>
</pin_list>
<bind>
<opcode="icmp(45) " fcode="icmp"/>
<opset="icmp_ln51/2 "/>
</bind>
</comp>

<comp id="542" class="1004" name="trunc_ln52_fu_542">
<pin_list>
<pin id="543" dir="0" index="0" bw="252" slack="0"/>
<pin id="544" dir="1" index="1" bw="8" slack="1"/>
</pin_list>
<bind>
<opcode="trunc(33) " fcode="trunc"/>
<opset="trunc_ln52/2 "/>
</bind>
</comp>

<comp id="546" class="1004" name="icmp_ln51_1_fu_546">
<pin_list>
<pin id="547" dir="0" index="0" bw="9" slack="0"/>
<pin id="548" dir="0" index="1" bw="9" slack="0"/>
<pin id="549" dir="1" index="2" bw="1" slack="1"/>
</pin_list>
<bind>
<opcode="icmp(45) " fcode="icmp"/>
<opset="icmp_ln51_1/2 "/>
</bind>
</comp>

<comp id="552" class="1004" name="tmp_1_fu_552">
<pin_list>
<pin id="553" dir="0" index="0" bw="8" slack="0"/>
<pin id="554" dir="0" index="1" bw="252" slack="0"/>
<pin id="555" dir="0" index="2" bw="5" slack="0"/>
<pin id="556" dir="0" index="3" bw="6" slack="0"/>
<pin id="557" dir="1" index="4" bw="8" slack="1"/>
</pin_list>
<bind>
<opcode="partselect(1002) " fcode="partselect"/>
<opset="tmp_1/2 "/>
</bind>
</comp>

<comp id="562" class="1004" name="icmp_ln51_2_fu_562">
<pin_list>
<pin id="563" dir="0" index="0" bw="9" slack="0"/>
<pin id="564" dir="0" index="1" bw="9" slack="0"/>
<pin id="565" dir="1" index="2" bw="1" slack="1"/>
</pin_list>
<bind>
<opcode="icmp(45) " fcode="icmp"/>
<opset="icmp_ln51_2/2 "/>
</bind>
</comp>

<comp id="568" class="1004" name="tmp_2_fu_568">
<pin_list>
<pin id="569" dir="0" index="0" bw="8" slack="0"/>
<pin id="570" dir="0" index="1" bw="252" slack="0"/>
<pin id="571" dir="0" index="2" bw="6" slack="0"/>
<pin id="572" dir="0" index="3" bw="6" slack="0"/>
<pin id="573" dir="1" index="4" bw="8" slack="1"/>
</pin_list>
<bind>
<opcode="partselect(1002) " fcode="partselect"/>
<opset="tmp_2/2 "/>
</bind>
</comp>

<comp id="578" class="1004" name="icmp_ln51_3_fu_578">
<pin_list>
<pin id="579" dir="0" index="0" bw="9" slack="0"/>
<pin id="580" dir="0" index="1" bw="9" slack="0"/>
<pin id="581" dir="1" index="2" bw="1" slack="1"/>
</pin_list>
<bind>
<opcode="icmp(45) " fcode="icmp"/>
<opset="icmp_ln51_3/2 "/>
</bind>
</comp>

<comp id="584" class="1004" name="tmp_3_fu_584">
<pin_list>
<pin id="585" dir="0" index="0" bw="8" slack="0"/>
<pin id="586" dir="0" index="1" bw="252" slack="0"/>
<pin id="587" dir="0" index="2" bw="6" slack="0"/>
<pin id="588" dir="0" index="3" bw="7" slack="0"/>
<pin id="589" dir="1" index="4" bw="8" slack="1"/>
</pin_list>
<bind>
<opcode="partselect(1002) " fcode="partselect"/>
<opset="tmp_3/2 "/>
</bind>
</comp>

<comp id="594" class="1004" name="icmp_ln51_4_fu_594">
<pin_list>
<pin id="595" dir="0" index="0" bw="9" slack="0"/>
<pin id="596" dir="0" index="1" bw="9" slack="0"/>
<pin id="597" dir="1" index="2" bw="1" slack="1"/>
</pin_list>
<bind>
<opcode="icmp(45) " fcode="icmp"/>
<opset="icmp_ln51_4/2 "/>
</bind>
</comp>

<comp id="600" class="1004" name="tmp_4_fu_600">
<pin_list>
<pin id="601" dir="0" index="0" bw="8" slack="0"/>
<pin id="602" dir="0" index="1" bw="252" slack="0"/>
<pin id="603" dir="0" index="2" bw="7" slack="0"/>
<pin id="604" dir="0" index="3" bw="7" slack="0"/>
<pin id="605" dir="1" index="4" bw="8" slack="1"/>
</pin_list>
<bind>
<opcode="partselect(1002) " fcode="partselect"/>
<opset="tmp_4/2 "/>
</bind>
</comp>

<comp id="610" class="1004" name="icmp_ln51_5_fu_610">
<pin_list>
<pin id="611" dir="0" index="0" bw="9" slack="0"/>
<pin id="612" dir="0" index="1" bw="9" slack="0"/>
<pin id="613" dir="1" index="2" bw="1" slack="1"/>
</pin_list>
<bind>
<opcode="icmp(45) " fcode="icmp"/>
<opset="icmp_ln51_5/2 "/>
</bind>
</comp>

<comp id="616" class="1004" name="tmp_5_fu_616">
<pin_list>
<pin id="617" dir="0" index="0" bw="8" slack="0"/>
<pin id="618" dir="0" index="1" bw="252" slack="0"/>
<pin id="619" dir="0" index="2" bw="7" slack="0"/>
<pin id="620" dir="0" index="3" bw="7" slack="0"/>
<pin id="621" dir="1" index="4" bw="8" slack="1"/>
</pin_list>
<bind>
<opcode="partselect(1002) " fcode="partselect"/>
<opset="tmp_5/2 "/>
</bind>
</comp>

<comp id="626" class="1004" name="icmp_ln51_6_fu_626">
<pin_list>
<pin id="627" dir="0" index="0" bw="9" slack="0"/>
<pin id="628" dir="0" index="1" bw="9" slack="0"/>
<pin id="629" dir="1" index="2" bw="1" slack="1"/>
</pin_list>
<bind>
<opcode="icmp(45) " fcode="icmp"/>
<opset="icmp_ln51_6/2 "/>
</bind>
</comp>

<comp id="632" class="1004" name="tmp_6_fu_632">
<pin_list>
<pin id="633" dir="0" index="0" bw="8" slack="0"/>
<pin id="634" dir="0" index="1" bw="252" slack="0"/>
<pin id="635" dir="0" index="2" bw="7" slack="0"/>
<pin id="636" dir="0" index="3" bw="7" slack="0"/>
<pin id="637" dir="1" index="4" bw="8" slack="1"/>
</pin_list>
<bind>
<opcode="partselect(1002) " fcode="partselect"/>
<opset="tmp_6/2 "/>
</bind>
</comp>

<comp id="642" class="1004" name="icmp_ln51_7_fu_642">
<pin_list>
<pin id="643" dir="0" index="0" bw="9" slack="0"/>
<pin id="644" dir="0" index="1" bw="9" slack="0"/>
<pin id="645" dir="1" index="2" bw="1" slack="1"/>
</pin_list>
<bind>
<opcode="icmp(45) " fcode="icmp"/>
<opset="icmp_ln51_7/2 "/>
</bind>
</comp>

<comp id="648" class="1004" name="tmp_7_fu_648">
<pin_list>
<pin id="649" dir="0" index="0" bw="8" slack="0"/>
<pin id="650" dir="0" index="1" bw="252" slack="0"/>
<pin id="651" dir="0" index="2" bw="7" slack="0"/>
<pin id="652" dir="0" index="3" bw="8" slack="0"/>
<pin id="653" dir="1" index="4" bw="8" slack="1"/>
</pin_list>
<bind>
<opcode="partselect(1002) " fcode="partselect"/>
<opset="tmp_7/2 "/>
</bind>
</comp>

<comp id="658" class="1004" name="icmp_ln51_8_fu_658">
<pin_list>
<pin id="659" dir="0" index="0" bw="9" slack="0"/>
<pin id="660" dir="0" index="1" bw="9" slack="0"/>
<pin id="661" dir="1" index="2" bw="1" slack="1"/>
</pin_list>
<bind>
<opcode="icmp(45) " fcode="icmp"/>
<opset="icmp_ln51_8/2 "/>
</bind>
</comp>

<comp id="664" class="1004" name="tmp_8_fu_664">
<pin_list>
<pin id="665" dir="0" index="0" bw="8" slack="0"/>
<pin id="666" dir="0" index="1" bw="252" slack="0"/>
<pin id="667" dir="0" index="2" bw="8" slack="0"/>
<pin id="668" dir="0" index="3" bw="8" slack="0"/>
<pin id="669" dir="1" index="4" bw="8" slack="1"/>
</pin_list>
<bind>
<opcode="partselect(1002) " fcode="partselect"/>
<opset="tmp_8/2 "/>
</bind>
</comp>

<comp id="674" class="1004" name="icmp_ln51_9_fu_674">
<pin_list>
<pin id="675" dir="0" index="0" bw="9" slack="0"/>
<pin id="676" dir="0" index="1" bw="9" slack="0"/>
<pin id="677" dir="1" index="2" bw="1" slack="1"/>
</pin_list>
<bind>
<opcode="icmp(45) " fcode="icmp"/>
<opset="icmp_ln51_9/2 "/>
</bind>
</comp>

<comp id="680" class="1004" name="tmp_9_fu_680">
<pin_list>
<pin id="681" dir="0" index="0" bw="8" slack="0"/>
<pin id="682" dir="0" index="1" bw="252" slack="0"/>
<pin id="683" dir="0" index="2" bw="8" slack="0"/>
<pin id="684" dir="0" index="3" bw="8" slack="0"/>
<pin id="685" dir="1" index="4" bw="8" slack="1"/>
</pin_list>
<bind>
<opcode="partselect(1002) " fcode="partselect"/>
<opset="tmp_9/2 "/>
</bind>
</comp>

<comp id="690" class="1004" name="icmp_ln51_10_fu_690">
<pin_list>
<pin id="691" dir="0" index="0" bw="9" slack="0"/>
<pin id="692" dir="0" index="1" bw="9" slack="0"/>
<pin id="693" dir="1" index="2" bw="1" slack="1"/>
</pin_list>
<bind>
<opcode="icmp(45) " fcode="icmp"/>
<opset="icmp_ln51_10/2 "/>
</bind>
</comp>

<comp id="696" class="1004" name="tmp_s_fu_696">
<pin_list>
<pin id="697" dir="0" index="0" bw="8" slack="0"/>
<pin id="698" dir="0" index="1" bw="252" slack="0"/>
<pin id="699" dir="0" index="2" bw="8" slack="0"/>
<pin id="700" dir="0" index="3" bw="8" slack="0"/>
<pin id="701" dir="1" index="4" bw="8" slack="1"/>
</pin_list>
<bind>
<opcode="partselect(1002) " fcode="partselect"/>
<opset="tmp_s/2 "/>
</bind>
</comp>

<comp id="706" class="1004" name="icmp_ln51_11_fu_706">
<pin_list>
<pin id="707" dir="0" index="0" bw="9" slack="0"/>
<pin id="708" dir="0" index="1" bw="9" slack="0"/>
<pin id="709" dir="1" index="2" bw="1" slack="1"/>
</pin_list>
<bind>
<opcode="icmp(45) " fcode="icmp"/>
<opset="icmp_ln51_11/2 "/>
</bind>
</comp>

<comp id="712" class="1004" name="tmp_10_fu_712">
<pin_list>
<pin id="713" dir="0" index="0" bw="8" slack="0"/>
<pin id="714" dir="0" index="1" bw="252" slack="0"/>
<pin id="715" dir="0" index="2" bw="8" slack="0"/>
<pin id="716" dir="0" index="3" bw="8" slack="0"/>
<pin id="717" dir="1" index="4" bw="8" slack="1"/>
</pin_list>
<bind>
<opcode="partselect(1002) " fcode="partselect"/>
<opset="tmp_10/2 "/>
</bind>
</comp>

<comp id="722" class="1004" name="icmp_ln51_12_fu_722">
<pin_list>
<pin id="723" dir="0" index="0" bw="9" slack="0"/>
<pin id="724" dir="0" index="1" bw="9" slack="0"/>
<pin id="725" dir="1" index="2" bw="1" slack="1"/>
</pin_list>
<bind>
<opcode="icmp(45) " fcode="icmp"/>
<opset="icmp_ln51_12/2 "/>
</bind>
</comp>

<comp id="728" class="1004" name="tmp_11_fu_728">
<pin_list>
<pin id="729" dir="0" index="0" bw="8" slack="0"/>
<pin id="730" dir="0" index="1" bw="252" slack="0"/>
<pin id="731" dir="0" index="2" bw="8" slack="0"/>
<pin id="732" dir="0" index="3" bw="8" slack="0"/>
<pin id="733" dir="1" index="4" bw="8" slack="1"/>
</pin_list>
<bind>
<opcode="partselect(1002) " fcode="partselect"/>
<opset="tmp_11/2 "/>
</bind>
</comp>

<comp id="738" class="1004" name="icmp_ln51_13_fu_738">
<pin_list>
<pin id="739" dir="0" index="0" bw="9" slack="0"/>
<pin id="740" dir="0" index="1" bw="9" slack="0"/>
<pin id="741" dir="1" index="2" bw="1" slack="1"/>
</pin_list>
<bind>
<opcode="icmp(45) " fcode="icmp"/>
<opset="icmp_ln51_13/2 "/>
</bind>
</comp>

<comp id="744" class="1004" name="tmp_12_fu_744">
<pin_list>
<pin id="745" dir="0" index="0" bw="8" slack="0"/>
<pin id="746" dir="0" index="1" bw="252" slack="0"/>
<pin id="747" dir="0" index="2" bw="8" slack="0"/>
<pin id="748" dir="0" index="3" bw="8" slack="0"/>
<pin id="749" dir="1" index="4" bw="8" slack="1"/>
</pin_list>
<bind>
<opcode="partselect(1002) " fcode="partselect"/>
<opset="tmp_12/2 "/>
</bind>
</comp>

<comp id="754" class="1004" name="icmp_ln51_14_fu_754">
<pin_list>
<pin id="755" dir="0" index="0" bw="9" slack="0"/>
<pin id="756" dir="0" index="1" bw="9" slack="0"/>
<pin id="757" dir="1" index="2" bw="1" slack="1"/>
</pin_list>
<bind>
<opcode="icmp(45) " fcode="icmp"/>
<opset="icmp_ln51_14/2 "/>
</bind>
</comp>

<comp id="760" class="1004" name="tmp_13_fu_760">
<pin_list>
<pin id="761" dir="0" index="0" bw="8" slack="0"/>
<pin id="762" dir="0" index="1" bw="252" slack="0"/>
<pin id="763" dir="0" index="2" bw="8" slack="0"/>
<pin id="764" dir="0" index="3" bw="9" slack="0"/>
<pin id="765" dir="1" index="4" bw="8" slack="1"/>
</pin_list>
<bind>
<opcode="partselect(1002) " fcode="partselect"/>
<opset="tmp_13/2 "/>
</bind>
</comp>

<comp id="770" class="1004" name="icmp_ln51_15_fu_770">
<pin_list>
<pin id="771" dir="0" index="0" bw="9" slack="0"/>
<pin id="772" dir="0" index="1" bw="9" slack="0"/>
<pin id="773" dir="1" index="2" bw="1" slack="1"/>
</pin_list>
<bind>
<opcode="icmp(45) " fcode="icmp"/>
<opset="icmp_ln51_15/2 "/>
</bind>
</comp>

<comp id="776" class="1004" name="tmp_14_fu_776">
<pin_list>
<pin id="777" dir="0" index="0" bw="8" slack="0"/>
<pin id="778" dir="0" index="1" bw="252" slack="0"/>
<pin id="779" dir="0" index="2" bw="9" slack="0"/>
<pin id="780" dir="0" index="3" bw="9" slack="0"/>
<pin id="781" dir="1" index="4" bw="8" slack="1"/>
</pin_list>
<bind>
<opcode="partselect(1002) " fcode="partselect"/>
<opset="tmp_14/2 "/>
</bind>
</comp>

<comp id="786" class="1004" name="icmp_ln51_16_fu_786">
<pin_list>
<pin id="787" dir="0" index="0" bw="9" slack="0"/>
<pin id="788" dir="0" index="1" bw="9" slack="0"/>
<pin id="789" dir="1" index="2" bw="1" slack="1"/>
</pin_list>
<bind>
<opcode="icmp(45) " fcode="icmp"/>
<opset="icmp_ln51_16/2 "/>
</bind>
</comp>

<comp id="792" class="1004" name="tmp_15_fu_792">
<pin_list>
<pin id="793" dir="0" index="0" bw="8" slack="0"/>
<pin id="794" dir="0" index="1" bw="252" slack="0"/>
<pin id="795" dir="0" index="2" bw="9" slack="0"/>
<pin id="796" dir="0" index="3" bw="9" slack="0"/>
<pin id="797" dir="1" index="4" bw="8" slack="1"/>
</pin_list>
<bind>
<opcode="partselect(1002) " fcode="partselect"/>
<opset="tmp_15/2 "/>
</bind>
</comp>

<comp id="802" class="1004" name="icmp_ln51_17_fu_802">
<pin_list>
<pin id="803" dir="0" index="0" bw="9" slack="0"/>
<pin id="804" dir="0" index="1" bw="9" slack="0"/>
<pin id="805" dir="1" index="2" bw="1" slack="1"/>
</pin_list>
<bind>
<opcode="icmp(45) " fcode="icmp"/>
<opset="icmp_ln51_17/2 "/>
</bind>
</comp>

<comp id="808" class="1004" name="tmp_16_fu_808">
<pin_list>
<pin id="809" dir="0" index="0" bw="8" slack="0"/>
<pin id="810" dir="0" index="1" bw="252" slack="0"/>
<pin id="811" dir="0" index="2" bw="9" slack="0"/>
<pin id="812" dir="0" index="3" bw="9" slack="0"/>
<pin id="813" dir="1" index="4" bw="8" slack="1"/>
</pin_list>
<bind>
<opcode="partselect(1002) " fcode="partselect"/>
<opset="tmp_16/2 "/>
</bind>
</comp>

<comp id="818" class="1004" name="icmp_ln51_18_fu_818">
<pin_list>
<pin id="819" dir="0" index="0" bw="9" slack="0"/>
<pin id="820" dir="0" index="1" bw="9" slack="0"/>
<pin id="821" dir="1" index="2" bw="1" slack="1"/>
</pin_list>
<bind>
<opcode="icmp(45) " fcode="icmp"/>
<opset="icmp_ln51_18/2 "/>
</bind>
</comp>

<comp id="824" class="1004" name="tmp_17_fu_824">
<pin_list>
<pin id="825" dir="0" index="0" bw="8" slack="0"/>
<pin id="826" dir="0" index="1" bw="252" slack="0"/>
<pin id="827" dir="0" index="2" bw="9" slack="0"/>
<pin id="828" dir="0" index="3" bw="9" slack="0"/>
<pin id="829" dir="1" index="4" bw="8" slack="1"/>
</pin_list>
<bind>
<opcode="partselect(1002) " fcode="partselect"/>
<opset="tmp_17/2 "/>
</bind>
</comp>

<comp id="834" class="1004" name="icmp_ln51_19_fu_834">
<pin_list>
<pin id="835" dir="0" index="0" bw="9" slack="0"/>
<pin id="836" dir="0" index="1" bw="9" slack="0"/>
<pin id="837" dir="1" index="2" bw="1" slack="1"/>
</pin_list>
<bind>
<opcode="icmp(45) " fcode="icmp"/>
<opset="icmp_ln51_19/2 "/>
</bind>
</comp>

<comp id="840" class="1004" name="tmp_18_fu_840">
<pin_list>
<pin id="841" dir="0" index="0" bw="8" slack="0"/>
<pin id="842" dir="0" index="1" bw="252" slack="0"/>
<pin id="843" dir="0" index="2" bw="9" slack="0"/>
<pin id="844" dir="0" index="3" bw="9" slack="0"/>
<pin id="845" dir="1" index="4" bw="8" slack="1"/>
</pin_list>
<bind>
<opcode="partselect(1002) " fcode="partselect"/>
<opset="tmp_18/2 "/>
</bind>
</comp>

<comp id="850" class="1004" name="icmp_ln51_20_fu_850">
<pin_list>
<pin id="851" dir="0" index="0" bw="9" slack="0"/>
<pin id="852" dir="0" index="1" bw="9" slack="0"/>
<pin id="853" dir="1" index="2" bw="1" slack="1"/>
</pin_list>
<bind>
<opcode="icmp(45) " fcode="icmp"/>
<opset="icmp_ln51_20/2 "/>
</bind>
</comp>

<comp id="856" class="1004" name="tmp_19_fu_856">
<pin_list>
<pin id="857" dir="0" index="0" bw="8" slack="0"/>
<pin id="858" dir="0" index="1" bw="252" slack="0"/>
<pin id="859" dir="0" index="2" bw="9" slack="0"/>
<pin id="860" dir="0" index="3" bw="9" slack="0"/>
<pin id="861" dir="1" index="4" bw="8" slack="1"/>
</pin_list>
<bind>
<opcode="partselect(1002) " fcode="partselect"/>
<opset="tmp_19/2 "/>
</bind>
</comp>

<comp id="866" class="1004" name="icmp_ln51_21_fu_866">
<pin_list>
<pin id="867" dir="0" index="0" bw="9" slack="0"/>
<pin id="868" dir="0" index="1" bw="9" slack="0"/>
<pin id="869" dir="1" index="2" bw="1" slack="1"/>
</pin_list>
<bind>
<opcode="icmp(45) " fcode="icmp"/>
<opset="icmp_ln51_21/2 "/>
</bind>
</comp>

<comp id="872" class="1004" name="tmp_20_fu_872">
<pin_list>
<pin id="873" dir="0" index="0" bw="8" slack="0"/>
<pin id="874" dir="0" index="1" bw="252" slack="0"/>
<pin id="875" dir="0" index="2" bw="9" slack="0"/>
<pin id="876" dir="0" index="3" bw="9" slack="0"/>
<pin id="877" dir="1" index="4" bw="8" slack="1"/>
</pin_list>
<bind>
<opcode="partselect(1002) " fcode="partselect"/>
<opset="tmp_20/2 "/>
</bind>
</comp>

<comp id="882" class="1004" name="icmp_ln51_22_fu_882">
<pin_list>
<pin id="883" dir="0" index="0" bw="9" slack="0"/>
<pin id="884" dir="0" index="1" bw="9" slack="0"/>
<pin id="885" dir="1" index="2" bw="1" slack="1"/>
</pin_list>
<bind>
<opcode="icmp(45) " fcode="icmp"/>
<opset="icmp_ln51_22/2 "/>
</bind>
</comp>

<comp id="888" class="1004" name="tmp_21_fu_888">
<pin_list>
<pin id="889" dir="0" index="0" bw="8" slack="0"/>
<pin id="890" dir="0" index="1" bw="252" slack="0"/>
<pin id="891" dir="0" index="2" bw="9" slack="0"/>
<pin id="892" dir="0" index="3" bw="9" slack="0"/>
<pin id="893" dir="1" index="4" bw="8" slack="1"/>
</pin_list>
<bind>
<opcode="partselect(1002) " fcode="partselect"/>
<opset="tmp_21/2 "/>
</bind>
</comp>

<comp id="898" class="1004" name="icmp_ln51_23_fu_898">
<pin_list>
<pin id="899" dir="0" index="0" bw="9" slack="0"/>
<pin id="900" dir="0" index="1" bw="9" slack="0"/>
<pin id="901" dir="1" index="2" bw="1" slack="1"/>
</pin_list>
<bind>
<opcode="icmp(45) " fcode="icmp"/>
<opset="icmp_ln51_23/2 "/>
</bind>
</comp>

<comp id="904" class="1004" name="tmp_22_fu_904">
<pin_list>
<pin id="905" dir="0" index="0" bw="8" slack="0"/>
<pin id="906" dir="0" index="1" bw="252" slack="0"/>
<pin id="907" dir="0" index="2" bw="9" slack="0"/>
<pin id="908" dir="0" index="3" bw="9" slack="0"/>
<pin id="909" dir="1" index="4" bw="8" slack="1"/>
</pin_list>
<bind>
<opcode="partselect(1002) " fcode="partselect"/>
<opset="tmp_22/2 "/>
</bind>
</comp>

<comp id="914" class="1004" name="icmp_ln51_24_fu_914">
<pin_list>
<pin id="915" dir="0" index="0" bw="9" slack="0"/>
<pin id="916" dir="0" index="1" bw="9" slack="0"/>
<pin id="917" dir="1" index="2" bw="1" slack="1"/>
</pin_list>
<bind>
<opcode="icmp(45) " fcode="icmp"/>
<opset="icmp_ln51_24/2 "/>
</bind>
</comp>

<comp id="920" class="1004" name="tmp_23_fu_920">
<pin_list>
<pin id="921" dir="0" index="0" bw="8" slack="0"/>
<pin id="922" dir="0" index="1" bw="252" slack="0"/>
<pin id="923" dir="0" index="2" bw="9" slack="0"/>
<pin id="924" dir="0" index="3" bw="9" slack="0"/>
<pin id="925" dir="1" index="4" bw="8" slack="1"/>
</pin_list>
<bind>
<opcode="partselect(1002) " fcode="partselect"/>
<opset="tmp_23/2 "/>
</bind>
</comp>

<comp id="930" class="1004" name="icmp_ln51_25_fu_930">
<pin_list>
<pin id="931" dir="0" index="0" bw="9" slack="0"/>
<pin id="932" dir="0" index="1" bw="9" slack="0"/>
<pin id="933" dir="1" index="2" bw="1" slack="1"/>
</pin_list>
<bind>
<opcode="icmp(45) " fcode="icmp"/>
<opset="icmp_ln51_25/2 "/>
</bind>
</comp>

<comp id="936" class="1004" name="tmp_24_fu_936">
<pin_list>
<pin id="937" dir="0" index="0" bw="8" slack="0"/>
<pin id="938" dir="0" index="1" bw="252" slack="0"/>
<pin id="939" dir="0" index="2" bw="9" slack="0"/>
<pin id="940" dir="0" index="3" bw="9" slack="0"/>
<pin id="941" dir="1" index="4" bw="8" slack="1"/>
</pin_list>
<bind>
<opcode="partselect(1002) " fcode="partselect"/>
<opset="tmp_24/2 "/>
</bind>
</comp>

<comp id="946" class="1004" name="icmp_ln51_26_fu_946">
<pin_list>
<pin id="947" dir="0" index="0" bw="9" slack="0"/>
<pin id="948" dir="0" index="1" bw="9" slack="0"/>
<pin id="949" dir="1" index="2" bw="1" slack="1"/>
</pin_list>
<bind>
<opcode="icmp(45) " fcode="icmp"/>
<opset="icmp_ln51_26/2 "/>
</bind>
</comp>

<comp id="952" class="1004" name="tmp_25_fu_952">
<pin_list>
<pin id="953" dir="0" index="0" bw="8" slack="0"/>
<pin id="954" dir="0" index="1" bw="252" slack="0"/>
<pin id="955" dir="0" index="2" bw="9" slack="0"/>
<pin id="956" dir="0" index="3" bw="9" slack="0"/>
<pin id="957" dir="1" index="4" bw="8" slack="1"/>
</pin_list>
<bind>
<opcode="partselect(1002) " fcode="partselect"/>
<opset="tmp_25/2 "/>
</bind>
</comp>

<comp id="962" class="1004" name="icmp_ln51_27_fu_962">
<pin_list>
<pin id="963" dir="0" index="0" bw="9" slack="0"/>
<pin id="964" dir="0" index="1" bw="9" slack="0"/>
<pin id="965" dir="1" index="2" bw="1" slack="1"/>
</pin_list>
<bind>
<opcode="icmp(45) " fcode="icmp"/>
<opset="icmp_ln51_27/2 "/>
</bind>
</comp>

<comp id="968" class="1004" name="tmp_26_fu_968">
<pin_list>
<pin id="969" dir="0" index="0" bw="8" slack="0"/>
<pin id="970" dir="0" index="1" bw="252" slack="0"/>
<pin id="971" dir="0" index="2" bw="9" slack="0"/>
<pin id="972" dir="0" index="3" bw="9" slack="0"/>
<pin id="973" dir="1" index="4" bw="8" slack="1"/>
</pin_list>
<bind>
<opcode="partselect(1002) " fcode="partselect"/>
<opset="tmp_26/2 "/>
</bind>
</comp>

<comp id="978" class="1004" name="out_data_fu_978">
<pin_list>
<pin id="979" dir="0" index="0" bw="14" slack="0"/>
<pin id="980" dir="0" index="1" bw="8" slack="1"/>
<pin id="981" dir="0" index="2" bw="1" slack="0"/>
<pin id="982" dir="1" index="3" bw="14" slack="0"/>
</pin_list>
<bind>
<opcode="bitconcatenate(1004) " fcode="bitconcatenate"/>
<opset="out_data/3 "/>
</bind>
</comp>

<comp id="985" class="1004" name="out_data_1_fu_985">
<pin_list>
<pin id="986" dir="0" index="0" bw="1" slack="1"/>
<pin id="987" dir="0" index="1" bw="14" slack="0"/>
<pin id="988" dir="0" index="2" bw="14" slack="0"/>
<pin id="989" dir="1" index="3" bw="14" slack="0"/>
</pin_list>
<bind>
<opcode="select(49) " fcode="select"/>
<opset="out_data_1/3 "/>
</bind>
</comp>

<comp id="992" class="1004" name="zext_ln45_fu_992">
<pin_list>
<pin id="993" dir="0" index="0" bw="14" slack="0"/>
<pin id="994" dir="1" index="1" bw="16" slack="0"/>
</pin_list>
<bind>
<opcode="zext(34) " fcode="zext"/>
<opset="zext_ln45/3 "/>
</bind>
</comp>

<comp id="996" class="1004" name="out_data_2_fu_996">
<pin_list>
<pin id="997" dir="0" index="0" bw="14" slack="0"/>
<pin id="998" dir="0" index="1" bw="8" slack="1"/>
<pin id="999" dir="0" index="2" bw="1" slack="0"/>
<pin id="1000" dir="1" index="3" bw="14" slack="0"/>
</pin_list>
<bind>
<opcode="bitconcatenate(1004) " fcode="bitconcatenate"/>
<opset="out_data_2/3 "/>
</bind>
</comp>

<comp id="1003" class="1004" name="out_data_3_fu_1003">
<pin_list>
<pin id="1004" dir="0" index="0" bw="1" slack="1"/>
<pin id="1005" dir="0" index="1" bw="14" slack="0"/>
<pin id="1006" dir="0" index="2" bw="14" slack="0"/>
<pin id="1007" dir="1" index="3" bw="14" slack="0"/>
</pin_list>
<bind>
<opcode="select(49) " fcode="select"/>
<opset="out_data_3/3 "/>
</bind>
</comp>

<comp id="1010" class="1004" name="zext_ln45_1_fu_1010">
<pin_list>
<pin id="1011" dir="0" index="0" bw="14" slack="0"/>
<pin id="1012" dir="1" index="1" bw="16" slack="0"/>
</pin_list>
<bind>
<opcode="zext(34) " fcode="zext"/>
<opset="zext_ln45_1/3 "/>
</bind>
</comp>

<comp id="1014" class="1004" name="out_data_4_fu_1014">
<pin_list>
<pin id="1015" dir="0" index="0" bw="14" slack="0"/>
<pin id="1016" dir="0" index="1" bw="8" slack="1"/>
<pin id="1017" dir="0" index="2" bw="1" slack="0"/>
<pin id="1018" dir="1" index="3" bw="14" slack="0"/>
</pin_list>
<bind>
<opcode="bitconcatenate(1004) " fcode="bitconcatenate"/>
<opset="out_data_4/3 "/>
</bind>
</comp>

<comp id="1021" class="1004" name="out_data_5_fu_1021">
<pin_list>
<pin id="1022" dir="0" index="0" bw="1" slack="1"/>
<pin id="1023" dir="0" index="1" bw="14" slack="0"/>
<pin id="1024" dir="0" index="2" bw="14" slack="0"/>
<pin id="1025" dir="1" index="3" bw="14" slack="0"/>
</pin_list>
<bind>
<opcode="select(49) " fcode="select"/>
<opset="out_data_5/3 "/>
</bind>
</comp>

<comp id="1028" class="1004" name="zext_ln45_2_fu_1028">
<pin_list>
<pin id="1029" dir="0" index="0" bw="14" slack="0"/>
<pin id="1030" dir="1" index="1" bw="16" slack="0"/>
</pin_list>
<bind>
<opcode="zext(34) " fcode="zext"/>
<opset="zext_ln45_2/3 "/>
</bind>
</comp>

<comp id="1032" class="1004" name="out_data_6_fu_1032">
<pin_list>
<pin id="1033" dir="0" index="0" bw="14" slack="0"/>
<pin id="1034" dir="0" index="1" bw="8" slack="1"/>
<pin id="1035" dir="0" index="2" bw="1" slack="0"/>
<pin id="1036" dir="1" index="3" bw="14" slack="0"/>
</pin_list>
<bind>
<opcode="bitconcatenate(1004) " fcode="bitconcatenate"/>
<opset="out_data_6/3 "/>
</bind>
</comp>

<comp id="1039" class="1004" name="out_data_7_fu_1039">
<pin_list>
<pin id="1040" dir="0" index="0" bw="1" slack="1"/>
<pin id="1041" dir="0" index="1" bw="14" slack="0"/>
<pin id="1042" dir="0" index="2" bw="14" slack="0"/>
<pin id="1043" dir="1" index="3" bw="14" slack="0"/>
</pin_list>
<bind>
<opcode="select(49) " fcode="select"/>
<opset="out_data_7/3 "/>
</bind>
</comp>

<comp id="1046" class="1004" name="zext_ln45_3_fu_1046">
<pin_list>
<pin id="1047" dir="0" index="0" bw="14" slack="0"/>
<pin id="1048" dir="1" index="1" bw="16" slack="0"/>
</pin_list>
<bind>
<opcode="zext(34) " fcode="zext"/>
<opset="zext_ln45_3/3 "/>
</bind>
</comp>

<comp id="1050" class="1004" name="shl_ln_fu_1050">
<pin_list>
<pin id="1051" dir="0" index="0" bw="14" slack="0"/>
<pin id="1052" dir="0" index="1" bw="8" slack="1"/>
<pin id="1053" dir="0" index="2" bw="1" slack="0"/>
<pin id="1054" dir="1" index="3" bw="14" slack="0"/>
</pin_list>
<bind>
<opcode="bitconcatenate(1004) " fcode="bitconcatenate"/>
<opset="shl_ln/3 "/>
</bind>
</comp>

<comp id="1057" class="1004" name="select_ln51_fu_1057">
<pin_list>
<pin id="1058" dir="0" index="0" bw="1" slack="1"/>
<pin id="1059" dir="0" index="1" bw="14" slack="0"/>
<pin id="1060" dir="0" index="2" bw="14" slack="0"/>
<pin id="1061" dir="1" index="3" bw="14" slack="0"/>
</pin_list>
<bind>
<opcode="select(49) " fcode="select"/>
<opset="select_ln51/3 "/>
</bind>
</comp>

<comp id="1064" class="1004" name="zext_ln51_fu_1064">
<pin_list>
<pin id="1065" dir="0" index="0" bw="14" slack="0"/>
<pin id="1066" dir="1" index="1" bw="16" slack="0"/>
</pin_list>
<bind>
<opcode="zext(34) " fcode="zext"/>
<opset="zext_ln51/3 "/>
</bind>
</comp>

<comp id="1068" class="1004" name="shl_ln52_1_fu_1068">
<pin_list>
<pin id="1069" dir="0" index="0" bw="14" slack="0"/>
<pin id="1070" dir="0" index="1" bw="8" slack="1"/>
<pin id="1071" dir="0" index="2" bw="1" slack="0"/>
<pin id="1072" dir="1" index="3" bw="14" slack="0"/>
</pin_list>
<bind>
<opcode="bitconcatenate(1004) " fcode="bitconcatenate"/>
<opset="shl_ln52_1/3 "/>
</bind>
</comp>

<comp id="1075" class="1004" name="select_ln51_1_fu_1075">
<pin_list>
<pin id="1076" dir="0" index="0" bw="1" slack="1"/>
<pin id="1077" dir="0" index="1" bw="14" slack="0"/>
<pin id="1078" dir="0" index="2" bw="14" slack="0"/>
<pin id="1079" dir="1" index="3" bw="14" slack="0"/>
</pin_list>
<bind>
<opcode="select(49) " fcode="select"/>
<opset="select_ln51_1/3 "/>
</bind>
</comp>

<comp id="1082" class="1004" name="zext_ln51_1_fu_1082">
<pin_list>
<pin id="1083" dir="0" index="0" bw="14" slack="0"/>
<pin id="1084" dir="1" index="1" bw="16" slack="0"/>
</pin_list>
<bind>
<opcode="zext(34) " fcode="zext"/>
<opset="zext_ln51_1/3 "/>
</bind>
</comp>

<comp id="1086" class="1004" name="shl_ln52_2_fu_1086">
<pin_list>
<pin id="1087" dir="0" index="0" bw="14" slack="0"/>
<pin id="1088" dir="0" index="1" bw="8" slack="1"/>
<pin id="1089" dir="0" index="2" bw="1" slack="0"/>
<pin id="1090" dir="1" index="3" bw="14" slack="0"/>
</pin_list>
<bind>
<opcode="bitconcatenate(1004) " fcode="bitconcatenate"/>
<opset="shl_ln52_2/3 "/>
</bind>
</comp>

<comp id="1093" class="1004" name="select_ln51_2_fu_1093">
<pin_list>
<pin id="1094" dir="0" index="0" bw="1" slack="1"/>
<pin id="1095" dir="0" index="1" bw="14" slack="0"/>
<pin id="1096" dir="0" index="2" bw="14" slack="0"/>
<pin id="1097" dir="1" index="3" bw="14" slack="0"/>
</pin_list>
<bind>
<opcode="select(49) " fcode="select"/>
<opset="select_ln51_2/3 "/>
</bind>
</comp>

<comp id="1100" class="1004" name="zext_ln51_2_fu_1100">
<pin_list>
<pin id="1101" dir="0" index="0" bw="14" slack="0"/>
<pin id="1102" dir="1" index="1" bw="16" slack="0"/>
</pin_list>
<bind>
<opcode="zext(34) " fcode="zext"/>
<opset="zext_ln51_2/3 "/>
</bind>
</comp>

<comp id="1104" class="1004" name="shl_ln52_3_fu_1104">
<pin_list>
<pin id="1105" dir="0" index="0" bw="14" slack="0"/>
<pin id="1106" dir="0" index="1" bw="8" slack="1"/>
<pin id="1107" dir="0" index="2" bw="1" slack="0"/>
<pin id="1108" dir="1" index="3" bw="14" slack="0"/>
</pin_list>
<bind>
<opcode="bitconcatenate(1004) " fcode="bitconcatenate"/>
<opset="shl_ln52_3/3 "/>
</bind>
</comp>

<comp id="1111" class="1004" name="select_ln51_3_fu_1111">
<pin_list>
<pin id="1112" dir="0" index="0" bw="1" slack="1"/>
<pin id="1113" dir="0" index="1" bw="14" slack="0"/>
<pin id="1114" dir="0" index="2" bw="14" slack="0"/>
<pin id="1115" dir="1" index="3" bw="14" slack="0"/>
</pin_list>
<bind>
<opcode="select(49) " fcode="select"/>
<opset="select_ln51_3/3 "/>
</bind>
</comp>

<comp id="1118" class="1004" name="zext_ln51_3_fu_1118">
<pin_list>
<pin id="1119" dir="0" index="0" bw="14" slack="0"/>
<pin id="1120" dir="1" index="1" bw="16" slack="0"/>
</pin_list>
<bind>
<opcode="zext(34) " fcode="zext"/>
<opset="zext_ln51_3/3 "/>
</bind>
</comp>

<comp id="1122" class="1004" name="shl_ln52_4_fu_1122">
<pin_list>
<pin id="1123" dir="0" index="0" bw="14" slack="0"/>
<pin id="1124" dir="0" index="1" bw="8" slack="1"/>
<pin id="1125" dir="0" index="2" bw="1" slack="0"/>
<pin id="1126" dir="1" index="3" bw="14" slack="0"/>
</pin_list>
<bind>
<opcode="bitconcatenate(1004) " fcode="bitconcatenate"/>
<opset="shl_ln52_4/3 "/>
</bind>
</comp>

<comp id="1129" class="1004" name="select_ln51_4_fu_1129">
<pin_list>
<pin id="1130" dir="0" index="0" bw="1" slack="1"/>
<pin id="1131" dir="0" index="1" bw="14" slack="0"/>
<pin id="1132" dir="0" index="2" bw="14" slack="0"/>
<pin id="1133" dir="1" index="3" bw="14" slack="0"/>
</pin_list>
<bind>
<opcode="select(49) " fcode="select"/>
<opset="select_ln51_4/3 "/>
</bind>
</comp>

<comp id="1136" class="1004" name="zext_ln51_4_fu_1136">
<pin_list>
<pin id="1137" dir="0" index="0" bw="14" slack="0"/>
<pin id="1138" dir="1" index="1" bw="16" slack="0"/>
</pin_list>
<bind>
<opcode="zext(34) " fcode="zext"/>
<opset="zext_ln51_4/3 "/>
</bind>
</comp>

<comp id="1140" class="1004" name="shl_ln52_5_fu_1140">
<pin_list>
<pin id="1141" dir="0" index="0" bw="14" slack="0"/>
<pin id="1142" dir="0" index="1" bw="8" slack="1"/>
<pin id="1143" dir="0" index="2" bw="1" slack="0"/>
<pin id="1144" dir="1" index="3" bw="14" slack="0"/>
</pin_list>
<bind>
<opcode="bitconcatenate(1004) " fcode="bitconcatenate"/>
<opset="shl_ln52_5/3 "/>
</bind>
</comp>

<comp id="1147" class="1004" name="select_ln51_5_fu_1147">
<pin_list>
<pin id="1148" dir="0" index="0" bw="1" slack="1"/>
<pin id="1149" dir="0" index="1" bw="14" slack="0"/>
<pin id="1150" dir="0" index="2" bw="14" slack="0"/>
<pin id="1151" dir="1" index="3" bw="14" slack="0"/>
</pin_list>
<bind>
<opcode="select(49) " fcode="select"/>
<opset="select_ln51_5/3 "/>
</bind>
</comp>

<comp id="1154" class="1004" name="zext_ln51_5_fu_1154">
<pin_list>
<pin id="1155" dir="0" index="0" bw="14" slack="0"/>
<pin id="1156" dir="1" index="1" bw="16" slack="0"/>
</pin_list>
<bind>
<opcode="zext(34) " fcode="zext"/>
<opset="zext_ln51_5/3 "/>
</bind>
</comp>

<comp id="1158" class="1004" name="shl_ln52_6_fu_1158">
<pin_list>
<pin id="1159" dir="0" index="0" bw="14" slack="0"/>
<pin id="1160" dir="0" index="1" bw="8" slack="1"/>
<pin id="1161" dir="0" index="2" bw="1" slack="0"/>
<pin id="1162" dir="1" index="3" bw="14" slack="0"/>
</pin_list>
<bind>
<opcode="bitconcatenate(1004) " fcode="bitconcatenate"/>
<opset="shl_ln52_6/3 "/>
</bind>
</comp>

<comp id="1165" class="1004" name="select_ln51_6_fu_1165">
<pin_list>
<pin id="1166" dir="0" index="0" bw="1" slack="1"/>
<pin id="1167" dir="0" index="1" bw="14" slack="0"/>
<pin id="1168" dir="0" index="2" bw="14" slack="0"/>
<pin id="1169" dir="1" index="3" bw="14" slack="0"/>
</pin_list>
<bind>
<opcode="select(49) " fcode="select"/>
<opset="select_ln51_6/3 "/>
</bind>
</comp>

<comp id="1172" class="1004" name="zext_ln51_6_fu_1172">
<pin_list>
<pin id="1173" dir="0" index="0" bw="14" slack="0"/>
<pin id="1174" dir="1" index="1" bw="16" slack="0"/>
</pin_list>
<bind>
<opcode="zext(34) " fcode="zext"/>
<opset="zext_ln51_6/3 "/>
</bind>
</comp>

<comp id="1176" class="1004" name="shl_ln52_7_fu_1176">
<pin_list>
<pin id="1177" dir="0" index="0" bw="14" slack="0"/>
<pin id="1178" dir="0" index="1" bw="8" slack="1"/>
<pin id="1179" dir="0" index="2" bw="1" slack="0"/>
<pin id="1180" dir="1" index="3" bw="14" slack="0"/>
</pin_list>
<bind>
<opcode="bitconcatenate(1004) " fcode="bitconcatenate"/>
<opset="shl_ln52_7/3 "/>
</bind>
</comp>

<comp id="1183" class="1004" name="select_ln51_7_fu_1183">
<pin_list>
<pin id="1184" dir="0" index="0" bw="1" slack="1"/>
<pin id="1185" dir="0" index="1" bw="14" slack="0"/>
<pin id="1186" dir="0" index="2" bw="14" slack="0"/>
<pin id="1187" dir="1" index="3" bw="14" slack="0"/>
</pin_list>
<bind>
<opcode="select(49) " fcode="select"/>
<opset="select_ln51_7/3 "/>
</bind>
</comp>

<comp id="1190" class="1004" name="zext_ln51_7_fu_1190">
<pin_list>
<pin id="1191" dir="0" index="0" bw="14" slack="0"/>
<pin id="1192" dir="1" index="1" bw="16" slack="0"/>
</pin_list>
<bind>
<opcode="zext(34) " fcode="zext"/>
<opset="zext_ln51_7/3 "/>
</bind>
</comp>

<comp id="1194" class="1004" name="shl_ln52_8_fu_1194">
<pin_list>
<pin id="1195" dir="0" index="0" bw="14" slack="0"/>
<pin id="1196" dir="0" index="1" bw="8" slack="1"/>
<pin id="1197" dir="0" index="2" bw="1" slack="0"/>
<pin id="1198" dir="1" index="3" bw="14" slack="0"/>
</pin_list>
<bind>
<opcode="bitconcatenate(1004) " fcode="bitconcatenate"/>
<opset="shl_ln52_8/3 "/>
</bind>
</comp>

<comp id="1201" class="1004" name="select_ln51_8_fu_1201">
<pin_list>
<pin id="1202" dir="0" index="0" bw="1" slack="1"/>
<pin id="1203" dir="0" index="1" bw="14" slack="0"/>
<pin id="1204" dir="0" index="2" bw="14" slack="0"/>
<pin id="1205" dir="1" index="3" bw="14" slack="0"/>
</pin_list>
<bind>
<opcode="select(49) " fcode="select"/>
<opset="select_ln51_8/3 "/>
</bind>
</comp>

<comp id="1208" class="1004" name="zext_ln51_8_fu_1208">
<pin_list>
<pin id="1209" dir="0" index="0" bw="14" slack="0"/>
<pin id="1210" dir="1" index="1" bw="16" slack="0"/>
</pin_list>
<bind>
<opcode="zext(34) " fcode="zext"/>
<opset="zext_ln51_8/3 "/>
</bind>
</comp>

<comp id="1212" class="1004" name="shl_ln52_9_fu_1212">
<pin_list>
<pin id="1213" dir="0" index="0" bw="14" slack="0"/>
<pin id="1214" dir="0" index="1" bw="8" slack="1"/>
<pin id="1215" dir="0" index="2" bw="1" slack="0"/>
<pin id="1216" dir="1" index="3" bw="14" slack="0"/>
</pin_list>
<bind>
<opcode="bitconcatenate(1004) " fcode="bitconcatenate"/>
<opset="shl_ln52_9/3 "/>
</bind>
</comp>

<comp id="1219" class="1004" name="select_ln51_9_fu_1219">
<pin_list>
<pin id="1220" dir="0" index="0" bw="1" slack="1"/>
<pin id="1221" dir="0" index="1" bw="14" slack="0"/>
<pin id="1222" dir="0" index="2" bw="14" slack="0"/>
<pin id="1223" dir="1" index="3" bw="14" slack="0"/>
</pin_list>
<bind>
<opcode="select(49) " fcode="select"/>
<opset="select_ln51_9/3 "/>
</bind>
</comp>

<comp id="1226" class="1004" name="zext_ln51_9_fu_1226">
<pin_list>
<pin id="1227" dir="0" index="0" bw="14" slack="0"/>
<pin id="1228" dir="1" index="1" bw="16" slack="0"/>
</pin_list>
<bind>
<opcode="zext(34) " fcode="zext"/>
<opset="zext_ln51_9/3 "/>
</bind>
</comp>

<comp id="1230" class="1004" name="shl_ln52_s_fu_1230">
<pin_list>
<pin id="1231" dir="0" index="0" bw="14" slack="0"/>
<pin id="1232" dir="0" index="1" bw="8" slack="1"/>
<pin id="1233" dir="0" index="2" bw="1" slack="0"/>
<pin id="1234" dir="1" index="3" bw="14" slack="0"/>
</pin_list>
<bind>
<opcode="bitconcatenate(1004) " fcode="bitconcatenate"/>
<opset="shl_ln52_s/3 "/>
</bind>
</comp>

<comp id="1237" class="1004" name="select_ln51_10_fu_1237">
<pin_list>
<pin id="1238" dir="0" index="0" bw="1" slack="1"/>
<pin id="1239" dir="0" index="1" bw="14" slack="0"/>
<pin id="1240" dir="0" index="2" bw="14" slack="0"/>
<pin id="1241" dir="1" index="3" bw="14" slack="0"/>
</pin_list>
<bind>
<opcode="select(49) " fcode="select"/>
<opset="select_ln51_10/3 "/>
</bind>
</comp>

<comp id="1244" class="1004" name="zext_ln51_10_fu_1244">
<pin_list>
<pin id="1245" dir="0" index="0" bw="14" slack="0"/>
<pin id="1246" dir="1" index="1" bw="16" slack="0"/>
</pin_list>
<bind>
<opcode="zext(34) " fcode="zext"/>
<opset="zext_ln51_10/3 "/>
</bind>
</comp>

<comp id="1248" class="1004" name="shl_ln52_10_fu_1248">
<pin_list>
<pin id="1249" dir="0" index="0" bw="14" slack="0"/>
<pin id="1250" dir="0" index="1" bw="8" slack="1"/>
<pin id="1251" dir="0" index="2" bw="1" slack="0"/>
<pin id="1252" dir="1" index="3" bw="14" slack="0"/>
</pin_list>
<bind>
<opcode="bitconcatenate(1004) " fcode="bitconcatenate"/>
<opset="shl_ln52_10/3 "/>
</bind>
</comp>

<comp id="1255" class="1004" name="select_ln51_11_fu_1255">
<pin_list>
<pin id="1256" dir="0" index="0" bw="1" slack="1"/>
<pin id="1257" dir="0" index="1" bw="14" slack="0"/>
<pin id="1258" dir="0" index="2" bw="14" slack="0"/>
<pin id="1259" dir="1" index="3" bw="14" slack="0"/>
</pin_list>
<bind>
<opcode="select(49) " fcode="select"/>
<opset="select_ln51_11/3 "/>
</bind>
</comp>

<comp id="1262" class="1004" name="zext_ln51_11_fu_1262">
<pin_list>
<pin id="1263" dir="0" index="0" bw="14" slack="0"/>
<pin id="1264" dir="1" index="1" bw="16" slack="0"/>
</pin_list>
<bind>
<opcode="zext(34) " fcode="zext"/>
<opset="zext_ln51_11/3 "/>
</bind>
</comp>

<comp id="1266" class="1004" name="shl_ln52_11_fu_1266">
<pin_list>
<pin id="1267" dir="0" index="0" bw="14" slack="0"/>
<pin id="1268" dir="0" index="1" bw="8" slack="1"/>
<pin id="1269" dir="0" index="2" bw="1" slack="0"/>
<pin id="1270" dir="1" index="3" bw="14" slack="0"/>
</pin_list>
<bind>
<opcode="bitconcatenate(1004) " fcode="bitconcatenate"/>
<opset="shl_ln52_11/3 "/>
</bind>
</comp>

<comp id="1273" class="1004" name="select_ln51_12_fu_1273">
<pin_list>
<pin id="1274" dir="0" index="0" bw="1" slack="1"/>
<pin id="1275" dir="0" index="1" bw="14" slack="0"/>
<pin id="1276" dir="0" index="2" bw="14" slack="0"/>
<pin id="1277" dir="1" index="3" bw="14" slack="0"/>
</pin_list>
<bind>
<opcode="select(49) " fcode="select"/>
<opset="select_ln51_12/3 "/>
</bind>
</comp>

<comp id="1280" class="1004" name="zext_ln51_12_fu_1280">
<pin_list>
<pin id="1281" dir="0" index="0" bw="14" slack="0"/>
<pin id="1282" dir="1" index="1" bw="16" slack="0"/>
</pin_list>
<bind>
<opcode="zext(34) " fcode="zext"/>
<opset="zext_ln51_12/3 "/>
</bind>
</comp>

<comp id="1284" class="1004" name="shl_ln52_12_fu_1284">
<pin_list>
<pin id="1285" dir="0" index="0" bw="14" slack="0"/>
<pin id="1286" dir="0" index="1" bw="8" slack="1"/>
<pin id="1287" dir="0" index="2" bw="1" slack="0"/>
<pin id="1288" dir="1" index="3" bw="14" slack="0"/>
</pin_list>
<bind>
<opcode="bitconcatenate(1004) " fcode="bitconcatenate"/>
<opset="shl_ln52_12/3 "/>
</bind>
</comp>

<comp id="1291" class="1004" name="select_ln51_13_fu_1291">
<pin_list>
<pin id="1292" dir="0" index="0" bw="1" slack="1"/>
<pin id="1293" dir="0" index="1" bw="14" slack="0"/>
<pin id="1294" dir="0" index="2" bw="14" slack="0"/>
<pin id="1295" dir="1" index="3" bw="14" slack="0"/>
</pin_list>
<bind>
<opcode="select(49) " fcode="select"/>
<opset="select_ln51_13/3 "/>
</bind>
</comp>

<comp id="1298" class="1004" name="zext_ln51_13_fu_1298">
<pin_list>
<pin id="1299" dir="0" index="0" bw="14" slack="0"/>
<pin id="1300" dir="1" index="1" bw="16" slack="0"/>
</pin_list>
<bind>
<opcode="zext(34) " fcode="zext"/>
<opset="zext_ln51_13/3 "/>
</bind>
</comp>

<comp id="1302" class="1004" name="shl_ln52_13_fu_1302">
<pin_list>
<pin id="1303" dir="0" index="0" bw="14" slack="0"/>
<pin id="1304" dir="0" index="1" bw="8" slack="1"/>
<pin id="1305" dir="0" index="2" bw="1" slack="0"/>
<pin id="1306" dir="1" index="3" bw="14" slack="0"/>
</pin_list>
<bind>
<opcode="bitconcatenate(1004) " fcode="bitconcatenate"/>
<opset="shl_ln52_13/3 "/>
</bind>
</comp>

<comp id="1309" class="1004" name="select_ln51_14_fu_1309">
<pin_list>
<pin id="1310" dir="0" index="0" bw="1" slack="1"/>
<pin id="1311" dir="0" index="1" bw="14" slack="0"/>
<pin id="1312" dir="0" index="2" bw="14" slack="0"/>
<pin id="1313" dir="1" index="3" bw="14" slack="0"/>
</pin_list>
<bind>
<opcode="select(49) " fcode="select"/>
<opset="select_ln51_14/3 "/>
</bind>
</comp>

<comp id="1316" class="1004" name="zext_ln51_14_fu_1316">
<pin_list>
<pin id="1317" dir="0" index="0" bw="14" slack="0"/>
<pin id="1318" dir="1" index="1" bw="16" slack="0"/>
</pin_list>
<bind>
<opcode="zext(34) " fcode="zext"/>
<opset="zext_ln51_14/3 "/>
</bind>
</comp>

<comp id="1320" class="1004" name="shl_ln52_14_fu_1320">
<pin_list>
<pin id="1321" dir="0" index="0" bw="14" slack="0"/>
<pin id="1322" dir="0" index="1" bw="8" slack="1"/>
<pin id="1323" dir="0" index="2" bw="1" slack="0"/>
<pin id="1324" dir="1" index="3" bw="14" slack="0"/>
</pin_list>
<bind>
<opcode="bitconcatenate(1004) " fcode="bitconcatenate"/>
<opset="shl_ln52_14/3 "/>
</bind>
</comp>

<comp id="1327" class="1004" name="select_ln51_15_fu_1327">
<pin_list>
<pin id="1328" dir="0" index="0" bw="1" slack="1"/>
<pin id="1329" dir="0" index="1" bw="14" slack="0"/>
<pin id="1330" dir="0" index="2" bw="14" slack="0"/>
<pin id="1331" dir="1" index="3" bw="14" slack="0"/>
</pin_list>
<bind>
<opcode="select(49) " fcode="select"/>
<opset="select_ln51_15/3 "/>
</bind>
</comp>

<comp id="1334" class="1004" name="zext_ln51_15_fu_1334">
<pin_list>
<pin id="1335" dir="0" index="0" bw="14" slack="0"/>
<pin id="1336" dir="1" index="1" bw="16" slack="0"/>
</pin_list>
<bind>
<opcode="zext(34) " fcode="zext"/>
<opset="zext_ln51_15/3 "/>
</bind>
</comp>

<comp id="1338" class="1004" name="shl_ln52_15_fu_1338">
<pin_list>
<pin id="1339" dir="0" index="0" bw="14" slack="0"/>
<pin id="1340" dir="0" index="1" bw="8" slack="1"/>
<pin id="1341" dir="0" index="2" bw="1" slack="0"/>
<pin id="1342" dir="1" index="3" bw="14" slack="0"/>
</pin_list>
<bind>
<opcode="bitconcatenate(1004) " fcode="bitconcatenate"/>
<opset="shl_ln52_15/3 "/>
</bind>
</comp>

<comp id="1345" class="1004" name="select_ln51_16_fu_1345">
<pin_list>
<pin id="1346" dir="0" index="0" bw="1" slack="1"/>
<pin id="1347" dir="0" index="1" bw="14" slack="0"/>
<pin id="1348" dir="0" index="2" bw="14" slack="0"/>
<pin id="1349" dir="1" index="3" bw="14" slack="0"/>
</pin_list>
<bind>
<opcode="select(49) " fcode="select"/>
<opset="select_ln51_16/3 "/>
</bind>
</comp>

<comp id="1352" class="1004" name="zext_ln51_16_fu_1352">
<pin_list>
<pin id="1353" dir="0" index="0" bw="14" slack="0"/>
<pin id="1354" dir="1" index="1" bw="16" slack="0"/>
</pin_list>
<bind>
<opcode="zext(34) " fcode="zext"/>
<opset="zext_ln51_16/3 "/>
</bind>
</comp>

<comp id="1356" class="1004" name="shl_ln52_16_fu_1356">
<pin_list>
<pin id="1357" dir="0" index="0" bw="14" slack="0"/>
<pin id="1358" dir="0" index="1" bw="8" slack="1"/>
<pin id="1359" dir="0" index="2" bw="1" slack="0"/>
<pin id="1360" dir="1" index="3" bw="14" slack="0"/>
</pin_list>
<bind>
<opcode="bitconcatenate(1004) " fcode="bitconcatenate"/>
<opset="shl_ln52_16/3 "/>
</bind>
</comp>

<comp id="1363" class="1004" name="select_ln51_17_fu_1363">
<pin_list>
<pin id="1364" dir="0" index="0" bw="1" slack="1"/>
<pin id="1365" dir="0" index="1" bw="14" slack="0"/>
<pin id="1366" dir="0" index="2" bw="14" slack="0"/>
<pin id="1367" dir="1" index="3" bw="14" slack="0"/>
</pin_list>
<bind>
<opcode="select(49) " fcode="select"/>
<opset="select_ln51_17/3 "/>
</bind>
</comp>

<comp id="1370" class="1004" name="zext_ln51_17_fu_1370">
<pin_list>
<pin id="1371" dir="0" index="0" bw="14" slack="0"/>
<pin id="1372" dir="1" index="1" bw="16" slack="0"/>
</pin_list>
<bind>
<opcode="zext(34) " fcode="zext"/>
<opset="zext_ln51_17/3 "/>
</bind>
</comp>

<comp id="1374" class="1004" name="shl_ln52_17_fu_1374">
<pin_list>
<pin id="1375" dir="0" index="0" bw="14" slack="0"/>
<pin id="1376" dir="0" index="1" bw="8" slack="1"/>
<pin id="1377" dir="0" index="2" bw="1" slack="0"/>
<pin id="1378" dir="1" index="3" bw="14" slack="0"/>
</pin_list>
<bind>
<opcode="bitconcatenate(1004) " fcode="bitconcatenate"/>
<opset="shl_ln52_17/3 "/>
</bind>
</comp>

<comp id="1381" class="1004" name="select_ln51_18_fu_1381">
<pin_list>
<pin id="1382" dir="0" index="0" bw="1" slack="1"/>
<pin id="1383" dir="0" index="1" bw="14" slack="0"/>
<pin id="1384" dir="0" index="2" bw="14" slack="0"/>
<pin id="1385" dir="1" index="3" bw="14" slack="0"/>
</pin_list>
<bind>
<opcode="select(49) " fcode="select"/>
<opset="select_ln51_18/3 "/>
</bind>
</comp>

<comp id="1388" class="1004" name="zext_ln51_18_fu_1388">
<pin_list>
<pin id="1389" dir="0" index="0" bw="14" slack="0"/>
<pin id="1390" dir="1" index="1" bw="16" slack="0"/>
</pin_list>
<bind>
<opcode="zext(34) " fcode="zext"/>
<opset="zext_ln51_18/3 "/>
</bind>
</comp>

<comp id="1392" class="1004" name="shl_ln52_18_fu_1392">
<pin_list>
<pin id="1393" dir="0" index="0" bw="14" slack="0"/>
<pin id="1394" dir="0" index="1" bw="8" slack="1"/>
<pin id="1395" dir="0" index="2" bw="1" slack="0"/>
<pin id="1396" dir="1" index="3" bw="14" slack="0"/>
</pin_list>
<bind>
<opcode="bitconcatenate(1004) " fcode="bitconcatenate"/>
<opset="shl_ln52_18/3 "/>
</bind>
</comp>

<comp id="1399" class="1004" name="select_ln51_19_fu_1399">
<pin_list>
<pin id="1400" dir="0" index="0" bw="1" slack="1"/>
<pin id="1401" dir="0" index="1" bw="14" slack="0"/>
<pin id="1402" dir="0" index="2" bw="14" slack="0"/>
<pin id="1403" dir="1" index="3" bw="14" slack="0"/>
</pin_list>
<bind>
<opcode="select(49) " fcode="select"/>
<opset="select_ln51_19/3 "/>
</bind>
</comp>

<comp id="1406" class="1004" name="zext_ln51_19_fu_1406">
<pin_list>
<pin id="1407" dir="0" index="0" bw="14" slack="0"/>
<pin id="1408" dir="1" index="1" bw="16" slack="0"/>
</pin_list>
<bind>
<opcode="zext(34) " fcode="zext"/>
<opset="zext_ln51_19/3 "/>
</bind>
</comp>

<comp id="1410" class="1004" name="shl_ln52_19_fu_1410">
<pin_list>
<pin id="1411" dir="0" index="0" bw="14" slack="0"/>
<pin id="1412" dir="0" index="1" bw="8" slack="1"/>
<pin id="1413" dir="0" index="2" bw="1" slack="0"/>
<pin id="1414" dir="1" index="3" bw="14" slack="0"/>
</pin_list>
<bind>
<opcode="bitconcatenate(1004) " fcode="bitconcatenate"/>
<opset="shl_ln52_19/3 "/>
</bind>
</comp>

<comp id="1417" class="1004" name="select_ln51_20_fu_1417">
<pin_list>
<pin id="1418" dir="0" index="0" bw="1" slack="1"/>
<pin id="1419" dir="0" index="1" bw="14" slack="0"/>
<pin id="1420" dir="0" index="2" bw="14" slack="0"/>
<pin id="1421" dir="1" index="3" bw="14" slack="0"/>
</pin_list>
<bind>
<opcode="select(49) " fcode="select"/>
<opset="select_ln51_20/3 "/>
</bind>
</comp>

<comp id="1424" class="1004" name="zext_ln51_20_fu_1424">
<pin_list>
<pin id="1425" dir="0" index="0" bw="14" slack="0"/>
<pin id="1426" dir="1" index="1" bw="16" slack="0"/>
</pin_list>
<bind>
<opcode="zext(34) " fcode="zext"/>
<opset="zext_ln51_20/3 "/>
</bind>
</comp>

<comp id="1428" class="1004" name="shl_ln52_20_fu_1428">
<pin_list>
<pin id="1429" dir="0" index="0" bw="14" slack="0"/>
<pin id="1430" dir="0" index="1" bw="8" slack="1"/>
<pin id="1431" dir="0" index="2" bw="1" slack="0"/>
<pin id="1432" dir="1" index="3" bw="14" slack="0"/>
</pin_list>
<bind>
<opcode="bitconcatenate(1004) " fcode="bitconcatenate"/>
<opset="shl_ln52_20/3 "/>
</bind>
</comp>

<comp id="1435" class="1004" name="select_ln51_21_fu_1435">
<pin_list>
<pin id="1436" dir="0" index="0" bw="1" slack="1"/>
<pin id="1437" dir="0" index="1" bw="14" slack="0"/>
<pin id="1438" dir="0" index="2" bw="14" slack="0"/>
<pin id="1439" dir="1" index="3" bw="14" slack="0"/>
</pin_list>
<bind>
<opcode="select(49) " fcode="select"/>
<opset="select_ln51_21/3 "/>
</bind>
</comp>

<comp id="1442" class="1004" name="zext_ln51_21_fu_1442">
<pin_list>
<pin id="1443" dir="0" index="0" bw="14" slack="0"/>
<pin id="1444" dir="1" index="1" bw="16" slack="0"/>
</pin_list>
<bind>
<opcode="zext(34) " fcode="zext"/>
<opset="zext_ln51_21/3 "/>
</bind>
</comp>

<comp id="1446" class="1004" name="shl_ln52_21_fu_1446">
<pin_list>
<pin id="1447" dir="0" index="0" bw="14" slack="0"/>
<pin id="1448" dir="0" index="1" bw="8" slack="1"/>
<pin id="1449" dir="0" index="2" bw="1" slack="0"/>
<pin id="1450" dir="1" index="3" bw="14" slack="0"/>
</pin_list>
<bind>
<opcode="bitconcatenate(1004) " fcode="bitconcatenate"/>
<opset="shl_ln52_21/3 "/>
</bind>
</comp>

<comp id="1453" class="1004" name="select_ln51_22_fu_1453">
<pin_list>
<pin id="1454" dir="0" index="0" bw="1" slack="1"/>
<pin id="1455" dir="0" index="1" bw="14" slack="0"/>
<pin id="1456" dir="0" index="2" bw="14" slack="0"/>
<pin id="1457" dir="1" index="3" bw="14" slack="0"/>
</pin_list>
<bind>
<opcode="select(49) " fcode="select"/>
<opset="select_ln51_22/3 "/>
</bind>
</comp>

<comp id="1460" class="1004" name="zext_ln51_22_fu_1460">
<pin_list>
<pin id="1461" dir="0" index="0" bw="14" slack="0"/>
<pin id="1462" dir="1" index="1" bw="16" slack="0"/>
</pin_list>
<bind>
<opcode="zext(34) " fcode="zext"/>
<opset="zext_ln51_22/3 "/>
</bind>
</comp>

<comp id="1464" class="1004" name="shl_ln52_22_fu_1464">
<pin_list>
<pin id="1465" dir="0" index="0" bw="14" slack="0"/>
<pin id="1466" dir="0" index="1" bw="8" slack="1"/>
<pin id="1467" dir="0" index="2" bw="1" slack="0"/>
<pin id="1468" dir="1" index="3" bw="14" slack="0"/>
</pin_list>
<bind>
<opcode="bitconcatenate(1004) " fcode="bitconcatenate"/>
<opset="shl_ln52_22/3 "/>
</bind>
</comp>

<comp id="1471" class="1004" name="select_ln51_23_fu_1471">
<pin_list>
<pin id="1472" dir="0" index="0" bw="1" slack="1"/>
<pin id="1473" dir="0" index="1" bw="14" slack="0"/>
<pin id="1474" dir="0" index="2" bw="14" slack="0"/>
<pin id="1475" dir="1" index="3" bw="14" slack="0"/>
</pin_list>
<bind>
<opcode="select(49) " fcode="select"/>
<opset="select_ln51_23/3 "/>
</bind>
</comp>

<comp id="1478" class="1004" name="or_ln57_s_fu_1478">
<pin_list>
<pin id="1479" dir="0" index="0" bw="446" slack="0"/>
<pin id="1480" dir="0" index="1" bw="14" slack="0"/>
<pin id="1481" dir="0" index="2" bw="14" slack="0"/>
<pin id="1482" dir="0" index="3" bw="14" slack="0"/>
<pin id="1483" dir="0" index="4" bw="14" slack="0"/>
<pin id="1484" dir="0" index="5" bw="14" slack="0"/>
<pin id="1485" dir="0" index="6" bw="14" slack="0"/>
<pin id="1486" dir="0" index="7" bw="14" slack="0"/>
<pin id="1487" dir="0" index="8" bw="14" slack="0"/>
<pin id="1488" dir="0" index="9" bw="14" slack="0"/>
<pin id="1489" dir="0" index="10" bw="14" slack="0"/>
<pin id="1490" dir="0" index="11" bw="14" slack="0"/>
<pin id="1491" dir="0" index="12" bw="14" slack="0"/>
<pin id="1492" dir="0" index="13" bw="14" slack="0"/>
<pin id="1493" dir="0" index="14" bw="14" slack="0"/>
<pin id="1494" dir="0" index="15" bw="14" slack="0"/>
<pin id="1495" dir="0" index="16" bw="14" slack="0"/>
<pin id="1496" dir="0" index="17" bw="14" slack="0"/>
<pin id="1497" dir="0" index="18" bw="14" slack="0"/>
<pin id="1498" dir="0" index="19" bw="14" slack="0"/>
<pin id="1499" dir="0" index="20" bw="14" slack="0"/>
<pin id="1500" dir="0" index="21" bw="14" slack="0"/>
<pin id="1501" dir="0" index="22" bw="14" slack="0"/>
<pin id="1502" dir="0" index="23" bw="14" slack="0"/>
<pin id="1503" dir="0" index="24" bw="14" slack="0"/>
<pin id="1504" dir="0" index="25" bw="14" slack="0"/>
<pin id="1505" dir="0" index="26" bw="14" slack="0"/>
<pin id="1506" dir="0" index="27" bw="14" slack="0"/>
<pin id="1507" dir="0" index="28" bw="14" slack="0"/>
<pin id="1508" dir="1" index="29" bw="446" slack="0"/>
</pin_list>
<bind>
<opcode="bitconcatenate(1004) " fcode="bitconcatenate"/>
<opset="or_ln57_s/3 "/>
</bind>
</comp>

<comp id="1538" class="1004" name="zext_ln57_fu_1538">
<pin_list>
<pin id="1539" dir="0" index="0" bw="446" slack="0"/>
<pin id="1540" dir="1" index="1" bw="448" slack="0"/>
</pin_list>
<bind>
<opcode="zext(34) " fcode="zext"/>
<opset="zext_ln57/3 "/>
</bind>
</comp>

<comp id="1543" class="1005" name="i_reg_1543">
<pin_list>
<pin id="1544" dir="0" index="0" bw="7" slack="0"/>
<pin id="1545" dir="1" index="1" bw="7" slack="0"/>
</pin_list>
<bind>
<opset="i "/>
</bind>
</comp>

<comp id="1550" class="1005" name="icmp_ln41_reg_1550">
<pin_list>
<pin id="1551" dir="0" index="0" bw="1" slack="1"/>
<pin id="1552" dir="1" index="1" bw="1" slack="2147483647"/>
</pin_list>
<bind>
<opset="icmp_ln41 "/>
</bind>
</comp>

<comp id="1554" class="1005" name="icmp_ln51_reg_1554">
<pin_list>
<pin id="1555" dir="0" index="0" bw="1" slack="1"/>
<pin id="1556" dir="1" index="1" bw="1" slack="1"/>
</pin_list>
<bind>
<opset="icmp_ln51 "/>
</bind>
</comp>

<comp id="1559" class="1005" name="trunc_ln52_reg_1559">
<pin_list>
<pin id="1560" dir="0" index="0" bw="8" slack="1"/>
<pin id="1561" dir="1" index="1" bw="8" slack="1"/>
</pin_list>
<bind>
<opset="trunc_ln52 "/>
</bind>
</comp>

<comp id="1564" class="1005" name="icmp_ln51_1_reg_1564">
<pin_list>
<pin id="1565" dir="0" index="0" bw="1" slack="1"/>
<pin id="1566" dir="1" index="1" bw="1" slack="1"/>
</pin_list>
<bind>
<opset="icmp_ln51_1 "/>
</bind>
</comp>

<comp id="1569" class="1005" name="tmp_1_reg_1569">
<pin_list>
<pin id="1570" dir="0" index="0" bw="8" slack="1"/>
<pin id="1571" dir="1" index="1" bw="8" slack="1"/>
</pin_list>
<bind>
<opset="tmp_1 "/>
</bind>
</comp>

<comp id="1574" class="1005" name="icmp_ln51_2_reg_1574">
<pin_list>
<pin id="1575" dir="0" index="0" bw="1" slack="1"/>
<pin id="1576" dir="1" index="1" bw="1" slack="1"/>
</pin_list>
<bind>
<opset="icmp_ln51_2 "/>
</bind>
</comp>

<comp id="1579" class="1005" name="tmp_2_reg_1579">
<pin_list>
<pin id="1580" dir="0" index="0" bw="8" slack="1"/>
<pin id="1581" dir="1" index="1" bw="8" slack="1"/>
</pin_list>
<bind>
<opset="tmp_2 "/>
</bind>
</comp>

<comp id="1584" class="1005" name="icmp_ln51_3_reg_1584">
<pin_list>
<pin id="1585" dir="0" index="0" bw="1" slack="1"/>
<pin id="1586" dir="1" index="1" bw="1" slack="1"/>
</pin_list>
<bind>
<opset="icmp_ln51_3 "/>
</bind>
</comp>

<comp id="1589" class="1005" name="tmp_3_reg_1589">
<pin_list>
<pin id="1590" dir="0" index="0" bw="8" slack="1"/>
<pin id="1591" dir="1" index="1" bw="8" slack="1"/>
</pin_list>
<bind>
<opset="tmp_3 "/>
</bind>
</comp>

<comp id="1594" class="1005" name="icmp_ln51_4_reg_1594">
<pin_list>
<pin id="1595" dir="0" index="0" bw="1" slack="1"/>
<pin id="1596" dir="1" index="1" bw="1" slack="1"/>
</pin_list>
<bind>
<opset="icmp_ln51_4 "/>
</bind>
</comp>

<comp id="1599" class="1005" name="tmp_4_reg_1599">
<pin_list>
<pin id="1600" dir="0" index="0" bw="8" slack="1"/>
<pin id="1601" dir="1" index="1" bw="8" slack="1"/>
</pin_list>
<bind>
<opset="tmp_4 "/>
</bind>
</comp>

<comp id="1604" class="1005" name="icmp_ln51_5_reg_1604">
<pin_list>
<pin id="1605" dir="0" index="0" bw="1" slack="1"/>
<pin id="1606" dir="1" index="1" bw="1" slack="1"/>
</pin_list>
<bind>
<opset="icmp_ln51_5 "/>
</bind>
</comp>

<comp id="1609" class="1005" name="tmp_5_reg_1609">
<pin_list>
<pin id="1610" dir="0" index="0" bw="8" slack="1"/>
<pin id="1611" dir="1" index="1" bw="8" slack="1"/>
</pin_list>
<bind>
<opset="tmp_5 "/>
</bind>
</comp>

<comp id="1614" class="1005" name="icmp_ln51_6_reg_1614">
<pin_list>
<pin id="1615" dir="0" index="0" bw="1" slack="1"/>
<pin id="1616" dir="1" index="1" bw="1" slack="1"/>
</pin_list>
<bind>
<opset="icmp_ln51_6 "/>
</bind>
</comp>

<comp id="1619" class="1005" name="tmp_6_reg_1619">
<pin_list>
<pin id="1620" dir="0" index="0" bw="8" slack="1"/>
<pin id="1621" dir="1" index="1" bw="8" slack="1"/>
</pin_list>
<bind>
<opset="tmp_6 "/>
</bind>
</comp>

<comp id="1624" class="1005" name="icmp_ln51_7_reg_1624">
<pin_list>
<pin id="1625" dir="0" index="0" bw="1" slack="1"/>
<pin id="1626" dir="1" index="1" bw="1" slack="1"/>
</pin_list>
<bind>
<opset="icmp_ln51_7 "/>
</bind>
</comp>

<comp id="1629" class="1005" name="tmp_7_reg_1629">
<pin_list>
<pin id="1630" dir="0" index="0" bw="8" slack="1"/>
<pin id="1631" dir="1" index="1" bw="8" slack="1"/>
</pin_list>
<bind>
<opset="tmp_7 "/>
</bind>
</comp>

<comp id="1634" class="1005" name="icmp_ln51_8_reg_1634">
<pin_list>
<pin id="1635" dir="0" index="0" bw="1" slack="1"/>
<pin id="1636" dir="1" index="1" bw="1" slack="1"/>
</pin_list>
<bind>
<opset="icmp_ln51_8 "/>
</bind>
</comp>

<comp id="1639" class="1005" name="tmp_8_reg_1639">
<pin_list>
<pin id="1640" dir="0" index="0" bw="8" slack="1"/>
<pin id="1641" dir="1" index="1" bw="8" slack="1"/>
</pin_list>
<bind>
<opset="tmp_8 "/>
</bind>
</comp>

<comp id="1644" class="1005" name="icmp_ln51_9_reg_1644">
<pin_list>
<pin id="1645" dir="0" index="0" bw="1" slack="1"/>
<pin id="1646" dir="1" index="1" bw="1" slack="1"/>
</pin_list>
<bind>
<opset="icmp_ln51_9 "/>
</bind>
</comp>

<comp id="1649" class="1005" name="tmp_9_reg_1649">
<pin_list>
<pin id="1650" dir="0" index="0" bw="8" slack="1"/>
<pin id="1651" dir="1" index="1" bw="8" slack="1"/>
</pin_list>
<bind>
<opset="tmp_9 "/>
</bind>
</comp>

<comp id="1654" class="1005" name="icmp_ln51_10_reg_1654">
<pin_list>
<pin id="1655" dir="0" index="0" bw="1" slack="1"/>
<pin id="1656" dir="1" index="1" bw="1" slack="1"/>
</pin_list>
<bind>
<opset="icmp_ln51_10 "/>
</bind>
</comp>

<comp id="1659" class="1005" name="tmp_s_reg_1659">
<pin_list>
<pin id="1660" dir="0" index="0" bw="8" slack="1"/>
<pin id="1661" dir="1" index="1" bw="8" slack="1"/>
</pin_list>
<bind>
<opset="tmp_s "/>
</bind>
</comp>

<comp id="1664" class="1005" name="icmp_ln51_11_reg_1664">
<pin_list>
<pin id="1665" dir="0" index="0" bw="1" slack="1"/>
<pin id="1666" dir="1" index="1" bw="1" slack="1"/>
</pin_list>
<bind>
<opset="icmp_ln51_11 "/>
</bind>
</comp>

<comp id="1669" class="1005" name="tmp_10_reg_1669">
<pin_list>
<pin id="1670" dir="0" index="0" bw="8" slack="1"/>
<pin id="1671" dir="1" index="1" bw="8" slack="1"/>
</pin_list>
<bind>
<opset="tmp_10 "/>
</bind>
</comp>

<comp id="1674" class="1005" name="icmp_ln51_12_reg_1674">
<pin_list>
<pin id="1675" dir="0" index="0" bw="1" slack="1"/>
<pin id="1676" dir="1" index="1" bw="1" slack="1"/>
</pin_list>
<bind>
<opset="icmp_ln51_12 "/>
</bind>
</comp>

<comp id="1679" class="1005" name="tmp_11_reg_1679">
<pin_list>
<pin id="1680" dir="0" index="0" bw="8" slack="1"/>
<pin id="1681" dir="1" index="1" bw="8" slack="1"/>
</pin_list>
<bind>
<opset="tmp_11 "/>
</bind>
</comp>

<comp id="1684" class="1005" name="icmp_ln51_13_reg_1684">
<pin_list>
<pin id="1685" dir="0" index="0" bw="1" slack="1"/>
<pin id="1686" dir="1" index="1" bw="1" slack="1"/>
</pin_list>
<bind>
<opset="icmp_ln51_13 "/>
</bind>
</comp>

<comp id="1689" class="1005" name="tmp_12_reg_1689">
<pin_list>
<pin id="1690" dir="0" index="0" bw="8" slack="1"/>
<pin id="1691" dir="1" index="1" bw="8" slack="1"/>
</pin_list>
<bind>
<opset="tmp_12 "/>
</bind>
</comp>

<comp id="1694" class="1005" name="icmp_ln51_14_reg_1694">
<pin_list>
<pin id="1695" dir="0" index="0" bw="1" slack="1"/>
<pin id="1696" dir="1" index="1" bw="1" slack="1"/>
</pin_list>
<bind>
<opset="icmp_ln51_14 "/>
</bind>
</comp>

<comp id="1699" class="1005" name="tmp_13_reg_1699">
<pin_list>
<pin id="1700" dir="0" index="0" bw="8" slack="1"/>
<pin id="1701" dir="1" index="1" bw="8" slack="1"/>
</pin_list>
<bind>
<opset="tmp_13 "/>
</bind>
</comp>

<comp id="1704" class="1005" name="icmp_ln51_15_reg_1704">
<pin_list>
<pin id="1705" dir="0" index="0" bw="1" slack="1"/>
<pin id="1706" dir="1" index="1" bw="1" slack="1"/>
</pin_list>
<bind>
<opset="icmp_ln51_15 "/>
</bind>
</comp>

<comp id="1709" class="1005" name="tmp_14_reg_1709">
<pin_list>
<pin id="1710" dir="0" index="0" bw="8" slack="1"/>
<pin id="1711" dir="1" index="1" bw="8" slack="1"/>
</pin_list>
<bind>
<opset="tmp_14 "/>
</bind>
</comp>

<comp id="1714" class="1005" name="icmp_ln51_16_reg_1714">
<pin_list>
<pin id="1715" dir="0" index="0" bw="1" slack="1"/>
<pin id="1716" dir="1" index="1" bw="1" slack="1"/>
</pin_list>
<bind>
<opset="icmp_ln51_16 "/>
</bind>
</comp>

<comp id="1719" class="1005" name="tmp_15_reg_1719">
<pin_list>
<pin id="1720" dir="0" index="0" bw="8" slack="1"/>
<pin id="1721" dir="1" index="1" bw="8" slack="1"/>
</pin_list>
<bind>
<opset="tmp_15 "/>
</bind>
</comp>

<comp id="1724" class="1005" name="icmp_ln51_17_reg_1724">
<pin_list>
<pin id="1725" dir="0" index="0" bw="1" slack="1"/>
<pin id="1726" dir="1" index="1" bw="1" slack="1"/>
</pin_list>
<bind>
<opset="icmp_ln51_17 "/>
</bind>
</comp>

<comp id="1729" class="1005" name="tmp_16_reg_1729">
<pin_list>
<pin id="1730" dir="0" index="0" bw="8" slack="1"/>
<pin id="1731" dir="1" index="1" bw="8" slack="1"/>
</pin_list>
<bind>
<opset="tmp_16 "/>
</bind>
</comp>

<comp id="1734" class="1005" name="icmp_ln51_18_reg_1734">
<pin_list>
<pin id="1735" dir="0" index="0" bw="1" slack="1"/>
<pin id="1736" dir="1" index="1" bw="1" slack="1"/>
</pin_list>
<bind>
<opset="icmp_ln51_18 "/>
</bind>
</comp>

<comp id="1739" class="1005" name="tmp_17_reg_1739">
<pin_list>
<pin id="1740" dir="0" index="0" bw="8" slack="1"/>
<pin id="1741" dir="1" index="1" bw="8" slack="1"/>
</pin_list>
<bind>
<opset="tmp_17 "/>
</bind>
</comp>

<comp id="1744" class="1005" name="icmp_ln51_19_reg_1744">
<pin_list>
<pin id="1745" dir="0" index="0" bw="1" slack="1"/>
<pin id="1746" dir="1" index="1" bw="1" slack="1"/>
</pin_list>
<bind>
<opset="icmp_ln51_19 "/>
</bind>
</comp>

<comp id="1749" class="1005" name="tmp_18_reg_1749">
<pin_list>
<pin id="1750" dir="0" index="0" bw="8" slack="1"/>
<pin id="1751" dir="1" index="1" bw="8" slack="1"/>
</pin_list>
<bind>
<opset="tmp_18 "/>
</bind>
</comp>

<comp id="1754" class="1005" name="icmp_ln51_20_reg_1754">
<pin_list>
<pin id="1755" dir="0" index="0" bw="1" slack="1"/>
<pin id="1756" dir="1" index="1" bw="1" slack="1"/>
</pin_list>
<bind>
<opset="icmp_ln51_20 "/>
</bind>
</comp>

<comp id="1759" class="1005" name="tmp_19_reg_1759">
<pin_list>
<pin id="1760" dir="0" index="0" bw="8" slack="1"/>
<pin id="1761" dir="1" index="1" bw="8" slack="1"/>
</pin_list>
<bind>
<opset="tmp_19 "/>
</bind>
</comp>

<comp id="1764" class="1005" name="icmp_ln51_21_reg_1764">
<pin_list>
<pin id="1765" dir="0" index="0" bw="1" slack="1"/>
<pin id="1766" dir="1" index="1" bw="1" slack="1"/>
</pin_list>
<bind>
<opset="icmp_ln51_21 "/>
</bind>
</comp>

<comp id="1769" class="1005" name="tmp_20_reg_1769">
<pin_list>
<pin id="1770" dir="0" index="0" bw="8" slack="1"/>
<pin id="1771" dir="1" index="1" bw="8" slack="1"/>
</pin_list>
<bind>
<opset="tmp_20 "/>
</bind>
</comp>

<comp id="1774" class="1005" name="icmp_ln51_22_reg_1774">
<pin_list>
<pin id="1775" dir="0" index="0" bw="1" slack="1"/>
<pin id="1776" dir="1" index="1" bw="1" slack="1"/>
</pin_list>
<bind>
<opset="icmp_ln51_22 "/>
</bind>
</comp>

<comp id="1779" class="1005" name="tmp_21_reg_1779">
<pin_list>
<pin id="1780" dir="0" index="0" bw="8" slack="1"/>
<pin id="1781" dir="1" index="1" bw="8" slack="1"/>
</pin_list>
<bind>
<opset="tmp_21 "/>
</bind>
</comp>

<comp id="1784" class="1005" name="icmp_ln51_23_reg_1784">
<pin_list>
<pin id="1785" dir="0" index="0" bw="1" slack="1"/>
<pin id="1786" dir="1" index="1" bw="1" slack="1"/>
</pin_list>
<bind>
<opset="icmp_ln51_23 "/>
</bind>
</comp>

<comp id="1789" class="1005" name="tmp_22_reg_1789">
<pin_list>
<pin id="1790" dir="0" index="0" bw="8" slack="1"/>
<pin id="1791" dir="1" index="1" bw="8" slack="1"/>
</pin_list>
<bind>
<opset="tmp_22 "/>
</bind>
</comp>

<comp id="1794" class="1005" name="icmp_ln51_24_reg_1794">
<pin_list>
<pin id="1795" dir="0" index="0" bw="1" slack="1"/>
<pin id="1796" dir="1" index="1" bw="1" slack="1"/>
</pin_list>
<bind>
<opset="icmp_ln51_24 "/>
</bind>
</comp>

<comp id="1799" class="1005" name="tmp_23_reg_1799">
<pin_list>
<pin id="1800" dir="0" index="0" bw="8" slack="1"/>
<pin id="1801" dir="1" index="1" bw="8" slack="1"/>
</pin_list>
<bind>
<opset="tmp_23 "/>
</bind>
</comp>

<comp id="1804" class="1005" name="icmp_ln51_25_reg_1804">
<pin_list>
<pin id="1805" dir="0" index="0" bw="1" slack="1"/>
<pin id="1806" dir="1" index="1" bw="1" slack="1"/>
</pin_list>
<bind>
<opset="icmp_ln51_25 "/>
</bind>
</comp>

<comp id="1809" class="1005" name="tmp_24_reg_1809">
<pin_list>
<pin id="1810" dir="0" index="0" bw="8" slack="1"/>
<pin id="1811" dir="1" index="1" bw="8" slack="1"/>
</pin_list>
<bind>
<opset="tmp_24 "/>
</bind>
</comp>

<comp id="1814" class="1005" name="icmp_ln51_26_reg_1814">
<pin_list>
<pin id="1815" dir="0" index="0" bw="1" slack="1"/>
<pin id="1816" dir="1" index="1" bw="1" slack="1"/>
</pin_list>
<bind>
<opset="icmp_ln51_26 "/>
</bind>
</comp>

<comp id="1819" class="1005" name="tmp_25_reg_1819">
<pin_list>
<pin id="1820" dir="0" index="0" bw="8" slack="1"/>
<pin id="1821" dir="1" index="1" bw="8" slack="1"/>
</pin_list>
<bind>
<opset="tmp_25 "/>
</bind>
</comp>

<comp id="1824" class="1005" name="icmp_ln51_27_reg_1824">
<pin_list>
<pin id="1825" dir="0" index="0" bw="1" slack="1"/>
<pin id="1826" dir="1" index="1" bw="1" slack="1"/>
</pin_list>
<bind>
<opset="icmp_ln51_27 "/>
</bind>
</comp>

<comp id="1829" class="1005" name="tmp_26_reg_1829">
<pin_list>
<pin id="1830" dir="0" index="0" bw="8" slack="1"/>
<pin id="1831" dir="1" index="1" bw="8" slack="1"/>
</pin_list>
<bind>
<opset="tmp_26 "/>
</bind>
</comp>

</comp_list>

<net_list>
<net id="223"><net_src comp="4" pin="0"/><net_sink comp="220" pin=0"/></net>

<net id="228"><net_src comp="30" pin="0"/><net_sink comp="224" pin=0"/></net>

<net id="229"><net_src comp="0" pin="0"/><net_sink comp="224" pin=1"/></net>

<net id="235"><net_src comp="218" pin="0"/><net_sink comp="230" pin=0"/></net>

<net id="236"><net_src comp="2" pin="0"/><net_sink comp="230" pin=1"/></net>

<net id="241"><net_src comp="24" pin="0"/><net_sink comp="237" pin=0"/></net>

<net id="249"><net_src comp="242" pin="1"/><net_sink comp="245" pin=0"/></net>

<net id="250"><net_src comp="26" pin="0"/><net_sink comp="245" pin=1"/></net>

<net id="255"><net_src comp="242" pin="1"/><net_sink comp="251" pin=0"/></net>

<net id="256"><net_src comp="28" pin="0"/><net_sink comp="251" pin=1"/></net>

<net id="261"><net_src comp="251" pin="2"/><net_sink comp="257" pin=0"/></net>

<net id="265"><net_src comp="224" pin="2"/><net_sink comp="262" pin=0"/></net>

<net id="272"><net_src comp="32" pin="0"/><net_sink comp="266" pin=0"/></net>

<net id="273"><net_src comp="224" pin="2"/><net_sink comp="266" pin=1"/></net>

<net id="274"><net_src comp="34" pin="0"/><net_sink comp="266" pin=2"/></net>

<net id="275"><net_src comp="36" pin="0"/><net_sink comp="266" pin=3"/></net>

<net id="282"><net_src comp="32" pin="0"/><net_sink comp="276" pin=0"/></net>

<net id="283"><net_src comp="224" pin="2"/><net_sink comp="276" pin=1"/></net>

<net id="284"><net_src comp="38" pin="0"/><net_sink comp="276" pin=2"/></net>

<net id="285"><net_src comp="40" pin="0"/><net_sink comp="276" pin=3"/></net>

<net id="292"><net_src comp="32" pin="0"/><net_sink comp="286" pin=0"/></net>

<net id="293"><net_src comp="224" pin="2"/><net_sink comp="286" pin=1"/></net>

<net id="294"><net_src comp="42" pin="0"/><net_sink comp="286" pin=2"/></net>

<net id="295"><net_src comp="44" pin="0"/><net_sink comp="286" pin=3"/></net>

<net id="302"><net_src comp="32" pin="0"/><net_sink comp="296" pin=0"/></net>

<net id="303"><net_src comp="224" pin="2"/><net_sink comp="296" pin=1"/></net>

<net id="304"><net_src comp="46" pin="0"/><net_sink comp="296" pin=2"/></net>

<net id="305"><net_src comp="48" pin="0"/><net_sink comp="296" pin=3"/></net>

<net id="312"><net_src comp="32" pin="0"/><net_sink comp="306" pin=0"/></net>

<net id="313"><net_src comp="224" pin="2"/><net_sink comp="306" pin=1"/></net>

<net id="314"><net_src comp="50" pin="0"/><net_sink comp="306" pin=2"/></net>

<net id="315"><net_src comp="52" pin="0"/><net_sink comp="306" pin=3"/></net>

<net id="322"><net_src comp="32" pin="0"/><net_sink comp="316" pin=0"/></net>

<net id="323"><net_src comp="224" pin="2"/><net_sink comp="316" pin=1"/></net>

<net id="324"><net_src comp="54" pin="0"/><net_sink comp="316" pin=2"/></net>

<net id="325"><net_src comp="56" pin="0"/><net_sink comp="316" pin=3"/></net>

<net id="332"><net_src comp="32" pin="0"/><net_sink comp="326" pin=0"/></net>

<net id="333"><net_src comp="224" pin="2"/><net_sink comp="326" pin=1"/></net>

<net id="334"><net_src comp="58" pin="0"/><net_sink comp="326" pin=2"/></net>

<net id="335"><net_src comp="60" pin="0"/><net_sink comp="326" pin=3"/></net>

<net id="342"><net_src comp="32" pin="0"/><net_sink comp="336" pin=0"/></net>

<net id="343"><net_src comp="224" pin="2"/><net_sink comp="336" pin=1"/></net>

<net id="344"><net_src comp="62" pin="0"/><net_sink comp="336" pin=2"/></net>

<net id="345"><net_src comp="64" pin="0"/><net_sink comp="336" pin=3"/></net>

<net id="352"><net_src comp="32" pin="0"/><net_sink comp="346" pin=0"/></net>

<net id="353"><net_src comp="224" pin="2"/><net_sink comp="346" pin=1"/></net>

<net id="354"><net_src comp="66" pin="0"/><net_sink comp="346" pin=2"/></net>

<net id="355"><net_src comp="68" pin="0"/><net_sink comp="346" pin=3"/></net>

<net id="362"><net_src comp="32" pin="0"/><net_sink comp="356" pin=0"/></net>

<net id="363"><net_src comp="224" pin="2"/><net_sink comp="356" pin=1"/></net>

<net id="364"><net_src comp="70" pin="0"/><net_sink comp="356" pin=2"/></net>

<net id="365"><net_src comp="72" pin="0"/><net_sink comp="356" pin=3"/></net>

<net id="372"><net_src comp="32" pin="0"/><net_sink comp="366" pin=0"/></net>

<net id="373"><net_src comp="224" pin="2"/><net_sink comp="366" pin=1"/></net>

<net id="374"><net_src comp="74" pin="0"/><net_sink comp="366" pin=2"/></net>

<net id="375"><net_src comp="76" pin="0"/><net_sink comp="366" pin=3"/></net>

<net id="382"><net_src comp="32" pin="0"/><net_sink comp="376" pin=0"/></net>

<net id="383"><net_src comp="224" pin="2"/><net_sink comp="376" pin=1"/></net>

<net id="384"><net_src comp="78" pin="0"/><net_sink comp="376" pin=2"/></net>

<net id="385"><net_src comp="80" pin="0"/><net_sink comp="376" pin=3"/></net>

<net id="392"><net_src comp="32" pin="0"/><net_sink comp="386" pin=0"/></net>

<net id="393"><net_src comp="224" pin="2"/><net_sink comp="386" pin=1"/></net>

<net id="394"><net_src comp="82" pin="0"/><net_sink comp="386" pin=2"/></net>

<net id="395"><net_src comp="84" pin="0"/><net_sink comp="386" pin=3"/></net>

<net id="402"><net_src comp="32" pin="0"/><net_sink comp="396" pin=0"/></net>

<net id="403"><net_src comp="224" pin="2"/><net_sink comp="396" pin=1"/></net>

<net id="404"><net_src comp="86" pin="0"/><net_sink comp="396" pin=2"/></net>

<net id="405"><net_src comp="88" pin="0"/><net_sink comp="396" pin=3"/></net>

<net id="412"><net_src comp="32" pin="0"/><net_sink comp="406" pin=0"/></net>

<net id="413"><net_src comp="224" pin="2"/><net_sink comp="406" pin=1"/></net>

<net id="414"><net_src comp="90" pin="0"/><net_sink comp="406" pin=2"/></net>

<net id="415"><net_src comp="92" pin="0"/><net_sink comp="406" pin=3"/></net>

<net id="422"><net_src comp="32" pin="0"/><net_sink comp="416" pin=0"/></net>

<net id="423"><net_src comp="224" pin="2"/><net_sink comp="416" pin=1"/></net>

<net id="424"><net_src comp="94" pin="0"/><net_sink comp="416" pin=2"/></net>

<net id="425"><net_src comp="96" pin="0"/><net_sink comp="416" pin=3"/></net>

<net id="432"><net_src comp="32" pin="0"/><net_sink comp="426" pin=0"/></net>

<net id="433"><net_src comp="224" pin="2"/><net_sink comp="426" pin=1"/></net>

<net id="434"><net_src comp="98" pin="0"/><net_sink comp="426" pin=2"/></net>

<net id="435"><net_src comp="100" pin="0"/><net_sink comp="426" pin=3"/></net>

<net id="442"><net_src comp="32" pin="0"/><net_sink comp="436" pin=0"/></net>

<net id="443"><net_src comp="224" pin="2"/><net_sink comp="436" pin=1"/></net>

<net id="444"><net_src comp="102" pin="0"/><net_sink comp="436" pin=2"/></net>

<net id="445"><net_src comp="104" pin="0"/><net_sink comp="436" pin=3"/></net>

<net id="452"><net_src comp="32" pin="0"/><net_sink comp="446" pin=0"/></net>

<net id="453"><net_src comp="224" pin="2"/><net_sink comp="446" pin=1"/></net>

<net id="454"><net_src comp="106" pin="0"/><net_sink comp="446" pin=2"/></net>

<net id="455"><net_src comp="108" pin="0"/><net_sink comp="446" pin=3"/></net>

<net id="462"><net_src comp="32" pin="0"/><net_sink comp="456" pin=0"/></net>

<net id="463"><net_src comp="224" pin="2"/><net_sink comp="456" pin=1"/></net>

<net id="464"><net_src comp="110" pin="0"/><net_sink comp="456" pin=2"/></net>

<net id="465"><net_src comp="112" pin="0"/><net_sink comp="456" pin=3"/></net>

<net id="472"><net_src comp="32" pin="0"/><net_sink comp="466" pin=0"/></net>

<net id="473"><net_src comp="224" pin="2"/><net_sink comp="466" pin=1"/></net>

<net id="474"><net_src comp="114" pin="0"/><net_sink comp="466" pin=2"/></net>

<net id="475"><net_src comp="116" pin="0"/><net_sink comp="466" pin=3"/></net>

<net id="482"><net_src comp="32" pin="0"/><net_sink comp="476" pin=0"/></net>

<net id="483"><net_src comp="224" pin="2"/><net_sink comp="476" pin=1"/></net>

<net id="484"><net_src comp="118" pin="0"/><net_sink comp="476" pin=2"/></net>

<net id="485"><net_src comp="120" pin="0"/><net_sink comp="476" pin=3"/></net>

<net id="492"><net_src comp="32" pin="0"/><net_sink comp="486" pin=0"/></net>

<net id="493"><net_src comp="224" pin="2"/><net_sink comp="486" pin=1"/></net>

<net id="494"><net_src comp="122" pin="0"/><net_sink comp="486" pin=2"/></net>

<net id="495"><net_src comp="124" pin="0"/><net_sink comp="486" pin=3"/></net>

<net id="502"><net_src comp="32" pin="0"/><net_sink comp="496" pin=0"/></net>

<net id="503"><net_src comp="224" pin="2"/><net_sink comp="496" pin=1"/></net>

<net id="504"><net_src comp="126" pin="0"/><net_sink comp="496" pin=2"/></net>

<net id="505"><net_src comp="128" pin="0"/><net_sink comp="496" pin=3"/></net>

<net id="512"><net_src comp="32" pin="0"/><net_sink comp="506" pin=0"/></net>

<net id="513"><net_src comp="224" pin="2"/><net_sink comp="506" pin=1"/></net>

<net id="514"><net_src comp="130" pin="0"/><net_sink comp="506" pin=2"/></net>

<net id="515"><net_src comp="132" pin="0"/><net_sink comp="506" pin=3"/></net>

<net id="522"><net_src comp="32" pin="0"/><net_sink comp="516" pin=0"/></net>

<net id="523"><net_src comp="224" pin="2"/><net_sink comp="516" pin=1"/></net>

<net id="524"><net_src comp="134" pin="0"/><net_sink comp="516" pin=2"/></net>

<net id="525"><net_src comp="136" pin="0"/><net_sink comp="516" pin=3"/></net>

<net id="532"><net_src comp="32" pin="0"/><net_sink comp="526" pin=0"/></net>

<net id="533"><net_src comp="224" pin="2"/><net_sink comp="526" pin=1"/></net>

<net id="534"><net_src comp="138" pin="0"/><net_sink comp="526" pin=2"/></net>

<net id="535"><net_src comp="140" pin="0"/><net_sink comp="526" pin=3"/></net>

<net id="540"><net_src comp="262" pin="1"/><net_sink comp="536" pin=0"/></net>

<net id="541"><net_src comp="142" pin="0"/><net_sink comp="536" pin=1"/></net>

<net id="545"><net_src comp="224" pin="2"/><net_sink comp="542" pin=0"/></net>

<net id="550"><net_src comp="266" pin="4"/><net_sink comp="546" pin=0"/></net>

<net id="551"><net_src comp="142" pin="0"/><net_sink comp="546" pin=1"/></net>

<net id="558"><net_src comp="144" pin="0"/><net_sink comp="552" pin=0"/></net>

<net id="559"><net_src comp="224" pin="2"/><net_sink comp="552" pin=1"/></net>

<net id="560"><net_src comp="34" pin="0"/><net_sink comp="552" pin=2"/></net>

<net id="561"><net_src comp="146" pin="0"/><net_sink comp="552" pin=3"/></net>

<net id="566"><net_src comp="276" pin="4"/><net_sink comp="562" pin=0"/></net>

<net id="567"><net_src comp="142" pin="0"/><net_sink comp="562" pin=1"/></net>

<net id="574"><net_src comp="144" pin="0"/><net_sink comp="568" pin=0"/></net>

<net id="575"><net_src comp="224" pin="2"/><net_sink comp="568" pin=1"/></net>

<net id="576"><net_src comp="38" pin="0"/><net_sink comp="568" pin=2"/></net>

<net id="577"><net_src comp="148" pin="0"/><net_sink comp="568" pin=3"/></net>

<net id="582"><net_src comp="286" pin="4"/><net_sink comp="578" pin=0"/></net>

<net id="583"><net_src comp="142" pin="0"/><net_sink comp="578" pin=1"/></net>

<net id="590"><net_src comp="144" pin="0"/><net_sink comp="584" pin=0"/></net>

<net id="591"><net_src comp="224" pin="2"/><net_sink comp="584" pin=1"/></net>

<net id="592"><net_src comp="42" pin="0"/><net_sink comp="584" pin=2"/></net>

<net id="593"><net_src comp="150" pin="0"/><net_sink comp="584" pin=3"/></net>

<net id="598"><net_src comp="296" pin="4"/><net_sink comp="594" pin=0"/></net>

<net id="599"><net_src comp="142" pin="0"/><net_sink comp="594" pin=1"/></net>

<net id="606"><net_src comp="144" pin="0"/><net_sink comp="600" pin=0"/></net>

<net id="607"><net_src comp="224" pin="2"/><net_sink comp="600" pin=1"/></net>

<net id="608"><net_src comp="46" pin="0"/><net_sink comp="600" pin=2"/></net>

<net id="609"><net_src comp="152" pin="0"/><net_sink comp="600" pin=3"/></net>

<net id="614"><net_src comp="306" pin="4"/><net_sink comp="610" pin=0"/></net>

<net id="615"><net_src comp="142" pin="0"/><net_sink comp="610" pin=1"/></net>

<net id="622"><net_src comp="144" pin="0"/><net_sink comp="616" pin=0"/></net>

<net id="623"><net_src comp="224" pin="2"/><net_sink comp="616" pin=1"/></net>

<net id="624"><net_src comp="50" pin="0"/><net_sink comp="616" pin=2"/></net>

<net id="625"><net_src comp="154" pin="0"/><net_sink comp="616" pin=3"/></net>

<net id="630"><net_src comp="316" pin="4"/><net_sink comp="626" pin=0"/></net>

<net id="631"><net_src comp="142" pin="0"/><net_sink comp="626" pin=1"/></net>

<net id="638"><net_src comp="144" pin="0"/><net_sink comp="632" pin=0"/></net>

<net id="639"><net_src comp="224" pin="2"/><net_sink comp="632" pin=1"/></net>

<net id="640"><net_src comp="54" pin="0"/><net_sink comp="632" pin=2"/></net>

<net id="641"><net_src comp="156" pin="0"/><net_sink comp="632" pin=3"/></net>

<net id="646"><net_src comp="326" pin="4"/><net_sink comp="642" pin=0"/></net>

<net id="647"><net_src comp="142" pin="0"/><net_sink comp="642" pin=1"/></net>

<net id="654"><net_src comp="144" pin="0"/><net_sink comp="648" pin=0"/></net>

<net id="655"><net_src comp="224" pin="2"/><net_sink comp="648" pin=1"/></net>

<net id="656"><net_src comp="58" pin="0"/><net_sink comp="648" pin=2"/></net>

<net id="657"><net_src comp="158" pin="0"/><net_sink comp="648" pin=3"/></net>

<net id="662"><net_src comp="336" pin="4"/><net_sink comp="658" pin=0"/></net>

<net id="663"><net_src comp="142" pin="0"/><net_sink comp="658" pin=1"/></net>

<net id="670"><net_src comp="144" pin="0"/><net_sink comp="664" pin=0"/></net>

<net id="671"><net_src comp="224" pin="2"/><net_sink comp="664" pin=1"/></net>

<net id="672"><net_src comp="62" pin="0"/><net_sink comp="664" pin=2"/></net>

<net id="673"><net_src comp="160" pin="0"/><net_sink comp="664" pin=3"/></net>

<net id="678"><net_src comp="346" pin="4"/><net_sink comp="674" pin=0"/></net>

<net id="679"><net_src comp="142" pin="0"/><net_sink comp="674" pin=1"/></net>

<net id="686"><net_src comp="144" pin="0"/><net_sink comp="680" pin=0"/></net>

<net id="687"><net_src comp="224" pin="2"/><net_sink comp="680" pin=1"/></net>

<net id="688"><net_src comp="66" pin="0"/><net_sink comp="680" pin=2"/></net>

<net id="689"><net_src comp="162" pin="0"/><net_sink comp="680" pin=3"/></net>

<net id="694"><net_src comp="356" pin="4"/><net_sink comp="690" pin=0"/></net>

<net id="695"><net_src comp="142" pin="0"/><net_sink comp="690" pin=1"/></net>

<net id="702"><net_src comp="144" pin="0"/><net_sink comp="696" pin=0"/></net>

<net id="703"><net_src comp="224" pin="2"/><net_sink comp="696" pin=1"/></net>

<net id="704"><net_src comp="70" pin="0"/><net_sink comp="696" pin=2"/></net>

<net id="705"><net_src comp="164" pin="0"/><net_sink comp="696" pin=3"/></net>

<net id="710"><net_src comp="366" pin="4"/><net_sink comp="706" pin=0"/></net>

<net id="711"><net_src comp="142" pin="0"/><net_sink comp="706" pin=1"/></net>

<net id="718"><net_src comp="144" pin="0"/><net_sink comp="712" pin=0"/></net>

<net id="719"><net_src comp="224" pin="2"/><net_sink comp="712" pin=1"/></net>

<net id="720"><net_src comp="74" pin="0"/><net_sink comp="712" pin=2"/></net>

<net id="721"><net_src comp="166" pin="0"/><net_sink comp="712" pin=3"/></net>

<net id="726"><net_src comp="376" pin="4"/><net_sink comp="722" pin=0"/></net>

<net id="727"><net_src comp="142" pin="0"/><net_sink comp="722" pin=1"/></net>

<net id="734"><net_src comp="144" pin="0"/><net_sink comp="728" pin=0"/></net>

<net id="735"><net_src comp="224" pin="2"/><net_sink comp="728" pin=1"/></net>

<net id="736"><net_src comp="78" pin="0"/><net_sink comp="728" pin=2"/></net>

<net id="737"><net_src comp="168" pin="0"/><net_sink comp="728" pin=3"/></net>

<net id="742"><net_src comp="386" pin="4"/><net_sink comp="738" pin=0"/></net>

<net id="743"><net_src comp="142" pin="0"/><net_sink comp="738" pin=1"/></net>

<net id="750"><net_src comp="144" pin="0"/><net_sink comp="744" pin=0"/></net>

<net id="751"><net_src comp="224" pin="2"/><net_sink comp="744" pin=1"/></net>

<net id="752"><net_src comp="82" pin="0"/><net_sink comp="744" pin=2"/></net>

<net id="753"><net_src comp="170" pin="0"/><net_sink comp="744" pin=3"/></net>

<net id="758"><net_src comp="396" pin="4"/><net_sink comp="754" pin=0"/></net>

<net id="759"><net_src comp="142" pin="0"/><net_sink comp="754" pin=1"/></net>

<net id="766"><net_src comp="144" pin="0"/><net_sink comp="760" pin=0"/></net>

<net id="767"><net_src comp="224" pin="2"/><net_sink comp="760" pin=1"/></net>

<net id="768"><net_src comp="86" pin="0"/><net_sink comp="760" pin=2"/></net>

<net id="769"><net_src comp="172" pin="0"/><net_sink comp="760" pin=3"/></net>

<net id="774"><net_src comp="406" pin="4"/><net_sink comp="770" pin=0"/></net>

<net id="775"><net_src comp="142" pin="0"/><net_sink comp="770" pin=1"/></net>

<net id="782"><net_src comp="144" pin="0"/><net_sink comp="776" pin=0"/></net>

<net id="783"><net_src comp="224" pin="2"/><net_sink comp="776" pin=1"/></net>

<net id="784"><net_src comp="90" pin="0"/><net_sink comp="776" pin=2"/></net>

<net id="785"><net_src comp="174" pin="0"/><net_sink comp="776" pin=3"/></net>

<net id="790"><net_src comp="416" pin="4"/><net_sink comp="786" pin=0"/></net>

<net id="791"><net_src comp="142" pin="0"/><net_sink comp="786" pin=1"/></net>

<net id="798"><net_src comp="144" pin="0"/><net_sink comp="792" pin=0"/></net>

<net id="799"><net_src comp="224" pin="2"/><net_sink comp="792" pin=1"/></net>

<net id="800"><net_src comp="94" pin="0"/><net_sink comp="792" pin=2"/></net>

<net id="801"><net_src comp="176" pin="0"/><net_sink comp="792" pin=3"/></net>

<net id="806"><net_src comp="426" pin="4"/><net_sink comp="802" pin=0"/></net>

<net id="807"><net_src comp="142" pin="0"/><net_sink comp="802" pin=1"/></net>

<net id="814"><net_src comp="144" pin="0"/><net_sink comp="808" pin=0"/></net>

<net id="815"><net_src comp="224" pin="2"/><net_sink comp="808" pin=1"/></net>

<net id="816"><net_src comp="98" pin="0"/><net_sink comp="808" pin=2"/></net>

<net id="817"><net_src comp="178" pin="0"/><net_sink comp="808" pin=3"/></net>

<net id="822"><net_src comp="436" pin="4"/><net_sink comp="818" pin=0"/></net>

<net id="823"><net_src comp="142" pin="0"/><net_sink comp="818" pin=1"/></net>

<net id="830"><net_src comp="144" pin="0"/><net_sink comp="824" pin=0"/></net>

<net id="831"><net_src comp="224" pin="2"/><net_sink comp="824" pin=1"/></net>

<net id="832"><net_src comp="102" pin="0"/><net_sink comp="824" pin=2"/></net>

<net id="833"><net_src comp="180" pin="0"/><net_sink comp="824" pin=3"/></net>

<net id="838"><net_src comp="446" pin="4"/><net_sink comp="834" pin=0"/></net>

<net id="839"><net_src comp="142" pin="0"/><net_sink comp="834" pin=1"/></net>

<net id="846"><net_src comp="144" pin="0"/><net_sink comp="840" pin=0"/></net>

<net id="847"><net_src comp="224" pin="2"/><net_sink comp="840" pin=1"/></net>

<net id="848"><net_src comp="106" pin="0"/><net_sink comp="840" pin=2"/></net>

<net id="849"><net_src comp="182" pin="0"/><net_sink comp="840" pin=3"/></net>

<net id="854"><net_src comp="456" pin="4"/><net_sink comp="850" pin=0"/></net>

<net id="855"><net_src comp="142" pin="0"/><net_sink comp="850" pin=1"/></net>

<net id="862"><net_src comp="144" pin="0"/><net_sink comp="856" pin=0"/></net>

<net id="863"><net_src comp="224" pin="2"/><net_sink comp="856" pin=1"/></net>

<net id="864"><net_src comp="110" pin="0"/><net_sink comp="856" pin=2"/></net>

<net id="865"><net_src comp="184" pin="0"/><net_sink comp="856" pin=3"/></net>

<net id="870"><net_src comp="466" pin="4"/><net_sink comp="866" pin=0"/></net>

<net id="871"><net_src comp="142" pin="0"/><net_sink comp="866" pin=1"/></net>

<net id="878"><net_src comp="144" pin="0"/><net_sink comp="872" pin=0"/></net>

<net id="879"><net_src comp="224" pin="2"/><net_sink comp="872" pin=1"/></net>

<net id="880"><net_src comp="114" pin="0"/><net_sink comp="872" pin=2"/></net>

<net id="881"><net_src comp="186" pin="0"/><net_sink comp="872" pin=3"/></net>

<net id="886"><net_src comp="476" pin="4"/><net_sink comp="882" pin=0"/></net>

<net id="887"><net_src comp="142" pin="0"/><net_sink comp="882" pin=1"/></net>

<net id="894"><net_src comp="144" pin="0"/><net_sink comp="888" pin=0"/></net>

<net id="895"><net_src comp="224" pin="2"/><net_sink comp="888" pin=1"/></net>

<net id="896"><net_src comp="118" pin="0"/><net_sink comp="888" pin=2"/></net>

<net id="897"><net_src comp="188" pin="0"/><net_sink comp="888" pin=3"/></net>

<net id="902"><net_src comp="486" pin="4"/><net_sink comp="898" pin=0"/></net>

<net id="903"><net_src comp="142" pin="0"/><net_sink comp="898" pin=1"/></net>

<net id="910"><net_src comp="144" pin="0"/><net_sink comp="904" pin=0"/></net>

<net id="911"><net_src comp="224" pin="2"/><net_sink comp="904" pin=1"/></net>

<net id="912"><net_src comp="122" pin="0"/><net_sink comp="904" pin=2"/></net>

<net id="913"><net_src comp="190" pin="0"/><net_sink comp="904" pin=3"/></net>

<net id="918"><net_src comp="496" pin="4"/><net_sink comp="914" pin=0"/></net>

<net id="919"><net_src comp="142" pin="0"/><net_sink comp="914" pin=1"/></net>

<net id="926"><net_src comp="144" pin="0"/><net_sink comp="920" pin=0"/></net>

<net id="927"><net_src comp="224" pin="2"/><net_sink comp="920" pin=1"/></net>

<net id="928"><net_src comp="126" pin="0"/><net_sink comp="920" pin=2"/></net>

<net id="929"><net_src comp="192" pin="0"/><net_sink comp="920" pin=3"/></net>

<net id="934"><net_src comp="506" pin="4"/><net_sink comp="930" pin=0"/></net>

<net id="935"><net_src comp="142" pin="0"/><net_sink comp="930" pin=1"/></net>

<net id="942"><net_src comp="144" pin="0"/><net_sink comp="936" pin=0"/></net>

<net id="943"><net_src comp="224" pin="2"/><net_sink comp="936" pin=1"/></net>

<net id="944"><net_src comp="130" pin="0"/><net_sink comp="936" pin=2"/></net>

<net id="945"><net_src comp="194" pin="0"/><net_sink comp="936" pin=3"/></net>

<net id="950"><net_src comp="516" pin="4"/><net_sink comp="946" pin=0"/></net>

<net id="951"><net_src comp="142" pin="0"/><net_sink comp="946" pin=1"/></net>

<net id="958"><net_src comp="144" pin="0"/><net_sink comp="952" pin=0"/></net>

<net id="959"><net_src comp="224" pin="2"/><net_sink comp="952" pin=1"/></net>

<net id="960"><net_src comp="134" pin="0"/><net_sink comp="952" pin=2"/></net>

<net id="961"><net_src comp="196" pin="0"/><net_sink comp="952" pin=3"/></net>

<net id="966"><net_src comp="526" pin="4"/><net_sink comp="962" pin=0"/></net>

<net id="967"><net_src comp="142" pin="0"/><net_sink comp="962" pin=1"/></net>

<net id="974"><net_src comp="144" pin="0"/><net_sink comp="968" pin=0"/></net>

<net id="975"><net_src comp="224" pin="2"/><net_sink comp="968" pin=1"/></net>

<net id="976"><net_src comp="138" pin="0"/><net_sink comp="968" pin=2"/></net>

<net id="977"><net_src comp="198" pin="0"/><net_sink comp="968" pin=3"/></net>

<net id="983"><net_src comp="210" pin="0"/><net_sink comp="978" pin=0"/></net>

<net id="984"><net_src comp="212" pin="0"/><net_sink comp="978" pin=2"/></net>

<net id="990"><net_src comp="978" pin="3"/><net_sink comp="985" pin=1"/></net>

<net id="991"><net_src comp="214" pin="0"/><net_sink comp="985" pin=2"/></net>

<net id="995"><net_src comp="985" pin="3"/><net_sink comp="992" pin=0"/></net>

<net id="1001"><net_src comp="210" pin="0"/><net_sink comp="996" pin=0"/></net>

<net id="1002"><net_src comp="212" pin="0"/><net_sink comp="996" pin=2"/></net>

<net id="1008"><net_src comp="996" pin="3"/><net_sink comp="1003" pin=1"/></net>

<net id="1009"><net_src comp="214" pin="0"/><net_sink comp="1003" pin=2"/></net>

<net id="1013"><net_src comp="1003" pin="3"/><net_sink comp="1010" pin=0"/></net>

<net id="1019"><net_src comp="210" pin="0"/><net_sink comp="1014" pin=0"/></net>

<net id="1020"><net_src comp="212" pin="0"/><net_sink comp="1014" pin=2"/></net>

<net id="1026"><net_src comp="1014" pin="3"/><net_sink comp="1021" pin=1"/></net>

<net id="1027"><net_src comp="214" pin="0"/><net_sink comp="1021" pin=2"/></net>

<net id="1031"><net_src comp="1021" pin="3"/><net_sink comp="1028" pin=0"/></net>

<net id="1037"><net_src comp="210" pin="0"/><net_sink comp="1032" pin=0"/></net>

<net id="1038"><net_src comp="212" pin="0"/><net_sink comp="1032" pin=2"/></net>

<net id="1044"><net_src comp="1032" pin="3"/><net_sink comp="1039" pin=1"/></net>

<net id="1045"><net_src comp="214" pin="0"/><net_sink comp="1039" pin=2"/></net>

<net id="1049"><net_src comp="1039" pin="3"/><net_sink comp="1046" pin=0"/></net>

<net id="1055"><net_src comp="210" pin="0"/><net_sink comp="1050" pin=0"/></net>

<net id="1056"><net_src comp="212" pin="0"/><net_sink comp="1050" pin=2"/></net>

<net id="1062"><net_src comp="1050" pin="3"/><net_sink comp="1057" pin=1"/></net>

<net id="1063"><net_src comp="214" pin="0"/><net_sink comp="1057" pin=2"/></net>

<net id="1067"><net_src comp="1057" pin="3"/><net_sink comp="1064" pin=0"/></net>

<net id="1073"><net_src comp="210" pin="0"/><net_sink comp="1068" pin=0"/></net>

<net id="1074"><net_src comp="212" pin="0"/><net_sink comp="1068" pin=2"/></net>

<net id="1080"><net_src comp="1068" pin="3"/><net_sink comp="1075" pin=1"/></net>

<net id="1081"><net_src comp="214" pin="0"/><net_sink comp="1075" pin=2"/></net>

<net id="1085"><net_src comp="1075" pin="3"/><net_sink comp="1082" pin=0"/></net>

<net id="1091"><net_src comp="210" pin="0"/><net_sink comp="1086" pin=0"/></net>

<net id="1092"><net_src comp="212" pin="0"/><net_sink comp="1086" pin=2"/></net>

<net id="1098"><net_src comp="1086" pin="3"/><net_sink comp="1093" pin=1"/></net>

<net id="1099"><net_src comp="214" pin="0"/><net_sink comp="1093" pin=2"/></net>

<net id="1103"><net_src comp="1093" pin="3"/><net_sink comp="1100" pin=0"/></net>

<net id="1109"><net_src comp="210" pin="0"/><net_sink comp="1104" pin=0"/></net>

<net id="1110"><net_src comp="212" pin="0"/><net_sink comp="1104" pin=2"/></net>

<net id="1116"><net_src comp="1104" pin="3"/><net_sink comp="1111" pin=1"/></net>

<net id="1117"><net_src comp="214" pin="0"/><net_sink comp="1111" pin=2"/></net>

<net id="1121"><net_src comp="1111" pin="3"/><net_sink comp="1118" pin=0"/></net>

<net id="1127"><net_src comp="210" pin="0"/><net_sink comp="1122" pin=0"/></net>

<net id="1128"><net_src comp="212" pin="0"/><net_sink comp="1122" pin=2"/></net>

<net id="1134"><net_src comp="1122" pin="3"/><net_sink comp="1129" pin=1"/></net>

<net id="1135"><net_src comp="214" pin="0"/><net_sink comp="1129" pin=2"/></net>

<net id="1139"><net_src comp="1129" pin="3"/><net_sink comp="1136" pin=0"/></net>

<net id="1145"><net_src comp="210" pin="0"/><net_sink comp="1140" pin=0"/></net>

<net id="1146"><net_src comp="212" pin="0"/><net_sink comp="1140" pin=2"/></net>

<net id="1152"><net_src comp="1140" pin="3"/><net_sink comp="1147" pin=1"/></net>

<net id="1153"><net_src comp="214" pin="0"/><net_sink comp="1147" pin=2"/></net>

<net id="1157"><net_src comp="1147" pin="3"/><net_sink comp="1154" pin=0"/></net>

<net id="1163"><net_src comp="210" pin="0"/><net_sink comp="1158" pin=0"/></net>

<net id="1164"><net_src comp="212" pin="0"/><net_sink comp="1158" pin=2"/></net>

<net id="1170"><net_src comp="1158" pin="3"/><net_sink comp="1165" pin=1"/></net>

<net id="1171"><net_src comp="214" pin="0"/><net_sink comp="1165" pin=2"/></net>

<net id="1175"><net_src comp="1165" pin="3"/><net_sink comp="1172" pin=0"/></net>

<net id="1181"><net_src comp="210" pin="0"/><net_sink comp="1176" pin=0"/></net>

<net id="1182"><net_src comp="212" pin="0"/><net_sink comp="1176" pin=2"/></net>

<net id="1188"><net_src comp="1176" pin="3"/><net_sink comp="1183" pin=1"/></net>

<net id="1189"><net_src comp="214" pin="0"/><net_sink comp="1183" pin=2"/></net>

<net id="1193"><net_src comp="1183" pin="3"/><net_sink comp="1190" pin=0"/></net>

<net id="1199"><net_src comp="210" pin="0"/><net_sink comp="1194" pin=0"/></net>

<net id="1200"><net_src comp="212" pin="0"/><net_sink comp="1194" pin=2"/></net>

<net id="1206"><net_src comp="1194" pin="3"/><net_sink comp="1201" pin=1"/></net>

<net id="1207"><net_src comp="214" pin="0"/><net_sink comp="1201" pin=2"/></net>

<net id="1211"><net_src comp="1201" pin="3"/><net_sink comp="1208" pin=0"/></net>

<net id="1217"><net_src comp="210" pin="0"/><net_sink comp="1212" pin=0"/></net>

<net id="1218"><net_src comp="212" pin="0"/><net_sink comp="1212" pin=2"/></net>

<net id="1224"><net_src comp="1212" pin="3"/><net_sink comp="1219" pin=1"/></net>

<net id="1225"><net_src comp="214" pin="0"/><net_sink comp="1219" pin=2"/></net>

<net id="1229"><net_src comp="1219" pin="3"/><net_sink comp="1226" pin=0"/></net>

<net id="1235"><net_src comp="210" pin="0"/><net_sink comp="1230" pin=0"/></net>

<net id="1236"><net_src comp="212" pin="0"/><net_sink comp="1230" pin=2"/></net>

<net id="1242"><net_src comp="1230" pin="3"/><net_sink comp="1237" pin=1"/></net>

<net id="1243"><net_src comp="214" pin="0"/><net_sink comp="1237" pin=2"/></net>

<net id="1247"><net_src comp="1237" pin="3"/><net_sink comp="1244" pin=0"/></net>

<net id="1253"><net_src comp="210" pin="0"/><net_sink comp="1248" pin=0"/></net>

<net id="1254"><net_src comp="212" pin="0"/><net_sink comp="1248" pin=2"/></net>

<net id="1260"><net_src comp="1248" pin="3"/><net_sink comp="1255" pin=1"/></net>

<net id="1261"><net_src comp="214" pin="0"/><net_sink comp="1255" pin=2"/></net>

<net id="1265"><net_src comp="1255" pin="3"/><net_sink comp="1262" pin=0"/></net>

<net id="1271"><net_src comp="210" pin="0"/><net_sink comp="1266" pin=0"/></net>

<net id="1272"><net_src comp="212" pin="0"/><net_sink comp="1266" pin=2"/></net>

<net id="1278"><net_src comp="1266" pin="3"/><net_sink comp="1273" pin=1"/></net>

<net id="1279"><net_src comp="214" pin="0"/><net_sink comp="1273" pin=2"/></net>

<net id="1283"><net_src comp="1273" pin="3"/><net_sink comp="1280" pin=0"/></net>

<net id="1289"><net_src comp="210" pin="0"/><net_sink comp="1284" pin=0"/></net>

<net id="1290"><net_src comp="212" pin="0"/><net_sink comp="1284" pin=2"/></net>

<net id="1296"><net_src comp="1284" pin="3"/><net_sink comp="1291" pin=1"/></net>

<net id="1297"><net_src comp="214" pin="0"/><net_sink comp="1291" pin=2"/></net>

<net id="1301"><net_src comp="1291" pin="3"/><net_sink comp="1298" pin=0"/></net>

<net id="1307"><net_src comp="210" pin="0"/><net_sink comp="1302" pin=0"/></net>

<net id="1308"><net_src comp="212" pin="0"/><net_sink comp="1302" pin=2"/></net>

<net id="1314"><net_src comp="1302" pin="3"/><net_sink comp="1309" pin=1"/></net>

<net id="1315"><net_src comp="214" pin="0"/><net_sink comp="1309" pin=2"/></net>

<net id="1319"><net_src comp="1309" pin="3"/><net_sink comp="1316" pin=0"/></net>

<net id="1325"><net_src comp="210" pin="0"/><net_sink comp="1320" pin=0"/></net>

<net id="1326"><net_src comp="212" pin="0"/><net_sink comp="1320" pin=2"/></net>

<net id="1332"><net_src comp="1320" pin="3"/><net_sink comp="1327" pin=1"/></net>

<net id="1333"><net_src comp="214" pin="0"/><net_sink comp="1327" pin=2"/></net>

<net id="1337"><net_src comp="1327" pin="3"/><net_sink comp="1334" pin=0"/></net>

<net id="1343"><net_src comp="210" pin="0"/><net_sink comp="1338" pin=0"/></net>

<net id="1344"><net_src comp="212" pin="0"/><net_sink comp="1338" pin=2"/></net>

<net id="1350"><net_src comp="1338" pin="3"/><net_sink comp="1345" pin=1"/></net>

<net id="1351"><net_src comp="214" pin="0"/><net_sink comp="1345" pin=2"/></net>

<net id="1355"><net_src comp="1345" pin="3"/><net_sink comp="1352" pin=0"/></net>

<net id="1361"><net_src comp="210" pin="0"/><net_sink comp="1356" pin=0"/></net>

<net id="1362"><net_src comp="212" pin="0"/><net_sink comp="1356" pin=2"/></net>

<net id="1368"><net_src comp="1356" pin="3"/><net_sink comp="1363" pin=1"/></net>

<net id="1369"><net_src comp="214" pin="0"/><net_sink comp="1363" pin=2"/></net>

<net id="1373"><net_src comp="1363" pin="3"/><net_sink comp="1370" pin=0"/></net>

<net id="1379"><net_src comp="210" pin="0"/><net_sink comp="1374" pin=0"/></net>

<net id="1380"><net_src comp="212" pin="0"/><net_sink comp="1374" pin=2"/></net>

<net id="1386"><net_src comp="1374" pin="3"/><net_sink comp="1381" pin=1"/></net>

<net id="1387"><net_src comp="214" pin="0"/><net_sink comp="1381" pin=2"/></net>

<net id="1391"><net_src comp="1381" pin="3"/><net_sink comp="1388" pin=0"/></net>

<net id="1397"><net_src comp="210" pin="0"/><net_sink comp="1392" pin=0"/></net>

<net id="1398"><net_src comp="212" pin="0"/><net_sink comp="1392" pin=2"/></net>

<net id="1404"><net_src comp="1392" pin="3"/><net_sink comp="1399" pin=1"/></net>

<net id="1405"><net_src comp="214" pin="0"/><net_sink comp="1399" pin=2"/></net>

<net id="1409"><net_src comp="1399" pin="3"/><net_sink comp="1406" pin=0"/></net>

<net id="1415"><net_src comp="210" pin="0"/><net_sink comp="1410" pin=0"/></net>

<net id="1416"><net_src comp="212" pin="0"/><net_sink comp="1410" pin=2"/></net>

<net id="1422"><net_src comp="1410" pin="3"/><net_sink comp="1417" pin=1"/></net>

<net id="1423"><net_src comp="214" pin="0"/><net_sink comp="1417" pin=2"/></net>

<net id="1427"><net_src comp="1417" pin="3"/><net_sink comp="1424" pin=0"/></net>

<net id="1433"><net_src comp="210" pin="0"/><net_sink comp="1428" pin=0"/></net>

<net id="1434"><net_src comp="212" pin="0"/><net_sink comp="1428" pin=2"/></net>

<net id="1440"><net_src comp="1428" pin="3"/><net_sink comp="1435" pin=1"/></net>

<net id="1441"><net_src comp="214" pin="0"/><net_sink comp="1435" pin=2"/></net>

<net id="1445"><net_src comp="1435" pin="3"/><net_sink comp="1442" pin=0"/></net>

<net id="1451"><net_src comp="210" pin="0"/><net_sink comp="1446" pin=0"/></net>

<net id="1452"><net_src comp="212" pin="0"/><net_sink comp="1446" pin=2"/></net>

<net id="1458"><net_src comp="1446" pin="3"/><net_sink comp="1453" pin=1"/></net>

<net id="1459"><net_src comp="214" pin="0"/><net_sink comp="1453" pin=2"/></net>

<net id="1463"><net_src comp="1453" pin="3"/><net_sink comp="1460" pin=0"/></net>

<net id="1469"><net_src comp="210" pin="0"/><net_sink comp="1464" pin=0"/></net>

<net id="1470"><net_src comp="212" pin="0"/><net_sink comp="1464" pin=2"/></net>

<net id="1476"><net_src comp="1464" pin="3"/><net_sink comp="1471" pin=1"/></net>

<net id="1477"><net_src comp="214" pin="0"/><net_sink comp="1471" pin=2"/></net>

<net id="1509"><net_src comp="216" pin="0"/><net_sink comp="1478" pin=0"/></net>

<net id="1510"><net_src comp="1471" pin="3"/><net_sink comp="1478" pin=1"/></net>

<net id="1511"><net_src comp="1460" pin="1"/><net_sink comp="1478" pin=2"/></net>

<net id="1512"><net_src comp="1442" pin="1"/><net_sink comp="1478" pin=3"/></net>

<net id="1513"><net_src comp="1424" pin="1"/><net_sink comp="1478" pin=4"/></net>

<net id="1514"><net_src comp="1406" pin="1"/><net_sink comp="1478" pin=5"/></net>

<net id="1515"><net_src comp="1388" pin="1"/><net_sink comp="1478" pin=6"/></net>

<net id="1516"><net_src comp="1370" pin="1"/><net_sink comp="1478" pin=7"/></net>

<net id="1517"><net_src comp="1352" pin="1"/><net_sink comp="1478" pin=8"/></net>

<net id="1518"><net_src comp="1334" pin="1"/><net_sink comp="1478" pin=9"/></net>

<net id="1519"><net_src comp="1316" pin="1"/><net_sink comp="1478" pin=10"/></net>

<net id="1520"><net_src comp="1298" pin="1"/><net_sink comp="1478" pin=11"/></net>

<net id="1521"><net_src comp="1280" pin="1"/><net_sink comp="1478" pin=12"/></net>

<net id="1522"><net_src comp="1262" pin="1"/><net_sink comp="1478" pin=13"/></net>

<net id="1523"><net_src comp="1244" pin="1"/><net_sink comp="1478" pin=14"/></net>

<net id="1524"><net_src comp="1226" pin="1"/><net_sink comp="1478" pin=15"/></net>

<net id="1525"><net_src comp="1208" pin="1"/><net_sink comp="1478" pin=16"/></net>

<net id="1526"><net_src comp="1190" pin="1"/><net_sink comp="1478" pin=17"/></net>

<net id="1527"><net_src comp="1172" pin="1"/><net_sink comp="1478" pin=18"/></net>

<net id="1528"><net_src comp="1154" pin="1"/><net_sink comp="1478" pin=19"/></net>

<net id="1529"><net_src comp="1136" pin="1"/><net_sink comp="1478" pin=20"/></net>

<net id="1530"><net_src comp="1118" pin="1"/><net_sink comp="1478" pin=21"/></net>

<net id="1531"><net_src comp="1100" pin="1"/><net_sink comp="1478" pin=22"/></net>

<net id="1532"><net_src comp="1082" pin="1"/><net_sink comp="1478" pin=23"/></net>

<net id="1533"><net_src comp="1064" pin="1"/><net_sink comp="1478" pin=24"/></net>

<net id="1534"><net_src comp="1046" pin="1"/><net_sink comp="1478" pin=25"/></net>

<net id="1535"><net_src comp="1028" pin="1"/><net_sink comp="1478" pin=26"/></net>

<net id="1536"><net_src comp="1010" pin="1"/><net_sink comp="1478" pin=27"/></net>

<net id="1537"><net_src comp="992" pin="1"/><net_sink comp="1478" pin=28"/></net>

<net id="1541"><net_src comp="1478" pin="29"/><net_sink comp="1538" pin=0"/></net>

<net id="1542"><net_src comp="1538" pin="1"/><net_sink comp="230" pin=2"/></net>

<net id="1546"><net_src comp="220" pin="1"/><net_sink comp="1543" pin=0"/></net>

<net id="1547"><net_src comp="1543" pin="1"/><net_sink comp="237" pin=1"/></net>

<net id="1548"><net_src comp="1543" pin="1"/><net_sink comp="242" pin=0"/></net>

<net id="1549"><net_src comp="1543" pin="1"/><net_sink comp="257" pin=1"/></net>

<net id="1553"><net_src comp="245" pin="2"/><net_sink comp="1550" pin=0"/></net>

<net id="1557"><net_src comp="536" pin="2"/><net_sink comp="1554" pin=0"/></net>

<net id="1558"><net_src comp="1554" pin="1"/><net_sink comp="985" pin=0"/></net>

<net id="1562"><net_src comp="542" pin="1"/><net_sink comp="1559" pin=0"/></net>

<net id="1563"><net_src comp="1559" pin="1"/><net_sink comp="978" pin=1"/></net>

<net id="1567"><net_src comp="546" pin="2"/><net_sink comp="1564" pin=0"/></net>

<net id="1568"><net_src comp="1564" pin="1"/><net_sink comp="1003" pin=0"/></net>

<net id="1572"><net_src comp="552" pin="4"/><net_sink comp="1569" pin=0"/></net>

<net id="1573"><net_src comp="1569" pin="1"/><net_sink comp="996" pin=1"/></net>

<net id="1577"><net_src comp="562" pin="2"/><net_sink comp="1574" pin=0"/></net>

<net id="1578"><net_src comp="1574" pin="1"/><net_sink comp="1021" pin=0"/></net>

<net id="1582"><net_src comp="568" pin="4"/><net_sink comp="1579" pin=0"/></net>

<net id="1583"><net_src comp="1579" pin="1"/><net_sink comp="1014" pin=1"/></net>

<net id="1587"><net_src comp="578" pin="2"/><net_sink comp="1584" pin=0"/></net>

<net id="1588"><net_src comp="1584" pin="1"/><net_sink comp="1039" pin=0"/></net>

<net id="1592"><net_src comp="584" pin="4"/><net_sink comp="1589" pin=0"/></net>

<net id="1593"><net_src comp="1589" pin="1"/><net_sink comp="1032" pin=1"/></net>

<net id="1597"><net_src comp="594" pin="2"/><net_sink comp="1594" pin=0"/></net>

<net id="1598"><net_src comp="1594" pin="1"/><net_sink comp="1057" pin=0"/></net>

<net id="1602"><net_src comp="600" pin="4"/><net_sink comp="1599" pin=0"/></net>

<net id="1603"><net_src comp="1599" pin="1"/><net_sink comp="1050" pin=1"/></net>

<net id="1607"><net_src comp="610" pin="2"/><net_sink comp="1604" pin=0"/></net>

<net id="1608"><net_src comp="1604" pin="1"/><net_sink comp="1075" pin=0"/></net>

<net id="1612"><net_src comp="616" pin="4"/><net_sink comp="1609" pin=0"/></net>

<net id="1613"><net_src comp="1609" pin="1"/><net_sink comp="1068" pin=1"/></net>

<net id="1617"><net_src comp="626" pin="2"/><net_sink comp="1614" pin=0"/></net>

<net id="1618"><net_src comp="1614" pin="1"/><net_sink comp="1093" pin=0"/></net>

<net id="1622"><net_src comp="632" pin="4"/><net_sink comp="1619" pin=0"/></net>

<net id="1623"><net_src comp="1619" pin="1"/><net_sink comp="1086" pin=1"/></net>

<net id="1627"><net_src comp="642" pin="2"/><net_sink comp="1624" pin=0"/></net>

<net id="1628"><net_src comp="1624" pin="1"/><net_sink comp="1111" pin=0"/></net>

<net id="1632"><net_src comp="648" pin="4"/><net_sink comp="1629" pin=0"/></net>

<net id="1633"><net_src comp="1629" pin="1"/><net_sink comp="1104" pin=1"/></net>

<net id="1637"><net_src comp="658" pin="2"/><net_sink comp="1634" pin=0"/></net>

<net id="1638"><net_src comp="1634" pin="1"/><net_sink comp="1129" pin=0"/></net>

<net id="1642"><net_src comp="664" pin="4"/><net_sink comp="1639" pin=0"/></net>

<net id="1643"><net_src comp="1639" pin="1"/><net_sink comp="1122" pin=1"/></net>

<net id="1647"><net_src comp="674" pin="2"/><net_sink comp="1644" pin=0"/></net>

<net id="1648"><net_src comp="1644" pin="1"/><net_sink comp="1147" pin=0"/></net>

<net id="1652"><net_src comp="680" pin="4"/><net_sink comp="1649" pin=0"/></net>

<net id="1653"><net_src comp="1649" pin="1"/><net_sink comp="1140" pin=1"/></net>

<net id="1657"><net_src comp="690" pin="2"/><net_sink comp="1654" pin=0"/></net>

<net id="1658"><net_src comp="1654" pin="1"/><net_sink comp="1165" pin=0"/></net>

<net id="1662"><net_src comp="696" pin="4"/><net_sink comp="1659" pin=0"/></net>

<net id="1663"><net_src comp="1659" pin="1"/><net_sink comp="1158" pin=1"/></net>

<net id="1667"><net_src comp="706" pin="2"/><net_sink comp="1664" pin=0"/></net>

<net id="1668"><net_src comp="1664" pin="1"/><net_sink comp="1183" pin=0"/></net>

<net id="1672"><net_src comp="712" pin="4"/><net_sink comp="1669" pin=0"/></net>

<net id="1673"><net_src comp="1669" pin="1"/><net_sink comp="1176" pin=1"/></net>

<net id="1677"><net_src comp="722" pin="2"/><net_sink comp="1674" pin=0"/></net>

<net id="1678"><net_src comp="1674" pin="1"/><net_sink comp="1201" pin=0"/></net>

<net id="1682"><net_src comp="728" pin="4"/><net_sink comp="1679" pin=0"/></net>

<net id="1683"><net_src comp="1679" pin="1"/><net_sink comp="1194" pin=1"/></net>

<net id="1687"><net_src comp="738" pin="2"/><net_sink comp="1684" pin=0"/></net>

<net id="1688"><net_src comp="1684" pin="1"/><net_sink comp="1219" pin=0"/></net>

<net id="1692"><net_src comp="744" pin="4"/><net_sink comp="1689" pin=0"/></net>

<net id="1693"><net_src comp="1689" pin="1"/><net_sink comp="1212" pin=1"/></net>

<net id="1697"><net_src comp="754" pin="2"/><net_sink comp="1694" pin=0"/></net>

<net id="1698"><net_src comp="1694" pin="1"/><net_sink comp="1237" pin=0"/></net>

<net id="1702"><net_src comp="760" pin="4"/><net_sink comp="1699" pin=0"/></net>

<net id="1703"><net_src comp="1699" pin="1"/><net_sink comp="1230" pin=1"/></net>

<net id="1707"><net_src comp="770" pin="2"/><net_sink comp="1704" pin=0"/></net>

<net id="1708"><net_src comp="1704" pin="1"/><net_sink comp="1255" pin=0"/></net>

<net id="1712"><net_src comp="776" pin="4"/><net_sink comp="1709" pin=0"/></net>

<net id="1713"><net_src comp="1709" pin="1"/><net_sink comp="1248" pin=1"/></net>

<net id="1717"><net_src comp="786" pin="2"/><net_sink comp="1714" pin=0"/></net>

<net id="1718"><net_src comp="1714" pin="1"/><net_sink comp="1273" pin=0"/></net>

<net id="1722"><net_src comp="792" pin="4"/><net_sink comp="1719" pin=0"/></net>

<net id="1723"><net_src comp="1719" pin="1"/><net_sink comp="1266" pin=1"/></net>

<net id="1727"><net_src comp="802" pin="2"/><net_sink comp="1724" pin=0"/></net>

<net id="1728"><net_src comp="1724" pin="1"/><net_sink comp="1291" pin=0"/></net>

<net id="1732"><net_src comp="808" pin="4"/><net_sink comp="1729" pin=0"/></net>

<net id="1733"><net_src comp="1729" pin="1"/><net_sink comp="1284" pin=1"/></net>

<net id="1737"><net_src comp="818" pin="2"/><net_sink comp="1734" pin=0"/></net>

<net id="1738"><net_src comp="1734" pin="1"/><net_sink comp="1309" pin=0"/></net>

<net id="1742"><net_src comp="824" pin="4"/><net_sink comp="1739" pin=0"/></net>

<net id="1743"><net_src comp="1739" pin="1"/><net_sink comp="1302" pin=1"/></net>

<net id="1747"><net_src comp="834" pin="2"/><net_sink comp="1744" pin=0"/></net>

<net id="1748"><net_src comp="1744" pin="1"/><net_sink comp="1327" pin=0"/></net>

<net id="1752"><net_src comp="840" pin="4"/><net_sink comp="1749" pin=0"/></net>

<net id="1753"><net_src comp="1749" pin="1"/><net_sink comp="1320" pin=1"/></net>

<net id="1757"><net_src comp="850" pin="2"/><net_sink comp="1754" pin=0"/></net>

<net id="1758"><net_src comp="1754" pin="1"/><net_sink comp="1345" pin=0"/></net>

<net id="1762"><net_src comp="856" pin="4"/><net_sink comp="1759" pin=0"/></net>

<net id="1763"><net_src comp="1759" pin="1"/><net_sink comp="1338" pin=1"/></net>

<net id="1767"><net_src comp="866" pin="2"/><net_sink comp="1764" pin=0"/></net>

<net id="1768"><net_src comp="1764" pin="1"/><net_sink comp="1363" pin=0"/></net>

<net id="1772"><net_src comp="872" pin="4"/><net_sink comp="1769" pin=0"/></net>

<net id="1773"><net_src comp="1769" pin="1"/><net_sink comp="1356" pin=1"/></net>

<net id="1777"><net_src comp="882" pin="2"/><net_sink comp="1774" pin=0"/></net>

<net id="1778"><net_src comp="1774" pin="1"/><net_sink comp="1381" pin=0"/></net>

<net id="1782"><net_src comp="888" pin="4"/><net_sink comp="1779" pin=0"/></net>

<net id="1783"><net_src comp="1779" pin="1"/><net_sink comp="1374" pin=1"/></net>

<net id="1787"><net_src comp="898" pin="2"/><net_sink comp="1784" pin=0"/></net>

<net id="1788"><net_src comp="1784" pin="1"/><net_sink comp="1399" pin=0"/></net>

<net id="1792"><net_src comp="904" pin="4"/><net_sink comp="1789" pin=0"/></net>

<net id="1793"><net_src comp="1789" pin="1"/><net_sink comp="1392" pin=1"/></net>

<net id="1797"><net_src comp="914" pin="2"/><net_sink comp="1794" pin=0"/></net>

<net id="1798"><net_src comp="1794" pin="1"/><net_sink comp="1417" pin=0"/></net>

<net id="1802"><net_src comp="920" pin="4"/><net_sink comp="1799" pin=0"/></net>

<net id="1803"><net_src comp="1799" pin="1"/><net_sink comp="1410" pin=1"/></net>

<net id="1807"><net_src comp="930" pin="2"/><net_sink comp="1804" pin=0"/></net>

<net id="1808"><net_src comp="1804" pin="1"/><net_sink comp="1435" pin=0"/></net>

<net id="1812"><net_src comp="936" pin="4"/><net_sink comp="1809" pin=0"/></net>

<net id="1813"><net_src comp="1809" pin="1"/><net_sink comp="1428" pin=1"/></net>

<net id="1817"><net_src comp="946" pin="2"/><net_sink comp="1814" pin=0"/></net>

<net id="1818"><net_src comp="1814" pin="1"/><net_sink comp="1453" pin=0"/></net>

<net id="1822"><net_src comp="952" pin="4"/><net_sink comp="1819" pin=0"/></net>

<net id="1823"><net_src comp="1819" pin="1"/><net_sink comp="1446" pin=1"/></net>

<net id="1827"><net_src comp="962" pin="2"/><net_sink comp="1824" pin=0"/></net>

<net id="1828"><net_src comp="1824" pin="1"/><net_sink comp="1471" pin=0"/></net>

<net id="1832"><net_src comp="968" pin="4"/><net_sink comp="1829" pin=0"/></net>

<net id="1833"><net_src comp="1829" pin="1"/><net_sink comp="1464" pin=1"/></net>

</net_list>

</model> 
---------------- Datapath Model END ------------------

* FSMD analyzer results:
  - Output states:
	Port: layer4x4_out | {3 }
 - Input state : 
	Port: relu<array<ap_fixed,28u>,array<ap_fixed<16,6,5,3,0>,28u>,relu_config4> : layer3x4_out | {2 }
  - Chain level:
	State 1
		store_ln41 : 1
		i_1 : 1
		icmp_ln41 : 2
		i_2 : 2
		br_ln41 : 3
		store_ln41 : 3
	State 2
		icmp_ln51 : 1
		icmp_ln51_1 : 1
		icmp_ln51_2 : 1
		icmp_ln51_3 : 1
		icmp_ln51_4 : 1
		icmp_ln51_5 : 1
		icmp_ln51_6 : 1
		icmp_ln51_7 : 1
		icmp_ln51_8 : 1
		icmp_ln51_9 : 1
		icmp_ln51_10 : 1
		icmp_ln51_11 : 1
		icmp_ln51_12 : 1
		icmp_ln51_13 : 1
		icmp_ln51_14 : 1
		icmp_ln51_15 : 1
		icmp_ln51_16 : 1
		icmp_ln51_17 : 1
		icmp_ln51_18 : 1
		icmp_ln51_19 : 1
		icmp_ln51_20 : 1
		icmp_ln51_21 : 1
		icmp_ln51_22 : 1
		icmp_ln51_23 : 1
		icmp_ln51_24 : 1
		icmp_ln51_25 : 1
		icmp_ln51_26 : 1
		icmp_ln51_27 : 1
	State 3
		out_data_1 : 1
		zext_ln45 : 2
		out_data_3 : 1
		zext_ln45_1 : 2
		out_data_5 : 1
		zext_ln45_2 : 2
		out_data_7 : 1
		zext_ln45_3 : 2
		select_ln51 : 1
		zext_ln51 : 2
		select_ln51_1 : 1
		zext_ln51_1 : 2
		select_ln51_2 : 1
		zext_ln51_2 : 2
		select_ln51_3 : 1
		zext_ln51_3 : 2
		select_ln51_4 : 1
		zext_ln51_4 : 2
		select_ln51_5 : 1
		zext_ln51_5 : 2
		select_ln51_6 : 1
		zext_ln51_6 : 2
		select_ln51_7 : 1
		zext_ln51_7 : 2
		select_ln51_8 : 1
		zext_ln51_8 : 2
		select_ln51_9 : 1
		zext_ln51_9 : 2
		select_ln51_10 : 1
		zext_ln51_10 : 2
		select_ln51_11 : 1
		zext_ln51_11 : 2
		select_ln51_12 : 1
		zext_ln51_12 : 2
		select_ln51_13 : 1
		zext_ln51_13 : 2
		select_ln51_14 : 1
		zext_ln51_14 : 2
		select_ln51_15 : 1
		zext_ln51_15 : 2
		select_ln51_16 : 1
		zext_ln51_16 : 2
		select_ln51_17 : 1
		zext_ln51_17 : 2
		select_ln51_18 : 1
		zext_ln51_18 : 2
		select_ln51_19 : 1
		zext_ln51_19 : 2
		select_ln51_20 : 1
		zext_ln51_20 : 2
		select_ln51_21 : 1
		zext_ln51_21 : 2
		select_ln51_22 : 1
		zext_ln51_22 : 2
		select_ln51_23 : 1
		or_ln57_s : 3
		zext_ln57 : 4
		write_ln57 : 5


============================================================
+ Verbose Summary: Datapath Resource usage 
============================================================

* Functional unit list:
|----------|-------------------------------|---------|---------|
| Operation|        Functional Unit        |    FF   |   LUT   |
|----------|-------------------------------|---------|---------|
|          |        icmp_ln41_fu_245       |    0    |    14   |
|          |        icmp_ln51_fu_536       |    0    |    16   |
|          |       icmp_ln51_1_fu_546      |    0    |    16   |
|          |       icmp_ln51_2_fu_562      |    0    |    16   |
|          |       icmp_ln51_3_fu_578      |    0    |    16   |
|          |       icmp_ln51_4_fu_594      |    0    |    16   |
|          |       icmp_ln51_5_fu_610      |    0    |    16   |
|          |       icmp_ln51_6_fu_626      |    0    |    16   |
|          |       icmp_ln51_7_fu_642      |    0    |    16   |
|          |       icmp_ln51_8_fu_658      |    0    |    16   |
|          |       icmp_ln51_9_fu_674      |    0    |    16   |
|          |      icmp_ln51_10_fu_690      |    0    |    16   |
|          |      icmp_ln51_11_fu_706      |    0    |    16   |
|          |      icmp_ln51_12_fu_722      |    0    |    16   |
|   icmp   |      icmp_ln51_13_fu_738      |    0    |    16   |
|          |      icmp_ln51_14_fu_754      |    0    |    16   |
|          |      icmp_ln51_15_fu_770      |    0    |    16   |
|          |      icmp_ln51_16_fu_786      |    0    |    16   |
|          |      icmp_ln51_17_fu_802      |    0    |    16   |
|          |      icmp_ln51_18_fu_818      |    0    |    16   |
|          |      icmp_ln51_19_fu_834      |    0    |    16   |
|          |      icmp_ln51_20_fu_850      |    0    |    16   |
|          |      icmp_ln51_21_fu_866      |    0    |    16   |
|          |      icmp_ln51_22_fu_882      |    0    |    16   |
|          |      icmp_ln51_23_fu_898      |    0    |    16   |
|          |      icmp_ln51_24_fu_914      |    0    |    16   |
|          |      icmp_ln51_25_fu_930      |    0    |    16   |
|          |      icmp_ln51_26_fu_946      |    0    |    16   |
|          |      icmp_ln51_27_fu_962      |    0    |    16   |
|----------|-------------------------------|---------|---------|
|          |       out_data_1_fu_985       |    0    |    14   |
|          |       out_data_3_fu_1003      |    0    |    14   |
|          |       out_data_5_fu_1021      |    0    |    14   |
|          |       out_data_7_fu_1039      |    0    |    14   |
|          |      select_ln51_fu_1057      |    0    |    14   |
|          |     select_ln51_1_fu_1075     |    0    |    14   |
|          |     select_ln51_2_fu_1093     |    0    |    14   |
|          |     select_ln51_3_fu_1111     |    0    |    14   |
|          |     select_ln51_4_fu_1129     |    0    |    14   |
|          |     select_ln51_5_fu_1147     |    0    |    14   |
|          |     select_ln51_6_fu_1165     |    0    |    14   |
|          |     select_ln51_7_fu_1183     |    0    |    14   |
|          |     select_ln51_8_fu_1201     |    0    |    14   |
|  select  |     select_ln51_9_fu_1219     |    0    |    14   |
|          |     select_ln51_10_fu_1237    |    0    |    14   |
|          |     select_ln51_11_fu_1255    |    0    |    14   |
|          |     select_ln51_12_fu_1273    |    0    |    14   |
|          |     select_ln51_13_fu_1291    |    0    |    14   |
|          |     select_ln51_14_fu_1309    |    0    |    14   |
|          |     select_ln51_15_fu_1327    |    0    |    14   |
|          |     select_ln51_16_fu_1345    |    0    |    14   |
|          |     select_ln51_17_fu_1363    |    0    |    14   |
|          |     select_ln51_18_fu_1381    |    0    |    14   |
|          |     select_ln51_19_fu_1399    |    0    |    14   |
|          |     select_ln51_20_fu_1417    |    0    |    14   |
|          |     select_ln51_21_fu_1435    |    0    |    14   |
|          |     select_ln51_22_fu_1453    |    0    |    14   |
|          |     select_ln51_23_fu_1471    |    0    |    14   |
|----------|-------------------------------|---------|---------|
|    add   |           i_2_fu_251          |    0    |    14   |
|----------|-------------------------------|---------|---------|
|   read   | layer3x4_out_read_read_fu_224 |    0    |    0    |
|----------|-------------------------------|---------|---------|
|   write  |    write_ln57_write_fu_230    |    0    |    0    |
|----------|-------------------------------|---------|---------|
|   trunc  |       trunc_ln44_fu_262       |    0    |    0    |
|          |       trunc_ln52_fu_542       |    0    |    0    |
|----------|-------------------------------|---------|---------|
|          |      trunc_ln44_1_fu_266      |    0    |    0    |
|          |      trunc_ln44_2_fu_276      |    0    |    0    |
|          |      trunc_ln44_3_fu_286      |    0    |    0    |
|          |      trunc_ln44_4_fu_296      |    0    |    0    |
|          |      trunc_ln44_5_fu_306      |    0    |    0    |
|          |      trunc_ln44_6_fu_316      |    0    |    0    |
|          |      trunc_ln44_7_fu_326      |    0    |    0    |
|          |      trunc_ln44_8_fu_336      |    0    |    0    |
|          |      trunc_ln44_9_fu_346      |    0    |    0    |
|          |      trunc_ln44_s_fu_356      |    0    |    0    |
|          |      trunc_ln44_10_fu_366     |    0    |    0    |
|          |      trunc_ln44_11_fu_376     |    0    |    0    |
|          |      trunc_ln44_12_fu_386     |    0    |    0    |
|          |      trunc_ln44_13_fu_396     |    0    |    0    |
|          |      trunc_ln44_14_fu_406     |    0    |    0    |
|          |      trunc_ln44_15_fu_416     |    0    |    0    |
|          |      trunc_ln44_16_fu_426     |    0    |    0    |
|          |      trunc_ln44_17_fu_436     |    0    |    0    |
|          |      trunc_ln44_18_fu_446     |    0    |    0    |
|          |      trunc_ln44_19_fu_456     |    0    |    0    |
|          |      trunc_ln44_20_fu_466     |    0    |    0    |
|          |      trunc_ln44_21_fu_476     |    0    |    0    |
|          |      trunc_ln44_22_fu_486     |    0    |    0    |
|          |      trunc_ln44_23_fu_496     |    0    |    0    |
|          |      trunc_ln44_24_fu_506     |    0    |    0    |
|          |      trunc_ln44_25_fu_516     |    0    |    0    |
|partselect|      trunc_ln44_26_fu_526     |    0    |    0    |
|          |          tmp_1_fu_552         |    0    |    0    |
|          |          tmp_2_fu_568         |    0    |    0    |
|          |          tmp_3_fu_584         |    0    |    0    |
|          |          tmp_4_fu_600         |    0    |    0    |
|          |          tmp_5_fu_616         |    0    |    0    |
|          |          tmp_6_fu_632         |    0    |    0    |
|          |          tmp_7_fu_648         |    0    |    0    |
|          |          tmp_8_fu_664         |    0    |    0    |
|          |          tmp_9_fu_680         |    0    |    0    |
|          |          tmp_s_fu_696         |    0    |    0    |
|          |         tmp_10_fu_712         |    0    |    0    |
|          |         tmp_11_fu_728         |    0    |    0    |
|          |         tmp_12_fu_744         |    0    |    0    |
|          |         tmp_13_fu_760         |    0    |    0    |
|          |         tmp_14_fu_776         |    0    |    0    |
|          |         tmp_15_fu_792         |    0    |    0    |
|          |         tmp_16_fu_808         |    0    |    0    |
|          |         tmp_17_fu_824         |    0    |    0    |
|          |         tmp_18_fu_840         |    0    |    0    |
|          |         tmp_19_fu_856         |    0    |    0    |
|          |         tmp_20_fu_872         |    0    |    0    |
|          |         tmp_21_fu_888         |    0    |    0    |
|          |         tmp_22_fu_904         |    0    |    0    |
|          |         tmp_23_fu_920         |    0    |    0    |
|          |         tmp_24_fu_936         |    0    |    0    |
|          |         tmp_25_fu_952         |    0    |    0    |
|          |         tmp_26_fu_968         |    0    |    0    |
|----------|-------------------------------|---------|---------|
|          |        out_data_fu_978        |    0    |    0    |
|          |       out_data_2_fu_996       |    0    |    0    |
|          |       out_data_4_fu_1014      |    0    |    0    |
|          |       out_data_6_fu_1032      |    0    |    0    |
|          |         shl_ln_fu_1050        |    0    |    0    |
|          |       shl_ln52_1_fu_1068      |    0    |    0    |
|          |       shl_ln52_2_fu_1086      |    0    |    0    |
|          |       shl_ln52_3_fu_1104      |    0    |    0    |
|          |       shl_ln52_4_fu_1122      |    0    |    0    |
|          |       shl_ln52_5_fu_1140      |    0    |    0    |
|          |       shl_ln52_6_fu_1158      |    0    |    0    |
|          |       shl_ln52_7_fu_1176      |    0    |    0    |
|          |       shl_ln52_8_fu_1194      |    0    |    0    |
|          |       shl_ln52_9_fu_1212      |    0    |    0    |
|bitconcatenate|       shl_ln52_s_fu_1230      |    0    |    0    |
|          |      shl_ln52_10_fu_1248      |    0    |    0    |
|          |      shl_ln52_11_fu_1266      |    0    |    0    |
|          |      shl_ln52_12_fu_1284      |    0    |    0    |
|          |      shl_ln52_13_fu_1302      |    0    |    0    |
|          |      shl_ln52_14_fu_1320      |    0    |    0    |
|          |      shl_ln52_15_fu_1338      |    0    |    0    |
|          |      shl_ln52_16_fu_1356      |    0    |    0    |
|          |      shl_ln52_17_fu_1374      |    0    |    0    |
|          |      shl_ln52_18_fu_1392      |    0    |    0    |
|          |      shl_ln52_19_fu_1410      |    0    |    0    |
|          |      shl_ln52_20_fu_1428      |    0    |    0    |
|          |      shl_ln52_21_fu_1446      |    0    |    0    |
|          |      shl_ln52_22_fu_1464      |    0    |    0    |
|          |       or_ln57_s_fu_1478       |    0    |    0    |
|----------|-------------------------------|---------|---------|
|          |        zext_ln45_fu_992       |    0    |    0    |
|          |      zext_ln45_1_fu_1010      |    0    |    0    |
|          |      zext_ln45_2_fu_1028      |    0    |    0    |
|          |      zext_ln45_3_fu_1046      |    0    |    0    |
|          |       zext_ln51_fu_1064       |    0    |    0    |
|          |      zext_ln51_1_fu_1082      |    0    |    0    |
|          |      zext_ln51_2_fu_1100      |    0    |    0    |
|          |      zext_ln51_3_fu_1118      |    0    |    0    |
|          |      zext_ln51_4_fu_1136      |    0    |    0    |
|          |      zext_ln51_5_fu_1154      |    0    |    0    |
|          |      zext_ln51_6_fu_1172      |    0    |    0    |
|          |      zext_ln51_7_fu_1190      |    0    |    0    |
|          |      zext_ln51_8_fu_1208      |    0    |    0    |
|   zext   |      zext_ln51_9_fu_1226      |    0    |    0    |
|          |      zext_ln51_10_fu_1244     |    0    |    0    |
|          |      zext_ln51_11_fu_1262     |    0    |    0    |
|          |      zext_ln51_12_fu_1280     |    0    |    0    |
|          |      zext_ln51_13_fu_1298     |    0    |    0    |
|          |      zext_ln51_14_fu_1316     |    0    |    0    |
|          |      zext_ln51_15_fu_1334     |    0    |    0    |
|          |      zext_ln51_16_fu_1352     |    0    |    0    |
|          |      zext_ln51_17_fu_1370     |    0    |    0    |
|          |      zext_ln51_18_fu_1388     |    0    |    0    |
|          |      zext_ln51_19_fu_1406     |    0    |    0    |
|          |      zext_ln51_20_fu_1424     |    0    |    0    |
|          |      zext_ln51_21_fu_1442     |    0    |    0    |
|          |      zext_ln51_22_fu_1460     |    0    |    0    |
|          |       zext_ln57_fu_1538       |    0    |    0    |
|----------|-------------------------------|---------|---------|
|   Total  |                               |    0    |   868   |
|----------|-------------------------------|---------|---------|

Memories:
N/A

* Register list:
+---------------------+--------+
|                     |   FF   |
+---------------------+--------+
|      i_reg_1543     |    7   |
|  icmp_ln41_reg_1550 |    1   |
|icmp_ln51_10_reg_1654|    1   |
|icmp_ln51_11_reg_1664|    1   |
|icmp_ln51_12_reg_1674|    1   |
|icmp_ln51_13_reg_1684|    1   |
|icmp_ln51_14_reg_1694|    1   |
|icmp_ln51_15_reg_1704|    1   |
|icmp_ln51_16_reg_1714|    1   |
|icmp_ln51_17_reg_1724|    1   |
|icmp_ln51_18_reg_1734|    1   |
|icmp_ln51_19_reg_1744|    1   |
| icmp_ln51_1_reg_1564|    1   |
|icmp_ln51_20_reg_1754|    1   |
|icmp_ln51_21_reg_1764|    1   |
|icmp_ln51_22_reg_1774|    1   |
|icmp_ln51_23_reg_1784|    1   |
|icmp_ln51_24_reg_1794|    1   |
|icmp_ln51_25_reg_1804|    1   |
|icmp_ln51_26_reg_1814|    1   |
|icmp_ln51_27_reg_1824|    1   |
| icmp_ln51_2_reg_1574|    1   |
| icmp_ln51_3_reg_1584|    1   |
| icmp_ln51_4_reg_1594|    1   |
| icmp_ln51_5_reg_1604|    1   |
| icmp_ln51_6_reg_1614|    1   |
| icmp_ln51_7_reg_1624|    1   |
| icmp_ln51_8_reg_1634|    1   |
| icmp_ln51_9_reg_1644|    1   |
|  icmp_ln51_reg_1554 |    1   |
|   tmp_10_reg_1669   |    8   |
|   tmp_11_reg_1679   |    8   |
|   tmp_12_reg_1689   |    8   |
|   tmp_13_reg_1699   |    8   |
|   tmp_14_reg_1709   |    8   |
|   tmp_15_reg_1719   |    8   |
|   tmp_16_reg_1729   |    8   |
|   tmp_17_reg_1739   |    8   |
|   tmp_18_reg_1749   |    8   |
|   tmp_19_reg_1759   |    8   |
|    tmp_1_reg_1569   |    8   |
|   tmp_20_reg_1769   |    8   |
|   tmp_21_reg_1779   |    8   |
|   tmp_22_reg_1789   |    8   |
|   tmp_23_reg_1799   |    8   |
|   tmp_24_reg_1809   |    8   |
|   tmp_25_reg_1819   |    8   |
|   tmp_26_reg_1829   |    8   |
|    tmp_2_reg_1579   |    8   |
|    tmp_3_reg_1589   |    8   |
|    tmp_4_reg_1599   |    8   |
|    tmp_5_reg_1609   |    8   |
|    tmp_6_reg_1619   |    8   |
|    tmp_7_reg_1629   |    8   |
|    tmp_8_reg_1639   |    8   |
|    tmp_9_reg_1649   |    8   |
|    tmp_s_reg_1659   |    8   |
| trunc_ln52_reg_1559 |    8   |
+---------------------+--------+
|        Total        |   260  |
+---------------------+--------+

* Multiplexer (MUX) list: 
|--------|------|------|------|--------|
|  Comp  |  Pin | Size |  BW  | S x BW |
|--------|------|------|------|--------|
|  Total |      |      |      |    0   |
|--------|------|------|------|--------|



* Summary:
+-----------+--------+--------+
|           |   FF   |   LUT  |
+-----------+--------+--------+
|  Function |    0   |   868  |
|   Memory  |    -   |    -   |
|Multiplexer|    -   |    -   |
|  Register |   260  |    -   |
+-----------+--------+--------+
|   Total   |   260  |   868  |
+-----------+--------+--------+
