remark: firmware/nnet_utils/nnet_dense_latency.h:42:27: Inlining function 'nnet::product::mult<ap_fixed<10, 5, (ap_q_mode)0, (ap_o_mode)2, 0>, ap_fixed<6, 1, (ap_q_mode)5, (ap_o_mode)3, 0> >::product(ap_fixed<10, 5, (ap_q_mode)0, (ap_o_mode)2, 0>, ap_fixed<6, 1, (ap_q_mode)5, (ap_o_mode)3, 0>)' into 'void nnet::dense_latency<ap_fixed<10, 5, (ap_q_mode)0, (ap_o_mode)2, 0>, ap_fixed<16, 6, (ap_q_mode)5, (ap_o_mode)3, 0>, nnet::aria_first_conv_mult_config<config4_mult> >(ap_fixed<10, 5, (ap_q_mode)0, (ap_o_mode)2, 0>*, ap_fixed<16, 6, (ap_q_mode)5, (ap_o_mode)3, 0>*, nnet::aria_first_conv_mult_config<config4_mult>::weight_t*, nnet::aria_first_conv_mult_config<config4_mult>::bias_t*)'
remark: firmware/nnet_utils/nnet_aria.h:100:17: Inlining function 'nnet::DenseLatency<ap_fixed<10, 5, (ap_q_mode)0, (ap_o_mode)2, 0>, ap_fixed<16, 6, (ap_q_mode)5, (ap_o_mode)3, 0>, nnet::aria_first_conv_mult_config<config4_mult> >::dense(ap_fixed<10, 5, (ap_q_mode)0, (ap_o_mode)2, 0>*, ap_fixed<16, 6, (ap_q_mode)5, (ap_o_mode)3, 0>*, ap_fixed<6, 1, (ap_q_mode)5, (ap_o_mode)3, 0>*, ap_fixed<4, 0, (ap_q_mode)5, (ap_o_mode)3, 0>*)' into 'void nnet::first_conv_2row_4lane_temporal_wide_cl<nnet::array<ap_fixed<10, 5, (ap_q_mode)0, (ap_o_mode)2, 0>, 8u>, nnet::array<ap_fixed<16, 6, (ap_q_mode)5, (ap_o_mode)3, 0>, 80u>, config4>(hls::stream<nnet::array<ap_fixed<10, 5, (ap_q_mode)0, (ap_o_mode)2, 0>, 8u>, 0>&, hls::stream<nnet::array<ap_fixed<16, 6, (ap_q_mode)5, (ap_o_mode)3, 0>, 80u>, 0>&, config4::weight_t*, config4::bias_t*)'
remark: firmware/nnet_utils/nnet_aria.h:317:45: Inlining function 'nnet::product::mult<ap_fixed<10, 5, (ap_q_mode)0, (ap_o_mode)2, 0>, ap_fixed<6, 1, (ap_q_mode)5, (ap_o_mode)3, 0> >::product(ap_fixed<10, 5, (ap_q_mode)0, (ap_o_mode)2, 0>, ap_fixed<6, 1, (ap_q_mode)5, (ap_o_mode)3, 0>)' into 'void nnet::dense_wide_stream<nnet::array<ap_fixed<10, 5, (ap_q_mode)0, (ap_o_mode)2, 0>, 80u>, nnet::array<ap_fixed<24, 14, (ap_q_mode)5, (ap_o_mode)3, 0>, 1u>, config9>(hls::stream<nnet::array<ap_fixed<10, 5, (ap_q_mode)0, (ap_o_mode)2, 0>, 80u>, 0>&, hls::stream<nnet::array<ap_fixed<24, 14, (ap_q_mode)5, (ap_o_mode)3, 0>, 1u>, 0>&, ap_uint<240> const*, config9::bias_t*)'
remark: firmware/nnet_utils/nnet_aria.h:309:9: Loop 'DenseProducts' is marked as complete unroll implied by the pipeline pragma
remark: firmware/nnet_utils/nnet_aria.h:323:9: Loop 'DenseAccumulate' is marked as complete unroll implied by the pipeline pragma
remark: firmware/nnet_utils/nnet_types.h:27:26: Loop 'VITIS_LOOP_27_1' is marked as complete unroll implied by the pipeline pragma
remark: firmware/nnet_utils/nnet_aria.h:250:31: Loop 'VITIS_LOOP_250_1' is marked as complete unroll implied by the pipeline pragma
remark: firmware/nnet_utils/nnet_aria.h:257:31: Loop 'VITIS_LOOP_257_2' is marked as complete unroll implied by the pipeline pragma
remark: firmware/nnet_utils/nnet_activation_stream.h:49:9: Loop 'ReLUPackLoop' is marked as complete unroll implied by the pipeline pragma
remark: firmware/nnet_utils/nnet_aria.h:48:19: Loop 'VITIS_LOOP_48_1' is marked as complete unroll implied by the pipeline pragma
remark: firmware/nnet_utils/nnet_aria.h:56:19: Loop 'VITIS_LOOP_56_2' is marked as complete unroll implied by the pipeline pragma
remark: firmware/nnet_utils/nnet_aria.h:58:19: Loop 'VITIS_LOOP_58_3' is marked as complete unroll implied by the pipeline pragma
remark: firmware/nnet_utils/nnet_aria.h:63:26: Loop 'VITIS_LOOP_63_4' is marked as complete unroll implied by the pipeline pragma
remark: firmware/nnet_utils/nnet_aria.h:68:26: Loop 'VITIS_LOOP_68_5' is marked as complete unroll implied by the pipeline pragma
remark: firmware/nnet_utils/nnet_aria.h:70:19: Loop 'VITIS_LOOP_70_6' is marked as complete unroll implied by the pipeline pragma
remark: firmware/nnet_utils/nnet_aria.h:83:13: Loop 'WriteOutputWidth' is marked as complete unroll implied by the pipeline pragma
remark: firmware/nnet_utils/nnet_aria.h:87:19: Loop 'VITIS_LOOP_87_7' is marked as complete unroll implied by the pipeline pragma
remark: firmware/nnet_utils/nnet_aria.h:103:35: Loop 'VITIS_LOOP_103_8' is marked as complete unroll implied by the pipeline pragma
remark: firmware/nnet_utils/nnet_dense_latency.h:64:5: Loop 'Result' is marked as complete unroll implied by the pipeline pragma
remark: firmware/nnet_utils/nnet_dense_latency.h:54:5: Loop 'Accum1' is marked as complete unroll implied by the pipeline pragma
remark: firmware/nnet_utils/nnet_dense_latency.h:56:9: Loop 'Accum2' is marked as complete unroll implied by the pipeline pragma
remark: firmware/nnet_utils/nnet_dense_latency.h:48:5: Loop 'ResetAccum' is marked as complete unroll implied by the pipeline pragma
remark: firmware/nnet_utils/nnet_dense_latency.h:37:5: Loop 'Product1' is marked as complete unroll implied by the pipeline pragma
remark: firmware/nnet_utils/nnet_dense_latency.h:40:9: Loop 'Product2' is marked as complete unroll implied by the pipeline pragma
remark: firmware/nnet_utils/nnet_aria.h:277:0: Unrolling loop 'DenseProducts' (firmware/nnet_utils/nnet_aria.h:309:9) in function 'nnet::dense_wide_stream<nnet::array<ap_fixed<10, 5, (ap_q_mode)0, (ap_o_mode)2, 0>, 80u>, nnet::array<ap_fixed<24, 14, (ap_q_mode)5, (ap_o_mode)3, 0>, 1u>, config9>' completely with a factor of 40
remark: firmware/nnet_utils/nnet_aria.h:277:0: Unrolling loop 'DenseAccumulate' (firmware/nnet_utils/nnet_aria.h:323:9) in function 'nnet::dense_wide_stream<nnet::array<ap_fixed<10, 5, (ap_q_mode)0, (ap_o_mode)2, 0>, 80u>, nnet::array<ap_fixed<24, 14, (ap_q_mode)5, (ap_o_mode)3, 0>, 1u>, config9>' completely with a factor of 40
remark: firmware/nnet_utils/nnet_types.h:21:0: Unrolling loop 'VITIS_LOOP_27_1' (firmware/nnet_utils/nnet_types.h:27:26) in function 'nnet::array<ap_fixed<10, 5, (ap_q_mode)0, (ap_o_mode)2, 0>, 80u>::operator=' completely with a factor of 80
remark: firmware/nnet_utils/nnet_aria.h:228:0: Unrolling loop 'VITIS_LOOP_250_1' (firmware/nnet_utils/nnet_aria.h:250:31) in function 'nnet::maxpool2d_wide_nonoverlap_cl<nnet::array<ap_ufixed<15, 5, (ap_q_mode)5, (ap_o_mode)3, 0>, 80u>, nnet::array<ap_fixed<10, 5, (ap_q_mode)0, (ap_o_mode)2, 0>, 80u>, config6>' completely with a factor of 80
remark: firmware/nnet_utils/nnet_aria.h:228:0: Unrolling loop 'VITIS_LOOP_257_2' (firmware/nnet_utils/nnet_aria.h:257:31) in function 'nnet::maxpool2d_wide_nonoverlap_cl<nnet::array<ap_ufixed<15, 5, (ap_q_mode)5, (ap_o_mode)3, 0>, 80u>, nnet::array<ap_fixed<10, 5, (ap_q_mode)0, (ap_o_mode)2, 0>, 80u>, config6>' completely with a factor of 80
remark: firmware/nnet_utils/nnet_activation_stream.h:39:0: Unrolling loop 'ReLUPackLoop' (firmware/nnet_utils/nnet_activation_stream.h:49:9) in function 'nnet::relu<nnet::array<ap_fixed<16, 6, (ap_q_mode)5, (ap_o_mode)3, 0>, 80u>, nnet::array<ap_ufixed<15, 5, (ap_q_mode)5, (ap_o_mode)3, 0>, 80u>, relu_config5>' completely with a factor of 80
remark: firmware/nnet_utils/nnet_aria.h:23:0: Unrolling loop 'VITIS_LOOP_48_1' (firmware/nnet_utils/nnet_aria.h:48:19) in function 'nnet::first_conv_2row_4lane_temporal_wide_cl<nnet::array<ap_fixed<10, 5, (ap_q_mode)0, (ap_o_mode)2, 0>, 8u>, nnet::array<ap_fixed<16, 6, (ap_q_mode)5, (ap_o_mode)3, 0>, 80u>, config4>' completely with a factor of 4
remark: firmware/nnet_utils/nnet_aria.h:23:0: Unrolling loop 'VITIS_LOOP_56_2' (firmware/nnet_utils/nnet_aria.h:56:19) in function 'nnet::first_conv_2row_4lane_temporal_wide_cl<nnet::array<ap_fixed<10, 5, (ap_q_mode)0, (ap_o_mode)2, 0>, 8u>, nnet::array<ap_fixed<16, 6, (ap_q_mode)5, (ap_o_mode)3, 0>, 80u>, config4>' completely with a factor of 7
remark: firmware/nnet_utils/nnet_aria.h:23:0: Unrolling loop 'VITIS_LOOP_58_3' (firmware/nnet_utils/nnet_aria.h:58:19) in function 'nnet::first_conv_2row_4lane_temporal_wide_cl<nnet::array<ap_fixed<10, 5, (ap_q_mode)0, (ap_o_mode)2, 0>, 8u>, nnet::array<ap_fixed<16, 6, (ap_q_mode)5, (ap_o_mode)3, 0>, 80u>, config4>' completely with a factor of 4
remark: firmware/nnet_utils/nnet_aria.h:23:0: Unrolling loop 'VITIS_LOOP_58_3' (firmware/nnet_utils/nnet_aria.h:58:19) in function 'nnet::first_conv_2row_4lane_temporal_wide_cl<nnet::array<ap_fixed<10, 5, (ap_q_mode)0, (ap_o_mode)2, 0>, 8u>, nnet::array<ap_fixed<16, 6, (ap_q_mode)5, (ap_o_mode)3, 0>, 80u>, config4>' completely with a factor of 4
remark: firmware/nnet_utils/nnet_aria.h:23:0: Unrolling loop 'VITIS_LOOP_58_3' (firmware/nnet_utils/nnet_aria.h:58:19) in function 'nnet::first_conv_2row_4lane_temporal_wide_cl<nnet::array<ap_fixed<10, 5, (ap_q_mode)0, (ap_o_mode)2, 0>, 8u>, nnet::array<ap_fixed<16, 6, (ap_q_mode)5, (ap_o_mode)3, 0>, 80u>, config4>' completely with a factor of 4
remark: firmware/nnet_utils/nnet_aria.h:23:0: Unrolling loop 'VITIS_LOOP_58_3' (firmware/nnet_utils/nnet_aria.h:58:19) in function 'nnet::first_conv_2row_4lane_temporal_wide_cl<nnet::array<ap_fixed<10, 5, (ap_q_mode)0, (ap_o_mode)2, 0>, 8u>, nnet::array<ap_fixed<16, 6, (ap_q_mode)5, (ap_o_mode)3, 0>, 80u>, config4>' completely with a factor of 4
remark: firmware/nnet_utils/nnet_aria.h:23:0: Unrolling loop 'VITIS_LOOP_58_3' (firmware/nnet_utils/nnet_aria.h:58:19) in function 'nnet::first_conv_2row_4lane_temporal_wide_cl<nnet::array<ap_fixed<10, 5, (ap_q_mode)0, (ap_o_mode)2, 0>, 8u>, nnet::array<ap_fixed<16, 6, (ap_q_mode)5, (ap_o_mode)3, 0>, 80u>, config4>' completely with a factor of 4
remark: firmware/nnet_utils/nnet_aria.h:23:0: Unrolling loop 'VITIS_LOOP_58_3' (firmware/nnet_utils/nnet_aria.h:58:19) in function 'nnet::first_conv_2row_4lane_temporal_wide_cl<nnet::array<ap_fixed<10, 5, (ap_q_mode)0, (ap_o_mode)2, 0>, 8u>, nnet::array<ap_fixed<16, 6, (ap_q_mode)5, (ap_o_mode)3, 0>, 80u>, config4>' completely with a factor of 4
remark: firmware/nnet_utils/nnet_aria.h:23:0: Unrolling loop 'VITIS_LOOP_58_3' (firmware/nnet_utils/nnet_aria.h:58:19) in function 'nnet::first_conv_2row_4lane_temporal_wide_cl<nnet::array<ap_fixed<10, 5, (ap_q_mode)0, (ap_o_mode)2, 0>, 8u>, nnet::array<ap_fixed<16, 6, (ap_q_mode)5, (ap_o_mode)3, 0>, 80u>, config4>' completely with a factor of 4
remark: firmware/nnet_utils/nnet_aria.h:23:0: Unrolling loop 'VITIS_LOOP_63_4' (firmware/nnet_utils/nnet_aria.h:63:26) in function 'nnet::first_conv_2row_4lane_temporal_wide_cl<nnet::array<ap_fixed<10, 5, (ap_q_mode)0, (ap_o_mode)2, 0>, 8u>, nnet::array<ap_fixed<16, 6, (ap_q_mode)5, (ap_o_mode)3, 0>, 80u>, config4>' completely with a factor of 4
remark: firmware/nnet_utils/nnet_aria.h:23:0: Unrolling loop 'VITIS_LOOP_68_5' (firmware/nnet_utils/nnet_aria.h:68:26) in function 'nnet::first_conv_2row_4lane_temporal_wide_cl<nnet::array<ap_fixed<10, 5, (ap_q_mode)0, (ap_o_mode)2, 0>, 8u>, nnet::array<ap_fixed<16, 6, (ap_q_mode)5, (ap_o_mode)3, 0>, 80u>, config4>' completely with a factor of 5
remark: firmware/nnet_utils/nnet_aria.h:23:0: Unrolling loop 'VITIS_LOOP_70_6' (firmware/nnet_utils/nnet_aria.h:70:19) in function 'nnet::first_conv_2row_4lane_temporal_wide_cl<nnet::array<ap_fixed<10, 5, (ap_q_mode)0, (ap_o_mode)2, 0>, 8u>, nnet::array<ap_fixed<16, 6, (ap_q_mode)5, (ap_o_mode)3, 0>, 80u>, config4>' completely with a factor of 4
remark: firmware/nnet_utils/nnet_aria.h:23:0: Unrolling loop 'VITIS_LOOP_70_6' (firmware/nnet_utils/nnet_aria.h:70:19) in function 'nnet::first_conv_2row_4lane_temporal_wide_cl<nnet::array<ap_fixed<10, 5, (ap_q_mode)0, (ap_o_mode)2, 0>, 8u>, nnet::array<ap_fixed<16, 6, (ap_q_mode)5, (ap_o_mode)3, 0>, 80u>, config4>' completely with a factor of 4
remark: firmware/nnet_utils/nnet_aria.h:23:0: Unrolling loop 'VITIS_LOOP_70_6' (firmware/nnet_utils/nnet_aria.h:70:19) in function 'nnet::first_conv_2row_4lane_temporal_wide_cl<nnet::array<ap_fixed<10, 5, (ap_q_mode)0, (ap_o_mode)2, 0>, 8u>, nnet::array<ap_fixed<16, 6, (ap_q_mode)5, (ap_o_mode)3, 0>, 80u>, config4>' completely with a factor of 4
remark: firmware/nnet_utils/nnet_aria.h:23:0: Unrolling loop 'VITIS_LOOP_70_6' (firmware/nnet_utils/nnet_aria.h:70:19) in function 'nnet::first_conv_2row_4lane_temporal_wide_cl<nnet::array<ap_fixed<10, 5, (ap_q_mode)0, (ap_o_mode)2, 0>, 8u>, nnet::array<ap_fixed<16, 6, (ap_q_mode)5, (ap_o_mode)3, 0>, 80u>, config4>' completely with a factor of 4
remark: firmware/nnet_utils/nnet_aria.h:23:0: Unrolling loop 'VITIS_LOOP_70_6' (firmware/nnet_utils/nnet_aria.h:70:19) in function 'nnet::first_conv_2row_4lane_temporal_wide_cl<nnet::array<ap_fixed<10, 5, (ap_q_mode)0, (ap_o_mode)2, 0>, 8u>, nnet::array<ap_fixed<16, 6, (ap_q_mode)5, (ap_o_mode)3, 0>, 80u>, config4>' completely with a factor of 4
remark: firmware/nnet_utils/nnet_aria.h:23:0: Unrolling loop 'WriteOutputWidth' (firmware/nnet_utils/nnet_aria.h:83:13) in function 'nnet::first_conv_2row_4lane_temporal_wide_cl<nnet::array<ap_fixed<10, 5, (ap_q_mode)0, (ap_o_mode)2, 0>, 8u>, nnet::array<ap_fixed<16, 6, (ap_q_mode)5, (ap_o_mode)3, 0>, 80u>, config4>' completely with a factor of 4
remark: firmware/nnet_utils/nnet_aria.h:23:0: Unrolling loop 'VITIS_LOOP_103_8' (firmware/nnet_utils/nnet_aria.h:103:35) in function 'nnet::first_conv_2row_4lane_temporal_wide_cl<nnet::array<ap_fixed<10, 5, (ap_q_mode)0, (ap_o_mode)2, 0>, 8u>, nnet::array<ap_fixed<16, 6, (ap_q_mode)5, (ap_o_mode)3, 0>, 80u>, config4>' completely with a factor of 20
remark: firmware/nnet_utils/nnet_aria.h:23:0: Unrolling loop 'VITIS_LOOP_87_7' (firmware/nnet_utils/nnet_aria.h:87:19) in function 'nnet::first_conv_2row_4lane_temporal_wide_cl<nnet::array<ap_fixed<10, 5, (ap_q_mode)0, (ap_o_mode)2, 0>, 8u>, nnet::array<ap_fixed<16, 6, (ap_q_mode)5, (ap_o_mode)3, 0>, 80u>, config4>' completely with a factor of 5
remark: firmware/nnet_utils/nnet_aria.h:23:0: Unrolling loop 'VITIS_LOOP_103_8' (firmware/nnet_utils/nnet_aria.h:103:35) in function 'nnet::first_conv_2row_4lane_temporal_wide_cl<nnet::array<ap_fixed<10, 5, (ap_q_mode)0, (ap_o_mode)2, 0>, 8u>, nnet::array<ap_fixed<16, 6, (ap_q_mode)5, (ap_o_mode)3, 0>, 80u>, config4>' completely with a factor of 20
remark: firmware/nnet_utils/nnet_aria.h:23:0: Unrolling loop 'VITIS_LOOP_87_7' (firmware/nnet_utils/nnet_aria.h:87:19) in function 'nnet::first_conv_2row_4lane_temporal_wide_cl<nnet::array<ap_fixed<10, 5, (ap_q_mode)0, (ap_o_mode)2, 0>, 8u>, nnet::array<ap_fixed<16, 6, (ap_q_mode)5, (ap_o_mode)3, 0>, 80u>, config4>' completely with a factor of 5
remark: firmware/nnet_utils/nnet_aria.h:23:0: Unrolling loop 'VITIS_LOOP_103_8' (firmware/nnet_utils/nnet_aria.h:103:35) in function 'nnet::first_conv_2row_4lane_temporal_wide_cl<nnet::array<ap_fixed<10, 5, (ap_q_mode)0, (ap_o_mode)2, 0>, 8u>, nnet::array<ap_fixed<16, 6, (ap_q_mode)5, (ap_o_mode)3, 0>, 80u>, config4>' completely with a factor of 20
remark: firmware/nnet_utils/nnet_aria.h:23:0: Unrolling loop 'VITIS_LOOP_87_7' (firmware/nnet_utils/nnet_aria.h:87:19) in function 'nnet::first_conv_2row_4lane_temporal_wide_cl<nnet::array<ap_fixed<10, 5, (ap_q_mode)0, (ap_o_mode)2, 0>, 8u>, nnet::array<ap_fixed<16, 6, (ap_q_mode)5, (ap_o_mode)3, 0>, 80u>, config4>' completely with a factor of 5
remark: firmware/nnet_utils/nnet_aria.h:23:0: Unrolling loop 'VITIS_LOOP_103_8' (firmware/nnet_utils/nnet_aria.h:103:35) in function 'nnet::first_conv_2row_4lane_temporal_wide_cl<nnet::array<ap_fixed<10, 5, (ap_q_mode)0, (ap_o_mode)2, 0>, 8u>, nnet::array<ap_fixed<16, 6, (ap_q_mode)5, (ap_o_mode)3, 0>, 80u>, config4>' completely with a factor of 20
remark: firmware/nnet_utils/nnet_aria.h:23:0: Unrolling loop 'VITIS_LOOP_87_7' (firmware/nnet_utils/nnet_aria.h:87:19) in function 'nnet::first_conv_2row_4lane_temporal_wide_cl<nnet::array<ap_fixed<10, 5, (ap_q_mode)0, (ap_o_mode)2, 0>, 8u>, nnet::array<ap_fixed<16, 6, (ap_q_mode)5, (ap_o_mode)3, 0>, 80u>, config4>' completely with a factor of 5
remark: firmware/nnet_utils/nnet_dense_latency.h:15:0: Unrolling loop 'Result' (firmware/nnet_utils/nnet_dense_latency.h:64:5) in function 'nnet::dense_latency<ap_fixed<10, 5, (ap_q_mode)0, (ap_o_mode)2, 0>, ap_fixed<16, 6, (ap_q_mode)5, (ap_o_mode)3, 0>, nnet::aria_first_conv_mult_config<config4_mult> >' completely with a factor of 20
remark: firmware/nnet_utils/nnet_dense_latency.h:15:0: Unrolling loop 'Accum1' (firmware/nnet_utils/nnet_dense_latency.h:54:5) in function 'nnet::dense_latency<ap_fixed<10, 5, (ap_q_mode)0, (ap_o_mode)2, 0>, ap_fixed<16, 6, (ap_q_mode)5, (ap_o_mode)3, 0>, nnet::aria_first_conv_mult_config<config4_mult> >' completely with a factor of 7
remark: firmware/nnet_utils/nnet_dense_latency.h:15:0: Unrolling loop 'Accum2' (firmware/nnet_utils/nnet_dense_latency.h:56:9) in function 'nnet::dense_latency<ap_fixed<10, 5, (ap_q_mode)0, (ap_o_mode)2, 0>, ap_fixed<16, 6, (ap_q_mode)5, (ap_o_mode)3, 0>, nnet::aria_first_conv_mult_config<config4_mult> >' completely with a factor of 20
remark: firmware/nnet_utils/nnet_dense_latency.h:15:0: Unrolling loop 'Accum2' (firmware/nnet_utils/nnet_dense_latency.h:56:9) in function 'nnet::dense_latency<ap_fixed<10, 5, (ap_q_mode)0, (ap_o_mode)2, 0>, ap_fixed<16, 6, (ap_q_mode)5, (ap_o_mode)3, 0>, nnet::aria_first_conv_mult_config<config4_mult> >' completely with a factor of 20
remark: firmware/nnet_utils/nnet_dense_latency.h:15:0: Unrolling loop 'Accum2' (firmware/nnet_utils/nnet_dense_latency.h:56:9) in function 'nnet::dense_latency<ap_fixed<10, 5, (ap_q_mode)0, (ap_o_mode)2, 0>, ap_fixed<16, 6, (ap_q_mode)5, (ap_o_mode)3, 0>, nnet::aria_first_conv_mult_config<config4_mult> >' completely with a factor of 20
remark: firmware/nnet_utils/nnet_dense_latency.h:15:0: Unrolling loop 'Accum2' (firmware/nnet_utils/nnet_dense_latency.h:56:9) in function 'nnet::dense_latency<ap_fixed<10, 5, (ap_q_mode)0, (ap_o_mode)2, 0>, ap_fixed<16, 6, (ap_q_mode)5, (ap_o_mode)3, 0>, nnet::aria_first_conv_mult_config<config4_mult> >' completely with a factor of 20
remark: firmware/nnet_utils/nnet_dense_latency.h:15:0: Unrolling loop 'Accum2' (firmware/nnet_utils/nnet_dense_latency.h:56:9) in function 'nnet::dense_latency<ap_fixed<10, 5, (ap_q_mode)0, (ap_o_mode)2, 0>, ap_fixed<16, 6, (ap_q_mode)5, (ap_o_mode)3, 0>, nnet::aria_first_conv_mult_config<config4_mult> >' completely with a factor of 20
remark: firmware/nnet_utils/nnet_dense_latency.h:15:0: Unrolling loop 'Accum2' (firmware/nnet_utils/nnet_dense_latency.h:56:9) in function 'nnet::dense_latency<ap_fixed<10, 5, (ap_q_mode)0, (ap_o_mode)2, 0>, ap_fixed<16, 6, (ap_q_mode)5, (ap_o_mode)3, 0>, nnet::aria_first_conv_mult_config<config4_mult> >' completely with a factor of 20
remark: firmware/nnet_utils/nnet_dense_latency.h:15:0: Unrolling loop 'Accum2' (firmware/nnet_utils/nnet_dense_latency.h:56:9) in function 'nnet::dense_latency<ap_fixed<10, 5, (ap_q_mode)0, (ap_o_mode)2, 0>, ap_fixed<16, 6, (ap_q_mode)5, (ap_o_mode)3, 0>, nnet::aria_first_conv_mult_config<config4_mult> >' completely with a factor of 20
remark: firmware/nnet_utils/nnet_dense_latency.h:15:0: Unrolling loop 'ResetAccum' (firmware/nnet_utils/nnet_dense_latency.h:48:5) in function 'nnet::dense_latency<ap_fixed<10, 5, (ap_q_mode)0, (ap_o_mode)2, 0>, ap_fixed<16, 6, (ap_q_mode)5, (ap_o_mode)3, 0>, nnet::aria_first_conv_mult_config<config4_mult> >' completely with a factor of 20
remark: firmware/nnet_utils/nnet_dense_latency.h:15:0: Unrolling loop 'Product1' (firmware/nnet_utils/nnet_dense_latency.h:37:5) in function 'nnet::dense_latency<ap_fixed<10, 5, (ap_q_mode)0, (ap_o_mode)2, 0>, ap_fixed<16, 6, (ap_q_mode)5, (ap_o_mode)3, 0>, nnet::aria_first_conv_mult_config<config4_mult> >' completely with a factor of 7
remark: firmware/nnet_utils/nnet_dense_latency.h:15:0: Unrolling loop 'Product2' (firmware/nnet_utils/nnet_dense_latency.h:40:9) in function 'nnet::dense_latency<ap_fixed<10, 5, (ap_q_mode)0, (ap_o_mode)2, 0>, ap_fixed<16, 6, (ap_q_mode)5, (ap_o_mode)3, 0>, nnet::aria_first_conv_mult_config<config4_mult> >' completely with a factor of 20
remark: firmware/nnet_utils/nnet_dense_latency.h:15:0: Unrolling loop 'Product2' (firmware/nnet_utils/nnet_dense_latency.h:40:9) in function 'nnet::dense_latency<ap_fixed<10, 5, (ap_q_mode)0, (ap_o_mode)2, 0>, ap_fixed<16, 6, (ap_q_mode)5, (ap_o_mode)3, 0>, nnet::aria_first_conv_mult_config<config4_mult> >' completely with a factor of 20
remark: firmware/nnet_utils/nnet_dense_latency.h:15:0: Unrolling loop 'Product2' (firmware/nnet_utils/nnet_dense_latency.h:40:9) in function 'nnet::dense_latency<ap_fixed<10, 5, (ap_q_mode)0, (ap_o_mode)2, 0>, ap_fixed<16, 6, (ap_q_mode)5, (ap_o_mode)3, 0>, nnet::aria_first_conv_mult_config<config4_mult> >' completely with a factor of 20
remark: firmware/nnet_utils/nnet_dense_latency.h:15:0: Unrolling loop 'Product2' (firmware/nnet_utils/nnet_dense_latency.h:40:9) in function 'nnet::dense_latency<ap_fixed<10, 5, (ap_q_mode)0, (ap_o_mode)2, 0>, ap_fixed<16, 6, (ap_q_mode)5, (ap_o_mode)3, 0>, nnet::aria_first_conv_mult_config<config4_mult> >' completely with a factor of 20
remark: firmware/nnet_utils/nnet_dense_latency.h:15:0: Unrolling loop 'Product2' (firmware/nnet_utils/nnet_dense_latency.h:40:9) in function 'nnet::dense_latency<ap_fixed<10, 5, (ap_q_mode)0, (ap_o_mode)2, 0>, ap_fixed<16, 6, (ap_q_mode)5, (ap_o_mode)3, 0>, nnet::aria_first_conv_mult_config<config4_mult> >' completely with a factor of 20
remark: firmware/nnet_utils/nnet_dense_latency.h:15:0: Unrolling loop 'Product2' (firmware/nnet_utils/nnet_dense_latency.h:40:9) in function 'nnet::dense_latency<ap_fixed<10, 5, (ap_q_mode)0, (ap_o_mode)2, 0>, ap_fixed<16, 6, (ap_q_mode)5, (ap_o_mode)3, 0>, nnet::aria_first_conv_mult_config<config4_mult> >' completely with a factor of 20
remark: firmware/nnet_utils/nnet_dense_latency.h:15:0: Unrolling loop 'Product2' (firmware/nnet_utils/nnet_dense_latency.h:40:9) in function 'nnet::dense_latency<ap_fixed<10, 5, (ap_q_mode)0, (ap_o_mode)2, 0>, ap_fixed<16, 6, (ap_q_mode)5, (ap_o_mode)3, 0>, nnet::aria_first_conv_mult_config<config4_mult> >' completely with a factor of 20
remark: firmware/nnet_utils/nnet_dense_latency.h:15:0: Inlining function 'std::enable_if<!(std::is_same<ap_fixed<10, 5, (ap_q_mode)0, (ap_o_mode)2, 0>, ap_uint<1> >::value), ap_fixed<16, 6, (ap_q_mode)5, (ap_o_mode)3, 0> >::type nnet::cast<ap_fixed<10, 5, (ap_q_mode)0, (ap_o_mode)2, 0>, ap_fixed<16, 6, (ap_q_mode)5, (ap_o_mode)3, 0>, nnet::aria_first_conv_mult_config<config4_mult> >(nnet::aria_first_conv_mult_config<config4_mult>::accum_t)' into 'void nnet::dense_latency<ap_fixed<10, 5, (ap_q_mode)0, (ap_o_mode)2, 0>, ap_fixed<16, 6, (ap_q_mode)5, (ap_o_mode)3, 0>, nnet::aria_first_conv_mult_config<config4_mult> >(ap_fixed<10, 5, (ap_q_mode)0, (ap_o_mode)2, 0>*, ap_fixed<16, 6, (ap_q_mode)5, (ap_o_mode)3, 0>*, nnet::aria_first_conv_mult_config<config4_mult>::weight_t*, nnet::aria_first_conv_mult_config<config4_mult>::bias_t*)'
remark: firmware/nnet_utils/nnet_aria.h:23:0: Inlining function 'nnet::array<ap_fixed<10, 5, (ap_q_mode)0, (ap_o_mode)2, 0>, 8u>::operator[](unsigned long)' into 'void nnet::first_conv_2row_4lane_temporal_wide_cl<nnet::array<ap_fixed<10, 5, (ap_q_mode)0, (ap_o_mode)2, 0>, 8u>, nnet::array<ap_fixed<16, 6, (ap_q_mode)5, (ap_o_mode)3, 0>, 80u>, config4>(hls::stream<nnet::array<ap_fixed<10, 5, (ap_q_mode)0, (ap_o_mode)2, 0>, 8u>, 0>&, hls::stream<nnet::array<ap_fixed<16, 6, (ap_q_mode)5, (ap_o_mode)3, 0>, 80u>, 0>&, config4::weight_t*, config4::bias_t*)'
remark: firmware/nnet_utils/nnet_aria.h:23:0: Inlining function 'nnet::array<ap_fixed<16, 6, (ap_q_mode)5, (ap_o_mode)3, 0>, 80u>::operator[](unsigned long)' into 'void nnet::first_conv_2row_4lane_temporal_wide_cl<nnet::array<ap_fixed<10, 5, (ap_q_mode)0, (ap_o_mode)2, 0>, 8u>, nnet::array<ap_fixed<16, 6, (ap_q_mode)5, (ap_o_mode)3, 0>, 80u>, config4>(hls::stream<nnet::array<ap_fixed<10, 5, (ap_q_mode)0, (ap_o_mode)2, 0>, 8u>, 0>&, hls::stream<nnet::array<ap_fixed<16, 6, (ap_q_mode)5, (ap_o_mode)3, 0>, 80u>, 0>&, config4::weight_t*, config4::bias_t*)'
remark: firmware/nnet_utils/nnet_activation_stream.h:39:0: Inlining function 'nnet::array<ap_fixed<16, 6, (ap_q_mode)5, (ap_o_mode)3, 0>, 80u>::operator[](unsigned long)' into 'void nnet::relu<nnet::array<ap_fixed<16, 6, (ap_q_mode)5, (ap_o_mode)3, 0>, 80u>, nnet::array<ap_ufixed<15, 5, (ap_q_mode)5, (ap_o_mode)3, 0>, 80u>, relu_config5>(hls::stream<nnet::array<ap_fixed<16, 6, (ap_q_mode)5, (ap_o_mode)3, 0>, 80u>, 0>&, hls::stream<nnet::array<ap_ufixed<15, 5, (ap_q_mode)5, (ap_o_mode)3, 0>, 80u>, 0>&)'
remark: firmware/nnet_utils/nnet_activation_stream.h:39:0: Inlining function 'nnet::array<ap_ufixed<15, 5, (ap_q_mode)5, (ap_o_mode)3, 0>, 80u>::operator[](unsigned long)' into 'void nnet::relu<nnet::array<ap_fixed<16, 6, (ap_q_mode)5, (ap_o_mode)3, 0>, 80u>, nnet::array<ap_ufixed<15, 5, (ap_q_mode)5, (ap_o_mode)3, 0>, 80u>, relu_config5>(hls::stream<nnet::array<ap_fixed<16, 6, (ap_q_mode)5, (ap_o_mode)3, 0>, 80u>, 0>&, hls::stream<nnet::array<ap_ufixed<15, 5, (ap_q_mode)5, (ap_o_mode)3, 0>, 80u>, 0>&)'
remark: firmware/nnet_utils/nnet_aria.h:228:0: Inlining function 'nnet::array<ap_ufixed<15, 5, (ap_q_mode)5, (ap_o_mode)3, 0>, 80u>::operator[](unsigned long)' into 'void nnet::maxpool2d_wide_nonoverlap_cl<nnet::array<ap_ufixed<15, 5, (ap_q_mode)5, (ap_o_mode)3, 0>, 80u>, nnet::array<ap_fixed<10, 5, (ap_q_mode)0, (ap_o_mode)2, 0>, 80u>, config6>(hls::stream<nnet::array<ap_ufixed<15, 5, (ap_q_mode)5, (ap_o_mode)3, 0>, 80u>, 0>&, hls::stream<nnet::array<ap_fixed<10, 5, (ap_q_mode)0, (ap_o_mode)2, 0>, 80u>, 0>&)'
remark: firmware/nnet_utils/nnet_aria.h:228:0: Inlining function 'nnet::array<ap_fixed<10, 5, (ap_q_mode)0, (ap_o_mode)2, 0>, 80u>::operator[](unsigned long) (.21)' into 'void nnet::maxpool2d_wide_nonoverlap_cl<nnet::array<ap_ufixed<15, 5, (ap_q_mode)5, (ap_o_mode)3, 0>, 80u>, nnet::array<ap_fixed<10, 5, (ap_q_mode)0, (ap_o_mode)2, 0>, 80u>, config6>(hls::stream<nnet::array<ap_ufixed<15, 5, (ap_q_mode)5, (ap_o_mode)3, 0>, 80u>, 0>&, hls::stream<nnet::array<ap_fixed<10, 5, (ap_q_mode)0, (ap_o_mode)2, 0>, 80u>, 0>&)'
remark: firmware/nnet_utils/nnet_types.h:21:0: Inlining function 'nnet::array<ap_fixed<10, 5, (ap_q_mode)0, (ap_o_mode)2, 0>, 80u>::operator[](unsigned long) const' into 'nnet::array<ap_fixed<10, 5, (ap_q_mode)0, (ap_o_mode)2, 0>, 80u>::operator=(nnet::array<ap_fixed<10, 5, (ap_q_mode)0, (ap_o_mode)2, 0>, 80u> const&)'
remark: firmware/nnet_utils/nnet_aria.h:277:0: Inlining function 'nnet::array<ap_fixed<10, 5, (ap_q_mode)0, (ap_o_mode)2, 0>, 80u>::operator=(nnet::array<ap_fixed<10, 5, (ap_q_mode)0, (ap_o_mode)2, 0>, 80u> const&)' into 'void nnet::dense_wide_stream<nnet::array<ap_fixed<10, 5, (ap_q_mode)0, (ap_o_mode)2, 0>, 80u>, nnet::array<ap_fixed<24, 14, (ap_q_mode)5, (ap_o_mode)3, 0>, 1u>, config9>(hls::stream<nnet::array<ap_fixed<10, 5, (ap_q_mode)0, (ap_o_mode)2, 0>, 80u>, 0>&, hls::stream<nnet::array<ap_fixed<24, 14, (ap_q_mode)5, (ap_o_mode)3, 0>, 1u>, 0>&, ap_uint<240> const*, config9::bias_t*)'
remark: firmware/nnet_utils/nnet_aria.h:277:0: Inlining function 'nnet::array<ap_fixed<10, 5, (ap_q_mode)0, (ap_o_mode)2, 0>, 80u>::operator[](unsigned long)' into 'void nnet::dense_wide_stream<nnet::array<ap_fixed<10, 5, (ap_q_mode)0, (ap_o_mode)2, 0>, 80u>, nnet::array<ap_fixed<24, 14, (ap_q_mode)5, (ap_o_mode)3, 0>, 1u>, config9>(hls::stream<nnet::array<ap_fixed<10, 5, (ap_q_mode)0, (ap_o_mode)2, 0>, 80u>, 0>&, hls::stream<nnet::array<ap_fixed<24, 14, (ap_q_mode)5, (ap_o_mode)3, 0>, 1u>, 0>&, ap_uint<240> const*, config9::bias_t*)'
remark: firmware/nnet_utils/nnet_aria.h:277:0: Inlining function 'std::enable_if<!(std::is_same<ap_fixed<10, 5, (ap_q_mode)0, (ap_o_mode)2, 0>, ap_uint<1> >::value), ap_fixed<24, 14, (ap_q_mode)5, (ap_o_mode)3, 0> >::type nnet::cast<ap_fixed<10, 5, (ap_q_mode)0, (ap_o_mode)2, 0>, ap_fixed<24, 14, (ap_q_mode)5, (ap_o_mode)3, 0>, config9>(config9::accum_t)' into 'void nnet::dense_wide_stream<nnet::array<ap_fixed<10, 5, (ap_q_mode)0, (ap_o_mode)2, 0>, 80u>, nnet::array<ap_fixed<24, 14, (ap_q_mode)5, (ap_o_mode)3, 0>, 1u>, config9>(hls::stream<nnet::array<ap_fixed<10, 5, (ap_q_mode)0, (ap_o_mode)2, 0>, 80u>, 0>&, hls::stream<nnet::array<ap_fixed<24, 14, (ap_q_mode)5, (ap_o_mode)3, 0>, 1u>, 0>&, ap_uint<240> const*, config9::bias_t*)'
remark: firmware/nnet_utils/nnet_aria.h:277:0: Inlining function 'nnet::array<ap_fixed<24, 14, (ap_q_mode)5, (ap_o_mode)3, 0>, 1u>::operator[](unsigned long)' into 'void nnet::dense_wide_stream<nnet::array<ap_fixed<10, 5, (ap_q_mode)0, (ap_o_mode)2, 0>, 80u>, nnet::array<ap_fixed<24, 14, (ap_q_mode)5, (ap_o_mode)3, 0>, 1u>, config9>(hls::stream<nnet::array<ap_fixed<10, 5, (ap_q_mode)0, (ap_o_mode)2, 0>, 80u>, 0>&, hls::stream<nnet::array<ap_fixed<24, 14, (ap_q_mode)5, (ap_o_mode)3, 0>, 1u>, 0>&, ap_uint<240> const*, config9::bias_t*)'
remark: firmware/weights/b4.h:12:0: Applying array_partition to 'b4': Complete partitioning on dimension 1.
remark: firmware/weights/b9.h:12:0: Applying array_partition to 'b9': Complete partitioning on dimension 1.
remark: firmware/nnet_utils/nnet_aria.h:44:22: Applying array_partition to 'row0': Complete partitioning on dimension 1.
remark: firmware/nnet_utils/nnet_aria.h:45:22: Applying array_partition to 'row1': Complete partitioning on dimension 1.
remark: firmware/nnet_utils/nnet_aria.h:54:22: Applying array_partition to 'old_buf': Complete partitioning on dimension 1. Complete partitioning on dimension 2.
remark: <unknown>:0:0: Applying array_partition to 'kernel_data': Complete partitioning on dimension 1.
remark: <unknown>:0:0: Applying array_partition to 'res_out': Complete partitioning on dimension 1.
remark: firmware/nnet_utils/nnet_aria.h:242:33: Applying array_partition to 'previous': Complete partitioning on dimension 1.
remark: firmware/cnn_core.cpp:35:34: Aggregating fifo (hls::stream) variable 'layer6_out_x4' with compact=bit mode in 800-bits
remark: firmware/cnn_core.cpp:31:34: Aggregating fifo (hls::stream) variable 'layer5_out_x4' with compact=bit mode in 1200-bits
remark: firmware/cnn_core.cpp:27:29: Aggregating fifo (hls::stream) variable 'layer4_out_x4' with compact=bit mode in 1280-bits
warning: firmware/nnet_utils/nnet_aria.h:259:26: Could not analyze occurrence information for 'VITIS_LOOP_257_2' living in 'PoolRows'(firmware/nnet_utils/nnet_aria.h:246:5) .
warning: firmware/nnet_utils/nnet_aria.h:302:31: Could not analyze occurrence information for 'if.then' living in 'DenseValues'(firmware/nnet_utils/nnet_aria.h:299:5) .
remark: firmware/nnet_utils/nnet_dense.h:54:2: Automatically inlining function 'void nnet::dense_latency<ap_fixed<10, 5, (ap_q_mode)0, (ap_o_mode)2, 0>, ap_fixed<16, 6, (ap_q_mode)5, (ap_o_mode)3, 0>, nnet::aria_first_conv_mult_config<config4_mult> >(ap_fixed<10, 5, (ap_q_mode)0, (ap_o_mode)2, 0>*, ap_fixed<16, 6, (ap_q_mode)5, (ap_o_mode)3, 0>*, nnet::aria_first_conv_mult_config<config4_mult>::weight_t*, nnet::aria_first_conv_mult_config<config4_mult>::bias_t*)' to improve effectiveness of pipeline pragma in function 'void nnet::first_conv_2row_4lane_temporal_wide_cl<nnet::array<ap_fixed<10, 5, (ap_q_mode)0, (ap_o_mode)2, 0>, 8u>, nnet::array<ap_fixed<16, 6, (ap_q_mode)5, (ap_o_mode)3, 0>, 80u>, config4>(hls::stream<nnet::array<ap_fixed<10, 5, (ap_q_mode)0, (ap_o_mode)2, 0>, 8u>, 0>&, hls::stream<nnet::array<ap_fixed<16, 6, (ap_q_mode)5, (ap_o_mode)3, 0>, 80u>, 0>&, config4::weight_t*, config4::bias_t*)'
remark: firmware/nnet_utils/nnet_dense.h:54:2: Automatically inlining function 'void nnet::dense_latency<ap_fixed<10, 5, (ap_q_mode)0, (ap_o_mode)2, 0>, ap_fixed<16, 6, (ap_q_mode)5, (ap_o_mode)3, 0>, nnet::aria_first_conv_mult_config<config4_mult> >(ap_fixed<10, 5, (ap_q_mode)0, (ap_o_mode)2, 0>*, ap_fixed<16, 6, (ap_q_mode)5, (ap_o_mode)3, 0>*, nnet::aria_first_conv_mult_config<config4_mult>::weight_t*, nnet::aria_first_conv_mult_config<config4_mult>::bias_t*)' to improve effectiveness of pipeline pragma in function 'void nnet::first_conv_2row_4lane_temporal_wide_cl<nnet::array<ap_fixed<10, 5, (ap_q_mode)0, (ap_o_mode)2, 0>, 8u>, nnet::array<ap_fixed<16, 6, (ap_q_mode)5, (ap_o_mode)3, 0>, 80u>, config4>(hls::stream<nnet::array<ap_fixed<10, 5, (ap_q_mode)0, (ap_o_mode)2, 0>, 8u>, 0>&, hls::stream<nnet::array<ap_fixed<16, 6, (ap_q_mode)5, (ap_o_mode)3, 0>, 80u>, 0>&, config4::weight_t*, config4::bias_t*)'
remark: firmware/nnet_utils/nnet_dense.h:54:2: Automatically inlining function 'void nnet::dense_latency<ap_fixed<10, 5, (ap_q_mode)0, (ap_o_mode)2, 0>, ap_fixed<16, 6, (ap_q_mode)5, (ap_o_mode)3, 0>, nnet::aria_first_conv_mult_config<config4_mult> >(ap_fixed<10, 5, (ap_q_mode)0, (ap_o_mode)2, 0>*, ap_fixed<16, 6, (ap_q_mode)5, (ap_o_mode)3, 0>*, nnet::aria_first_conv_mult_config<config4_mult>::weight_t*, nnet::aria_first_conv_mult_config<config4_mult>::bias_t*)' to improve effectiveness of pipeline pragma in function 'void nnet::first_conv_2row_4lane_temporal_wide_cl<nnet::array<ap_fixed<10, 5, (ap_q_mode)0, (ap_o_mode)2, 0>, 8u>, nnet::array<ap_fixed<16, 6, (ap_q_mode)5, (ap_o_mode)3, 0>, 80u>, config4>(hls::stream<nnet::array<ap_fixed<10, 5, (ap_q_mode)0, (ap_o_mode)2, 0>, 8u>, 0>&, hls::stream<nnet::array<ap_fixed<16, 6, (ap_q_mode)5, (ap_o_mode)3, 0>, 80u>, 0>&, config4::weight_t*, config4::bias_t*)'
remark: firmware/nnet_utils/nnet_dense.h:54:2: Automatically inlining function 'void nnet::dense_latency<ap_fixed<10, 5, (ap_q_mode)0, (ap_o_mode)2, 0>, ap_fixed<16, 6, (ap_q_mode)5, (ap_o_mode)3, 0>, nnet::aria_first_conv_mult_config<config4_mult> >(ap_fixed<10, 5, (ap_q_mode)0, (ap_o_mode)2, 0>*, ap_fixed<16, 6, (ap_q_mode)5, (ap_o_mode)3, 0>*, nnet::aria_first_conv_mult_config<config4_mult>::weight_t*, nnet::aria_first_conv_mult_config<config4_mult>::bias_t*)' to improve effectiveness of pipeline pragma in function 'void nnet::first_conv_2row_4lane_temporal_wide_cl<nnet::array<ap_fixed<10, 5, (ap_q_mode)0, (ap_o_mode)2, 0>, 8u>, nnet::array<ap_fixed<16, 6, (ap_q_mode)5, (ap_o_mode)3, 0>, 80u>, config4>(hls::stream<nnet::array<ap_fixed<10, 5, (ap_q_mode)0, (ap_o_mode)2, 0>, 8u>, 0>&, hls::stream<nnet::array<ap_fixed<16, 6, (ap_q_mode)5, (ap_o_mode)3, 0>, 80u>, 0>&, config4::weight_t*, config4::bias_t*)'
remark: firmware/nnet_utils/nnet_aria.h:296:12: array_partition dim=1 type=complete  variable=input_word 1 nnet::dense_wide_stream<nnet::array<ap_fixed<10, 5, (ap_q_mode)0, (ap_o_mode)2, 0>, 80u>, nnet::array<ap_fixed<24, 14, (ap_q_mode)5, (ap_o_mode)3, 0>, 1u>, config9> firmware/nnet_utils/nnet_aria.h:296:12 firmware/nnet_utils/nnet_aria.h:300:9input_word 
remark: firmware/nnet_utils/nnet_aria.h:300:9: Inferring pragma 'array_partition type=complete dim=1' for array 'input_word' due to pipeline pragma
remark: firmware/nnet_utils/nnet_aria.h:296:12: Applying array_partition to 'input_word': Complete partitioning on dimension 1.
===-------------------------------------------------------------------------===
                         Miscellaneous Ungrouped Timers
===-------------------------------------------------------------------------===

   ---User Time---   --System Time--   --User+System--   ---Wall Time---  --- Name ---
   2.7614 (100.0%)   0.0992 (100.0%)   2.8605 (100.0%)   2.8753 (100.0%)  Code Generation Time
   2.7614 (100.0%)   0.0992 (100.0%)   2.8605 (100.0%)   2.8753 (100.0%)  Total

===-------------------------------------------------------------------------===
                      ... Pass execution timing report ...
===-------------------------------------------------------------------------===
  Total Execution Time: 2.8325 seconds (2.8456 wall clock)

   ---User Time---   --System Time--   --User+System--   ---Wall Time---  --- Name ---
   0.5189 ( 19.0%)   0.0000 (  0.0%)   0.5189 ( 18.3%)   0.5189 ( 18.2%)  Combine redundant instructions
   0.2359 (  8.6%)   0.0000 (  0.0%)   0.2359 (  8.3%)   0.2359 (  8.3%)  Combine redundant instructions
   0.0645 (  2.4%)   0.0000 (  0.0%)   0.0645 (  2.3%)   0.0645 (  2.3%)  Global Value Numbering
   0.0556 (  2.0%)   0.0000 (  0.0%)   0.0556 (  2.0%)   0.0556 (  2.0%)  Loop Invariant Code Motion
   0.0493 (  1.8%)   0.0000 (  0.0%)   0.0493 (  1.7%)   0.0493 (  1.7%)  Global Value Numbering
   0.0475 (  1.7%)   0.0010 (  1.0%)   0.0485 (  1.7%)   0.0485 (  1.7%)  Global Value Numbering
   0.0482 (  1.8%)   0.0000 (  0.0%)   0.0482 (  1.7%)   0.0481 (  1.7%)  Global Value Numbering
   0.0475 (  1.7%)   0.0000 (  0.0%)   0.0475 (  1.7%)   0.0475 (  1.7%)  Loop Invariant Code Motion
   0.0438 (  1.6%)   0.0000 (  0.0%)   0.0438 (  1.5%)   0.0440 (  1.5%)  Global Value Numbering
   0.0148 (  0.5%)   0.0278 ( 28.4%)   0.0426 (  1.5%)   0.0438 (  1.5%)  Auto automatic array partition analysis
   0.0419 (  1.5%)   0.0000 (  0.0%)   0.0419 (  1.5%)   0.0419 (  1.5%)  Global Value Numbering
   0.0403 (  1.5%)   0.0000 (  0.0%)   0.0403 (  1.4%)   0.0403 (  1.4%)  Global Value Numbering
   0.0400 (  1.5%)   0.0000 (  0.0%)   0.0400 (  1.4%)   0.0400 (  1.4%)  Global Value Numbering
   0.0333 (  1.2%)   0.0000 (  0.0%)   0.0333 (  1.2%)   0.0333 (  1.2%)  Value Propagation
   0.0308 (  1.1%)   0.0000 (  0.0%)   0.0308 (  1.1%)   0.0308 (  1.1%)  Combine redundant instructions
   0.0105 (  0.4%)   0.0200 ( 20.4%)   0.0305 (  1.1%)   0.0305 (  1.1%)  Automatic array partition transformation
   0.0292 (  1.1%)   0.0000 (  0.0%)   0.0292 (  1.0%)   0.0292 (  1.0%)  Global Value Numbering
   0.0286 (  1.0%)   0.0000 (  0.0%)   0.0286 (  1.0%)   0.0286 (  1.0%)  Value Propagation
   0.0280 (  1.0%)   0.0001 (  0.1%)   0.0281 (  1.0%)   0.0280 (  1.0%)  Global Value Numbering
   0.0278 (  1.0%)   0.0000 (  0.0%)   0.0278 (  1.0%)   0.0278 (  1.0%)  Global Value Numbering
   0.0263 (  1.0%)   0.0009 (  0.9%)   0.0271 (  1.0%)   0.0277 (  1.0%)  Reflow pragma unroll loops
   0.0264 (  1.0%)   0.0000 (  0.0%)   0.0264 (  0.9%)   0.0264 (  0.9%)  Global Value Numbering
   0.0054 (  0.2%)   0.0210 ( 21.4%)   0.0264 (  0.9%)   0.0264 (  0.9%)  Auto automatic array partition analysis
   0.0260 (  0.9%)   0.0000 (  0.0%)   0.0260 (  0.9%)   0.0260 (  0.9%)   automatic function inline driven by performance to break up circuit dependence
   0.0252 (  0.9%)   0.0000 (  0.0%)   0.0252 (  0.9%)   0.0252 (  0.9%)  Loop Invariant Code Motion
   0.0223 (  0.8%)   0.0000 (  0.0%)   0.0223 (  0.8%)   0.0223 (  0.8%)  Value Propagation
   0.0216 (  0.8%)   0.0000 (  0.0%)   0.0216 (  0.8%)   0.0216 (  0.8%)   automatic function inline driven by performance to break up circuit dependence
   0.0210 (  0.8%)   0.0000 (  0.0%)   0.0210 (  0.7%)   0.0209 (  0.7%)  Value Propagation
   0.0202 (  0.7%)   0.0000 (  0.0%)   0.0202 (  0.7%)   0.0202 (  0.7%)  Value Propagation
   0.0176 (  0.6%)   0.0004 (  0.4%)   0.0180 (  0.6%)   0.0180 (  0.6%)  Automatic inliner in reflow
   0.0170 (  0.6%)   0.0000 (  0.0%)   0.0170 (  0.6%)   0.0170 (  0.6%)  Lower intermediate type generated by HLSGen
   0.0158 (  0.6%)   0.0004 (  0.4%)   0.0162 (  0.6%)   0.0163 (  0.6%)  Generate HLS compatible IR
   0.0158 (  0.6%)   0.0000 (  0.0%)   0.0158 (  0.6%)   0.0158 (  0.6%)  Global Value Numbering
   0.0143 (  0.5%)   0.0000 (  0.0%)   0.0143 (  0.5%)   0.0143 (  0.5%)  Loop Invariant Code Motion
   0.0130 (  0.5%)   0.0000 (  0.0%)   0.0130 (  0.5%)   0.0130 (  0.5%)  Dead Store Elimination
   0.0093 (  0.3%)   0.0030 (  3.0%)   0.0122 (  0.4%)   0.0122 (  0.4%)  Auto automatic array partition analysis
   0.0118 (  0.4%)   0.0000 (  0.0%)   0.0118 (  0.4%)   0.0118 (  0.4%)  Dead Store Elimination
   0.0115 (  0.4%)   0.0000 (  0.0%)   0.0115 (  0.4%)   0.0115 (  0.4%)  Early GVN Hoisting of Expressions
   0.0108 (  0.4%)   0.0000 (  0.0%)   0.0108 (  0.4%)   0.0108 (  0.4%)  Global Value Numbering
   0.0107 (  0.4%)   0.0000 (  0.0%)   0.0107 (  0.4%)   0.0107 (  0.4%)  Global Value Numbering
   0.0094 (  0.3%)   0.0010 (  1.0%)   0.0103 (  0.4%)   0.0103 (  0.4%)  Global Value Numbering
   0.0100 (  0.4%)   0.0001 (  0.1%)   0.0101 (  0.4%)   0.0101 (  0.4%)  Global Variable Optimizer
   0.0096 (  0.3%)   0.0000 (  0.0%)   0.0096 (  0.3%)   0.0100 (  0.4%)  Inliner for always_inline functions
   0.0100 (  0.4%)   0.0000 (  0.0%)   0.0100 (  0.4%)   0.0100 (  0.4%)  Global Value Numbering
   0.0096 (  0.4%)   0.0000 (  0.0%)   0.0096 (  0.3%)   0.0096 (  0.3%)  Infer nuw/nsw flags for instructions
   0.0065 (  0.2%)   0.0010 (  1.0%)   0.0074 (  0.3%)   0.0089 (  0.3%)  Detach IR Wrapper
   0.0086 (  0.3%)   0.0000 (  0.0%)   0.0086 (  0.3%)   0.0086 (  0.3%)  Loop Invariant Code Motion
   0.0085 (  0.3%)   0.0000 (  0.0%)   0.0085 (  0.3%)   0.0085 (  0.3%)  Combine redundant instructions
   0.0083 (  0.3%)   0.0000 (  0.0%)   0.0084 (  0.3%)   0.0084 (  0.3%)  Global Value Numbering
   0.0083 (  0.3%)   0.0000 (  0.0%)   0.0083 (  0.3%)   0.0083 (  0.3%)  Auto automatic array partition analysis
   0.0083 (  0.3%)   0.0000 (  0.0%)   0.0083 (  0.3%)   0.0083 (  0.3%)  Global Value Numbering
   0.0082 (  0.3%)   0.0000 (  0.0%)   0.0082 (  0.3%)   0.0082 (  0.3%)  Global Value Numbering
   0.0079 (  0.3%)   0.0002 (  0.2%)   0.0081 (  0.3%)   0.0081 (  0.3%)  Global Value Numbering
   0.0075 (  0.3%)   0.0004 (  0.4%)   0.0080 (  0.3%)   0.0080 (  0.3%)  Global Value Numbering
   0.0079 (  0.3%)   0.0000 (  0.0%)   0.0079 (  0.3%)   0.0079 (  0.3%)  Global Value Numbering
   0.0073 (  0.3%)   0.0006 (  0.7%)   0.0079 (  0.3%)   0.0079 (  0.3%)  Dead Store Elimination
   0.0079 (  0.3%)   0.0000 (  0.0%)   0.0079 (  0.3%)   0.0079 (  0.3%)  Dead Store Elimination
   0.0078 (  0.3%)   0.0000 (  0.0%)   0.0078 (  0.3%)   0.0078 (  0.3%)  Dead Store Elimination
   0.0078 (  0.3%)   0.0000 (  0.0%)   0.0078 (  0.3%)   0.0078 (  0.3%)  Dead Store Elimination
   0.0078 (  0.3%)   0.0000 (  0.0%)   0.0078 (  0.3%)   0.0078 (  0.3%)  Dead Store Elimination
   0.0077 (  0.3%)   0.0000 (  0.0%)   0.0078 (  0.3%)   0.0078 (  0.3%)  Global Value Numbering
   0.0077 (  0.3%)   0.0000 (  0.0%)   0.0077 (  0.3%)   0.0077 (  0.3%)  Dead Store Elimination
   0.0076 (  0.3%)   0.0000 (  0.0%)   0.0076 (  0.3%)   0.0076 (  0.3%)  Global Value Numbering
   0.0076 (  0.3%)   0.0000 (  0.0%)   0.0076 (  0.3%)   0.0076 (  0.3%)  Inliner for always_inline functions
   0.0071 (  0.3%)   0.0005 (  0.5%)   0.0076 (  0.3%)   0.0076 (  0.3%)  Dead Store Elimination
   0.0076 (  0.3%)   0.0000 (  0.0%)   0.0076 (  0.3%)   0.0076 (  0.3%)  Global Value Numbering
   0.0072 (  0.3%)   0.0000 (  0.0%)   0.0072 (  0.3%)   0.0072 (  0.3%)  Global Value Numbering
   0.0072 (  0.3%)   0.0000 (  0.0%)   0.0072 (  0.3%)   0.0072 (  0.3%)  Remove redundant instructions
   0.0072 (  0.3%)   0.0000 (  0.0%)   0.0072 (  0.3%)   0.0072 (  0.3%)  Global Value Numbering
   0.0070 (  0.3%)   0.0000 (  0.0%)   0.0070 (  0.2%)   0.0070 (  0.2%)  Global Value Numbering
   0.0069 (  0.3%)   0.0000 (  0.0%)   0.0069 (  0.2%)   0.0069 (  0.2%)  Global Value Numbering
   0.0068 (  0.2%)   0.0001 (  0.1%)   0.0069 (  0.2%)   0.0069 (  0.2%)  Memory Summary
   0.0069 (  0.3%)   0.0000 (  0.0%)   0.0069 (  0.2%)   0.0069 (  0.2%)  Global Value Numbering
   0.0067 (  0.2%)   0.0000 (  0.0%)   0.0067 (  0.2%)   0.0067 (  0.2%)  Global Value Numbering
   0.0066 (  0.2%)   0.0000 (  0.0%)   0.0066 (  0.2%)   0.0066 (  0.2%)  Global Value Numbering
   0.0064 (  0.2%)   0.0000 (  0.0%)   0.0064 (  0.2%)   0.0064 (  0.2%)  Global Value Numbering
   0.0064 (  0.2%)   0.0000 (  0.0%)   0.0064 (  0.2%)   0.0064 (  0.2%)  AccessGroup - Group the memory access for the same object
   0.0064 (  0.2%)   0.0000 (  0.0%)   0.0064 (  0.2%)   0.0064 (  0.2%)  Global Value Numbering
   0.0063 (  0.2%)   0.0000 (  0.0%)   0.0063 (  0.2%)   0.0063 (  0.2%)  Global Value Numbering
   0.0062 (  0.2%)   0.0000 (  0.0%)   0.0062 (  0.2%)   0.0062 (  0.2%)  AlignMemory - Align memory accesses
   0.0061 (  0.2%)   0.0000 (  0.0%)   0.0061 (  0.2%)   0.0061 (  0.2%)  Induction Variable Simplification
   0.0061 (  0.2%)   0.0000 (  0.0%)   0.0061 (  0.2%)   0.0061 (  0.2%)  Bitcode for HLS
   0.0058 (  0.2%)   0.0000 (  0.0%)   0.0058 (  0.2%)   0.0058 (  0.2%)  ArrayPartition - Partition Arrays into Banks
   0.0056 (  0.2%)   0.0000 (  0.0%)   0.0056 (  0.2%)   0.0056 (  0.2%)  Value Propagation
   0.0056 (  0.2%)   0.0000 (  0.0%)   0.0056 (  0.2%)   0.0056 (  0.2%)  Automatically infer occurrence information
   0.0054 (  0.2%)   0.0000 (  0.0%)   0.0054 (  0.2%)   0.0054 (  0.2%)  Straight line strength reduction
   0.0051 (  0.2%)   0.0000 (  0.0%)   0.0051 (  0.2%)   0.0051 (  0.2%)  Aggressive Dead Code Elimination
   0.0050 (  0.2%)   0.0000 (  0.0%)   0.0050 (  0.2%)   0.0050 (  0.2%)  Remove redundant instructions
   0.0049 (  0.2%)   0.0000 (  0.0%)   0.0049 (  0.2%)   0.0049 (  0.2%)  Global Value Numbering
   0.0049 (  0.2%)   0.0000 (  0.0%)   0.0049 (  0.2%)   0.0049 (  0.2%)  Memory SSA
   0.0049 (  0.2%)   0.0000 (  0.0%)   0.0049 (  0.2%)   0.0049 (  0.2%)  Early GVN Hoisting of Expressions
   0.0045 (  0.2%)   0.0002 (  0.2%)   0.0047 (  0.2%)   0.0047 (  0.2%)  Combine redundant instructions
   0.0045 (  0.2%)   0.0000 (  0.0%)   0.0045 (  0.2%)   0.0045 (  0.2%)  Memory SSA
   0.0044 (  0.2%)   0.0000 (  0.0%)   0.0044 (  0.2%)   0.0044 (  0.2%)  Dead Store Elimination
   0.0043 (  0.2%)   0.0000 (  0.0%)   0.0043 (  0.2%)   0.0043 (  0.2%)  Dead Store Elimination
   0.0043 (  0.2%)   0.0000 (  0.0%)   0.0043 (  0.2%)   0.0043 (  0.2%)  Dead Store Elimination
   0.0043 (  0.2%)   0.0000 (  0.0%)   0.0043 (  0.2%)   0.0043 (  0.1%)  Dead Store Elimination
   0.0041 (  0.2%)   0.0000 (  0.0%)   0.0041 (  0.1%)   0.0041 (  0.1%)  Simplify the CFG
   0.0039 (  0.1%)   0.0001 (  0.1%)   0.0041 (  0.1%)   0.0041 (  0.1%)  Combine redundant instructions
   0.0040 (  0.1%)   0.0000 (  0.0%)   0.0040 (  0.1%)   0.0040 (  0.1%)  Global Value Numbering
   0.0040 (  0.1%)   0.0000 (  0.0%)   0.0040 (  0.1%)   0.0040 (  0.1%)  Global Value Numbering
   0.0039 (  0.1%)   0.0000 (  0.0%)   0.0039 (  0.1%)   0.0039 (  0.1%)  Global Value Numbering
   0.0038 (  0.1%)   0.0000 (  0.0%)   0.0038 (  0.1%)   0.0038 (  0.1%)  Collect complexity metrics for FE reflow
   0.0038 (  0.1%)   0.0000 (  0.0%)   0.0038 (  0.1%)   0.0038 (  0.1%)  Remove redundant instructions
   0.0037 (  0.1%)   0.0000 (  0.0%)   0.0037 (  0.1%)   0.0037 (  0.1%)  Combine redundant instructions
   0.0037 (  0.1%)   0.0000 (  0.0%)   0.0037 (  0.1%)   0.0037 (  0.1%)  ReflowCheckPragmaConflicts - check pragma conflicts in reflow
   0.0026 (  0.1%)   0.0011 (  1.1%)   0.0037 (  0.1%)   0.0037 (  0.1%)  Dead Store Elimination
   0.0036 (  0.1%)   0.0000 (  0.0%)   0.0036 (  0.1%)   0.0036 (  0.1%)  Combine redundant instructions
   0.0030 (  0.1%)   0.0006 (  0.6%)   0.0036 (  0.1%)   0.0036 (  0.1%)  Combine redundant instructions
   0.0036 (  0.1%)   0.0000 (  0.0%)   0.0036 (  0.1%)   0.0036 (  0.1%)  Combine redundant instructions
   0.0036 (  0.1%)   0.0000 (  0.0%)   0.0036 (  0.1%)   0.0036 (  0.1%)  Combine redundant instructions
   0.0034 (  0.1%)   0.0002 (  0.2%)   0.0036 (  0.1%)   0.0036 (  0.1%)  Deduce function attributes
   0.0035 (  0.1%)   0.0000 (  0.0%)   0.0035 (  0.1%)   0.0035 (  0.1%)  Combine redundant instructions
   0.0035 (  0.1%)   0.0000 (  0.0%)   0.0035 (  0.1%)   0.0035 (  0.1%)  PredicateAnalyzer - Predidate Analysis
   0.0035 (  0.1%)   0.0000 (  0.0%)   0.0035 (  0.1%)   0.0035 (  0.1%)  AlignMemory - Align memory accesses
   0.0035 (  0.1%)   0.0000 (  0.0%)   0.0035 (  0.1%)   0.0035 (  0.1%)  Dead Store Elimination
   0.0030 (  0.1%)   0.0005 (  0.5%)   0.0035 (  0.1%)   0.0035 (  0.1%)  Dead Store Elimination
   0.0035 (  0.1%)   0.0000 (  0.0%)   0.0035 (  0.1%)   0.0035 (  0.1%)  Combine redundant instructions
   0.0034 (  0.1%)   0.0000 (  0.0%)   0.0034 (  0.1%)   0.0034 (  0.1%)  Dead Store Elimination
   0.0034 (  0.1%)   0.0000 (  0.0%)   0.0034 (  0.1%)   0.0034 (  0.1%)  Combine redundant instructions
   0.0034 (  0.1%)   0.0000 (  0.0%)   0.0034 (  0.1%)   0.0034 (  0.1%)  Dead Store Elimination
   0.0034 (  0.1%)   0.0000 (  0.0%)   0.0034 (  0.1%)   0.0034 (  0.1%)  Combine redundant instructions
   0.0034 (  0.1%)   0.0000 (  0.0%)   0.0034 (  0.1%)   0.0034 (  0.1%)  Dead Store Elimination
   0.0033 (  0.1%)   0.0000 (  0.0%)   0.0033 (  0.1%)   0.0033 (  0.1%)  Dead Store Elimination
   0.0033 (  0.1%)   0.0000 (  0.0%)   0.0033 (  0.1%)   0.0033 (  0.1%)  Dead Store Elimination
   0.0033 (  0.1%)   0.0000 (  0.0%)   0.0033 (  0.1%)   0.0033 (  0.1%)  Merge accesses
   0.0033 (  0.1%)   0.0000 (  0.0%)   0.0033 (  0.1%)   0.0033 (  0.1%)  Combine redundant instructions
   0.0031 (  0.1%)   0.0001 (  0.1%)   0.0032 (  0.1%)   0.0032 (  0.1%)  Combine redundant instructions
   0.0030 (  0.1%)   0.0000 (  0.0%)   0.0030 (  0.1%)   0.0030 (  0.1%)  Combine redundant instructions
   0.0030 (  0.1%)   0.0000 (  0.0%)   0.0030 (  0.1%)   0.0030 (  0.1%)  Combine redundant instructions
   0.0030 (  0.1%)   0.0000 (  0.0%)   0.0030 (  0.1%)   0.0030 (  0.1%)  AlignMemory - Align memory accesses
   0.0030 (  0.1%)   0.0000 (  0.0%)   0.0030 (  0.1%)   0.0030 (  0.1%)  Infer nuw/nsw flags for instructions
   0.0030 (  0.1%)   0.0000 (  0.0%)   0.0030 (  0.1%)   0.0030 (  0.1%)  Combine redundant instructions
   0.0000 (  0.0%)   0.0002 (  0.2%)   0.0002 (  0.0%)   0.0030 (  0.1%)  DefaultInterfaceBuilderNew - Build Default Top Interface
   0.0029 (  0.1%)   0.0000 (  0.0%)   0.0030 (  0.1%)   0.0030 (  0.1%)  Dead Store Elimination
   0.0025 (  0.1%)   0.0004 (  0.4%)   0.0029 (  0.1%)   0.0029 (  0.1%)  Early GVN Hoisting of Expressions
   0.0029 (  0.1%)   0.0000 (  0.0%)   0.0029 (  0.1%)   0.0029 (  0.1%)  Early GVN Hoisting of Expressions
   0.0029 (  0.1%)   0.0000 (  0.0%)   0.0029 (  0.1%)   0.0029 (  0.1%)  Value Propagation
   0.0029 (  0.1%)   0.0000 (  0.0%)   0.0029 (  0.1%)   0.0029 (  0.1%)  AlignMemory - Align memory accesses
   0.0029 (  0.1%)   0.0000 (  0.0%)   0.0029 (  0.1%)   0.0029 (  0.1%)  PredicateAnalyzer - Predidate Analysis
   0.0029 (  0.1%)   0.0000 (  0.0%)   0.0029 (  0.1%)   0.0029 (  0.1%)  Merge accesses
   0.0027 (  0.1%)   0.0000 (  0.0%)   0.0028 (  0.1%)   0.0028 (  0.1%)  Value Propagation
   0.0028 (  0.1%)   0.0000 (  0.0%)   0.0028 (  0.1%)   0.0028 (  0.1%)  Value Propagation
   0.0026 (  0.1%)   0.0001 (  0.1%)   0.0028 (  0.1%)   0.0028 (  0.1%)  Value Propagation
   0.0027 (  0.1%)   0.0000 (  0.0%)   0.0027 (  0.1%)   0.0027 (  0.1%)  Induction Variable Simplification
   0.0027 (  0.1%)   0.0000 (  0.0%)   0.0027 (  0.1%)   0.0027 (  0.1%)  Value Propagation
   0.0027 (  0.1%)   0.0000 (  0.0%)   0.0027 (  0.1%)   0.0027 (  0.1%)  Value Propagation
   0.0027 (  0.1%)   0.0000 (  0.0%)   0.0027 (  0.1%)   0.0027 (  0.1%)  Induction Variable Simplification
   0.0027 (  0.1%)   0.0000 (  0.0%)   0.0027 (  0.1%)   0.0027 (  0.1%)  Value Propagation
   0.0026 (  0.1%)   0.0000 (  0.0%)   0.0026 (  0.1%)   0.0027 (  0.1%)  Value Propagation
   0.0026 (  0.1%)   0.0000 (  0.0%)   0.0026 (  0.1%)   0.0026 (  0.1%)  Induction Variable Simplification
   0.0026 (  0.1%)   0.0000 (  0.0%)   0.0026 (  0.1%)   0.0026 (  0.1%)  Value Propagation
   0.0026 (  0.1%)   0.0000 (  0.0%)   0.0026 (  0.1%)   0.0026 (  0.1%)  Value Propagation
   0.0026 (  0.1%)   0.0000 (  0.0%)   0.0026 (  0.1%)   0.0026 (  0.1%)  Dead Store Elimination
   0.0026 (  0.1%)   0.0000 (  0.0%)   0.0026 (  0.1%)   0.0026 (  0.1%)  Early GVN Hoisting of Expressions
   0.0026 (  0.1%)   0.0000 (  0.0%)   0.0026 (  0.1%)   0.0026 (  0.1%)  Value Propagation
   0.0022 (  0.1%)   0.0004 (  0.4%)   0.0026 (  0.1%)   0.0026 (  0.1%)  AlignMemory - Align memory accesses
   0.0026 (  0.1%)   0.0000 (  0.0%)   0.0026 (  0.1%)   0.0026 (  0.1%)  Remove redundant instructions
   0.0003 (  0.0%)   0.0000 (  0.0%)   0.0003 (  0.0%)   0.0026 (  0.1%)  Loop Load Elimination
   0.0025 (  0.1%)   0.0000 (  0.0%)   0.0025 (  0.1%)   0.0025 (  0.1%)  Dead Store Elimination
   0.0025 (  0.1%)   0.0000 (  0.0%)   0.0025 (  0.1%)   0.0025 (  0.1%)  Early GVN Hoisting of Expressions
   0.0014 (  0.1%)   0.0000 (  0.0%)   0.0014 (  0.0%)   0.0025 (  0.1%)  Combine redundant instructions
   0.0025 (  0.1%)   0.0000 (  0.0%)   0.0025 (  0.1%)   0.0025 (  0.1%)  Value Propagation
   0.0025 (  0.1%)   0.0000 (  0.0%)   0.0025 (  0.1%)   0.0025 (  0.1%)  Induction Variable Simplification
   0.0024 (  0.1%)   0.0000 (  0.0%)   0.0024 (  0.1%)   0.0024 (  0.1%)  Dead Store Elimination
   0.0024 (  0.1%)   0.0000 (  0.0%)   0.0025 (  0.1%)   0.0024 (  0.1%)  Remove redundant instructions
   0.0024 (  0.1%)   0.0000 (  0.0%)   0.0024 (  0.1%)   0.0024 (  0.1%)  Lower HLS related loops
   0.0024 (  0.1%)   0.0000 (  0.0%)   0.0024 (  0.1%)   0.0024 (  0.1%)  ArrayPartition - Partition Arrays into Banks
   0.0021 (  0.1%)   0.0002 (  0.2%)   0.0024 (  0.1%)   0.0024 (  0.1%)  Remove redundant instructions
   0.0023 (  0.1%)   0.0000 (  0.0%)   0.0023 (  0.1%)   0.0024 (  0.1%)  Remove redundant instructions
   0.0023 (  0.1%)   0.0000 (  0.0%)   0.0023 (  0.1%)   0.0023 (  0.1%)  Remove redundant instructions
   0.0023 (  0.1%)   0.0000 (  0.0%)   0.0023 (  0.1%)   0.0023 (  0.1%)  Value Propagation
   0.0020 (  0.1%)   0.0000 (  0.0%)   0.0020 (  0.1%)   0.0023 (  0.1%)  Object Decomposition
   0.0023 (  0.1%)   0.0000 (  0.0%)   0.0023 (  0.1%)   0.0023 (  0.1%)  Induction Variable Simplification
   0.0023 (  0.1%)   0.0000 (  0.0%)   0.0023 (  0.1%)   0.0023 (  0.1%)  Induction Variable Simplification
   0.0022 (  0.1%)   0.0000 (  0.0%)   0.0022 (  0.1%)   0.0022 (  0.1%)  Induction Variable Simplification
   0.0022 (  0.1%)   0.0000 (  0.0%)   0.0022 (  0.1%)   0.0022 (  0.1%)  AlignMemory - Align memory accesses
   0.0022 (  0.1%)   0.0000 (  0.0%)   0.0022 (  0.1%)   0.0022 (  0.1%)  Remove redundant instructions
   0.0020 (  0.1%)   0.0001 (  0.2%)   0.0022 (  0.1%)   0.0022 (  0.1%)  Loop Invariant Code Motion
   0.0021 (  0.1%)   0.0000 (  0.0%)   0.0021 (  0.1%)   0.0021 (  0.1%)  Jump Threading
   0.0021 (  0.1%)   0.0000 (  0.0%)   0.0021 (  0.1%)   0.0021 (  0.1%)  AlignMemory - Align memory accesses
   0.0021 (  0.1%)   0.0000 (  0.0%)   0.0021 (  0.1%)   0.0021 (  0.1%)  Remove redundant instructions
   0.0021 (  0.1%)   0.0000 (  0.0%)   0.0021 (  0.1%)   0.0021 (  0.1%)  Remove redundant instructions
   0.0020 (  0.1%)   0.0000 (  0.0%)   0.0020 (  0.1%)   0.0020 (  0.1%)  Remove redundant instructions
   0.0020 (  0.1%)   0.0000 (  0.0%)   0.0020 (  0.1%)   0.0020 (  0.1%)  Infer nuw/nsw flags for instructions
   0.0020 (  0.1%)   0.0000 (  0.0%)   0.0020 (  0.1%)   0.0020 (  0.1%)  AlignMemory - Align memory accesses
   0.0020 (  0.1%)   0.0000 (  0.0%)   0.0020 (  0.1%)   0.0020 (  0.1%)  Infer nuw/nsw flags for instructions
   0.0020 (  0.1%)   0.0000 (  0.0%)   0.0020 (  0.1%)   0.0020 (  0.1%)  SROA
   0.0020 (  0.1%)   0.0000 (  0.0%)   0.0020 (  0.1%)   0.0020 (  0.1%)  Jump Threading
   0.0019 (  0.1%)   0.0000 (  0.0%)   0.0019 (  0.1%)   0.0019 (  0.1%)  Memory Summary
   0.0019 (  0.1%)   0.0000 (  0.0%)   0.0019 (  0.1%)   0.0019 (  0.1%)  Dominator Tree Construction
   0.0019 (  0.1%)   0.0000 (  0.0%)   0.0019 (  0.1%)   0.0019 (  0.1%)  Jump Threading
   0.0016 (  0.1%)   0.0003 (  0.3%)   0.0019 (  0.1%)   0.0019 (  0.1%)  Infer nuw/nsw flags for instructions
   0.0019 (  0.1%)   0.0000 (  0.0%)   0.0019 (  0.1%)   0.0019 (  0.1%)  Combine redundant instructions
   0.0015 (  0.1%)   0.0003 (  0.3%)   0.0018 (  0.1%)   0.0018 (  0.1%)  Recursively inline barriers caller to kernel
   0.0018 (  0.1%)   0.0000 (  0.0%)   0.0018 (  0.1%)   0.0018 (  0.1%)  Infer nuw/nsw flags for instructions
   0.0018 (  0.1%)   0.0000 (  0.0%)   0.0018 (  0.1%)   0.0018 (  0.1%)  Early GVN Hoisting of Expressions
   0.0018 (  0.1%)   0.0000 (  0.0%)   0.0018 (  0.1%)   0.0018 (  0.1%)  Infer nuw/nsw flags for instructions
   0.0018 (  0.1%)   0.0000 (  0.0%)   0.0018 (  0.1%)   0.0018 (  0.1%)  Infer nuw/nsw flags for instructions
   0.0016 (  0.1%)   0.0000 (  0.0%)   0.0016 (  0.1%)   0.0018 (  0.1%)  Pragma preprocessing after clang
   0.0017 (  0.1%)   0.0000 (  0.0%)   0.0017 (  0.1%)   0.0017 (  0.1%)  Early GVN Hoisting of Expressions
   0.0017 (  0.1%)   0.0000 (  0.0%)   0.0017 (  0.1%)   0.0017 (  0.1%)  Interprocedural Sparse Conditional Constant Propagation
   0.0017 (  0.1%)   0.0000 (  0.0%)   0.0017 (  0.1%)   0.0017 (  0.1%)  Infer nuw/nsw flags for instructions
   0.0014 (  0.1%)   0.0000 (  0.0%)   0.0014 (  0.0%)   0.0017 (  0.1%)  Infer complete unroll based on pipeline pragma
   0.0017 (  0.1%)   0.0000 (  0.0%)   0.0017 (  0.1%)   0.0017 (  0.1%)  Early GVN Hoisting of Expressions
   0.0014 (  0.1%)   0.0003 (  0.3%)   0.0017 (  0.1%)   0.0017 (  0.1%)  Loop Invariant Code Motion
   0.0017 (  0.1%)   0.0000 (  0.0%)   0.0017 (  0.1%)   0.0017 (  0.1%)  Infer nuw/nsw flags for instructions
   0.0017 (  0.1%)   0.0000 (  0.0%)   0.0017 (  0.1%)   0.0017 (  0.1%)  Infer nuw/nsw flags for instructions
   0.0012 (  0.0%)   0.0000 (  0.0%)   0.0012 (  0.0%)   0.0017 (  0.1%)  Automatic data reuse optimization
   0.0017 (  0.1%)   0.0000 (  0.0%)   0.0017 (  0.1%)   0.0017 (  0.1%)  Merge accesses
   0.0016 (  0.1%)   0.0000 (  0.0%)   0.0017 (  0.1%)   0.0017 (  0.1%)  Aggressive Dead Code Elimination
   0.0016 (  0.1%)   0.0000 (  0.0%)   0.0016 (  0.1%)   0.0016 (  0.1%)  Infer nuw/nsw flags for instructions
   0.0007 (  0.0%)   0.0010 (  1.0%)   0.0016 (  0.1%)   0.0016 (  0.1%)  Interprocedural Sparse Conditional Constant Propagation
   0.0016 (  0.1%)   0.0000 (  0.0%)   0.0016 (  0.1%)   0.0016 (  0.1%)  Infer nuw/nsw flags for instructions
   0.0013 (  0.0%)   0.0000 (  0.0%)   0.0013 (  0.0%)   0.0016 (  0.1%)  Lower HLS related intrinsics
   0.0016 (  0.1%)   0.0000 (  0.0%)   0.0016 (  0.1%)   0.0016 (  0.1%)  Early GVN Hoisting of Expressions
   0.0016 (  0.1%)   0.0000 (  0.0%)   0.0016 (  0.1%)   0.0016 (  0.1%)  Remove redundant instructions
   0.0016 (  0.1%)   0.0000 (  0.0%)   0.0016 (  0.1%)   0.0016 (  0.1%)  Memory SSA
   0.0016 (  0.1%)   0.0000 (  0.0%)   0.0016 (  0.1%)   0.0016 (  0.1%)  Remove redundant instructions
   0.0013 (  0.0%)   0.0000 (  0.0%)   0.0013 (  0.0%)   0.0016 (  0.1%)  Memory Summary
   0.0016 (  0.1%)   0.0000 (  0.0%)   0.0016 (  0.1%)   0.0016 (  0.1%)  Memory SSA
   0.0015 (  0.1%)   0.0000 (  0.0%)   0.0015 (  0.1%)   0.0015 (  0.1%)  Remove redundant instructions
   0.0015 (  0.1%)   0.0000 (  0.0%)   0.0015 (  0.1%)   0.0015 (  0.1%)  Remove redundant instructions
   0.0015 (  0.1%)   0.0000 (  0.0%)   0.0015 (  0.1%)   0.0015 (  0.1%)  Memory SSA
   0.0015 (  0.1%)   0.0000 (  0.0%)   0.0015 (  0.1%)   0.0015 (  0.1%)  Memory SSA
   0.0015 (  0.1%)   0.0000 (  0.0%)   0.0015 (  0.1%)   0.0015 (  0.1%)  Undecay arrays
   0.0014 (  0.0%)   0.0000 (  0.0%)   0.0014 (  0.0%)   0.0014 (  0.0%)  Combine redundant instructions
   0.0014 (  0.0%)   0.0000 (  0.0%)   0.0014 (  0.0%)   0.0014 (  0.0%)  Array out of bound check
   0.0013 (  0.0%)   0.0000 (  0.0%)   0.0013 (  0.0%)   0.0013 (  0.0%)  Infer nuw/nsw flags for instructions
   0.0013 (  0.0%)   0.0000 (  0.0%)   0.0013 (  0.0%)   0.0013 (  0.0%)  Promote Memory to Register
   0.0012 (  0.0%)   0.0000 (  0.0%)   0.0013 (  0.0%)   0.0013 (  0.0%)  AnnotateNoAlias - Annotate NoAlias Attribute on Arguments
   0.0006 (  0.0%)   0.0006 (  0.7%)   0.0013 (  0.0%)   0.0013 (  0.0%)  Analyze sequential accesses
   0.0012 (  0.0%)   0.0000 (  0.0%)   0.0012 (  0.0%)   0.0012 (  0.0%)  Remove redundant instructions
   0.0012 (  0.0%)   0.0000 (  0.0%)   0.0012 (  0.0%)   0.0012 (  0.0%)  Aggressive Dead Code Elimination
   0.0012 (  0.0%)   0.0000 (  0.0%)   0.0012 (  0.0%)   0.0012 (  0.0%)  Deduce function attributes
   0.0012 (  0.0%)   0.0000 (  0.0%)   0.0012 (  0.0%)   0.0012 (  0.0%)  Combine redundant instructions
   0.0011 (  0.0%)   0.0000 (  0.0%)   0.0011 (  0.0%)   0.0011 (  0.0%)  Synthesis checker
   0.0011 (  0.0%)   0.0000 (  0.0%)   0.0011 (  0.0%)   0.0011 (  0.0%)  Remove redundant instructions
   0.0011 (  0.0%)   0.0000 (  0.0%)   0.0011 (  0.0%)   0.0011 (  0.0%)  Aggressive Dead Code Elimination
   0.0011 (  0.0%)   0.0000 (  0.0%)   0.0011 (  0.0%)   0.0011 (  0.0%)  Evaluate _ssdm_string2bits
   0.0011 (  0.0%)   0.0000 (  0.0%)   0.0011 (  0.0%)   0.0011 (  0.0%)  Struct object aggregation
   0.0011 (  0.0%)   0.0000 (  0.0%)   0.0011 (  0.0%)   0.0011 (  0.0%)  Remove redundant instructions
   0.0011 (  0.0%)   0.0000 (  0.0%)   0.0011 (  0.0%)   0.0011 (  0.0%)  Remove redundant instructions
   0.0011 (  0.0%)   0.0000 (  0.0%)   0.0011 (  0.0%)   0.0011 (  0.0%)  Remove redundant instructions
   0.0010 (  0.0%)   0.0000 (  0.0%)   0.0011 (  0.0%)   0.0011 (  0.0%)  AnnotateNoAlias - Annotate NoAlias Attribute on Arguments
   0.0011 (  0.0%)   0.0000 (  0.0%)   0.0011 (  0.0%)   0.0011 (  0.0%)  Combine redundant instructions
   0.0010 (  0.0%)   0.0000 (  0.0%)   0.0010 (  0.0%)   0.0010 (  0.0%)  Simple constant propagation
   0.0010 (  0.0%)   0.0000 (  0.0%)   0.0010 (  0.0%)   0.0010 (  0.0%)  Synthesis checker
   0.0010 (  0.0%)   0.0000 (  0.0%)   0.0010 (  0.0%)   0.0010 (  0.0%)  Remove redundant instructions
   0.0010 (  0.0%)   0.0000 (  0.0%)   0.0010 (  0.0%)   0.0010 (  0.0%)  Aggressive Dead Code Elimination
   0.0010 (  0.0%)   0.0000 (  0.0%)   0.0010 (  0.0%)   0.0010 (  0.0%)  SROA
   0.0010 (  0.0%)   0.0000 (  0.0%)   0.0010 (  0.0%)   0.0010 (  0.0%)  Function Alias Analysis Results
   0.0010 (  0.0%)   0.0000 (  0.0%)   0.0010 (  0.0%)   0.0010 (  0.0%)  Function Alias Analysis Results
   0.0010 (  0.0%)   0.0000 (  0.0%)   0.0010 (  0.0%)   0.0010 (  0.0%)  Generate IR Wrapper
   0.0009 (  0.0%)   0.0000 (  0.0%)   0.0009 (  0.0%)   0.0009 (  0.0%)  Simplify the CFG
   0.0009 (  0.0%)   0.0000 (  0.0%)   0.0009 (  0.0%)   0.0009 (  0.0%)  Infer nuw/nsw flags for instructions
   0.0009 (  0.0%)   0.0001 (  0.1%)   0.0009 (  0.0%)   0.0009 (  0.0%)  Aggressive Dead Code Elimination
   0.0003 (  0.0%)   0.0006 (  0.6%)   0.0009 (  0.0%)   0.0009 (  0.0%)  Reflow pragma unroll loops
   0.0009 (  0.0%)   0.0000 (  0.0%)   0.0009 (  0.0%)   0.0009 (  0.0%)  Deduce function attributes
   0.0009 (  0.0%)   0.0000 (  0.0%)   0.0009 (  0.0%)   0.0009 (  0.0%)  Reflow pragma unroll loops
   0.0009 (  0.0%)   0.0000 (  0.0%)   0.0009 (  0.0%)   0.0009 (  0.0%)  Simple constant propagation
   0.0009 (  0.0%)   0.0000 (  0.0%)   0.0009 (  0.0%)   0.0009 (  0.0%)  Lower HLS related intrinsics
   0.0009 (  0.0%)   0.0000 (  0.0%)   0.0009 (  0.0%)   0.0009 (  0.0%)  Remove redundant instructions
   0.0009 (  0.0%)   0.0000 (  0.0%)   0.0009 (  0.0%)   0.0009 (  0.0%)  Aggressive Dead Code Elimination
   0.0000 (  0.0%)   0.0007 (  0.7%)   0.0007 (  0.0%)   0.0009 (  0.0%)  ROM inference pass
   0.0009 (  0.0%)   0.0000 (  0.0%)   0.0009 (  0.0%)   0.0009 (  0.0%)  Aggressive Dead Code Elimination
   0.0009 (  0.0%)   0.0000 (  0.0%)   0.0009 (  0.0%)   0.0009 (  0.0%)  Aggressive Dead Code Elimination
   0.0009 (  0.0%)   0.0000 (  0.0%)   0.0009 (  0.0%)   0.0009 (  0.0%)  Aggressive Dead Code Elimination
   0.0009 (  0.0%)   0.0000 (  0.0%)   0.0009 (  0.0%)   0.0009 (  0.0%)  Aggressive Dead Code Elimination
   0.0009 (  0.0%)   0.0000 (  0.0%)   0.0009 (  0.0%)   0.0009 (  0.0%)  Memory SSA
   0.0009 (  0.0%)   0.0000 (  0.0%)   0.0009 (  0.0%)   0.0009 (  0.0%)  Infer nuw/nsw flags for instructions
   0.0009 (  0.0%)   0.0000 (  0.0%)   0.0009 (  0.0%)   0.0009 (  0.0%)  Collect complexity metrics for FE reflow
   0.0009 (  0.0%)   0.0000 (  0.0%)   0.0009 (  0.0%)   0.0009 (  0.0%)  Remove redundant instructions
   0.0009 (  0.0%)   0.0000 (  0.0%)   0.0009 (  0.0%)   0.0009 (  0.0%)  Remove redundant instructions
   0.0009 (  0.0%)   0.0000 (  0.0%)   0.0009 (  0.0%)   0.0009 (  0.0%)  Aggressive Dead Code Elimination
   0.0009 (  0.0%)   0.0000 (  0.0%)   0.0009 (  0.0%)   0.0009 (  0.0%)  SROA
   0.0008 (  0.0%)   0.0000 (  0.0%)   0.0008 (  0.0%)   0.0009 (  0.0%)  Infer nuw/nsw flags for instructions
   0.0009 (  0.0%)   0.0000 (  0.0%)   0.0009 (  0.0%)   0.0008 (  0.0%)  Aggressive Dead Code Elimination
   0.0006 (  0.0%)   0.0002 (  0.2%)   0.0008 (  0.0%)   0.0008 (  0.0%)  Aggressive Dead Code Elimination
   0.0008 (  0.0%)   0.0000 (  0.0%)   0.0008 (  0.0%)   0.0008 (  0.0%)  Lower HLS related attributes
   0.0008 (  0.0%)   0.0000 (  0.0%)   0.0008 (  0.0%)   0.0008 (  0.0%)  Aggressive Dead Code Elimination
   0.0008 (  0.0%)   0.0000 (  0.0%)   0.0008 (  0.0%)   0.0008 (  0.0%)  Infer nuw/nsw flags for instructions
   0.0008 (  0.0%)   0.0001 (  0.1%)   0.0008 (  0.0%)   0.0008 (  0.0%)  Aggressive Dead Code Elimination
   0.0007 (  0.0%)   0.0001 (  0.1%)   0.0008 (  0.0%)   0.0008 (  0.0%)  MemSSAOpt - Memory SSA based optimizations
   0.0008 (  0.0%)   0.0000 (  0.0%)   0.0008 (  0.0%)   0.0008 (  0.0%)  Aggressive Dead Code Elimination
   0.0008 (  0.0%)   0.0000 (  0.0%)   0.0008 (  0.0%)   0.0008 (  0.0%)  Remove redundant instructions
   0.0008 (  0.0%)   0.0000 (  0.0%)   0.0008 (  0.0%)   0.0008 (  0.0%)  Remove redundant instructions
   0.0008 (  0.0%)   0.0000 (  0.0%)   0.0008 (  0.0%)   0.0008 (  0.0%)  Reflow pragma unroll loops
   0.0007 (  0.0%)   0.0001 (  0.1%)   0.0008 (  0.0%)   0.0008 (  0.0%)  Aggressive Dead Code Elimination
   0.0008 (  0.0%)   0.0000 (  0.0%)   0.0008 (  0.0%)   0.0008 (  0.0%)  LegacyShiftRegisterRecognize - Recognize shift registers and memory
   0.0008 (  0.0%)   0.0000 (  0.0%)   0.0008 (  0.0%)   0.0008 (  0.0%)  Remove redundant instructions
   0.0008 (  0.0%)   0.0000 (  0.0%)   0.0008 (  0.0%)   0.0008 (  0.0%)  Remove redundant instructions
   0.0008 (  0.0%)   0.0000 (  0.0%)   0.0008 (  0.0%)   0.0008 (  0.0%)  Remove redundant instructions
   0.0007 (  0.0%)   0.0000 (  0.0%)   0.0008 (  0.0%)   0.0008 (  0.0%)  Aggressive Dead Code Elimination
   0.0007 (  0.0%)   0.0001 (  0.1%)   0.0008 (  0.0%)   0.0008 (  0.0%)  Infer nuw/nsw flags for instructions
   0.0008 (  0.0%)   0.0000 (  0.0%)   0.0008 (  0.0%)   0.0008 (  0.0%)  Memory SSA
   0.0003 (  0.0%)   0.0002 (  0.2%)   0.0005 (  0.0%)   0.0008 (  0.0%)  Memory SSA
   0.0008 (  0.0%)   0.0000 (  0.0%)   0.0008 (  0.0%)   0.0008 (  0.0%)  Array out of bound check
   0.0007 (  0.0%)   0.0000 (  0.0%)   0.0008 (  0.0%)   0.0008 (  0.0%)  Array out of bound check
   0.0007 (  0.0%)   0.0000 (  0.0%)   0.0008 (  0.0%)   0.0008 (  0.0%)  Remove redundant instructions
   0.0008 (  0.0%)   0.0000 (  0.0%)   0.0008 (  0.0%)   0.0007 (  0.0%)  Infer nuw/nsw flags for instructions
   0.0007 (  0.0%)   0.0000 (  0.0%)   0.0007 (  0.0%)   0.0007 (  0.0%)  Memory SSA
   0.0007 (  0.0%)   0.0000 (  0.0%)   0.0007 (  0.0%)   0.0007 (  0.0%)  Aggressive Dead Code Elimination
   0.0007 (  0.0%)   0.0000 (  0.0%)   0.0007 (  0.0%)   0.0007 (  0.0%)  Memory SSA
   0.0006 (  0.0%)   0.0001 (  0.1%)   0.0007 (  0.0%)   0.0007 (  0.0%)  Reflow pragma unroll loops
   0.0007 (  0.0%)   0.0000 (  0.0%)   0.0007 (  0.0%)   0.0007 (  0.0%)  Aggressive Dead Code Elimination
   0.0007 (  0.0%)   0.0000 (  0.0%)   0.0007 (  0.0%)   0.0007 (  0.0%)  Remove redundant instructions
   0.0007 (  0.0%)   0.0000 (  0.0%)   0.0007 (  0.0%)   0.0007 (  0.0%)  Dead Store Elimination
   0.0007 (  0.0%)   0.0000 (  0.0%)   0.0007 (  0.0%)   0.0007 (  0.0%)  Aggressive Dead Code Elimination
   0.0004 (  0.0%)   0.0001 (  0.1%)   0.0005 (  0.0%)   0.0007 (  0.0%)  Promote Memory to Register
   0.0007 (  0.0%)   0.0000 (  0.0%)   0.0007 (  0.0%)   0.0007 (  0.0%)  Aggressive Dead Code Elimination
   0.0007 (  0.0%)   0.0000 (  0.0%)   0.0007 (  0.0%)   0.0007 (  0.0%)  Infer nuw/nsw flags for instructions
   0.0007 (  0.0%)   0.0000 (  0.0%)   0.0007 (  0.0%)   0.0007 (  0.0%)  Deduce function attributes
   0.0007 (  0.0%)   0.0000 (  0.0%)   0.0007 (  0.0%)   0.0007 (  0.0%)  Aggressive Dead Code Elimination
   0.0007 (  0.0%)   0.0000 (  0.0%)   0.0007 (  0.0%)   0.0007 (  0.0%)  Aggressive Dead Code Elimination
   0.0007 (  0.0%)   0.0000 (  0.0%)   0.0007 (  0.0%)   0.0007 (  0.0%)  SROA
   0.0007 (  0.0%)   0.0000 (  0.0%)   0.0007 (  0.0%)   0.0007 (  0.0%)  Infer nuw/nsw flags for instructions
   0.0007 (  0.0%)   0.0000 (  0.0%)   0.0007 (  0.0%)   0.0007 (  0.0%)  Infer nuw/nsw flags for instructions
   0.0007 (  0.0%)   0.0000 (  0.0%)   0.0007 (  0.0%)   0.0007 (  0.0%)  Infer nuw/nsw flags for instructions
   0.0007 (  0.0%)   0.0000 (  0.0%)   0.0007 (  0.0%)   0.0007 (  0.0%)  Aggressive Dead Code Elimination
   0.0007 (  0.0%)   0.0000 (  0.0%)   0.0007 (  0.0%)   0.0007 (  0.0%)  Collect complexity metrics for FE reflow
   0.0007 (  0.0%)   0.0000 (  0.0%)   0.0007 (  0.0%)   0.0007 (  0.0%)  Aggressive Dead Code Elimination
   0.0007 (  0.0%)   0.0000 (  0.0%)   0.0007 (  0.0%)   0.0007 (  0.0%)  Produce message if basic block has too many instructions
   0.0007 (  0.0%)   0.0000 (  0.0%)   0.0007 (  0.0%)   0.0007 (  0.0%)  Dead Store Elimination
   0.0007 (  0.0%)   0.0000 (  0.0%)   0.0007 (  0.0%)   0.0007 (  0.0%)  LegacyShiftRegisterRecognize - Recognize shift registers and memory
   0.0007 (  0.0%)   0.0000 (  0.0%)   0.0007 (  0.0%)   0.0007 (  0.0%)  Aggressive Dead Code Elimination
   0.0007 (  0.0%)   0.0000 (  0.0%)   0.0007 (  0.0%)   0.0007 (  0.0%)  Aggressive Dead Code Elimination
   0.0006 (  0.0%)   0.0000 (  0.0%)   0.0006 (  0.0%)   0.0006 (  0.0%)  Array out of bound check
   0.0006 (  0.0%)   0.0000 (  0.0%)   0.0006 (  0.0%)   0.0006 (  0.0%)  Memory SSA
   0.0005 (  0.0%)   0.0001 (  0.1%)   0.0006 (  0.0%)   0.0006 (  0.0%)  Rotate Loops
   0.0006 (  0.0%)   0.0001 (  0.1%)   0.0006 (  0.0%)   0.0006 (  0.0%)  Aggressive Dead Code Elimination
   0.0006 (  0.0%)   0.0000 (  0.0%)   0.0006 (  0.0%)   0.0006 (  0.0%)  Memory SSA
   0.0006 (  0.0%)   0.0000 (  0.0%)   0.0006 (  0.0%)   0.0006 (  0.0%)  Merge accesses
   0.0006 (  0.0%)   0.0000 (  0.0%)   0.0006 (  0.0%)   0.0006 (  0.0%)  Object Decomposition
   0.0006 (  0.0%)   0.0000 (  0.0%)   0.0006 (  0.0%)   0.0006 (  0.0%)  ROM inference pass
   0.0006 (  0.0%)   0.0000 (  0.0%)   0.0006 (  0.0%)   0.0006 (  0.0%)  SROA
   0.0006 (  0.0%)   0.0000 (  0.0%)   0.0006 (  0.0%)   0.0006 (  0.0%)  Reflow pipeline loop automatically
   0.0006 (  0.0%)   0.0000 (  0.0%)   0.0006 (  0.0%)   0.0006 (  0.0%)  Aggressive Dead Code Elimination
   0.0006 (  0.0%)   0.0000 (  0.0%)   0.0006 (  0.0%)   0.0006 (  0.0%)  Aggressive Dead Code Elimination
   0.0006 (  0.0%)   0.0000 (  0.0%)   0.0006 (  0.0%)   0.0006 (  0.0%)  Aggressive Dead Code Elimination
   0.0005 (  0.0%)   0.0000 (  0.0%)   0.0005 (  0.0%)   0.0006 (  0.0%)  Divergence Analysis
   0.0006 (  0.0%)   0.0000 (  0.0%)   0.0006 (  0.0%)   0.0006 (  0.0%)  Array out of bound check
   0.0006 (  0.0%)   0.0000 (  0.0%)   0.0006 (  0.0%)   0.0006 (  0.0%)  Dominator Tree Construction
   0.0006 (  0.0%)   0.0000 (  0.0%)   0.0006 (  0.0%)   0.0006 (  0.0%)  Aggressive Dead Code Elimination
   0.0006 (  0.0%)   0.0000 (  0.0%)   0.0006 (  0.0%)   0.0006 (  0.0%)  Aggressive Dead Code Elimination
   0.0006 (  0.0%)   0.0000 (  0.0%)   0.0006 (  0.0%)   0.0006 (  0.0%)  Aggressive Dead Code Elimination
   0.0006 (  0.0%)   0.0000 (  0.0%)   0.0006 (  0.0%)   0.0006 (  0.0%)  Simplify the CFG
   0.0006 (  0.0%)   0.0000 (  0.0%)   0.0006 (  0.0%)   0.0006 (  0.0%)  Aggressive Dead Code Elimination
   0.0006 (  0.0%)   0.0000 (  0.0%)   0.0006 (  0.0%)   0.0006 (  0.0%)  Aggressive Dead Code Elimination
   0.0005 (  0.0%)   0.0001 (  0.1%)   0.0006 (  0.0%)   0.0006 (  0.0%)  Memory SSA
   0.0006 (  0.0%)   0.0000 (  0.0%)   0.0006 (  0.0%)   0.0006 (  0.0%)  Aggressive Dead Code Elimination
   0.0006 (  0.0%)   0.0000 (  0.0%)   0.0006 (  0.0%)   0.0006 (  0.0%)  Collect complexity metrics for FE reflow
   0.0005 (  0.0%)   0.0000 (  0.0%)   0.0006 (  0.0%)   0.0006 (  0.0%)  Aggressive Dead Code Elimination
   0.0006 (  0.0%)   0.0000 (  0.0%)   0.0006 (  0.0%)   0.0006 (  0.0%)  Array out of bound check
   0.0006 (  0.0%)   0.0000 (  0.0%)   0.0006 (  0.0%)   0.0006 (  0.0%)  dump pragma info via xml format
   0.0006 (  0.0%)   0.0000 (  0.0%)   0.0006 (  0.0%)   0.0006 (  0.0%)  Aggressive Dead Code Elimination
   0.0006 (  0.0%)   0.0000 (  0.0%)   0.0006 (  0.0%)   0.0006 (  0.0%)  Promote 'by reference' arguments to scalars
   0.0006 (  0.0%)   0.0000 (  0.0%)   0.0006 (  0.0%)   0.0005 (  0.0%)  Aggressive Dead Code Elimination
   0.0005 (  0.0%)   0.0000 (  0.0%)   0.0005 (  0.0%)   0.0005 (  0.0%)  Memory SSA
   0.0005 (  0.0%)   0.0000 (  0.0%)   0.0005 (  0.0%)   0.0005 (  0.0%)  Aggressive Dead Code Elimination
   0.0005 (  0.0%)   0.0000 (  0.0%)   0.0005 (  0.0%)   0.0005 (  0.0%)  Simplify the CFG
   0.0005 (  0.0%)   0.0000 (  0.0%)   0.0005 (  0.0%)   0.0005 (  0.0%)  Reflow pragma unroll loops
   0.0005 (  0.0%)   0.0000 (  0.0%)   0.0005 (  0.0%)   0.0005 (  0.0%)  Memory SSA
   0.0005 (  0.0%)   0.0000 (  0.0%)   0.0005 (  0.0%)   0.0005 (  0.0%)  Aggressive Dead Code Elimination
   0.0003 (  0.0%)   0.0002 (  0.2%)   0.0005 (  0.0%)   0.0005 (  0.0%)  Memory SSA
   0.0004 (  0.0%)   0.0001 (  0.1%)   0.0005 (  0.0%)   0.0005 (  0.0%)  Aggressive Dead Code Elimination
   0.0005 (  0.0%)   0.0000 (  0.0%)   0.0005 (  0.0%)   0.0005 (  0.0%)  Aggressive Dead Code Elimination
   0.0005 (  0.0%)   0.0000 (  0.0%)   0.0005 (  0.0%)   0.0005 (  0.0%)  Aggressive Dead Code Elimination
   0.0005 (  0.0%)   0.0000 (  0.0%)   0.0005 (  0.0%)   0.0005 (  0.0%)  Value Propagation
   0.0005 (  0.0%)   0.0000 (  0.0%)   0.0005 (  0.0%)   0.0005 (  0.0%)  Collect complexity metrics for FE reflow
   0.0005 (  0.0%)   0.0000 (  0.0%)   0.0005 (  0.0%)   0.0005 (  0.0%)  Aggressive Dead Code Elimination
   0.0005 (  0.0%)   0.0000 (  0.0%)   0.0005 (  0.0%)   0.0005 (  0.0%)  Aggressive Dead Code Elimination
   0.0005 (  0.0%)   0.0000 (  0.0%)   0.0005 (  0.0%)   0.0005 (  0.0%)  Combine redundant instructions
   0.0005 (  0.0%)   0.0000 (  0.0%)   0.0005 (  0.0%)   0.0005 (  0.0%)  Aggressive Dead Code Elimination
   0.0005 (  0.0%)   0.0000 (  0.0%)   0.0005 (  0.0%)   0.0005 (  0.0%)  Combine redundant instructions
   0.0004 (  0.0%)   0.0001 (  0.1%)   0.0005 (  0.0%)   0.0005 (  0.0%)  Divergence Analysis
   0.0005 (  0.0%)   0.0000 (  0.0%)   0.0005 (  0.0%)   0.0005 (  0.0%)  Aggressive Dead Code Elimination
   0.0005 (  0.0%)   0.0000 (  0.0%)   0.0005 (  0.0%)   0.0005 (  0.0%)  Dominator Tree Construction
   0.0004 (  0.0%)   0.0000 (  0.0%)   0.0005 (  0.0%)   0.0005 (  0.0%)  Divergence Analysis
   0.0000 (  0.0%)   0.0004 (  0.5%)   0.0004 (  0.0%)   0.0005 (  0.0%)  Dominator Tree Construction
   0.0004 (  0.0%)   0.0000 (  0.0%)   0.0004 (  0.0%)   0.0004 (  0.0%)  Resolve full load/store
   0.0004 (  0.0%)   0.0000 (  0.0%)   0.0004 (  0.0%)   0.0004 (  0.0%)  Function duplication
   0.0004 (  0.0%)   0.0000 (  0.0%)   0.0004 (  0.0%)   0.0004 (  0.0%)  Combine redundant instructions
   0.0000 (  0.0%)   0.0004 (  0.4%)   0.0004 (  0.0%)   0.0004 (  0.0%)  Produce message if basic block has too many instructions
   0.0004 (  0.0%)   0.0000 (  0.0%)   0.0004 (  0.0%)   0.0004 (  0.0%)  Collect complexity metrics for FE reflow
   0.0004 (  0.0%)   0.0000 (  0.0%)   0.0004 (  0.0%)   0.0004 (  0.0%)  Dead Store Elimination
   0.0004 (  0.0%)   0.0000 (  0.0%)   0.0004 (  0.0%)   0.0004 (  0.0%)  Simplify the CFG
   0.0004 (  0.0%)   0.0000 (  0.0%)   0.0004 (  0.0%)   0.0004 (  0.0%)  Collect complexity metrics for FE reflow
   0.0004 (  0.0%)   0.0000 (  0.0%)   0.0004 (  0.0%)   0.0004 (  0.0%)  Dominator Tree Construction
   0.0004 (  0.0%)   0.0000 (  0.0%)   0.0004 (  0.0%)   0.0004 (  0.0%)  Collect complexity metrics for FE reflow
   0.0004 (  0.0%)   0.0000 (  0.0%)   0.0004 (  0.0%)   0.0004 (  0.0%)  Dead Store Elimination
   0.0004 (  0.0%)   0.0000 (  0.0%)   0.0004 (  0.0%)   0.0004 (  0.0%)  Collect complexity metrics for FE reflow
   0.0004 (  0.0%)   0.0000 (  0.0%)   0.0004 (  0.0%)   0.0004 (  0.0%)  Simplify the CFG
   0.0002 (  0.0%)   0.0000 (  0.0%)   0.0002 (  0.0%)   0.0004 (  0.0%)  Auto automatic array partition filter analysis
   0.0004 (  0.0%)   0.0000 (  0.0%)   0.0004 (  0.0%)   0.0004 (  0.0%)  Post-Dominator Tree Construction
   0.0004 (  0.0%)   0.0000 (  0.0%)   0.0004 (  0.0%)   0.0004 (  0.0%)   automatic parallel and pipeline insertion based performance constraint
   0.0000 (  0.0%)   0.0004 (  0.4%)   0.0004 (  0.0%)   0.0004 (  0.0%)  AlignMemory - Align memory accesses
   0.0004 (  0.0%)   0.0000 (  0.0%)   0.0004 (  0.0%)   0.0004 (  0.0%)  Dead Store Elimination
   0.0003 (  0.0%)   0.0000 (  0.1%)   0.0004 (  0.0%)   0.0004 (  0.0%)  Divergence Analysis
   0.0004 (  0.0%)   0.0000 (  0.0%)   0.0004 (  0.0%)   0.0004 (  0.0%)  Dead Store Elimination
   0.0004 (  0.0%)   0.0000 (  0.0%)   0.0004 (  0.0%)   0.0004 (  0.0%)  SROA
   0.0004 (  0.0%)   0.0000 (  0.0%)   0.0004 (  0.0%)   0.0004 (  0.0%)  Dead Store Elimination
   0.0004 (  0.0%)   0.0000 (  0.0%)   0.0004 (  0.0%)   0.0004 (  0.0%)  Simplify types in the LLVM IR, redundant type hierarchy
   0.0003 (  0.0%)   0.0000 (  0.0%)   0.0004 (  0.0%)   0.0004 (  0.0%)  Collect complexity metrics for FE reflow
   0.0004 (  0.0%)   0.0000 (  0.0%)   0.0004 (  0.0%)   0.0004 (  0.0%)  Dominator Tree Construction
   0.0003 (  0.0%)   0.0000 (  0.0%)   0.0004 (  0.0%)   0.0004 (  0.0%)  Collect complexity metrics for FE reflow
   0.0004 (  0.0%)   0.0000 (  0.0%)   0.0004 (  0.0%)   0.0004 (  0.0%)  Collect complexity metrics for FE reflow
   0.0003 (  0.0%)   0.0000 (  0.0%)   0.0003 (  0.0%)   0.0003 (  0.0%)  Infer complete unroll based on pipeline pragma
   0.0003 (  0.0%)   0.0000 (  0.0%)   0.0003 (  0.0%)   0.0003 (  0.0%)  Infer complete unroll based on pipeline pragma
   0.0003 (  0.0%)   0.0000 (  0.0%)   0.0003 (  0.0%)   0.0003 (  0.0%)  Structure stription
   0.0003 (  0.0%)   0.0000 (  0.0%)   0.0003 (  0.0%)   0.0003 (  0.0%)  Natural Loop Information
   0.0003 (  0.0%)   0.0000 (  0.0%)   0.0003 (  0.0%)   0.0003 (  0.0%)  Dominator Tree Construction
   0.0003 (  0.0%)   0.0000 (  0.0%)   0.0003 (  0.0%)   0.0003 (  0.0%)  Dominator Tree Construction
   0.0003 (  0.0%)   0.0000 (  0.0%)   0.0003 (  0.0%)   0.0003 (  0.0%)  Dominator Tree Construction
   0.0003 (  0.0%)   0.0000 (  0.0%)   0.0003 (  0.0%)   0.0003 (  0.0%)  Simplify the CFG
   0.0003 (  0.0%)   0.0000 (  0.0%)   0.0003 (  0.0%)   0.0003 (  0.0%)  CallGraph Construction
   0.0003 (  0.0%)   0.0000 (  0.0%)   0.0003 (  0.0%)   0.0003 (  0.0%)  Post-Dominator Tree Construction
   0.0003 (  0.0%)   0.0000 (  0.0%)   0.0003 (  0.0%)   0.0003 (  0.0%)  Dominator Tree Construction
   0.0003 (  0.0%)   0.0000 (  0.0%)   0.0003 (  0.0%)   0.0003 (  0.0%)  Post-Dominator Tree Construction
   0.0003 (  0.0%)   0.0000 (  0.0%)   0.0003 (  0.0%)   0.0003 (  0.0%)  Interprocedural Sparse Conditional Constant Propagation
   0.0003 (  0.0%)   0.0000 (  0.0%)   0.0003 (  0.0%)   0.0003 (  0.0%)  Post-Dominator Tree Construction
   0.0003 (  0.0%)   0.0000 (  0.0%)   0.0003 (  0.0%)   0.0003 (  0.0%)  Post-Dominator Tree Construction
   0.0003 (  0.0%)   0.0000 (  0.0%)   0.0003 (  0.0%)   0.0003 (  0.0%)  Post-Dominator Tree Construction
   0.0003 (  0.0%)   0.0000 (  0.0%)   0.0003 (  0.0%)   0.0003 (  0.0%)  Post-Dominator Tree Construction
   0.0003 (  0.0%)   0.0000 (  0.0%)   0.0003 (  0.0%)   0.0003 (  0.0%)  Post-Dominator Tree Construction
   0.0003 (  0.0%)   0.0000 (  0.0%)   0.0003 (  0.0%)   0.0003 (  0.0%)  Collect complexity metrics for FE reflow
   0.0003 (  0.0%)   0.0000 (  0.0%)   0.0003 (  0.0%)   0.0003 (  0.0%)  Post-Dominator Tree Construction
   0.0003 (  0.0%)   0.0000 (  0.0%)   0.0003 (  0.0%)   0.0003 (  0.0%)  Dead Argument Elimination
   0.0003 (  0.0%)   0.0000 (  0.0%)   0.0003 (  0.0%)   0.0003 (  0.0%)  Dominator Tree Construction
   0.0003 (  0.0%)   0.0000 (  0.0%)   0.0003 (  0.0%)   0.0003 (  0.0%)  Post-Dominator Tree Construction
   0.0003 (  0.0%)   0.0000 (  0.0%)   0.0003 (  0.0%)   0.0003 (  0.0%)  Dominator Tree Construction
   0.0003 (  0.0%)   0.0000 (  0.0%)   0.0003 (  0.0%)   0.0003 (  0.0%)  Dominator Tree Construction
   0.0003 (  0.0%)   0.0000 (  0.0%)   0.0003 (  0.0%)   0.0003 (  0.0%)  Dominator Tree Construction
   0.0003 (  0.0%)   0.0000 (  0.0%)   0.0003 (  0.0%)   0.0003 (  0.0%)  Post-Dominator Tree Construction
   0.0003 (  0.0%)   0.0000 (  0.0%)   0.0003 (  0.0%)   0.0003 (  0.0%)  Eliminate pointer selection
   0.0003 (  0.0%)   0.0000 (  0.0%)   0.0003 (  0.0%)   0.0003 (  0.0%)  Dominator Tree Construction
   0.0003 (  0.0%)   0.0000 (  0.0%)   0.0003 (  0.0%)   0.0003 (  0.0%)  Post-Dominator Tree Construction
   0.0003 (  0.0%)   0.0000 (  0.0%)   0.0003 (  0.0%)   0.0003 (  0.0%)  Post-Dominator Tree Construction
   0.0003 (  0.0%)   0.0000 (  0.0%)   0.0003 (  0.0%)   0.0003 (  0.0%)  Post-Dominator Tree Construction
   0.0003 (  0.0%)   0.0000 (  0.0%)   0.0003 (  0.0%)   0.0003 (  0.0%)  Dominator Tree Construction
   0.0003 (  0.0%)   0.0000 (  0.0%)   0.0003 (  0.0%)   0.0003 (  0.0%)  Scalar Evolution Analysis
   0.0003 (  0.0%)   0.0000 (  0.0%)   0.0003 (  0.0%)   0.0003 (  0.0%)  Dominator Tree Construction
   0.0003 (  0.0%)   0.0000 (  0.0%)   0.0003 (  0.0%)   0.0003 (  0.0%)  Divergence Analysis
   0.0003 (  0.0%)   0.0000 (  0.0%)   0.0003 (  0.0%)   0.0003 (  0.0%)  Post-Dominator Tree Construction
   0.0003 (  0.0%)   0.0000 (  0.0%)   0.0003 (  0.0%)   0.0003 (  0.0%)  Dataflow Process Duplication
   0.0003 (  0.0%)   0.0000 (  0.0%)   0.0003 (  0.0%)   0.0003 (  0.0%)  Dominator Tree Construction
   0.0003 (  0.0%)   0.0000 (  0.0%)   0.0003 (  0.0%)   0.0003 (  0.0%)  Dominator Tree Construction
   0.0003 (  0.0%)   0.0000 (  0.0%)   0.0003 (  0.0%)   0.0003 (  0.0%)  Divergence Analysis
   0.0003 (  0.0%)   0.0000 (  0.0%)   0.0003 (  0.0%)   0.0003 (  0.0%)  Simplify the CFG
   0.0003 (  0.0%)   0.0000 (  0.0%)   0.0003 (  0.0%)   0.0003 (  0.0%)  Memory SSA
   0.0002 (  0.0%)   0.0000 (  0.0%)   0.0003 (  0.0%)   0.0003 (  0.0%)  Post-Dominator Tree Construction
   0.0003 (  0.0%)   0.0000 (  0.0%)   0.0003 (  0.0%)   0.0003 (  0.0%)  Array abnormal access check
   0.0002 (  0.0%)   0.0000 (  0.0%)   0.0003 (  0.0%)   0.0003 (  0.0%)  Detect single entry single exit regions
   0.0002 (  0.0%)   0.0000 (  0.0%)   0.0003 (  0.0%)   0.0003 (  0.0%)  Dominator Tree Construction
   0.0003 (  0.0%)   0.0000 (  0.0%)   0.0003 (  0.0%)   0.0003 (  0.0%)  Function Alias Analysis Results
   0.0003 (  0.0%)   0.0000 (  0.0%)   0.0003 (  0.0%)   0.0003 (  0.0%)  Detect single entry single exit regions
   0.0003 (  0.0%)   0.0000 (  0.0%)   0.0003 (  0.0%)   0.0003 (  0.0%)  Assign names to anonymous instructions (structure based)
   0.0001 (  0.0%)   0.0001 (  0.1%)   0.0001 (  0.0%)   0.0003 (  0.0%)  Dead Global Elimination
   0.0003 (  0.0%)   0.0000 (  0.0%)   0.0003 (  0.0%)   0.0003 (  0.0%)  Detect single entry single exit regions
   0.0003 (  0.0%)   0.0000 (  0.0%)   0.0003 (  0.0%)   0.0003 (  0.0%)  Dominator Tree Construction
   0.0003 (  0.0%)   0.0000 (  0.0%)   0.0003 (  0.0%)   0.0003 (  0.0%)  Dominator Tree Construction
   0.0003 (  0.0%)   0.0000 (  0.0%)   0.0003 (  0.0%)   0.0003 (  0.0%)  Collect complexity metrics for FE reflow
   0.0003 (  0.0%)   0.0000 (  0.0%)   0.0003 (  0.0%)   0.0003 (  0.0%)  Dominator Tree Construction
   0.0003 (  0.0%)   0.0000 (  0.0%)   0.0003 (  0.0%)   0.0003 (  0.0%)  Dominator Tree Construction
   0.0002 (  0.0%)   0.0000 (  0.0%)   0.0003 (  0.0%)   0.0003 (  0.0%)  Scalar Evolution Analysis
   0.0003 (  0.0%)   0.0000 (  0.0%)   0.0003 (  0.0%)   0.0003 (  0.0%)  Print module to file
   0.0003 (  0.0%)   0.0000 (  0.0%)   0.0003 (  0.0%)   0.0003 (  0.0%)  Simplify the CFG
   0.0003 (  0.0%)   0.0000 (  0.0%)   0.0003 (  0.0%)   0.0003 (  0.0%)  Simple constant propagation
   0.0002 (  0.0%)   0.0001 (  0.1%)   0.0003 (  0.0%)   0.0003 (  0.0%)  Post-Dominator Tree Construction
   0.0003 (  0.0%)   0.0000 (  0.0%)   0.0003 (  0.0%)   0.0002 (  0.0%)  Function Alias Analysis Results
   0.0002 (  0.0%)   0.0000 (  0.0%)   0.0002 (  0.0%)   0.0002 (  0.0%)  Function Alias Analysis Results
   0.0002 (  0.0%)   0.0000 (  0.0%)   0.0002 (  0.0%)   0.0002 (  0.0%)  Infer PPPO for array-to-streams
   0.0002 (  0.0%)   0.0000 (  0.0%)   0.0002 (  0.0%)   0.0002 (  0.0%)  Dominator Tree Construction
   0.0002 (  0.0%)   0.0000 (  0.0%)   0.0002 (  0.0%)   0.0002 (  0.0%)  CallGraph Construction
   0.0002 (  0.0%)   0.0000 (  0.0%)   0.0002 (  0.0%)   0.0002 (  0.0%)  Global Variable Optimizer
   0.0002 (  0.0%)   0.0000 (  0.0%)   0.0002 (  0.0%)   0.0002 (  0.0%)  Simplify the CFG
   0.0002 (  0.0%)   0.0000 (  0.0%)   0.0002 (  0.0%)   0.0002 (  0.0%)  Dominator Tree Construction
   0.0002 (  0.0%)   0.0000 (  0.0%)   0.0002 (  0.0%)   0.0002 (  0.0%)  LoopDepAnalysis - Reflow Loop Dependence Annotation
   0.0002 (  0.0%)   0.0000 (  0.0%)   0.0002 (  0.0%)   0.0002 (  0.0%)  AnnotateNoAlias - Annotate NoAlias Attribute on Arguments
   0.0002 (  0.0%)   0.0000 (  0.0%)   0.0002 (  0.0%)   0.0002 (  0.0%)  Natural Loop Information
   0.0002 (  0.0%)   0.0001 (  0.1%)   0.0002 (  0.0%)   0.0002 (  0.0%)  Function Alias Analysis Results
   0.0002 (  0.0%)   0.0000 (  0.0%)   0.0002 (  0.0%)   0.0002 (  0.0%)  Array abnormal access check
   0.0002 (  0.0%)   0.0000 (  0.0%)   0.0002 (  0.0%)   0.0002 (  0.0%)  Infer nuw/nsw flags for instructions
   0.0002 (  0.0%)   0.0000 (  0.0%)   0.0002 (  0.0%)   0.0002 (  0.0%)  Simplify the CFG
   0.0002 (  0.0%)   0.0000 (  0.0%)   0.0002 (  0.0%)   0.0002 (  0.0%)  Dominator Tree Construction
   0.0002 (  0.0%)   0.0000 (  0.0%)   0.0002 (  0.0%)   0.0002 (  0.0%)  Dominator Tree Construction
   0.0002 (  0.0%)   0.0000 (  0.0%)   0.0002 (  0.0%)   0.0002 (  0.0%)  Function Alias Analysis Results
   0.0002 (  0.0%)   0.0000 (  0.0%)   0.0002 (  0.0%)   0.0002 (  0.0%)  LoopDepAnalysis - Reflow Loop Dependence Annotation
   0.0002 (  0.0%)   0.0000 (  0.0%)   0.0002 (  0.0%)   0.0002 (  0.0%)  Dump HBM driver helper code
   0.0002 (  0.0%)   0.0000 (  0.0%)   0.0002 (  0.0%)   0.0002 (  0.0%)  Dominator Tree Construction
   0.0002 (  0.0%)   0.0000 (  0.0%)   0.0002 (  0.0%)   0.0002 (  0.0%)  Dominator Tree Construction
   0.0002 (  0.0%)   0.0000 (  0.0%)   0.0002 (  0.0%)   0.0002 (  0.0%)  Function Alias Analysis Results
   0.0002 (  0.0%)   0.0000 (  0.0%)   0.0002 (  0.0%)   0.0002 (  0.0%)  Simplify the CFG
   0.0002 (  0.0%)   0.0000 (  0.0%)   0.0002 (  0.0%)   0.0002 (  0.0%)  Eliminate dead debug information intrinsic
   0.0002 (  0.0%)   0.0000 (  0.0%)   0.0002 (  0.0%)   0.0002 (  0.0%)  Function Alias Analysis Results
   0.0002 (  0.0%)   0.0000 (  0.0%)   0.0002 (  0.0%)   0.0002 (  0.0%)  Dominator Tree Construction
   0.0002 (  0.0%)   0.0000 (  0.0%)   0.0002 (  0.0%)   0.0002 (  0.0%)  Assign names to anonymous instructions (structure based)
   0.0002 (  0.0%)   0.0000 (  0.0%)   0.0002 (  0.0%)   0.0002 (  0.0%)  Dominator Tree Construction
   0.0002 (  0.0%)   0.0000 (  0.0%)   0.0002 (  0.0%)   0.0002 (  0.0%)  Lower tasks into dataflow form
   0.0002 (  0.0%)   0.0000 (  0.0%)   0.0002 (  0.0%)   0.0002 (  0.0%)  Scalar Evolution Analysis
   0.0002 (  0.0%)   0.0000 (  0.0%)   0.0002 (  0.0%)   0.0002 (  0.0%)  Scalar Evolution Analysis
   0.0002 (  0.0%)   0.0000 (  0.0%)   0.0002 (  0.0%)   0.0002 (  0.0%)  Simplify the CFG
   0.0002 (  0.0%)   0.0001 (  0.1%)   0.0002 (  0.0%)   0.0002 (  0.0%)  Dominator Tree Construction
   0.0000 (  0.0%)   0.0002 (  0.2%)   0.0002 (  0.0%)   0.0002 (  0.0%)  AnnotateNoAlias - Annotate NoAlias Attribute on Arguments
   0.0002 (  0.0%)   0.0000 (  0.0%)   0.0002 (  0.0%)   0.0002 (  0.0%)  Dominator Tree Construction
   0.0002 (  0.0%)   0.0000 (  0.0%)   0.0002 (  0.0%)   0.0002 (  0.0%)  Dominator Tree Construction
   0.0002 (  0.0%)   0.0000 (  0.0%)   0.0002 (  0.0%)   0.0002 (  0.0%)  Collect complexity metrics for FE reflow
   0.0002 (  0.0%)   0.0000 (  0.0%)   0.0002 (  0.0%)   0.0002 (  0.0%)  Dominator Tree Construction
   0.0002 (  0.0%)   0.0000 (  0.0%)   0.0002 (  0.0%)   0.0002 (  0.0%)  Simplify the CFG
   0.0002 (  0.0%)   0.0000 (  0.0%)   0.0002 (  0.0%)   0.0002 (  0.0%)  Dominator Tree Construction
   0.0002 (  0.0%)   0.0000 (  0.0%)   0.0002 (  0.0%)   0.0002 (  0.0%)  Array abnormal access check
   0.0002 (  0.0%)   0.0000 (  0.0%)   0.0002 (  0.0%)   0.0002 (  0.0%)  Simplify the CFG
   0.0002 (  0.0%)   0.0000 (  0.0%)   0.0002 (  0.0%)   0.0002 (  0.0%)  Post-Dominator Tree Construction
   0.0002 (  0.0%)   0.0000 (  0.0%)   0.0002 (  0.0%)   0.0002 (  0.0%)  Array abnormal access check
   0.0002 (  0.0%)   0.0000 (  0.0%)   0.0002 (  0.0%)   0.0002 (  0.0%)  Natural Loop Information
   0.0002 (  0.0%)   0.0000 (  0.0%)   0.0002 (  0.0%)   0.0002 (  0.0%)  Dominator Tree Construction
   0.0002 (  0.0%)   0.0001 (  0.1%)   0.0002 (  0.0%)   0.0002 (  0.0%)  Pragma preprocessing after clang
   0.0002 (  0.0%)   0.0000 (  0.0%)   0.0002 (  0.0%)   0.0002 (  0.0%)  Function Alias Analysis Results
   0.0002 (  0.0%)   0.0000 (  0.0%)   0.0002 (  0.0%)   0.0002 (  0.0%)  Dominator Tree Construction
   0.0002 (  0.0%)   0.0001 (  0.1%)   0.0002 (  0.0%)   0.0002 (  0.0%)  Function Alias Analysis Results
   0.0002 (  0.0%)   0.0000 (  0.0%)   0.0002 (  0.0%)   0.0002 (  0.0%)  Infer loop trip count
   0.0002 (  0.0%)   0.0000 (  0.0%)   0.0002 (  0.0%)   0.0002 (  0.0%)  Basic Alias Analysis (stateless AA impl)
   0.0002 (  0.0%)   0.0000 (  0.0%)   0.0002 (  0.0%)   0.0002 (  0.0%)  Collect complexity metrics for FE reflow
   0.0002 (  0.0%)   0.0000 (  0.0%)   0.0002 (  0.0%)   0.0002 (  0.0%)  Function Alias Analysis Results
   0.0002 (  0.0%)   0.0000 (  0.0%)   0.0002 (  0.0%)   0.0002 (  0.0%)  Dominator Tree Construction
   0.0002 (  0.0%)   0.0000 (  0.0%)   0.0002 (  0.0%)   0.0002 (  0.0%)  Collect complexity metrics for FE reflow
   0.0002 (  0.0%)   0.0000 (  0.0%)   0.0002 (  0.0%)   0.0002 (  0.0%)  Dominator Tree Construction
   0.0002 (  0.0%)   0.0000 (  0.0%)   0.0002 (  0.0%)   0.0002 (  0.0%)  Post-Dominator Tree Construction
   0.0002 (  0.0%)   0.0000 (  0.0%)   0.0002 (  0.0%)   0.0002 (  0.0%)  Array abnormal access check
   0.0002 (  0.0%)   0.0000 (  0.0%)   0.0002 (  0.0%)   0.0002 (  0.0%)  Dominator Tree Construction
   0.0002 (  0.0%)   0.0000 (  0.0%)   0.0002 (  0.0%)   0.0002 (  0.0%)  Simplify the CFG
   0.0002 (  0.0%)   0.0000 (  0.0%)   0.0002 (  0.0%)   0.0002 (  0.0%)  Function Alias Analysis Results
   0.0001 (  0.0%)   0.0001 (  0.1%)   0.0002 (  0.0%)   0.0002 (  0.0%)  Function Alias Analysis Results
   0.0002 (  0.0%)   0.0000 (  0.0%)   0.0002 (  0.0%)   0.0002 (  0.0%)  Memory Summary
   0.0002 (  0.0%)   0.0000 (  0.0%)   0.0002 (  0.0%)   0.0002 (  0.0%)  Post-Dominator Tree Construction
   0.0002 (  0.0%)   0.0000 (  0.0%)   0.0002 (  0.0%)   0.0002 (  0.0%)  RemoveConflictingBurst - Remove port conflicting bursts
   0.0002 (  0.0%)   0.0000 (  0.0%)   0.0002 (  0.0%)   0.0002 (  0.0%)  Post-Dominator Tree Construction
   0.0002 (  0.0%)   0.0000 (  0.0%)   0.0002 (  0.0%)   0.0002 (  0.0%)  Natural Loop Information
   0.0002 (  0.0%)   0.0000 (  0.0%)   0.0002 (  0.0%)   0.0002 (  0.0%)  Function Alias Analysis Results
   0.0002 (  0.0%)   0.0000 (  0.0%)   0.0002 (  0.0%)   0.0002 (  0.0%)  Assign names to anonymous instructions (structure based)
   0.0002 (  0.0%)   0.0000 (  0.0%)   0.0002 (  0.0%)   0.0002 (  0.0%)  Function Alias Analysis Results
   0.0002 (  0.0%)   0.0000 (  0.0%)   0.0002 (  0.0%)   0.0002 (  0.0%)  Function Alias Analysis Results
   0.0002 (  0.0%)   0.0000 (  0.0%)   0.0002 (  0.0%)   0.0002 (  0.0%)  Scalar Evolution Analysis
   0.0002 (  0.0%)   0.0000 (  0.0%)   0.0002 (  0.0%)   0.0002 (  0.0%)  Post-Dominator Tree Construction
   0.0002 (  0.0%)   0.0000 (  0.0%)   0.0002 (  0.0%)   0.0002 (  0.0%)  Function Alias Analysis Results
   0.0002 (  0.0%)   0.0000 (  0.0%)   0.0002 (  0.0%)   0.0002 (  0.0%)  Function Alias Analysis Results
   0.0002 (  0.0%)   0.0000 (  0.0%)   0.0002 (  0.0%)   0.0002 (  0.0%)  Post-Dominator Tree Construction
   0.0002 (  0.0%)   0.0000 (  0.0%)   0.0002 (  0.0%)   0.0002 (  0.0%)  Function Alias Analysis Results
   0.0002 (  0.0%)   0.0000 (  0.0%)   0.0002 (  0.0%)   0.0002 (  0.0%)  Function Alias Analysis Results
   0.0002 (  0.0%)   0.0000 (  0.0%)   0.0002 (  0.0%)   0.0002 (  0.0%)  Function Alias Analysis Results
   0.0002 (  0.0%)   0.0000 (  0.0%)   0.0002 (  0.0%)   0.0002 (  0.0%)  Function Alias Analysis Results
   0.0002 (  0.0%)   0.0000 (  0.0%)   0.0002 (  0.0%)   0.0002 (  0.0%)   automatic parallel and pipeline insertion based performance constraint
   0.0000 (  0.0%)   0.0002 (  0.2%)   0.0002 (  0.0%)   0.0002 (  0.0%)  Infer PPPO for array-to-streams
   0.0002 (  0.0%)   0.0000 (  0.0%)   0.0002 (  0.0%)   0.0002 (  0.0%)  Function Alias Analysis Results
   0.0002 (  0.0%)   0.0000 (  0.0%)   0.0002 (  0.0%)   0.0002 (  0.0%)  Dominance Frontier Construction
   0.0002 (  0.0%)   0.0000 (  0.0%)   0.0002 (  0.0%)   0.0002 (  0.0%)  Function Alias Analysis Results
   0.0002 (  0.0%)   0.0000 (  0.0%)   0.0002 (  0.0%)   0.0002 (  0.0%)  Function Alias Analysis Results
   0.0002 (  0.0%)   0.0000 (  0.0%)   0.0002 (  0.0%)   0.0002 (  0.0%)  Function Alias Analysis Results
   0.0002 (  0.0%)   0.0000 (  0.0%)   0.0002 (  0.0%)   0.0002 (  0.0%)  Function Alias Analysis Results
   0.0000 (  0.0%)   0.0002 (  0.2%)   0.0002 (  0.0%)   0.0002 (  0.0%)  CallGraph Construction
   0.0002 (  0.0%)   0.0000 (  0.0%)   0.0002 (  0.0%)   0.0002 (  0.0%)  Dominator Tree Construction
   0.0002 (  0.0%)   0.0000 (  0.0%)   0.0002 (  0.0%)   0.0002 (  0.0%)  Interleave memory accesses
   0.0000 (  0.0%)   0.0002 (  0.2%)   0.0002 (  0.0%)   0.0002 (  0.0%)  Dominator Tree Construction
   0.0002 (  0.0%)   0.0000 (  0.0%)   0.0002 (  0.0%)   0.0002 (  0.0%)  Function Alias Analysis Results
   0.0002 (  0.0%)   0.0000 (  0.0%)   0.0002 (  0.0%)   0.0002 (  0.0%)  Function Alias Analysis Results
   0.0002 (  0.0%)   0.0000 (  0.0%)   0.0002 (  0.0%)   0.0002 (  0.0%)  Function Alias Analysis Results
   0.0002 (  0.0%)   0.0000 (  0.0%)   0.0002 (  0.0%)   0.0002 (  0.0%)  Function Alias Analysis Results
   0.0002 (  0.0%)   0.0000 (  0.0%)   0.0002 (  0.0%)   0.0002 (  0.0%)  Function Alias Analysis Results
   0.0002 (  0.0%)   0.0000 (  0.0%)   0.0002 (  0.0%)   0.0002 (  0.0%)  Function Alias Analysis Results
   0.0002 (  0.0%)   0.0000 (  0.0%)   0.0002 (  0.0%)   0.0002 (  0.0%)  Scalar Evolution Analysis
   0.0002 (  0.0%)   0.0000 (  0.0%)   0.0002 (  0.0%)   0.0002 (  0.0%)  Array abnormal access check
   0.0002 (  0.0%)   0.0000 (  0.0%)   0.0002 (  0.0%)   0.0002 (  0.0%)  Simplify the CFG
   0.0000 (  0.0%)   0.0002 (  0.2%)   0.0002 (  0.0%)   0.0002 (  0.0%)  Infer PPPO for array-to-streams
   0.0002 (  0.0%)   0.0000 (  0.0%)   0.0002 (  0.0%)   0.0002 (  0.0%)  Function Alias Analysis Results
   0.0002 (  0.0%)   0.0000 (  0.0%)   0.0002 (  0.0%)   0.0002 (  0.0%)  Function Alias Analysis Results
   0.0002 (  0.0%)   0.0000 (  0.0%)   0.0002 (  0.0%)   0.0002 (  0.0%)  Dominator Tree Construction
   0.0002 (  0.0%)   0.0000 (  0.0%)   0.0002 (  0.0%)   0.0002 (  0.0%)  AccessGroup - Group the memory access for the same object
   0.0002 (  0.0%)   0.0000 (  0.0%)   0.0002 (  0.0%)   0.0002 (  0.0%)  Dominator Tree Construction
   0.0002 (  0.0%)   0.0000 (  0.0%)   0.0002 (  0.0%)   0.0002 (  0.0%)  Function Alias Analysis Results
   0.0002 (  0.0%)   0.0000 (  0.0%)   0.0002 (  0.0%)   0.0002 (  0.0%)  Function Alias Analysis Results
   0.0002 (  0.0%)   0.0000 (  0.0%)   0.0002 (  0.0%)   0.0002 (  0.0%)  Function Alias Analysis Results
   0.0002 (  0.0%)   0.0000 (  0.0%)   0.0002 (  0.0%)   0.0002 (  0.0%)  Function Alias Analysis Results
   0.0002 (  0.0%)   0.0000 (  0.0%)   0.0002 (  0.0%)   0.0002 (  0.0%)  Function Alias Analysis Results
   0.0002 (  0.0%)   0.0000 (  0.0%)   0.0002 (  0.0%)   0.0002 (  0.0%)  Function Alias Analysis Results
   0.0002 (  0.0%)   0.0000 (  0.0%)   0.0002 (  0.0%)   0.0002 (  0.0%)  Function Alias Analysis Results
   0.0002 (  0.0%)   0.0000 (  0.0%)   0.0002 (  0.0%)   0.0002 (  0.0%)  Function Alias Analysis Results
   0.0002 (  0.0%)   0.0000 (  0.0%)   0.0002 (  0.0%)   0.0002 (  0.0%)  Function Alias Analysis Results
   0.0002 (  0.0%)   0.0000 (  0.0%)   0.0002 (  0.0%)   0.0002 (  0.0%)  Function Alias Analysis Results
   0.0002 (  0.0%)   0.0000 (  0.0%)   0.0002 (  0.0%)   0.0002 (  0.0%)  Function Alias Analysis Results
   0.0002 (  0.0%)   0.0000 (  0.0%)   0.0002 (  0.0%)   0.0002 (  0.0%)  Function Alias Analysis Results
   0.0002 (  0.0%)   0.0000 (  0.0%)   0.0002 (  0.0%)   0.0002 (  0.0%)  Eliminate dead debug information intrinsic
   0.0002 (  0.0%)   0.0000 (  0.0%)   0.0002 (  0.0%)   0.0002 (  0.0%)  Function Alias Analysis Results
   0.0002 (  0.0%)   0.0000 (  0.0%)   0.0002 (  0.0%)   0.0002 (  0.0%)  Function Alias Analysis Results
   0.0002 (  0.0%)   0.0000 (  0.0%)   0.0002 (  0.0%)   0.0002 (  0.0%)  Function Alias Analysis Results
   0.0002 (  0.0%)   0.0000 (  0.0%)   0.0002 (  0.0%)   0.0002 (  0.0%)  Function Alias Analysis Results
   0.0000 (  0.0%)   0.0002 (  0.2%)   0.0002 (  0.0%)   0.0002 (  0.0%)  Dominator Tree Construction
   0.0002 (  0.0%)   0.0000 (  0.0%)   0.0002 (  0.0%)   0.0002 (  0.0%)  Memory SSA
   0.0002 (  0.0%)   0.0000 (  0.0%)   0.0002 (  0.0%)   0.0002 (  0.0%)  Function Alias Analysis Results
   0.0000 (  0.0%)   0.0002 (  0.2%)   0.0002 (  0.0%)   0.0002 (  0.0%)  Dead Argument Elimination
   0.0002 (  0.0%)   0.0000 (  0.0%)   0.0002 (  0.0%)   0.0002 (  0.0%)  Dominator Tree Construction
   0.0002 (  0.0%)   0.0000 (  0.0%)   0.0002 (  0.0%)   0.0002 (  0.0%)  Function Alias Analysis Results
   0.0002 (  0.0%)   0.0000 (  0.0%)   0.0002 (  0.0%)   0.0002 (  0.0%)  Function Alias Analysis Results
   0.0001 (  0.0%)   0.0000 (  0.0%)   0.0002 (  0.0%)   0.0002 (  0.0%)  Function Alias Analysis Results
   0.0002 (  0.0%)   0.0000 (  0.0%)   0.0002 (  0.0%)   0.0002 (  0.0%)  Function Alias Analysis Results
   0.0001 (  0.0%)   0.0000 (  0.0%)   0.0002 (  0.0%)   0.0002 (  0.0%)  Dominator Tree Construction
   0.0002 (  0.0%)   0.0000 (  0.0%)   0.0002 (  0.0%)   0.0002 (  0.0%)  Function Alias Analysis Results
   0.0002 (  0.0%)   0.0000 (  0.0%)   0.0002 (  0.0%)   0.0002 (  0.0%)  Dominator Tree Construction
   0.0002 (  0.0%)   0.0000 (  0.0%)   0.0002 (  0.0%)   0.0002 (  0.0%)  Simplify the CFG
   0.0002 (  0.0%)   0.0000 (  0.0%)   0.0002 (  0.0%)   0.0002 (  0.0%)  CallGraph Construction
   0.0002 (  0.0%)   0.0000 (  0.0%)   0.0002 (  0.0%)   0.0002 (  0.0%)  Function Alias Analysis Results
   0.0002 (  0.0%)   0.0000 (  0.0%)   0.0002 (  0.0%)   0.0002 (  0.0%)  Dominator Tree Construction
   0.0001 (  0.0%)   0.0000 (  0.0%)   0.0002 (  0.0%)   0.0002 (  0.0%)  Function Alias Analysis Results
   0.0002 (  0.0%)   0.0000 (  0.0%)   0.0002 (  0.0%)   0.0002 (  0.0%)  Function Alias Analysis Results
   0.0002 (  0.0%)   0.0000 (  0.0%)   0.0002 (  0.0%)   0.0002 (  0.0%)  Dominator Tree Construction
   0.0002 (  0.0%)   0.0000 (  0.0%)   0.0002 (  0.0%)   0.0002 (  0.0%)  Dominator Tree Construction
   0.0002 (  0.0%)   0.0000 (  0.0%)   0.0002 (  0.0%)   0.0002 (  0.0%)  Function Alias Analysis Results
   0.0002 (  0.0%)   0.0000 (  0.0%)   0.0002 (  0.0%)   0.0002 (  0.0%)  Dominance Frontier Construction
   0.0002 (  0.0%)   0.0000 (  0.0%)   0.0002 (  0.0%)   0.0002 (  0.0%)  Simplify the CFG
   0.0002 (  0.0%)   0.0000 (  0.0%)   0.0002 (  0.0%)   0.0002 (  0.0%)  Function Alias Analysis Results
   0.0002 (  0.0%)   0.0000 (  0.0%)   0.0002 (  0.0%)   0.0002 (  0.0%)  Function Alias Analysis Results
   0.0001 (  0.0%)   0.0000 (  0.0%)   0.0001 (  0.0%)   0.0002 (  0.0%)  Infer set function attributes
   0.0002 (  0.0%)   0.0000 (  0.0%)   0.0002 (  0.0%)   0.0002 (  0.0%)  Function Alias Analysis Results
   0.0002 (  0.0%)   0.0000 (  0.0%)   0.0002 (  0.0%)   0.0002 (  0.0%)  Function Alias Analysis Results
   0.0002 (  0.0%)   0.0000 (  0.0%)   0.0002 (  0.0%)   0.0002 (  0.0%)  Dominance Frontier Construction
   0.0002 (  0.0%)   0.0000 (  0.0%)   0.0002 (  0.0%)   0.0002 (  0.0%)  Dominator Tree Construction
   0.0001 (  0.0%)   0.0001 (  0.1%)   0.0002 (  0.0%)   0.0002 (  0.0%)  Function Alias Analysis Results
   0.0002 (  0.0%)   0.0000 (  0.0%)   0.0002 (  0.0%)   0.0002 (  0.0%)  Function Alias Analysis Results
   0.0001 (  0.0%)   0.0001 (  0.1%)   0.0002 (  0.0%)   0.0002 (  0.0%)  Function Alias Analysis Results
   0.0002 (  0.0%)   0.0000 (  0.0%)   0.0002 (  0.0%)   0.0002 (  0.0%)  Dominator Tree Construction
   0.0001 (  0.0%)   0.0000 (  0.0%)   0.0002 (  0.0%)   0.0002 (  0.0%)  Simplify the CFG
   0.0002 (  0.0%)   0.0000 (  0.0%)   0.0002 (  0.0%)   0.0002 (  0.0%)  Function Alias Analysis Results
   0.0002 (  0.0%)   0.0000 (  0.0%)   0.0002 (  0.0%)   0.0002 (  0.0%)  Disaggregation preprocessing
   0.0002 (  0.0%)   0.0000 (  0.0%)   0.0002 (  0.0%)   0.0002 (  0.0%)  Natural Loop Information
   0.0002 (  0.0%)   0.0000 (  0.0%)   0.0002 (  0.0%)   0.0002 (  0.0%)  Function Alias Analysis Results
   0.0002 (  0.0%)   0.0000 (  0.0%)   0.0002 (  0.0%)   0.0002 (  0.0%)  Function Alias Analysis Results
   0.0002 (  0.0%)   0.0000 (  0.0%)   0.0002 (  0.0%)   0.0002 (  0.0%)  Natural Loop Information
   0.0002 (  0.0%)   0.0000 (  0.0%)   0.0002 (  0.0%)   0.0002 (  0.0%)  Function Alias Analysis Results
   0.0002 (  0.0%)   0.0000 (  0.0%)   0.0002 (  0.0%)   0.0002 (  0.0%)  Function Alias Analysis Results
   0.0001 (  0.0%)   0.0001 (  0.1%)   0.0002 (  0.0%)   0.0002 (  0.0%)  Function Alias Analysis Results
   0.0002 (  0.0%)   0.0000 (  0.0%)   0.0002 (  0.0%)   0.0002 (  0.0%)  Merge accesses
   0.0002 (  0.0%)   0.0000 (  0.0%)   0.0002 (  0.0%)   0.0002 (  0.0%)  Memory SSA
   0.0002 (  0.0%)   0.0000 (  0.0%)   0.0002 (  0.0%)   0.0002 (  0.0%)  Function Alias Analysis Results
   0.0002 (  0.0%)   0.0000 (  0.0%)   0.0002 (  0.0%)   0.0002 (  0.0%)  Function Alias Analysis Results
   0.0002 (  0.0%)   0.0000 (  0.0%)   0.0002 (  0.0%)   0.0002 (  0.0%)  Function Alias Analysis Results
   0.0001 (  0.0%)   0.0000 (  0.0%)   0.0002 (  0.0%)   0.0002 (  0.0%)  Function Alias Analysis Results
   0.0002 (  0.0%)   0.0000 (  0.0%)   0.0002 (  0.0%)   0.0002 (  0.0%)  Function Alias Analysis Results
   0.0002 (  0.0%)   0.0000 (  0.0%)   0.0002 (  0.0%)   0.0002 (  0.0%)  Infer PPPO for array-to-streams
   0.0002 (  0.0%)   0.0000 (  0.0%)   0.0002 (  0.0%)   0.0002 (  0.0%)  Function Alias Analysis Results
   0.0002 (  0.0%)   0.0000 (  0.0%)   0.0002 (  0.0%)   0.0002 (  0.0%)  Simplify the CFG
   0.0002 (  0.0%)   0.0000 (  0.0%)   0.0002 (  0.0%)   0.0002 (  0.0%)  Function Alias Analysis Results
   0.0002 (  0.0%)   0.0000 (  0.0%)   0.0002 (  0.0%)   0.0002 (  0.0%)  CallGraph Construction
   0.0002 (  0.0%)   0.0000 (  0.0%)   0.0002 (  0.0%)   0.0002 (  0.0%)  Function Alias Analysis Results
   0.0002 (  0.0%)   0.0000 (  0.0%)   0.0002 (  0.0%)   0.0002 (  0.0%)  Dead Global Elimination
   0.0002 (  0.0%)   0.0000 (  0.0%)   0.0002 (  0.0%)   0.0002 (  0.0%)  Natural Loop Information
   0.0002 (  0.0%)   0.0000 (  0.0%)   0.0002 (  0.0%)   0.0002 (  0.0%)  Simplify the CFG
   0.0002 (  0.0%)   0.0000 (  0.0%)   0.0002 (  0.0%)   0.0002 (  0.0%)  Dominator Tree Construction
   0.0002 (  0.0%)   0.0000 (  0.0%)   0.0002 (  0.0%)   0.0002 (  0.0%)  Function Alias Analysis Results
   0.0002 (  0.0%)   0.0000 (  0.0%)   0.0002 (  0.0%)   0.0002 (  0.0%)  Function Alias Analysis Results
   0.0002 (  0.0%)   0.0000 (  0.0%)   0.0002 (  0.0%)   0.0002 (  0.0%)  Function Alias Analysis Results
   0.0002 (  0.0%)   0.0000 (  0.0%)   0.0002 (  0.0%)   0.0002 (  0.0%)  Lazy Value Information Analysis
   0.0002 (  0.0%)   0.0000 (  0.0%)   0.0002 (  0.0%)   0.0002 (  0.0%)  Natural Loop Information
   0.0001 (  0.0%)   0.0001 (  0.1%)   0.0002 (  0.0%)   0.0002 (  0.0%)  Canonicalize natural loops
   0.0002 (  0.0%)   0.0000 (  0.0%)   0.0002 (  0.0%)   0.0002 (  0.0%)  Function Alias Analysis Results
   0.0002 (  0.0%)   0.0000 (  0.0%)   0.0002 (  0.0%)   0.0002 (  0.0%)  Simplify the CFG
   0.0002 (  0.0%)   0.0000 (  0.0%)   0.0002 (  0.0%)   0.0002 (  0.0%)  Natural Loop Information
   0.0002 (  0.0%)   0.0000 (  0.0%)   0.0002 (  0.0%)   0.0002 (  0.0%)  CallGraph Construction
   0.0002 (  0.0%)   0.0000 (  0.0%)   0.0002 (  0.0%)   0.0002 (  0.0%)  Function Alias Analysis Results
   0.0002 (  0.0%)   0.0000 (  0.0%)   0.0002 (  0.0%)   0.0002 (  0.0%)  Function Alias Analysis Results
   0.0002 (  0.0%)   0.0000 (  0.0%)   0.0002 (  0.0%)   0.0002 (  0.0%)  Simplify the CFG
   0.0002 (  0.0%)   0.0000 (  0.0%)   0.0002 (  0.0%)   0.0002 (  0.0%)  Natural Loop Information
   0.0002 (  0.0%)   0.0000 (  0.0%)   0.0002 (  0.0%)   0.0002 (  0.0%)  Infer complete unroll based on pipeline pragma
   0.0002 (  0.0%)   0.0000 (  0.0%)   0.0002 (  0.0%)   0.0002 (  0.0%)  CallGraph Construction
   0.0002 (  0.0%)   0.0000 (  0.0%)   0.0002 (  0.0%)   0.0002 (  0.0%)  CallGraph Construction
   0.0002 (  0.0%)   0.0000 (  0.0%)   0.0002 (  0.0%)   0.0002 (  0.0%)  Dominator Tree Construction
   0.0002 (  0.0%)   0.0000 (  0.0%)   0.0002 (  0.0%)   0.0002 (  0.0%)  Function Alias Analysis Results
   0.0002 (  0.0%)   0.0000 (  0.0%)   0.0002 (  0.0%)   0.0002 (  0.0%)  Function Alias Analysis Results
   0.0002 (  0.0%)   0.0000 (  0.0%)   0.0002 (  0.0%)   0.0002 (  0.0%)  Function Alias Analysis Results
   0.0002 (  0.0%)   0.0000 (  0.0%)   0.0002 (  0.0%)   0.0002 (  0.0%)  Natural Loop Information
   0.0002 (  0.0%)   0.0000 (  0.0%)   0.0002 (  0.0%)   0.0002 (  0.0%)  Scalar Evolution Analysis
   0.0002 (  0.0%)   0.0000 (  0.0%)   0.0002 (  0.0%)   0.0002 (  0.0%)  CallGraph Construction
   0.0001 (  0.0%)   0.0000 (  0.0%)   0.0002 (  0.0%)   0.0002 (  0.0%)  Function Alias Analysis Results
   0.0001 (  0.0%)   0.0000 (  0.0%)   0.0002 (  0.0%)   0.0002 (  0.0%)  Eliminate pointer selection
   0.0002 (  0.0%)   0.0000 (  0.0%)   0.0002 (  0.0%)   0.0002 (  0.0%)  Infer nuw/nsw flags for instructions
   0.0002 (  0.0%)   0.0000 (  0.0%)   0.0002 (  0.0%)   0.0002 (  0.0%)  Function Alias Analysis Results
   0.0002 (  0.0%)   0.0000 (  0.0%)   0.0002 (  0.0%)   0.0002 (  0.0%)  Lazy Value Information Analysis
   0.0002 (  0.0%)   0.0000 (  0.0%)   0.0002 (  0.0%)   0.0002 (  0.0%)  Function Alias Analysis Results
   0.0001 (  0.0%)   0.0000 (  0.0%)   0.0001 (  0.0%)   0.0002 (  0.0%)  Lower directive scopes
   0.0001 (  0.0%)   0.0000 (  0.0%)   0.0001 (  0.0%)   0.0002 (  0.0%)  Scalar Evolution Analysis
   0.0002 (  0.0%)   0.0000 (  0.0%)   0.0002 (  0.0%)   0.0002 (  0.0%)  Natural Loop Information
   0.0002 (  0.0%)   0.0000 (  0.0%)   0.0002 (  0.0%)   0.0002 (  0.0%)  Function Alias Analysis Results
   0.0002 (  0.0%)   0.0000 (  0.0%)   0.0002 (  0.0%)   0.0002 (  0.0%)  WidenBurst - Widen bursts
   0.0002 (  0.0%)   0.0000 (  0.0%)   0.0002 (  0.0%)   0.0002 (  0.0%)  Post-Dominator Tree Construction
   0.0001 (  0.0%)   0.0000 (  0.0%)   0.0002 (  0.0%)   0.0002 (  0.0%)  Lazy Value Information Analysis
   0.0002 (  0.0%)   0.0000 (  0.0%)   0.0002 (  0.0%)   0.0002 (  0.0%)  CallGraph Construction
   0.0002 (  0.0%)   0.0000 (  0.0%)   0.0002 (  0.0%)   0.0002 (  0.0%)  Eliminate dead debug information intrinsic
   0.0000 (  0.0%)   0.0001 (  0.1%)   0.0002 (  0.0%)   0.0002 (  0.0%)  CallGraph Construction
   0.0001 (  0.0%)   0.0000 (  0.0%)   0.0001 (  0.0%)   0.0002 (  0.0%)  Function Alias Analysis Results
   0.0001 (  0.0%)   0.0000 (  0.0%)   0.0001 (  0.0%)   0.0001 (  0.0%)  Dead Code Elimination
   0.0001 (  0.0%)   0.0000 (  0.0%)   0.0002 (  0.0%)   0.0001 (  0.0%)  Natural Loop Information
   0.0001 (  0.0%)   0.0000 (  0.0%)   0.0002 (  0.0%)   0.0001 (  0.0%)  Natural Loop Information
   0.0002 (  0.0%)   0.0000 (  0.0%)   0.0002 (  0.0%)   0.0001 (  0.0%)  Eliminate dead stores globally
   0.0001 (  0.0%)   0.0000 (  0.0%)   0.0001 (  0.0%)   0.0001 (  0.0%)  CallGraph Construction
   0.0001 (  0.0%)   0.0000 (  0.0%)   0.0001 (  0.0%)   0.0001 (  0.0%)  Natural Loop Information
   0.0001 (  0.0%)   0.0000 (  0.0%)   0.0001 (  0.0%)   0.0001 (  0.0%)  CallGraph Construction
   0.0001 (  0.0%)   0.0000 (  0.0%)   0.0001 (  0.0%)   0.0001 (  0.0%)  Natural Loop Information
   0.0001 (  0.0%)   0.0000 (  0.0%)   0.0001 (  0.0%)   0.0001 (  0.0%)  Dominator Tree Construction
   0.0001 (  0.0%)   0.0000 (  0.0%)   0.0001 (  0.0%)   0.0001 (  0.0%)  demangle Name to normal Name
   0.0001 (  0.0%)   0.0001 (  0.1%)   0.0001 (  0.0%)   0.0001 (  0.0%)  Natural Loop Information
   0.0001 (  0.0%)   0.0000 (  0.0%)   0.0001 (  0.0%)   0.0001 (  0.0%)  Dominator Tree Construction
   0.0000 (  0.0%)   0.0001 (  0.1%)   0.0001 (  0.0%)   0.0001 (  0.0%)  Dead Argument Elimination
   0.0001 (  0.0%)   0.0000 (  0.0%)   0.0001 (  0.0%)   0.0001 (  0.0%)  Natural Loop Information
   0.0001 (  0.0%)   0.0000 (  0.0%)   0.0001 (  0.0%)   0.0001 (  0.0%)  Natural Loop Information
   0.0001 (  0.0%)   0.0000 (  0.0%)   0.0001 (  0.0%)   0.0001 (  0.0%)  Eliminate dead debug information intrinsic
   0.0001 (  0.0%)   0.0000 (  0.0%)   0.0001 (  0.0%)   0.0001 (  0.0%)  Eliminate dead debug information intrinsic
   0.0001 (  0.0%)   0.0000 (  0.0%)   0.0001 (  0.0%)   0.0001 (  0.0%)  Natural Loop Information
   0.0001 (  0.0%)   0.0000 (  0.0%)   0.0001 (  0.0%)   0.0001 (  0.0%)  Natural Loop Information
   0.0001 (  0.0%)   0.0000 (  0.0%)   0.0001 (  0.0%)   0.0001 (  0.0%)  Dead Instruction Elimination
   0.0001 (  0.0%)   0.0000 (  0.0%)   0.0001 (  0.0%)   0.0001 (  0.0%)  Natural Loop Information
   0.0001 (  0.0%)   0.0000 (  0.0%)   0.0001 (  0.0%)   0.0001 (  0.0%)  Eliminate dead debug information intrinsic
   0.0001 (  0.0%)   0.0000 (  0.0%)   0.0001 (  0.0%)   0.0001 (  0.0%)  Eliminate dead debug information intrinsic
   0.0001 (  0.0%)   0.0000 (  0.0%)   0.0001 (  0.0%)   0.0001 (  0.0%)  Lazy Value Information Analysis
   0.0001 (  0.0%)   0.0000 (  0.0%)   0.0001 (  0.0%)   0.0001 (  0.0%)  Post-Dominator Tree Construction
   0.0001 (  0.0%)   0.0000 (  0.0%)   0.0001 (  0.0%)   0.0001 (  0.0%)  Natural Loop Information
   0.0001 (  0.0%)   0.0000 (  0.0%)   0.0001 (  0.0%)   0.0001 (  0.0%)  CallGraph Construction
   0.0001 (  0.0%)   0.0000 (  0.0%)   0.0001 (  0.0%)   0.0001 (  0.0%)  Dominator Tree Construction
   0.0001 (  0.0%)   0.0000 (  0.0%)   0.0001 (  0.0%)   0.0001 (  0.0%)  Achieval II estimation - estimate acheival II lower bound according to constraint
   0.0001 (  0.0%)   0.0000 (  0.0%)   0.0001 (  0.0%)   0.0001 (  0.0%)  Natural Loop Information
   0.0001 (  0.0%)   0.0000 (  0.0%)   0.0001 (  0.0%)   0.0001 (  0.0%)  Natural Loop Information
   0.0001 (  0.0%)   0.0000 (  0.0%)   0.0001 (  0.0%)   0.0001 (  0.0%)  Canonicalize natural loops
   0.0001 (  0.0%)   0.0000 (  0.0%)   0.0001 (  0.0%)   0.0001 (  0.0%)  CallGraph Construction
   0.0001 (  0.0%)   0.0000 (  0.0%)   0.0001 (  0.0%)   0.0001 (  0.0%)  Function Alias Analysis Results
   0.0001 (  0.0%)   0.0000 (  0.0%)   0.0001 (  0.0%)   0.0001 (  0.0%)  Lazy Value Information Analysis
   0.0001 (  0.0%)   0.0000 (  0.0%)   0.0001 (  0.0%)   0.0001 (  0.0%)  Simplify types in the LLVM IR, redundant type hierarchy
   0.0000 (  0.0%)   0.0001 (  0.1%)   0.0001 (  0.0%)   0.0001 (  0.0%)  CallGraph Construction
   0.0001 (  0.0%)   0.0000 (  0.0%)   0.0001 (  0.0%)   0.0001 (  0.0%)  Function Alias Analysis Results
   0.0001 (  0.0%)   0.0000 (  0.0%)   0.0001 (  0.0%)   0.0001 (  0.0%)  Resolve full load/store
   0.0001 (  0.0%)   0.0000 (  0.0%)   0.0001 (  0.0%)   0.0001 (  0.0%)  Natural Loop Information
   0.0001 (  0.0%)   0.0000 (  0.0%)   0.0001 (  0.0%)   0.0001 (  0.0%)  Post-Dominator Tree Construction
   0.0001 (  0.0%)   0.0000 (  0.0%)   0.0001 (  0.0%)   0.0001 (  0.0%)  Dominator Tree Construction
   0.0001 (  0.0%)   0.0000 (  0.0%)   0.0001 (  0.0%)   0.0001 (  0.0%)  Resolve full load/store
   0.0001 (  0.0%)   0.0000 (  0.0%)   0.0001 (  0.0%)   0.0001 (  0.0%)  Natural Loop Information
   0.0001 (  0.0%)   0.0000 (  0.0%)   0.0001 (  0.0%)   0.0001 (  0.0%)  LowerPredicate - Lower predicates to control-flow
   0.0001 (  0.0%)   0.0000 (  0.0%)   0.0001 (  0.0%)   0.0001 (  0.0%)  Natural Loop Information
   0.0001 (  0.0%)   0.0000 (  0.0%)   0.0001 (  0.0%)   0.0001 (  0.0%)  CallGraph Construction
   0.0001 (  0.0%)   0.0000 (  0.0%)   0.0001 (  0.0%)   0.0001 (  0.0%)  CallGraph Construction
   0.0001 (  0.0%)   0.0000 (  0.0%)   0.0001 (  0.0%)   0.0001 (  0.0%)  Post-Dominator Tree Construction
   0.0001 (  0.0%)   0.0000 (  0.0%)   0.0001 (  0.0%)   0.0001 (  0.0%)  CallGraph Construction
   0.0001 (  0.0%)   0.0000 (  0.0%)   0.0001 (  0.0%)   0.0001 (  0.0%)  Canonicalize natural loops
   0.0001 (  0.0%)   0.0000 (  0.0%)   0.0001 (  0.0%)   0.0001 (  0.0%)  Lazy Value Information Analysis
   0.0001 (  0.0%)   0.0000 (  0.0%)   0.0001 (  0.0%)   0.0001 (  0.0%)  Eliminate pointer selection
   0.0001 (  0.0%)   0.0000 (  0.0%)   0.0001 (  0.0%)   0.0001 (  0.0%)  Function Alias Analysis Results
   0.0001 (  0.0%)   0.0000 (  0.0%)   0.0001 (  0.0%)   0.0001 (  0.0%)  Function Alias Analysis Results
   0.0001 (  0.0%)   0.0000 (  0.0%)   0.0001 (  0.0%)   0.0001 (  0.0%)  Function Alias Analysis Results
   0.0001 (  0.0%)   0.0000 (  0.0%)   0.0001 (  0.0%)   0.0001 (  0.0%)  Post-Dominator Tree Construction
   0.0001 (  0.0%)   0.0000 (  0.0%)   0.0001 (  0.0%)   0.0001 (  0.0%)  Infer nuw/nsw flags for instructions
   0.0001 (  0.0%)   0.0000 (  0.0%)   0.0001 (  0.0%)   0.0001 (  0.0%)  Natural Loop Information
   0.0001 (  0.0%)   0.0000 (  0.0%)   0.0001 (  0.0%)   0.0001 (  0.0%)  Canonicalize natural loops
   0.0001 (  0.0%)   0.0000 (  0.0%)   0.0001 (  0.0%)   0.0001 (  0.0%)  Post-Dominator Tree Construction
   0.0001 (  0.0%)   0.0000 (  0.0%)   0.0001 (  0.0%)   0.0001 (  0.0%)  CallGraph Construction
   0.0001 (  0.0%)   0.0000 (  0.0%)   0.0001 (  0.0%)   0.0001 (  0.0%)  Function Alias Analysis Results
   0.0001 (  0.0%)   0.0000 (  0.0%)   0.0001 (  0.0%)   0.0001 (  0.0%)  Function Alias Analysis Results
   0.0001 (  0.0%)   0.0000 (  0.0%)   0.0001 (  0.0%)   0.0001 (  0.0%)  Function Alias Analysis Results
   0.0001 (  0.0%)   0.0000 (  0.0%)   0.0001 (  0.0%)   0.0001 (  0.0%)  Function Alias Analysis Results
   0.0001 (  0.0%)   0.0000 (  0.0%)   0.0001 (  0.0%)   0.0001 (  0.0%)  Dominator Tree Construction
   0.0001 (  0.0%)   0.0000 (  0.0%)   0.0001 (  0.0%)   0.0001 (  0.0%)  Extract dataflow loop
   0.0001 (  0.0%)   0.0000 (  0.0%)   0.0001 (  0.0%)   0.0001 (  0.0%)  Post-Dominator Tree Construction
   0.0001 (  0.0%)   0.0000 (  0.0%)   0.0001 (  0.0%)   0.0001 (  0.0%)  Function Alias Analysis Results
   0.0001 (  0.0%)   0.0000 (  0.0%)   0.0001 (  0.0%)   0.0001 (  0.0%)  Natural Loop Information
   0.0001 (  0.0%)   0.0000 (  0.0%)   0.0001 (  0.0%)   0.0001 (  0.0%)  Natural Loop Information
   0.0001 (  0.0%)   0.0000 (  0.0%)   0.0001 (  0.0%)   0.0001 (  0.0%)  Post-Dominator Tree Construction
   0.0001 (  0.0%)   0.0000 (  0.0%)   0.0001 (  0.0%)   0.0001 (  0.0%)  Eliminate dead debug information intrinsic
   0.0001 (  0.0%)   0.0000 (  0.0%)   0.0001 (  0.0%)   0.0001 (  0.0%)  Dominator Tree Construction
   0.0001 (  0.0%)   0.0000 (  0.0%)   0.0001 (  0.0%)   0.0001 (  0.0%)  Post-Dominator Tree Construction
   0.0001 (  0.0%)   0.0000 (  0.0%)   0.0001 (  0.0%)   0.0001 (  0.0%)  Post-Dominator Tree Construction
   0.0000 (  0.0%)   0.0001 (  0.1%)   0.0001 (  0.0%)   0.0001 (  0.0%)  Post-Dominator Tree Construction
   0.0001 (  0.0%)   0.0000 (  0.0%)   0.0001 (  0.0%)   0.0001 (  0.0%)  Natural Loop Information
   0.0001 (  0.0%)   0.0000 (  0.0%)   0.0001 (  0.0%)   0.0001 (  0.0%)  Post-Dominator Tree Construction
   0.0001 (  0.0%)   0.0000 (  0.0%)   0.0001 (  0.0%)   0.0001 (  0.0%)  Post-Dominator Tree Construction
   0.0000 (  0.0%)   0.0001 (  0.1%)   0.0001 (  0.0%)   0.0001 (  0.0%)  Natural Loop Information
   0.0001 (  0.0%)   0.0000 (  0.0%)   0.0001 (  0.0%)   0.0001 (  0.0%)  Function Alias Analysis Results
   0.0001 (  0.0%)   0.0000 (  0.0%)   0.0001 (  0.0%)   0.0001 (  0.0%)  Special handling of axis with side-channels
   0.0001 (  0.0%)   0.0000 (  0.0%)   0.0001 (  0.0%)   0.0001 (  0.0%)  Post-Dominator Tree Construction
   0.0001 (  0.0%)   0.0000 (  0.0%)   0.0001 (  0.0%)   0.0001 (  0.0%)  Dead Argument Elimination
   0.0001 (  0.0%)   0.0000 (  0.0%)   0.0001 (  0.0%)   0.0001 (  0.0%)  Function Alias Analysis Results
   0.0001 (  0.0%)   0.0000 (  0.0%)   0.0001 (  0.0%)   0.0001 (  0.0%)  Post-Dominator Tree Construction
   0.0001 (  0.0%)   0.0000 (  0.0%)   0.0001 (  0.0%)   0.0001 (  0.0%)  Dominator Tree Construction
   0.0001 (  0.0%)   0.0000 (  0.0%)   0.0001 (  0.0%)   0.0001 (  0.0%)  Lazy Value Information Analysis
   0.0001 (  0.0%)   0.0000 (  0.0%)   0.0001 (  0.0%)   0.0001 (  0.0%)  Post-Dominator Tree Construction
   0.0001 (  0.0%)   0.0000 (  0.0%)   0.0001 (  0.0%)   0.0001 (  0.0%)  Function Alias Analysis Results
   0.0001 (  0.0%)   0.0000 (  0.0%)   0.0001 (  0.0%)   0.0001 (  0.0%)  Post-Dominator Tree Construction
   0.0001 (  0.0%)   0.0000 (  0.0%)   0.0001 (  0.0%)   0.0001 (  0.0%)  Post-Dominator Tree Construction
   0.0001 (  0.0%)   0.0000 (  0.0%)   0.0001 (  0.0%)   0.0001 (  0.0%)  Function Alias Analysis Results
   0.0001 (  0.0%)   0.0000 (  0.0%)   0.0001 (  0.0%)   0.0001 (  0.0%)  Dead Global Elimination
   0.0001 (  0.0%)   0.0001 (  0.1%)   0.0001 (  0.0%)   0.0001 (  0.0%)  Function Alias Analysis Results
   0.0001 (  0.0%)   0.0000 (  0.0%)   0.0001 (  0.0%)   0.0001 (  0.0%)  Lazy Value Information Analysis
   0.0001 (  0.0%)   0.0000 (  0.0%)   0.0001 (  0.0%)   0.0001 (  0.0%)  CallGraph Construction
   0.0000 (  0.0%)   0.0001 (  0.1%)   0.0001 (  0.0%)   0.0001 (  0.0%)  Natural Loop Information
   0.0001 (  0.0%)   0.0000 (  0.0%)   0.0001 (  0.0%)   0.0001 (  0.0%)  Post-Dominator Tree Construction
   0.0001 (  0.0%)   0.0000 (  0.0%)   0.0001 (  0.0%)   0.0001 (  0.0%)  Dominator Tree Construction
   0.0001 (  0.0%)   0.0000 (  0.0%)   0.0001 (  0.0%)   0.0001 (  0.0%)  Natural Loop Information
   0.0001 (  0.0%)   0.0000 (  0.0%)   0.0001 (  0.0%)   0.0001 (  0.0%)  Function Alias Analysis Results
   0.0001 (  0.0%)   0.0000 (  0.0%)   0.0001 (  0.0%)   0.0001 (  0.0%)  Lazy Value Information Analysis
   0.0001 (  0.0%)   0.0000 (  0.0%)   0.0001 (  0.0%)   0.0001 (  0.0%)  Unswitch loops
   0.0001 (  0.0%)   0.0000 (  0.0%)   0.0001 (  0.0%)   0.0001 (  0.0%)  Post-Dominator Tree Construction
   0.0001 (  0.0%)   0.0000 (  0.0%)   0.0001 (  0.0%)   0.0001 (  0.0%)  Post-Dominator Tree Construction
   0.0001 (  0.0%)   0.0000 (  0.0%)   0.0001 (  0.0%)   0.0001 (  0.0%)  CallGraph Construction
   0.0001 (  0.0%)   0.0000 (  0.0%)   0.0001 (  0.0%)   0.0001 (  0.0%)  Lazy Value Information Analysis
   0.0001 (  0.0%)   0.0000 (  0.0%)   0.0001 (  0.0%)   0.0001 (  0.0%)  Function Alias Analysis Results
   0.0001 (  0.0%)   0.0000 (  0.0%)   0.0001 (  0.0%)   0.0001 (  0.0%)  CallGraph Construction
   0.0001 (  0.0%)   0.0000 (  0.0%)   0.0001 (  0.0%)   0.0001 (  0.0%)  Post-Dominator Tree Construction
   0.0000 (  0.0%)   0.0001 (  0.1%)   0.0001 (  0.0%)   0.0001 (  0.0%)  Post-Dominator Tree Construction
   0.0001 (  0.0%)   0.0000 (  0.0%)   0.0001 (  0.0%)   0.0001 (  0.0%)  Dominator Tree Construction
   0.0001 (  0.0%)   0.0000 (  0.0%)   0.0001 (  0.0%)   0.0001 (  0.0%)  Function Alias Analysis Results
   0.0001 (  0.0%)   0.0000 (  0.0%)   0.0001 (  0.0%)   0.0001 (  0.0%)  Lazy Value Information Analysis
   0.0001 (  0.0%)   0.0000 (  0.0%)   0.0001 (  0.0%)   0.0001 (  0.0%)  Post-Dominator Tree Construction
   0.0001 (  0.0%)   0.0000 (  0.0%)   0.0001 (  0.0%)   0.0001 (  0.0%)  Dominator Tree Construction
   0.0001 (  0.0%)   0.0000 (  0.0%)   0.0001 (  0.0%)   0.0001 (  0.0%)  Function Alias Analysis Results
   0.0001 (  0.0%)   0.0000 (  0.0%)   0.0001 (  0.0%)   0.0001 (  0.0%)  CallGraph Construction
   0.0001 (  0.0%)   0.0000 (  0.0%)   0.0001 (  0.0%)   0.0001 (  0.0%)  Lazy Value Information Analysis
   0.0001 (  0.0%)   0.0000 (  0.0%)   0.0001 (  0.0%)   0.0001 (  0.0%)  Post-Dominator Tree Construction
   0.0001 (  0.0%)   0.0000 (  0.0%)   0.0001 (  0.0%)   0.0001 (  0.0%)  Post-Dominator Tree Construction
   0.0001 (  0.0%)   0.0000 (  0.0%)   0.0001 (  0.0%)   0.0001 (  0.0%)  Post-Dominator Tree Construction
   0.0001 (  0.0%)   0.0000 (  0.0%)   0.0001 (  0.0%)   0.0001 (  0.0%)  Function Alias Analysis Results
   0.0001 (  0.0%)   0.0000 (  0.0%)   0.0001 (  0.0%)   0.0001 (  0.0%)  Dominator Tree Construction
   0.0001 (  0.0%)   0.0000 (  0.0%)   0.0001 (  0.0%)   0.0001 (  0.0%)  Post-Dominator Tree Construction
   0.0001 (  0.0%)   0.0000 (  0.0%)   0.0001 (  0.0%)   0.0001 (  0.0%)  Function Alias Analysis Results
   0.0001 (  0.0%)   0.0000 (  0.0%)   0.0001 (  0.0%)   0.0001 (  0.0%)  Post-Dominator Tree Construction
   0.0001 (  0.0%)   0.0000 (  0.0%)   0.0001 (  0.0%)   0.0001 (  0.0%)  Post-Dominator Tree Construction
   0.0001 (  0.0%)   0.0000 (  0.0%)   0.0001 (  0.0%)   0.0001 (  0.0%)  Dominator Tree Construction
   0.0001 (  0.0%)   0.0000 (  0.0%)   0.0001 (  0.0%)   0.0001 (  0.0%)  Lazy Value Information Analysis
   0.0000 (  0.0%)   0.0001 (  0.1%)   0.0001 (  0.0%)   0.0001 (  0.0%)  CallGraph Construction
   0.0001 (  0.0%)   0.0000 (  0.0%)   0.0001 (  0.0%)   0.0001 (  0.0%)  Dominator Tree Construction
   0.0001 (  0.0%)   0.0000 (  0.0%)   0.0001 (  0.0%)   0.0001 (  0.0%)  Post-Dominator Tree Construction
   0.0000 (  0.0%)   0.0001 (  0.1%)   0.0001 (  0.0%)   0.0001 (  0.0%)  Function Alias Analysis Results
   0.0001 (  0.0%)   0.0000 (  0.0%)   0.0001 (  0.0%)   0.0001 (  0.0%)  Post-Dominator Tree Construction
   0.0001 (  0.0%)   0.0000 (  0.0%)   0.0001 (  0.0%)   0.0001 (  0.0%)  Post-Dominator Tree Construction
   0.0001 (  0.0%)   0.0000 (  0.0%)   0.0001 (  0.0%)   0.0001 (  0.0%)  Function Alias Analysis Results
   0.0001 (  0.0%)   0.0000 (  0.0%)   0.0001 (  0.0%)   0.0001 (  0.0%)  Function Alias Analysis Results
   0.0001 (  0.0%)   0.0000 (  0.0%)   0.0001 (  0.0%)   0.0001 (  0.0%)  Post-Dominator Tree Construction
   0.0001 (  0.0%)   0.0000 (  0.0%)   0.0001 (  0.0%)   0.0001 (  0.0%)  Dominator Tree Construction
   0.0001 (  0.0%)   0.0000 (  0.0%)   0.0001 (  0.0%)   0.0001 (  0.0%)  Scalar Evolution Analysis
   0.0001 (  0.0%)   0.0000 (  0.0%)   0.0001 (  0.0%)   0.0001 (  0.0%)  Dominator Tree Construction
   0.0001 (  0.0%)   0.0000 (  0.0%)   0.0001 (  0.0%)   0.0001 (  0.0%)  Post-Dominator Tree Construction
   0.0001 (  0.0%)   0.0000 (  0.0%)   0.0001 (  0.0%)   0.0001 (  0.0%)  Function Alias Analysis Results
   0.0001 (  0.0%)   0.0000 (  0.0%)   0.0001 (  0.0%)   0.0001 (  0.0%)  Function Alias Analysis Results
   0.0001 (  0.0%)   0.0000 (  0.0%)   0.0001 (  0.0%)   0.0001 (  0.0%)  Post-Dominator Tree Construction
   0.0001 (  0.0%)   0.0000 (  0.0%)   0.0001 (  0.0%)   0.0001 (  0.0%)  Eliminate dead debug information intrinsic
   0.0001 (  0.0%)   0.0000 (  0.0%)   0.0001 (  0.0%)   0.0001 (  0.0%)  Remove redundant instructions
   0.0001 (  0.0%)   0.0000 (  0.0%)   0.0001 (  0.0%)   0.0001 (  0.0%)  Function Alias Analysis Results
   0.0001 (  0.0%)   0.0000 (  0.0%)   0.0001 (  0.0%)   0.0001 (  0.0%)  Post-Dominator Tree Construction
   0.0001 (  0.0%)   0.0000 (  0.0%)   0.0001 (  0.0%)   0.0001 (  0.0%)  Post-Dominator Tree Construction
   0.0000 (  0.0%)   0.0001 (  0.1%)   0.0001 (  0.0%)   0.0001 (  0.0%)  CallGraph Construction
   0.0001 (  0.0%)   0.0000 (  0.0%)   0.0001 (  0.0%)   0.0001 (  0.0%)  Function Alias Analysis Results
   0.0001 (  0.0%)   0.0000 (  0.0%)   0.0001 (  0.0%)   0.0001 (  0.0%)  Function Alias Analysis Results
   0.0001 (  0.0%)   0.0000 (  0.0%)   0.0001 (  0.0%)   0.0001 (  0.0%)  CallGraph Construction
   0.0001 (  0.0%)   0.0000 (  0.0%)   0.0001 (  0.0%)   0.0001 (  0.0%)  Post-Dominator Tree Construction
   0.0001 (  0.0%)   0.0000 (  0.0%)   0.0001 (  0.0%)   0.0001 (  0.0%)  Post-Dominator Tree Construction
   0.0001 (  0.0%)   0.0000 (  0.0%)   0.0001 (  0.0%)   0.0001 (  0.0%)  Post-Dominator Tree Construction
   0.0001 (  0.0%)   0.0000 (  0.0%)   0.0001 (  0.0%)   0.0001 (  0.0%)  Dominator Tree Construction
   0.0001 (  0.0%)   0.0000 (  0.0%)   0.0001 (  0.0%)   0.0001 (  0.0%)  Function Alias Analysis Results
   0.0001 (  0.0%)   0.0000 (  0.0%)   0.0001 (  0.0%)   0.0001 (  0.0%)  Dominator Tree Construction
   0.0001 (  0.0%)   0.0000 (  0.0%)   0.0001 (  0.0%)   0.0001 (  0.0%)  Dominator Tree Construction
   0.0001 (  0.0%)   0.0000 (  0.0%)   0.0001 (  0.0%)   0.0001 (  0.0%)  CallGraph Construction
   0.0001 (  0.0%)   0.0000 (  0.0%)   0.0001 (  0.0%)   0.0001 (  0.0%)  Dominator Tree Construction
   0.0000 (  0.0%)   0.0001 (  0.1%)   0.0001 (  0.0%)   0.0001 (  0.0%)  Detect single entry single exit regions
   0.0001 (  0.0%)   0.0000 (  0.0%)   0.0001 (  0.0%)   0.0001 (  0.0%)  Dominator Tree Construction
   0.0001 (  0.0%)   0.0000 (  0.0%)   0.0001 (  0.0%)   0.0001 (  0.0%)  Function Alias Analysis Results
   0.0001 (  0.0%)   0.0000 (  0.0%)   0.0001 (  0.0%)   0.0001 (  0.0%)  Function Alias Analysis Results
   0.0001 (  0.0%)   0.0000 (  0.0%)   0.0001 (  0.0%)   0.0001 (  0.0%)  CallGraph Construction
   0.0001 (  0.0%)   0.0000 (  0.0%)   0.0001 (  0.0%)   0.0001 (  0.0%)  Scalar Evolution Analysis
   0.0001 (  0.0%)   0.0000 (  0.0%)   0.0001 (  0.0%)   0.0001 (  0.0%)  Memory SSA
   0.0001 (  0.0%)   0.0000 (  0.0%)   0.0001 (  0.0%)   0.0001 (  0.0%)  Eliminate dead debug information intrinsic
   0.0001 (  0.0%)   0.0000 (  0.0%)   0.0001 (  0.0%)   0.0001 (  0.0%)  Lazy Value Information Analysis
   0.0001 (  0.0%)   0.0000 (  0.0%)   0.0001 (  0.0%)   0.0001 (  0.0%)  Dominator Tree Construction
   0.0001 (  0.0%)   0.0000 (  0.0%)   0.0001 (  0.0%)   0.0001 (  0.0%)  Dominator Tree Construction
   0.0001 (  0.0%)   0.0000 (  0.0%)   0.0001 (  0.0%)   0.0001 (  0.0%)  Dominator Tree Construction
   0.0001 (  0.0%)   0.0000 (  0.0%)   0.0001 (  0.0%)   0.0001 (  0.0%)  Lazy Value Information Analysis
   0.0001 (  0.0%)   0.0000 (  0.0%)   0.0001 (  0.0%)   0.0001 (  0.0%)  Post-Dominator Tree Construction
   0.0001 (  0.0%)   0.0000 (  0.0%)   0.0001 (  0.0%)   0.0001 (  0.0%)  Dominator Tree Construction
   0.0001 (  0.0%)   0.0000 (  0.0%)   0.0001 (  0.0%)   0.0001 (  0.0%)  Dominator Tree Construction
   0.0001 (  0.0%)   0.0000 (  0.0%)   0.0001 (  0.0%)   0.0001 (  0.0%)  Post-Dominator Tree Construction
   0.0001 (  0.0%)   0.0000 (  0.0%)   0.0001 (  0.0%)   0.0001 (  0.0%)  Dominator Tree Construction
   0.0001 (  0.0%)   0.0000 (  0.0%)   0.0001 (  0.0%)   0.0001 (  0.0%)  Dominator Tree Construction
   0.0001 (  0.0%)   0.0000 (  0.0%)   0.0001 (  0.0%)   0.0001 (  0.0%)  Dominator Tree Construction
   0.0001 (  0.0%)   0.0000 (  0.0%)   0.0001 (  0.0%)   0.0001 (  0.0%)  Natural Loop Information
   0.0001 (  0.0%)   0.0000 (  0.0%)   0.0001 (  0.0%)   0.0001 (  0.0%)  Dominator Tree Construction
   0.0001 (  0.0%)   0.0000 (  0.0%)   0.0001 (  0.0%)   0.0001 (  0.0%)  Function Alias Analysis Results
   0.0001 (  0.0%)   0.0000 (  0.0%)   0.0001 (  0.0%)   0.0001 (  0.0%)  Dominator Tree Construction
   0.0001 (  0.0%)   0.0000 (  0.0%)   0.0001 (  0.0%)   0.0001 (  0.0%)  Canonicalize natural loops
   0.0001 (  0.0%)   0.0000 (  0.0%)   0.0001 (  0.0%)   0.0001 (  0.0%)  Dominator Tree Construction
   0.0001 (  0.0%)   0.0000 (  0.0%)   0.0001 (  0.0%)   0.0001 (  0.0%)  Natural Loop Information
   0.0001 (  0.0%)   0.0000 (  0.0%)   0.0001 (  0.0%)   0.0001 (  0.0%)  Post-Dominator Tree Construction
   0.0001 (  0.0%)   0.0000 (  0.0%)   0.0001 (  0.0%)   0.0001 (  0.0%)  Function Alias Analysis Results
   0.0001 (  0.0%)   0.0000 (  0.0%)   0.0001 (  0.0%)   0.0001 (  0.0%)  Dominator Tree Construction
   0.0001 (  0.0%)   0.0000 (  0.0%)   0.0001 (  0.0%)   0.0001 (  0.0%)  Function Alias Analysis Results
   0.0001 (  0.0%)   0.0000 (  0.0%)   0.0001 (  0.0%)   0.0001 (  0.0%)  Dominator Tree Construction
   0.0001 (  0.0%)   0.0000 (  0.0%)   0.0001 (  0.0%)   0.0001 (  0.0%)  Post-Dominator Tree Construction
   0.0001 (  0.0%)   0.0000 (  0.0%)   0.0001 (  0.0%)   0.0001 (  0.0%)  Function Alias Analysis Results
   0.0001 (  0.0%)   0.0000 (  0.0%)   0.0001 (  0.0%)   0.0001 (  0.0%)  Reduce the height of tree
   0.0001 (  0.0%)   0.0000 (  0.0%)   0.0001 (  0.0%)   0.0001 (  0.0%)  Dominator Tree Construction
   0.0001 (  0.0%)   0.0000 (  0.0%)   0.0001 (  0.0%)   0.0001 (  0.0%)  Detect single entry single exit regions
   0.0001 (  0.0%)   0.0000 (  0.0%)   0.0001 (  0.0%)   0.0001 (  0.0%)  Assign names to anonymous instructions (structure based)
   0.0001 (  0.0%)   0.0000 (  0.0%)   0.0001 (  0.0%)   0.0001 (  0.0%)  Natural Loop Information
   0.0001 (  0.0%)   0.0000 (  0.0%)   0.0001 (  0.0%)   0.0001 (  0.0%)  Eliminate dead debug information intrinsic
   0.0001 (  0.0%)   0.0000 (  0.0%)   0.0001 (  0.0%)   0.0001 (  0.0%)  Lower black box
   0.0001 (  0.0%)   0.0000 (  0.0%)   0.0001 (  0.0%)   0.0001 (  0.0%)  CallGraph Construction
   0.0001 (  0.0%)   0.0000 (  0.0%)   0.0001 (  0.0%)   0.0001 (  0.0%)  InferXCLAttributes - Infer XCL attributes
   0.0001 (  0.0%)   0.0000 (  0.0%)   0.0001 (  0.0%)   0.0001 (  0.0%)  Dominator Tree Construction
   0.0001 (  0.0%)   0.0000 (  0.0%)   0.0001 (  0.0%)   0.0001 (  0.0%)  Dominator Tree Construction
   0.0001 (  0.0%)   0.0000 (  0.0%)   0.0001 (  0.0%)   0.0001 (  0.0%)  Dominator Tree Construction
   0.0001 (  0.0%)   0.0000 (  0.0%)   0.0001 (  0.0%)   0.0001 (  0.0%)  Merge accesses in the same region
   0.0001 (  0.0%)   0.0000 (  0.0%)   0.0001 (  0.0%)   0.0001 (  0.0%)  Function Alias Analysis Results
   0.0001 (  0.0%)   0.0000 (  0.0%)   0.0001 (  0.0%)   0.0001 (  0.0%)  Post-Dominator Tree Construction
   0.0001 (  0.0%)   0.0000 (  0.0%)   0.0001 (  0.0%)   0.0001 (  0.0%)  Dominator Tree Construction
   0.0001 (  0.0%)   0.0000 (  0.0%)   0.0001 (  0.0%)   0.0001 (  0.0%)  Lazy Value Information Analysis
   0.0001 (  0.0%)   0.0000 (  0.0%)   0.0001 (  0.0%)   0.0001 (  0.0%)  Detect single entry single exit regions
   0.0001 (  0.0%)   0.0000 (  0.0%)   0.0001 (  0.0%)   0.0001 (  0.0%)  Function Alias Analysis Results
   0.0001 (  0.0%)   0.0000 (  0.0%)   0.0001 (  0.0%)   0.0001 (  0.0%)  Dominator Tree Construction
   0.0001 (  0.0%)   0.0000 (  0.0%)   0.0001 (  0.0%)   0.0001 (  0.0%)  Dominator Tree Construction
   0.0001 (  0.0%)   0.0000 (  0.0%)   0.0001 (  0.0%)   0.0001 (  0.0%)  Dominator Tree Construction
   0.0001 (  0.0%)   0.0000 (  0.0%)   0.0001 (  0.0%)   0.0001 (  0.0%)  Dominator Tree Construction
   0.0001 (  0.0%)   0.0000 (  0.0%)   0.0001 (  0.0%)   0.0001 (  0.0%)  Eliminate dead debug information intrinsic
   0.0001 (  0.0%)   0.0000 (  0.0%)   0.0001 (  0.0%)   0.0001 (  0.0%)  Eliminate dead debug information intrinsic
   0.0001 (  0.0%)   0.0000 (  0.0%)   0.0001 (  0.0%)   0.0001 (  0.0%)  Dominator Tree Construction
   0.0001 (  0.0%)   0.0000 (  0.0%)   0.0001 (  0.0%)   0.0001 (  0.0%)  Natural Loop Information
   0.0001 (  0.0%)   0.0000 (  0.0%)   0.0001 (  0.0%)   0.0001 (  0.0%)  Dominator Tree Construction
   0.0001 (  0.0%)   0.0000 (  0.0%)   0.0001 (  0.0%)   0.0001 (  0.0%)  Function Alias Analysis Results
   0.0001 (  0.0%)   0.0000 (  0.0%)   0.0001 (  0.0%)   0.0001 (  0.0%)  Dominator Tree Construction
   0.0001 (  0.0%)   0.0000 (  0.0%)   0.0001 (  0.0%)   0.0001 (  0.0%)  Function Alias Analysis Results
   0.0001 (  0.0%)   0.0000 (  0.0%)   0.0001 (  0.0%)   0.0001 (  0.0%)  Natural Loop Information
   0.0001 (  0.0%)   0.0000 (  0.0%)   0.0001 (  0.0%)   0.0001 (  0.0%)  Dominator Tree Construction
   0.0001 (  0.0%)   0.0000 (  0.0%)   0.0001 (  0.0%)   0.0001 (  0.0%)  Dominator Tree Construction
   0.0000 (  0.0%)   0.0001 (  0.1%)   0.0001 (  0.0%)   0.0001 (  0.0%)  Loop-Closed SSA Form Pass
   0.0001 (  0.0%)   0.0000 (  0.0%)   0.0001 (  0.0%)   0.0001 (  0.0%)  Dominator Tree Construction
   0.0001 (  0.0%)   0.0000 (  0.0%)   0.0001 (  0.0%)   0.0001 (  0.0%)  Dominator Tree Construction
   0.0001 (  0.0%)   0.0000 (  0.0%)   0.0001 (  0.0%)   0.0001 (  0.0%)  Post-Dominator Tree Construction
   0.0001 (  0.0%)   0.0000 (  0.0%)   0.0001 (  0.0%)   0.0001 (  0.0%)  Function Alias Analysis Results
   0.0001 (  0.0%)   0.0000 (  0.0%)   0.0001 (  0.0%)   0.0001 (  0.0%)  Dominator Tree Construction
   0.0001 (  0.0%)   0.0000 (  0.0%)   0.0001 (  0.0%)   0.0001 (  0.0%)  Scalar Evolution Analysis
   0.0001 (  0.0%)   0.0000 (  0.0%)   0.0001 (  0.0%)   0.0001 (  0.0%)  Dominator Tree Construction
   0.0001 (  0.0%)   0.0000 (  0.0%)   0.0001 (  0.0%)   0.0001 (  0.0%)  Function Alias Analysis Results
   0.0001 (  0.0%)   0.0000 (  0.0%)   0.0001 (  0.0%)   0.0001 (  0.0%)  LowerPredicate - Lower predicates to control-flow
   0.0001 (  0.0%)   0.0000 (  0.0%)   0.0001 (  0.0%)   0.0001 (  0.0%)  Eliminate dead debug information intrinsic
   0.0001 (  0.0%)   0.0000 (  0.0%)   0.0001 (  0.0%)   0.0001 (  0.0%)  Natural Loop Information
   0.0001 (  0.0%)   0.0000 (  0.0%)   0.0001 (  0.0%)   0.0001 (  0.0%)  Dominator Tree Construction
   0.0001 (  0.0%)   0.0000 (  0.0%)   0.0001 (  0.0%)   0.0001 (  0.0%)  Natural Loop Information
   0.0001 (  0.0%)   0.0000 (  0.0%)   0.0001 (  0.0%)   0.0001 (  0.0%)  Loop-Closed SSA Form Pass
   0.0001 (  0.0%)   0.0000 (  0.0%)   0.0001 (  0.0%)   0.0001 (  0.0%)  Scalar Evolution Analysis
   0.0001 (  0.0%)   0.0000 (  0.0%)   0.0001 (  0.0%)   0.0001 (  0.0%)  Function Alias Analysis Results
   0.0001 (  0.0%)   0.0000 (  0.0%)   0.0001 (  0.0%)   0.0001 (  0.0%)  Dominator Tree Construction
   0.0001 (  0.0%)   0.0000 (  0.0%)   0.0001 (  0.0%)   0.0001 (  0.0%)  Dominator Tree Construction
   0.0001 (  0.0%)   0.0000 (  0.0%)   0.0001 (  0.0%)   0.0001 (  0.0%)  CallGraph Construction
   0.0001 (  0.0%)   0.0000 (  0.0%)   0.0001 (  0.0%)   0.0001 (  0.0%)  Function Alias Analysis Results
   0.0001 (  0.0%)   0.0000 (  0.0%)   0.0001 (  0.0%)   0.0001 (  0.0%)  Dominator Tree Construction
   0.0001 (  0.0%)   0.0000 (  0.0%)   0.0001 (  0.0%)   0.0001 (  0.0%)  Natural Loop Information
   0.0001 (  0.0%)   0.0000 (  0.0%)   0.0001 (  0.0%)   0.0001 (  0.0%)  Function Alias Analysis Results
   0.0001 (  0.0%)   0.0000 (  0.0%)   0.0001 (  0.0%)   0.0001 (  0.0%)  Dominator Tree Construction
   0.0001 (  0.0%)   0.0000 (  0.0%)   0.0001 (  0.0%)   0.0001 (  0.0%)  Dominator Tree Construction
   0.0001 (  0.0%)   0.0000 (  0.0%)   0.0001 (  0.0%)   0.0001 (  0.0%)  Function Alias Analysis Results
   0.0001 (  0.0%)   0.0000 (  0.0%)   0.0001 (  0.0%)   0.0001 (  0.0%)  Eliminate dead debug information intrinsic
   0.0001 (  0.0%)   0.0000 (  0.0%)   0.0001 (  0.0%)   0.0001 (  0.0%)  CallGraph Construction
   0.0001 (  0.0%)   0.0000 (  0.0%)   0.0001 (  0.0%)   0.0001 (  0.0%)  Function Alias Analysis Results
   0.0001 (  0.0%)   0.0000 (  0.0%)   0.0001 (  0.0%)   0.0001 (  0.0%)  Dominator Tree Construction
   0.0001 (  0.0%)   0.0000 (  0.0%)   0.0001 (  0.0%)   0.0001 (  0.0%)  Dominator Tree Construction
   0.0001 (  0.0%)   0.0000 (  0.0%)   0.0001 (  0.0%)   0.0001 (  0.0%)  Natural Loop Information
   0.0000 (  0.0%)   0.0001 (  0.1%)   0.0001 (  0.0%)   0.0001 (  0.0%)  Dominator Tree Construction
   0.0001 (  0.0%)   0.0000 (  0.0%)   0.0001 (  0.0%)   0.0001 (  0.0%)  Dominator Tree Construction
   0.0001 (  0.0%)   0.0000 (  0.0%)   0.0001 (  0.0%)   0.0001 (  0.0%)  CallGraph Construction
   0.0001 (  0.0%)   0.0000 (  0.0%)   0.0001 (  0.0%)   0.0001 (  0.0%)  Function Alias Analysis Results
   0.0001 (  0.0%)   0.0000 (  0.0%)   0.0001 (  0.0%)   0.0001 (  0.0%)  Natural Loop Information
   0.0001 (  0.0%)   0.0000 (  0.0%)   0.0001 (  0.0%)   0.0001 (  0.0%)  Canonicalize natural loops
   0.0001 (  0.0%)   0.0000 (  0.0%)   0.0001 (  0.0%)   0.0001 (  0.0%)  Function Alias Analysis Results
   0.0001 (  0.0%)   0.0000 (  0.0%)   0.0001 (  0.0%)   0.0001 (  0.0%)  Canonicalize natural loops
   0.0001 (  0.0%)   0.0000 (  0.0%)   0.0001 (  0.0%)   0.0001 (  0.0%)  Function Alias Analysis Results
   0.0001 (  0.0%)   0.0000 (  0.0%)   0.0001 (  0.0%)   0.0001 (  0.0%)  Dominator Tree Construction
   0.0001 (  0.0%)   0.0000 (  0.0%)   0.0001 (  0.0%)   0.0001 (  0.0%)  Dominator Tree Construction
   0.0001 (  0.0%)   0.0000 (  0.0%)   0.0001 (  0.0%)   0.0001 (  0.0%)  Dominator Tree Construction
   0.0001 (  0.0%)   0.0001 (  0.1%)   0.0001 (  0.0%)   0.0001 (  0.0%)  Function Alias Analysis Results
   0.0001 (  0.0%)   0.0000 (  0.0%)   0.0001 (  0.0%)   0.0001 (  0.0%)  Dominator Tree Construction
   0.0001 (  0.0%)   0.0000 (  0.0%)   0.0001 (  0.0%)   0.0001 (  0.0%)  Function Alias Analysis Results
   0.0001 (  0.0%)   0.0000 (  0.0%)   0.0001 (  0.0%)   0.0001 (  0.0%)  Dominator Tree Construction
   0.0001 (  0.0%)   0.0000 (  0.0%)   0.0001 (  0.0%)   0.0001 (  0.0%)  Function Alias Analysis Results
   0.0001 (  0.0%)   0.0000 (  0.0%)   0.0001 (  0.0%)   0.0001 (  0.0%)  Simplify types in the LLVM IR, redundant type hierarchy
   0.0001 (  0.0%)   0.0000 (  0.0%)   0.0001 (  0.0%)   0.0001 (  0.0%)  Dominator Tree Construction
   0.0001 (  0.0%)   0.0000 (  0.0%)   0.0001 (  0.0%)   0.0001 (  0.0%)  Dominator Tree Construction
   0.0001 (  0.0%)   0.0000 (  0.0%)   0.0001 (  0.0%)   0.0001 (  0.0%)  Eliminate dead stores globally
   0.0001 (  0.0%)   0.0000 (  0.0%)   0.0001 (  0.0%)   0.0001 (  0.0%)  Dominator Tree Construction
   0.0001 (  0.0%)   0.0000 (  0.0%)   0.0001 (  0.0%)   0.0001 (  0.0%)  Canonicalize natural loops
   0.0001 (  0.0%)   0.0000 (  0.0%)   0.0001 (  0.0%)   0.0001 (  0.0%)  Dominator Tree Construction
   0.0001 (  0.0%)   0.0000 (  0.0%)   0.0001 (  0.0%)   0.0001 (  0.0%)  Dominator Tree Construction
   0.0001 (  0.0%)   0.0000 (  0.0%)   0.0001 (  0.0%)   0.0001 (  0.0%)  Dominator Tree Construction
   0.0001 (  0.0%)   0.0000 (  0.0%)   0.0001 (  0.0%)   0.0001 (  0.0%)  Dominator Tree Construction
   0.0000 (  0.0%)   0.0001 (  0.1%)   0.0001 (  0.0%)   0.0001 (  0.0%)  CallGraph Construction
   0.0001 (  0.0%)   0.0000 (  0.0%)   0.0001 (  0.0%)   0.0001 (  0.0%)  Dominator Tree Construction
   0.0001 (  0.0%)   0.0000 (  0.0%)   0.0001 (  0.0%)   0.0001 (  0.0%)  Dead Global Elimination
   0.0001 (  0.0%)   0.0000 (  0.0%)   0.0001 (  0.0%)   0.0001 (  0.0%)  Dominator Tree Construction
   0.0001 (  0.0%)   0.0000 (  0.0%)   0.0001 (  0.0%)   0.0001 (  0.0%)  Remove unreachable basic blocks under switch
   0.0001 (  0.0%)   0.0000 (  0.0%)   0.0001 (  0.0%)   0.0001 (  0.0%)  Loop-Closed SSA Form Pass
   0.0001 (  0.0%)   0.0000 (  0.0%)   0.0001 (  0.0%)   0.0001 (  0.0%)  Canonicalize natural loops
   0.0001 (  0.0%)   0.0000 (  0.0%)   0.0001 (  0.0%)   0.0001 (  0.0%)  Natural Loop Information
   0.0001 (  0.0%)   0.0000 (  0.0%)   0.0001 (  0.0%)   0.0001 (  0.0%)  Dominator Tree Construction
   0.0001 (  0.0%)   0.0000 (  0.0%)   0.0001 (  0.0%)   0.0001 (  0.0%)  Canonicalize natural loops
   0.0001 (  0.0%)   0.0000 (  0.0%)   0.0001 (  0.0%)   0.0001 (  0.0%)  Natural Loop Information
   0.0001 (  0.0%)   0.0000 (  0.0%)   0.0001 (  0.0%)   0.0001 (  0.0%)  Dominator Tree Construction
   0.0001 (  0.0%)   0.0000 (  0.0%)   0.0001 (  0.0%)   0.0001 (  0.0%)  Dominator Tree Construction
   0.0001 (  0.0%)   0.0000 (  0.0%)   0.0001 (  0.0%)   0.0001 (  0.0%)  Dominator Tree Construction
   0.0001 (  0.0%)   0.0000 (  0.0%)   0.0001 (  0.0%)   0.0001 (  0.0%)  Eliminate dead debug information intrinsic
   0.0001 (  0.0%)   0.0000 (  0.0%)   0.0001 (  0.0%)   0.0001 (  0.0%)  Dominator Tree Construction
   0.0001 (  0.0%)   0.0000 (  0.0%)   0.0001 (  0.0%)   0.0001 (  0.0%)  Canonicalize natural loops
   0.0001 (  0.0%)   0.0000 (  0.0%)   0.0001 (  0.0%)   0.0001 (  0.0%)  Dominator Tree Construction
   0.0001 (  0.0%)   0.0000 (  0.0%)   0.0001 (  0.0%)   0.0001 (  0.0%)  Dominator Tree Construction
   0.0001 (  0.0%)   0.0000 (  0.0%)   0.0001 (  0.0%)   0.0001 (  0.0%)  Loop-Closed SSA Form Pass
   0.0001 (  0.0%)   0.0000 (  0.0%)   0.0001 (  0.0%)   0.0001 (  0.0%)  Dominator Tree Construction
   0.0001 (  0.0%)   0.0000 (  0.0%)   0.0001 (  0.0%)   0.0001 (  0.0%)  Dominator Tree Construction
   0.0001 (  0.0%)   0.0000 (  0.0%)   0.0001 (  0.0%)   0.0001 (  0.0%)  Dominator Tree Construction
   0.0001 (  0.0%)   0.0000 (  0.0%)   0.0001 (  0.0%)   0.0001 (  0.0%)  Dominator Tree Construction
   0.0001 (  0.0%)   0.0000 (  0.0%)   0.0001 (  0.0%)   0.0001 (  0.0%)  Natural Loop Information
   0.0001 (  0.0%)   0.0000 (  0.0%)   0.0001 (  0.0%)   0.0001 (  0.0%)  Dominator Tree Construction
   0.0001 (  0.0%)   0.0000 (  0.0%)   0.0001 (  0.0%)   0.0001 (  0.0%)  Dominator Tree Construction
   0.0001 (  0.0%)   0.0000 (  0.0%)   0.0001 (  0.0%)   0.0001 (  0.0%)  Lazy Value Information Analysis
   0.0001 (  0.0%)   0.0000 (  0.0%)   0.0001 (  0.0%)   0.0001 (  0.0%)  Natural Loop Information
   0.0001 (  0.0%)   0.0000 (  0.0%)   0.0001 (  0.0%)   0.0001 (  0.0%)  Dominator Tree Construction
   0.0001 (  0.0%)   0.0000 (  0.0%)   0.0001 (  0.0%)   0.0001 (  0.0%)  Dominator Tree Construction
   0.0000 (  0.0%)   0.0001 (  0.1%)   0.0001 (  0.0%)   0.0001 (  0.0%)  Dominator Tree Construction
   0.0001 (  0.0%)   0.0000 (  0.0%)   0.0001 (  0.0%)   0.0001 (  0.0%)  Dominator Tree Construction
   0.0001 (  0.0%)   0.0000 (  0.0%)   0.0001 (  0.0%)   0.0001 (  0.0%)  Dominator Tree Construction
   0.0001 (  0.0%)   0.0000 (  0.0%)   0.0001 (  0.0%)   0.0001 (  0.0%)  Dominator Tree Construction
   0.0001 (  0.0%)   0.0000 (  0.0%)   0.0001 (  0.0%)   0.0001 (  0.0%)  Natural Loop Information
   0.0001 (  0.0%)   0.0000 (  0.0%)   0.0001 (  0.0%)   0.0001 (  0.0%)  Dominator Tree Construction
   0.0001 (  0.0%)   0.0000 (  0.0%)   0.0001 (  0.0%)   0.0001 (  0.0%)  Canonicalize natural loops
   0.0001 (  0.0%)   0.0000 (  0.0%)   0.0001 (  0.0%)   0.0001 (  0.0%)  Lazy Value Information Analysis
   0.0001 (  0.0%)   0.0000 (  0.0%)   0.0001 (  0.0%)   0.0001 (  0.0%)  Dominator Tree Construction
   0.0001 (  0.0%)   0.0000 (  0.0%)   0.0001 (  0.0%)   0.0001 (  0.0%)  Natural Loop Information
   0.0001 (  0.0%)   0.0000 (  0.0%)   0.0001 (  0.0%)   0.0001 (  0.0%)  Dominance Frontier Construction
   0.0001 (  0.0%)   0.0000 (  0.0%)   0.0001 (  0.0%)   0.0001 (  0.0%)  Internalize Global Symbols
   0.0001 (  0.0%)   0.0000 (  0.0%)   0.0001 (  0.0%)   0.0001 (  0.0%)  CallGraph Construction
   0.0001 (  0.0%)   0.0000 (  0.0%)   0.0001 (  0.0%)   0.0001 (  0.0%)  Natural Loop Information
   0.0001 (  0.0%)   0.0000 (  0.0%)   0.0001 (  0.0%)   0.0001 (  0.0%)  Infer PPPO for array-to-streams
   0.0001 (  0.0%)   0.0000 (  0.0%)   0.0001 (  0.0%)   0.0001 (  0.0%)  Canonicalize natural loops
   0.0001 (  0.0%)   0.0000 (  0.0%)   0.0001 (  0.0%)   0.0001 (  0.0%)  Natural Loop Information
   0.0001 (  0.0%)   0.0000 (  0.0%)   0.0001 (  0.0%)   0.0001 (  0.0%)  Eliminate pointer selection
   0.0001 (  0.0%)   0.0000 (  0.0%)   0.0001 (  0.0%)   0.0001 (  0.0%)  Loop-Closed SSA Form Pass
   0.0001 (  0.0%)   0.0000 (  0.0%)   0.0001 (  0.0%)   0.0001 (  0.0%)  Promote Memory to Register
   0.0001 (  0.0%)   0.0000 (  0.0%)   0.0001 (  0.0%)   0.0001 (  0.0%)  Dominator Tree Construction
   0.0001 (  0.0%)   0.0000 (  0.0%)   0.0001 (  0.0%)   0.0001 (  0.0%)  CallGraph Construction
   0.0001 (  0.0%)   0.0000 (  0.0%)   0.0001 (  0.0%)   0.0001 (  0.0%)  SROA
   0.0001 (  0.0%)   0.0000 (  0.0%)   0.0001 (  0.0%)   0.0001 (  0.0%)  Dominator Tree Construction
   0.0001 (  0.0%)   0.0000 (  0.0%)   0.0001 (  0.0%)   0.0001 (  0.0%)  Canonicalize natural loops
   0.0001 (  0.0%)   0.0000 (  0.0%)   0.0001 (  0.0%)   0.0001 (  0.0%)  Natural Loop Information
   0.0001 (  0.0%)   0.0000 (  0.0%)   0.0001 (  0.0%)   0.0001 (  0.0%)  Dominator Tree Construction
   0.0001 (  0.0%)   0.0000 (  0.0%)   0.0001 (  0.0%)   0.0001 (  0.0%)  Dead Code Elimination
   0.0001 (  0.0%)   0.0000 (  0.0%)   0.0001 (  0.0%)   0.0001 (  0.0%)  ReflowCheckVarPragmaConflicts - check variable pragma conflicts in reflow
   0.0001 (  0.0%)   0.0000 (  0.0%)   0.0001 (  0.0%)   0.0001 (  0.0%)  CallGraph Construction
   0.0001 (  0.0%)   0.0000 (  0.0%)   0.0001 (  0.0%)   0.0001 (  0.0%)  Eliminate pointer selection
   0.0001 (  0.0%)   0.0000 (  0.0%)   0.0001 (  0.0%)   0.0001 (  0.0%)  Eliminate pointer selection
   0.0001 (  0.0%)   0.0000 (  0.0%)   0.0001 (  0.0%)   0.0001 (  0.0%)  Dominator Tree Construction
   0.0001 (  0.0%)   0.0000 (  0.0%)   0.0001 (  0.0%)   0.0001 (  0.0%)  Eliminate dead debug information intrinsic
   0.0001 (  0.0%)   0.0000 (  0.0%)   0.0001 (  0.0%)   0.0001 (  0.0%)  Dominator Tree Construction
   0.0001 (  0.0%)   0.0000 (  0.0%)   0.0001 (  0.0%)   0.0001 (  0.0%)  Canonicalize natural loops
   0.0001 (  0.0%)   0.0000 (  0.0%)   0.0001 (  0.0%)   0.0001 (  0.0%)  Natural Loop Information
   0.0001 (  0.0%)   0.0000 (  0.0%)   0.0001 (  0.0%)   0.0001 (  0.0%)  Dominator Tree Construction
   0.0001 (  0.0%)   0.0000 (  0.0%)   0.0001 (  0.0%)   0.0001 (  0.0%)  Natural Loop Information
   0.0001 (  0.0%)   0.0000 (  0.0%)   0.0001 (  0.0%)   0.0001 (  0.0%)  Canonicalize natural loops
   0.0001 (  0.0%)   0.0000 (  0.0%)   0.0001 (  0.0%)   0.0001 (  0.0%)  Canonicalize natural loops
   0.0001 (  0.0%)   0.0000 (  0.0%)   0.0001 (  0.0%)   0.0001 (  0.0%)  CallGraph Construction
   0.0001 (  0.0%)   0.0000 (  0.0%)   0.0001 (  0.0%)   0.0001 (  0.0%)  Promote Memory to Register
   0.0001 (  0.0%)   0.0000 (  0.0%)   0.0001 (  0.0%)   0.0001 (  0.0%)  Dominator Tree Construction
   0.0001 (  0.0%)   0.0000 (  0.0%)   0.0001 (  0.0%)   0.0001 (  0.0%)  Canonicalize natural loops
   0.0001 (  0.0%)   0.0000 (  0.0%)   0.0001 (  0.0%)   0.0001 (  0.0%)  Canonicalize natural loops
   0.0001 (  0.0%)   0.0000 (  0.0%)   0.0001 (  0.0%)   0.0001 (  0.0%)  Natural Loop Information
   0.0001 (  0.0%)   0.0000 (  0.0%)   0.0001 (  0.0%)   0.0001 (  0.0%)  Loop-Closed SSA Form Pass
   0.0001 (  0.0%)   0.0000 (  0.0%)   0.0001 (  0.0%)   0.0001 (  0.0%)  Natural Loop Information
   0.0001 (  0.0%)   0.0000 (  0.0%)   0.0001 (  0.0%)   0.0001 (  0.0%)  Dead Argument Elimination
   0.0000 (  0.0%)   0.0001 (  0.1%)   0.0001 (  0.0%)   0.0001 (  0.0%)  Dominance Frontier Construction
   0.0001 (  0.0%)   0.0000 (  0.0%)   0.0001 (  0.0%)   0.0001 (  0.0%)  Loop-Closed SSA Form Pass
   0.0001 (  0.0%)   0.0000 (  0.0%)   0.0001 (  0.0%)   0.0001 (  0.0%)  CallGraph Construction
   0.0001 (  0.0%)   0.0000 (  0.0%)   0.0001 (  0.0%)   0.0001 (  0.0%)  Canonicalize natural loops
   0.0001 (  0.0%)   0.0000 (  0.0%)   0.0001 (  0.0%)   0.0001 (  0.0%)  CallGraph Construction
   0.0001 (  0.0%)   0.0000 (  0.0%)   0.0001 (  0.0%)   0.0001 (  0.0%)  Natural Loop Information
   0.0001 (  0.0%)   0.0000 (  0.0%)   0.0001 (  0.0%)   0.0001 (  0.0%)  Natural Loop Information
   0.0001 (  0.0%)   0.0000 (  0.0%)   0.0001 (  0.0%)   0.0001 (  0.0%)  Natural Loop Information
   0.0001 (  0.0%)   0.0000 (  0.0%)   0.0001 (  0.0%)   0.0001 (  0.0%)  Dominator Tree Construction
   0.0001 (  0.0%)   0.0000 (  0.0%)   0.0001 (  0.0%)   0.0001 (  0.0%)  Eliminate dead debug information intrinsic
   0.0001 (  0.0%)   0.0000 (  0.0%)   0.0001 (  0.0%)   0.0001 (  0.0%)  Scalar Evolution Analysis
   0.0001 (  0.0%)   0.0000 (  0.0%)   0.0001 (  0.0%)   0.0001 (  0.0%)  CallGraph Construction
   0.0001 (  0.0%)   0.0000 (  0.0%)   0.0001 (  0.0%)   0.0001 (  0.0%)  Natural Loop Information
   0.0001 (  0.0%)   0.0000 (  0.0%)   0.0001 (  0.0%)   0.0001 (  0.0%)  Natural Loop Information
   0.0001 (  0.0%)   0.0000 (  0.0%)   0.0001 (  0.0%)   0.0001 (  0.0%)  Canonicalize natural loops
   0.0001 (  0.0%)   0.0000 (  0.0%)   0.0001 (  0.0%)   0.0001 (  0.0%)  Canonicalize natural loops
   0.0001 (  0.0%)   0.0000 (  0.0%)   0.0001 (  0.0%)   0.0001 (  0.0%)  Promote Memory to Register
   0.0001 (  0.0%)   0.0000 (  0.0%)   0.0001 (  0.0%)   0.0001 (  0.0%)  Scalar Evolution Analysis
   0.0001 (  0.0%)   0.0000 (  0.0%)   0.0001 (  0.0%)   0.0001 (  0.0%)  Canonicalize natural loops
   0.0001 (  0.0%)   0.0000 (  0.0%)   0.0001 (  0.0%)   0.0001 (  0.0%)  Loop-Closed SSA Form Pass
   0.0001 (  0.0%)   0.0000 (  0.0%)   0.0001 (  0.0%)   0.0001 (  0.0%)  Natural Loop Information
   0.0001 (  0.0%)   0.0000 (  0.0%)   0.0001 (  0.0%)   0.0001 (  0.0%)  CallGraph Construction
   0.0001 (  0.0%)   0.0000 (  0.0%)   0.0001 (  0.0%)   0.0001 (  0.0%)  Natural Loop Information
   0.0001 (  0.0%)   0.0000 (  0.0%)   0.0001 (  0.0%)   0.0001 (  0.0%)  Remove unreachable basic blocks under switch
   0.0001 (  0.0%)   0.0000 (  0.0%)   0.0001 (  0.0%)   0.0001 (  0.0%)  Dominator Tree Construction
   0.0001 (  0.0%)   0.0000 (  0.0%)   0.0001 (  0.0%)   0.0001 (  0.0%)  Dominance Frontier Construction
   0.0001 (  0.0%)   0.0000 (  0.0%)   0.0001 (  0.0%)   0.0001 (  0.0%)  Natural Loop Information
   0.0001 (  0.0%)   0.0000 (  0.0%)   0.0001 (  0.0%)   0.0001 (  0.0%)  Natural Loop Information
   0.0001 (  0.0%)   0.0000 (  0.0%)   0.0001 (  0.0%)   0.0001 (  0.0%)  Natural Loop Information
   0.0001 (  0.0%)   0.0000 (  0.0%)   0.0001 (  0.0%)   0.0001 (  0.0%)  Dominator Tree Construction
   0.0001 (  0.0%)   0.0000 (  0.0%)   0.0001 (  0.0%)   0.0001 (  0.0%)  Eliminate dead debug information intrinsic
   0.0001 (  0.0%)   0.0000 (  0.0%)   0.0001 (  0.0%)   0.0001 (  0.0%)  Natural Loop Information
   0.0001 (  0.0%)   0.0000 (  0.0%)   0.0001 (  0.0%)   0.0001 (  0.0%)  Loop-Closed SSA Form Pass
   0.0001 (  0.0%)   0.0000 (  0.0%)   0.0001 (  0.0%)   0.0001 (  0.0%)  Canonicalize natural loops
   0.0001 (  0.0%)   0.0000 (  0.0%)   0.0001 (  0.0%)   0.0001 (  0.0%)  Loop-Closed SSA Form Pass
   0.0001 (  0.0%)   0.0000 (  0.0%)   0.0001 (  0.0%)   0.0001 (  0.0%)  Dead Code Elimination
   0.0001 (  0.0%)   0.0000 (  0.0%)   0.0001 (  0.0%)   0.0001 (  0.0%)  Scalar Evolution Analysis
   0.0001 (  0.0%)   0.0000 (  0.0%)   0.0001 (  0.0%)   0.0001 (  0.0%)  Natural Loop Information
   0.0001 (  0.0%)   0.0000 (  0.0%)   0.0001 (  0.0%)   0.0001 (  0.0%)  Natural Loop Information
   0.0001 (  0.0%)   0.0000 (  0.0%)   0.0001 (  0.0%)   0.0001 (  0.0%)  Loop-Closed SSA Form Pass
   0.0001 (  0.0%)   0.0000 (  0.0%)   0.0001 (  0.0%)   0.0001 (  0.0%)  Loop-Closed SSA Form Pass
   0.0001 (  0.0%)   0.0000 (  0.0%)   0.0001 (  0.0%)   0.0001 (  0.0%)  Scalar Evolution Analysis
   0.0001 (  0.0%)   0.0000 (  0.0%)   0.0001 (  0.0%)   0.0001 (  0.0%)  Loop-Closed SSA Form Pass
   0.0001 (  0.0%)   0.0000 (  0.0%)   0.0001 (  0.0%)   0.0001 (  0.0%)  AttrPropagation - Propagate Pointer Parameter Attribute
   0.0001 (  0.0%)   0.0000 (  0.0%)   0.0001 (  0.0%)   0.0001 (  0.0%)  Dominator Tree Construction
   0.0001 (  0.0%)   0.0000 (  0.0%)   0.0001 (  0.0%)   0.0001 (  0.0%)  Eliminate dead debug information intrinsic
   0.0001 (  0.0%)   0.0000 (  0.0%)   0.0001 (  0.0%)   0.0001 (  0.0%)  Natural Loop Information
   0.0001 (  0.0%)   0.0000 (  0.0%)   0.0001 (  0.0%)   0.0001 (  0.0%)  Scalar Evolution Analysis
   0.0001 (  0.0%)   0.0000 (  0.0%)   0.0001 (  0.0%)   0.0001 (  0.0%)  Natural Loop Information
   0.0001 (  0.0%)   0.0000 (  0.0%)   0.0001 (  0.0%)   0.0001 (  0.0%)  Eliminate dead debug information intrinsic
   0.0001 (  0.0%)   0.0000 (  0.0%)   0.0001 (  0.0%)   0.0001 (  0.0%)  Natural Loop Information
   0.0001 (  0.0%)   0.0000 (  0.0%)   0.0001 (  0.0%)   0.0001 (  0.0%)  InterfaceEncodingChange - Change Interface Encoding format
   0.0001 (  0.0%)   0.0000 (  0.0%)   0.0001 (  0.0%)   0.0001 (  0.0%)  Canonicalize natural loops
   0.0001 (  0.0%)   0.0000 (  0.0%)   0.0001 (  0.0%)   0.0001 (  0.0%)  CallGraph Construction
   0.0001 (  0.0%)   0.0000 (  0.0%)   0.0001 (  0.0%)   0.0001 (  0.0%)  Canonicalize natural loops
   0.0001 (  0.0%)   0.0000 (  0.0%)   0.0001 (  0.0%)   0.0001 (  0.0%)  Loop-Closed SSA Form Pass
   0.0001 (  0.0%)   0.0000 (  0.0%)   0.0001 (  0.0%)   0.0001 (  0.0%)  Canonicalize natural loops
   0.0001 (  0.0%)   0.0000 (  0.0%)   0.0001 (  0.0%)   0.0001 (  0.0%)  Natural Loop Information
   0.0001 (  0.0%)   0.0000 (  0.0%)   0.0001 (  0.0%)   0.0001 (  0.0%)  Memory Dependence Analysis
   0.0001 (  0.0%)   0.0000 (  0.0%)   0.0001 (  0.0%)   0.0001 (  0.0%)  Natural Loop Information
   0.0001 (  0.0%)   0.0000 (  0.0%)   0.0001 (  0.0%)   0.0001 (  0.0%)  CallGraph Construction
   0.0001 (  0.0%)   0.0000 (  0.0%)   0.0001 (  0.0%)   0.0001 (  0.0%)  Dominator Tree Construction
   0.0000 (  0.0%)   0.0000 (  0.0%)   0.0001 (  0.0%)   0.0001 (  0.0%)  CallGraph Construction
   0.0001 (  0.0%)   0.0000 (  0.0%)   0.0001 (  0.0%)   0.0001 (  0.0%)  Function Alias Analysis Results
   0.0001 (  0.0%)   0.0000 (  0.0%)   0.0001 (  0.0%)   0.0001 (  0.0%)  CallGraph Construction
   0.0001 (  0.0%)   0.0000 (  0.0%)   0.0001 (  0.0%)   0.0001 (  0.0%)  Eliminate dead debug information intrinsic
   0.0001 (  0.0%)   0.0000 (  0.0%)   0.0001 (  0.0%)   0.0001 (  0.0%)  Scalar Evolution Analysis
   0.0001 (  0.0%)   0.0000 (  0.0%)   0.0001 (  0.0%)   0.0001 (  0.0%)  Scalar Evolution Analysis
   0.0000 (  0.0%)   0.0001 (  0.1%)   0.0001 (  0.0%)   0.0001 (  0.0%)  CallGraph Construction
   0.0001 (  0.0%)   0.0000 (  0.0%)   0.0001 (  0.0%)   0.0001 (  0.0%)  Natural Loop Information
   0.0001 (  0.0%)   0.0000 (  0.0%)   0.0001 (  0.0%)   0.0001 (  0.0%)  Natural Loop Information
   0.0001 (  0.0%)   0.0000 (  0.0%)   0.0001 (  0.0%)   0.0001 (  0.0%)  Canonicalize natural loops
   0.0001 (  0.0%)   0.0000 (  0.0%)   0.0001 (  0.0%)   0.0001 (  0.0%)  Natural Loop Information
   0.0001 (  0.0%)   0.0000 (  0.0%)   0.0001 (  0.0%)   0.0001 (  0.0%)  Loop-Closed SSA Form Pass
   0.0001 (  0.0%)   0.0000 (  0.0%)   0.0001 (  0.0%)   0.0001 (  0.0%)  Scalar Evolution Analysis
   0.0001 (  0.0%)   0.0000 (  0.0%)   0.0001 (  0.0%)   0.0001 (  0.0%)  Natural Loop Information
   0.0001 (  0.0%)   0.0000 (  0.0%)   0.0001 (  0.0%)   0.0001 (  0.0%)  Remove unreachable basic blocks under switch
   0.0001 (  0.0%)   0.0000 (  0.0%)   0.0001 (  0.0%)   0.0001 (  0.0%)  Scalar Evolution Analysis
   0.0001 (  0.0%)   0.0000 (  0.0%)   0.0001 (  0.0%)   0.0001 (  0.0%)  Eliminate dead debug information intrinsic
   0.0001 (  0.0%)   0.0000 (  0.0%)   0.0001 (  0.0%)   0.0001 (  0.0%)  Loop-Closed SSA Form Pass
   0.0001 (  0.0%)   0.0000 (  0.0%)   0.0001 (  0.0%)   0.0001 (  0.0%)  Dead Argument Elimination
   0.0001 (  0.0%)   0.0000 (  0.0%)   0.0001 (  0.0%)   0.0001 (  0.0%)  Natural Loop Information
   0.0000 (  0.0%)   0.0000 (  0.0%)   0.0001 (  0.0%)   0.0001 (  0.0%)  Canonicalize natural loops
   0.0001 (  0.0%)   0.0000 (  0.0%)   0.0001 (  0.0%)   0.0001 (  0.0%)  Natural Loop Information
   0.0001 (  0.0%)   0.0000 (  0.0%)   0.0001 (  0.0%)   0.0001 (  0.0%)  Natural Loop Information
   0.0001 (  0.0%)   0.0000 (  0.0%)   0.0001 (  0.0%)   0.0001 (  0.0%)  Remove unreachable basic blocks under switch
   0.0001 (  0.0%)   0.0000 (  0.0%)   0.0001 (  0.0%)   0.0001 (  0.0%)  Eliminate dead debug information intrinsic
   0.0001 (  0.0%)   0.0000 (  0.0%)   0.0001 (  0.0%)   0.0001 (  0.0%)  Loop-Closed SSA Form Pass
   0.0001 (  0.0%)   0.0000 (  0.0%)   0.0001 (  0.0%)   0.0001 (  0.0%)  Dominator Tree Construction
   0.0001 (  0.0%)   0.0000 (  0.0%)   0.0001 (  0.0%)   0.0001 (  0.0%)  Eliminate dead debug information intrinsic
   0.0001 (  0.0%)   0.0000 (  0.0%)   0.0001 (  0.0%)   0.0001 (  0.0%)  Natural Loop Information
   0.0001 (  0.0%)   0.0000 (  0.0%)   0.0001 (  0.0%)   0.0001 (  0.0%)  Scalar Evolution Analysis
   0.0001 (  0.0%)   0.0000 (  0.0%)   0.0001 (  0.0%)   0.0001 (  0.0%)  Natural Loop Information
   0.0001 (  0.0%)   0.0000 (  0.0%)   0.0001 (  0.0%)   0.0001 (  0.0%)  Remove unreachable basic blocks under switch
   0.0001 (  0.0%)   0.0000 (  0.0%)   0.0001 (  0.0%)   0.0001 (  0.0%)  Scalar Evolution Analysis
   0.0001 (  0.0%)   0.0000 (  0.0%)   0.0001 (  0.0%)   0.0001 (  0.0%)  Natural Loop Information
   0.0001 (  0.0%)   0.0000 (  0.0%)   0.0001 (  0.0%)   0.0001 (  0.0%)  Natural Loop Information
   0.0000 (  0.0%)   0.0000 (  0.0%)   0.0001 (  0.0%)   0.0001 (  0.0%)  Canonicalize natural loops
   0.0001 (  0.0%)   0.0000 (  0.0%)   0.0001 (  0.0%)   0.0001 (  0.0%)  Remove unreachable basic blocks under switch
   0.0001 (  0.0%)   0.0000 (  0.0%)   0.0001 (  0.0%)   0.0001 (  0.0%)  Natural Loop Information
   0.0001 (  0.0%)   0.0000 (  0.0%)   0.0001 (  0.0%)   0.0001 (  0.0%)  Canonicalize natural loops
   0.0001 (  0.0%)   0.0000 (  0.0%)   0.0001 (  0.0%)   0.0001 (  0.0%)  Canonicalize natural loops
   0.0000 (  0.0%)   0.0000 (  0.1%)   0.0001 (  0.0%)   0.0001 (  0.0%)  Natural Loop Information
   0.0001 (  0.0%)   0.0000 (  0.0%)   0.0001 (  0.0%)   0.0001 (  0.0%)  Natural Loop Information
   0.0001 (  0.0%)   0.0000 (  0.0%)   0.0001 (  0.0%)   0.0001 (  0.0%)  Lazy Value Information Analysis
   0.0001 (  0.0%)   0.0000 (  0.0%)   0.0001 (  0.0%)   0.0001 (  0.0%)  Natural Loop Information
   0.0001 (  0.0%)   0.0000 (  0.0%)   0.0001 (  0.0%)   0.0001 (  0.0%)  Natural Loop Information
   0.0001 (  0.0%)   0.0000 (  0.0%)   0.0001 (  0.0%)   0.0001 (  0.0%)  Eliminate dead debug information intrinsic
   0.0001 (  0.0%)   0.0000 (  0.0%)   0.0001 (  0.0%)   0.0001 (  0.0%)  Eliminate dead debug information intrinsic
   0.0001 (  0.0%)   0.0000 (  0.0%)   0.0001 (  0.0%)   0.0001 (  0.0%)  Natural Loop Information
   0.0001 (  0.0%)   0.0000 (  0.0%)   0.0001 (  0.0%)   0.0001 (  0.0%)  Natural Loop Information
   0.0001 (  0.0%)   0.0000 (  0.0%)   0.0001 (  0.0%)   0.0001 (  0.0%)  Canonicalize natural loops
   0.0001 (  0.0%)   0.0000 (  0.0%)   0.0001 (  0.0%)   0.0001 (  0.0%)  Canonicalize natural loops
   0.0001 (  0.0%)   0.0000 (  0.0%)   0.0001 (  0.0%)   0.0001 (  0.0%)  Natural Loop Information
   0.0001 (  0.0%)   0.0000 (  0.0%)   0.0001 (  0.0%)   0.0001 (  0.0%)  Canonicalize natural loops
   0.0001 (  0.0%)   0.0000 (  0.0%)   0.0001 (  0.0%)   0.0001 (  0.0%)  Natural Loop Information
   0.0001 (  0.0%)   0.0000 (  0.0%)   0.0001 (  0.0%)   0.0001 (  0.0%)  Lazy Value Information Analysis
   0.0001 (  0.0%)   0.0000 (  0.0%)   0.0001 (  0.0%)   0.0001 (  0.0%)  Loop-Closed SSA Form Pass
   0.0001 (  0.0%)   0.0000 (  0.0%)   0.0001 (  0.0%)   0.0001 (  0.0%)  CallGraph Construction
   0.0001 (  0.0%)   0.0000 (  0.0%)   0.0001 (  0.0%)   0.0001 (  0.0%)  Natural Loop Information
   0.0001 (  0.0%)   0.0000 (  0.0%)   0.0001 (  0.0%)   0.0001 (  0.0%)  Natural Loop Information
   0.0001 (  0.0%)   0.0000 (  0.0%)   0.0001 (  0.0%)   0.0001 (  0.0%)  Natural Loop Information
   0.0001 (  0.0%)   0.0000 (  0.0%)   0.0001 (  0.0%)   0.0001 (  0.0%)  Natural Loop Information
   0.0001 (  0.0%)   0.0000 (  0.0%)   0.0001 (  0.0%)   0.0001 (  0.0%)  Canonicalize natural loops
   0.0001 (  0.0%)   0.0000 (  0.0%)   0.0001 (  0.0%)   0.0001 (  0.0%)  Natural Loop Information
   0.0000 (  0.0%)   0.0000 (  0.0%)   0.0001 (  0.0%)   0.0001 (  0.0%)  Natural Loop Information
   0.0001 (  0.0%)   0.0000 (  0.0%)   0.0001 (  0.0%)   0.0001 (  0.0%)  CallGraph Construction
   0.0001 (  0.0%)   0.0000 (  0.0%)   0.0001 (  0.0%)   0.0001 (  0.0%)  Natural Loop Information
   0.0001 (  0.0%)   0.0000 (  0.0%)   0.0001 (  0.0%)   0.0001 (  0.0%)  Natural Loop Information
   0.0001 (  0.0%)   0.0000 (  0.0%)   0.0001 (  0.0%)   0.0001 (  0.0%)  Natural Loop Information
   0.0001 (  0.0%)   0.0000 (  0.0%)   0.0001 (  0.0%)   0.0001 (  0.0%)  LegalizeName - Check interface name in terms of HDL syntax
   0.0001 (  0.0%)   0.0000 (  0.0%)   0.0001 (  0.0%)   0.0001 (  0.0%)  CallGraph Construction
   0.0001 (  0.0%)   0.0000 (  0.0%)   0.0001 (  0.0%)   0.0001 (  0.0%)  Promote Memory to Register
   0.0001 (  0.0%)   0.0000 (  0.0%)   0.0001 (  0.0%)   0.0001 (  0.0%)  Scalarize vector operations
   0.0001 (  0.0%)   0.0000 (  0.0%)   0.0001 (  0.0%)   0.0001 (  0.0%)  Loop-Closed SSA Form Pass
   0.0001 (  0.0%)   0.0000 (  0.0%)   0.0001 (  0.0%)   0.0001 (  0.0%)  Natural Loop Information
   0.0001 (  0.0%)   0.0000 (  0.0%)   0.0001 (  0.0%)   0.0001 (  0.0%)  Natural Loop Information
   0.0001 (  0.0%)   0.0000 (  0.0%)   0.0001 (  0.0%)   0.0001 (  0.0%)  Natural Loop Information
   0.0001 (  0.0%)   0.0000 (  0.0%)   0.0001 (  0.0%)   0.0001 (  0.0%)  CallGraph Construction
   0.0001 (  0.0%)   0.0000 (  0.0%)   0.0001 (  0.0%)   0.0001 (  0.0%)  CallGraph Construction
   0.0001 (  0.0%)   0.0000 (  0.0%)   0.0001 (  0.0%)   0.0001 (  0.0%)  Natural Loop Information
   0.0001 (  0.0%)   0.0000 (  0.0%)   0.0001 (  0.0%)   0.0001 (  0.0%)  Loop-Closed SSA Form Pass
   0.0001 (  0.0%)   0.0000 (  0.0%)   0.0001 (  0.0%)   0.0001 (  0.0%)  Natural Loop Information
   0.0001 (  0.0%)   0.0000 (  0.0%)   0.0001 (  0.0%)   0.0001 (  0.0%)  Basic Alias Analysis (stateless AA impl)
   0.0001 (  0.0%)   0.0000 (  0.0%)   0.0001 (  0.0%)   0.0001 (  0.0%)  Eliminate dead debug information intrinsic
   0.0001 (  0.0%)   0.0000 (  0.0%)   0.0001 (  0.0%)   0.0001 (  0.0%)  Natural Loop Information
   0.0001 (  0.0%)   0.0000 (  0.0%)   0.0001 (  0.0%)   0.0001 (  0.0%)  Dead Code Elimination
   0.0001 (  0.0%)   0.0000 (  0.0%)   0.0001 (  0.0%)   0.0001 (  0.0%)  Natural Loop Information
   0.0001 (  0.0%)   0.0000 (  0.0%)   0.0001 (  0.0%)   0.0001 (  0.0%)  Natural Loop Information
   0.0001 (  0.0%)   0.0000 (  0.0%)   0.0001 (  0.0%)   0.0001 (  0.0%)  Loop-Closed SSA Form Pass
   0.0001 (  0.0%)   0.0000 (  0.0%)   0.0001 (  0.0%)   0.0001 (  0.0%)  Natural Loop Information
   0.0001 (  0.0%)   0.0000 (  0.0%)   0.0001 (  0.0%)   0.0001 (  0.0%)  SimplifyPredicate - Simplify predicate
   0.0000 (  0.0%)   0.0000 (  0.0%)   0.0001 (  0.0%)   0.0001 (  0.0%)  Eliminate pointer selection for FIFO
   0.0001 (  0.0%)   0.0000 (  0.0%)   0.0001 (  0.0%)   0.0001 (  0.0%)  Basic Alias Analysis (stateless AA impl)
   0.0001 (  0.0%)   0.0000 (  0.0%)   0.0001 (  0.0%)   0.0001 (  0.0%)  Loop-Closed SSA Form Pass
   0.0001 (  0.0%)   0.0000 (  0.0%)   0.0001 (  0.0%)   0.0001 (  0.0%)  Natural Loop Information
   0.0001 (  0.0%)   0.0000 (  0.0%)   0.0001 (  0.0%)   0.0001 (  0.0%)  Natural Loop Information
   0.0001 (  0.0%)   0.0000 (  0.0%)   0.0001 (  0.0%)   0.0001 (  0.0%)  Eliminate pointer selection
   0.0001 (  0.0%)   0.0000 (  0.0%)   0.0001 (  0.0%)   0.0001 (  0.0%)  Remove unreachable basic blocks under switch
   0.0001 (  0.0%)   0.0000 (  0.0%)   0.0001 (  0.0%)   0.0001 (  0.0%)  Natural Loop Information
   0.0000 (  0.0%)   0.0000 (  0.0%)   0.0001 (  0.0%)   0.0001 (  0.0%)  Loop-Closed SSA Form Pass
   0.0001 (  0.0%)   0.0000 (  0.0%)   0.0001 (  0.0%)   0.0001 (  0.0%)  CallGraph Construction
   0.0001 (  0.0%)   0.0000 (  0.0%)   0.0001 (  0.0%)   0.0001 (  0.0%)  Scalar Evolution Analysis
   0.0001 (  0.0%)   0.0000 (  0.0%)   0.0001 (  0.0%)   0.0001 (  0.0%)  Canonicalize natural loops
   0.0000 (  0.0%)   0.0000 (  0.0%)   0.0000 (  0.0%)   0.0001 (  0.0%)  Lazy Block Frequency Analysis
   0.0001 (  0.0%)   0.0000 (  0.0%)   0.0001 (  0.0%)   0.0001 (  0.0%)  Dead Argument Elimination
   0.0001 (  0.0%)   0.0000 (  0.0%)   0.0001 (  0.0%)   0.0001 (  0.0%)  Natural Loop Information
   0.0001 (  0.0%)   0.0000 (  0.0%)   0.0001 (  0.0%)   0.0001 (  0.0%)  Loop-Closed SSA Form Pass
   0.0000 (  0.0%)   0.0000 (  0.0%)   0.0001 (  0.0%)   0.0001 (  0.0%)  InferXCLAttrImplications - Infer XCL attribute implications
   0.0001 (  0.0%)   0.0000 (  0.0%)   0.0001 (  0.0%)   0.0001 (  0.0%)  Remove unreachable basic blocks under switch
   0.0001 (  0.0%)   0.0000 (  0.0%)   0.0001 (  0.0%)   0.0001 (  0.0%)  SimplifyPredicate - Simplify predicate
   0.0001 (  0.0%)   0.0000 (  0.0%)   0.0001 (  0.0%)   0.0001 (  0.0%)  Canonicalize natural loops
   0.0001 (  0.0%)   0.0000 (  0.0%)   0.0001 (  0.0%)   0.0001 (  0.0%)  Natural Loop Information
   0.0001 (  0.0%)   0.0000 (  0.0%)   0.0001 (  0.0%)   0.0001 (  0.0%)  Lazy Value Information Analysis
   0.0001 (  0.0%)   0.0000 (  0.0%)   0.0001 (  0.0%)   0.0001 (  0.0%)  Natural Loop Information
   0.0001 (  0.0%)   0.0000 (  0.0%)   0.0001 (  0.0%)   0.0001 (  0.0%)  Natural Loop Information
   0.0001 (  0.0%)   0.0000 (  0.0%)   0.0001 (  0.0%)   0.0001 (  0.0%)  Scalar Evolution Analysis
   0.0001 (  0.0%)   0.0000 (  0.0%)   0.0001 (  0.0%)   0.0001 (  0.0%)  Eliminate dead debug information intrinsic
   0.0001 (  0.0%)   0.0000 (  0.0%)   0.0001 (  0.0%)   0.0001 (  0.0%)  Natural Loop Information
   0.0001 (  0.0%)   0.0000 (  0.0%)   0.0001 (  0.0%)   0.0001 (  0.0%)  Natural Loop Information
   0.0001 (  0.0%)   0.0000 (  0.0%)   0.0001 (  0.0%)   0.0001 (  0.0%)  Eliminate pointer selection
   0.0001 (  0.0%)   0.0000 (  0.0%)   0.0001 (  0.0%)   0.0001 (  0.0%)  Basic Alias Analysis (stateless AA impl)
   0.0000 (  0.0%)   0.0001 (  0.1%)   0.0001 (  0.0%)   0.0001 (  0.0%)  Optimization Remark Emitter
   0.0001 (  0.0%)   0.0000 (  0.0%)   0.0001 (  0.0%)   0.0001 (  0.0%)  Canonicalize natural loops
   0.0001 (  0.0%)   0.0000 (  0.0%)   0.0001 (  0.0%)   0.0001 (  0.0%)  Lazy Branch Probability Analysis
   0.0000 (  0.0%)   0.0001 (  0.1%)   0.0001 (  0.0%)   0.0001 (  0.0%)  Lazy Block Frequency Analysis
   0.0001 (  0.0%)   0.0000 (  0.0%)   0.0001 (  0.0%)   0.0001 (  0.0%)  Natural Loop Information
   0.0001 (  0.0%)   0.0000 (  0.0%)   0.0001 (  0.0%)   0.0001 (  0.0%)  Canonicalize natural loops
   0.0001 (  0.0%)   0.0000 (  0.0%)   0.0001 (  0.0%)   0.0001 (  0.0%)  Eliminate pointer selection
   0.0001 (  0.0%)   0.0000 (  0.0%)   0.0001 (  0.0%)   0.0001 (  0.0%)  Optimization Remark Emitter
   0.0001 (  0.0%)   0.0000 (  0.0%)   0.0001 (  0.0%)   0.0001 (  0.0%)  Simplify loop CFG
   0.0001 (  0.0%)   0.0000 (  0.0%)   0.0001 (  0.0%)   0.0001 (  0.0%)  Scalar Evolution Analysis
   0.0001 (  0.0%)   0.0000 (  0.0%)   0.0001 (  0.0%)   0.0001 (  0.0%)  Eliminate pointer selection
   0.0001 (  0.0%)   0.0000 (  0.0%)   0.0001 (  0.0%)   0.0001 (  0.0%)  CallGraph Construction
   0.0001 (  0.0%)   0.0000 (  0.0%)   0.0001 (  0.0%)   0.0001 (  0.0%)  Remove unreachable basic blocks under switch
   0.0000 (  0.0%)   0.0001 (  0.1%)   0.0001 (  0.0%)   0.0001 (  0.0%)  Basic Alias Analysis (stateless AA impl)
   0.0001 (  0.0%)   0.0000 (  0.0%)   0.0001 (  0.0%)   0.0001 (  0.0%)  Function Alias Analysis Results
   0.0001 (  0.0%)   0.0000 (  0.0%)   0.0001 (  0.0%)   0.0001 (  0.0%)  Loop-Closed SSA Form Pass
   0.0000 (  0.0%)   0.0000 (  0.0%)   0.0001 (  0.0%)   0.0001 (  0.0%)  Remove unreachable basic blocks under switch
   0.0001 (  0.0%)   0.0000 (  0.0%)   0.0001 (  0.0%)   0.0001 (  0.0%)  Lazy Value Information Analysis
   0.0001 (  0.0%)   0.0000 (  0.0%)   0.0001 (  0.0%)   0.0001 (  0.0%)  Scalar Evolution Analysis
   0.0001 (  0.0%)   0.0000 (  0.0%)   0.0001 (  0.0%)   0.0001 (  0.0%)  Remove unreachable basic blocks under switch
   0.0001 (  0.0%)   0.0000 (  0.0%)   0.0001 (  0.0%)   0.0001 (  0.0%)  Remove unreachable basic blocks under switch
   0.0001 (  0.0%)   0.0000 (  0.0%)   0.0001 (  0.0%)   0.0001 (  0.0%)  Lazy Value Information Analysis
   0.0001 (  0.0%)   0.0000 (  0.0%)   0.0001 (  0.0%)   0.0001 (  0.0%)  Scalar Evolution Analysis
   0.0001 (  0.0%)   0.0000 (  0.0%)   0.0001 (  0.0%)   0.0001 (  0.0%)  Remove unreachable basic blocks under switch
   0.0001 (  0.0%)   0.0000 (  0.0%)   0.0001 (  0.0%)   0.0001 (  0.0%)  Natural Loop Information
   0.0000 (  0.0%)   0.0000 (  0.0%)   0.0001 (  0.0%)   0.0001 (  0.0%)  Lazy Branch Probability Analysis
   0.0001 (  0.0%)   0.0000 (  0.0%)   0.0001 (  0.0%)   0.0001 (  0.0%)  ProduceBurstMessages - Produce Burst Messages
   0.0001 (  0.0%)   0.0000 (  0.0%)   0.0001 (  0.0%)   0.0001 (  0.0%)  Scalar Evolution Analysis
   0.0001 (  0.0%)   0.0000 (  0.0%)   0.0001 (  0.0%)   0.0001 (  0.0%)  Basic Alias Analysis (stateless AA impl)
   0.0001 (  0.0%)   0.0000 (  0.0%)   0.0001 (  0.0%)   0.0001 (  0.0%)  Loop-Closed SSA Form Pass
   0.0001 (  0.0%)   0.0000 (  0.0%)   0.0001 (  0.0%)   0.0001 (  0.0%)  Lazy Value Information Analysis
   0.0001 (  0.0%)   0.0000 (  0.0%)   0.0001 (  0.0%)   0.0001 (  0.0%)  Remove unreachable basic blocks under switch
   0.0001 (  0.0%)   0.0000 (  0.0%)   0.0001 (  0.0%)   0.0001 (  0.0%)  Lazy Value Information Analysis
   0.0001 (  0.0%)   0.0000 (  0.0%)   0.0001 (  0.0%)   0.0001 (  0.0%)  Natural Loop Information
   0.0001 (  0.0%)   0.0000 (  0.0%)   0.0001 (  0.0%)   0.0001 (  0.0%)  Remove unreachable basic blocks under switch
   0.0001 (  0.0%)   0.0000 (  0.0%)   0.0001 (  0.0%)   0.0001 (  0.0%)  Loop-Closed SSA Form Pass
   0.0001 (  0.0%)   0.0000 (  0.0%)   0.0001 (  0.0%)   0.0001 (  0.0%)  Lazy Value Information Analysis
   0.0001 (  0.0%)   0.0000 (  0.0%)   0.0001 (  0.0%)   0.0001 (  0.0%)  Natural Loop Information
   0.0001 (  0.0%)   0.0000 (  0.0%)   0.0001 (  0.0%)   0.0001 (  0.0%)  Basic Alias Analysis (stateless AA impl)
   0.0000 (  0.0%)   0.0000 (  0.0%)   0.0000 (  0.0%)   0.0001 (  0.0%)  Basic Alias Analysis (stateless AA impl)
   0.0000 (  0.0%)   0.0000 (  0.0%)   0.0000 (  0.0%)   0.0001 (  0.0%)  Basic Alias Analysis (stateless AA impl)
   0.0001 (  0.0%)   0.0000 (  0.0%)   0.0001 (  0.0%)   0.0001 (  0.0%)  Scalar Evolution Analysis
   0.0000 (  0.0%)   0.0000 (  0.0%)   0.0001 (  0.0%)   0.0001 (  0.0%)  Basic Alias Analysis (stateless AA impl)
   0.0001 (  0.0%)   0.0000 (  0.0%)   0.0001 (  0.0%)   0.0001 (  0.0%)  Basic Alias Analysis (stateless AA impl)
   0.0000 (  0.0%)   0.0000 (  0.0%)   0.0000 (  0.0%)   0.0001 (  0.0%)  Natural Loop Information
   0.0000 (  0.0%)   0.0000 (  0.0%)   0.0000 (  0.0%)   0.0001 (  0.0%)  Basic Alias Analysis (stateless AA impl)
   0.0000 (  0.0%)   0.0000 (  0.0%)   0.0000 (  0.0%)   0.0001 (  0.0%)  Basic Alias Analysis (stateless AA impl)
   0.0001 (  0.0%)   0.0000 (  0.0%)   0.0001 (  0.0%)   0.0001 (  0.0%)  Basic Alias Analysis (stateless AA impl)
   0.0001 (  0.0%)   0.0000 (  0.0%)   0.0001 (  0.0%)   0.0001 (  0.0%)  Basic Alias Analysis (stateless AA impl)
   0.0000 (  0.0%)   0.0000 (  0.0%)   0.0000 (  0.0%)   0.0001 (  0.0%)  Change xcl attribute to call sideeffect
   0.0001 (  0.0%)   0.0000 (  0.0%)   0.0001 (  0.0%)   0.0000 (  0.0%)  Basic Alias Analysis (stateless AA impl)
   0.0000 (  0.0%)   0.0000 (  0.0%)   0.0000 (  0.0%)   0.0000 (  0.0%)  Basic Alias Analysis (stateless AA impl)
   0.0000 (  0.0%)   0.0000 (  0.0%)   0.0000 (  0.0%)   0.0000 (  0.0%)  Basic Alias Analysis (stateless AA impl)
   0.0000 (  0.0%)   0.0000 (  0.0%)   0.0000 (  0.0%)   0.0000 (  0.0%)  Dead Global Elimination
   0.0001 (  0.0%)   0.0000 (  0.0%)   0.0001 (  0.0%)   0.0000 (  0.0%)  Basic Alias Analysis (stateless AA impl)
   0.0000 (  0.0%)   0.0000 (  0.0%)   0.0000 (  0.0%)   0.0000 (  0.0%)  Canonicalize natural loops
   0.0000 (  0.0%)   0.0000 (  0.0%)   0.0000 (  0.0%)   0.0000 (  0.0%)  Basic Alias Analysis (stateless AA impl)
   0.0001 (  0.0%)   0.0000 (  0.0%)   0.0001 (  0.0%)   0.0000 (  0.0%)  Basic Alias Analysis (stateless AA impl)
   0.0000 (  0.0%)   0.0000 (  0.0%)   0.0000 (  0.0%)   0.0000 (  0.0%)  Basic Alias Analysis (stateless AA impl)
   0.0000 (  0.0%)   0.0000 (  0.0%)   0.0000 (  0.0%)   0.0000 (  0.0%)  Scalar Evolution Analysis
   0.0000 (  0.0%)   0.0000 (  0.0%)   0.0000 (  0.0%)   0.0000 (  0.0%)  Dead Global Elimination
   0.0000 (  0.0%)   0.0000 (  0.0%)   0.0000 (  0.0%)   0.0000 (  0.0%)  Basic Alias Analysis (stateless AA impl)
   0.0000 (  0.0%)   0.0000 (  0.0%)   0.0000 (  0.0%)   0.0000 (  0.0%)  Loop-Closed SSA Form Pass
   0.0000 (  0.0%)   0.0000 (  0.0%)   0.0000 (  0.0%)   0.0000 (  0.0%)  Dead Global Elimination
   0.0000 (  0.0%)   0.0000 (  0.0%)   0.0000 (  0.0%)   0.0000 (  0.0%)  Basic Alias Analysis (stateless AA impl)
   0.0000 (  0.0%)   0.0000 (  0.0%)   0.0000 (  0.0%)   0.0000 (  0.0%)  Basic Alias Analysis (stateless AA impl)
   0.0000 (  0.0%)   0.0000 (  0.0%)   0.0000 (  0.0%)   0.0000 (  0.0%)  Scalar Evolution Analysis
   0.0000 (  0.0%)   0.0000 (  0.0%)   0.0000 (  0.0%)   0.0000 (  0.0%)  Loop-Closed SSA Form Pass
   0.0000 (  0.0%)   0.0000 (  0.0%)   0.0000 (  0.0%)   0.0000 (  0.0%)  Stream object marker
   0.0000 (  0.0%)   0.0000 (  0.0%)   0.0000 (  0.0%)   0.0000 (  0.0%)  Lazy Value Information Analysis
   0.0000 (  0.0%)   0.0000 (  0.0%)   0.0000 (  0.0%)   0.0000 (  0.0%)  Basic Alias Analysis (stateless AA impl)
   0.0000 (  0.0%)   0.0000 (  0.0%)   0.0000 (  0.0%)   0.0000 (  0.0%)  Loop-Closed SSA Form Pass
   0.0000 (  0.0%)   0.0000 (  0.0%)   0.0000 (  0.0%)   0.0000 (  0.0%)  Basic Alias Analysis (stateless AA impl)
   0.0000 (  0.0%)   0.0000 (  0.0%)   0.0000 (  0.0%)   0.0000 (  0.0%)  Scalar Evolution Analysis
   0.0000 (  0.0%)   0.0000 (  0.0%)   0.0000 (  0.0%)   0.0000 (  0.0%)  Generate Loops to iterate over workitems
   0.0000 (  0.0%)   0.0000 (  0.0%)   0.0000 (  0.0%)   0.0000 (  0.0%)  Dead Code Elimination
   0.0000 (  0.0%)   0.0000 (  0.0%)   0.0000 (  0.0%)   0.0000 (  0.0%)  Scalar Evolution Analysis
   0.0000 (  0.0%)   0.0000 (  0.0%)   0.0000 (  0.0%)   0.0000 (  0.0%)  clean some traps produced by clang
   0.0000 (  0.0%)   0.0000 (  0.0%)   0.0000 (  0.0%)   0.0000 (  0.0%)  Lazy Value Information Analysis
   0.0000 (  0.0%)   0.0000 (  0.0%)   0.0000 (  0.0%)   0.0000 (  0.0%)  Remove unreachable basic blocks under switch
   0.0000 (  0.0%)   0.0000 (  0.0%)   0.0000 (  0.0%)   0.0000 (  0.0%)  Dominator Tree Construction
   0.0000 (  0.0%)   0.0000 (  0.0%)   0.0000 (  0.0%)   0.0000 (  0.0%)  Canonicalize natural loops
   0.0000 (  0.0%)   0.0000 (  0.0%)   0.0000 (  0.0%)   0.0000 (  0.0%)  Dead Code Elimination
   0.0000 (  0.0%)   0.0000 (  0.0%)   0.0000 (  0.0%)   0.0000 (  0.0%)  Loop-Closed SSA Form Pass
   0.0000 (  0.0%)   0.0000 (  0.0%)   0.0000 (  0.0%)   0.0000 (  0.0%)  Post-Dominator Tree Construction
   0.0000 (  0.0%)   0.0000 (  0.0%)   0.0000 (  0.0%)   0.0000 (  0.0%)  Basic Alias Analysis (stateless AA impl)
   0.0000 (  0.0%)   0.0000 (  0.0%)   0.0000 (  0.0%)   0.0000 (  0.0%)  Lazy Value Information Analysis
   0.0000 (  0.0%)   0.0000 (  0.0%)   0.0000 (  0.0%)   0.0000 (  0.0%)  Basic Alias Analysis (stateless AA impl)
   0.0000 (  0.0%)   0.0000 (  0.0%)   0.0000 (  0.0%)   0.0000 (  0.0%)  Remove unreachable basic blocks under switch
   0.0000 (  0.0%)   0.0000 (  0.0%)   0.0000 (  0.0%)   0.0000 (  0.0%)  Remove unreachable basic blocks under switch
   0.0000 (  0.0%)   0.0000 (  0.0%)   0.0000 (  0.0%)   0.0000 (  0.0%)  Remove unreachable basic blocks under switch
   0.0000 (  0.0%)   0.0000 (  0.0%)   0.0000 (  0.0%)   0.0000 (  0.0%)  Lazy Value Information Analysis
   0.0000 (  0.0%)   0.0000 (  0.0%)   0.0000 (  0.0%)   0.0000 (  0.0%)  Basic Alias Analysis (stateless AA impl)
   0.0000 (  0.0%)   0.0000 (  0.0%)   0.0000 (  0.0%)   0.0000 (  0.0%)  Scalar Evolution Analysis
   0.0000 (  0.0%)   0.0000 (  0.0%)   0.0000 (  0.0%)   0.0000 (  0.0%)  Reduce the height of tree
   0.0000 (  0.0%)   0.0000 (  0.0%)   0.0000 (  0.0%)   0.0000 (  0.0%)  Scalar Evolution Analysis
   0.0000 (  0.0%)   0.0000 (  0.0%)   0.0000 (  0.0%)   0.0000 (  0.0%)  Remove unreachable basic blocks under switch
   0.0000 (  0.0%)   0.0000 (  0.0%)   0.0000 (  0.0%)   0.0000 (  0.0%)  Basic Alias Analysis (stateless AA impl)
   0.0000 (  0.0%)   0.0000 (  0.0%)   0.0000 (  0.0%)   0.0000 (  0.0%)  Transform SSA value on top function to variable with pointer type
   0.0000 (  0.0%)   0.0000 (  0.0%)   0.0000 (  0.0%)   0.0000 (  0.0%)  Post-Dominator Tree Construction
   0.0000 (  0.0%)   0.0000 (  0.0%)   0.0000 (  0.0%)   0.0000 (  0.0%)  Dead Global Elimination
   0.0000 (  0.0%)   0.0000 (  0.0%)   0.0000 (  0.0%)   0.0000 (  0.0%)  Lazy Value Information Analysis
   0.0000 (  0.0%)   0.0000 (  0.0%)   0.0000 (  0.0%)   0.0000 (  0.0%)  Basic Alias Analysis (stateless AA impl)
   0.0000 (  0.0%)   0.0000 (  0.0%)   0.0000 (  0.0%)   0.0000 (  0.0%)  Dominator Tree Construction
   0.0000 (  0.0%)   0.0000 (  0.0%)   0.0000 (  0.0%)   0.0000 (  0.0%)  Remove unreachable basic blocks under switch
   0.0000 (  0.0%)   0.0000 (  0.0%)   0.0000 (  0.0%)   0.0000 (  0.0%)  Post-Dominator Tree Construction
   0.0000 (  0.0%)   0.0000 (  0.0%)   0.0000 (  0.0%)   0.0000 (  0.0%)  Natural Loop Information
   0.0000 (  0.0%)   0.0000 (  0.0%)   0.0000 (  0.0%)   0.0000 (  0.0%)  CallGraph Construction
   0.0000 (  0.0%)   0.0000 (  0.0%)   0.0000 (  0.0%)   0.0000 (  0.0%)  Scalar Evolution Analysis
   0.0000 (  0.0%)   0.0000 (  0.0%)   0.0000 (  0.0%)   0.0000 (  0.0%)  Remove unreachable basic blocks under switch
   0.0000 (  0.0%)   0.0000 (  0.0%)   0.0000 (  0.0%)   0.0000 (  0.0%)  CallGraph Construction
   0.0000 (  0.0%)   0.0000 (  0.0%)   0.0000 (  0.0%)   0.0000 (  0.0%)  Auto automatic array partition filter analysis
   0.0000 (  0.0%)   0.0000 (  0.0%)   0.0000 (  0.0%)   0.0000 (  0.0%)  Dominator Tree Construction
   0.0000 (  0.0%)   0.0000 (  0.0%)   0.0000 (  0.0%)   0.0000 (  0.0%)  Scalar Evolution Analysis
   0.0000 (  0.0%)   0.0000 (  0.0%)   0.0000 (  0.0%)   0.0000 (  0.0%)  Scalar Evolution Analysis
   0.0000 (  0.0%)   0.0000 (  0.0%)   0.0000 (  0.0%)   0.0000 (  0.0%)  Scalar Evolution Analysis
   0.0000 (  0.0%)   0.0000 (  0.0%)   0.0000 (  0.0%)   0.0000 (  0.0%)  Memory Dependence Analysis
   0.0000 (  0.0%)   0.0000 (  0.0%)   0.0000 (  0.0%)   0.0000 (  0.0%)  Scalar Evolution Analysis
   0.0000 (  0.0%)   0.0000 (  0.0%)   0.0000 (  0.0%)   0.0000 (  0.0%)  Basic Alias Analysis (stateless AA impl)
   0.0000 (  0.0%)   0.0000 (  0.0%)   0.0000 (  0.0%)   0.0000 (  0.0%)  Promote Memory to Register
   0.0000 (  0.0%)   0.0000 (  0.0%)   0.0000 (  0.0%)   0.0000 (  0.0%)  Scalar Evolution Analysis
   0.0000 (  0.0%)   0.0000 (  0.0%)   0.0000 (  0.0%)   0.0000 (  0.0%)  Scalar Evolution Analysis
   0.0000 (  0.0%)   0.0000 (  0.0%)   0.0000 (  0.0%)   0.0000 (  0.0%)  Scalar Evolution Analysis
   0.0000 (  0.0%)   0.0000 (  0.0%)   0.0000 (  0.0%)   0.0000 (  0.0%)  Scalar Evolution Analysis
   0.0000 (  0.0%)   0.0000 (  0.0%)   0.0000 (  0.0%)   0.0000 (  0.0%)  Basic Alias Analysis (stateless AA impl)
   0.0000 (  0.0%)   0.0000 (  0.0%)   0.0000 (  0.0%)   0.0000 (  0.0%)  Scalar Evolution Analysis
   0.0000 (  0.0%)   0.0000 (  0.0%)   0.0000 (  0.0%)   0.0000 (  0.0%)  Post-Dominator Tree Construction
   0.0000 (  0.0%)   0.0000 (  0.0%)   0.0000 (  0.0%)   0.0000 (  0.0%)  Dead Global Elimination
   0.0000 (  0.0%)   0.0000 (  0.0%)   0.0000 (  0.0%)   0.0000 (  0.0%)  CallGraph Construction
   0.0000 (  0.0%)   0.0000 (  0.0%)   0.0000 (  0.0%)   0.0000 (  0.0%)  Scalar Evolution Analysis
   0.0000 (  0.0%)   0.0000 (  0.0%)   0.0000 (  0.0%)   0.0000 (  0.0%)  Scalar Evolution Analysis
   0.0000 (  0.0%)   0.0000 (  0.0%)   0.0000 (  0.0%)   0.0000 (  0.0%)  Post-Dominator Tree Construction
   0.0000 (  0.0%)   0.0000 (  0.0%)   0.0000 (  0.0%)   0.0000 (  0.0%)  Scalar Evolution Analysis
   0.0000 (  0.0%)   0.0000 (  0.0%)   0.0000 (  0.0%)   0.0000 (  0.0%)  Dominator Tree Construction
   0.0000 (  0.0%)   0.0000 (  0.0%)   0.0000 (  0.0%)   0.0000 (  0.0%)  Basic Alias Analysis (stateless AA impl)
   0.0000 (  0.0%)   0.0000 (  0.0%)   0.0000 (  0.0%)   0.0000 (  0.0%)  Scalar Evolution Analysis
   0.0000 (  0.0%)   0.0000 (  0.0%)   0.0000 (  0.0%)   0.0000 (  0.0%)  Dominator Tree Construction
   0.0000 (  0.0%)   0.0000 (  0.0%)   0.0000 (  0.0%)   0.0000 (  0.0%)  Scalar Evolution Analysis
   0.0000 (  0.0%)   0.0000 (  0.0%)   0.0000 (  0.0%)   0.0000 (  0.0%)  Basic Alias Analysis (stateless AA impl)
   0.0000 (  0.0%)   0.0000 (  0.0%)   0.0000 (  0.0%)   0.0000 (  0.0%)  Scalar Evolution Analysis
   0.0000 (  0.0%)   0.0000 (  0.0%)   0.0000 (  0.0%)   0.0000 (  0.0%)  Dominator Tree Construction
   0.0000 (  0.0%)   0.0000 (  0.0%)   0.0000 (  0.0%)   0.0000 (  0.0%)  Scalar Evolution Analysis
   0.0000 (  0.0%)   0.0000 (  0.0%)   0.0000 (  0.0%)   0.0000 (  0.0%)  Basic Alias Analysis (stateless AA impl)
   0.0000 (  0.0%)   0.0000 (  0.0%)   0.0000 (  0.0%)   0.0000 (  0.0%)  Dominator Tree Construction
   0.0000 (  0.0%)   0.0000 (  0.0%)   0.0000 (  0.0%)   0.0000 (  0.0%)  Dominator Tree Construction
   0.0000 (  0.0%)   0.0000 (  0.0%)   0.0000 (  0.0%)   0.0000 (  0.0%)  Basic Alias Analysis (stateless AA impl)
   0.0000 (  0.0%)   0.0000 (  0.0%)   0.0000 (  0.0%)   0.0000 (  0.0%)  Scalar Evolution Analysis
   0.0000 (  0.0%)   0.0000 (  0.0%)   0.0000 (  0.0%)   0.0000 (  0.0%)  Delete dead loops
   0.0000 (  0.0%)   0.0000 (  0.0%)   0.0000 (  0.0%)   0.0000 (  0.0%)  Lazy Value Information Analysis
   0.0000 (  0.0%)   0.0000 (  0.0%)   0.0000 (  0.0%)   0.0000 (  0.0%)  Basic Alias Analysis (stateless AA impl)
   0.0000 (  0.0%)   0.0000 (  0.0%)   0.0000 (  0.0%)   0.0000 (  0.0%)  Basic Alias Analysis (stateless AA impl)
   0.0000 (  0.0%)   0.0000 (  0.0%)   0.0000 (  0.0%)   0.0000 (  0.0%)  Lazy Value Information Analysis
   0.0000 (  0.0%)   0.0000 (  0.0%)   0.0000 (  0.0%)   0.0000 (  0.0%)  Basic Alias Analysis (stateless AA impl)
   0.0000 (  0.0%)   0.0000 (  0.0%)   0.0000 (  0.0%)   0.0000 (  0.0%)  Scalar Evolution Analysis
   0.0000 (  0.0%)   0.0000 (  0.0%)   0.0000 (  0.0%)   0.0000 (  0.0%)  Scalar Evolution Analysis
   0.0000 (  0.0%)   0.0000 (  0.0%)   0.0000 (  0.0%)   0.0000 (  0.0%)  Scalar Evolution Analysis
   0.0000 (  0.0%)   0.0000 (  0.0%)   0.0000 (  0.0%)   0.0000 (  0.0%)  Scalar Evolution Analysis
   0.0000 (  0.0%)   0.0000 (  0.0%)   0.0000 (  0.0%)   0.0000 (  0.0%)  Basic Alias Analysis (stateless AA impl)
   0.0000 (  0.0%)   0.0000 (  0.0%)   0.0000 (  0.0%)   0.0000 (  0.0%)  Basic Alias Analysis (stateless AA impl)
   0.0000 (  0.0%)   0.0000 (  0.0%)   0.0000 (  0.0%)   0.0000 (  0.0%)  Lazy Value Information Analysis
   0.0000 (  0.0%)   0.0000 (  0.0%)   0.0000 (  0.0%)   0.0000 (  0.0%)  Basic Alias Analysis (stateless AA impl)
   0.0000 (  0.0%)   0.0000 (  0.0%)   0.0000 (  0.0%)   0.0000 (  0.0%)  Basic Alias Analysis (stateless AA impl)
   0.0000 (  0.0%)   0.0000 (  0.0%)   0.0000 (  0.0%)   0.0000 (  0.0%)  Dead Global Elimination
   0.0000 (  0.0%)   0.0000 (  0.0%)   0.0000 (  0.0%)   0.0000 (  0.0%)  Lazy Value Information Analysis
   0.0000 (  0.0%)   0.0000 (  0.0%)   0.0000 (  0.0%)   0.0000 (  0.0%)  Scalar Evolution Analysis
   0.0000 (  0.0%)   0.0000 (  0.0%)   0.0000 (  0.0%)   0.0000 (  0.0%)  Basic Alias Analysis (stateless AA impl)
   0.0000 (  0.0%)   0.0000 (  0.0%)   0.0000 (  0.0%)   0.0000 (  0.0%)  Basic Alias Analysis (stateless AA impl)
   0.0000 (  0.0%)   0.0000 (  0.0%)   0.0000 (  0.0%)   0.0000 (  0.0%)  Inline sub function calls recursively
   0.0000 (  0.0%)   0.0000 (  0.0%)   0.0000 (  0.0%)   0.0000 (  0.0%)  Basic Alias Analysis (stateless AA impl)
   0.0000 (  0.0%)   0.0000 (  0.0%)   0.0000 (  0.0%)   0.0000 (  0.0%)  ShiftRegInference - Automatic Shift Register Inference
   0.0000 (  0.0%)   0.0000 (  0.0%)   0.0000 (  0.0%)   0.0000 (  0.0%)  Scalar Evolution Analysis
   0.0000 (  0.0%)   0.0000 (  0.0%)   0.0000 (  0.0%)   0.0000 (  0.0%)  Scalar Evolution Analysis
   0.0000 (  0.0%)   0.0000 (  0.0%)   0.0000 (  0.0%)   0.0000 (  0.0%)  Scalar Evolution Analysis
   0.0000 (  0.0%)   0.0000 (  0.0%)   0.0000 (  0.0%)   0.0000 (  0.0%)  Post-Dominator Tree Construction
   0.0000 (  0.0%)   0.0000 (  0.0%)   0.0000 (  0.0%)   0.0000 (  0.0%)  Basic Alias Analysis (stateless AA impl)
   0.0000 (  0.0%)   0.0000 (  0.0%)   0.0000 (  0.0%)   0.0000 (  0.0%)  Lower printf for the fpga target
   0.0000 (  0.0%)   0.0000 (  0.0%)   0.0000 (  0.0%)   0.0000 (  0.0%)  Scalar Evolution Analysis
   0.0000 (  0.0%)   0.0000 (  0.0%)   0.0000 (  0.0%)   0.0000 (  0.0%)  Post-Dominator Tree Construction
   0.0000 (  0.0%)   0.0000 (  0.0%)   0.0000 (  0.0%)   0.0000 (  0.0%)  Scalar Evolution Analysis
   0.0000 (  0.0%)   0.0000 (  0.0%)   0.0000 (  0.0%)   0.0000 (  0.0%)  Post-Dominator Tree Construction
   0.0000 (  0.0%)   0.0000 (  0.0%)   0.0000 (  0.0%)   0.0000 (  0.0%)  Scalar Evolution Analysis
   0.0000 (  0.0%)   0.0000 (  0.0%)   0.0000 (  0.0%)   0.0000 (  0.0%)  Scalar Evolution Analysis
   0.0000 (  0.0%)   0.0000 (  0.0%)   0.0000 (  0.0%)   0.0000 (  0.0%)  Basic Alias Analysis (stateless AA impl)
   0.0000 (  0.0%)   0.0000 (  0.0%)   0.0000 (  0.0%)   0.0000 (  0.0%)  Scalar Evolution Analysis
   0.0000 (  0.0%)   0.0000 (  0.0%)   0.0000 (  0.0%)   0.0000 (  0.0%)  Lazy Value Information Analysis
   0.0000 (  0.0%)   0.0000 (  0.0%)   0.0000 (  0.0%)   0.0000 (  0.0%)  Lazy Value Information Analysis
   0.0000 (  0.0%)   0.0000 (  0.0%)   0.0000 (  0.0%)   0.0000 (  0.0%)  Dominator Tree Construction
   0.0000 (  0.0%)   0.0000 (  0.0%)   0.0000 (  0.0%)   0.0000 (  0.0%)  Scalar Evolution Analysis
   0.0000 (  0.0%)   0.0000 (  0.0%)   0.0000 (  0.0%)   0.0000 (  0.0%)  Scalar Evolution Analysis
   0.0000 (  0.0%)   0.0000 (  0.0%)   0.0000 (  0.0%)   0.0000 (  0.0%)  Scalar Evolution Analysis
   0.0000 (  0.0%)   0.0000 (  0.0%)   0.0000 (  0.0%)   0.0000 (  0.0%)  Memory Dependence Analysis
   0.0000 (  0.0%)   0.0000 (  0.0%)   0.0000 (  0.0%)   0.0000 (  0.0%)  Scalar Evolution Analysis
   0.0000 (  0.0%)   0.0000 (  0.0%)   0.0000 (  0.0%)   0.0000 (  0.0%)  Basic Alias Analysis (stateless AA impl)
   0.0000 (  0.0%)   0.0000 (  0.0%)   0.0000 (  0.0%)   0.0000 (  0.0%)  Scalar Evolution Analysis
   0.0000 (  0.0%)   0.0000 (  0.0%)   0.0000 (  0.0%)   0.0000 (  0.0%)  Scalar Evolution Analysis
   0.0000 (  0.0%)   0.0000 (  0.0%)   0.0000 (  0.0%)   0.0000 (  0.0%)  Basic Alias Analysis (stateless AA impl)
   0.0000 (  0.0%)   0.0000 (  0.0%)   0.0000 (  0.0%)   0.0000 (  0.0%)  Lower BINDOP scope bundle
   0.0000 (  0.0%)   0.0000 (  0.0%)   0.0000 (  0.0%)   0.0000 (  0.0%)  Dominator Tree Construction
   0.0000 (  0.0%)   0.0000 (  0.0%)   0.0000 (  0.0%)   0.0000 (  0.0%)  Scalar Evolution Analysis
   0.0000 (  0.0%)   0.0000 (  0.0%)   0.0000 (  0.0%)   0.0000 (  0.0%)  Scalar Evolution Analysis
   0.0000 (  0.0%)   0.0000 (  0.0%)   0.0000 (  0.0%)   0.0000 (  0.0%)  Basic Alias Analysis (stateless AA impl)
   0.0000 (  0.0%)   0.0000 (  0.0%)   0.0000 (  0.0%)   0.0000 (  0.0%)  Scalar Evolution Analysis
   0.0000 (  0.0%)   0.0000 (  0.0%)   0.0000 (  0.0%)   0.0000 (  0.0%)  Scalar Evolution Analysis
   0.0000 (  0.0%)   0.0000 (  0.0%)   0.0000 (  0.0%)   0.0000 (  0.0%)  Scalar Evolution Analysis
   0.0000 (  0.0%)   0.0000 (  0.0%)   0.0000 (  0.0%)   0.0000 (  0.0%)  Scalar Evolution Analysis
   0.0000 (  0.0%)   0.0000 (  0.0%)   0.0000 (  0.0%)   0.0000 (  0.0%)  Basic Alias Analysis (stateless AA impl)
   0.0000 (  0.0%)   0.0000 (  0.0%)   0.0000 (  0.0%)   0.0000 (  0.0%)  Scalar Evolution Analysis
   0.0000 (  0.0%)   0.0000 (  0.0%)   0.0000 (  0.0%)   0.0000 (  0.0%)  Scalar Evolution Analysis
   0.0000 (  0.0%)   0.0000 (  0.0%)   0.0000 (  0.0%)   0.0000 (  0.0%)  CallGraph Construction
   0.0000 (  0.0%)   0.0000 (  0.0%)   0.0000 (  0.0%)   0.0000 (  0.0%)  Lazy Value Information Analysis
   0.0000 (  0.0%)   0.0000 (  0.0%)   0.0000 (  0.0%)   0.0000 (  0.0%)  Scalar Evolution Analysis
   0.0000 (  0.0%)   0.0000 (  0.0%)   0.0000 (  0.0%)   0.0000 (  0.0%)  Scalar Evolution Analysis
   0.0000 (  0.0%)   0.0000 (  0.0%)   0.0000 (  0.0%)   0.0000 (  0.0%)  Scalar Evolution Analysis
   0.0000 (  0.0%)   0.0000 (  0.0%)   0.0000 (  0.0%)   0.0000 (  0.0%)  Delete dead loops
   0.0000 (  0.0%)   0.0000 (  0.0%)   0.0000 (  0.0%)   0.0000 (  0.0%)  Lazy Value Information Analysis
   0.0000 (  0.0%)   0.0000 (  0.0%)   0.0000 (  0.0%)   0.0000 (  0.0%)  Basic Alias Analysis (stateless AA impl)
   0.0000 (  0.0%)   0.0000 (  0.0%)   0.0000 (  0.0%)   0.0000 (  0.0%)  Scalar Evolution Analysis
   0.0000 (  0.0%)   0.0000 (  0.0%)   0.0000 (  0.0%)   0.0000 (  0.0%)  Lazy Value Information Analysis
   0.0000 (  0.0%)   0.0000 (  0.0%)   0.0000 (  0.0%)   0.0000 (  0.0%)  Basic Alias Analysis (stateless AA impl)
   0.0000 (  0.0%)   0.0000 (  0.0%)   0.0000 (  0.0%)   0.0000 (  0.0%)  Scalar Evolution Analysis
   0.0000 (  0.0%)   0.0000 (  0.0%)   0.0000 (  0.0%)   0.0000 (  0.0%)  Natural Loop Information
   0.0000 (  0.0%)   0.0000 (  0.0%)   0.0000 (  0.0%)   0.0000 (  0.0%)  Post-Dominator Tree Construction
   0.0000 (  0.0%)   0.0000 (  0.0%)   0.0000 (  0.0%)   0.0000 (  0.0%)  Post-Dominator Tree Construction
   0.0000 (  0.0%)   0.0000 (  0.0%)   0.0000 (  0.0%)   0.0000 (  0.0%)  Scalar Evolution Analysis
   0.0000 (  0.0%)   0.0000 (  0.0%)   0.0000 (  0.0%)   0.0000 (  0.0%)  Natural Loop Information
   0.0000 (  0.0%)   0.0000 (  0.0%)   0.0000 (  0.0%)   0.0000 (  0.0%)  Scalar Evolution Analysis
   0.0000 (  0.0%)   0.0000 (  0.0%)   0.0000 (  0.0%)   0.0000 (  0.0%)  Scalar Evolution Analysis
   0.0000 (  0.0%)   0.0000 (  0.0%)   0.0000 (  0.0%)   0.0000 (  0.0%)  Dead Global Elimination
   0.0000 (  0.0%)   0.0000 (  0.0%)   0.0000 (  0.0%)   0.0000 (  0.0%)  Eliminate dead stores globally
   0.0000 (  0.0%)   0.0000 (  0.0%)   0.0000 (  0.0%)   0.0000 (  0.0%)  Preprocessing before loop rotation
   0.0000 (  0.0%)   0.0000 (  0.0%)   0.0000 (  0.0%)   0.0000 (  0.0%)  Scalar Evolution Analysis
   0.0000 (  0.0%)   0.0000 (  0.0%)   0.0000 (  0.0%)   0.0000 (  0.0%)  Scalar Evolution Analysis
   0.0000 (  0.0%)   0.0000 (  0.0%)   0.0000 (  0.0%)   0.0000 (  0.0%)  Scalar Evolution Analysis
   0.0000 (  0.0%)   0.0000 (  0.0%)   0.0000 (  0.0%)   0.0000 (  0.0%)  Scalar Evolution Analysis
   0.0000 (  0.0%)   0.0000 (  0.0%)   0.0000 (  0.0%)   0.0000 (  0.0%)  Scalar Evolution Analysis
   0.0000 (  0.0%)   0.0000 (  0.0%)   0.0000 (  0.0%)   0.0000 (  0.0%)  CallGraph Construction
   0.0000 (  0.0%)   0.0000 (  0.0%)   0.0000 (  0.0%)   0.0000 (  0.0%)  Scalar Evolution Analysis
   0.0000 (  0.0%)   0.0000 (  0.0%)   0.0000 (  0.0%)   0.0000 (  0.0%)  Scalar Evolution Analysis
   0.0000 (  0.0%)   0.0000 (  0.0%)   0.0000 (  0.0%)   0.0000 (  0.0%)  Natural Loop Information
   0.0000 (  0.0%)   0.0000 (  0.0%)   0.0000 (  0.0%)   0.0000 (  0.0%)  Dominator Tree Construction
   0.0000 (  0.0%)   0.0000 (  0.0%)   0.0000 (  0.0%)   0.0000 (  0.0%)  Scalar Evolution Analysis
   0.0000 (  0.0%)   0.0000 (  0.0%)   0.0000 (  0.0%)   0.0000 (  0.0%)  Scalar Evolution Analysis
   0.0000 (  0.0%)   0.0000 (  0.0%)   0.0000 (  0.0%)   0.0000 (  0.0%)  CallGraph Construction
   0.0000 (  0.0%)   0.0000 (  0.0%)   0.0000 (  0.0%)   0.0000 (  0.0%)  Lazy Value Information Analysis
   0.0000 (  0.0%)   0.0000 (  0.0%)   0.0000 (  0.0%)   0.0000 (  0.0%)  Scalar Evolution Analysis
   0.0000 (  0.0%)   0.0000 (  0.0%)   0.0000 (  0.0%)   0.0000 (  0.0%)  Scalar Evolution Analysis
   0.0000 (  0.0%)   0.0000 (  0.0%)   0.0000 (  0.0%)   0.0000 (  0.0%)  Promote Memory to Register
   0.0000 (  0.0%)   0.0000 (  0.0%)   0.0000 (  0.0%)   0.0000 (  0.0%)  Scalar Evolution Analysis
   0.0000 (  0.0%)   0.0000 (  0.0%)   0.0000 (  0.0%)   0.0000 (  0.0%)  Function Alias Analysis Results
   0.0000 (  0.0%)   0.0000 (  0.0%)   0.0000 (  0.0%)   0.0000 (  0.0%)  Basic Alias Analysis (stateless AA impl)
   0.0000 (  0.0%)   0.0000 (  0.0%)   0.0000 (  0.0%)   0.0000 (  0.0%)  Delete dead loops
   0.0000 (  0.0%)   0.0000 (  0.0%)   0.0000 (  0.0%)   0.0000 (  0.0%)  Dominator Tree Construction
   0.0000 (  0.0%)   0.0000 (  0.0%)   0.0000 (  0.0%)   0.0000 (  0.0%)  Scalar Evolution Analysis
   0.0000 (  0.0%)   0.0000 (  0.0%)   0.0000 (  0.0%)   0.0000 (  0.0%)  Natural Loop Information
   0.0000 (  0.0%)   0.0000 (  0.0%)   0.0000 (  0.0%)   0.0000 (  0.0%)  Function Alias Analysis Results
   0.0000 (  0.0%)   0.0000 (  0.0%)   0.0000 (  0.0%)   0.0000 (  0.0%)  Scalar Evolution Analysis
   0.0000 (  0.0%)   0.0000 (  0.0%)   0.0000 (  0.0%)   0.0000 (  0.0%)  Basic Alias Analysis (stateless AA impl)
   0.0000 (  0.0%)   0.0000 (  0.0%)   0.0000 (  0.0%)   0.0000 (  0.0%)  CallGraph Construction
   0.0000 (  0.0%)   0.0000 (  0.0%)   0.0000 (  0.0%)   0.0000 (  0.0%)  Scalar Evolution Analysis
   0.0000 (  0.0%)   0.0000 (  0.0%)   0.0000 (  0.0%)   0.0000 (  0.0%)  Scalar Evolution Analysis
   0.0000 (  0.0%)   0.0000 (  0.0%)   0.0000 (  0.0%)   0.0000 (  0.0%)  Memory Dependence Analysis
   0.0000 (  0.0%)   0.0000 (  0.0%)   0.0000 (  0.0%)   0.0000 (  0.0%)  Auto automatic array partition filter analysis
   0.0000 (  0.0%)   0.0000 (  0.0%)   0.0000 (  0.0%)   0.0000 (  0.0%)  Scalar Evolution Analysis
   0.0000 (  0.0%)   0.0000 (  0.0%)   0.0000 (  0.0%)   0.0000 (  0.0%)  Scalar Evolution Analysis
   0.0000 (  0.0%)   0.0000 (  0.0%)   0.0000 (  0.0%)   0.0000 (  0.0%)  Scalar Evolution Analysis
   0.0000 (  0.0%)   0.0000 (  0.0%)   0.0000 (  0.0%)   0.0000 (  0.0%)  Dominator Tree Construction
   0.0000 (  0.0%)   0.0000 (  0.0%)   0.0000 (  0.0%)   0.0000 (  0.0%)  Scalar Evolution Analysis
   0.0000 (  0.0%)   0.0000 (  0.0%)   0.0000 (  0.0%)   0.0000 (  0.0%)  Scalar Evolution Analysis
   0.0000 (  0.0%)   0.0000 (  0.0%)   0.0000 (  0.0%)   0.0000 (  0.0%)  Scalar Evolution Analysis
   0.0000 (  0.0%)   0.0000 (  0.0%)   0.0000 (  0.0%)   0.0000 (  0.0%)  Dominator Tree Construction
   0.0000 (  0.0%)   0.0000 (  0.0%)   0.0000 (  0.0%)   0.0000 (  0.0%)  Scalar Evolution Analysis
   0.0000 (  0.0%)   0.0000 (  0.0%)   0.0000 (  0.0%)   0.0000 (  0.0%)  Scalar Evolution Analysis
   0.0000 (  0.0%)   0.0000 (  0.0%)   0.0000 (  0.0%)   0.0000 (  0.0%)  ShiftRegInference - Automatic Shift Register Inference
   0.0000 (  0.0%)   0.0000 (  0.0%)   0.0000 (  0.0%)   0.0000 (  0.0%)  Scalar Evolution Analysis
   0.0000 (  0.0%)   0.0000 (  0.0%)   0.0000 (  0.0%)   0.0000 (  0.0%)  Rotate Loops
   0.0000 (  0.0%)   0.0000 (  0.0%)   0.0000 (  0.0%)   0.0000 (  0.0%)  Scalar Evolution Analysis
   0.0000 (  0.0%)   0.0000 (  0.0%)   0.0000 (  0.0%)   0.0000 (  0.0%)  Dominator Tree Construction
   0.0000 (  0.0%)   0.0000 (  0.0%)   0.0000 (  0.0%)   0.0000 (  0.0%)  Scalar Evolution Analysis
   0.0000 (  0.0%)   0.0000 (  0.0%)   0.0000 (  0.0%)   0.0000 (  0.0%)  Scalar Evolution Analysis
   0.0000 (  0.0%)   0.0000 (  0.0%)   0.0000 (  0.0%)   0.0000 (  0.0%)  Rotate Loops
   0.0000 (  0.0%)   0.0000 (  0.0%)   0.0000 (  0.0%)   0.0000 (  0.0%)  Scalar Evolution Analysis
   0.0000 (  0.0%)   0.0000 (  0.0%)   0.0000 (  0.0%)   0.0000 (  0.0%)  Scalar Evolution Analysis
   0.0000 (  0.0%)   0.0000 (  0.0%)   0.0000 (  0.0%)   0.0000 (  0.0%)  Scalar Evolution Analysis
   0.0000 (  0.0%)   0.0000 (  0.0%)   0.0000 (  0.0%)   0.0000 (  0.0%)  Natural Loop Information
   0.0000 (  0.0%)   0.0000 (  0.0%)   0.0000 (  0.0%)   0.0000 (  0.0%)  Scalar Evolution Analysis
   0.0000 (  0.0%)   0.0000 (  0.0%)   0.0000 (  0.0%)   0.0000 (  0.0%)  Scalar Evolution Analysis
   0.0000 (  0.0%)   0.0000 (  0.0%)   0.0000 (  0.0%)   0.0000 (  0.0%)  Natural Loop Information
   0.0000 (  0.0%)   0.0000 (  0.0%)   0.0000 (  0.0%)   0.0000 (  0.0%)  Delete dead loops
   0.0000 (  0.0%)   0.0000 (  0.0%)   0.0000 (  0.0%)   0.0000 (  0.0%)  Scalar Evolution Analysis
   0.0000 (  0.0%)   0.0000 (  0.0%)   0.0000 (  0.0%)   0.0000 (  0.0%)  Dominator Tree Construction
   0.0000 (  0.0%)   0.0000 (  0.0%)   0.0000 (  0.0%)   0.0000 (  0.0%)  Scalar Evolution Analysis
   0.0000 (  0.0%)   0.0000 (  0.0%)   0.0000 (  0.0%)   0.0000 (  0.0%)  Unify function exit nodes
   0.0000 (  0.0%)   0.0000 (  0.0%)   0.0000 (  0.0%)   0.0000 (  0.0%)  Natural Loop Information
   0.0000 (  0.0%)   0.0000 (  0.0%)   0.0000 (  0.0%)   0.0000 (  0.0%)  Scalar Evolution Analysis
   0.0000 (  0.0%)   0.0000 (  0.0%)   0.0000 (  0.0%)   0.0000 (  0.0%)  Lazy Value Information Analysis
   0.0000 (  0.0%)   0.0000 (  0.0%)   0.0000 (  0.0%)   0.0000 (  0.0%)  Critical Path Aanlysis
   0.0000 (  0.0%)   0.0000 (  0.0%)   0.0000 (  0.0%)   0.0000 (  0.0%)  Dominator Tree Construction
   0.0000 (  0.0%)   0.0000 (  0.0%)   0.0000 (  0.0%)   0.0000 (  0.0%)  Scalar Evolution Analysis
   0.0000 (  0.0%)   0.0000 (  0.0%)   0.0000 (  0.0%)   0.0000 (  0.0%)  Memory Dependence Analysis
   0.0000 (  0.0%)   0.0000 (  0.0%)   0.0000 (  0.0%)   0.0000 (  0.0%)  Scalar Evolution Analysis
   0.0000 (  0.0%)   0.0000 (  0.0%)   0.0000 (  0.0%)   0.0000 (  0.0%)  Scalar Evolution Analysis
   0.0000 (  0.0%)   0.0000 (  0.0%)   0.0000 (  0.0%)   0.0000 (  0.0%)  Auto automatic array partition filter analysis
   0.0000 (  0.0%)   0.0000 (  0.0%)   0.0000 (  0.0%)   0.0000 (  0.0%)  Lazy Value Information Analysis
   0.0000 (  0.0%)   0.0000 (  0.0%)   0.0000 (  0.0%)   0.0000 (  0.0%)  Scalar Evolution Analysis
   0.0000 (  0.0%)   0.0000 (  0.0%)   0.0000 (  0.0%)   0.0000 (  0.0%)  Memory Dependence Analysis
   0.0000 (  0.0%)   0.0000 (  0.0%)   0.0000 (  0.0%)   0.0000 (  0.0%)  Natural Loop Information
   0.0000 (  0.0%)   0.0000 (  0.0%)   0.0000 (  0.0%)   0.0000 (  0.0%)  Scalar Evolution Analysis
   0.0000 (  0.0%)   0.0000 (  0.0%)   0.0000 (  0.0%)   0.0000 (  0.0%)  Post-Dominator Tree Construction
   0.0000 (  0.0%)   0.0000 (  0.0%)   0.0000 (  0.0%)   0.0000 (  0.0%)  Natural Loop Information
   0.0000 (  0.0%)   0.0000 (  0.0%)   0.0000 (  0.0%)   0.0000 (  0.0%)  Scalar Evolution Analysis
   0.0000 (  0.0%)   0.0000 (  0.0%)   0.0000 (  0.0%)   0.0000 (  0.0%)  Natural Loop Information
   0.0000 (  0.0%)   0.0000 (  0.0%)   0.0000 (  0.0%)   0.0000 (  0.0%)  Function Alias Analysis Results
   0.0000 (  0.0%)   0.0000 (  0.0%)   0.0000 (  0.0%)   0.0000 (  0.0%)  Dominator Tree Construction
   0.0000 (  0.0%)   0.0000 (  0.0%)   0.0000 (  0.0%)   0.0000 (  0.0%)  Disaggregation preprocessing
   0.0000 (  0.0%)   0.0000 (  0.0%)   0.0000 (  0.0%)   0.0000 (  0.0%)  Basic Alias Analysis (stateless AA impl)
   0.0000 (  0.0%)   0.0000 (  0.0%)   0.0000 (  0.0%)   0.0000 (  0.0%)  Promote Memory to Register
   0.0000 (  0.0%)   0.0000 (  0.0%)   0.0000 (  0.0%)   0.0000 (  0.0%)  Scalar Evolution Analysis
   0.0000 (  0.0%)   0.0000 (  0.0%)   0.0000 (  0.0%)   0.0000 (  0.0%)  Dominator Tree Construction
   0.0000 (  0.0%)   0.0000 (  0.0%)   0.0000 (  0.0%)   0.0000 (  0.0%)  Memory Dependence Analysis
   0.0000 (  0.0%)   0.0000 (  0.0%)   0.0000 (  0.0%)   0.0000 (  0.0%)  Natural Loop Information
   0.0000 (  0.0%)   0.0000 (  0.0%)   0.0000 (  0.0%)   0.0000 (  0.0%)  Scalar Evolution Analysis
   0.0000 (  0.0%)   0.0000 (  0.0%)   0.0000 (  0.0%)   0.0000 (  0.0%)  Scalar Evolution Analysis
   0.0000 (  0.0%)   0.0000 (  0.0%)   0.0000 (  0.0%)   0.0000 (  0.0%)  Delete dead loops
   0.0000 (  0.0%)   0.0000 (  0.0%)   0.0000 (  0.0%)   0.0000 (  0.0%)  Simplify loop CFG
   0.0000 (  0.0%)   0.0000 (  0.0%)   0.0000 (  0.0%)   0.0000 (  0.0%)  Simplify loop CFG
   0.0000 (  0.0%)   0.0000 (  0.0%)   0.0000 (  0.0%)   0.0000 (  0.0%)  Memory Dependence Analysis
   0.0000 (  0.0%)   0.0000 (  0.0%)   0.0000 (  0.0%)   0.0000 (  0.0%)  Memory Dependence Analysis
   0.0000 (  0.0%)   0.0000 (  0.0%)   0.0000 (  0.0%)   0.0000 (  0.0%)  Lazy Value Information Analysis
   0.0000 (  0.0%)   0.0000 (  0.0%)   0.0000 (  0.0%)   0.0000 (  0.0%)  Scalar Evolution Analysis
   0.0000 (  0.0%)   0.0000 (  0.0%)   0.0000 (  0.0%)   0.0000 (  0.0%)  Dead Argument Elimination
   0.0000 (  0.0%)   0.0000 (  0.0%)   0.0000 (  0.0%)   0.0000 (  0.0%)  Dominator Tree Construction
   0.0000 (  0.0%)   0.0000 (  0.0%)   0.0000 (  0.0%)   0.0000 (  0.0%)  Scalar Evolution Analysis
   0.0000 (  0.0%)   0.0000 (  0.0%)   0.0000 (  0.0%)   0.0000 (  0.0%)  Scalar Evolution Analysis
   0.0000 (  0.0%)   0.0000 (  0.0%)   0.0000 (  0.0%)   0.0000 (  0.0%)  Detect single entry single exit regions
   0.0000 (  0.0%)   0.0000 (  0.0%)   0.0000 (  0.0%)   0.0000 (  0.0%)  Natural Loop Information
   0.0000 (  0.0%)   0.0000 (  0.0%)   0.0000 (  0.0%)   0.0000 (  0.0%)  Scalar Evolution Analysis
   0.0000 (  0.0%)   0.0000 (  0.0%)   0.0000 (  0.0%)   0.0000 (  0.0%)  Post-Dominator Tree Construction
   0.0000 (  0.0%)   0.0000 (  0.0%)   0.0000 (  0.0%)   0.0000 (  0.0%)  Scalar Evolution Analysis
   0.0000 (  0.0%)   0.0000 (  0.0%)   0.0000 (  0.0%)   0.0000 (  0.0%)  Dominator Tree Construction
   0.0000 (  0.0%)   0.0000 (  0.0%)   0.0000 (  0.0%)   0.0000 (  0.0%)  Dominator Tree Construction
   0.0000 (  0.0%)   0.0000 (  0.0%)   0.0000 (  0.0%)   0.0000 (  0.0%)  Scalar Evolution Analysis
   0.0000 (  0.0%)   0.0000 (  0.0%)   0.0000 (  0.0%)   0.0000 (  0.0%)  Delete dead loops
   0.0000 (  0.0%)   0.0000 (  0.0%)   0.0000 (  0.0%)   0.0000 (  0.0%)  Dominator Tree Construction
   0.0000 (  0.0%)   0.0000 (  0.0%)   0.0000 (  0.0%)   0.0000 (  0.0%)  Natural Loop Information
   0.0000 (  0.0%)   0.0000 (  0.0%)   0.0000 (  0.0%)   0.0000 (  0.0%)  Scalar Evolution Analysis
   0.0000 (  0.0%)   0.0000 (  0.0%)   0.0000 (  0.0%)   0.0000 (  0.0%)  Post-Dominator Tree Construction
   0.0000 (  0.0%)   0.0000 (  0.0%)   0.0000 (  0.0%)   0.0000 (  0.0%)  Auto automatic array partition filter analysis
   0.0000 (  0.0%)   0.0000 (  0.0%)   0.0000 (  0.0%)   0.0000 (  0.0%)  Scalar Evolution Analysis
   0.0000 (  0.0%)   0.0000 (  0.0%)   0.0000 (  0.0%)   0.0000 (  0.0%)  LayoutTransform - Layout Transform Pragma Analysis
   0.0000 (  0.0%)   0.0000 (  0.0%)   0.0000 (  0.0%)   0.0000 (  0.0%)  Dominator Tree Construction
   0.0000 (  0.0%)   0.0000 (  0.0%)   0.0000 (  0.0%)   0.0000 (  0.0%)  Natural Loop Information
   0.0000 (  0.0%)   0.0000 (  0.0%)   0.0000 (  0.0%)   0.0000 (  0.0%)  Scalar Evolution Analysis
   0.0000 (  0.0%)   0.0000 (  0.0%)   0.0000 (  0.0%)   0.0000 (  0.0%)  Promote Memory to Register
   0.0000 (  0.0%)   0.0000 (  0.0%)   0.0000 (  0.0%)   0.0000 (  0.0%)  Scalar Evolution Analysis
   0.0000 (  0.0%)   0.0000 (  0.0%)   0.0000 (  0.0%)   0.0000 (  0.0%)  Scalar Evolution Analysis
   0.0000 (  0.0%)   0.0000 (  0.0%)   0.0000 (  0.0%)   0.0000 (  0.0%)  Scalar Evolution Analysis
   0.0000 (  0.0%)   0.0000 (  0.0%)   0.0000 (  0.0%)   0.0000 (  0.0%)  Auto automatic array partition filter analysis
   0.0000 (  0.0%)   0.0000 (  0.0%)   0.0000 (  0.0%)   0.0000 (  0.0%)  Scalar Evolution Analysis
   0.0000 (  0.0%)   0.0000 (  0.0%)   0.0000 (  0.0%)   0.0000 (  0.0%)  Memory Dependence Analysis
   0.0000 (  0.0%)   0.0000 (  0.0%)   0.0000 (  0.0%)   0.0000 (  0.0%)  Dominator Tree Construction
   0.0000 (  0.0%)   0.0000 (  0.0%)   0.0000 (  0.0%)   0.0000 (  0.0%)  Scalar Evolution Analysis
   0.0000 (  0.0%)   0.0000 (  0.0%)   0.0000 (  0.0%)   0.0000 (  0.0%)  Scalar Evolution Analysis
   0.0000 (  0.0%)   0.0000 (  0.0%)   0.0000 (  0.0%)   0.0000 (  0.0%)  Natural Loop Information
   0.0000 (  0.0%)   0.0000 (  0.0%)   0.0000 (  0.0%)   0.0000 (  0.0%)  Basic Alias Analysis (stateless AA impl)
   0.0000 (  0.0%)   0.0000 (  0.0%)   0.0000 (  0.0%)   0.0000 (  0.0%)  Aggressive Dead Code Elimination
   0.0000 (  0.0%)   0.0000 (  0.0%)   0.0000 (  0.0%)   0.0000 (  0.0%)  Memory Dependence Analysis
   0.0000 (  0.0%)   0.0000 (  0.0%)   0.0000 (  0.0%)   0.0000 (  0.0%)  Dominator Tree Construction
   0.0000 (  0.0%)   0.0000 (  0.0%)   0.0000 (  0.0%)   0.0000 (  0.0%)  Control Dependence Analysis
   0.0000 (  0.0%)   0.0000 (  0.0%)   0.0000 (  0.0%)   0.0000 (  0.0%)  Memory Dependence Analysis
   0.0000 (  0.0%)   0.0000 (  0.0%)   0.0000 (  0.0%)   0.0000 (  0.0%)  Memory Dependence Analysis
   0.0000 (  0.0%)   0.0000 (  0.0%)   0.0000 (  0.0%)   0.0000 (  0.0%)  Scalar Evolution Analysis
   0.0000 (  0.0%)   0.0000 (  0.0%)   0.0000 (  0.0%)   0.0000 (  0.0%)  Memory Dependence Analysis
   0.0000 (  0.0%)   0.0000 (  0.0%)   0.0000 (  0.0%)   0.0000 (  0.0%)  Scalar Evolution Analysis
   0.0000 (  0.0%)   0.0000 (  0.0%)   0.0000 (  0.0%)   0.0000 (  0.0%)  Natural Loop Information
   0.0000 (  0.0%)   0.0000 (  0.0%)   0.0000 (  0.0%)   0.0000 (  0.0%)  Memory Dependence Analysis
   0.0000 (  0.0%)   0.0000 (  0.0%)   0.0000 (  0.0%)   0.0000 (  0.0%)  Memory Dependence Analysis
   0.0000 (  0.0%)   0.0000 (  0.0%)   0.0000 (  0.0%)   0.0000 (  0.0%)  Rotate Loops
   0.0000 (  0.0%)   0.0000 (  0.0%)   0.0000 (  0.0%)   0.0000 (  0.0%)  Memory Dependence Analysis
   0.0000 (  0.0%)   0.0000 (  0.0%)   0.0000 (  0.0%)   0.0000 (  0.0%)  Memory Dependence Analysis
   0.0000 (  0.0%)   0.0000 (  0.0%)   0.0000 (  0.0%)   0.0000 (  0.0%)  Post-Dominator Tree Construction
   0.0000 (  0.0%)   0.0000 (  0.0%)   0.0000 (  0.0%)   0.0000 (  0.0%)  Memory Dependence Analysis
   0.0000 (  0.0%)   0.0000 (  0.0%)   0.0000 (  0.0%)   0.0000 (  0.0%)  Scalar Evolution Analysis
   0.0000 (  0.0%)   0.0000 (  0.0%)   0.0000 (  0.0%)   0.0000 (  0.0%)  Memory Dependence Analysis
   0.0000 (  0.0%)   0.0000 (  0.0%)   0.0000 (  0.0%)   0.0000 (  0.0%)  Outline pipeline stages
   0.0000 (  0.0%)   0.0000 (  0.0%)   0.0000 (  0.0%)   0.0000 (  0.0%)  Memory Dependence Analysis
   0.0000 (  0.0%)   0.0000 (  0.0%)   0.0000 (  0.0%)   0.0000 (  0.0%)  Infer direct input/output accesses
   0.0000 (  0.0%)   0.0000 (  0.0%)   0.0000 (  0.0%)   0.0000 (  0.0%)  Natural Loop Information
   0.0000 (  0.0%)   0.0000 (  0.0%)   0.0000 (  0.0%)   0.0000 (  0.0%)  Natural Loop Information
   0.0000 (  0.0%)   0.0000 (  0.0%)   0.0000 (  0.0%)   0.0000 (  0.0%)  Function Alias Analysis Results
   0.0000 (  0.0%)   0.0000 (  0.0%)   0.0000 (  0.0%)   0.0000 (  0.0%)  Function Alias Analysis Results
   0.0000 (  0.0%)   0.0000 (  0.0%)   0.0000 (  0.0%)   0.0000 (  0.0%)  Dominator Tree Construction
   0.0000 (  0.0%)   0.0000 (  0.0%)   0.0000 (  0.0%)   0.0000 (  0.0%)  Natural Loop Information
   0.0000 (  0.0%)   0.0000 (  0.0%)   0.0000 (  0.0%)   0.0000 (  0.0%)  Memory Dependence Analysis
   0.0000 (  0.0%)   0.0000 (  0.0%)   0.0000 (  0.0%)   0.0000 (  0.0%)  Memory Dependence Analysis
   0.0000 (  0.0%)   0.0000 (  0.0%)   0.0000 (  0.0%)   0.0000 (  0.0%)  Natural Loop Information
   0.0000 (  0.0%)   0.0000 (  0.0%)   0.0000 (  0.0%)   0.0000 (  0.0%)  Dominator Tree Construction
   0.0000 (  0.0%)   0.0000 (  0.0%)   0.0000 (  0.0%)   0.0000 (  0.0%)  Post-Dominator Tree Construction
   0.0000 (  0.0%)   0.0000 (  0.0%)   0.0000 (  0.0%)   0.0000 (  0.0%)  Reflow auto unroll loops
   0.0000 (  0.0%)   0.0000 (  0.0%)   0.0000 (  0.0%)   0.0000 (  0.0%)  Memory Dependence Analysis
   0.0000 (  0.0%)   0.0000 (  0.0%)   0.0000 (  0.0%)   0.0000 (  0.0%)  Memory Dependence Analysis
   0.0000 (  0.0%)   0.0000 (  0.0%)   0.0000 (  0.0%)   0.0000 (  0.0%)  Memory Dependence Analysis
   0.0000 (  0.0%)   0.0000 (  0.0%)   0.0000 (  0.0%)   0.0000 (  0.0%)  ArrayReshape - Reshape Arrays into Wider Arrays
   0.0000 (  0.0%)   0.0000 (  0.0%)   0.0000 (  0.0%)   0.0000 (  0.0%)  Memory Dependence Analysis
   0.0000 (  0.0%)   0.0000 (  0.0%)   0.0000 (  0.0%)   0.0000 (  0.0%)  Promote Memory to Register
   0.0000 (  0.0%)   0.0000 (  0.0%)   0.0000 (  0.0%)   0.0000 (  0.0%)  Memory Dependence Analysis
   0.0000 (  0.0%)   0.0000 (  0.0%)   0.0000 (  0.0%)   0.0000 (  0.0%)  Memory Dependence Analysis
   0.0000 (  0.0%)   0.0000 (  0.0%)   0.0000 (  0.0%)   0.0000 (  0.0%)  Simplify loop CFG
   0.0000 (  0.0%)   0.0000 (  0.0%)   0.0000 (  0.0%)   0.0000 (  0.0%)  Memory Dependence Analysis
   0.0000 (  0.0%)   0.0000 (  0.0%)   0.0000 (  0.0%)   0.0000 (  0.0%)  Dominator Tree Construction
   0.0000 (  0.0%)   0.0000 (  0.0%)   0.0000 (  0.0%)   0.0000 (  0.0%)  Memory Dependence Analysis
   0.0000 (  0.0%)   0.0000 (  0.0%)   0.0000 (  0.0%)   0.0000 (  0.0%)  Memory Dependence Analysis
   0.0000 (  0.0%)   0.0000 (  0.0%)   0.0000 (  0.0%)   0.0000 (  0.0%)  Dominator Tree Construction
   0.0000 (  0.0%)   0.0000 (  0.0%)   0.0000 (  0.0%)   0.0000 (  0.0%)  Memory Dependence Analysis
   0.0000 (  0.0%)   0.0000 (  0.0%)   0.0000 (  0.0%)   0.0000 (  0.0%)  Memory Dependence Analysis
   0.0000 (  0.0%)   0.0000 (  0.0%)   0.0000 (  0.0%)   0.0000 (  0.0%)  Simplify loop CFG
   0.0000 (  0.0%)   0.0000 (  0.0%)   0.0000 (  0.0%)   0.0000 (  0.0%)  Lazy Value Information Analysis
   0.0000 (  0.0%)   0.0000 (  0.0%)   0.0000 (  0.0%)   0.0000 (  0.0%)  Control Dependence Analysis
   0.0000 (  0.0%)   0.0000 (  0.0%)   0.0000 (  0.0%)   0.0000 (  0.0%)  Dominance Frontier Construction
   0.0000 (  0.0%)   0.0000 (  0.0%)   0.0000 (  0.0%)   0.0000 (  0.0%)  Simplify loop CFG
   0.0000 (  0.0%)   0.0000 (  0.0%)   0.0000 (  0.0%)   0.0000 (  0.0%)  Predicate analysis under a loop context
   0.0000 (  0.0%)   0.0000 (  0.0%)   0.0000 (  0.0%)   0.0000 (  0.0%)  Dominator Tree Construction
   0.0000 (  0.0%)   0.0000 (  0.0%)   0.0000 (  0.0%)   0.0000 (  0.0%)  Memory Dependence Analysis
   0.0000 (  0.0%)   0.0000 (  0.0%)   0.0000 (  0.0%)   0.0000 (  0.0%)  Critical Path Aanlysis
   0.0000 (  0.0%)   0.0000 (  0.0%)   0.0000 (  0.0%)   0.0000 (  0.0%)  Basic Alias Analysis (stateless AA impl)
   0.0000 (  0.0%)   0.0000 (  0.0%)   0.0000 (  0.0%)   0.0000 (  0.0%)  Natural Loop Information
   0.0000 (  0.0%)   0.0000 (  0.0%)   0.0000 (  0.0%)   0.0000 (  0.0%)  Basic Alias Analysis (stateless AA impl)
   0.0000 (  0.0%)   0.0000 (  0.0%)   0.0000 (  0.0%)   0.0000 (  0.0%)  Memory Dependence Analysis
   0.0000 (  0.0%)   0.0000 (  0.0%)   0.0000 (  0.0%)   0.0000 (  0.0%)  Lazy Branch Probability Analysis
   0.0000 (  0.0%)   0.0000 (  0.0%)   0.0000 (  0.0%)   0.0000 (  0.0%)  Infer workgroup size for opencl Kernel
   0.0000 (  0.0%)   0.0000 (  0.0%)   0.0000 (  0.0%)   0.0000 (  0.0%)  Lazy Branch Probability Analysis
   0.0000 (  0.0%)   0.0000 (  0.0%)   0.0000 (  0.0%)   0.0000 (  0.0%)  Memory Dependence Analysis
   0.0000 (  0.0%)   0.0000 (  0.0%)   0.0000 (  0.0%)   0.0000 (  0.0%)  Basic Alias Analysis (stateless AA impl)
   0.0000 (  0.0%)   0.0000 (  0.0%)   0.0000 (  0.0%)   0.0000 (  0.0%)  Memory Dependence Analysis
   0.0000 (  0.0%)   0.0000 (  0.0%)   0.0000 (  0.0%)   0.0000 (  0.0%)  LayoutTransform - Layout Transform Pragma Analysis
   0.0000 (  0.0%)   0.0000 (  0.0%)   0.0000 (  0.0%)   0.0000 (  0.0%)  Memory Dependence Analysis
   0.0000 (  0.0%)   0.0000 (  0.0%)   0.0000 (  0.0%)   0.0000 (  0.0%)  Loop Access Analysis
   0.0000 (  0.0%)   0.0000 (  0.0%)   0.0000 (  0.0%)   0.0000 (  0.0%)  Memory Dependence Analysis
   0.0000 (  0.0%)   0.0000 (  0.0%)   0.0000 (  0.0%)   0.0000 (  0.0%)  SeqAccessesInference - Infer Sequential accesses for HLS C/C++
   0.0000 (  0.0%)   0.0000 (  0.0%)   0.0000 (  0.0%)   0.0000 (  0.0%)  Memory Dependence Analysis
   0.0000 (  0.0%)   0.0000 (  0.0%)   0.0000 (  0.0%)   0.0000 (  0.0%)  Basic Alias Analysis (stateless AA impl)
   0.0000 (  0.0%)   0.0000 (  0.0%)   0.0000 (  0.0%)   0.0000 (  0.0%)  Memory Dependence Analysis
   0.0000 (  0.0%)   0.0000 (  0.0%)   0.0000 (  0.0%)   0.0000 (  0.0%)  Simplify loop CFG
   0.0000 (  0.0%)   0.0000 (  0.0%)   0.0000 (  0.0%)   0.0000 (  0.0%)  Memory Dependence Analysis
   0.0000 (  0.0%)   0.0000 (  0.0%)   0.0000 (  0.0%)   0.0000 (  0.0%)  Memory Dependence Analysis
   0.0000 (  0.0%)   0.0000 (  0.0%)   0.0000 (  0.0%)   0.0000 (  0.0%)  Function Alias Analysis Results
   0.0000 (  0.0%)   0.0000 (  0.0%)   0.0000 (  0.0%)   0.0000 (  0.0%)  Basic Alias Analysis (stateless AA impl)
   0.0000 (  0.0%)   0.0000 (  0.0%)   0.0000 (  0.0%)   0.0000 (  0.0%)  Scalar Evolution Canonicalization
   0.0000 (  0.0%)   0.0000 (  0.0%)   0.0000 (  0.0%)   0.0000 (  0.0%)  Function Alias Analysis Results
   0.0000 (  0.0%)   0.0000 (  0.0%)   0.0000 (  0.0%)   0.0000 (  0.0%)  Dominator Tree Construction
   0.0000 (  0.0%)   0.0000 (  0.0%)   0.0000 (  0.0%)   0.0000 (  0.0%)  LayoutTransform - Layout Transform Pragma Analysis
   0.0000 (  0.0%)   0.0000 (  0.0%)   0.0000 (  0.0%)   0.0000 (  0.0%)  Lazy Branch Probability Analysis
   0.0000 (  0.0%)   0.0000 (  0.0%)   0.0000 (  0.0%)   0.0000 (  0.0%)  Basic Alias Analysis (stateless AA impl)
   0.0000 (  0.0%)   0.0000 (  0.0%)   0.0000 (  0.0%)   0.0000 (  0.0%)  Dependence Analysis
   0.0000 (  0.0%)   0.0000 (  0.0%)   0.0000 (  0.0%)   0.0000 (  0.0%)  Memory Dependence Analysis
   0.0000 (  0.0%)   0.0000 (  0.0%)   0.0000 (  0.0%)   0.0000 (  0.0%)  Scalar Evolution Analysis
   0.0000 (  0.0%)   0.0000 (  0.0%)   0.0000 (  0.0%)   0.0000 (  0.0%)  Basic Alias Analysis (stateless AA impl)
   0.0000 (  0.0%)   0.0000 (  0.0%)   0.0000 (  0.0%)   0.0000 (  0.0%)  Scalar Evolution Analysis
   0.0000 (  0.0%)   0.0000 (  0.0%)   0.0000 (  0.0%)   0.0000 (  0.0%)  Memory Dependence Analysis
   0.0000 (  0.0%)   0.0000 (  0.0%)   0.0000 (  0.0%)   0.0000 (  0.0%)  Natural Loop Information
   0.0000 (  0.0%)   0.0000 (  0.0%)   0.0000 (  0.0%)   0.0000 (  0.0%)  Memory Dependence Analysis
   0.0000 (  0.0%)   0.0000 (  0.0%)   0.0000 (  0.0%)   0.0000 (  0.0%)  Lazy Branch Probability Analysis
   0.0000 (  0.0%)   0.0000 (  0.0%)   0.0000 (  0.0%)   0.0000 (  0.0%)  Lazy Value Information Analysis
   0.0000 (  0.0%)   0.0000 (  0.0%)   0.0000 (  0.0%)   0.0000 (  0.0%)  Post-Dominator Tree Construction
   0.0000 (  0.0%)   0.0000 (  0.0%)   0.0000 (  0.0%)   0.0000 (  0.0%)  Memory Dependence Analysis
   0.0000 (  0.0%)   0.0000 (  0.0%)   0.0000 (  0.0%)   0.0000 (  0.0%)  Memory Dependence Analysis
   0.0000 (  0.0%)   0.0000 (  0.0%)   0.0000 (  0.0%)   0.0000 (  0.0%)  Basic Alias Analysis (stateless AA impl)
   0.0000 (  0.0%)   0.0000 (  0.0%)   0.0000 (  0.0%)   0.0000 (  0.0%)  Memory Dependence Analysis
   0.0000 (  0.0%)   0.0000 (  0.0%)   0.0000 (  0.0%)   0.0000 (  0.0%)  Memory Dependence Analysis
   0.0000 (  0.0%)   0.0000 (  0.0%)   0.0000 (  0.0%)   0.0000 (  0.0%)  Scalar Evolution Canonicalization
   0.0000 (  0.0%)   0.0000 (  0.0%)   0.0000 (  0.0%)   0.0000 (  0.0%)  Dependence Analysis
   0.0000 (  0.0%)   0.0000 (  0.0%)   0.0000 (  0.0%)   0.0000 (  0.0%)  Basic Alias Analysis (stateless AA impl)
   0.0000 (  0.0%)   0.0000 (  0.0%)   0.0000 (  0.0%)   0.0000 (  0.0%)  Dominator Tree Construction
   0.0000 (  0.0%)   0.0000 (  0.0%)   0.0000 (  0.0%)   0.0000 (  0.0%)  Basic Alias Analysis (stateless AA impl)
   0.0000 (  0.0%)   0.0000 (  0.0%)   0.0000 (  0.0%)   0.0000 (  0.0%)  ScalarEvolution-based Alias Analysis
   0.0000 (  0.0%)   0.0000 (  0.0%)   0.0000 (  0.0%)   0.0000 (  0.0%)  Predicate SPIR Kernels
   0.0000 (  0.0%)   0.0000 (  0.0%)   0.0000 (  0.0%)   0.0000 (  0.0%)  Scalar Evolution Analysis
   0.0000 (  0.0%)   0.0000 (  0.0%)   0.0000 (  0.0%)   0.0000 (  0.0%)  Function duplication
   0.0000 (  0.0%)   0.0000 (  0.0%)   0.0000 (  0.0%)   0.0000 (  0.0%)  Critical Path Aanlysis
   0.0000 (  0.0%)   0.0000 (  0.0%)   0.0000 (  0.0%)   0.0000 (  0.0%)  Optimization Remark Emitter
   0.0000 (  0.0%)   0.0000 (  0.0%)   0.0000 (  0.0%)   0.0000 (  0.0%)  Lazy Value Information Analysis
   0.0000 (  0.0%)   0.0000 (  0.0%)   0.0000 (  0.0%)   0.0000 (  0.0%)  Lazy Branch Probability Analysis
   0.0000 (  0.0%)   0.0000 (  0.0%)   0.0000 (  0.0%)   0.0000 (  0.0%)  Memory Dependence Analysis
   0.0000 (  0.0%)   0.0000 (  0.0%)   0.0000 (  0.0%)   0.0000 (  0.0%)  Memory Dependence Analysis
   0.0000 (  0.0%)   0.0000 (  0.0%)   0.0000 (  0.0%)   0.0000 (  0.0%)  Optimization Remark Emitter
   0.0000 (  0.0%)   0.0000 (  0.0%)   0.0000 (  0.0%)   0.0000 (  0.0%)  Memory Dependence Analysis
   0.0000 (  0.0%)   0.0000 (  0.0%)   0.0000 (  0.0%)   0.0000 (  0.0%)  ScalarEvolution-based Alias Analysis
   0.0000 (  0.0%)   0.0000 (  0.0%)   0.0000 (  0.0%)   0.0000 (  0.0%)  Shrink Synchronization Regions in SPMD program to reduce CFG complexity
   0.0000 (  0.0%)   0.0000 (  0.0%)   0.0000 (  0.0%)   0.0000 (  0.0%)  Lazy Value Information Analysis
   0.0000 (  0.0%)   0.0000 (  0.0%)   0.0000 (  0.0%)   0.0000 (  0.0%)  Natural Loop Information
   0.0000 (  0.0%)   0.0000 (  0.0%)   0.0000 (  0.0%)   0.0000 (  0.0%)  Lazy Branch Probability Analysis
   0.0000 (  0.0%)   0.0000 (  0.0%)   0.0000 (  0.0%)   0.0000 (  0.0%)  Natural Loop Information
   0.0000 (  0.0%)   0.0000 (  0.0%)   0.0000 (  0.0%)   0.0000 (  0.0%)  Basic Alias Analysis (stateless AA impl)
   0.0000 (  0.0%)   0.0000 (  0.0%)   0.0000 (  0.0%)   0.0000 (  0.0%)  Basic Alias Analysis (stateless AA impl)
   0.0000 (  0.0%)   0.0000 (  0.0%)   0.0000 (  0.0%)   0.0000 (  0.0%)  ScalarEvolution-based Alias Analysis
   0.0000 (  0.0%)   0.0000 (  0.0%)   0.0000 (  0.0%)   0.0000 (  0.0%)  Lazy Branch Probability Analysis
   0.0000 (  0.0%)   0.0000 (  0.0%)   0.0000 (  0.0%)   0.0000 (  0.0%)  Memory Dependence Analysis
   0.0000 (  0.0%)   0.0000 (  0.0%)   0.0000 (  0.0%)   0.0000 (  0.0%)  Memory Dependence Analysis
   0.0000 (  0.0%)   0.0000 (  0.0%)   0.0000 (  0.0%)   0.0000 (  0.0%)  Natural Loop Information
   0.0000 (  0.0%)   0.0000 (  0.0%)   0.0000 (  0.0%)   0.0000 (  0.0%)  Analyze occurrence information
   0.0000 (  0.0%)   0.0000 (  0.0%)   0.0000 (  0.0%)   0.0000 (  0.0%)  Optimization Remark Emitter
   0.0000 (  0.0%)   0.0000 (  0.0%)   0.0000 (  0.0%)   0.0000 (  0.0%)  Memory Dependence Analysis
   0.0000 (  0.0%)   0.0000 (  0.0%)   0.0000 (  0.0%)   0.0000 (  0.0%)  LCSSA Verifier
   0.0000 (  0.0%)   0.0000 (  0.0%)   0.0000 (  0.0%)   0.0000 (  0.0%)  Lazy Value Information Analysis
   0.0000 (  0.0%)   0.0000 (  0.0%)   0.0000 (  0.0%)   0.0000 (  0.0%)  Predicate analysis under a loop context
   0.0000 (  0.0%)   0.0000 (  0.0%)   0.0000 (  0.0%)   0.0000 (  0.0%)  Natural Loop Information
   0.0000 (  0.0%)   0.0000 (  0.0%)   0.0000 (  0.0%)   0.0000 (  0.0%)  Optimization Remark Emitter
   0.0000 (  0.0%)   0.0000 (  0.0%)   0.0000 (  0.0%)   0.0000 (  0.0%)  Dominator Tree Construction
   0.0000 (  0.0%)   0.0000 (  0.0%)   0.0000 (  0.0%)   0.0000 (  0.0%)  Memory Dependence Analysis
   0.0000 (  0.0%)   0.0000 (  0.0%)   0.0000 (  0.0%)   0.0000 (  0.0%)  Basic Alias Analysis (stateless AA impl)
   0.0000 (  0.0%)   0.0000 (  0.0%)   0.0000 (  0.0%)   0.0000 (  0.0%)  Build Synchronization Regions in SPMD program
   0.0000 (  0.0%)   0.0000 (  0.0%)   0.0000 (  0.0%)   0.0000 (  0.0%)  Natural Loop Information
   0.0000 (  0.0%)   0.0000 (  0.0%)   0.0000 (  0.0%)   0.0000 (  0.0%)  Lazy Block Frequency Analysis
   0.0000 (  0.0%)   0.0000 (  0.0%)   0.0000 (  0.0%)   0.0000 (  0.0%)  Basic Alias Analysis (stateless AA impl)
   0.0000 (  0.0%)   0.0000 (  0.0%)   0.0000 (  0.0%)   0.0000 (  0.0%)  Scalar Evolution Canonicalization
   0.0000 (  0.0%)   0.0000 (  0.0%)   0.0000 (  0.0%)   0.0000 (  0.0%)  Basic Alias Analysis (stateless AA impl)
   0.0000 (  0.0%)   0.0000 (  0.0%)   0.0000 (  0.0%)   0.0000 (  0.0%)  Entirety access check on array-to-stream
   0.0000 (  0.0%)   0.0000 (  0.0%)   0.0000 (  0.0%)   0.0000 (  0.0%)  Lazy Block Frequency Analysis
   0.0000 (  0.0%)   0.0000 (  0.0%)   0.0000 (  0.0%)   0.0000 (  0.0%)  Basic Alias Analysis (stateless AA impl)
   0.0000 (  0.0%)   0.0000 (  0.0%)   0.0000 (  0.0%)   0.0000 (  0.0%)  Basic Alias Analysis (stateless AA impl)
   0.0000 (  0.0%)   0.0000 (  0.0%)   0.0000 (  0.0%)   0.0000 (  0.0%)  Natural Loop Information
   0.0000 (  0.0%)   0.0000 (  0.0%)   0.0000 (  0.0%)   0.0000 (  0.0%)  SPIRUpdateIntrRange - Update SPIR Intrinsics Metadata
   0.0000 (  0.0%)   0.0000 (  0.0%)   0.0000 (  0.0%)   0.0000 (  0.0%)  Optimization Remark Emitter
   0.0000 (  0.0%)   0.0000 (  0.0%)   0.0000 (  0.0%)   0.0000 (  0.0%)  Basic Alias Analysis (stateless AA impl)
   0.0000 (  0.0%)   0.0000 (  0.0%)   0.0000 (  0.0%)   0.0000 (  0.0%)  Lazy Branch Probability Analysis
   0.0000 (  0.0%)   0.0000 (  0.0%)   0.0000 (  0.0%)   0.0000 (  0.0%)  Scalar Evolution Canonicalization
   0.0000 (  0.0%)   0.0000 (  0.0%)   0.0000 (  0.0%)   0.0000 (  0.0%)  Lazy Branch Probability Analysis
   0.0000 (  0.0%)   0.0000 (  0.0%)   0.0000 (  0.0%)   0.0000 (  0.0%)  Basic Alias Analysis (stateless AA impl)
   0.0000 (  0.0%)   0.0000 (  0.0%)   0.0000 (  0.0%)   0.0000 (  0.0%)  Lazy Block Frequency Analysis
   0.0000 (  0.0%)   0.0000 (  0.0%)   0.0000 (  0.0%)   0.0000 (  0.0%)  Optimization Remark Emitter
   0.0000 (  0.0%)   0.0000 (  0.0%)   0.0000 (  0.0%)   0.0000 (  0.0%)  Critical Path Aanlysis
   0.0000 (  0.0%)   0.0000 (  0.0%)   0.0000 (  0.0%)   0.0000 (  0.0%)  Lazy Branch Probability Analysis
   0.0000 (  0.0%)   0.0000 (  0.0%)   0.0000 (  0.0%)   0.0000 (  0.0%)  ScalarEvolution-based Alias Analysis
   0.0000 (  0.0%)   0.0000 (  0.0%)   0.0000 (  0.0%)   0.0000 (  0.0%)  Basic Alias Analysis (stateless AA impl)
   0.0000 (  0.0%)   0.0000 (  0.0%)   0.0000 (  0.0%)   0.0000 (  0.0%)  Build loop flatten cost model
   0.0000 (  0.0%)   0.0000 (  0.0%)   0.0000 (  0.0%)   0.0000 (  0.0%)  Optimization Remark Emitter
   0.0000 (  0.0%)   0.0000 (  0.0%)   0.0000 (  0.0%)   0.0000 (  0.0%)  Basic Alias Analysis (stateless AA impl)
   0.0000 (  0.0%)   0.0000 (  0.0%)   0.0000 (  0.0%)   0.0000 (  0.0%)  Optimization Remark Emitter
   0.0000 (  0.0%)   0.0000 (  0.0%)   0.0000 (  0.0%)   0.0000 (  0.0%)  Memory Dependence Analysis
   0.0000 (  0.0%)   0.0000 (  0.0%)   0.0000 (  0.0%)   0.0000 (  0.0%)  Lazy Block Frequency Analysis
   0.0000 (  0.0%)   0.0000 (  0.0%)   0.0000 (  0.0%)   0.0000 (  0.0%)  Basic Alias Analysis (stateless AA impl)
   0.0000 (  0.0%)   0.0000 (  0.0%)   0.0000 (  0.0%)   0.0000 (  0.0%)  Memory Dependence Analysis
   0.0000 (  0.0%)   0.0000 (  0.0%)   0.0000 (  0.0%)   0.0000 (  0.0%)  ScalarEvolution-based Alias Analysis
   0.0000 (  0.0%)   0.0000 (  0.0%)   0.0000 (  0.0%)   0.0000 (  0.0%)  Lazy Branch Probability Analysis
   0.0000 (  0.0%)   0.0000 (  0.0%)   0.0000 (  0.0%)   0.0000 (  0.0%)  Dead Global Elimination
   0.0000 (  0.0%)   0.0000 (  0.0%)   0.0000 (  0.0%)   0.0000 (  0.0%)  Memory Dependence Analysis
   0.0000 (  0.0%)   0.0000 (  0.0%)   0.0000 (  0.0%)   0.0000 (  0.0%)  Scalar Evolution Canonicalization
   0.0000 (  0.0%)   0.0000 (  0.0%)   0.0000 (  0.0%)   0.0000 (  0.0%)  Optimization Remark Emitter
   0.0000 (  0.0%)   0.0000 (  0.0%)   0.0000 (  0.0%)   0.0000 (  0.0%)  Basic Alias Analysis (stateless AA impl)
   0.0000 (  0.0%)   0.0000 (  0.0%)   0.0000 (  0.0%)   0.0000 (  0.0%)  Basic Alias Analysis (stateless AA impl)
   0.0000 (  0.0%)   0.0000 (  0.0%)   0.0000 (  0.0%)   0.0000 (  0.0%)  LCSSA Verifier
   0.0000 (  0.0%)   0.0000 (  0.0%)   0.0000 (  0.0%)   0.0000 (  0.0%)  Basic Alias Analysis (stateless AA impl)
   0.0000 (  0.0%)   0.0000 (  0.0%)   0.0000 (  0.0%)   0.0000 (  0.0%)  Lazy Branch Probability Analysis
   0.0000 (  0.0%)   0.0000 (  0.0%)   0.0000 (  0.0%)   0.0000 (  0.0%)  Lazy Branch Probability Analysis
   0.0000 (  0.0%)   0.0000 (  0.0%)   0.0000 (  0.0%)   0.0000 (  0.0%)  InterfaceCheck - Check Interface
   0.0000 (  0.0%)   0.0000 (  0.0%)   0.0000 (  0.0%)   0.0000 (  0.0%)  Memory Dependence Analysis
   0.0000 (  0.0%)   0.0000 (  0.0%)   0.0000 (  0.0%)   0.0000 (  0.0%)  ScalarEvolution-based Alias Analysis
   0.0000 (  0.0%)   0.0000 (  0.0%)   0.0000 (  0.0%)   0.0000 (  0.0%)  ScalarEvolution-based Alias Analysis
   0.0000 (  0.0%)   0.0000 (  0.0%)   0.0000 (  0.0%)   0.0000 (  0.0%)  ScalarEvolution-based Alias Analysis
   0.0000 (  0.0%)   0.0000 (  0.0%)   0.0000 (  0.0%)   0.0000 (  0.0%)  Optimization Remark Emitter
   0.0000 (  0.0%)   0.0000 (  0.0%)   0.0000 (  0.0%)   0.0000 (  0.0%)  Basic Alias Analysis (stateless AA impl)
   0.0000 (  0.0%)   0.0000 (  0.0%)   0.0000 (  0.0%)   0.0000 (  0.0%)  Basic Alias Analysis (stateless AA impl)
   0.0000 (  0.0%)   0.0000 (  0.0%)   0.0000 (  0.0%)   0.0000 (  0.0%)  Memory Dependence Analysis
   0.0000 (  0.0%)   0.0000 (  0.0%)   0.0000 (  0.0%)   0.0000 (  0.0%)  Lazy Branch Probability Analysis
   0.0000 (  0.0%)   0.0000 (  0.0%)   0.0000 (  0.0%)   0.0000 (  0.0%)  Basic Alias Analysis (stateless AA impl)
   0.0000 (  0.0%)   0.0000 (  0.0%)   0.0000 (  0.0%)   0.0000 (  0.0%)  Basic Alias Analysis (stateless AA impl)
   0.0000 (  0.0%)   0.0000 (  0.0%)   0.0000 (  0.0%)   0.0000 (  0.0%)  Lazy Branch Probability Analysis
   0.0000 (  0.0%)   0.0000 (  0.0%)   0.0000 (  0.0%)   0.0000 (  0.0%)  Basic Alias Analysis (stateless AA impl)
   0.0000 (  0.0%)   0.0000 (  0.0%)   0.0000 (  0.0%)   0.0000 (  0.0%)  Lazy Block Frequency Analysis
   0.0000 (  0.0%)   0.0000 (  0.0%)   0.0000 (  0.0%)   0.0000 (  0.0%)  Lazy Branch Probability Analysis
   0.0000 (  0.0%)   0.0000 (  0.0%)   0.0000 (  0.0%)   0.0000 (  0.0%)  Scalar Evolution Canonicalization
   0.0000 (  0.0%)   0.0000 (  0.0%)   0.0000 (  0.0%)   0.0000 (  0.0%)  ScalarEvolution-based Alias Analysis
   0.0000 (  0.0%)   0.0000 (  0.0%)   0.0000 (  0.0%)   0.0000 (  0.0%)  Memory Dependence Analysis
   0.0000 (  0.0%)   0.0000 (  0.0%)   0.0000 (  0.0%)   0.0000 (  0.0%)  Lazy Branch Probability Analysis
   0.0000 (  0.0%)   0.0000 (  0.0%)   0.0000 (  0.0%)   0.0000 (  0.0%)  Lazy Branch Probability Analysis
   0.0000 (  0.0%)   0.0000 (  0.0%)   0.0000 (  0.0%)   0.0000 (  0.0%)  Memory Dependence Analysis
   0.0000 (  0.0%)   0.0000 (  0.0%)   0.0000 (  0.0%)   0.0000 (  0.0%)  Lazy Branch Probability Analysis
   0.0000 (  0.0%)   0.0000 (  0.0%)   0.0000 (  0.0%)   0.0000 (  0.0%)  Scalar Evolution Canonicalization
   0.0000 (  0.0%)   0.0000 (  0.0%)   0.0000 (  0.0%)   0.0000 (  0.0%)  Memory Dependence Analysis
   0.0000 (  0.0%)   0.0000 (  0.0%)   0.0000 (  0.0%)   0.0000 (  0.0%)  Lazy Branch Probability Analysis
   0.0000 (  0.0%)   0.0000 (  0.0%)   0.0000 (  0.0%)   0.0000 (  0.0%)  Basic Alias Analysis (stateless AA impl)
   0.0000 (  0.0%)   0.0000 (  0.0%)   0.0000 (  0.0%)   0.0000 (  0.0%)  Optimization Remark Emitter
   0.0000 (  0.0%)   0.0000 (  0.0%)   0.0000 (  0.0%)   0.0000 (  0.0%)  Lazy Branch Probability Analysis
   0.0000 (  0.0%)   0.0000 (  0.0%)   0.0000 (  0.0%)   0.0000 (  0.0%)  Memory Dependence Analysis
   0.0000 (  0.0%)   0.0000 (  0.0%)   0.0000 (  0.0%)   0.0000 (  0.0%)  Basic Alias Analysis (stateless AA impl)
   0.0000 (  0.0%)   0.0000 (  0.0%)   0.0000 (  0.0%)   0.0000 (  0.0%)  Lazy Branch Probability Analysis
   0.0000 (  0.0%)   0.0000 (  0.0%)   0.0000 (  0.0%)   0.0000 (  0.0%)  Lazy Branch Probability Analysis
   0.0000 (  0.0%)   0.0000 (  0.0%)   0.0000 (  0.0%)   0.0000 (  0.0%)  Memory Dependence Analysis
   0.0000 (  0.0%)   0.0000 (  0.0%)   0.0000 (  0.0%)   0.0000 (  0.0%)  Lazy Block Frequency Analysis
   0.0000 (  0.0%)   0.0000 (  0.0%)   0.0000 (  0.0%)   0.0000 (  0.0%)  ScalarEvolution-based Alias Analysis
   0.0000 (  0.0%)   0.0000 (  0.0%)   0.0000 (  0.0%)   0.0000 (  0.0%)  Scalar Evolution Analysis
   0.0000 (  0.0%)   0.0000 (  0.0%)   0.0000 (  0.0%)   0.0000 (  0.0%)  Lazy Value Information Analysis
   0.0000 (  0.0%)   0.0000 (  0.0%)   0.0000 (  0.0%)   0.0000 (  0.0%)  Basic Alias Analysis (stateless AA impl)
   0.0000 (  0.0%)   0.0000 (  0.0%)   0.0000 (  0.0%)   0.0000 (  0.0%)  Scalar Evolution Canonicalization
   0.0000 (  0.0%)   0.0000 (  0.0%)   0.0000 (  0.0%)   0.0000 (  0.0%)  Memory Dependence Analysis
   0.0000 (  0.0%)   0.0000 (  0.0%)   0.0000 (  0.0%)   0.0000 (  0.0%)  Optimization Remark Emitter
   0.0000 (  0.0%)   0.0000 (  0.0%)   0.0000 (  0.0%)   0.0000 (  0.0%)  Optimization Remark Emitter
   0.0000 (  0.0%)   0.0000 (  0.0%)   0.0000 (  0.0%)   0.0000 (  0.0%)  Memory Dependence Analysis
   0.0000 (  0.0%)   0.0000 (  0.0%)   0.0000 (  0.0%)   0.0000 (  0.0%)  Optimization Remark Emitter
   0.0000 (  0.0%)   0.0000 (  0.0%)   0.0000 (  0.0%)   0.0000 (  0.0%)  Lazy Block Frequency Analysis
   0.0000 (  0.0%)   0.0000 (  0.0%)   0.0000 (  0.0%)   0.0000 (  0.0%)  Scalar Evolution Canonicalization
   0.0000 (  0.0%)   0.0000 (  0.0%)   0.0000 (  0.0%)   0.0000 (  0.0%)  Lazy Block Frequency Analysis
   0.0000 (  0.0%)   0.0000 (  0.0%)   0.0000 (  0.0%)   0.0000 (  0.0%)  Optimization Remark Emitter
   0.0000 (  0.0%)   0.0000 (  0.0%)   0.0000 (  0.0%)   0.0000 (  0.0%)  Lazy Branch Probability Analysis
   0.0000 (  0.0%)   0.0000 (  0.0%)   0.0000 (  0.0%)   0.0000 (  0.0%)  Optimization Remark Emitter
   0.0000 (  0.0%)   0.0000 (  0.0%)   0.0000 (  0.0%)   0.0000 (  0.0%)  Optimization Remark Emitter
   0.0000 (  0.0%)   0.0000 (  0.0%)   0.0000 (  0.0%)   0.0000 (  0.0%)  Memory Dependence Analysis
   0.0000 (  0.0%)   0.0000 (  0.0%)   0.0000 (  0.0%)   0.0000 (  0.0%)  Optimization Remark Emitter
   0.0000 (  0.0%)   0.0000 (  0.0%)   0.0000 (  0.0%)   0.0000 (  0.0%)  Lazy Branch Probability Analysis
   0.0000 (  0.0%)   0.0000 (  0.0%)   0.0000 (  0.0%)   0.0000 (  0.0%)  Memory Dependence Analysis
   0.0000 (  0.0%)   0.0000 (  0.0%)   0.0000 (  0.0%)   0.0000 (  0.0%)  Dominator Tree Construction
   0.0000 (  0.0%)   0.0000 (  0.0%)   0.0000 (  0.0%)   0.0000 (  0.0%)  LCSSA Verifier
   0.0000 (  0.0%)   0.0000 (  0.0%)   0.0000 (  0.0%)   0.0000 (  0.0%)  Memory Dependence Analysis
   0.0000 (  0.0%)   0.0000 (  0.0%)   0.0000 (  0.0%)   0.0000 (  0.0%)  Optimization Remark Emitter
   0.0000 (  0.0%)   0.0000 (  0.0%)   0.0000 (  0.0%)   0.0000 (  0.0%)  ScalarEvolution-based Alias Analysis
   0.0000 (  0.0%)   0.0000 (  0.0%)   0.0000 (  0.0%)   0.0000 (  0.0%)  Basic Alias Analysis (stateless AA impl)
   0.0000 (  0.0%)   0.0000 (  0.0%)   0.0000 (  0.0%)   0.0000 (  0.0%)  Lazy Branch Probability Analysis
   0.0000 (  0.0%)   0.0000 (  0.0%)   0.0000 (  0.0%)   0.0000 (  0.0%)  LCSSA Verifier
   0.0000 (  0.0%)   0.0000 (  0.0%)   0.0000 (  0.0%)   0.0000 (  0.0%)  Lazy Block Frequency Analysis
   0.0000 (  0.0%)   0.0000 (  0.0%)   0.0000 (  0.0%)   0.0000 (  0.0%)  Lazy Branch Probability Analysis
   0.0000 (  0.0%)   0.0000 (  0.0%)   0.0000 (  0.0%)   0.0000 (  0.0%)  Lazy Branch Probability Analysis
   0.0000 (  0.0%)   0.0000 (  0.0%)   0.0000 (  0.0%)   0.0000 (  0.0%)  Basic Alias Analysis (stateless AA impl)
   0.0000 (  0.0%)   0.0000 (  0.0%)   0.0000 (  0.0%)   0.0000 (  0.0%)  Lazy Block Frequency Analysis
   0.0000 (  0.0%)   0.0000 (  0.0%)   0.0000 (  0.0%)   0.0000 (  0.0%)  Lazy Branch Probability Analysis
   0.0000 (  0.0%)   0.0000 (  0.0%)   0.0000 (  0.0%)   0.0000 (  0.0%)  Lazy Branch Probability Analysis
   0.0000 (  0.0%)   0.0000 (  0.0%)   0.0000 (  0.0%)   0.0000 (  0.0%)  Optimization Remark Emitter
   0.0000 (  0.0%)   0.0000 (  0.0%)   0.0000 (  0.0%)   0.0000 (  0.0%)  Lazy Branch Probability Analysis
   0.0000 (  0.0%)   0.0000 (  0.0%)   0.0000 (  0.0%)   0.0000 (  0.0%)  LCSSA Verifier
   0.0000 (  0.0%)   0.0000 (  0.0%)   0.0000 (  0.0%)   0.0000 (  0.0%)  LCSSA Verifier
   0.0000 (  0.0%)   0.0000 (  0.0%)   0.0000 (  0.0%)   0.0000 (  0.0%)  ScalarEvolution-based Alias Analysis
   0.0000 (  0.0%)   0.0000 (  0.0%)   0.0000 (  0.0%)   0.0000 (  0.0%)  Lazy Block Frequency Analysis
   0.0000 (  0.0%)   0.0000 (  0.0%)   0.0000 (  0.0%)   0.0000 (  0.0%)  Basic Alias Analysis (stateless AA impl)
   0.0000 (  0.0%)   0.0000 (  0.0%)   0.0000 (  0.0%)   0.0000 (  0.0%)  Basic Alias Analysis (stateless AA impl)
   0.0000 (  0.0%)   0.0000 (  0.0%)   0.0000 (  0.0%)   0.0000 (  0.0%)  Scalar Evolution Analysis
   0.0000 (  0.0%)   0.0000 (  0.0%)   0.0000 (  0.0%)   0.0000 (  0.0%)  Optimization Remark Emitter
   0.0000 (  0.0%)   0.0000 (  0.0%)   0.0000 (  0.0%)   0.0000 (  0.0%)  LayoutTransform - Layout Transform Pragma Analysis
   0.0000 (  0.0%)   0.0000 (  0.0%)   0.0000 (  0.0%)   0.0000 (  0.0%)  Basic Alias Analysis (stateless AA impl)
   0.0000 (  0.0%)   0.0000 (  0.0%)   0.0000 (  0.0%)   0.0000 (  0.0%)  Lazy Block Frequency Analysis
   0.0000 (  0.0%)   0.0000 (  0.0%)   0.0000 (  0.0%)   0.0000 (  0.0%)  Lazy Branch Probability Analysis
   0.0000 (  0.0%)   0.0000 (  0.0%)   0.0000 (  0.0%)   0.0000 (  0.0%)  Basic Alias Analysis (stateless AA impl)
   0.0000 (  0.0%)   0.0000 (  0.0%)   0.0000 (  0.0%)   0.0000 (  0.0%)  Basic Alias Analysis (stateless AA impl)
   0.0000 (  0.0%)   0.0000 (  0.0%)   0.0000 (  0.0%)   0.0000 (  0.0%)  Optimization Remark Emitter
   0.0000 (  0.0%)   0.0000 (  0.0%)   0.0000 (  0.0%)   0.0000 (  0.0%)  ScalarEvolution-based Alias Analysis
   0.0000 (  0.0%)   0.0000 (  0.0%)   0.0000 (  0.0%)   0.0000 (  0.0%)  Optimization Remark Emitter
   0.0000 (  0.0%)   0.0000 (  0.0%)   0.0000 (  0.0%)   0.0000 (  0.0%)  Lazy Block Frequency Analysis
   0.0000 (  0.0%)   0.0000 (  0.0%)   0.0000 (  0.0%)   0.0000 (  0.0%)  Basic Alias Analysis (stateless AA impl)
   0.0000 (  0.0%)   0.0000 (  0.0%)   0.0000 (  0.0%)   0.0000 (  0.0%)  Optimization Remark Emitter
   0.0000 (  0.0%)   0.0000 (  0.0%)   0.0000 (  0.0%)   0.0000 (  0.0%)  Lazy Block Frequency Analysis
   0.0000 (  0.0%)   0.0000 (  0.0%)   0.0000 (  0.0%)   0.0000 (  0.0%)  Optimization Remark Emitter
   0.0000 (  0.0%)   0.0000 (  0.0%)   0.0000 (  0.0%)   0.0000 (  0.0%)  Basic Alias Analysis (stateless AA impl)
   0.0000 (  0.0%)   0.0000 (  0.0%)   0.0000 (  0.0%)   0.0000 (  0.0%)  ScalarEvolution-based Alias Analysis
   0.0000 (  0.0%)   0.0000 (  0.0%)   0.0000 (  0.0%)   0.0000 (  0.0%)  Lazy Block Frequency Analysis
   0.0000 (  0.0%)   0.0000 (  0.0%)   0.0000 (  0.0%)   0.0000 (  0.0%)  Optimization Remark Emitter
   0.0000 (  0.0%)   0.0000 (  0.0%)   0.0000 (  0.0%)   0.0000 (  0.0%)  Memory Dependence Analysis
   0.0000 (  0.0%)   0.0000 (  0.0%)   0.0000 (  0.0%)   0.0000 (  0.0%)  Memory Dependence Analysis
   0.0000 (  0.0%)   0.0000 (  0.0%)   0.0000 (  0.0%)   0.0000 (  0.0%)  Lazy Branch Probability Analysis
   0.0000 (  0.0%)   0.0000 (  0.0%)   0.0000 (  0.0%)   0.0000 (  0.0%)  ScalarEvolution-based Alias Analysis
   0.0000 (  0.0%)   0.0000 (  0.0%)   0.0000 (  0.0%)   0.0000 (  0.0%)  Lazy Branch Probability Analysis
   0.0000 (  0.0%)   0.0000 (  0.0%)   0.0000 (  0.0%)   0.0000 (  0.0%)  Optimization Remark Emitter
   0.0000 (  0.0%)   0.0000 (  0.0%)   0.0000 (  0.0%)   0.0000 (  0.0%)  Lazy Branch Probability Analysis
   0.0000 (  0.0%)   0.0000 (  0.0%)   0.0000 (  0.0%)   0.0000 (  0.0%)  Optimization Remark Emitter
   0.0000 (  0.0%)   0.0000 (  0.0%)   0.0000 (  0.0%)   0.0000 (  0.0%)  Lazy Block Frequency Analysis
   0.0000 (  0.0%)   0.0000 (  0.0%)   0.0000 (  0.0%)   0.0000 (  0.0%)  Memory Dependence Analysis
   0.0000 (  0.0%)   0.0000 (  0.0%)   0.0000 (  0.0%)   0.0000 (  0.0%)  Optimization Remark Emitter
   0.0000 (  0.0%)   0.0000 (  0.0%)   0.0000 (  0.0%)   0.0000 (  0.0%)  Basic Alias Analysis (stateless AA impl)
   0.0000 (  0.0%)   0.0000 (  0.0%)   0.0000 (  0.0%)   0.0000 (  0.0%)  Lazy Block Frequency Analysis
   0.0000 (  0.0%)   0.0000 (  0.0%)   0.0000 (  0.0%)   0.0000 (  0.0%)  ScalarEvolution-based Alias Analysis
   0.0000 (  0.0%)   0.0000 (  0.0%)   0.0000 (  0.0%)   0.0000 (  0.0%)  Lazy Branch Probability Analysis
   0.0000 (  0.0%)   0.0000 (  0.0%)   0.0000 (  0.0%)   0.0000 (  0.0%)  Lazy Branch Probability Analysis
   0.0000 (  0.0%)   0.0000 (  0.0%)   0.0000 (  0.0%)   0.0000 (  0.0%)  Lazy Block Frequency Analysis
   0.0000 (  0.0%)   0.0000 (  0.0%)   0.0000 (  0.0%)   0.0000 (  0.0%)  ScalarEvolution-based Alias Analysis
   0.0000 (  0.0%)   0.0000 (  0.0%)   0.0000 (  0.0%)   0.0000 (  0.0%)  Optimization Remark Emitter
   0.0000 (  0.0%)   0.0000 (  0.0%)   0.0000 (  0.0%)   0.0000 (  0.0%)  Lazy Block Frequency Analysis
   0.0000 (  0.0%)   0.0000 (  0.0%)   0.0000 (  0.0%)   0.0000 (  0.0%)  Lazy Branch Probability Analysis
   0.0000 (  0.0%)   0.0000 (  0.0%)   0.0000 (  0.0%)   0.0000 (  0.0%)  Memory Dependence Analysis
   0.0000 (  0.0%)   0.0000 (  0.0%)   0.0000 (  0.0%)   0.0000 (  0.0%)  Lazy Branch Probability Analysis
   0.0000 (  0.0%)   0.0000 (  0.0%)   0.0000 (  0.0%)   0.0000 (  0.0%)  Lazy Branch Probability Analysis
   0.0000 (  0.0%)   0.0000 (  0.0%)   0.0000 (  0.0%)   0.0000 (  0.0%)  Lazy Branch Probability Analysis
   0.0000 (  0.0%)   0.0000 (  0.0%)   0.0000 (  0.0%)   0.0000 (  0.0%)  Memory Dependence Analysis
   0.0000 (  0.0%)   0.0000 (  0.0%)   0.0000 (  0.0%)   0.0000 (  0.0%)  Lazy Branch Probability Analysis
   0.0000 (  0.0%)   0.0000 (  0.0%)   0.0000 (  0.0%)   0.0000 (  0.0%)  Lazy Block Frequency Analysis
   0.0000 (  0.0%)   0.0000 (  0.0%)   0.0000 (  0.0%)   0.0000 (  0.0%)  Optimization Remark Emitter
   0.0000 (  0.0%)   0.0000 (  0.0%)   0.0000 (  0.0%)   0.0000 (  0.0%)  Lazy Branch Probability Analysis
   0.0000 (  0.0%)   0.0000 (  0.0%)   0.0000 (  0.0%)   0.0000 (  0.0%)  ScalarEvolution-based Alias Analysis
   0.0000 (  0.0%)   0.0000 (  0.0%)   0.0000 (  0.0%)   0.0000 (  0.0%)  Lazy Block Frequency Analysis
   0.0000 (  0.0%)   0.0000 (  0.0%)   0.0000 (  0.0%)   0.0000 (  0.0%)  Lazy Branch Probability Analysis
   0.0000 (  0.0%)   0.0000 (  0.0%)   0.0000 (  0.0%)   0.0000 (  0.0%)  Optimization Remark Emitter
   0.0000 (  0.0%)   0.0000 (  0.0%)   0.0000 (  0.0%)   0.0000 (  0.0%)  Optimization Remark Emitter
   0.0000 (  0.0%)   0.0000 (  0.0%)   0.0000 (  0.0%)   0.0000 (  0.0%)  ScalarEvolution-based Alias Analysis
   0.0000 (  0.0%)   0.0000 (  0.0%)   0.0000 (  0.0%)   0.0000 (  0.0%)  Basic Alias Analysis (stateless AA impl)
   0.0000 (  0.0%)   0.0000 (  0.0%)   0.0000 (  0.0%)   0.0000 (  0.0%)  Basic Alias Analysis (stateless AA impl)
   0.0000 (  0.0%)   0.0000 (  0.0%)   0.0000 (  0.0%)   0.0000 (  0.0%)  Lazy Block Frequency Analysis
   0.0000 (  0.0%)   0.0000 (  0.0%)   0.0000 (  0.0%)   0.0000 (  0.0%)  Optimization Remark Emitter
   0.0000 (  0.0%)   0.0000 (  0.0%)   0.0000 (  0.0%)   0.0000 (  0.0%)  Struct object aggregation
   0.0000 (  0.0%)   0.0000 (  0.0%)   0.0000 (  0.0%)   0.0000 (  0.0%)  Lazy Block Frequency Analysis
   0.0000 (  0.0%)   0.0000 (  0.0%)   0.0000 (  0.0%)   0.0000 (  0.0%)  Basic Alias Analysis (stateless AA impl)
   0.0000 (  0.0%)   0.0000 (  0.0%)   0.0000 (  0.0%)   0.0000 (  0.0%)  LayoutTransform - Layout Transform Pragma Analysis
   0.0000 (  0.0%)   0.0000 (  0.0%)   0.0000 (  0.0%)   0.0000 (  0.0%)  Optimization Remark Emitter
   0.0000 (  0.0%)   0.0000 (  0.0%)   0.0000 (  0.0%)   0.0000 (  0.0%)  Lazy Block Frequency Analysis
   0.0000 (  0.0%)   0.0000 (  0.0%)   0.0000 (  0.0%)   0.0000 (  0.0%)  Optimization Remark Emitter
   0.0000 (  0.0%)   0.0000 (  0.0%)   0.0000 (  0.0%)   0.0000 (  0.0%)  Optimization Remark Emitter
   0.0000 (  0.0%)   0.0000 (  0.0%)   0.0000 (  0.0%)   0.0000 (  0.0%)  LCSSA Verifier
   0.0000 (  0.0%)   0.0000 (  0.0%)   0.0000 (  0.0%)   0.0000 (  0.0%)  Optimization Remark Emitter
   0.0000 (  0.0%)   0.0000 (  0.0%)   0.0000 (  0.0%)   0.0000 (  0.0%)  Optimization Remark Emitter
   0.0000 (  0.0%)   0.0000 (  0.0%)   0.0000 (  0.0%)   0.0000 (  0.0%)  Optimization Remark Emitter
   0.0000 (  0.0%)   0.0000 (  0.0%)   0.0000 (  0.0%)   0.0000 (  0.0%)  Basic Alias Analysis (stateless AA impl)
   0.0000 (  0.0%)   0.0000 (  0.0%)   0.0000 (  0.0%)   0.0000 (  0.0%)  Optimization Remark Emitter
   0.0000 (  0.0%)   0.0000 (  0.0%)   0.0000 (  0.0%)   0.0000 (  0.0%)  Optimization Remark Emitter
   0.0000 (  0.0%)   0.0000 (  0.0%)   0.0000 (  0.0%)   0.0000 (  0.0%)  Memory Dependence Analysis
   0.0000 (  0.0%)   0.0000 (  0.0%)   0.0000 (  0.0%)   0.0000 (  0.0%)  Lazy Block Frequency Analysis
   0.0000 (  0.0%)   0.0000 (  0.0%)   0.0000 (  0.0%)   0.0000 (  0.0%)  Memory Dependence Analysis
   0.0000 (  0.0%)   0.0000 (  0.0%)   0.0000 (  0.0%)   0.0000 (  0.0%)  Optimization Remark Emitter
   0.0000 (  0.0%)   0.0000 (  0.0%)   0.0000 (  0.0%)   0.0000 (  0.0%)  Lazy Block Frequency Analysis
   0.0000 (  0.0%)   0.0000 (  0.0%)   0.0000 (  0.0%)   0.0000 (  0.0%)  Basic Alias Analysis (stateless AA impl)
   0.0000 (  0.0%)   0.0000 (  0.0%)   0.0000 (  0.0%)   0.0000 (  0.0%)  Optimization Remark Emitter
   0.0000 (  0.0%)   0.0000 (  0.0%)   0.0000 (  0.0%)   0.0000 (  0.0%)  LCSSA Verifier
   0.0000 (  0.0%)   0.0000 (  0.0%)   0.0000 (  0.0%)   0.0000 (  0.0%)  Lazy Branch Probability Analysis
   0.0000 (  0.0%)   0.0000 (  0.0%)   0.0000 (  0.0%)   0.0000 (  0.0%)  Natural Loop Information
   0.0000 (  0.0%)   0.0000 (  0.0%)   0.0000 (  0.0%)   0.0000 (  0.0%)  LCSSA Verifier
   0.0000 (  0.0%)   0.0000 (  0.0%)   0.0000 (  0.0%)   0.0000 (  0.0%)  Lazy Block Frequency Analysis
   0.0000 (  0.0%)   0.0000 (  0.0%)   0.0000 (  0.0%)   0.0000 (  0.0%)  Scalar Evolution Canonicalization
   0.0000 (  0.0%)   0.0000 (  0.0%)   0.0000 (  0.0%)   0.0000 (  0.0%)  Lazy Block Frequency Analysis
   0.0000 (  0.0%)   0.0000 (  0.0%)   0.0000 (  0.0%)   0.0000 (  0.0%)  Basic Alias Analysis (stateless AA impl)
   0.0000 (  0.0%)   0.0000 (  0.0%)   0.0000 (  0.0%)   0.0000 (  0.0%)  LCSSA Verifier
   0.0000 (  0.0%)   0.0000 (  0.0%)   0.0000 (  0.0%)   0.0000 (  0.0%)  Optimization Remark Emitter
   0.0000 (  0.0%)   0.0000 (  0.0%)   0.0000 (  0.0%)   0.0000 (  0.0%)  Lazy Block Frequency Analysis
   0.0000 (  0.0%)   0.0000 (  0.0%)   0.0000 (  0.0%)   0.0000 (  0.0%)  Lazy Branch Probability Analysis
   0.0000 (  0.0%)   0.0000 (  0.0%)   0.0000 (  0.0%)   0.0000 (  0.0%)  Lazy Branch Probability Analysis
   0.0000 (  0.0%)   0.0000 (  0.0%)   0.0000 (  0.0%)   0.0000 (  0.0%)  Optimization Remark Emitter
   0.0000 (  0.0%)   0.0000 (  0.0%)   0.0000 (  0.0%)   0.0000 (  0.0%)  Lazy Block Frequency Analysis
   0.0000 (  0.0%)   0.0000 (  0.0%)   0.0000 (  0.0%)   0.0000 (  0.0%)  LCSSA Verifier
   0.0000 (  0.0%)   0.0000 (  0.0%)   0.0000 (  0.0%)   0.0000 (  0.0%)  Memory Dependence Analysis
   0.0000 (  0.0%)   0.0000 (  0.0%)   0.0000 (  0.0%)   0.0000 (  0.0%)  Undecay arrays
   0.0000 (  0.0%)   0.0000 (  0.0%)   0.0000 (  0.0%)   0.0000 (  0.0%)  Optimization Remark Emitter
   0.0000 (  0.0%)   0.0000 (  0.0%)   0.0000 (  0.0%)   0.0000 (  0.0%)  Memory Dependence Analysis
   0.0000 (  0.0%)   0.0000 (  0.0%)   0.0000 (  0.0%)   0.0000 (  0.0%)  LCSSA Verifier
   0.0000 (  0.0%)   0.0000 (  0.0%)   0.0000 (  0.0%)   0.0000 (  0.0%)  Optimization Remark Emitter
   0.0000 (  0.0%)   0.0000 (  0.0%)   0.0000 (  0.0%)   0.0000 (  0.0%)  ScalarEvolution-based Alias Analysis
   0.0000 (  0.0%)   0.0000 (  0.0%)   0.0000 (  0.0%)   0.0000 (  0.0%)  Lazy Block Frequency Analysis
   0.0000 (  0.0%)   0.0000 (  0.0%)   0.0000 (  0.0%)   0.0000 (  0.0%)  Lazy Block Frequency Analysis
   0.0000 (  0.0%)   0.0000 (  0.0%)   0.0000 (  0.0%)   0.0000 (  0.0%)  Lazy Branch Probability Analysis
   0.0000 (  0.0%)   0.0000 (  0.0%)   0.0000 (  0.0%)   0.0000 (  0.0%)  ScalarEvolution-based Alias Analysis
   0.0000 (  0.0%)   0.0000 (  0.0%)   0.0000 (  0.0%)   0.0000 (  0.0%)  Lazy Branch Probability Analysis
   0.0000 (  0.0%)   0.0000 (  0.0%)   0.0000 (  0.0%)   0.0000 (  0.0%)  Lazy Block Frequency Analysis
   0.0000 (  0.0%)   0.0000 (  0.0%)   0.0000 (  0.0%)   0.0000 (  0.0%)  Achieval II estimation - estimate acheival II lower bound according to constraint
   0.0000 (  0.0%)   0.0000 (  0.0%)   0.0000 (  0.0%)   0.0000 (  0.0%)  Optimization Remark Emitter
   0.0000 (  0.0%)   0.0000 (  0.0%)   0.0000 (  0.0%)   0.0000 (  0.0%)  Basic Alias Analysis (stateless AA impl)
   0.0000 (  0.0%)   0.0000 (  0.0%)   0.0000 (  0.0%)   0.0000 (  0.0%)  Optimization Remark Emitter
   0.0000 (  0.0%)   0.0000 (  0.0%)   0.0000 (  0.0%)   0.0000 (  0.0%)  Lazy Block Frequency Analysis
   0.0000 (  0.0%)   0.0000 (  0.0%)   0.0000 (  0.0%)   0.0000 (  0.0%)  Lazy Branch Probability Analysis
   0.0000 (  0.0%)   0.0000 (  0.0%)   0.0000 (  0.0%)   0.0000 (  0.0%)  ScalarEvolution-based Alias Analysis
   0.0000 (  0.0%)   0.0000 (  0.0%)   0.0000 (  0.0%)   0.0000 (  0.0%)  Basic Alias Analysis (stateless AA impl)
   0.0000 (  0.0%)   0.0000 (  0.0%)   0.0000 (  0.0%)   0.0000 (  0.0%)  ScalarEvolution-based Alias Analysis
   0.0000 (  0.0%)   0.0000 (  0.0%)   0.0000 (  0.0%)   0.0000 (  0.0%)  Optimization Remark Emitter
   0.0000 (  0.0%)   0.0000 (  0.0%)   0.0000 (  0.0%)   0.0000 (  0.0%)  LCSSA Verifier
   0.0000 (  0.0%)   0.0000 (  0.0%)   0.0000 (  0.0%)   0.0000 (  0.0%)  Basic Alias Analysis (stateless AA impl)
   0.0000 (  0.0%)   0.0000 (  0.0%)   0.0000 (  0.0%)   0.0000 (  0.0%)  Lazy Block Frequency Analysis
   0.0000 (  0.0%)   0.0000 (  0.0%)   0.0000 (  0.0%)   0.0000 (  0.0%)  Basic Alias Analysis (stateless AA impl)
   0.0000 (  0.0%)   0.0000 (  0.0%)   0.0000 (  0.0%)   0.0000 (  0.0%)  Basic Alias Analysis (stateless AA impl)
   0.0000 (  0.0%)   0.0000 (  0.0%)   0.0000 (  0.0%)   0.0000 (  0.0%)  Memory Dependence Analysis
   0.0000 (  0.0%)   0.0000 (  0.0%)   0.0000 (  0.0%)   0.0000 (  0.0%)  Optimization Remark Emitter
   0.0000 (  0.0%)   0.0000 (  0.0%)   0.0000 (  0.0%)   0.0000 (  0.0%)  Lazy Branch Probability Analysis
   0.0000 (  0.0%)   0.0000 (  0.0%)   0.0000 (  0.0%)   0.0000 (  0.0%)  Optimization Remark Emitter
   0.0000 (  0.0%)   0.0000 (  0.0%)   0.0000 (  0.0%)   0.0000 (  0.0%)  Scalar Evolution Canonicalization
   0.0000 (  0.0%)   0.0000 (  0.0%)   0.0000 (  0.0%)   0.0000 (  0.0%)  Optimization Remark Emitter
   0.0000 (  0.0%)   0.0000 (  0.0%)   0.0000 (  0.0%)   0.0000 (  0.0%)  Basic Alias Analysis (stateless AA impl)
   0.0000 (  0.0%)   0.0000 (  0.0%)   0.0000 (  0.0%)   0.0000 (  0.0%)  Optimization Remark Emitter
   0.0000 (  0.0%)   0.0000 (  0.0%)   0.0000 (  0.0%)   0.0000 (  0.0%)  Lazy Block Frequency Analysis
   0.0000 (  0.0%)   0.0000 (  0.0%)   0.0000 (  0.0%)   0.0000 (  0.0%)  Lazy Block Frequency Analysis
   0.0000 (  0.0%)   0.0000 (  0.0%)   0.0000 (  0.0%)   0.0000 (  0.0%)  ScalarEvolution-based Alias Analysis
   0.0000 (  0.0%)   0.0000 (  0.0%)   0.0000 (  0.0%)   0.0000 (  0.0%)  Lazy Branch Probability Analysis
   0.0000 (  0.0%)   0.0000 (  0.0%)   0.0000 (  0.0%)   0.0000 (  0.0%)  Optimization Remark Emitter
   0.0000 (  0.0%)   0.0000 (  0.0%)   0.0000 (  0.0%)   0.0000 (  0.0%)  Basic Alias Analysis (stateless AA impl)
   0.0000 (  0.0%)   0.0000 (  0.0%)   0.0000 (  0.0%)   0.0000 (  0.0%)  Lazy Block Frequency Analysis
   0.0000 (  0.0%)   0.0000 (  0.0%)   0.0000 (  0.0%)   0.0000 (  0.0%)  Lazy Block Frequency Analysis
   0.0000 (  0.0%)   0.0000 (  0.0%)   0.0000 (  0.0%)   0.0000 (  0.0%)  Optimization Remark Emitter
   0.0000 (  0.0%)   0.0000 (  0.0%)   0.0000 (  0.0%)   0.0000 (  0.0%)  Lazy Block Frequency Analysis
   0.0000 (  0.0%)   0.0000 (  0.0%)   0.0000 (  0.0%)   0.0000 (  0.0%)  Lazy Block Frequency Analysis
   0.0000 (  0.0%)   0.0000 (  0.0%)   0.0000 (  0.0%)   0.0000 (  0.0%)  Optimization Remark Emitter
   0.0000 (  0.0%)   0.0000 (  0.0%)   0.0000 (  0.0%)   0.0000 (  0.0%)  Optimization Remark Emitter
   0.0000 (  0.0%)   0.0000 (  0.0%)   0.0000 (  0.0%)   0.0000 (  0.0%)  Optimization Remark Emitter
   0.0000 (  0.0%)   0.0000 (  0.0%)   0.0000 (  0.0%)   0.0000 (  0.0%)  LCSSA Verifier
   0.0000 (  0.0%)   0.0000 (  0.0%)   0.0000 (  0.0%)   0.0000 (  0.0%)  Optimization Remark Emitter
   0.0000 (  0.0%)   0.0000 (  0.0%)   0.0000 (  0.0%)   0.0000 (  0.0%)  Lazy Block Frequency Analysis
   0.0000 (  0.0%)   0.0000 (  0.0%)   0.0000 (  0.0%)   0.0000 (  0.0%)  Optimization Remark Emitter
   0.0000 (  0.0%)   0.0000 (  0.0%)   0.0000 (  0.0%)   0.0000 (  0.0%)  Memory Dependence Analysis
   0.0000 (  0.0%)   0.0000 (  0.0%)   0.0000 (  0.0%)   0.0000 (  0.0%)  Optimization Remark Emitter
   0.0000 (  0.0%)   0.0000 (  0.0%)   0.0000 (  0.0%)   0.0000 (  0.0%)  Memory Dependence Analysis
   0.0000 (  0.0%)   0.0000 (  0.0%)   0.0000 (  0.0%)   0.0000 (  0.0%)  Lazy Branch Probability Analysis
   0.0000 (  0.0%)   0.0000 (  0.0%)   0.0000 (  0.0%)   0.0000 (  0.0%)  Optimization Remark Emitter
   0.0000 (  0.0%)   0.0000 (  0.0%)   0.0000 (  0.0%)   0.0000 (  0.0%)  Optimization Remark Emitter
   0.0000 (  0.0%)   0.0000 (  0.0%)   0.0000 (  0.0%)   0.0000 (  0.0%)  Basic Alias Analysis (stateless AA impl)
   0.0000 (  0.0%)   0.0000 (  0.0%)   0.0000 (  0.0%)   0.0000 (  0.0%)  Lazy Branch Probability Analysis
   0.0000 (  0.0%)   0.0000 (  0.0%)   0.0000 (  0.0%)   0.0000 (  0.0%)  Optimization Remark Emitter
   0.0000 (  0.0%)   0.0000 (  0.0%)   0.0000 (  0.0%)   0.0000 (  0.0%)  Optimization Remark Emitter
   0.0000 (  0.0%)   0.0000 (  0.0%)   0.0000 (  0.0%)   0.0000 (  0.0%)  Lazy Block Frequency Analysis
   0.0000 (  0.0%)   0.0000 (  0.0%)   0.0000 (  0.0%)   0.0000 (  0.0%)  LCSSA Verifier
   0.0000 (  0.0%)   0.0000 (  0.0%)   0.0000 (  0.0%)   0.0000 (  0.0%)  LCSSA Verifier
   0.0000 (  0.0%)   0.0000 (  0.0%)   0.0000 (  0.0%)   0.0000 (  0.0%)  Optimization Remark Emitter
   0.0000 (  0.0%)   0.0000 (  0.0%)   0.0000 (  0.0%)   0.0000 (  0.0%)  Basic Alias Analysis (stateless AA impl)
   0.0000 (  0.0%)   0.0000 (  0.0%)   0.0000 (  0.0%)   0.0000 (  0.0%)  Optimization Remark Emitter
   0.0000 (  0.0%)   0.0000 (  0.0%)   0.0000 (  0.0%)   0.0000 (  0.0%)  ScalarEvolution-based Alias Analysis
   0.0000 (  0.0%)   0.0000 (  0.0%)   0.0000 (  0.0%)   0.0000 (  0.0%)  Optimization Remark Emitter
   0.0000 (  0.0%)   0.0000 (  0.0%)   0.0000 (  0.0%)   0.0000 (  0.0%)  LCSSA Verifier
   0.0000 (  0.0%)   0.0000 (  0.0%)   0.0000 (  0.0%)   0.0000 (  0.0%)  Optimization Remark Emitter
   0.0000 (  0.0%)   0.0000 (  0.0%)   0.0000 (  0.0%)   0.0000 (  0.0%)  Lazy Branch Probability Analysis
   0.0000 (  0.0%)   0.0000 (  0.0%)   0.0000 (  0.0%)   0.0000 (  0.0%)  Lazy Block Frequency Analysis
   0.0000 (  0.0%)   0.0000 (  0.0%)   0.0000 (  0.0%)   0.0000 (  0.0%)  Lazy Block Frequency Analysis
   0.0000 (  0.0%)   0.0000 (  0.0%)   0.0000 (  0.0%)   0.0000 (  0.0%)  Lazy Block Frequency Analysis
   0.0000 (  0.0%)   0.0000 (  0.0%)   0.0000 (  0.0%)   0.0000 (  0.0%)  Lazy Block Frequency Analysis
   0.0000 (  0.0%)   0.0000 (  0.0%)   0.0000 (  0.0%)   0.0000 (  0.0%)  Basic Alias Analysis (stateless AA impl)
   0.0000 (  0.0%)   0.0000 (  0.0%)   0.0000 (  0.0%)   0.0000 (  0.0%)  LCSSA Verifier
   0.0000 (  0.0%)   0.0000 (  0.0%)   0.0000 (  0.0%)   0.0000 (  0.0%)  Lazy Block Frequency Analysis
   0.0000 (  0.0%)   0.0000 (  0.0%)   0.0000 (  0.0%)   0.0000 (  0.0%)  Basic Alias Analysis (stateless AA impl)
   0.0000 (  0.0%)   0.0000 (  0.0%)   0.0000 (  0.0%)   0.0000 (  0.0%)  Optimization Remark Emitter
   0.0000 (  0.0%)   0.0000 (  0.0%)   0.0000 (  0.0%)   0.0000 (  0.0%)  Lazy Branch Probability Analysis
   0.0000 (  0.0%)   0.0000 (  0.0%)   0.0000 (  0.0%)   0.0000 (  0.0%)  Lazy Block Frequency Analysis
   0.0000 (  0.0%)   0.0000 (  0.0%)   0.0000 (  0.0%)   0.0000 (  0.0%)  Lazy Block Frequency Analysis
   0.0000 (  0.0%)   0.0000 (  0.0%)   0.0000 (  0.0%)   0.0000 (  0.0%)  Optimization Remark Emitter
   0.0000 (  0.0%)   0.0000 (  0.0%)   0.0000 (  0.0%)   0.0000 (  0.0%)  LCSSA Verifier
   0.0000 (  0.0%)   0.0000 (  0.0%)   0.0000 (  0.0%)   0.0000 (  0.0%)  LCSSA Verifier
   0.0000 (  0.0%)   0.0000 (  0.0%)   0.0000 (  0.0%)   0.0000 (  0.0%)  Function Alias Analysis Results
   0.0000 (  0.0%)   0.0000 (  0.0%)   0.0000 (  0.0%)   0.0000 (  0.0%)  Optimization Remark Emitter
   0.0000 (  0.0%)   0.0000 (  0.0%)   0.0000 (  0.0%)   0.0000 (  0.0%)  Lazy Block Frequency Analysis
   0.0000 (  0.0%)   0.0000 (  0.0%)   0.0000 (  0.0%)   0.0000 (  0.0%)  LCSSA Verifier
   0.0000 (  0.0%)   0.0000 (  0.0%)   0.0000 (  0.0%)   0.0000 (  0.0%)  LCSSA Verifier
   0.0000 (  0.0%)   0.0000 (  0.0%)   0.0000 (  0.0%)   0.0000 (  0.0%)  LCSSA Verifier
   0.0000 (  0.0%)   0.0000 (  0.0%)   0.0000 (  0.0%)   0.0000 (  0.0%)  Optimization Remark Emitter
   0.0000 (  0.0%)   0.0000 (  0.0%)   0.0000 (  0.0%)   0.0000 (  0.0%)  Memory Dependence Analysis
   0.0000 (  0.0%)   0.0000 (  0.0%)   0.0000 (  0.0%)   0.0000 (  0.0%)  Memory Dependence Analysis
   0.0000 (  0.0%)   0.0000 (  0.0%)   0.0000 (  0.0%)   0.0000 (  0.0%)  Optimization Remark Emitter
   0.0000 (  0.0%)   0.0000 (  0.0%)   0.0000 (  0.0%)   0.0000 (  0.0%)  Lazy Block Frequency Analysis
   0.0000 (  0.0%)   0.0000 (  0.0%)   0.0000 (  0.0%)   0.0000 (  0.0%)  LCSSA Verifier
   0.0000 (  0.0%)   0.0000 (  0.0%)   0.0000 (  0.0%)   0.0000 (  0.0%)  ScalarEvolution-based Alias Analysis
   0.0000 (  0.0%)   0.0000 (  0.0%)   0.0000 (  0.0%)   0.0000 (  0.0%)  Lazy Branch Probability Analysis
   0.0000 (  0.0%)   0.0000 (  0.0%)   0.0000 (  0.0%)   0.0000 (  0.0%)  LCSSA Verifier
   0.0000 (  0.0%)   0.0000 (  0.0%)   0.0000 (  0.0%)   0.0000 (  0.0%)  Basic Alias Analysis (stateless AA impl)
   0.0000 (  0.0%)   0.0000 (  0.0%)   0.0000 (  0.0%)   0.0000 (  0.0%)  LCSSA Verifier
   0.0000 (  0.0%)   0.0000 (  0.0%)   0.0000 (  0.0%)   0.0000 (  0.0%)  Basic Alias Analysis (stateless AA impl)
   0.0000 (  0.0%)   0.0000 (  0.0%)   0.0000 (  0.0%)   0.0000 (  0.0%)  ScalarEvolution-based Alias Analysis
   0.0000 (  0.0%)   0.0000 (  0.0%)   0.0000 (  0.0%)   0.0000 (  0.0%)  Basic Alias Analysis (stateless AA impl)
   0.0000 (  0.0%)   0.0000 (  0.0%)   0.0000 (  0.0%)   0.0000 (  0.0%)  LCSSA Verifier
   0.0000 (  0.0%)   0.0000 (  0.0%)   0.0000 (  0.0%)   0.0000 (  0.0%)  Lazy Branch Probability Analysis
   0.0000 (  0.0%)   0.0000 (  0.0%)   0.0000 (  0.0%)   0.0000 (  0.0%)  Lazy Branch Probability Analysis
   0.0000 (  0.0%)   0.0000 (  0.0%)   0.0000 (  0.0%)   0.0000 (  0.0%)  Lazy Block Frequency Analysis
   0.0000 (  0.0%)   0.0000 (  0.0%)   0.0000 (  0.0%)   0.0000 (  0.0%)  Optimization Remark Emitter
   0.0000 (  0.0%)   0.0000 (  0.0%)   0.0000 (  0.0%)   0.0000 (  0.0%)  Basic Alias Analysis (stateless AA impl)
   0.0000 (  0.0%)   0.0000 (  0.0%)   0.0000 (  0.0%)   0.0000 (  0.0%)  Basic Alias Analysis (stateless AA impl)
   0.0000 (  0.0%)   0.0000 (  0.0%)   0.0000 (  0.0%)   0.0000 (  0.0%)  Optimization Remark Emitter
   0.0000 (  0.0%)   0.0000 (  0.0%)   0.0000 (  0.0%)   0.0000 (  0.0%)  Memory Dependence Analysis
   0.0000 (  0.0%)   0.0000 (  0.0%)   0.0000 (  0.0%)   0.0000 (  0.0%)  Basic Alias Analysis (stateless AA impl)
   0.0000 (  0.0%)   0.0000 (  0.0%)   0.0000 (  0.0%)   0.0000 (  0.0%)  ScalarEvolution-based Alias Analysis
   0.0000 (  0.0%)   0.0000 (  0.0%)   0.0000 (  0.0%)   0.0000 (  0.0%)  Lazy Branch Probability Analysis
   0.0000 (  0.0%)   0.0000 (  0.0%)   0.0000 (  0.0%)   0.0000 (  0.0%)  Scalar Evolution Canonicalization
   0.0000 (  0.0%)   0.0000 (  0.0%)   0.0000 (  0.0%)   0.0000 (  0.0%)  Memory Dependence Analysis
   0.0000 (  0.0%)   0.0000 (  0.0%)   0.0000 (  0.0%)   0.0000 (  0.0%)  Optimization Remark Emitter
   0.0000 (  0.0%)   0.0000 (  0.0%)   0.0000 (  0.0%)   0.0000 (  0.0%)  Optimization Remark Emitter
   0.0000 (  0.0%)   0.0000 (  0.0%)   0.0000 (  0.0%)   0.0000 (  0.0%)  Lazy Block Frequency Analysis
   0.0000 (  0.0%)   0.0000 (  0.0%)   0.0000 (  0.0%)   0.0000 (  0.0%)  Optimization Remark Emitter
   0.0000 (  0.0%)   0.0000 (  0.0%)   0.0000 (  0.0%)   0.0000 (  0.0%)  Basic Alias Analysis (stateless AA impl)
   0.0000 (  0.0%)   0.0000 (  0.0%)   0.0000 (  0.0%)   0.0000 (  0.0%)  Basic Alias Analysis (stateless AA impl)
   0.0000 (  0.0%)   0.0000 (  0.0%)   0.0000 (  0.0%)   0.0000 (  0.0%)  Lazy Block Frequency Analysis
   0.0000 (  0.0%)   0.0000 (  0.0%)   0.0000 (  0.0%)   0.0000 (  0.0%)  Memory Dependence Analysis
   0.0000 (  0.0%)   0.0000 (  0.0%)   0.0000 (  0.0%)   0.0000 (  0.0%)  Lazy Branch Probability Analysis
   0.0000 (  0.0%)   0.0000 (  0.0%)   0.0000 (  0.0%)   0.0000 (  0.0%)  Lazy Branch Probability Analysis
   0.0000 (  0.0%)   0.0000 (  0.0%)   0.0000 (  0.0%)   0.0000 (  0.0%)  Lazy Branch Probability Analysis
   0.0000 (  0.0%)   0.0000 (  0.0%)   0.0000 (  0.0%)   0.0000 (  0.0%)  ScalarEvolution-based Alias Analysis
   0.0000 (  0.0%)   0.0000 (  0.0%)   0.0000 (  0.0%)   0.0000 (  0.0%)  ScalarEvolution-based Alias Analysis
   0.0000 (  0.0%)   0.0000 (  0.0%)   0.0000 (  0.0%)   0.0000 (  0.0%)  Lazy Branch Probability Analysis
   0.0000 (  0.0%)   0.0000 (  0.0%)   0.0000 (  0.0%)   0.0000 (  0.0%)  Lazy Branch Probability Analysis
   0.0000 (  0.0%)   0.0000 (  0.0%)   0.0000 (  0.0%)   0.0000 (  0.0%)  Lazy Block Frequency Analysis
   0.0000 (  0.0%)   0.0000 (  0.0%)   0.0000 (  0.0%)   0.0000 (  0.0%)  ScalarEvolution-based Alias Analysis
   0.0000 (  0.0%)   0.0000 (  0.0%)   0.0000 (  0.0%)   0.0000 (  0.0%)  Memory Dependence Analysis
   0.0000 (  0.0%)   0.0000 (  0.0%)   0.0000 (  0.0%)   0.0000 (  0.0%)  Basic Alias Analysis (stateless AA impl)
   0.0000 (  0.0%)   0.0000 (  0.0%)   0.0000 (  0.0%)   0.0000 (  0.0%)  Optimization Remark Emitter
   0.0000 (  0.0%)   0.0000 (  0.0%)   0.0000 (  0.0%)   0.0000 (  0.0%)  Lazy Block Frequency Analysis
   0.0000 (  0.0%)   0.0000 (  0.0%)   0.0000 (  0.0%)   0.0000 (  0.0%)  Basic Alias Analysis (stateless AA impl)
   0.0000 (  0.0%)   0.0000 (  0.0%)   0.0000 (  0.0%)   0.0000 (  0.0%)  Lazy Branch Probability Analysis
   0.0000 (  0.0%)   0.0000 (  0.0%)   0.0000 (  0.0%)   0.0000 (  0.0%)  Lazy Branch Probability Analysis
   0.0000 (  0.0%)   0.0000 (  0.0%)   0.0000 (  0.0%)   0.0000 (  0.0%)  ScalarEvolution-based Alias Analysis
   0.0000 (  0.0%)   0.0000 (  0.0%)   0.0000 (  0.0%)   0.0000 (  0.0%)  Memory Dependence Analysis
   0.0000 (  0.0%)   0.0000 (  0.0%)   0.0000 (  0.0%)   0.0000 (  0.0%)  Lazy Block Frequency Analysis
   0.0000 (  0.0%)   0.0000 (  0.0%)   0.0000 (  0.0%)   0.0000 (  0.0%)  Expand private memory for each workitem in SPMD program
   0.0000 (  0.0%)   0.0000 (  0.0%)   0.0000 (  0.0%)   0.0000 (  0.0%)  Lazy Block Frequency Analysis
   0.0000 (  0.0%)   0.0000 (  0.0%)   0.0000 (  0.0%)   0.0000 (  0.0%)  Lazy Branch Probability Analysis
   0.0000 (  0.0%)   0.0000 (  0.0%)   0.0000 (  0.0%)   0.0000 (  0.0%)  Basic Alias Analysis (stateless AA impl)
   0.0000 (  0.0%)   0.0000 (  0.0%)   0.0000 (  0.0%)   0.0000 (  0.0%)  Memory Dependence Analysis
   0.0000 (  0.0%)   0.0000 (  0.0%)   0.0000 (  0.0%)   0.0000 (  0.0%)  Basic Alias Analysis (stateless AA impl)
   0.0000 (  0.0%)   0.0000 (  0.0%)   0.0000 (  0.0%)   0.0000 (  0.0%)  Optimization Remark Emitter
   0.0000 (  0.0%)   0.0000 (  0.0%)   0.0000 (  0.0%)   0.0000 (  0.0%)  Lazy Block Frequency Analysis
   0.0000 (  0.0%)   0.0000 (  0.0%)   0.0000 (  0.0%)   0.0000 (  0.0%)  Lazy Block Frequency Analysis
   0.0000 (  0.0%)   0.0000 (  0.0%)   0.0000 (  0.0%)   0.0000 (  0.0%)  Optimization Remark Emitter
   0.0000 (  0.0%)   0.0000 (  0.0%)   0.0000 (  0.0%)   0.0000 (  0.0%)  Optimization Remark Emitter
   0.0000 (  0.0%)   0.0000 (  0.0%)   0.0000 (  0.0%)   0.0000 (  0.0%)  Optimization Remark Emitter
   0.0000 (  0.0%)   0.0000 (  0.0%)   0.0000 (  0.0%)   0.0000 (  0.0%)  ScalarEvolution-based Alias Analysis
   0.0000 (  0.0%)   0.0000 (  0.0%)   0.0000 (  0.0%)   0.0000 (  0.0%)  Lazy Block Frequency Analysis
   0.0000 (  0.0%)   0.0000 (  0.0%)   0.0000 (  0.0%)   0.0000 (  0.0%)  ScalarEvolution-based Alias Analysis
   0.0000 (  0.0%)   0.0000 (  0.0%)   0.0000 (  0.0%)   0.0000 (  0.0%)  LCSSA Verifier
   0.0000 (  0.0%)   0.0000 (  0.0%)   0.0000 (  0.0%)   0.0000 (  0.0%)  Basic Alias Analysis (stateless AA impl)
   0.0000 (  0.0%)   0.0000 (  0.0%)   0.0000 (  0.0%)   0.0000 (  0.0%)  Optimization Remark Emitter
   0.0000 (  0.0%)   0.0000 (  0.0%)   0.0000 (  0.0%)   0.0000 (  0.0%)  Basic Alias Analysis (stateless AA impl)
   0.0000 (  0.0%)   0.0000 (  0.0%)   0.0000 (  0.0%)   0.0000 (  0.0%)  Lazy Branch Probability Analysis
   0.0000 (  0.0%)   0.0000 (  0.0%)   0.0000 (  0.0%)   0.0000 (  0.0%)  SPIRUpdateIntrRange - Update SPIR Intrinsics Metadata
   0.0000 (  0.0%)   0.0000 (  0.0%)   0.0000 (  0.0%)   0.0000 (  0.0%)  Optimization Remark Emitter
   0.0000 (  0.0%)   0.0000 (  0.0%)   0.0000 (  0.0%)   0.0000 (  0.0%)  Basic Alias Analysis (stateless AA impl)
   0.0000 (  0.0%)   0.0000 (  0.0%)   0.0000 (  0.0%)   0.0000 (  0.0%)  Basic Alias Analysis (stateless AA impl)
   0.0000 (  0.0%)   0.0000 (  0.0%)   0.0000 (  0.0%)   0.0000 (  0.0%)  Memory Dependence Analysis
   0.0000 (  0.0%)   0.0000 (  0.0%)   0.0000 (  0.0%)   0.0000 (  0.0%)  Optimization Remark Emitter
   0.0000 (  0.0%)   0.0000 (  0.0%)   0.0000 (  0.0%)   0.0000 (  0.0%)  ScalarEvolution-based Alias Analysis
   0.0000 (  0.0%)   0.0000 (  0.0%)   0.0000 (  0.0%)   0.0000 (  0.0%)  Lazy Block Frequency Analysis
   0.0000 (  0.0%)   0.0000 (  0.0%)   0.0000 (  0.0%)   0.0000 (  0.0%)  Basic Alias Analysis (stateless AA impl)
   0.0000 (  0.0%)   0.0000 (  0.0%)   0.0000 (  0.0%)   0.0000 (  0.0%)  Lazy Block Frequency Analysis
   0.0000 (  0.0%)   0.0000 (  0.0%)   0.0000 (  0.0%)   0.0000 (  0.0%)  Lazy Branch Probability Analysis
   0.0000 (  0.0%)   0.0000 (  0.0%)   0.0000 (  0.0%)   0.0000 (  0.0%)  Lazy Block Frequency Analysis
   0.0000 (  0.0%)   0.0000 (  0.0%)   0.0000 (  0.0%)   0.0000 (  0.0%)  Lazy Branch Probability Analysis
   0.0000 (  0.0%)   0.0000 (  0.0%)   0.0000 (  0.0%)   0.0000 (  0.0%)  ScalarEvolution-based Alias Analysis
   0.0000 (  0.0%)   0.0000 (  0.0%)   0.0000 (  0.0%)   0.0000 (  0.0%)  Optimization Remark Emitter
   0.0000 (  0.0%)   0.0000 (  0.0%)   0.0000 (  0.0%)   0.0000 (  0.0%)  Lazy Block Frequency Analysis
   0.0000 (  0.0%)   0.0000 (  0.0%)   0.0000 (  0.0%)   0.0000 (  0.0%)  Optimization Remark Emitter
   0.0000 (  0.0%)   0.0000 (  0.0%)   0.0000 (  0.0%)   0.0000 (  0.0%)  Optimization Remark Emitter
   0.0000 (  0.0%)   0.0000 (  0.0%)   0.0000 (  0.0%)   0.0000 (  0.0%)  LCSSA Verifier
   0.0000 (  0.0%)   0.0000 (  0.0%)   0.0000 (  0.0%)   0.0000 (  0.0%)  Lazy Block Frequency Analysis
   0.0000 (  0.0%)   0.0000 (  0.0%)   0.0000 (  0.0%)   0.0000 (  0.0%)  Optimization Remark Emitter
   0.0000 (  0.0%)   0.0000 (  0.0%)   0.0000 (  0.0%)   0.0000 (  0.0%)  LCSSA Verifier
   0.0000 (  0.0%)   0.0000 (  0.0%)   0.0000 (  0.0%)   0.0000 (  0.0%)  Optimization Remark Emitter
   0.0000 (  0.0%)   0.0000 (  0.0%)   0.0000 (  0.0%)   0.0000 (  0.0%)  Lazy Block Frequency Analysis
   0.0000 (  0.0%)   0.0000 (  0.0%)   0.0000 (  0.0%)   0.0000 (  0.0%)  Vectorize the SPMD regions
   0.0000 (  0.0%)   0.0000 (  0.0%)   0.0000 (  0.0%)   0.0000 (  0.0%)  LCSSA Verifier
   0.0000 (  0.0%)   0.0000 (  0.0%)   0.0000 (  0.0%)   0.0000 (  0.0%)  Memory Dependence Analysis
   0.0000 (  0.0%)   0.0000 (  0.0%)   0.0000 (  0.0%)   0.0000 (  0.0%)  Lazy Branch Probability Analysis
   0.0000 (  0.0%)   0.0000 (  0.0%)   0.0000 (  0.0%)   0.0000 (  0.0%)  Optimization Remark Emitter
   0.0000 (  0.0%)   0.0000 (  0.0%)   0.0000 (  0.0%)   0.0000 (  0.0%)  Optimization Remark Emitter
   0.0000 (  0.0%)   0.0000 (  0.0%)   0.0000 (  0.0%)   0.0000 (  0.0%)  Lazy Branch Probability Analysis
   0.0000 (  0.0%)   0.0000 (  0.0%)   0.0000 (  0.0%)   0.0000 (  0.0%)  Lazy Block Frequency Analysis
   0.0000 (  0.0%)   0.0000 (  0.0%)   0.0000 (  0.0%)   0.0000 (  0.0%)  Lazy Block Frequency Analysis
   0.0000 (  0.0%)   0.0000 (  0.0%)   0.0000 (  0.0%)   0.0000 (  0.0%)  Lazy Branch Probability Analysis
   0.0000 (  0.0%)   0.0000 (  0.0%)   0.0000 (  0.0%)   0.0000 (  0.0%)  Optimization Remark Emitter
   0.0000 (  0.0%)   0.0000 (  0.0%)   0.0000 (  0.0%)   0.0000 (  0.0%)  LCSSA Verifier
   0.0000 (  0.0%)   0.0000 (  0.0%)   0.0000 (  0.0%)   0.0000 (  0.0%)  Lazy Block Frequency Analysis
   0.0000 (  0.0%)   0.0000 (  0.0%)   0.0000 (  0.0%)   0.0000 (  0.0%)  LCSSA Verifier
   0.0000 (  0.0%)   0.0000 (  0.0%)   0.0000 (  0.0%)   0.0000 (  0.0%)  LCSSA Verifier
   0.0000 (  0.0%)   0.0000 (  0.0%)   0.0000 (  0.0%)   0.0000 (  0.0%)  ScalarEvolution-based Alias Analysis
   0.0000 (  0.0%)   0.0000 (  0.0%)   0.0000 (  0.0%)   0.0000 (  0.0%)  Lazy Branch Probability Analysis
   0.0000 (  0.0%)   0.0000 (  0.0%)   0.0000 (  0.0%)   0.0000 (  0.0%)  Optimization Remark Emitter
   0.0000 (  0.0%)   0.0000 (  0.0%)   0.0000 (  0.0%)   0.0000 (  0.0%)  Optimization Remark Emitter
   0.0000 (  0.0%)   0.0000 (  0.0%)   0.0000 (  0.0%)   0.0000 (  0.0%)  Optimization Remark Emitter
   0.0000 (  0.0%)   0.0000 (  0.0%)   0.0000 (  0.0%)   0.0000 (  0.0%)  Optimization Remark Emitter
   0.0000 (  0.0%)   0.0000 (  0.0%)   0.0000 (  0.0%)   0.0000 (  0.0%)  ScalarEvolution-based Alias Analysis
   0.0000 (  0.0%)   0.0000 (  0.0%)   0.0000 (  0.0%)   0.0000 (  0.0%)  Lazy Block Frequency Analysis
   0.0000 (  0.0%)   0.0000 (  0.0%)   0.0000 (  0.0%)   0.0000 (  0.0%)  Optimization Remark Emitter
   0.0000 (  0.0%)   0.0000 (  0.0%)   0.0000 (  0.0%)   0.0000 (  0.0%)  Optimization Remark Emitter
   0.0000 (  0.0%)   0.0000 (  0.0%)   0.0000 (  0.0%)   0.0000 (  0.0%)  LCSSA Verifier
   0.0000 (  0.0%)   0.0000 (  0.0%)   0.0000 (  0.0%)   0.0000 (  0.0%)  Lazy Block Frequency Analysis
   0.0000 (  0.0%)   0.0000 (  0.0%)   0.0000 (  0.0%)   0.0000 (  0.0%)  Optimization Remark Emitter
   0.0000 (  0.0%)   0.0000 (  0.0%)   0.0000 (  0.0%)   0.0000 (  0.0%)  ScalarEvolution-based Alias Analysis
   0.0000 (  0.0%)   0.0000 (  0.0%)   0.0000 (  0.0%)   0.0000 (  0.0%)  Optimization Remark Emitter
   0.0000 (  0.0%)   0.0000 (  0.0%)   0.0000 (  0.0%)   0.0000 (  0.0%)  Optimization Remark Emitter
   0.0000 (  0.0%)   0.0000 (  0.0%)   0.0000 (  0.0%)   0.0000 (  0.0%)  Lazy Block Frequency Analysis
   0.0000 (  0.0%)   0.0000 (  0.0%)   0.0000 (  0.0%)   0.0000 (  0.0%)  Optimization Remark Emitter
   0.0000 (  0.0%)   0.0000 (  0.0%)   0.0000 (  0.0%)   0.0000 (  0.0%)  Delinearization
   0.0000 (  0.0%)   0.0000 (  0.0%)   0.0000 (  0.0%)   0.0000 (  0.0%)  Performance Evaluation
   0.0000 (  0.0%)   0.0000 (  0.0%)   0.0000 (  0.0%)   0.0000 (  0.0%)  Optimization Remark Emitter
   0.0000 (  0.0%)   0.0000 (  0.0%)   0.0000 (  0.0%)   0.0000 (  0.0%)  ScalarEvolution-based Alias Analysis
   0.0000 (  0.0%)   0.0000 (  0.0%)   0.0000 (  0.0%)   0.0000 (  0.0%)  Lazy Branch Probability Analysis
   0.0000 (  0.0%)   0.0000 (  0.0%)   0.0000 (  0.0%)   0.0000 (  0.0%)  Assumption Cache Tracker
   0.0000 (  0.0%)   0.0000 (  0.0%)   0.0000 (  0.0%)   0.0000 (  0.0%)  Basic Alias Analysis (stateless AA impl)
   0.0000 (  0.0%)   0.0000 (  0.0%)   0.0000 (  0.0%)   0.0000 (  0.0%)  Eliminate dead stores globally
   0.0000 (  0.0%)   0.0000 (  0.0%)   0.0000 (  0.0%)   0.0000 (  0.0%)  Lazy Block Frequency Analysis
   0.0000 (  0.0%)   0.0000 (  0.0%)   0.0000 (  0.0%)   0.0000 (  0.0%)  Optimization Remark Emitter
   0.0000 (  0.0%)   0.0000 (  0.0%)   0.0000 (  0.0%)   0.0000 (  0.0%)  LCSSA Verifier
   0.0000 (  0.0%)   0.0000 (  0.0%)   0.0000 (  0.0%)   0.0000 (  0.0%)  Interface Analysis
   0.0000 (  0.0%)   0.0000 (  0.0%)   0.0000 (  0.0%)   0.0000 (  0.0%)  ScalarEvolution-based Alias Analysis
   0.0000 (  0.0%)   0.0000 (  0.0%)   0.0000 (  0.0%)   0.0000 (  0.0%)  Basic Alias Analysis (stateless AA impl)
   0.0000 (  0.0%)   0.0000 (  0.0%)   0.0000 (  0.0%)   0.0000 (  0.0%)  Lazy Block Frequency Analysis
   0.0000 (  0.0%)   0.0000 (  0.0%)   0.0000 (  0.0%)   0.0000 (  0.0%)  Lower llvm.assume to _ssdm_AssertFail
   0.0000 (  0.0%)   0.0000 (  0.0%)   0.0000 (  0.0%)   0.0000 (  0.0%)  Memory Dependence Analysis
   0.0000 (  0.0%)   0.0000 (  0.0%)   0.0000 (  0.0%)   0.0000 (  0.0%)  Lower stream depth
   0.0000 (  0.0%)   0.0000 (  0.0%)   0.0000 (  0.0%)   0.0000 (  0.0%)  Interprocedural constant propagation
   0.0000 (  0.0%)   0.0000 (  0.0%)   0.0000 (  0.0%)   0.0000 (  0.0%)  DeSPMD - Insert barriers into uniform loops
   0.0000 (  0.0%)   0.0000 (  0.0%)   0.0000 (  0.0%)   0.0000 (  0.0%)  LCSSA Verifier
   0.0000 (  0.0%)   0.0000 (  0.0%)   0.0000 (  0.0%)   0.0000 (  0.0%)  Interprocedural constant propagation
   0.0000 (  0.0%)   0.0000 (  0.0%)   0.0000 (  0.0%)   0.0000 (  0.0%)  Memory Dependence Analysis
   0.0000 (  0.0%)   0.0000 (  0.0%)   0.0000 (  0.0%)   0.0000 (  0.0%)  Interprocedural constant propagation
   0.0000 (  0.0%)   0.0000 (  0.0%)   0.0000 (  0.0%)   0.0000 (  0.0%)  Interface Analysis
   0.0000 (  0.0%)   0.0000 (  0.0%)   0.0000 (  0.0%)   0.0000 (  0.0%)  Interprocedural constant propagation
   0.0000 (  0.0%)   0.0000 (  0.0%)   0.0000 (  0.0%)   0.0000 (  0.0%)  Lazy Branch Probability Analysis
   0.0000 (  0.0%)   0.0000 (  0.0%)   0.0000 (  0.0%)   0.0000 (  0.0%)  Lazy Block Frequency Analysis
   0.0000 (  0.0%)   0.0000 (  0.0%)   0.0000 (  0.0%)   0.0000 (  0.0%)  Basic Alias Analysis (stateless AA impl)
   0.0000 (  0.0%)   0.0000 (  0.0%)   0.0000 (  0.0%)   0.0000 (  0.0%)  Lazy Branch Probability Analysis
   0.0000 (  0.0%)   0.0000 (  0.0%)   0.0000 (  0.0%)   0.0000 (  0.0%)  ScalarEvolution-based Alias Analysis
   0.0000 (  0.0%)   0.0000 (  0.0%)   0.0000 (  0.0%)   0.0000 (  0.0%)  Dominator Tree Construction
   0.0000 (  0.0%)   0.0000 (  0.0%)   0.0000 (  0.0%)   0.0000 (  0.0%)  Optimization Remark Emitter
   0.0000 (  0.0%)   0.0000 (  0.0%)   0.0000 (  0.0%)   0.0000 (  0.0%)  Lower HLS related intrinsics
   0.0000 (  0.0%)   0.0000 (  0.0%)   0.0000 (  0.0%)   0.0000 (  0.0%)  Lazy Block Frequency Analysis
   0.0000 (  0.0%)   0.0000 (  0.0%)   0.0000 (  0.0%)   0.0000 (  0.0%)  Interface Analysis
   0.0000 (  0.0%)   0.0000 (  0.0%)   0.0000 (  0.0%)   0.0000 (  0.0%)  Achieval II estimation - estimate acheival II lower bound according to constraint
   0.0000 (  0.0%)   0.0000 (  0.0%)   0.0000 (  0.0%)   0.0000 (  0.0%)  Dominator Tree Construction
   0.0000 (  0.0%)   0.0000 (  0.0%)   0.0000 (  0.0%)   0.0000 (  0.0%)  Lower HLS related intrinsics
   0.0000 (  0.0%)   0.0000 (  0.0%)   0.0000 (  0.0%)   0.0000 (  0.0%)  Lower memory intrinsic
   0.0000 (  0.0%)   0.0000 (  0.0%)   0.0000 (  0.0%)   0.0000 (  0.0%)  Optimization Remark Emitter
   0.0000 (  0.0%)   0.0000 (  0.0%)   0.0000 (  0.0%)   0.0000 (  0.0%)  Interface Analysis
   0.0000 (  0.0%)   0.0000 (  0.0%)   0.0000 (  0.0%)   0.0000 (  0.0%)  Optimization Remark Emitter
   0.0000 (  0.0%)   0.0000 (  0.0%)   0.0000 (  0.0%)   0.0000 (  0.0%)  Interface Analysis
   0.0000 (  0.0%)   0.0000 (  0.0%)   0.0000 (  0.0%)   0.0000 (  0.0%)  Revert PPPO for array-to-stream
   0.0000 (  0.0%)   0.0000 (  0.0%)   0.0000 (  0.0%)   0.0000 (  0.0%)  Achieval II estimation - estimate acheival II lower bound according to constraint
   0.0000 (  0.0%)   0.0000 (  0.0%)   0.0000 (  0.0%)   0.0000 (  0.0%)  Performance Evaluation
   0.0000 (  0.0%)   0.0000 (  0.0%)   0.0000 (  0.0%)   0.0000 (  0.0%)  Revert PPPO for array-to-stream
   0.0000 (  0.0%)   0.0000 (  0.0%)   0.0000 (  0.0%)   0.0000 (  0.0%)  Lower intrinsics for FPGAs
   0.0000 (  0.0%)   0.0000 (  0.0%)   0.0000 (  0.0%)   0.0000 (  0.0%)  Interface Analysis
   0.0000 (  0.0%)   0.0000 (  0.0%)   0.0000 (  0.0%)   0.0000 (  0.0%)  Natural Loop Information
   0.0000 (  0.0%)   0.0000 (  0.0%)   0.0000 (  0.0%)   0.0000 (  0.0%)  Structure Decomposition
   0.0000 (  0.0%)   0.0000 (  0.0%)   0.0000 (  0.0%)   0.0000 (  0.0%)  Lower intrinsics for FPGAs
   0.0000 (  0.0%)   0.0000 (  0.0%)   0.0000 (  0.0%)   0.0000 (  0.0%)  Revert PPPO for array-to-stream
   0.0000 (  0.0%)   0.0000 (  0.0%)   0.0000 (  0.0%)   0.0000 (  0.0%)  Interface Analysis
   0.0000 (  0.0%)   0.0000 (  0.0%)   0.0000 (  0.0%)   0.0000 (  0.0%)  Lower intrinsics for FPGAs
   0.0000 (  0.0%)   0.0000 (  0.0%)   0.0000 (  0.0%)   0.0000 (  0.0%)  Interface Analysis
   0.0000 (  0.0%)   0.0000 (  0.0%)   0.0000 (  0.0%)   0.0000 (  0.0%)  Interface Analysis
   0.0000 (  0.0%)   0.0000 (  0.0%)   0.0000 (  0.0%)   0.0000 (  0.0%)  Function Alias Analysis Results
   0.0000 (  0.0%)   0.0000 (  0.0%)   0.0000 (  0.0%)   0.0000 (  0.0%)  Interface Analysis
   0.0000 (  0.0%)   0.0000 (  0.0%)   0.0000 (  0.0%)   0.0000 (  0.0%)  Interface Analysis
   0.0000 (  0.0%)   0.0000 (  0.0%)   0.0000 (  0.0%)   0.0000 (  0.0%)  Lower intrinsics for FPGAs
   0.0000 (  0.0%)   0.0000 (  0.0%)   0.0000 (  0.0%)   0.0000 (  0.0%)  Interface Analysis
   0.0000 (  0.0%)   0.0000 (  0.0%)   0.0000 (  0.0%)   0.0000 (  0.0%)  Basic Alias Analysis (stateless AA impl)
   0.0000 (  0.0%)   0.0000 (  0.0%)   0.0000 (  0.0%)   0.0000 (  0.0%)  Eliminate guard varible
   0.0000 (  0.0%)   0.0000 (  0.0%)   0.0000 (  0.0%)   0.0000 (  0.0%)  Eliminate guard varible
   0.0000 (  0.0%)   0.0000 (  0.0%)   0.0000 (  0.0%)   0.0000 (  0.0%)  Interface Analysis
   0.0000 (  0.0%)   0.0000 (  0.0%)   0.0000 (  0.0%)   0.0000 (  0.0%)  Interface Analysis
   0.0000 (  0.0%)   0.0000 (  0.0%)   0.0000 (  0.0%)   0.0000 (  0.0%)  Interface Analysis
   0.0000 (  0.0%)   0.0000 (  0.0%)   0.0000 (  0.0%)   0.0000 (  0.0%)  Interface Analysis
   0.0000 (  0.0%)   0.0000 (  0.0%)   0.0000 (  0.0%)   0.0000 (  0.0%)  Interface Analysis
   0.0000 (  0.0%)   0.0000 (  0.0%)   0.0000 (  0.0%)   0.0000 (  0.0%)  Interface Analysis
   0.0000 (  0.0%)   0.0000 (  0.0%)   0.0000 (  0.0%)   0.0000 (  0.0%)  Revert PPPO for array-to-stream
   0.0000 (  0.0%)   0.0000 (  0.0%)   0.0000 (  0.0%)   0.0000 (  0.0%)  Interface Analysis
   0.0000 (  0.0%)   0.0000 (  0.0%)   0.0000 (  0.0%)   0.0000 (  0.0%)  Interface Analysis
   0.0000 (  0.0%)   0.0000 (  0.0%)   0.0000 (  0.0%)   0.0000 (  0.0%)  Interface Analysis
   0.0000 (  0.0%)   0.0000 (  0.0%)   0.0000 (  0.0%)   0.0000 (  0.0%)  Interface Analysis
   0.0000 (  0.0%)   0.0000 (  0.0%)   0.0000 (  0.0%)   0.0000 (  0.0%)  Interface Analysis
   0.0000 (  0.0%)   0.0000 (  0.0%)   0.0000 (  0.0%)   0.0000 (  0.0%)  Lazy Branch Probability Analysis
   0.0000 (  0.0%)   0.0000 (  0.0%)   0.0000 (  0.0%)   0.0000 (  0.0%)  Optimization Remark Emitter
   0.0000 (  0.0%)   0.0000 (  0.0%)   0.0000 (  0.0%)   0.0000 (  0.0%)  Interface Analysis
   0.0000 (  0.0%)   0.0000 (  0.0%)   0.0000 (  0.0%)   0.0000 (  0.0%)  Interface Analysis
   0.0000 (  0.0%)   0.0000 (  0.0%)   0.0000 (  0.0%)   0.0000 (  0.0%)  Interface Analysis
   0.0000 (  0.0%)   0.0000 (  0.0%)   0.0000 (  0.0%)   0.0000 (  0.0%)  Interface Analysis
   0.0000 (  0.0%)   0.0000 (  0.0%)   0.0000 (  0.0%)   0.0000 (  0.0%)  A No-Op Barrier Pass
   0.0000 (  0.0%)   0.0000 (  0.0%)   0.0000 (  0.0%)   0.0000 (  0.0%)  Interface Analysis
   0.0000 (  0.0%)   0.0000 (  0.0%)   0.0000 (  0.0%)   0.0000 (  0.0%)  A No-Op Barrier Pass
   0.0000 (  0.0%)   0.0000 (  0.0%)   0.0000 (  0.0%)   0.0000 (  0.0%)  Interface Analysis
   0.0000 (  0.0%)   0.0000 (  0.0%)   0.0000 (  0.0%)   0.0000 (  0.0%)  Interface Analysis
   0.0000 (  0.0%)   0.0000 (  0.0%)   0.0000 (  0.0%)   0.0000 (  0.0%)  Interface Analysis
   0.0000 (  0.0%)   0.0000 (  0.0%)   0.0000 (  0.0%)   0.0000 (  0.0%)  Collect basic metrics for FE reflow
   0.0000 (  0.0%)   0.0000 (  0.0%)   0.0000 (  0.0%)   0.0000 (  0.0%)  Interface Analysis
   0.0000 (  0.0%)   0.0000 (  0.0%)   0.0000 (  0.0%)   0.0000 (  0.0%)  Interface Analysis
   0.0000 (  0.0%)   0.0000 (  0.0%)   0.0000 (  0.0%)   0.0000 (  0.0%)  Interface Analysis
   0.0000 (  0.0%)   0.0000 (  0.0%)   0.0000 (  0.0%)   0.0000 (  0.0%)  Interface Analysis
   0.0000 (  0.0%)   0.0000 (  0.0%)   0.0000 (  0.0%)   0.0000 (  0.0%)  Lazy Block Frequency Analysis
   0.0000 (  0.0%)   0.0000 (  0.0%)   0.0000 (  0.0%)   0.0000 (  0.0%)  A No-Op Barrier Pass
   0.0000 (  0.0%)   0.0000 (  0.0%)   0.0000 (  0.0%)   0.0000 (  0.0%)  Interface Analysis
   0.0000 (  0.0%)   0.0000 (  0.0%)   0.0000 (  0.0%)   0.0000 (  0.0%)  Interface Analysis
   0.0000 (  0.0%)   0.0000 (  0.0%)   0.0000 (  0.0%)   0.0000 (  0.0%)  Interface Analysis
   0.0000 (  0.0%)   0.0000 (  0.0%)   0.0000 (  0.0%)   0.0000 (  0.0%)  Interface Analysis
   0.0000 (  0.0%)   0.0000 (  0.0%)   0.0000 (  0.0%)   0.0000 (  0.0%)  A No-Op Barrier Pass
   0.0000 (  0.0%)   0.0000 (  0.0%)   0.0000 (  0.0%)   0.0000 (  0.0%)  Profile summary info
   0.0000 (  0.0%)   0.0000 (  0.0%)   0.0000 (  0.0%)   0.0000 (  0.0%)  Target Library Information
   0.0000 (  0.0%)   0.0000 (  0.0%)   0.0000 (  0.0%)   0.0000 (  0.0%)  Target Transform Information
   0.0000 (  0.0%)   0.0000 (  0.0%)   0.0000 (  0.0%)   0.0000 (  0.0%)  Entirety access check on array-to-stream
   2.7348 (100.0%)   0.0977 (100.0%)   2.8325 (100.0%)   2.8456 (100.0%)  Total

===-------------------------------------------------------------------------===
                                LLVM IR Parsing
===-------------------------------------------------------------------------===
  Total Execution Time: 0.0051 seconds (0.0061 wall clock)

   ---User Time---   --System Time--   --User+System--   ---Wall Time---  --- Name ---
   0.0047 (100.0%)   0.0004 (100.0%)   0.0051 (100.0%)   0.0061 (100.0%)  Parse IR
   0.0047 (100.0%)   0.0004 (100.0%)   0.0051 (100.0%)   0.0061 (100.0%)  Total

===-------------------------------------------------------------------------===
                          Clang front-end time report
===-------------------------------------------------------------------------===
  Total Execution Time: 2.8655 seconds (2.8813 wall clock)

   ---User Time---   --System Time--   --User+System--   ---Wall Time---  --- Name ---
   2.7660 (100.0%)   0.0996 (100.0%)   2.8655 (100.0%)   2.8813 (100.0%)  Clang front-end timer
   2.7660 (100.0%)   0.0996 (100.0%)   2.8655 (100.0%)   2.8813 (100.0%)  Total

