

================================================================
== Vitis HLS Report for 'first_conv_4lane_temporal_wide_cl_array_array_ap_fixed_28u_config3_s'
================================================================
* Date:           Fri May 22 21:27:42 2026

* Version:        2023.2 (Build 4023990 on Oct 11 2023)
* Project:        cnn_core_streaming_prj
* Solution:       solution1 (Vivado IP Flow Target)
* Product family: kintexuplus
* Target device:  xcku5p-ffvb676-2-e


================================================================
== Performance Estimates
================================================================
+ Timing: 
    * Summary: 
    +--------+---------+----------+------------+
    |  Clock |  Target | Estimated| Uncertainty|
    +--------+---------+----------+------------+
    |ap_clk  |  5.00 ns|  3.886 ns|     1.35 ns|
    +--------+---------+----------+------------+

+ Latency: 
    * Summary: 
    +---------+---------+----------+----------+-----+-----+---------+
    |  Latency (cycles) |  Latency (absolute) |  Interval | Pipeline|
    |   min   |   max   |    min   |    max   | min | max |   Type  |
    +---------+---------+----------+----------+-----+-----+---------+
    |      261|      261|  1.305 us|  1.305 us|  261|  261|       no|
    +---------+---------+----------+----------+-----+-----+---------+

    + Detail: 
        * Instance: 
        N/A

        * Loop: 
        +-----------------------+---------+---------+----------+-----------+-----------+------+----------+
        |                       |  Latency (cycles) | Iteration|  Initiation Interval  | Trip |          |
        |       Loop Name       |   min   |   max   |  Latency |  achieved |   target  | Count| Pipelined|
        +-----------------------+---------+---------+----------+-----------+-----------+------+----------+
        |- ReadInputHeightWide  |      259|      259|         5|          1|          1|   256|       yes|
        +-----------------------+---------+---------+----------+-----------+-----------+------+----------+



================================================================
== Utilization Estimates
================================================================
* Summary: 
+-----------------+---------+------+--------+--------+-----+
|       Name      | BRAM_18K|  DSP |   FF   |   LUT  | URAM|
+-----------------+---------+------+--------+--------+-----+
|DSP              |        -|     -|       -|       -|    -|
|Expression       |        -|     -|       0|    7735|    -|
|FIFO             |        -|     -|       -|       -|    -|
|Instance         |        -|     0|       0|    1000|    -|
|Memory           |        4|     -|       0|       0|    -|
|Multiplexer      |        -|     -|       -|     158|    -|
|Register         |        -|     -|    1345|      64|    -|
+-----------------+---------+------+--------+--------+-----+
|Total            |        4|     0|    1345|    8957|    0|
+-----------------+---------+------+--------+--------+-----+
|Available        |      960|  1824|  433920|  216960|   64|
+-----------------+---------+------+--------+--------+-----+
|Utilization (%)  |       ~0|     0|      ~0|       4|    0|
+-----------------+---------+------+--------+--------+-----+

+ Detail: 
    * Instance: 
    +--------------------------+----------------------+---------+----+---+----+-----+
    |         Instance         |        Module        | BRAM_18K| DSP| FF| LUT| URAM|
    +--------------------------+----------------------+---------+----+---+----+-----+
    |mul_8s_5ns_13_1_1_U4      |mul_8s_5ns_13_1_1     |        0|   0|  0|  40|    0|
    |mul_8s_5ns_13_1_1_U6      |mul_8s_5ns_13_1_1     |        0|   0|  0|  40|    0|
    |mul_8s_5ns_13_1_1_U7      |mul_8s_5ns_13_1_1     |        0|   0|  0|  40|    0|
    |mul_8s_5ns_13_1_1_U12     |mul_8s_5ns_13_1_1     |        0|   0|  0|  40|    0|
    |mul_8s_6ns_13_1_1_U3      |mul_8s_6ns_13_1_1     |        0|   0|  0|  40|    0|
    |mul_8s_6ns_13_1_1_U5      |mul_8s_6ns_13_1_1     |        0|   0|  0|  40|    0|
    |mul_8s_6ns_13_1_1_U8      |mul_8s_6ns_13_1_1     |        0|   0|  0|  40|    0|
    |mul_8s_6ns_13_1_1_U11     |mul_8s_6ns_13_1_1     |        0|   0|  0|  40|    0|
    |mul_8s_6ns_14_1_1_U1      |mul_8s_6ns_14_1_1     |        0|   0|  0|  40|    0|
    |mul_8s_6ns_14_1_1_U2      |mul_8s_6ns_14_1_1     |        0|   0|  0|  40|    0|
    |mul_8s_6ns_14_1_1_U9      |mul_8s_6ns_14_1_1     |        0|   0|  0|  40|    0|
    |mul_8s_6ns_14_1_1_U10     |mul_8s_6ns_14_1_1     |        0|   0|  0|  40|    0|
    |sparsemux_11_3_8_1_1_U13  |sparsemux_11_3_8_1_1  |        0|   0|  0|  26|    0|
    |sparsemux_11_3_8_1_1_U14  |sparsemux_11_3_8_1_1  |        0|   0|  0|  26|    0|
    |sparsemux_11_3_8_1_1_U15  |sparsemux_11_3_8_1_1  |        0|   0|  0|  26|    0|
    |sparsemux_11_3_8_1_1_U16  |sparsemux_11_3_8_1_1  |        0|   0|  0|  26|    0|
    |sparsemux_11_3_8_1_1_U17  |sparsemux_11_3_8_1_1  |        0|   0|  0|  26|    0|
    |sparsemux_11_3_8_1_1_U18  |sparsemux_11_3_8_1_1  |        0|   0|  0|  26|    0|
    |sparsemux_11_3_8_1_1_U19  |sparsemux_11_3_8_1_1  |        0|   0|  0|  26|    0|
    |sparsemux_11_3_8_1_1_U20  |sparsemux_11_3_8_1_1  |        0|   0|  0|  26|    0|
    |sparsemux_11_3_8_1_1_U21  |sparsemux_11_3_8_1_1  |        0|   0|  0|  26|    0|
    |sparsemux_11_3_8_1_1_U22  |sparsemux_11_3_8_1_1  |        0|   0|  0|  26|    0|
    |sparsemux_11_3_8_1_1_U23  |sparsemux_11_3_8_1_1  |        0|   0|  0|  26|    0|
    |sparsemux_11_3_8_1_1_U24  |sparsemux_11_3_8_1_1  |        0|   0|  0|  26|    0|
    |sparsemux_11_3_8_1_1_U25  |sparsemux_11_3_8_1_1  |        0|   0|  0|  26|    0|
    |sparsemux_11_3_8_1_1_U26  |sparsemux_11_3_8_1_1  |        0|   0|  0|  26|    0|
    |sparsemux_11_3_8_1_1_U27  |sparsemux_11_3_8_1_1  |        0|   0|  0|  26|    0|
    |sparsemux_11_3_8_1_1_U28  |sparsemux_11_3_8_1_1  |        0|   0|  0|  26|    0|
    |sparsemux_11_3_8_1_1_U29  |sparsemux_11_3_8_1_1  |        0|   0|  0|  26|    0|
    |sparsemux_11_3_8_1_1_U30  |sparsemux_11_3_8_1_1  |        0|   0|  0|  26|    0|
    |sparsemux_11_3_8_1_1_U31  |sparsemux_11_3_8_1_1  |        0|   0|  0|  26|    0|
    |sparsemux_11_3_8_1_1_U32  |sparsemux_11_3_8_1_1  |        0|   0|  0|  26|    0|
    +--------------------------+----------------------+---------+----+---+----+-----+
    |Total                     |                      |        0|   0|  0|1000|    0|
    +--------------------------+----------------------+---------+----+---+----+-----+

    * DSP: 
    N/A

    * Memory: 
    +-------------------------------------+----------------------------------------------------------------------------------+---------+---+----+-----+------+-----+------+-------------+
    |                Memory               |                                      Module                                      | BRAM_18K| FF| LUT| URAM| Words| Bits| Banks| W*Bits*Banks|
    +-------------------------------------+----------------------------------------------------------------------------------+---------+---+----+-----+------+-----+------+-------------+
    |format_id_unsigned_int_formats_10_U  |first_conv_4lane_temporal_wide_cl_array_array_ap_fixed_28u_config3_s_format_ibkb  |        1|  0|   0|    0|   256|    4|     1|         1024|
    |format_id_unsigned_int_formats_7_U   |first_conv_4lane_temporal_wide_cl_array_array_ap_fixed_28u_config3_s_format_icud  |        1|  0|   0|    0|   256|    4|     1|         1024|
    |format_id_unsigned_int_formats_8_U   |first_conv_4lane_temporal_wide_cl_array_array_ap_fixed_28u_config3_s_format_idEe  |        1|  0|   0|    0|   256|    4|     1|         1024|
    |format_id_unsigned_int_formats_9_U   |first_conv_4lane_temporal_wide_cl_array_array_ap_fixed_28u_config3_s_format_ieOg  |        1|  0|   0|    0|   256|    4|     1|         1024|
    +-------------------------------------+----------------------------------------------------------------------------------+---------+---+----+-----+------+-----+------+-------------+
    |Total                                |                                                                                  |        4|  0|   0|    0|  1024|   16|     4|         4096|
    +-------------------------------------+----------------------------------------------------------------------------------+---------+---+----+-----+------+-----+------+-------------+

    * FIFO: 
    N/A

    * Expression: 
    +----------------------------------+----------+----+---+----+------------+------------+
    |           Variable Name          | Operation| DSP| FF| LUT| Bitwidth P0| Bitwidth P1|
    +----------------------------------+----------+----+---+----+------------+------------+
    |add_ln123_fu_2342_p2              |         +|   0|  0|  16|           9|           1|
    |add_ln137_fu_9758_p2              |         +|   0|  0|  39|          32|           1|
    |add_ln159_1_fu_9826_p2            |         +|   0|  0|  39|          32|           2|
    |add_ln159_2_fu_9842_p2            |         +|   0|  0|  10|           3|           3|
    |add_ln159_3_fu_9854_p2            |         +|   0|  0|  10|           3|           3|
    |add_ln159_4_fu_9866_p2            |         +|   0|  0|  10|           3|           2|
    |add_ln159_fu_9800_p2              |         +|   0|  0|  39|          32|           1|
    |add_ln161_1_fu_9812_p2            |         +|   0|  0|  39|          32|           3|
    |add_ln161_fu_9778_p2              |         +|   0|  0|  39|          32|           2|
    |add_ln180_fu_2498_p2              |         +|   0|  0|  39|          32|           1|
    |add_ln58_100_fu_12515_p2          |         +|   0|  0|  20|          13|          13|
    |add_ln58_101_fu_12529_p2          |         +|   0|  0|  17|          12|          12|
    |add_ln58_102_fu_12539_p2          |         +|   0|  0|  18|          11|          10|
    |add_ln58_103_fu_12549_p2          |         +|   0|  0|  17|          13|          13|
    |add_ln58_104_fu_12559_p2          |         +|   0|  0|  19|          12|          12|
    |add_ln58_105_fu_12565_p2          |         +|   0|  0|  21|          14|          14|
    |add_ln58_106_fu_12583_p2          |         +|   0|  0|  20|          13|          13|
    |add_ln58_107_fu_12589_p2          |         +|   0|  0|  19|          12|          12|
    |add_ln58_108_fu_12599_p2          |         +|   0|  0|  20|          13|          13|
    |add_ln58_109_fu_13102_p2          |         +|   0|  0|  16|          14|          14|
    |add_ln58_10_fu_10920_p2           |         +|   0|  0|  17|          13|          13|
    |add_ln58_110_fu_13112_p2          |         +|   0|  0|  20|          13|          13|
    |add_ln58_111_fu_12609_p2          |         +|   0|  0|  20|          13|          13|
    |add_ln58_113_fu_12615_p2          |         +|   0|  0|  16|          14|          14|
    |add_ln58_114_fu_12621_p2          |         +|   0|  0|  18|          11|          11|
    |add_ln58_115_fu_12631_p2          |         +|   0|  0|  19|          12|          12|
    |add_ln58_117_fu_12647_p2          |         +|   0|  0|  17|          12|          12|
    |add_ln58_119_fu_12653_p2          |         +|   0|  0|  16|          14|          14|
    |add_ln58_11_fu_10930_p2           |         +|   0|  0|  19|          12|          12|
    |add_ln58_120_fu_12669_p2          |         +|   0|  0|  19|          12|          12|
    |add_ln58_12_fu_10936_p2           |         +|   0|  0|  21|          14|          14|
    |add_ln58_13_fu_10954_p2           |         +|   0|  0|  20|          13|          13|
    |add_ln58_14_fu_10960_p2           |         +|   0|  0|  19|          12|          12|
    |add_ln58_15_fu_10970_p2           |         +|   0|  0|  20|          13|          13|
    |add_ln58_16_fu_12724_p2           |         +|   0|  0|  16|          14|          14|
    |add_ln58_17_fu_12734_p2           |         +|   0|  0|  20|          13|          13|
    |add_ln58_18_fu_10980_p2           |         +|   0|  0|  20|          13|          13|
    |add_ln58_1_fu_10822_p2            |         +|   0|  0|  19|          12|          10|
    |add_ln58_20_fu_10986_p2           |         +|   0|  0|  16|          14|          14|
    |add_ln58_21_fu_10992_p2           |         +|   0|  0|  18|          11|          11|
    |add_ln58_22_fu_11002_p2           |         +|   0|  0|  19|          12|          12|
    |add_ln58_24_fu_11018_p2           |         +|   0|  0|  17|          12|          12|
    |add_ln58_26_fu_11024_p2           |         +|   0|  0|  16|          14|          14|
    |add_ln58_27_fu_11040_p2           |         +|   0|  0|  19|          12|          12|
    |add_ln58_2_fu_10832_p2            |         +|   0|  0|  18|          11|           9|
    |add_ln58_31_fu_11355_p2           |         +|   0|  0|  17|          12|          10|
    |add_ln58_32_fu_11365_p2           |         +|   0|  0|  19|          12|          10|
    |add_ln58_33_fu_11375_p2           |         +|   0|  0|  18|          11|           9|
    |add_ln58_34_fu_11385_p2           |         +|   0|  0|  17|          13|          10|
    |add_ln58_35_fu_11395_p2           |         +|   0|  0|  19|          12|           8|
    |add_ln58_36_fu_11405_p2           |         +|   0|  0|  16|           9|           9|
    |add_ln58_37_fu_11415_p2           |         +|   0|  0|  18|          11|          11|
    |add_ln58_38_fu_11429_p2           |         +|   0|  0|  20|          13|          13|
    |add_ln58_39_fu_11443_p2           |         +|   0|  0|  17|          12|          12|
    |add_ln58_3_fu_10842_p2            |         +|   0|  0|  17|          13|          10|
    |add_ln58_40_fu_11453_p2           |         +|   0|  0|  18|          11|          10|
    |add_ln58_41_fu_11463_p2           |         +|   0|  0|  17|          13|          13|
    |add_ln58_42_fu_11473_p2           |         +|   0|  0|  19|          12|          12|
    |add_ln58_43_fu_11479_p2           |         +|   0|  0|  21|          14|          14|
    |add_ln58_44_fu_11497_p2           |         +|   0|  0|  20|          13|          13|
    |add_ln58_45_fu_11503_p2           |         +|   0|  0|  19|          12|          12|
    |add_ln58_46_fu_11513_p2           |         +|   0|  0|  20|          13|          13|
    |add_ln58_47_fu_12850_p2           |         +|   0|  0|  16|          14|          14|
    |add_ln58_48_fu_12860_p2           |         +|   0|  0|  20|          13|          13|
    |add_ln58_49_fu_11523_p2           |         +|   0|  0|  20|          13|          13|
    |add_ln58_4_fu_10852_p2            |         +|   0|  0|  19|          12|           8|
    |add_ln58_51_fu_11529_p2           |         +|   0|  0|  16|          14|          14|
    |add_ln58_52_fu_11535_p2           |         +|   0|  0|  18|          11|          11|
    |add_ln58_53_fu_11545_p2           |         +|   0|  0|  19|          12|          12|
    |add_ln58_55_fu_11561_p2           |         +|   0|  0|  17|          12|          12|
    |add_ln58_57_fu_11567_p2           |         +|   0|  0|  16|          14|          14|
    |add_ln58_58_fu_11583_p2           |         +|   0|  0|  19|          12|          12|
    |add_ln58_5_fu_10872_p2            |         +|   0|  0|  18|          11|          11|
    |add_ln58_62_fu_11898_p2           |         +|   0|  0|  17|          12|          10|
    |add_ln58_63_fu_11908_p2           |         +|   0|  0|  19|          12|          10|
    |add_ln58_64_fu_11918_p2           |         +|   0|  0|  18|          11|           9|
    |add_ln58_65_fu_11928_p2           |         +|   0|  0|  17|          13|          10|
    |add_ln58_66_fu_11938_p2           |         +|   0|  0|  19|          12|           8|
    |add_ln58_67_fu_11948_p2           |         +|   0|  0|  16|           9|           9|
    |add_ln58_68_fu_11958_p2           |         +|   0|  0|  18|          11|          11|
    |add_ln58_69_fu_11972_p2           |         +|   0|  0|  20|          13|          13|
    |add_ln58_6_fu_10886_p2            |         +|   0|  0|  20|          13|          13|
    |add_ln58_70_fu_11986_p2           |         +|   0|  0|  17|          12|          12|
    |add_ln58_71_fu_11996_p2           |         +|   0|  0|  18|          11|          10|
    |add_ln58_72_fu_12006_p2           |         +|   0|  0|  17|          13|          13|
    |add_ln58_73_fu_12016_p2           |         +|   0|  0|  19|          12|          12|
    |add_ln58_74_fu_12022_p2           |         +|   0|  0|  21|          14|          14|
    |add_ln58_75_fu_12040_p2           |         +|   0|  0|  20|          13|          13|
    |add_ln58_76_fu_12046_p2           |         +|   0|  0|  19|          12|          12|
    |add_ln58_77_fu_12056_p2           |         +|   0|  0|  20|          13|          13|
    |add_ln58_78_fu_12976_p2           |         +|   0|  0|  16|          14|          14|
    |add_ln58_79_fu_12986_p2           |         +|   0|  0|  20|          13|          13|
    |add_ln58_7_fu_10862_p2            |         +|   0|  0|  16|           9|           9|
    |add_ln58_80_fu_12066_p2           |         +|   0|  0|  20|          13|          13|
    |add_ln58_82_fu_12072_p2           |         +|   0|  0|  16|          14|          14|
    |add_ln58_83_fu_12078_p2           |         +|   0|  0|  18|          11|          11|
    |add_ln58_84_fu_12088_p2           |         +|   0|  0|  19|          12|          12|
    |add_ln58_86_fu_12104_p2           |         +|   0|  0|  17|          12|          12|
    |add_ln58_88_fu_12110_p2           |         +|   0|  0|  16|          14|          14|
    |add_ln58_89_fu_12126_p2           |         +|   0|  0|  19|          12|          12|
    |add_ln58_8_fu_10900_p2            |         +|   0|  0|  17|          12|          12|
    |add_ln58_93_fu_12441_p2           |         +|   0|  0|  17|          12|          10|
    |add_ln58_94_fu_12451_p2           |         +|   0|  0|  19|          12|          10|
    |add_ln58_95_fu_12461_p2           |         +|   0|  0|  18|          11|           9|
    |add_ln58_96_fu_12471_p2           |         +|   0|  0|  17|          13|          10|
    |add_ln58_97_fu_12481_p2           |         +|   0|  0|  19|          12|           8|
    |add_ln58_98_fu_12491_p2           |         +|   0|  0|  16|           9|           9|
    |add_ln58_99_fu_12501_p2           |         +|   0|  0|  18|          11|          11|
    |add_ln58_9_fu_10910_p2            |         +|   0|  0|  18|          11|          10|
    |add_ln58_fu_10812_p2              |         +|   0|  0|  17|          12|          10|
    |add_ln73_1_fu_11337_p2            |         +|   0|  0|  19|          12|          12|
    |add_ln73_2_fu_11880_p2            |         +|   0|  0|  19|          12|          12|
    |add_ln73_3_fu_12423_p2            |         +|   0|  0|  19|          12|          12|
    |add_ln73_fu_10794_p2              |         +|   0|  0|  19|          12|          12|
    |add_ln78_1_fu_4309_p2             |         +|   0|  0|  10|           3|           3|
    |add_ln78_2_fu_2394_p2             |         +|   0|  0|  10|           3|           3|
    |add_ln78_3_fu_2440_p2             |         +|   0|  0|  10|           3|           3|
    |add_ln78_fu_4106_p2               |         +|   0|  0|  10|           3|           3|
    |add_ln79_1_fu_4487_p2             |         +|   0|  0|  12|           4|           4|
    |add_ln79_2_fu_6097_p2             |         +|   0|  0|  12|           4|           4|
    |add_ln79_3_fu_7688_p2             |         +|   0|  0|  12|           4|           4|
    |add_ln79_fu_3771_p2               |         +|   0|  0|  12|           4|           4|
    |add_ln80_1_fu_4542_p2             |         +|   0|  0|  12|           5|           5|
    |add_ln80_2_fu_6152_p2             |         +|   0|  0|  12|           5|           5|
    |add_ln80_3_fu_7743_p2             |         +|   0|  0|  12|           5|           5|
    |add_ln80_fu_3595_p2               |         +|   0|  0|  12|           5|           5|
    |add_ln81_1_fu_4637_p2             |         +|   0|  0|  12|           4|           4|
    |add_ln81_2_fu_6246_p2             |         +|   0|  0|  12|           4|           4|
    |add_ln81_3_fu_7837_p2             |         +|   0|  0|  12|           4|           4|
    |add_ln81_fu_3419_p2               |         +|   0|  0|  12|           4|           4|
    |add_ln82_1_fu_4692_p2             |         +|   0|  0|  13|           6|           6|
    |add_ln82_2_fu_6301_p2             |         +|   0|  0|  13|           6|           6|
    |add_ln82_3_fu_7892_p2             |         +|   0|  0|  13|           6|           6|
    |add_ln82_fu_3236_p2               |         +|   0|  0|  13|           6|           6|
    |add_ln83_1_fu_4786_p2             |         +|   0|  0|  14|           7|           7|
    |add_ln83_2_fu_6395_p2             |         +|   0|  0|  14|           7|           7|
    |add_ln83_3_fu_7986_p2             |         +|   0|  0|  14|           7|           7|
    |add_ln83_fu_3060_p2               |         +|   0|  0|  14|           7|           7|
    |add_ln84_1_fu_4841_p2             |         +|   0|  0|  13|           6|           6|
    |add_ln84_2_fu_6450_p2             |         +|   0|  0|  13|           6|           6|
    |add_ln84_3_fu_8041_p2             |         +|   0|  0|  13|           6|           6|
    |add_ln84_fu_2891_p2               |         +|   0|  0|  13|           6|           6|
    |add_ln85_1_fu_4903_p2             |         +|   0|  0|  15|           8|           8|
    |add_ln85_2_fu_6512_p2             |         +|   0|  0|  15|           8|           8|
    |add_ln85_3_fu_8103_p2             |         +|   0|  0|  15|           8|           8|
    |add_ln85_fu_2716_p2               |         +|   0|  0|  15|           8|           8|
    |add_ln86_1_fu_4958_p2             |         +|   0|  0|  14|           7|           7|
    |add_ln86_2_fu_6567_p2             |         +|   0|  0|  14|           7|           7|
    |add_ln86_3_fu_8158_p2             |         +|   0|  0|  14|           7|           7|
    |add_ln86_fu_2555_p2               |         +|   0|  0|  14|           7|           7|
    |res_out_10_fu_11593_p2            |         +|   0|  0|  16|          14|          14|
    |res_out_12_fu_12918_p2            |         +|   0|  0|  22|          15|          15|
    |res_out_13_fu_12927_p2            |         +|   0|  0|  21|          14|          14|
    |res_out_14_fu_12999_p2            |         +|   0|  0|  22|          15|          15|
    |res_out_15_fu_12098_p2            |         +|   0|  0|  16|          14|          14|
    |res_out_16_fu_13011_p2            |         +|   0|  0|  21|          14|          14|
    |res_out_17_fu_12136_p2            |         +|   0|  0|  16|          14|          14|
    |res_out_19_fu_13044_p2            |         +|   0|  0|  22|          15|          15|
    |res_out_1_fu_11012_p2             |         +|   0|  0|  16|          14|          14|
    |res_out_20_fu_13053_p2            |         +|   0|  0|  21|          14|          14|
    |res_out_21_fu_13125_p2            |         +|   0|  0|  22|          15|          15|
    |res_out_22_fu_12641_p2            |         +|   0|  0|  16|          14|          14|
    |res_out_23_fu_13137_p2            |         +|   0|  0|  21|          14|          14|
    |res_out_24_fu_12679_p2            |         +|   0|  0|  16|          14|          14|
    |res_out_26_fu_13170_p2            |         +|   0|  0|  22|          15|          15|
    |res_out_27_fu_13179_p2            |         +|   0|  0|  21|          14|          14|
    |res_out_2_fu_12759_p2             |         +|   0|  0|  21|          14|          14|
    |res_out_3_fu_11050_p2             |         +|   0|  0|  16|          14|          14|
    |res_out_5_fu_12792_p2             |         +|   0|  0|  22|          15|          15|
    |res_out_6_fu_12801_p2             |         +|   0|  0|  21|          14|          14|
    |res_out_7_fu_12873_p2             |         +|   0|  0|  22|          15|          15|
    |res_out_8_fu_11555_p2             |         +|   0|  0|  16|          14|          14|
    |res_out_9_fu_12885_p2             |         +|   0|  0|  21|          14|          14|
    |res_out_fu_12747_p2               |         +|   0|  0|  22|          15|          15|
    |res_out_11_fu_12905_p2            |         -|   0|  0|  21|          14|          14|
    |res_out_18_fu_13031_p2            |         -|   0|  0|  21|          14|          14|
    |res_out_25_fu_13157_p2            |         -|   0|  0|  21|          14|          14|
    |res_out_4_fu_12779_p2             |         -|   0|  0|  21|          14|          14|
    |sub_ln58_10_fu_12659_p2           |         -|   0|  0|  16|           9|           9|
    |sub_ln58_1_fu_11030_p2            |         -|   0|  0|  16|           9|           9|
    |sub_ln58_3_fu_12841_p2            |         -|   0|  0|  16|          14|          14|
    |sub_ln58_4_fu_11573_p2            |         -|   0|  0|  16|           9|           9|
    |sub_ln58_6_fu_12967_p2            |         -|   0|  0|  16|          14|          14|
    |sub_ln58_7_fu_12116_p2            |         -|   0|  0|  16|           9|           9|
    |sub_ln58_9_fu_13093_p2            |         -|   0|  0|  16|          14|          14|
    |sub_ln58_fu_12715_p2              |         -|   0|  0|  16|          14|          14|
    |sub_ln73_10_fu_10756_p2           |         -|   0|  0|  20|           1|          13|
    |sub_ln73_11_fu_10800_p2           |         -|   0|  0|  19|          12|          12|
    |sub_ln73_12_fu_10806_p2           |         -|   0|  0|  19|          12|          12|
    |sub_ln73_13_fu_11088_p2           |         -|   0|  0|  17|          12|          12|
    |sub_ln73_14_fu_11094_p2           |         -|   0|  0|  19|          12|          12|
    |sub_ln73_15_fu_11124_p2           |         -|   0|  0|  17|          13|          13|
    |sub_ln73_16_fu_11166_p2           |         -|   0|  0|  20|          13|          13|
    |sub_ln73_17_fu_11184_p2           |         -|   0|  0|  17|          12|          12|
    |sub_ln73_18_fu_11190_p2           |         -|   0|  0|  17|          13|          13|
    |sub_ln73_19_fu_11196_p2           |         -|   0|  0|  18|          11|          11|
    |sub_ln73_1_fu_10551_p2            |         -|   0|  0|  19|          12|          12|
    |sub_ln73_20_fu_11265_p2           |         -|   0|  0|  17|          12|          12|
    |sub_ln73_21_fu_11271_p2           |         -|   0|  0|  17|           1|          12|
    |sub_ln73_22_fu_11277_p2           |         -|   0|  0|  17|          12|          12|
    |sub_ln73_23_fu_11299_p2           |         -|   0|  0|  20|           1|          13|
    |sub_ln73_24_fu_11343_p2           |         -|   0|  0|  19|          12|          12|
    |sub_ln73_25_fu_11349_p2           |         -|   0|  0|  19|          12|          12|
    |sub_ln73_26_fu_11631_p2           |         -|   0|  0|  17|          12|          12|
    |sub_ln73_27_fu_11637_p2           |         -|   0|  0|  19|          12|          12|
    |sub_ln73_28_fu_11667_p2           |         -|   0|  0|  17|          13|          13|
    |sub_ln73_29_fu_11709_p2           |         -|   0|  0|  20|          13|          13|
    |sub_ln73_2_fu_10581_p2            |         -|   0|  0|  17|          13|          13|
    |sub_ln73_30_fu_11727_p2           |         -|   0|  0|  17|          12|          12|
    |sub_ln73_31_fu_11733_p2           |         -|   0|  0|  17|          13|          13|
    |sub_ln73_32_fu_11739_p2           |         -|   0|  0|  18|          11|          11|
    |sub_ln73_33_fu_11808_p2           |         -|   0|  0|  17|          12|          12|
    |sub_ln73_34_fu_11814_p2           |         -|   0|  0|  17|           1|          12|
    |sub_ln73_35_fu_11820_p2           |         -|   0|  0|  17|          12|          12|
    |sub_ln73_36_fu_11842_p2           |         -|   0|  0|  20|           1|          13|
    |sub_ln73_37_fu_11886_p2           |         -|   0|  0|  19|          12|          12|
    |sub_ln73_38_fu_11892_p2           |         -|   0|  0|  19|          12|          12|
    |sub_ln73_39_fu_12174_p2           |         -|   0|  0|  17|          12|          12|
    |sub_ln73_3_fu_10623_p2            |         -|   0|  0|  20|          13|          13|
    |sub_ln73_40_fu_12180_p2           |         -|   0|  0|  19|          12|          12|
    |sub_ln73_41_fu_12210_p2           |         -|   0|  0|  17|          13|          13|
    |sub_ln73_42_fu_12252_p2           |         -|   0|  0|  20|          13|          13|
    |sub_ln73_43_fu_12270_p2           |         -|   0|  0|  17|          12|          12|
    |sub_ln73_44_fu_12276_p2           |         -|   0|  0|  17|          13|          13|
    |sub_ln73_45_fu_12282_p2           |         -|   0|  0|  18|          11|          11|
    |sub_ln73_46_fu_12351_p2           |         -|   0|  0|  17|          12|          12|
    |sub_ln73_47_fu_12357_p2           |         -|   0|  0|  17|           1|          12|
    |sub_ln73_48_fu_12363_p2           |         -|   0|  0|  17|          12|          12|
    |sub_ln73_49_fu_12385_p2           |         -|   0|  0|  20|           1|          13|
    |sub_ln73_4_fu_10641_p2            |         -|   0|  0|  17|          12|          12|
    |sub_ln73_50_fu_12429_p2           |         -|   0|  0|  19|          12|          12|
    |sub_ln73_51_fu_12435_p2           |         -|   0|  0|  19|          12|          12|
    |sub_ln73_5_fu_10647_p2            |         -|   0|  0|  17|          13|          13|
    |sub_ln73_6_fu_10653_p2            |         -|   0|  0|  18|          11|          11|
    |sub_ln73_7_fu_10722_p2            |         -|   0|  0|  17|          12|          12|
    |sub_ln73_8_fu_10728_p2            |         -|   0|  0|  17|           1|          12|
    |sub_ln73_9_fu_10734_p2            |         -|   0|  0|  17|          12|          12|
    |sub_ln73_fu_10545_p2              |         -|   0|  0|  17|          12|          12|
    |and_ln78_10_fu_5036_p2            |       and|   0|  0|   2|           1|           1|
    |and_ln78_11_fu_4236_p2            |       and|   0|  0|   2|           1|           1|
    |and_ln78_12_fu_5939_p2            |       and|   0|  0|   2|           1|           1|
    |and_ln78_13_fu_6002_p2            |       and|   0|  0|   2|           1|           1|
    |and_ln78_14_fu_6613_p2            |       and|   0|  0|   2|           1|           1|
    |and_ln78_15_fu_6642_p2            |       and|   0|  0|   2|           1|           1|
    |and_ln78_16_fu_6648_p2            |       and|   0|  0|   2|           1|           1|
    |and_ln78_17_fu_5442_p2            |       and|   0|  0|   2|           1|           1|
    |and_ln78_18_fu_7530_p2            |       and|   0|  0|   2|           1|           1|
    |and_ln78_19_fu_7593_p2            |       and|   0|  0|   2|           1|           1|
    |and_ln78_1_fu_4153_p2             |       and|   0|  0|   2|           1|           1|
    |and_ln78_20_fu_8204_p2            |       and|   0|  0|   2|           1|           1|
    |and_ln78_21_fu_8233_p2            |       and|   0|  0|   2|           1|           1|
    |and_ln78_22_fu_8239_p2            |       and|   0|  0|   2|           1|           1|
    |and_ln78_23_fu_5448_p2            |       and|   0|  0|   2|           1|           1|
    |and_ln78_24_fu_7042_p2            |       and|   0|  0|   2|           1|           1|
    |and_ln78_25_fu_7048_p2            |       and|   0|  0|   2|           1|           1|
    |and_ln78_26_fu_8633_p2            |       and|   0|  0|   2|           1|           1|
    |and_ln78_27_fu_8639_p2            |       and|   0|  0|   2|           1|           1|
    |and_ln78_2_fu_4167_p2             |       and|   0|  0|   2|           1|           1|
    |and_ln78_3_fu_4196_p2             |       and|   0|  0|   2|           1|           1|
    |and_ln78_4_fu_4202_p2             |       and|   0|  0|   2|           1|           1|
    |and_ln78_5_fu_4230_p2             |       and|   0|  0|   2|           1|           1|
    |and_ln78_6_fu_4329_p2             |       and|   0|  0|   2|           1|           1|
    |and_ln78_7_fu_4392_p2             |       and|   0|  0|   2|           1|           1|
    |and_ln78_8_fu_5000_p2             |       and|   0|  0|   2|           1|           1|
    |and_ln78_9_fu_5030_p2             |       and|   0|  0|   2|           1|           1|
    |and_ln78_fu_4126_p2               |       and|   0|  0|   2|           1|           1|
    |and_ln79_10_fu_5120_p2            |       and|   0|  0|   2|           1|           1|
    |and_ln79_11_fu_5540_p2            |       and|   0|  0|   2|           1|           1|
    |and_ln79_12_fu_6117_p2            |       and|   0|  0|   2|           1|           1|
    |and_ln79_13_fu_5546_p2            |       and|   0|  0|   2|           1|           1|
    |and_ln79_14_fu_6701_p2            |       and|   0|  0|   2|           1|           1|
    |and_ln79_15_fu_6725_p2            |       and|   0|  0|   2|           1|           1|
    |and_ln79_16_fu_6731_p2            |       and|   0|  0|   2|           1|           1|
    |and_ln79_17_fu_7139_p2            |       and|   0|  0|   2|           1|           1|
    |and_ln79_18_fu_7708_p2            |       and|   0|  0|   2|           1|           1|
    |and_ln79_19_fu_7145_p2            |       and|   0|  0|   2|           1|           1|
    |and_ln79_1_fu_3818_p2             |       and|   0|  0|   2|           1|           1|
    |and_ln79_20_fu_8292_p2            |       and|   0|  0|   2|           1|           1|
    |and_ln79_21_fu_8316_p2            |       and|   0|  0|   2|           1|           1|
    |and_ln79_22_fu_8322_p2            |       and|   0|  0|   2|           1|           1|
    |and_ln79_23_fu_8730_p2            |       and|   0|  0|   2|           1|           1|
    |and_ln79_24_fu_8736_p2            |       and|   0|  0|   2|           1|           1|
    |and_ln79_2_fu_3832_p2             |       and|   0|  0|   2|           1|           1|
    |and_ln79_3_fu_3861_p2             |       and|   0|  0|   2|           1|           1|
    |and_ln79_4_fu_3867_p2             |       and|   0|  0|   2|           1|           1|
    |and_ln79_5_fu_3895_p2             |       and|   0|  0|   2|           1|           1|
    |and_ln79_6_fu_4507_p2             |       and|   0|  0|   2|           1|           1|
    |and_ln79_7_fu_3901_p2             |       and|   0|  0|   2|           1|           1|
    |and_ln79_8_fu_5090_p2             |       and|   0|  0|   2|           1|           1|
    |and_ln79_9_fu_5114_p2             |       and|   0|  0|   2|           1|           1|
    |and_ln79_fu_3791_p2               |       and|   0|  0|   2|           1|           1|
    |and_ln80_10_fu_5162_p2            |       and|   0|  0|   2|           1|           1|
    |and_ln80_11_fu_3712_p2            |       and|   0|  0|   2|           1|           1|
    |and_ln80_12_fu_6172_p2            |       and|   0|  0|   2|           1|           1|
    |and_ln80_13_fu_6220_p2            |       and|   0|  0|   2|           1|           1|
    |and_ln80_14_fu_6743_p2            |       and|   0|  0|   2|           1|           1|
    |and_ln80_15_fu_6767_p2            |       and|   0|  0|   2|           1|           1|
    |and_ln80_16_fu_6773_p2            |       and|   0|  0|   2|           1|           1|
    |and_ln80_17_fu_5574_p2            |       and|   0|  0|   2|           1|           1|
    |and_ln80_18_fu_7763_p2            |       and|   0|  0|   2|           1|           1|
    |and_ln80_19_fu_7811_p2            |       and|   0|  0|   2|           1|           1|
    |and_ln80_1_fu_3629_p2             |       and|   0|  0|   2|           1|           1|
    |and_ln80_20_fu_8334_p2            |       and|   0|  0|   2|           1|           1|
    |and_ln80_21_fu_8358_p2            |       and|   0|  0|   2|           1|           1|
    |and_ln80_22_fu_8364_p2            |       and|   0|  0|   2|           1|           1|
    |and_ln80_23_fu_5580_p2            |       and|   0|  0|   2|           1|           1|
    |and_ln80_24_fu_7173_p2            |       and|   0|  0|   2|           1|           1|
    |and_ln80_25_fu_7179_p2            |       and|   0|  0|   2|           1|           1|
    |and_ln80_26_fu_8764_p2            |       and|   0|  0|   2|           1|           1|
    |and_ln80_27_fu_8770_p2            |       and|   0|  0|   2|           1|           1|
    |and_ln80_2_fu_3643_p2             |       and|   0|  0|   2|           1|           1|
    |and_ln80_3_fu_3672_p2             |       and|   0|  0|   2|           1|           1|
    |and_ln80_4_fu_3678_p2             |       and|   0|  0|   2|           1|           1|
    |and_ln80_5_fu_3706_p2             |       and|   0|  0|   2|           1|           1|
    |and_ln80_6_fu_4562_p2             |       and|   0|  0|   2|           1|           1|
    |and_ln80_7_fu_4610_p2             |       and|   0|  0|   2|           1|           1|
    |and_ln80_8_fu_5132_p2             |       and|   0|  0|   2|           1|           1|
    |and_ln80_9_fu_5156_p2             |       and|   0|  0|   2|           1|           1|
    |and_ln80_fu_3615_p2               |       and|   0|  0|   2|           1|           1|
    |and_ln81_10_fu_5204_p2            |       and|   0|  0|   2|           1|           1|
    |and_ln81_11_fu_5608_p2            |       and|   0|  0|   2|           1|           1|
    |and_ln81_12_fu_6266_p2            |       and|   0|  0|   2|           1|           1|
    |and_ln81_13_fu_5614_p2            |       and|   0|  0|   2|           1|           1|
    |and_ln81_14_fu_6785_p2            |       and|   0|  0|   2|           1|           1|
    |and_ln81_15_fu_6809_p2            |       and|   0|  0|   2|           1|           1|
    |and_ln81_16_fu_6815_p2            |       and|   0|  0|   2|           1|           1|
    |and_ln81_17_fu_7207_p2            |       and|   0|  0|   2|           1|           1|
    |and_ln81_18_fu_7857_p2            |       and|   0|  0|   2|           1|           1|
    |and_ln81_19_fu_7213_p2            |       and|   0|  0|   2|           1|           1|
    |and_ln81_1_fu_3453_p2             |       and|   0|  0|   2|           1|           1|
    |and_ln81_20_fu_8376_p2            |       and|   0|  0|   2|           1|           1|
    |and_ln81_21_fu_8400_p2            |       and|   0|  0|   2|           1|           1|
    |and_ln81_22_fu_8406_p2            |       and|   0|  0|   2|           1|           1|
    |and_ln81_23_fu_8798_p2            |       and|   0|  0|   2|           1|           1|
    |and_ln81_24_fu_8804_p2            |       and|   0|  0|   2|           1|           1|
    |and_ln81_2_fu_3467_p2             |       and|   0|  0|   2|           1|           1|
    |and_ln81_3_fu_3496_p2             |       and|   0|  0|   2|           1|           1|
    |and_ln81_4_fu_3502_p2             |       and|   0|  0|   2|           1|           1|
    |and_ln81_5_fu_3530_p2             |       and|   0|  0|   2|           1|           1|
    |and_ln81_6_fu_4657_p2             |       and|   0|  0|   2|           1|           1|
    |and_ln81_7_fu_3536_p2             |       and|   0|  0|   2|           1|           1|
    |and_ln81_8_fu_5174_p2             |       and|   0|  0|   2|           1|           1|
    |and_ln81_9_fu_5198_p2             |       and|   0|  0|   2|           1|           1|
    |and_ln81_fu_3439_p2               |       and|   0|  0|   2|           1|           1|
    |and_ln82_10_fu_5246_p2            |       and|   0|  0|   2|           1|           1|
    |and_ln82_11_fu_3364_p2            |       and|   0|  0|   2|           1|           1|
    |and_ln82_12_fu_6321_p2            |       and|   0|  0|   2|           1|           1|
    |and_ln82_13_fu_6361_p2            |       and|   0|  0|   2|           1|           1|
    |and_ln82_14_fu_6827_p2            |       and|   0|  0|   2|           1|           1|
    |and_ln82_15_fu_6851_p2            |       and|   0|  0|   2|           1|           1|
    |and_ln82_16_fu_6857_p2            |       and|   0|  0|   2|           1|           1|
    |and_ln82_17_fu_5642_p2            |       and|   0|  0|   2|           1|           1|
    |and_ln82_18_fu_7912_p2            |       and|   0|  0|   2|           1|           1|
    |and_ln82_19_fu_7952_p2            |       and|   0|  0|   2|           1|           1|
    |and_ln82_1_fu_3282_p2             |       and|   0|  0|   2|           1|           1|
    |and_ln82_20_fu_8418_p2            |       and|   0|  0|   2|           1|           1|
    |and_ln82_21_fu_8442_p2            |       and|   0|  0|   2|           1|           1|
    |and_ln82_22_fu_8448_p2            |       and|   0|  0|   2|           1|           1|
    |and_ln82_23_fu_5648_p2            |       and|   0|  0|   2|           1|           1|
    |and_ln82_24_fu_7241_p2            |       and|   0|  0|   2|           1|           1|
    |and_ln82_25_fu_7247_p2            |       and|   0|  0|   2|           1|           1|
    |and_ln82_26_fu_8832_p2            |       and|   0|  0|   2|           1|           1|
    |and_ln82_27_fu_8838_p2            |       and|   0|  0|   2|           1|           1|
    |and_ln82_2_fu_3295_p2             |       and|   0|  0|   2|           1|           1|
    |and_ln82_3_fu_3324_p2             |       and|   0|  0|   2|           1|           1|
    |and_ln82_4_fu_3330_p2             |       and|   0|  0|   2|           1|           1|
    |and_ln82_5_fu_3358_p2             |       and|   0|  0|   2|           1|           1|
    |and_ln82_6_fu_4712_p2             |       and|   0|  0|   2|           1|           1|
    |and_ln82_7_fu_4752_p2             |       and|   0|  0|   2|           1|           1|
    |and_ln82_8_fu_5216_p2             |       and|   0|  0|   2|           1|           1|
    |and_ln82_9_fu_5240_p2             |       and|   0|  0|   2|           1|           1|
    |and_ln82_fu_3256_p2               |       and|   0|  0|   2|           1|           1|
    |and_ln83_10_fu_5288_p2            |       and|   0|  0|   2|           1|           1|
    |and_ln83_11_fu_5676_p2            |       and|   0|  0|   2|           1|           1|
    |and_ln83_12_fu_6415_p2            |       and|   0|  0|   2|           1|           1|
    |and_ln83_13_fu_5682_p2            |       and|   0|  0|   2|           1|           1|
    |and_ln83_14_fu_6869_p2            |       and|   0|  0|   2|           1|           1|
    |and_ln83_15_fu_6893_p2            |       and|   0|  0|   2|           1|           1|
    |and_ln83_16_fu_6899_p2            |       and|   0|  0|   2|           1|           1|
    |and_ln83_17_fu_7275_p2            |       and|   0|  0|   2|           1|           1|
    |and_ln83_18_fu_8006_p2            |       and|   0|  0|   2|           1|           1|
    |and_ln83_19_fu_7281_p2            |       and|   0|  0|   2|           1|           1|
    |and_ln83_1_fu_3106_p2             |       and|   0|  0|   2|           1|           1|
    |and_ln83_20_fu_8460_p2            |       and|   0|  0|   2|           1|           1|
    |and_ln83_21_fu_8484_p2            |       and|   0|  0|   2|           1|           1|
    |and_ln83_22_fu_8490_p2            |       and|   0|  0|   2|           1|           1|
    |and_ln83_23_fu_8866_p2            |       and|   0|  0|   2|           1|           1|
    |and_ln83_24_fu_8872_p2            |       and|   0|  0|   2|           1|           1|
    |and_ln83_2_fu_3119_p2             |       and|   0|  0|   2|           1|           1|
    |and_ln83_3_fu_3148_p2             |       and|   0|  0|   2|           1|           1|
    |and_ln83_4_fu_3154_p2             |       and|   0|  0|   2|           1|           1|
    |and_ln83_5_fu_3182_p2             |       and|   0|  0|   2|           1|           1|
    |and_ln83_6_fu_4806_p2             |       and|   0|  0|   2|           1|           1|
    |and_ln83_7_fu_3188_p2             |       and|   0|  0|   2|           1|           1|
    |and_ln83_8_fu_5258_p2             |       and|   0|  0|   2|           1|           1|
    |and_ln83_9_fu_5282_p2             |       and|   0|  0|   2|           1|           1|
    |and_ln83_fu_3080_p2               |       and|   0|  0|   2|           1|           1|
    |and_ln84_10_fu_5330_p2            |       and|   0|  0|   2|           1|           1|
    |and_ln84_11_fu_5710_p2            |       and|   0|  0|   2|           1|           1|
    |and_ln84_12_fu_6470_p2            |       and|   0|  0|   2|           1|           1|
    |and_ln84_13_fu_5716_p2            |       and|   0|  0|   2|           1|           1|
    |and_ln84_14_fu_6911_p2            |       and|   0|  0|   2|           1|           1|
    |and_ln84_15_fu_6935_p2            |       and|   0|  0|   2|           1|           1|
    |and_ln84_16_fu_6941_p2            |       and|   0|  0|   2|           1|           1|
    |and_ln84_17_fu_7309_p2            |       and|   0|  0|   2|           1|           1|
    |and_ln84_18_fu_8061_p2            |       and|   0|  0|   2|           1|           1|
    |and_ln84_19_fu_7315_p2            |       and|   0|  0|   2|           1|           1|
    |and_ln84_1_fu_2925_p2             |       and|   0|  0|   2|           1|           1|
    |and_ln84_20_fu_8502_p2            |       and|   0|  0|   2|           1|           1|
    |and_ln84_21_fu_8526_p2            |       and|   0|  0|   2|           1|           1|
    |and_ln84_22_fu_8532_p2            |       and|   0|  0|   2|           1|           1|
    |and_ln84_23_fu_8900_p2            |       and|   0|  0|   2|           1|           1|
    |and_ln84_24_fu_8906_p2            |       and|   0|  0|   2|           1|           1|
    |and_ln84_2_fu_2939_p2             |       and|   0|  0|   2|           1|           1|
    |and_ln84_3_fu_2968_p2             |       and|   0|  0|   2|           1|           1|
    |and_ln84_4_fu_2974_p2             |       and|   0|  0|   2|           1|           1|
    |and_ln84_5_fu_3002_p2             |       and|   0|  0|   2|           1|           1|
    |and_ln84_6_fu_4861_p2             |       and|   0|  0|   2|           1|           1|
    |and_ln84_7_fu_3008_p2             |       and|   0|  0|   2|           1|           1|
    |and_ln84_8_fu_5300_p2             |       and|   0|  0|   2|           1|           1|
    |and_ln84_9_fu_5324_p2             |       and|   0|  0|   2|           1|           1|
    |and_ln84_fu_2911_p2               |       and|   0|  0|   2|           1|           1|
    |and_ln85_10_fu_5372_p2            |       and|   0|  0|   2|           1|           1|
    |and_ln85_11_fu_5772_p2            |       and|   0|  0|   2|           1|           1|
    |and_ln85_12_fu_6532_p2            |       and|   0|  0|   2|           1|           1|
    |and_ln85_13_fu_5778_p2            |       and|   0|  0|   2|           1|           1|
    |and_ln85_14_fu_6953_p2            |       and|   0|  0|   2|           1|           1|
    |and_ln85_15_fu_6977_p2            |       and|   0|  0|   2|           1|           1|
    |and_ln85_16_fu_6983_p2            |       and|   0|  0|   2|           1|           1|
    |and_ln85_17_fu_7371_p2            |       and|   0|  0|   2|           1|           1|
    |and_ln85_18_fu_8123_p2            |       and|   0|  0|   2|           1|           1|
    |and_ln85_19_fu_7377_p2            |       and|   0|  0|   2|           1|           1|
    |and_ln85_1_fu_2762_p2             |       and|   0|  0|   2|           1|           1|
    |and_ln85_20_fu_8544_p2            |       and|   0|  0|   2|           1|           1|
    |and_ln85_21_fu_8568_p2            |       and|   0|  0|   2|           1|           1|
    |and_ln85_22_fu_8574_p2            |       and|   0|  0|   2|           1|           1|
    |and_ln85_23_fu_8962_p2            |       and|   0|  0|   2|           1|           1|
    |and_ln85_24_fu_8968_p2            |       and|   0|  0|   2|           1|           1|
    |and_ln85_2_fu_2775_p2             |       and|   0|  0|   2|           1|           1|
    |and_ln85_3_fu_2804_p2             |       and|   0|  0|   2|           1|           1|
    |and_ln85_4_fu_2810_p2             |       and|   0|  0|   2|           1|           1|
    |and_ln85_5_fu_2838_p2             |       and|   0|  0|   2|           1|           1|
    |and_ln85_6_fu_4923_p2             |       and|   0|  0|   2|           1|           1|
    |and_ln85_7_fu_2844_p2             |       and|   0|  0|   2|           1|           1|
    |and_ln85_8_fu_5342_p2             |       and|   0|  0|   2|           1|           1|
    |and_ln85_9_fu_5366_p2             |       and|   0|  0|   2|           1|           1|
    |and_ln85_fu_2736_p2               |       and|   0|  0|   2|           1|           1|
    |and_ln86_10_fu_5414_p2            |       and|   0|  0|   2|           1|           1|
    |and_ln86_11_fu_5822_p2            |       and|   0|  0|   2|           1|           1|
    |and_ln86_12_fu_6591_p2            |       and|   0|  0|   2|           1|           1|
    |and_ln86_13_fu_5828_p2            |       and|   0|  0|   2|           1|           1|
    |and_ln86_14_fu_6995_p2            |       and|   0|  0|   2|           1|           1|
    |and_ln86_15_fu_7019_p2            |       and|   0|  0|   2|           1|           1|
    |and_ln86_16_fu_7025_p2            |       and|   0|  0|   2|           1|           1|
    |and_ln86_17_fu_7417_p2            |       and|   0|  0|   2|           1|           1|
    |and_ln86_18_fu_8182_p2            |       and|   0|  0|   2|           1|           1|
    |and_ln86_19_fu_7423_p2            |       and|   0|  0|   2|           1|           1|
    |and_ln86_1_fu_2589_p2             |       and|   0|  0|   2|           1|           1|
    |and_ln86_20_fu_8586_p2            |       and|   0|  0|   2|           1|           1|
    |and_ln86_21_fu_8610_p2            |       and|   0|  0|   2|           1|           1|
    |and_ln86_22_fu_8616_p2            |       and|   0|  0|   2|           1|           1|
    |and_ln86_23_fu_9008_p2            |       and|   0|  0|   2|           1|           1|
    |and_ln86_24_fu_9014_p2            |       and|   0|  0|   2|           1|           1|
    |and_ln86_2_fu_2603_p2             |       and|   0|  0|   2|           1|           1|
    |and_ln86_3_fu_2632_p2             |       and|   0|  0|   2|           1|           1|
    |and_ln86_4_fu_2638_p2             |       and|   0|  0|   2|           1|           1|
    |and_ln86_5_fu_2666_p2             |       and|   0|  0|   2|           1|           1|
    |and_ln86_6_fu_4978_p2             |       and|   0|  0|   2|           1|           1|
    |and_ln86_7_fu_2672_p2             |       and|   0|  0|   2|           1|           1|
    |and_ln86_8_fu_5384_p2             |       and|   0|  0|   2|           1|           1|
    |and_ln86_9_fu_5408_p2             |       and|   0|  0|   2|           1|           1|
    |and_ln86_fu_2575_p2               |       and|   0|  0|   2|           1|           1|
    |and_ln87_10_fu_6042_p2            |       and|   0|  0|   2|           1|           1|
    |and_ln87_11_fu_6659_p2            |       and|   0|  0|   2|           1|           1|
    |and_ln87_12_fu_6689_p2            |       and|   0|  0|   2|           1|           1|
    |and_ln87_13_fu_7089_p2            |       and|   0|  0|   2|           1|           1|
    |and_ln87_14_fu_7101_p2            |       and|   0|  0|   2|           1|           1|
    |and_ln87_15_fu_7633_p2            |       and|   0|  0|   2|           1|           1|
    |and_ln87_16_fu_8250_p2            |       and|   0|  0|   2|           1|           1|
    |and_ln87_17_fu_8280_p2            |       and|   0|  0|   2|           1|           1|
    |and_ln87_18_fu_8680_p2            |       and|   0|  0|   2|           1|           1|
    |and_ln87_19_fu_8692_p2            |       and|   0|  0|   2|           1|           1|
    |and_ln87_1_fu_4001_p2             |       and|   0|  0|   2|           1|           1|
    |and_ln87_20_fu_4013_p2            |       and|   0|  0|   2|           1|           1|
    |and_ln87_21_fu_5060_p2            |       and|   0|  0|   2|           1|           1|
    |and_ln87_22_fu_6671_p2            |       and|   0|  0|   2|           1|           1|
    |and_ln87_23_fu_8262_p2            |       and|   0|  0|   2|           1|           1|
    |and_ln87_2_fu_4035_p2             |       and|   0|  0|   2|           1|           1|
    |and_ln87_3_fu_4053_p2             |       and|   0|  0|   2|           1|           1|
    |and_ln87_4_fu_4064_p2             |       and|   0|  0|   2|           1|           1|
    |and_ln87_5_fu_4432_p2             |       and|   0|  0|   2|           1|           1|
    |and_ln87_6_fu_5048_p2             |       and|   0|  0|   2|           1|           1|
    |and_ln87_7_fu_5078_p2             |       and|   0|  0|   2|           1|           1|
    |and_ln87_8_fu_5490_p2             |       and|   0|  0|   2|           1|           1|
    |and_ln87_9_fu_5502_p2             |       and|   0|  0|   2|           1|           1|
    |and_ln87_fu_3966_p2               |       and|   0|  0|   2|           1|           1|
    |ap_block_state5_pp0_stage0_iter4  |       and|   0|  0|   2|           1|           1|
    |ap_condition_543                  |       and|   0|  0|   2|           1|           1|
    |ap_condition_547                  |       and|   0|  0|   2|           1|           1|
    |ap_condition_603                  |       and|   0|  0|   2|           1|           1|
    |on_stride_fu_2486_p2              |       and|   0|  0|   2|           1|           1|
    |grp_fu_2240_p2                    |      icmp|   0|  0|   9|           2|           2|
    |grp_fu_2255_p2                    |      icmp|   0|  0|  10|           3|           2|
    |grp_fu_2261_p2                    |      icmp|   0|  0|  10|           3|           1|
    |grp_fu_2267_p2                    |      icmp|   0|  0|   9|           2|           1|
    |grp_fu_2303_p2                    |      icmp|   0|  0|  12|           4|           2|
    |grp_fu_2309_p2                    |      icmp|   0|  0|  12|           4|           1|
    |have_full_window_fu_2474_p2       |      icmp|   0|  0|  14|           7|           1|
    |icmp_ln123_fu_2336_p2             |      icmp|   0|  0|  17|           9|          10|
    |icmp_ln137_fu_9752_p2             |      icmp|   0|  0|  39|          32|           3|
    |icmp_ln140_fu_2480_p2             |      icmp|   0|  0|  39|          32|           1|
    |icmp_ln159_1_fu_9806_p2           |      icmp|   0|  0|  39|          32|           3|
    |icmp_ln159_2_fu_9832_p2           |      icmp|   0|  0|  39|          32|           3|
    |icmp_ln159_3_fu_9848_p2           |      icmp|   0|  0|  39|          32|           3|
    |icmp_ln159_4_fu_9860_p2           |      icmp|   0|  0|  39|          32|           3|
    |icmp_ln159_fu_9772_p2             |      icmp|   0|  0|  39|          32|           3|
    |icmp_ln180_fu_2492_p2             |      icmp|   0|  0|  39|          32|           2|
    |icmp_ln77_10_fu_7465_p2           |      icmp|   0|  0|  12|           4|           5|
    |icmp_ln77_11_fu_7483_p2           |      icmp|   0|  0|  12|           4|           3|
    |icmp_ln77_12_fu_7497_p2           |      icmp|   0|  0|  12|           4|           3|
    |icmp_ln77_13_fu_9457_p2           |      icmp|   0|  0|  12|           4|           3|
    |icmp_ln77_14_fu_9469_p2           |      icmp|   0|  0|  12|           4|           3|
    |icmp_ln77_15_fu_9482_p2           |      icmp|   0|  0|  12|           4|           2|
    |icmp_ln77_16_fu_9495_p2           |      icmp|   0|  0|  12|           4|           2|
    |icmp_ln77_17_fu_9508_p2           |      icmp|   0|  0|  12|           4|           1|
    |icmp_ln77_18_fu_9042_p2           |      icmp|   0|  0|  12|           4|           4|
    |icmp_ln77_19_fu_9056_p2           |      icmp|   0|  0|  12|           4|           5|
    |icmp_ln77_1_fu_5874_p2            |      icmp|   0|  0|  12|           4|           5|
    |icmp_ln77_20_fu_9074_p2           |      icmp|   0|  0|  12|           4|           3|
    |icmp_ln77_21_fu_9088_p2           |      icmp|   0|  0|  12|           4|           3|
    |icmp_ln77_22_fu_9663_p2           |      icmp|   0|  0|  12|           4|           3|
    |icmp_ln77_23_fu_9675_p2           |      icmp|   0|  0|  12|           4|           3|
    |icmp_ln77_24_fu_9688_p2           |      icmp|   0|  0|  12|           4|           2|
    |icmp_ln77_25_fu_9701_p2           |      icmp|   0|  0|  12|           4|           2|
    |icmp_ln77_26_fu_9714_p2           |      icmp|   0|  0|  12|           4|           1|
    |icmp_ln77_2_fu_5892_p2            |      icmp|   0|  0|  12|           4|           3|
    |icmp_ln77_3_fu_5906_p2            |      icmp|   0|  0|  12|           4|           3|
    |icmp_ln77_4_fu_9251_p2            |      icmp|   0|  0|  12|           4|           3|
    |icmp_ln77_5_fu_9263_p2            |      icmp|   0|  0|  12|           4|           3|
    |icmp_ln77_6_fu_9276_p2            |      icmp|   0|  0|  12|           4|           2|
    |icmp_ln77_7_fu_9289_p2            |      icmp|   0|  0|  12|           4|           2|
    |icmp_ln77_8_fu_9302_p2            |      icmp|   0|  0|  12|           4|           1|
    |icmp_ln77_9_fu_7451_p2            |      icmp|   0|  0|  12|           4|           4|
    |icmp_ln77_fu_5856_p2              |      icmp|   0|  0|  12|           4|           4|
    |icmp_ln78_10_fu_5975_p2           |      icmp|   0|  0|  12|           4|           1|
    |icmp_ln78_11_fu_2412_p2           |      icmp|   0|  0|   9|           2|           1|
    |icmp_ln78_12_fu_7545_p2           |      icmp|   0|  0|  10|           3|           2|
    |icmp_ln78_13_fu_7560_p2           |      icmp|   0|  0|  12|           4|           2|
    |icmp_ln78_14_fu_7566_p2           |      icmp|   0|  0|  12|           4|           1|
    |icmp_ln78_15_fu_2458_p2           |      icmp|   0|  0|   9|           2|           1|
    |icmp_ln78_3_fu_4218_p2            |      icmp|   0|  0|   9|           2|           1|
    |icmp_ln78_4_fu_4344_p2            |      icmp|   0|  0|  10|           3|           2|
    |icmp_ln78_5_fu_4359_p2            |      icmp|   0|  0|  12|           4|           2|
    |icmp_ln78_6_fu_4365_p2            |      icmp|   0|  0|  12|           4|           1|
    |icmp_ln78_7_fu_5430_p2            |      icmp|   0|  0|   9|           2|           1|
    |icmp_ln78_8_fu_5954_p2            |      icmp|   0|  0|  10|           3|           2|
    |icmp_ln78_9_fu_5969_p2            |      icmp|   0|  0|  12|           4|           2|
    |icmp_ln79_3_fu_3883_p2            |      icmp|   0|  0|  10|           3|           1|
    |icmp_ln79_4_fu_5528_p2            |      icmp|   0|  0|  10|           3|           1|
    |icmp_ln79_5_fu_7127_p2            |      icmp|   0|  0|  10|           3|           1|
    |icmp_ln79_6_fu_8718_p2            |      icmp|   0|  0|  10|           3|           1|
    |icmp_ln80_10_fu_7778_p2           |      icmp|   0|  0|   9|           2|           2|
    |icmp_ln80_11_fu_7784_p2           |      icmp|   0|  0|  10|           3|           1|
    |icmp_ln80_12_fu_8752_p2           |      icmp|   0|  0|  12|           4|           1|
    |icmp_ln80_3_fu_3694_p2            |      icmp|   0|  0|  12|           4|           1|
    |icmp_ln80_4_fu_4577_p2            |      icmp|   0|  0|   9|           2|           2|
    |icmp_ln80_5_fu_4583_p2            |      icmp|   0|  0|  10|           3|           1|
    |icmp_ln80_6_fu_5562_p2            |      icmp|   0|  0|  12|           4|           1|
    |icmp_ln80_7_fu_6187_p2            |      icmp|   0|  0|   9|           2|           2|
    |icmp_ln80_8_fu_6193_p2            |      icmp|   0|  0|  10|           3|           1|
    |icmp_ln80_9_fu_7161_p2            |      icmp|   0|  0|  12|           4|           1|
    |icmp_ln81_3_fu_3518_p2            |      icmp|   0|  0|  10|           3|           1|
    |icmp_ln81_4_fu_5596_p2            |      icmp|   0|  0|  10|           3|           1|
    |icmp_ln81_5_fu_7195_p2            |      icmp|   0|  0|  10|           3|           1|
    |icmp_ln81_6_fu_8786_p2            |      icmp|   0|  0|  10|           3|           1|
    |icmp_ln82_2_fu_3346_p2            |      icmp|   0|  0|  12|           5|           1|
    |icmp_ln82_3_fu_4725_p2            |      icmp|   0|  0|   9|           2|           1|
    |icmp_ln82_4_fu_5630_p2            |      icmp|   0|  0|  12|           5|           1|
    |icmp_ln82_5_fu_6334_p2            |      icmp|   0|  0|   9|           2|           1|
    |icmp_ln82_6_fu_7229_p2            |      icmp|   0|  0|  12|           5|           1|
    |icmp_ln82_7_fu_7925_p2            |      icmp|   0|  0|   9|           2|           1|
    |icmp_ln82_8_fu_8820_p2            |      icmp|   0|  0|  12|           5|           1|
    |icmp_ln83_2_fu_3170_p2            |      icmp|   0|  0|  13|           6|           1|
    |icmp_ln83_3_fu_5664_p2            |      icmp|   0|  0|  13|           6|           1|
    |icmp_ln83_4_fu_7263_p2            |      icmp|   0|  0|  13|           6|           1|
    |icmp_ln83_5_fu_8854_p2            |      icmp|   0|  0|  13|           6|           1|
    |icmp_ln84_3_fu_2990_p2            |      icmp|   0|  0|  12|           5|           1|
    |icmp_ln84_4_fu_5698_p2            |      icmp|   0|  0|  12|           5|           1|
    |icmp_ln84_5_fu_7297_p2            |      icmp|   0|  0|  12|           5|           1|
    |icmp_ln84_6_fu_8888_p2            |      icmp|   0|  0|  12|           5|           1|
    |icmp_ln85_2_fu_2826_p2            |      icmp|   0|  0|  14|           7|           1|
    |icmp_ln85_3_fu_5760_p2            |      icmp|   0|  0|  14|           7|           1|
    |icmp_ln85_4_fu_7359_p2            |      icmp|   0|  0|  14|           7|           1|
    |icmp_ln85_5_fu_8950_p2            |      icmp|   0|  0|  14|           7|           1|
    |icmp_ln86_3_fu_2654_p2            |      icmp|   0|  0|  13|           6|           1|
    |icmp_ln86_4_fu_5810_p2            |      icmp|   0|  0|  13|           6|           1|
    |icmp_ln86_5_fu_7405_p2            |      icmp|   0|  0|  13|           6|           1|
    |icmp_ln86_6_fu_8996_p2            |      icmp|   0|  0|  13|           6|           1|
    |icmp_ln87_1_fu_3987_p2            |      icmp|   0|  0|  12|           5|           1|
    |icmp_ln87_2_fu_4447_p2            |      icmp|   0|  0|  12|           5|           2|
    |icmp_ln87_3_fu_4453_p2            |      icmp|   0|  0|  12|           5|           1|
    |icmp_ln87_4_fu_6057_p2            |      icmp|   0|  0|  12|           5|           2|
    |icmp_ln87_5_fu_6063_p2            |      icmp|   0|  0|  12|           5|           1|
    |icmp_ln87_6_fu_7648_p2            |      icmp|   0|  0|  12|           5|           2|
    |icmp_ln87_7_fu_7654_p2            |      icmp|   0|  0|  12|           5|           1|
    |icmp_ln87_fu_3981_p2              |      icmp|   0|  0|  12|           5|           2|
    |ap_block_pp0_stage0_01001         |        or|   0|  0|   2|           1|           1|
    |ap_block_state1_pp0_stage0_iter0  |        or|   0|  0|   2|           1|           1|
    |or_ln78_10_fu_8628_p2             |        or|   0|  0|   2|           1|           1|
    |or_ln78_11_fu_8645_p2             |        or|   0|  0|   2|           1|           1|
    |or_ln78_1_fu_4224_p2              |        or|   0|  0|   2|           1|           1|
    |or_ln78_2_fu_4241_p2              |        or|   0|  0|   2|           1|           1|
    |or_ln78_3_fu_5018_p2              |        or|   0|  0|   2|           1|           1|
    |or_ln78_4_fu_5436_p2              |        or|   0|  0|   2|           1|           1|
    |or_ln78_5_fu_5454_p2              |        or|   0|  0|   2|           1|           1|
    |or_ln78_6_fu_6631_p2              |        or|   0|  0|   2|           1|           1|
    |or_ln78_7_fu_7037_p2              |        or|   0|  0|   2|           1|           1|
    |or_ln78_8_fu_7054_p2              |        or|   0|  0|   2|           1|           1|
    |or_ln78_9_fu_8222_p2              |        or|   0|  0|   2|           1|           1|
    |or_ln78_fu_4185_p2                |        or|   0|  0|   2|           1|           1|
    |or_ln79_10_fu_8724_p2             |        or|   0|  0|   2|           1|           1|
    |or_ln79_11_fu_8742_p2             |        or|   0|  0|   2|           1|           1|
    |or_ln79_1_fu_3889_p2              |        or|   0|  0|   2|           1|           1|
    |or_ln79_2_fu_3906_p2              |        or|   0|  0|   2|           1|           1|
    |or_ln79_3_fu_5108_p2              |        or|   0|  0|   2|           1|           1|
    |or_ln79_4_fu_5534_p2              |        or|   0|  0|   2|           1|           1|
    |or_ln79_5_fu_5552_p2              |        or|   0|  0|   2|           1|           1|
    |or_ln79_6_fu_6719_p2              |        or|   0|  0|   2|           1|           1|
    |or_ln79_7_fu_7133_p2              |        or|   0|  0|   2|           1|           1|
    |or_ln79_8_fu_7151_p2              |        or|   0|  0|   2|           1|           1|
    |or_ln79_9_fu_8310_p2              |        or|   0|  0|   2|           1|           1|
    |or_ln79_fu_3850_p2                |        or|   0|  0|   2|           1|           1|
    |or_ln80_10_fu_8758_p2             |        or|   0|  0|   2|           1|           1|
    |or_ln80_11_fu_8776_p2             |        or|   0|  0|   2|           1|           1|
    |or_ln80_1_fu_3700_p2              |        or|   0|  0|   2|           1|           1|
    |or_ln80_2_fu_3717_p2              |        or|   0|  0|   2|           1|           1|
    |or_ln80_3_fu_5150_p2              |        or|   0|  0|   2|           1|           1|
    |or_ln80_4_fu_5568_p2              |        or|   0|  0|   2|           1|           1|
    |or_ln80_5_fu_5586_p2              |        or|   0|  0|   2|           1|           1|
    |or_ln80_6_fu_6761_p2              |        or|   0|  0|   2|           1|           1|
    |or_ln80_7_fu_7167_p2              |        or|   0|  0|   2|           1|           1|
    |or_ln80_8_fu_7185_p2              |        or|   0|  0|   2|           1|           1|
    |or_ln80_9_fu_8352_p2              |        or|   0|  0|   2|           1|           1|
    |or_ln80_fu_3661_p2                |        or|   0|  0|   2|           1|           1|
    |or_ln81_10_fu_8792_p2             |        or|   0|  0|   2|           1|           1|
    |or_ln81_11_fu_8810_p2             |        or|   0|  0|   2|           1|           1|
    |or_ln81_1_fu_3524_p2              |        or|   0|  0|   2|           1|           1|
    |or_ln81_2_fu_3541_p2              |        or|   0|  0|   2|           1|           1|
    |or_ln81_3_fu_5192_p2              |        or|   0|  0|   2|           1|           1|
    |or_ln81_4_fu_5602_p2              |        or|   0|  0|   2|           1|           1|
    |or_ln81_5_fu_5620_p2              |        or|   0|  0|   2|           1|           1|
    |or_ln81_6_fu_6803_p2              |        or|   0|  0|   2|           1|           1|
    |or_ln81_7_fu_7201_p2              |        or|   0|  0|   2|           1|           1|
    |or_ln81_8_fu_7219_p2              |        or|   0|  0|   2|           1|           1|
    |or_ln81_9_fu_8394_p2              |        or|   0|  0|   2|           1|           1|
    |or_ln81_fu_3485_p2                |        or|   0|  0|   2|           1|           1|
    |or_ln82_10_fu_8826_p2             |        or|   0|  0|   2|           1|           1|
    |or_ln82_11_fu_8844_p2             |        or|   0|  0|   2|           1|           1|
    |or_ln82_1_fu_3352_p2              |        or|   0|  0|   2|           1|           1|
    |or_ln82_2_fu_3369_p2              |        or|   0|  0|   2|           1|           1|
    |or_ln82_3_fu_5234_p2              |        or|   0|  0|   2|           1|           1|
    |or_ln82_4_fu_5636_p2              |        or|   0|  0|   2|           1|           1|
    |or_ln82_5_fu_5654_p2              |        or|   0|  0|   2|           1|           1|
    |or_ln82_6_fu_6845_p2              |        or|   0|  0|   2|           1|           1|
    |or_ln82_7_fu_7235_p2              |        or|   0|  0|   2|           1|           1|
    |or_ln82_8_fu_7253_p2              |        or|   0|  0|   2|           1|           1|
    |or_ln82_9_fu_8436_p2              |        or|   0|  0|   2|           1|           1|
    |or_ln82_fu_3313_p2                |        or|   0|  0|   2|           1|           1|
    |or_ln83_10_fu_8860_p2             |        or|   0|  0|   2|           1|           1|
    |or_ln83_11_fu_8878_p2             |        or|   0|  0|   2|           1|           1|
    |or_ln83_1_fu_3176_p2              |        or|   0|  0|   2|           1|           1|
    |or_ln83_2_fu_3193_p2              |        or|   0|  0|   2|           1|           1|
    |or_ln83_3_fu_5276_p2              |        or|   0|  0|   2|           1|           1|
    |or_ln83_4_fu_5670_p2              |        or|   0|  0|   2|           1|           1|
    |or_ln83_5_fu_5688_p2              |        or|   0|  0|   2|           1|           1|
    |or_ln83_6_fu_6887_p2              |        or|   0|  0|   2|           1|           1|
    |or_ln83_7_fu_7269_p2              |        or|   0|  0|   2|           1|           1|
    |or_ln83_8_fu_7287_p2              |        or|   0|  0|   2|           1|           1|
    |or_ln83_9_fu_8478_p2              |        or|   0|  0|   2|           1|           1|
    |or_ln83_fu_3137_p2                |        or|   0|  0|   2|           1|           1|
    |or_ln84_10_fu_8894_p2             |        or|   0|  0|   2|           1|           1|
    |or_ln84_11_fu_8912_p2             |        or|   0|  0|   2|           1|           1|
    |or_ln84_1_fu_2996_p2              |        or|   0|  0|   2|           1|           1|
    |or_ln84_2_fu_3013_p2              |        or|   0|  0|   2|           1|           1|
    |or_ln84_3_fu_5318_p2              |        or|   0|  0|   2|           1|           1|
    |or_ln84_4_fu_5704_p2              |        or|   0|  0|   2|           1|           1|
    |or_ln84_5_fu_5722_p2              |        or|   0|  0|   2|           1|           1|
    |or_ln84_6_fu_6929_p2              |        or|   0|  0|   2|           1|           1|
    |or_ln84_7_fu_7303_p2              |        or|   0|  0|   2|           1|           1|
    |or_ln84_8_fu_7321_p2              |        or|   0|  0|   2|           1|           1|
    |or_ln84_9_fu_8520_p2              |        or|   0|  0|   2|           1|           1|
    |or_ln84_fu_2957_p2                |        or|   0|  0|   2|           1|           1|
    |or_ln85_10_fu_8956_p2             |        or|   0|  0|   2|           1|           1|
    |or_ln85_11_fu_8982_p2             |        or|   0|  0|   2|           1|           1|
    |or_ln85_1_fu_2832_p2              |        or|   0|  0|   2|           1|           1|
    |or_ln85_2_fu_2857_p2              |        or|   0|  0|   2|           1|           1|
    |or_ln85_3_fu_5360_p2              |        or|   0|  0|   2|           1|           1|
    |or_ln85_4_fu_5766_p2              |        or|   0|  0|   2|           1|           1|
    |or_ln85_5_fu_5792_p2              |        or|   0|  0|   2|           1|           1|
    |or_ln85_6_fu_6971_p2              |        or|   0|  0|   2|           1|           1|
    |or_ln85_7_fu_7365_p2              |        or|   0|  0|   2|           1|           1|
    |or_ln85_8_fu_7391_p2              |        or|   0|  0|   2|           1|           1|
    |or_ln85_9_fu_8562_p2              |        or|   0|  0|   2|           1|           1|
    |or_ln85_fu_2793_p2                |        or|   0|  0|   2|           1|           1|
    |or_ln86_10_fu_9002_p2             |        or|   0|  0|   2|           1|           1|
    |or_ln86_11_fu_9028_p2             |        or|   0|  0|   2|           1|           1|
    |or_ln86_1_fu_2660_p2              |        or|   0|  0|   2|           1|           1|
    |or_ln86_2_fu_2685_p2              |        or|   0|  0|   2|           1|           1|
    |or_ln86_3_fu_5402_p2              |        or|   0|  0|   2|           1|           1|
    |or_ln86_4_fu_5816_p2              |        or|   0|  0|   2|           1|           1|
    |or_ln86_5_fu_5842_p2              |        or|   0|  0|   2|           1|           1|
    |or_ln86_6_fu_7013_p2              |        or|   0|  0|   2|           1|           1|
    |or_ln86_7_fu_7411_p2              |        or|   0|  0|   2|           1|           1|
    |or_ln86_8_fu_7437_p2              |        or|   0|  0|   2|           1|           1|
    |or_ln86_9_fu_8604_p2              |        or|   0|  0|   2|           1|           1|
    |or_ln86_fu_2621_p2                |        or|   0|  0|   2|           1|           1|
    |or_ln87_10_fu_7083_p2             |        or|   0|  0|   2|           1|           1|
    |or_ln87_11_fu_7095_p2             |        or|   0|  0|   2|           1|           1|
    |or_ln87_12_fu_8274_p2             |        or|   0|  0|   2|           1|           1|
    |or_ln87_13_fu_8286_p2             |        or|   0|  0|   2|           1|           1|
    |or_ln87_14_fu_8674_p2             |        or|   0|  0|   2|           1|           1|
    |or_ln87_15_fu_8686_p2             |        or|   0|  0|   2|           1|           1|
    |or_ln87_1_fu_4041_p2              |        or|   0|  0|   2|           1|           1|
    |or_ln87_2_fu_4047_p2              |        or|   0|  0|   2|           1|           1|
    |or_ln87_3_fu_4059_p2              |        or|   0|  0|   2|           1|           1|
    |or_ln87_4_fu_5072_p2              |        or|   0|  0|   2|           1|           1|
    |or_ln87_5_fu_5084_p2              |        or|   0|  0|   2|           1|           1|
    |or_ln87_6_fu_5484_p2              |        or|   0|  0|   2|           1|           1|
    |or_ln87_7_fu_5496_p2              |        or|   0|  0|   2|           1|           1|
    |or_ln87_8_fu_6683_p2              |        or|   0|  0|   2|           1|           1|
    |or_ln87_9_fu_6695_p2              |        or|   0|  0|   2|           1|           1|
    |or_ln87_fu_4024_p2                |        or|   0|  0|   2|           1|           1|
    |row_buf_21_fu_9307_p3             |    select|   0|  0|   8|           1|           8|
    |row_buf_22_fu_9513_p3             |    select|   0|  0|   8|           1|           8|
    |row_buf_23_fu_9719_p3             |    select|   0|  0|   8|           1|           8|
    |select_ln159_1_fu_9919_p3         |    select|   0|  0|   3|           1|           3|
    |select_ln159_2_fu_9924_p3         |    select|   0|  0|   3|           1|           3|
    |select_ln159_3_fu_9929_p3         |    select|   0|  0|   3|           1|           3|
    |select_ln159_4_fu_9934_p3         |    select|   0|  0|   3|           1|           3|
    |select_ln159_fu_9792_p3           |    select|   0|  0|   3|           1|           3|
    |select_ln77_10_fu_7471_p3         |    select|   0|  0|   6|           1|           6|
    |select_ln77_11_fu_7489_p3         |    select|   0|  0|   8|           1|           8|
    |select_ln77_12_fu_7503_p3         |    select|   0|  0|   8|           1|           8|
    |select_ln77_13_fu_9462_p3         |    select|   0|  0|   8|           1|           8|
    |select_ln77_14_fu_9474_p3         |    select|   0|  0|   8|           1|           8|
    |select_ln77_15_fu_9487_p3         |    select|   0|  0|   8|           1|           8|
    |select_ln77_16_fu_9500_p3         |    select|   0|  0|   8|           1|           8|
    |select_ln77_18_fu_9048_p3         |    select|   0|  0|   6|           1|           6|
    |select_ln77_19_fu_9062_p3         |    select|   0|  0|   6|           1|           6|
    |select_ln77_1_fu_5880_p3          |    select|   0|  0|   7|           1|           7|
    |select_ln77_20_fu_9080_p3         |    select|   0|  0|   8|           1|           8|
    |select_ln77_21_fu_9094_p3         |    select|   0|  0|   8|           1|           8|
    |select_ln77_22_fu_9668_p3         |    select|   0|  0|   8|           1|           8|
    |select_ln77_23_fu_9680_p3         |    select|   0|  0|   8|           1|           8|
    |select_ln77_24_fu_9693_p3         |    select|   0|  0|   8|           1|           8|
    |select_ln77_25_fu_9706_p3         |    select|   0|  0|   8|           1|           8|
    |select_ln77_2_fu_5898_p3          |    select|   0|  0|   8|           1|           8|
    |select_ln77_3_fu_5912_p3          |    select|   0|  0|   8|           1|           8|
    |select_ln77_4_fu_9256_p3          |    select|   0|  0|   8|           1|           8|
    |select_ln77_5_fu_9268_p3          |    select|   0|  0|   8|           1|           8|
    |select_ln77_6_fu_9281_p3          |    select|   0|  0|   8|           1|           8|
    |select_ln77_7_fu_9294_p3          |    select|   0|  0|   8|           1|           8|
    |select_ln77_9_fu_7457_p3          |    select|   0|  0|   6|           1|           6|
    |select_ln77_fu_5862_p3            |    select|   0|  0|   6|           1|           6|
    |select_ln78_10_fu_7060_p3         |    select|   0|  0|   3|           1|           2|
    |select_ln78_11_fu_7068_p3         |    select|   0|  0|   3|           1|           3|
    |select_ln78_12_fu_7572_p3         |    select|   0|  0|   2|           1|           1|
    |select_ln78_13_fu_7599_p3         |    select|   0|  0|   2|           1|           1|
    |select_ln78_14_fu_8651_p3         |    select|   0|  0|   3|           1|           2|
    |select_ln78_15_fu_8659_p3         |    select|   0|  0|   3|           1|           3|
    |select_ln78_1_fu_4159_p3          |    select|   0|  0|   2|           1|           1|
    |select_ln78_2_fu_4247_p3          |    select|   0|  0|   3|           1|           2|
    |select_ln78_3_fu_4255_p3          |    select|   0|  0|   3|           1|           3|
    |select_ln78_4_fu_4371_p3          |    select|   0|  0|   2|           1|           1|
    |select_ln78_5_fu_4398_p3          |    select|   0|  0|   2|           1|           1|
    |select_ln78_6_fu_5460_p3          |    select|   0|  0|   3|           1|           2|
    |select_ln78_7_fu_5468_p3          |    select|   0|  0|   3|           1|           3|
    |select_ln78_8_fu_5981_p3          |    select|   0|  0|   2|           1|           1|
    |select_ln78_9_fu_6008_p3          |    select|   0|  0|   2|           1|           1|
    |select_ln78_fu_4132_p3            |    select|   0|  0|   2|           1|           1|
    |select_ln79_10_fu_9141_p3         |    select|   0|  0|   4|           1|           4|
    |select_ln79_11_fu_7115_p3         |    select|   0|  0|   6|           1|           6|
    |select_ln79_12_fu_7714_p3         |    select|   0|  0|   2|           1|           1|
    |select_ln79_13_fu_7722_p3         |    select|   0|  0|   2|           1|           1|
    |select_ln79_14_fu_9340_p3         |    select|   0|  0|   4|           1|           3|
    |select_ln79_15_fu_9347_p3         |    select|   0|  0|   4|           1|           4|
    |select_ln79_16_fu_8706_p3         |    select|   0|  0|   6|           1|           6|
    |select_ln79_17_fu_9546_p3         |    select|   0|  0|   4|           1|           3|
    |select_ln79_18_fu_9553_p3         |    select|   0|  0|   4|           1|           4|
    |select_ln79_1_fu_3824_p3          |    select|   0|  0|   2|           1|           1|
    |select_ln79_2_fu_3912_p3          |    select|   0|  0|   4|           1|           3|
    |select_ln79_3_fu_3920_p3          |    select|   0|  0|   4|           1|           4|
    |select_ln79_4_fu_4513_p3          |    select|   0|  0|   2|           1|           1|
    |select_ln79_5_fu_4521_p3          |    select|   0|  0|   2|           1|           1|
    |select_ln79_6_fu_5516_p3          |    select|   0|  0|   6|           1|           6|
    |select_ln79_7_fu_9134_p3          |    select|   0|  0|   4|           1|           3|
    |select_ln79_8_fu_6123_p3          |    select|   0|  0|   2|           1|           1|
    |select_ln79_9_fu_6131_p3          |    select|   0|  0|   2|           1|           1|
    |select_ln79_fu_3797_p3            |    select|   0|  0|   2|           1|           1|
    |select_ln80_10_fu_9365_p3         |    select|   0|  0|   5|           1|           4|
    |select_ln80_11_fu_9372_p3         |    select|   0|  0|   5|           1|           5|
    |select_ln80_12_fu_7790_p3         |    select|   0|  0|   2|           1|           1|
    |select_ln80_13_fu_7817_p3         |    select|   0|  0|   2|           1|           1|
    |select_ln80_14_fu_9571_p3         |    select|   0|  0|   5|           1|           4|
    |select_ln80_15_fu_9578_p3         |    select|   0|  0|   5|           1|           5|
    |select_ln80_1_fu_3635_p3          |    select|   0|  0|   2|           1|           1|
    |select_ln80_2_fu_3723_p3          |    select|   0|  0|   5|           1|           4|
    |select_ln80_3_fu_3731_p3          |    select|   0|  0|   5|           1|           5|
    |select_ln80_4_fu_4589_p3          |    select|   0|  0|   2|           1|           1|
    |select_ln80_5_fu_4616_p3          |    select|   0|  0|   2|           1|           1|
    |select_ln80_6_fu_9159_p3          |    select|   0|  0|   5|           1|           4|
    |select_ln80_7_fu_9166_p3          |    select|   0|  0|   5|           1|           5|
    |select_ln80_8_fu_6199_p3          |    select|   0|  0|   2|           1|           1|
    |select_ln80_9_fu_6226_p3          |    select|   0|  0|   2|           1|           1|
    |select_ln80_fu_3621_p3            |    select|   0|  0|   2|           1|           1|
    |select_ln81_10_fu_9390_p3         |    select|   0|  0|   4|           1|           3|
    |select_ln81_11_fu_9397_p3         |    select|   0|  0|   4|           1|           4|
    |select_ln81_12_fu_7863_p3         |    select|   0|  0|   2|           1|           1|
    |select_ln81_13_fu_7871_p3         |    select|   0|  0|   2|           1|           1|
    |select_ln81_14_fu_9596_p3         |    select|   0|  0|   4|           1|           3|
    |select_ln81_15_fu_9603_p3         |    select|   0|  0|   4|           1|           4|
    |select_ln81_1_fu_3459_p3          |    select|   0|  0|   2|           1|           1|
    |select_ln81_2_fu_3547_p3          |    select|   0|  0|   4|           1|           3|
    |select_ln81_3_fu_3555_p3          |    select|   0|  0|   4|           1|           4|
    |select_ln81_4_fu_4663_p3          |    select|   0|  0|   2|           1|           1|
    |select_ln81_5_fu_4671_p3          |    select|   0|  0|   2|           1|           1|
    |select_ln81_6_fu_9184_p3          |    select|   0|  0|   4|           1|           3|
    |select_ln81_7_fu_9191_p3          |    select|   0|  0|   4|           1|           4|
    |select_ln81_8_fu_6272_p3          |    select|   0|  0|   2|           1|           1|
    |select_ln81_9_fu_6280_p3          |    select|   0|  0|   2|           1|           1|
    |select_ln81_fu_3445_p3            |    select|   0|  0|   2|           1|           1|
    |select_ln82_10_fu_9415_p3         |    select|   0|  0|   6|           1|           5|
    |select_ln82_11_fu_9422_p3         |    select|   0|  0|   6|           1|           6|
    |select_ln82_12_fu_7931_p3         |    select|   0|  0|   2|           1|           1|
    |select_ln82_13_fu_7958_p3         |    select|   0|  0|   2|           1|           1|
    |select_ln82_14_fu_9621_p3         |    select|   0|  0|   6|           1|           5|
    |select_ln82_15_fu_9628_p3         |    select|   0|  0|   6|           1|           6|
    |select_ln82_1_fu_3287_p3          |    select|   0|  0|   2|           1|           1|
    |select_ln82_2_fu_3375_p3          |    select|   0|  0|   6|           1|           5|
    |select_ln82_3_fu_3383_p3          |    select|   0|  0|   6|           1|           6|
    |select_ln82_4_fu_4731_p3          |    select|   0|  0|   2|           1|           1|
    |select_ln82_5_fu_4758_p3          |    select|   0|  0|   2|           1|           1|
    |select_ln82_6_fu_9209_p3          |    select|   0|  0|   6|           1|           5|
    |select_ln82_7_fu_9216_p3          |    select|   0|  0|   6|           1|           6|
    |select_ln82_8_fu_6340_p3          |    select|   0|  0|   2|           1|           1|
    |select_ln82_9_fu_6367_p3          |    select|   0|  0|   2|           1|           1|
    |select_ln82_fu_3261_p3            |    select|   0|  0|   2|           1|           1|
    |select_ln83_10_fu_9436_p3         |    select|   0|  0|   7|           1|           6|
    |select_ln83_11_fu_9443_p3         |    select|   0|  0|   7|           1|           7|
    |select_ln83_12_fu_8012_p3         |    select|   0|  0|   2|           1|           1|
    |select_ln83_13_fu_8020_p3         |    select|   0|  0|   2|           1|           1|
    |select_ln83_14_fu_9642_p3         |    select|   0|  0|   7|           1|           6|
    |select_ln83_15_fu_9649_p3         |    select|   0|  0|   7|           1|           7|
    |select_ln83_1_fu_3111_p3          |    select|   0|  0|   2|           1|           1|
    |select_ln83_2_fu_3199_p3          |    select|   0|  0|   7|           1|           6|
    |select_ln83_3_fu_3207_p3          |    select|   0|  0|   7|           1|           7|
    |select_ln83_4_fu_4812_p3          |    select|   0|  0|   2|           1|           1|
    |select_ln83_5_fu_4820_p3          |    select|   0|  0|   2|           1|           1|
    |select_ln83_6_fu_9230_p3          |    select|   0|  0|   7|           1|           6|
    |select_ln83_7_fu_9237_p3          |    select|   0|  0|   7|           1|           7|
    |select_ln83_8_fu_6421_p3          |    select|   0|  0|   2|           1|           1|
    |select_ln83_9_fu_6429_p3          |    select|   0|  0|   2|           1|           1|
    |select_ln83_fu_3085_p3            |    select|   0|  0|   2|           1|           1|
    |select_ln84_10_fu_7327_p3         |    select|   0|  0|   6|           1|           5|
    |select_ln84_11_fu_7335_p3         |    select|   0|  0|   6|           1|           6|
    |select_ln84_12_fu_8067_p3         |    select|   0|  0|   2|           1|           1|
    |select_ln84_13_fu_8075_p3         |    select|   0|  0|   2|           1|           1|
    |select_ln84_14_fu_8918_p3         |    select|   0|  0|   6|           1|           5|
    |select_ln84_15_fu_8926_p3         |    select|   0|  0|   6|           1|           6|
    |select_ln84_1_fu_2931_p3          |    select|   0|  0|   2|           1|           1|
    |select_ln84_2_fu_3019_p3          |    select|   0|  0|   6|           1|           5|
    |select_ln84_3_fu_3027_p3          |    select|   0|  0|   6|           1|           6|
    |select_ln84_4_fu_4867_p3          |    select|   0|  0|   2|           1|           1|
    |select_ln84_5_fu_4875_p3          |    select|   0|  0|   2|           1|           1|
    |select_ln84_6_fu_5728_p3          |    select|   0|  0|   6|           1|           5|
    |select_ln84_7_fu_5736_p3          |    select|   0|  0|   6|           1|           6|
    |select_ln84_8_fu_6476_p3          |    select|   0|  0|   2|           1|           1|
    |select_ln84_9_fu_6484_p3          |    select|   0|  0|   2|           1|           1|
    |select_ln84_fu_2917_p3            |    select|   0|  0|   2|           1|           1|
    |select_ln85_10_fu_7383_p3         |    select|   0|  0|   8|           1|           7|
    |select_ln85_11_fu_7397_p3         |    select|   0|  0|   8|           1|           8|
    |select_ln85_12_fu_8129_p3         |    select|   0|  0|   2|           1|           1|
    |select_ln85_13_fu_8137_p3         |    select|   0|  0|   2|           1|           1|
    |select_ln85_14_fu_8974_p3         |    select|   0|  0|   8|           1|           7|
    |select_ln85_15_fu_8988_p3         |    select|   0|  0|   8|           1|           8|
    |select_ln85_1_fu_2767_p3          |    select|   0|  0|   2|           1|           1|
    |select_ln85_2_fu_2849_p3          |    select|   0|  0|   8|           1|           7|
    |select_ln85_3_fu_2863_p3          |    select|   0|  0|   8|           1|           8|
    |select_ln85_4_fu_4929_p3          |    select|   0|  0|   2|           1|           1|
    |select_ln85_5_fu_4937_p3          |    select|   0|  0|   2|           1|           1|
    |select_ln85_6_fu_5784_p3          |    select|   0|  0|   8|           1|           7|
    |select_ln85_7_fu_5798_p3          |    select|   0|  0|   8|           1|           8|
    |select_ln85_8_fu_6538_p3          |    select|   0|  0|   2|           1|           1|
    |select_ln85_9_fu_6546_p3          |    select|   0|  0|   2|           1|           1|
    |select_ln85_fu_2741_p3            |    select|   0|  0|   2|           1|           1|
    |select_ln86_10_fu_7429_p3         |    select|   0|  0|   2|           1|           2|
    |select_ln86_11_fu_7443_p3         |    select|   0|  0|   6|           1|           6|
    |select_ln86_12_fu_8188_p3         |    select|   0|  0|   2|           1|           1|
    |select_ln86_13_fu_8196_p3         |    select|   0|  0|   2|           1|           1|
    |select_ln86_14_fu_9020_p3         |    select|   0|  0|   2|           1|           2|
    |select_ln86_15_fu_9034_p3         |    select|   0|  0|   6|           1|           6|
    |select_ln86_1_fu_2595_p3          |    select|   0|  0|   2|           1|           1|
    |select_ln86_2_fu_2677_p3          |    select|   0|  0|   7|           1|           6|
    |select_ln86_3_fu_2691_p3          |    select|   0|  0|   7|           1|           7|
    |select_ln86_4_fu_4984_p3          |    select|   0|  0|   2|           1|           1|
    |select_ln86_5_fu_4992_p3          |    select|   0|  0|   2|           1|           1|
    |select_ln86_6_fu_5834_p3          |    select|   0|  0|   7|           1|           6|
    |select_ln86_7_fu_5848_p3          |    select|   0|  0|   7|           1|           7|
    |select_ln86_8_fu_6597_p3          |    select|   0|  0|   2|           1|           1|
    |select_ln86_9_fu_6605_p3          |    select|   0|  0|   2|           1|           1|
    |select_ln86_fu_2581_p3            |    select|   0|  0|   2|           1|           1|
    |select_ln87_1_fu_4459_p3          |    select|   0|  0|   2|           1|           1|
    |select_ln87_2_fu_6069_p3          |    select|   0|  0|   2|           1|           1|
    |select_ln87_3_fu_7660_p3          |    select|   0|  0|   2|           1|           1|
    |select_ln87_4_fu_4070_p3          |    select|   0|  0|   2|           1|           1|
    |select_ln87_5_fu_4078_p3          |    select|   0|  0|   6|           1|           6|
    |select_ln87_6_fu_5508_p3          |    select|   0|  0|   2|           1|           1|
    |select_ln87_7_fu_7107_p3          |    select|   0|  0|   2|           1|           1|
    |select_ln87_8_fu_8698_p3          |    select|   0|  0|   2|           1|           1|
    |select_ln87_fu_3993_p3            |    select|   0|  0|   2|           1|           1|
    |stride_cnt_4_fu_2504_p3           |    select|   0|  0|  32|           1|           1|
    |stride_cnt_5_fu_2512_p3           |    select|   0|  0|  32|           1|          32|
    |wptr_3_fu_9764_p3                 |    select|   0|  0|  32|           1|           1|
    |ap_enable_pp0                     |       xor|   0|  0|   2|           1|           2|
    |xor_ln78_10_fu_5934_p2            |       xor|   0|  0|   2|           1|           2|
    |xor_ln78_11_fu_6619_p2            |       xor|   0|  0|   2|           2|           1|
    |xor_ln78_12_fu_6625_p2            |       xor|   0|  0|   2|           1|           2|
    |xor_ln78_13_fu_6636_p2            |       xor|   0|  0|   2|           1|           2|
    |xor_ln78_14_fu_6653_p2            |       xor|   0|  0|   2|           2|           1|
    |xor_ln78_15_fu_7525_p2            |       xor|   0|  0|   2|           1|           2|
    |xor_ln78_16_fu_8210_p2            |       xor|   0|  0|   2|           2|           1|
    |xor_ln78_17_fu_8216_p2            |       xor|   0|  0|   2|           1|           2|
    |xor_ln78_18_fu_8227_p2            |       xor|   0|  0|   2|           1|           2|
    |xor_ln78_19_fu_8244_p2            |       xor|   0|  0|   2|           2|           1|
    |xor_ln78_1_fu_4173_p2             |       xor|   0|  0|   2|           2|           1|
    |xor_ln78_20_fu_4147_p2            |       xor|   0|  0|   2|           1|           2|
    |xor_ln78_21_fu_4386_p2            |       xor|   0|  0|   2|           1|           2|
    |xor_ln78_22_fu_5996_p2            |       xor|   0|  0|   2|           1|           2|
    |xor_ln78_23_fu_7587_p2            |       xor|   0|  0|   2|           1|           2|
    |xor_ln78_2_fu_4179_p2             |       xor|   0|  0|   2|           1|           2|
    |xor_ln78_3_fu_4191_p2             |       xor|   0|  0|   2|           1|           2|
    |xor_ln78_4_fu_4208_p2             |       xor|   0|  0|   2|           2|           1|
    |xor_ln78_5_fu_4323_p2             |       xor|   0|  0|   2|           1|           2|
    |xor_ln78_6_fu_5006_p2             |       xor|   0|  0|   2|           2|           1|
    |xor_ln78_7_fu_5012_p2             |       xor|   0|  0|   2|           1|           2|
    |xor_ln78_8_fu_5024_p2             |       xor|   0|  0|   2|           1|           2|
    |xor_ln78_9_fu_5042_p2             |       xor|   0|  0|   2|           2|           1|
    |xor_ln78_fu_4120_p2               |       xor|   0|  0|   2|           1|           2|
    |xor_ln79_10_fu_6707_p2            |       xor|   0|  0|   2|           2|           1|
    |xor_ln79_11_fu_6713_p2            |       xor|   0|  0|   2|           1|           2|
    |xor_ln79_12_fu_6737_p2            |       xor|   0|  0|   2|           2|           1|
    |xor_ln79_13_fu_7702_p2            |       xor|   0|  0|   2|           1|           2|
    |xor_ln79_14_fu_8298_p2            |       xor|   0|  0|   2|           2|           1|
    |xor_ln79_15_fu_8304_p2            |       xor|   0|  0|   2|           1|           2|
    |xor_ln79_16_fu_8328_p2            |       xor|   0|  0|   2|           2|           1|
    |xor_ln79_17_fu_3812_p2            |       xor|   0|  0|   2|           1|           2|
    |xor_ln79_1_fu_3838_p2             |       xor|   0|  0|   2|           2|           1|
    |xor_ln79_2_fu_3844_p2             |       xor|   0|  0|   2|           1|           2|
    |xor_ln79_3_fu_3856_p2             |       xor|   0|  0|   2|           1|           2|
    |xor_ln79_4_fu_3873_p2             |       xor|   0|  0|   2|           2|           1|
    |xor_ln79_5_fu_4501_p2             |       xor|   0|  0|   2|           1|           2|
    |xor_ln79_6_fu_5096_p2             |       xor|   0|  0|   2|           2|           1|
    |xor_ln79_7_fu_5102_p2             |       xor|   0|  0|   2|           1|           2|
    |xor_ln79_8_fu_5126_p2             |       xor|   0|  0|   2|           2|           1|
    |xor_ln79_9_fu_6111_p2             |       xor|   0|  0|   2|           1|           2|
    |xor_ln79_fu_3785_p2               |       xor|   0|  0|   2|           1|           2|
    |xor_ln80_10_fu_6749_p2            |       xor|   0|  0|   2|           2|           1|
    |xor_ln80_11_fu_6755_p2            |       xor|   0|  0|   2|           1|           2|
    |xor_ln80_12_fu_6779_p2            |       xor|   0|  0|   2|           2|           1|
    |xor_ln80_13_fu_7757_p2            |       xor|   0|  0|   2|           1|           2|
    |xor_ln80_14_fu_8340_p2            |       xor|   0|  0|   2|           2|           1|
    |xor_ln80_15_fu_8346_p2            |       xor|   0|  0|   2|           1|           2|
    |xor_ln80_16_fu_8370_p2            |       xor|   0|  0|   2|           2|           1|
    |xor_ln80_17_fu_2530_p2            |       xor|   0|  0|   2|           1|           2|
    |xor_ln80_18_fu_4604_p2            |       xor|   0|  0|   2|           1|           2|
    |xor_ln80_19_fu_6214_p2            |       xor|   0|  0|   2|           1|           2|
    |xor_ln80_1_fu_3649_p2             |       xor|   0|  0|   2|           2|           1|
    |xor_ln80_20_fu_7805_p2            |       xor|   0|  0|   2|           1|           2|
    |xor_ln80_2_fu_3655_p2             |       xor|   0|  0|   2|           1|           2|
    |xor_ln80_3_fu_3667_p2             |       xor|   0|  0|   2|           1|           2|
    |xor_ln80_4_fu_3684_p2             |       xor|   0|  0|   2|           2|           1|
    |xor_ln80_5_fu_4556_p2             |       xor|   0|  0|   2|           1|           2|
    |xor_ln80_6_fu_5138_p2             |       xor|   0|  0|   2|           2|           1|
    |xor_ln80_7_fu_5144_p2             |       xor|   0|  0|   2|           1|           2|
    |xor_ln80_8_fu_5168_p2             |       xor|   0|  0|   2|           2|           1|
    |xor_ln80_9_fu_6166_p2             |       xor|   0|  0|   2|           1|           2|
    |xor_ln80_fu_3609_p2               |       xor|   0|  0|   2|           1|           2|
    |xor_ln81_10_fu_6791_p2            |       xor|   0|  0|   2|           2|           1|
    |xor_ln81_11_fu_6797_p2            |       xor|   0|  0|   2|           1|           2|
    |xor_ln81_12_fu_6821_p2            |       xor|   0|  0|   2|           2|           1|
    |xor_ln81_13_fu_7851_p2            |       xor|   0|  0|   2|           1|           2|
    |xor_ln81_14_fu_8382_p2            |       xor|   0|  0|   2|           2|           1|
    |xor_ln81_15_fu_8388_p2            |       xor|   0|  0|   2|           1|           2|
    |xor_ln81_16_fu_8412_p2            |       xor|   0|  0|   2|           2|           1|
    |xor_ln81_1_fu_3473_p2             |       xor|   0|  0|   2|           2|           1|
    |xor_ln81_2_fu_3479_p2             |       xor|   0|  0|   2|           1|           2|
    |xor_ln81_3_fu_3491_p2             |       xor|   0|  0|   2|           1|           2|
    |xor_ln81_4_fu_3508_p2             |       xor|   0|  0|   2|           2|           1|
    |xor_ln81_5_fu_4651_p2             |       xor|   0|  0|   2|           1|           2|
    |xor_ln81_6_fu_5180_p2             |       xor|   0|  0|   2|           2|           1|
    |xor_ln81_7_fu_5186_p2             |       xor|   0|  0|   2|           1|           2|
    |xor_ln81_8_fu_5210_p2             |       xor|   0|  0|   2|           2|           1|
    |xor_ln81_9_fu_6260_p2             |       xor|   0|  0|   2|           1|           2|
    |xor_ln81_fu_3433_p2               |       xor|   0|  0|   2|           1|           2|
    |xor_ln82_10_fu_6833_p2            |       xor|   0|  0|   2|           2|           1|
    |xor_ln82_11_fu_6839_p2            |       xor|   0|  0|   2|           1|           2|
    |xor_ln82_12_fu_6863_p2            |       xor|   0|  0|   2|           2|           1|
    |xor_ln82_13_fu_7906_p2            |       xor|   0|  0|   2|           1|           2|
    |xor_ln82_14_fu_8424_p2            |       xor|   0|  0|   2|           2|           1|
    |xor_ln82_15_fu_8430_p2            |       xor|   0|  0|   2|           1|           2|
    |xor_ln82_16_fu_8454_p2            |       xor|   0|  0|   2|           2|           1|
    |xor_ln82_17_fu_3276_p2            |       xor|   0|  0|   2|           1|           2|
    |xor_ln82_18_fu_4746_p2            |       xor|   0|  0|   2|           1|           2|
    |xor_ln82_19_fu_6355_p2            |       xor|   0|  0|   2|           1|           2|
    |xor_ln82_1_fu_3301_p2             |       xor|   0|  0|   2|           2|           1|
    |xor_ln82_20_fu_7946_p2            |       xor|   0|  0|   2|           1|           2|
    |xor_ln82_2_fu_3307_p2             |       xor|   0|  0|   2|           1|           2|
    |xor_ln82_3_fu_3319_p2             |       xor|   0|  0|   2|           1|           2|
    |xor_ln82_4_fu_3336_p2             |       xor|   0|  0|   2|           2|           1|
    |xor_ln82_5_fu_4706_p2             |       xor|   0|  0|   2|           1|           2|
    |xor_ln82_6_fu_5222_p2             |       xor|   0|  0|   2|           2|           1|
    |xor_ln82_7_fu_5228_p2             |       xor|   0|  0|   2|           1|           2|
    |xor_ln82_8_fu_5252_p2             |       xor|   0|  0|   2|           2|           1|
    |xor_ln82_9_fu_6315_p2             |       xor|   0|  0|   2|           1|           2|
    |xor_ln82_fu_3250_p2               |       xor|   0|  0|   2|           1|           2|
    |xor_ln83_10_fu_6875_p2            |       xor|   0|  0|   2|           2|           1|
    |xor_ln83_11_fu_6881_p2            |       xor|   0|  0|   2|           1|           2|
    |xor_ln83_12_fu_6905_p2            |       xor|   0|  0|   2|           2|           1|
    |xor_ln83_13_fu_8000_p2            |       xor|   0|  0|   2|           1|           2|
    |xor_ln83_14_fu_8466_p2            |       xor|   0|  0|   2|           2|           1|
    |xor_ln83_15_fu_8472_p2            |       xor|   0|  0|   2|           1|           2|
    |xor_ln83_16_fu_8496_p2            |       xor|   0|  0|   2|           2|           1|
    |xor_ln83_17_fu_3100_p2            |       xor|   0|  0|   2|           1|           2|
    |xor_ln83_1_fu_3125_p2             |       xor|   0|  0|   2|           2|           1|
    |xor_ln83_2_fu_3131_p2             |       xor|   0|  0|   2|           1|           2|
    |xor_ln83_3_fu_3143_p2             |       xor|   0|  0|   2|           1|           2|
    |xor_ln83_4_fu_3160_p2             |       xor|   0|  0|   2|           2|           1|
    |xor_ln83_5_fu_4800_p2             |       xor|   0|  0|   2|           1|           2|
    |xor_ln83_6_fu_5264_p2             |       xor|   0|  0|   2|           2|           1|
    |xor_ln83_7_fu_5270_p2             |       xor|   0|  0|   2|           1|           2|
    |xor_ln83_8_fu_5294_p2             |       xor|   0|  0|   2|           2|           1|
    |xor_ln83_9_fu_6409_p2             |       xor|   0|  0|   2|           1|           2|
    |xor_ln83_fu_3074_p2               |       xor|   0|  0|   2|           1|           2|
    |xor_ln84_10_fu_6917_p2            |       xor|   0|  0|   2|           2|           1|
    |xor_ln84_11_fu_6923_p2            |       xor|   0|  0|   2|           1|           2|
    |xor_ln84_12_fu_6947_p2            |       xor|   0|  0|   2|           2|           1|
    |xor_ln84_13_fu_8055_p2            |       xor|   0|  0|   2|           1|           2|
    |xor_ln84_14_fu_8508_p2            |       xor|   0|  0|   2|           2|           1|
    |xor_ln84_15_fu_8514_p2            |       xor|   0|  0|   2|           1|           2|
    |xor_ln84_16_fu_8538_p2            |       xor|   0|  0|   2|           2|           1|
    |xor_ln84_1_fu_2945_p2             |       xor|   0|  0|   2|           2|           1|
    |xor_ln84_2_fu_2951_p2             |       xor|   0|  0|   2|           1|           2|
    |xor_ln84_3_fu_2963_p2             |       xor|   0|  0|   2|           1|           2|
    |xor_ln84_4_fu_2980_p2             |       xor|   0|  0|   2|           2|           1|
    |xor_ln84_5_fu_4855_p2             |       xor|   0|  0|   2|           1|           2|
    |xor_ln84_6_fu_5306_p2             |       xor|   0|  0|   2|           2|           1|
    |xor_ln84_7_fu_5312_p2             |       xor|   0|  0|   2|           1|           2|
    |xor_ln84_8_fu_5336_p2             |       xor|   0|  0|   2|           2|           1|
    |xor_ln84_9_fu_6464_p2             |       xor|   0|  0|   2|           1|           2|
    |xor_ln84_fu_2905_p2               |       xor|   0|  0|   2|           1|           2|
    |xor_ln85_10_fu_6959_p2            |       xor|   0|  0|   2|           2|           1|
    |xor_ln85_11_fu_6965_p2            |       xor|   0|  0|   2|           1|           2|
    |xor_ln85_12_fu_6989_p2            |       xor|   0|  0|   2|           2|           1|
    |xor_ln85_13_fu_8117_p2            |       xor|   0|  0|   2|           1|           2|
    |xor_ln85_14_fu_8550_p2            |       xor|   0|  0|   2|           2|           1|
    |xor_ln85_15_fu_8556_p2            |       xor|   0|  0|   2|           1|           2|
    |xor_ln85_16_fu_8580_p2            |       xor|   0|  0|   2|           2|           1|
    |xor_ln85_17_fu_2756_p2            |       xor|   0|  0|   2|           1|           2|
    |xor_ln85_1_fu_2781_p2             |       xor|   0|  0|   2|           2|           1|
    |xor_ln85_2_fu_2787_p2             |       xor|   0|  0|   2|           1|           2|
    |xor_ln85_3_fu_2799_p2             |       xor|   0|  0|   2|           1|           2|
    |xor_ln85_4_fu_2816_p2             |       xor|   0|  0|   2|           2|           1|
    |xor_ln85_5_fu_4917_p2             |       xor|   0|  0|   2|           1|           2|
    |xor_ln85_6_fu_5348_p2             |       xor|   0|  0|   2|           2|           1|
    |xor_ln85_7_fu_5354_p2             |       xor|   0|  0|   2|           1|           2|
    |xor_ln85_8_fu_5378_p2             |       xor|   0|  0|   2|           2|           1|
    |xor_ln85_9_fu_6526_p2             |       xor|   0|  0|   2|           1|           2|
    |xor_ln85_fu_2730_p2               |       xor|   0|  0|   2|           1|           2|
    |xor_ln86_10_fu_7001_p2            |       xor|   0|  0|   2|           2|           1|
    |xor_ln86_11_fu_7007_p2            |       xor|   0|  0|   2|           1|           2|
    |xor_ln86_12_fu_7031_p2            |       xor|   0|  0|   2|           2|           1|
    |xor_ln86_13_fu_8176_p2            |       xor|   0|  0|   2|           1|           2|
    |xor_ln86_14_fu_8592_p2            |       xor|   0|  0|   2|           2|           1|
    |xor_ln86_15_fu_8598_p2            |       xor|   0|  0|   2|           1|           2|
    |xor_ln86_16_fu_8622_p2            |       xor|   0|  0|   2|           2|           1|
    |xor_ln86_1_fu_2609_p2             |       xor|   0|  0|   2|           2|           1|
    |xor_ln86_2_fu_2615_p2             |       xor|   0|  0|   2|           1|           2|
    |xor_ln86_3_fu_2627_p2             |       xor|   0|  0|   2|           1|           2|
    |xor_ln86_4_fu_2644_p2             |       xor|   0|  0|   2|           2|           1|
    |xor_ln86_5_fu_4972_p2             |       xor|   0|  0|   2|           1|           2|
    |xor_ln86_6_fu_5390_p2             |       xor|   0|  0|   2|           2|           1|
    |xor_ln86_7_fu_5396_p2             |       xor|   0|  0|   2|           1|           2|
    |xor_ln86_8_fu_5420_p2             |       xor|   0|  0|   2|           2|           1|
    |xor_ln86_9_fu_6585_p2             |       xor|   0|  0|   2|           1|           2|
    |xor_ln86_fu_2569_p2               |       xor|   0|  0|   2|           1|           2|
    |xor_ln87_10_fu_6036_p2            |       xor|   0|  0|   2|           1|           2|
    |xor_ln87_11_fu_6665_p2            |       xor|   0|  0|   2|           2|           1|
    |xor_ln87_12_fu_6677_p2            |       xor|   0|  0|   2|           1|           2|
    |xor_ln87_13_fu_7621_p2            |       xor|   0|  0|   2|           1|           1|
    |xor_ln87_14_fu_7627_p2            |       xor|   0|  0|   2|           1|           2|
    |xor_ln87_15_fu_8256_p2            |       xor|   0|  0|   2|           2|           1|
    |xor_ln87_16_fu_8268_p2            |       xor|   0|  0|   2|           1|           2|
    |xor_ln87_1_fu_3960_p2             |       xor|   0|  0|   2|           1|           2|
    |xor_ln87_2_fu_4007_p2             |       xor|   0|  0|   2|           2|           1|
    |xor_ln87_3_fu_4018_p2             |       xor|   0|  0|   2|           1|           2|
    |xor_ln87_4_fu_4030_p2             |       xor|   0|  0|   2|           1|           2|
    |xor_ln87_5_fu_4420_p2             |       xor|   0|  0|   2|           1|           1|
    |xor_ln87_6_fu_4426_p2             |       xor|   0|  0|   2|           1|           2|
    |xor_ln87_7_fu_5054_p2             |       xor|   0|  0|   2|           2|           1|
    |xor_ln87_8_fu_5066_p2             |       xor|   0|  0|   2|           1|           2|
    |xor_ln87_9_fu_6030_p2             |       xor|   0|  0|   2|           1|           1|
    |xor_ln87_fu_3954_p2               |       xor|   0|  0|   2|           1|           1|
    +----------------------------------+----------+----+---+----+------------+------------+
    |Total                             |          |   0|  0|7735|        4227|        4164|
    +----------------------------------+----------+----+---+----+------------+------------+

    * Multiplexer: 
    +-----------------------------------------+----+-----------+-----+-----------+
    |                   Name                  | LUT| Input Size| Bits| Total Bits|
    +-----------------------------------------+----+-----------+-----+-----------+
    |ap_done_int                              |   9|          2|    1|          2|
    |ap_enable_reg_pp0_iter3                  |   9|          2|    1|          2|
    |ap_phi_reg_pp0_iter2_row_buf_20_reg_493  |  59|         11|    8|         88|
    |ap_sig_allocacmp_i_ih_3                  |   9|          2|    9|         18|
    |ap_sig_allocacmp_stride_cnt_3            |   9|          2|   32|         64|
    |ap_sig_allocacmp_wptr_2                  |   9|          2|   32|         64|
    |i_ih_fu_344                              |   9|          2|    9|         18|
    |input_layer_TDATA_blk_n                  |   9|          2|    1|          2|
    |layer3x4_out_blk_n                       |   9|          2|    1|          2|
    |real_start                               |   9|          2|    1|          2|
    |stride_cnt_fu_336                        |   9|          2|   32|         64|
    |wptr_fu_340                              |   9|          2|   32|         64|
    +-----------------------------------------+----+-----------+-----+-----------+
    |Total                                    | 158|         33|  159|        390|
    +-----------------------------------------+----+-----------+-----+-----------+

    * Register: 
    +-------------------------------------------------+----+----+-----+-----------+
    |                       Name                      | FF | LUT| Bits| Const Bits|
    +-------------------------------------------------+----+----+-----+-----------+
    |add_ln159_2_reg_13967                            |   3|   0|    3|          0|
    |add_ln159_3_reg_13977                            |   3|   0|    3|          0|
    |add_ln159_4_reg_13987                            |   3|   0|    3|          0|
    |add_ln58_103_reg_14227                           |  12|   0|   13|          1|
    |add_ln58_104_reg_14232                           |  12|   0|   12|          0|
    |add_ln58_105_reg_14237                           |  14|   0|   14|          0|
    |add_ln58_106_reg_14242                           |  13|   0|   13|          0|
    |add_ln58_108_reg_14247                           |  12|   0|   13|          1|
    |add_ln58_10_reg_14047                            |  12|   0|   13|          1|
    |add_ln58_111_reg_14252                           |  13|   0|   13|          0|
    |add_ln58_117_reg_14262                           |  11|   0|   12|          1|
    |add_ln58_11_reg_14052                            |  12|   0|   12|          0|
    |add_ln58_12_reg_14057                            |  14|   0|   14|          0|
    |add_ln58_13_reg_14062                            |  13|   0|   13|          0|
    |add_ln58_15_reg_14067                            |  12|   0|   13|          1|
    |add_ln58_18_reg_14072                            |  13|   0|   13|          0|
    |add_ln58_24_reg_14082                            |  11|   0|   12|          1|
    |add_ln58_41_reg_14107                            |  12|   0|   13|          1|
    |add_ln58_42_reg_14112                            |  12|   0|   12|          0|
    |add_ln58_43_reg_14117                            |  14|   0|   14|          0|
    |add_ln58_44_reg_14122                            |  13|   0|   13|          0|
    |add_ln58_46_reg_14127                            |  12|   0|   13|          1|
    |add_ln58_49_reg_14132                            |  13|   0|   13|          0|
    |add_ln58_55_reg_14142                            |  11|   0|   12|          1|
    |add_ln58_72_reg_14167                            |  12|   0|   13|          1|
    |add_ln58_73_reg_14172                            |  12|   0|   12|          0|
    |add_ln58_74_reg_14177                            |  14|   0|   14|          0|
    |add_ln58_75_reg_14182                            |  13|   0|   13|          0|
    |add_ln58_77_reg_14187                            |  12|   0|   13|          1|
    |add_ln58_80_reg_14192                            |  13|   0|   13|          0|
    |add_ln58_86_reg_14202                            |  11|   0|   12|          1|
    |add_ln78_2_reg_13556                             |   3|   0|    3|          0|
    |add_ln78_3_reg_13583                             |   3|   0|    3|          0|
    |add_ln79_1_reg_13667                             |   4|   0|    4|          0|
    |add_ln79_2_reg_13756                             |   4|   0|    4|          0|
    |add_ln79_3_reg_13845                             |   4|   0|    4|          0|
    |add_ln80_1_reg_13672                             |   5|   0|    5|          0|
    |add_ln80_2_reg_13761                             |   5|   0|    5|          0|
    |add_ln80_3_reg_13850                             |   5|   0|    5|          0|
    |add_ln81_1_reg_13677                             |   4|   0|    4|          0|
    |add_ln81_2_reg_13766                             |   4|   0|    4|          0|
    |add_ln81_3_reg_13855                             |   4|   0|    4|          0|
    |add_ln82_1_reg_13682                             |   6|   0|    6|          0|
    |add_ln82_2_reg_13771                             |   6|   0|    6|          0|
    |add_ln82_3_reg_13860                             |   6|   0|    6|          0|
    |add_ln83_1_reg_13687                             |   7|   0|    7|          0|
    |add_ln83_2_reg_13776                             |   7|   0|    7|          0|
    |add_ln83_3_reg_13865                             |   7|   0|    7|          0|
    |and_ln79_15_reg_13781                            |   1|   0|    1|          0|
    |and_ln79_21_reg_13870                            |   1|   0|    1|          0|
    |and_ln79_9_reg_13692                             |   1|   0|    1|          0|
    |and_ln80_15_reg_13786                            |   1|   0|    1|          0|
    |and_ln80_21_reg_13875                            |   1|   0|    1|          0|
    |and_ln80_9_reg_13697                             |   1|   0|    1|          0|
    |and_ln81_15_reg_13791                            |   1|   0|    1|          0|
    |and_ln81_21_reg_13880                            |   1|   0|    1|          0|
    |and_ln81_9_reg_13702                             |   1|   0|    1|          0|
    |and_ln82_15_reg_13796                            |   1|   0|    1|          0|
    |and_ln82_21_reg_13885                            |   1|   0|    1|          0|
    |and_ln82_9_reg_13707                             |   1|   0|    1|          0|
    |and_ln83_15_reg_13801                            |   1|   0|    1|          0|
    |and_ln83_21_reg_13890                            |   1|   0|    1|          0|
    |and_ln83_9_reg_13712                             |   1|   0|    1|          0|
    |ap_CS_fsm                                        |   1|   0|    1|          0|
    |ap_done_reg                                      |   1|   0|    1|          0|
    |ap_enable_reg_pp0_iter1                          |   1|   0|    1|          0|
    |ap_enable_reg_pp0_iter2                          |   1|   0|    1|          0|
    |ap_enable_reg_pp0_iter3                          |   1|   0|    1|          0|
    |ap_enable_reg_pp0_iter4                          |   1|   0|    1|          0|
    |ap_loop_exit_ready_pp0_iter1_reg                 |   1|   0|    1|          0|
    |ap_loop_exit_ready_pp0_iter2_reg                 |   1|   0|    1|          0|
    |ap_loop_exit_ready_pp0_iter3_reg                 |   1|   0|    1|          0|
    |ap_loop_init_pp0_iter1_reg                       |   1|   0|    1|          0|
    |ap_loop_init_pp0_iter2_reg                       |   1|   0|    1|          0|
    |ap_phi_reg_pp0_iter1_row_buf_20_reg_493          |   8|   0|    8|          0|
    |ap_phi_reg_pp0_iter2_row_buf_20_reg_493          |   8|   0|    8|          0|
    |format_id_unsigned_int_formats_7_load_reg_13658  |   4|   0|    4|          0|
    |format_id_unsigned_int_formats_8_load_reg_13747  |   4|   0|    4|          0|
    |format_id_unsigned_int_formats_9_load_reg_13836  |   4|   0|    4|          0|
    |i_ih_fu_344                                      |   9|   0|    9|          0|
    |icmp_ln123_reg_13391                             |   1|   0|    1|          0|
    |icmp_ln159_1_reg_13941                           |   1|   0|    1|          0|
    |icmp_ln159_2_reg_13957                           |   1|   0|    1|          0|
    |icmp_ln159_3_reg_13972                           |   1|   0|    1|          0|
    |icmp_ln159_4_reg_13982                           |   1|   0|    1|          0|
    |icmp_ln78_11_reg_13568                           |   1|   0|    1|          0|
    |icmp_ln78_15_reg_13595                           |   1|   0|    1|          0|
    |input_layer_read_reg_13395                       |  64|   0|   64|          0|
    |kernel_data_21_reg_13992                         |   8|   0|    8|          0|
    |kernel_data_23_reg_13997                         |   8|   0|    8|          0|
    |kernel_data_26_reg_14002                         |   8|   0|    8|          0|
    |kernel_data_28_reg_14007                         |   8|   0|    8|          0|
    |kernel_data_31_reg_14012                         |   8|   0|    8|          0|
    |kernel_data_33_reg_14017                         |   8|   0|    8|          0|
    |kernel_data_36_reg_14022                         |   8|   0|    8|          0|
    |kernel_data_38_reg_14027                         |   8|   0|    8|          0|
    |mul_ln73_1_reg_2189                              |  13|   0|   13|          0|
    |mul_ln73_3_reg_2199                              |  13|   0|   13|          0|
    |mul_ln73_5_reg_2209                              |  13|   0|   13|          0|
    |mul_ln73_7_reg_2219                              |  13|   0|   13|          0|
    |on_stride_reg_13600                              |   1|   0|    1|          0|
    |or_ln79_11_reg_13895                             |   1|   0|    1|          0|
    |or_ln79_5_reg_13717                              |   1|   0|    1|          0|
    |or_ln79_8_reg_13806                              |   1|   0|    1|          0|
    |or_ln80_11_reg_13900                             |   1|   0|    1|          0|
    |or_ln80_5_reg_13722                              |   1|   0|    1|          0|
    |or_ln80_8_reg_13811                              |   1|   0|    1|          0|
    |or_ln81_11_reg_13905                             |   1|   0|    1|          0|
    |or_ln81_5_reg_13727                              |   1|   0|    1|          0|
    |or_ln81_8_reg_13816                              |   1|   0|    1|          0|
    |or_ln82_11_reg_13910                             |   1|   0|    1|          0|
    |or_ln82_5_reg_13732                              |   1|   0|    1|          0|
    |or_ln82_8_reg_13821                              |   1|   0|    1|          0|
    |or_ln83_11_reg_13915                             |   1|   0|    1|          0|
    |or_ln83_5_reg_13737                              |   1|   0|    1|          0|
    |or_ln83_8_reg_13826                              |   1|   0|    1|          0|
    |res_out_10_reg_14147                             |  14|   0|   14|          0|
    |res_out_15_reg_14197                             |  14|   0|   14|          0|
    |res_out_17_reg_14207                             |  14|   0|   14|          0|
    |res_out_1_reg_14077                              |  14|   0|   14|          0|
    |res_out_22_reg_14257                             |  14|   0|   14|          0|
    |res_out_24_reg_14267                             |  14|   0|   14|          0|
    |res_out_3_reg_14087                              |  14|   0|   14|          0|
    |res_out_8_reg_14137                              |  14|   0|   14|          0|
    |row_buf_10_fu_388                                |   8|   0|    8|          0|
    |row_buf_11_fu_392                                |   8|   0|    8|          0|
    |row_buf_12_fu_396                                |   8|   0|    8|          0|
    |row_buf_13_fu_400                                |   8|   0|    8|          0|
    |row_buf_14_fu_404                                |   8|   0|    8|          0|
    |row_buf_15_fu_408                                |   8|   0|    8|          0|
    |row_buf_16_fu_412                                |   8|   0|    8|          0|
    |row_buf_17_fu_416                                |   8|   0|    8|          0|
    |row_buf_18_fu_420                                |   8|   0|    8|          0|
    |row_buf_19_fu_424                                |   8|   0|    8|          0|
    |row_buf_1_fu_352                                 |   8|   0|    8|          0|
    |row_buf_2_fu_356                                 |   8|   0|    8|          0|
    |row_buf_3_fu_360                                 |   8|   0|    8|          0|
    |row_buf_4_fu_364                                 |   8|   0|    8|          0|
    |row_buf_5_fu_368                                 |   8|   0|    8|          0|
    |row_buf_6_fu_372                                 |   8|   0|    8|          0|
    |row_buf_7_fu_376                                 |   8|   0|    8|          0|
    |row_buf_8_fu_380                                 |   8|   0|    8|          0|
    |row_buf_9_fu_384                                 |   8|   0|    8|          0|
    |row_buf_fu_348                                   |   8|   0|    8|          0|
    |select_ln159_reg_13933                           |   3|   0|    3|          0|
    |select_ln77_12_reg_13831                         |   8|   0|    8|          0|
    |select_ln77_21_reg_13920                         |   8|   0|    8|          0|
    |select_ln77_3_reg_13742                          |   8|   0|    8|          0|
    |start_once_reg                                   |   1|   0|    1|          0|
    |stride_cnt_fu_336                                |  32|   0|   32|          0|
    |sub_ln73_10_reg_14032                            |   9|   0|   13|          4|
    |sub_ln73_11_reg_14037                            |  11|   0|   12|          1|
    |sub_ln73_12_reg_14042                            |  12|   0|   12|          0|
    |sub_ln73_23_reg_14092                            |   9|   0|   13|          4|
    |sub_ln73_24_reg_14097                            |  11|   0|   12|          1|
    |sub_ln73_25_reg_14102                            |  12|   0|   12|          0|
    |sub_ln73_36_reg_14152                            |   9|   0|   13|          4|
    |sub_ln73_37_reg_14157                            |  11|   0|   12|          1|
    |sub_ln73_38_reg_14162                            |  12|   0|   12|          0|
    |sub_ln73_49_reg_14212                            |   9|   0|   13|          4|
    |sub_ln73_50_reg_14217                            |  11|   0|   12|          1|
    |sub_ln73_51_reg_14222                            |  12|   0|   12|          0|
    |tmp_100_reg_13578                                |   1|   0|    1|          0|
    |tmp_101_reg_13588                                |   1|   0|    1|          0|
    |tmp_75_reg_13551                                 |   1|   0|    1|          0|
    |tmp_76_reg_13561                                 |   1|   0|    1|          0|
    |tmp_9_reg_13533                                  |   1|   0|    1|          0|
    |tmp_reg_13505                                    |   1|   0|    1|          0|
    |trunc_ln159_1_reg_13928                          |   3|   0|    3|          0|
    |trunc_ln159_2_reg_13946                          |   3|   0|    3|          0|
    |trunc_ln159_3_reg_13951                          |   3|   0|    3|          0|
    |trunc_ln159_4_reg_13962                          |   3|   0|    3|          0|
    |wptr_fu_340                                      |  32|   0|   32|          0|
    |icmp_ln123_reg_13391                             |  64|  32|    1|          0|
    |on_stride_reg_13600                              |  64|  32|    1|          0|
    +-------------------------------------------------+----+----+-----+-----------+
    |Total                                            |1345|  64| 1251|         32|
    +-------------------------------------------------+----+----+-----+-----------+



================================================================
== Interface
================================================================
* Summary: 
+-----------------------------+-----+-----+------------+----------------------------------------------------------------------+--------------+
|          RTL Ports          | Dir | Bits|  Protocol  |                             Source Object                            |    C Type    |
+-----------------------------+-----+-----+------------+----------------------------------------------------------------------+--------------+
|ap_clk                       |   in|    1|  ap_ctrl_hs|  first_conv_4lane_temporal_wide_cl<array,array<ap_fixed,28u>,config3>|  return value|
|ap_rst                       |   in|    1|  ap_ctrl_hs|  first_conv_4lane_temporal_wide_cl<array,array<ap_fixed,28u>,config3>|  return value|
|ap_start                     |   in|    1|  ap_ctrl_hs|  first_conv_4lane_temporal_wide_cl<array,array<ap_fixed,28u>,config3>|  return value|
|start_full_n                 |   in|    1|  ap_ctrl_hs|  first_conv_4lane_temporal_wide_cl<array,array<ap_fixed,28u>,config3>|  return value|
|ap_done                      |  out|    1|  ap_ctrl_hs|  first_conv_4lane_temporal_wide_cl<array,array<ap_fixed,28u>,config3>|  return value|
|ap_continue                  |   in|    1|  ap_ctrl_hs|  first_conv_4lane_temporal_wide_cl<array,array<ap_fixed,28u>,config3>|  return value|
|ap_idle                      |  out|    1|  ap_ctrl_hs|  first_conv_4lane_temporal_wide_cl<array,array<ap_fixed,28u>,config3>|  return value|
|ap_ready                     |  out|    1|  ap_ctrl_hs|  first_conv_4lane_temporal_wide_cl<array,array<ap_fixed,28u>,config3>|  return value|
|start_out                    |  out|    1|  ap_ctrl_hs|  first_conv_4lane_temporal_wide_cl<array,array<ap_fixed,28u>,config3>|  return value|
|start_write                  |  out|    1|  ap_ctrl_hs|  first_conv_4lane_temporal_wide_cl<array,array<ap_fixed,28u>,config3>|  return value|
|input_layer_TVALID           |   in|    1|        axis|                                                           input_layer|       pointer|
|input_layer_TDATA            |   in|   64|        axis|                                                           input_layer|       pointer|
|input_layer_TREADY           |  out|    1|        axis|                                                           input_layer|       pointer|
|layer3x4_out_din             |  out|  420|     ap_fifo|                                                          layer3x4_out|       pointer|
|layer3x4_out_num_data_valid  |   in|    3|     ap_fifo|                                                          layer3x4_out|       pointer|
|layer3x4_out_fifo_cap        |   in|    3|     ap_fifo|                                                          layer3x4_out|       pointer|
|layer3x4_out_full_n          |   in|    1|     ap_fifo|                                                          layer3x4_out|       pointer|
|layer3x4_out_write           |  out|    1|     ap_fifo|                                                          layer3x4_out|       pointer|
+-----------------------------+-----+-----+------------+----------------------------------------------------------------------+--------------+

